Frequency,S11_Real,S11_Imaginary,
2500,-0.07531164334,-0.2671331122,
202519,0.4711223996,-0.8913948078,
402539,-0.5631926437,-0.7624509271,
602559,-0.7741106332,0.2009129046,
802579,-0.1264050289,0.7338133723,
1002598,0.6022163503,0.4152006335,
1202618,0.6425626247,-0.3681845853,
1402638,-0.03017916258,-0.7313816095,
1602658,-0.6315095927,-0.3264577781,
1802677,-0.5829803593,0.3627807075,
2002697,0.008490313837,0.6768383731,
2202717,0.5943044737,0.3400452,
2402737,0.6041567267,-0.3465148522,
2602756,0.002249799109,-0.6867174718,
2802776,-0.5696737268,-0.3217924654,
3002796,-0.5020055385,0.3330520989,
3202816,0.09422259694,0.5541093435,
3402835,0.5374647369,0.1142573443,
3602855,0.3282676699,-0.4522048211,
3802875,-0.2442006935,-0.5072568038,
4002895,-0.5526920206,-0.05409827823,
4202914,-0.3249178644,0.4298280177,
4402934,0.2070097458,0.4872871488,
4602954,0.5317145976,0.05121109636,
4802974,0.3086415697,-0.4492563178,
5002993,-0.2273589342,-0.4987923182,
5203013,-0.5290980106,-0.06951066298,
5403033,-0.3124742864,0.3966597615,
5603053,0.1955893748,0.434172354,
5803072,0.4642976743,0.00211847462,
6003092,0.2023072979,-0.4259605728,
6203112,-0.2843068936,-0.3864111791,
6403132,-0.4732858156,0.04669984582,
6603151,-0.195253793,0.4193016067,
6803171,0.2656041593,0.360192633,
7003191,0.436850316,-0.07202786827,
7203211,0.1377253156,-0.4218935103,
7403230,-0.299632405,-0.3228923857,
7603250,-0.4122717737,0.09747769342,
7803270,-0.1019574266,0.3886261346,
8003290,0.2989208866,0.2548237423,
8203309,0.3727376704,-0.15875649,
8403329,0.05092551227,-0.4243295197,
8603349,-0.3358254491,-0.2855675015,
8803369,-0.4206284362,0.1123962449,
9003388,-0.1286034275,0.3955803779,
9203408,0.2677268987,0.2884865415,
9403428,0.3671969561,-0.1114254552,
9603448,0.06163490315,-0.3787103506,
9803467,-0.302823768,-0.2291132124,
10003487,-0.3284024243,0.1504901606,
10203507,-0.007752889338,0.3372654512,
10403527,0.2999511813,0.1363916457,
10603546,0.2619107952,-0.2264337019,
10803566,-0.0720728844,-0.3648878217,
11003586,-0.3554365572,-0.1505463289,
11203606,-0.3222530709,0.2009266955,
11403625,-0.005561562469,0.3585494083,
11603645,0.294880571,0.1669869981,
11803665,0.2769568964,-0.1893410743,
12003685,-0.04037729945,-0.3413895859,
12203704,-0.3176740437,-0.1392888745,
12403724,-0.272720282,0.1930544616,
12603744,0.03757099163,0.310013428,
12803764,0.2857941716,0.09055410959,
13003783,0.205846917,-0.2308144203,
13203803,-0.1107912124,-0.3114473148,
13403823,-0.3318638708,-0.07880934742,
13603843,-0.2431524757,0.2249149424,
13803862,0.06168674168,0.2995305868,
14003882,0.2737810759,0.06967879368,
14203902,0.1693185511,-0.2219299714,
14403922,-0.1321128604,-0.2614630681,
14603941,-0.3037348748,-0.0184304177,
14803961,-0.1769527934,0.2459951399,
15003981,0.1152440607,0.2699417392,
15204001,0.2862393124,0.02859297598,
15404020,0.1634389598,-0.2432796043,
15604040,-0.131026212,-0.2753468457,
15804060,-0.3058126947,-0.04015826586,
16004080,-0.1928765625,0.2255181878,
16204099,0.09025471761,0.2573481163,
16404119,0.2504049227,0.02610510714,
16604139,0.1171760662,-0.2168860151,
16804159,-0.1532259974,-0.2048293308,
17004178,-0.2606765085,0.03734447737,
17204198,-0.1001690189,0.2439129391,
17404218,0.1592669714,0.204784956,
17604238,0.256645257,-0.04066219836,
17804257,0.0940735988,-0.2499864488,
18004277,-0.1672381297,-0.2168631471,
18204297,-0.2713387968,0.02204947018,
18404317,-0.1198412177,0.2310971654,
18604336,0.1351088788,0.2042471873,
18804356,0.2360685102,-0.02957674095,
19004376,0.07981227282,-0.2273502299,
19204396,-0.1642219199,-0.1839564834,
19404415,-0.2403401109,0.04794159773,
19604435,-0.07448773688,0.2240040407,
19804455,0.1591059254,0.163755462,
20004475,0.2200824915,-0.06995503725,
20204494,0.04595201555,-0.2355074471,
20404514,-0.1802444962,-0.1650982534,
20604534,-0.2269603666,0.0629292326,
20804554,-0.0524670722,0.2125429215,
21004573,0.1599079747,0.1304054182,
21204593,0.1878180608,-0.09426476442,
21404613,0.004902527161,-0.2248879282,
21604633,-0.1971626752,-0.1296693577,
21804652,-0.2158022319,0.0920799238,
22004672,-0.0339955034,0.221783325,
22204692,0.1718339944,0.1311622841,
22404712,0.1984113992,-0.09223947936,
22604731,0.02001159015,-0.225878136,
22804751,-0.1800284672,-0.138332289,
23004771,-0.1990959299,0.07413038853,
23204791,-0.02297000534,0.1866587736,
23404810,0.1532454434,0.08088519005,
23604830,0.1358464393,-0.1207784347,
23804850,-0.05038325732,-0.1957635626,
24004870,-0.2034925655,-0.0670111407,
24204889,-0.1660710322,0.1297087016,
24404909,0.02395683818,0.1980353542,
24604929,0.1812631704,0.06833914211,
24804949,0.1514232155,-0.1338819555,
25004968,-0.03883496717,-0.211992904,
25204988,-0.1990459948,-0.09107909509,
25405008,-0.1780614714,0.1051844569,
25605028,-7.8039542e-05,0.1844920103,
25805047,0.1537410101,0.06890516357,
26005067,0.1244981345,-0.1185930905,
26205087,-0.05251926081,-0.1785840729,
26405107,-0.1860350134,-0.05087381495,
26605126,-0.1364977372,0.1261057285,
26805146,0.04400516575,0.1673469143,
27005166,0.1675780143,0.02783560365,
27205186,0.1062714317,-0.1476066708,
27405206,-0.07431997333,-0.1807217164,
27605225,-0.1906831297,-0.04298475571,
27805245,-0.1289580277,0.1226846251,
28005265,0.0438401484,0.1482035865,
28205285,0.1473181064,0.008583188104,
28405304,0.07327640899,-0.1490943115,
28605324,-0.1006597975,-0.1618633213,
28805344,-0.20137077,-0.01788745668,
29005364,-0.1309930529,0.1438412232,
29205383,0.04395324948,0.1695314348,
29405403,0.1555487213,0.03337978038,
29605423,0.09394559726,-0.1275720515,
29805443,-0.07122644707,-0.1501973678,
30005462,-0.1646752312,-0.01904104201,
30205482,-0.09113933767,0.1200199702,
30405502,0.06453718733,0.1146560581,
30605522,0.1286697276,-0.02827479242,
30805541,0.02875427305,-0.1520646816,
31005561,-0.1307156905,-0.1262541746,
31205581,-0.1892356667,0.02609351016,
31405601,-0.09312378156,0.1583311921,
31605620,0.07005484135,0.1483013055,
31805640,0.1453973753,0.005930340081,
32005660,0.06167956555,-0.1266967367,
32205680,-0.08964564191,-0.1151053162,
32405699,-0.1467375038,0.02149843059,
32605719,-0.05073801514,0.1330378358,
32805739,0.09392175663,0.0984828578,
33005759,0.1323225747,-0.04743773203,
33205778,0.02310061859,-0.1534005034,
33405798,-0.123605235,-0.1127440987,
33605818,-0.1637347672,0.03300603274,
33805838,-0.05980044421,0.1409450786,
34005857,0.08264836003,0.1053276945,
34205877,0.1195943987,-0.03351136815,
34405897,0.016016181,-0.1294345252,
34605917,-0.1150253242,-0.08249085755,
34805936,-0.1352337495,0.05528191352,
35005956,-0.02330391083,0.1412524588,
35205976,0.1093865057,0.08629711661,
35405996,0.1306026193,-0.05712428847,
35606015,0.01853346541,-0.1496443943,
35806035,-0.1173648343,-0.101886918,
36006055,-0.1458723687,0.0371066783,
36206075,-0.0413110016,0.1295700728,
36406094,0.08661735791,0.08376157743,
36606114,0.1049928368,-0.04653113147,
36806134,-0.0005727444154,-0.1191251675,
37006154,-0.1101976473,-0.05685000521,
37206173,-0.1031794168,0.07009391784,
37406193,0.01466315931,0.1251479359,
37606213,0.1242404292,0.04873549953,
37806233,0.1166113455,-0.08718679838,
38006252,-0.00182182198,-0.1535867774,
38206272,-0.120381895,-0.09021295928,
38406292,-0.128022609,0.04231495022,
38606312,-0.01974105579,0.1139490051,
38806331,0.09376781958,0.05599080666,
39006351,0.0967453167,-0.06916986997,
39206371,-0.008907261193,-0.1301856328,
39406391,-0.1101100228,-0.06608001341,
39606410,-0.09870410099,0.05176271961,
39806430,0.0120894697,0.09434286126,
40006450,0.1016998034,0.01377113261,
40206470,0.07287145759,-0.1056676572,
40406489,-0.04549514472,-0.1399964055,
40606509,-0.135036933,-0.05625769985,
40806529,-0.1090890608,0.06086603988,
41006549,0.003193722579,0.09439738047,
41206568,0.08340845829,0.01262148161,
41406588,0.04808966726,-0.09499911227,
41606608,-0.06400933775,-0.1150100069,
41806628,-0.1381381764,-0.02578246308,
42006647,-0.0991618827,0.08649188096,
42206667,0.01866379641,0.1127793923,
42406687,0.1037189529,0.0261462402,
42606707,0.07498965151,-0.09055919159,
42806726,-0.03679252743,-0.1252525633,
43006746,-0.1203477961,-0.04841714413,
43206766,-0.09409181044,0.05705566103,
43406786,0.008149362582,0.08066864097,
43606805,0.07188862909,0.0005119545082,
43806825,0.02609565956,-0.08976515053,
44006845,-0.07631278535,-0.08851625424,
44206865,-0.1240926665,0.005424079501,
44406884,-0.06487088899,0.09691322071,
44606904,0.04738575847,0.09441563338,
44806924,0.1063595675,-0.00313437656,
45006944,0.05704846425,-0.1045821105,
45206963,-0.05204339736,-0.1168274882,
45406983,-0.1164726394,-0.0332707217,
45607003,-0.07642265381,0.05978000931,
45807023,0.02270568664,0.06693180224,
46007042,0.07279580787,-0.01815857709,
46207062,0.01953067417,-0.1029928911,
46407082,-0.08209322792,-0.09718124405,
46607102,-0.1289648915,-0.005122472687,
46807121,-0.07379298661,0.08206205598,
47007141,0.02870669973,0.07833071799,
47207161,0.0749908796,-0.01115422414,
47407181,0.02008459457,-0.09320705128,
47607200,-0.07652718928,-0.08395714548,
47807220,-0.1141002602,0.00416526525,
48007240,-0.05492000786,0.07869558103,
48207260,0.03878770009,0.06205827897,
48407279,0.06838343739,-0.02856760914,
48607299,0.002631414016,-0.0983835288,
48807319,-0.09122025394,-0.07464847455,
49007339,-0.1188365779,0.01911776405,
49207358,-0.05189323016,0.09157620809,
49407378,0.04475079893,0.07163099828,
49607398,0.07643747141,-0.02050321293,
49807418,0.01388436459,-0.0919416512,
50007437,-0.0755249924,-0.07217846223,
50207457,-0.09903084766,0.01298162178,
50407477,-0.03518183597,0.07140725869,
50607497,0.04495858485,0.04028881218,
50807516,0.05346434291,-0.04571189348,
51007536,-0.02003600855,-0.09439866573,
51207556,-0.1007225403,-0.05351646578,
51407576,-0.1071234345,0.03900097728,
51607595,-0.03086241238,0.09385574666,
51807615,0.05667783642,0.05861497189,
52007635,0.07259995963,-0.03313391477,
52207655,0.004015645335,-0.09182034478,
52407674,-0.07766339116,-0.06270664975,
52607694,-0.09049826488,0.01975190847,
52807714,-0.02439409061,0.06820687536,
53007734,0.04842010967,0.03109654224,
53207753,0.04873898338,-0.05102239739,
53407773,-0.02430525807,-0.09066864199,
53607793,-0.09545138929,-0.04598440858,
53807813,-0.09225722354,0.03868288734,
54007833,-0.01737269656,0.07862453615,
54207852,0.05462305841,0.03419919281,
54407872,0.05231260352,-0.04919691725,
54607892,-0.01979028136,-0.08773301419,
54807912,-0.08734006035,-0.04535505493,
55007931,-0.08252664058,0.0331622995,
55207951,-0.01198379869,0.06626575346,
55407971,0.05072723577,0.01933657403,
55607991,0.03937597614,-0.05901969098,
55808010,-0.0354885664,-0.0883483052,
56008030,-0.09986837786,-0.03804817977,
56208050,-0.08994024754,0.04305562315,
56408070,-0.01594622488,0.07671151908,
56608089,0.04891267832,0.03049363778,
56808109,0.0403745024,-0.04529647385,
57008129,-0.0276161906,-0.0718078278,
57208149,-0.08002772308,-0.02453461655,
57408168,-0.06044203671,0.04314351209,
57608188,0.01105903913,0.05688306181,
57808208,0.05919686695,-0.002823865578,
58008228,0.0317455606,-0.07834548422,
58208247,-0.04952361337,-0.09724033208,
58408267,-0.1123140188,-0.04051571693,
58608287,-0.1016207274,0.04263771647,
58808307,-0.02999861302,0.0787637378,
59008326,0.03386043175,0.03941402514,
59208346,0.02813948895,-0.02932825301,
59408366,-0.03229367891,-0.05010016709,
59608386,-0.07548323405,-0.002586336249,
59808405,-0.04899635934,0.06028552261,
60008425,0.02339967535,0.067801635,
60208445,0.06921618541,0.007366794443,
60408465,0.04279379983,-0.06386858919,
60608484,-0.02837308586,-0.07777294886,
60808504,-0.0740068709,-0.02571759119,
61008524,-0.04899574387,0.03536762399,
61208544,0.01542527318,0.03962758856,
61408563,0.0496172521,-0.01751017999,
61608583,0.01523683194,-0.07700370604,
61808603,-0.05531464934,-0.07624506346,
62008623,-0.0911098336,-0.01613985697,
62208642,-0.05907394539,0.04406353718,
62408662,0.009689835456,0.04614457392,
62608682,0.04309392438,-0.01339906929,
62808702,0.008443577918,-0.07183228515,
63008721,-0.06071701474,-0.07179461552,
63208741,-0.09590598621,-0.01320609242,
63408761,-0.06481547986,0.04552381392,
63608781,-0.001941302312,0.04696062339,
63808800,0.02504420286,-0.006585343891,
64008820,-0.01189995582,-0.05149882413,
64208840,-0.06973107267,-0.03660094398,
64408860,-0.08533233259,0.02508122756,
64608879,-0.03771833702,0.07353752628,
64808899,0.03118096351,0.05950791989,
65008919,0.05774293481,-0.005628839024,
65208939,0.01832159119,-0.06117524549,
65408958,-0.04703871044,-0.05646894225,
65608978,-0.07420734746,0.0006863298735,
65808998,-0.0378225948,0.0517746273,
66009018,0.02395713456,0.04450048264,
66209037,0.0474212927,-0.01211846476,
66409057,0.01073185064,-0.0583773046,
66609077,-0.0449964628,-0.04792295942,
66809097,-0.06054460257,0.005530369253,
67009116,-0.0176941197,0.04369640125,
67209136,0.03759532374,0.0222891175,
67409156,0.04706854885,-0.03827790165,
67609176,-5.002562893e-05,-0.07954681638,
67809195,-0.05903720026,-0.06186156914,
68009215,-0.07424361662,-0.004080424489,
68209235,-0.0329711839,0.03538915399,
68409255,0.02005116361,0.01641521672,
68609274,0.0263256265,-0.03925467781,
68809294,-0.02059987343,-0.07267782474,
69009314,-0.0751829879,-0.04773548284,
69209334,-0.08302734656,0.01269178895,
69409353,-0.03562780425,0.05143813453,
69609373,0.02120092885,0.03084987514,
69809393,0.03056171976,-0.02599471164,
70009413,-0.01232694496,-0.05988601712,
70209432,-0.06125628697,-0.03815169769,
70409452,-0.06378517656,0.01458285816,
70609472,-0.01771483297,0.04085479678,
70809492,0.02756561274,0.0111387269,
71009511,0.02245644164,-0.04366447414,
71209531,-0.02815658246,-0.06705808346,
71409551,-0.07567967218,-0.03465633942,
71609571,-0.07258182205,0.02390030958,
71809590,-0.0207402068,0.05343454291,
72009610,0.03230230004,0.02531238636,
72209630,0.03615684726,-0.03355226616,
72409650,-0.009252948275,-0.06638600095,
72609669,-0.05782042592,-0.0452134224,
72809689,-0.06132581683,0.004463831817,
73009709,-0.01954465213,0.02820566562,
73209729,0.0182864982,-0.001473629322,
73409748,0.007723962145,-0.04903951043,
73609768,-0.04129338983,-0.06271234275,
73809788,-0.07923248946,-0.02570637287,
74009808,-0.06717659234,0.0268938772,
74209827,-0.01579374132,0.04392151694,
74409847,0.02353274435,0.008095659458,
74609867,0.01196787858,-0.04181656812,
74809887,-0.03561980919,-0.05556925551,
75009906,-0.07034486374,-0.02060299678,
75209926,-0.05604272872,0.02687646437,
75409946,-0.006781049402,0.03748916217,
75609966,0.02703334975,-0.001974193163,
75809985,0.01040466284,-0.05160560347,
76010005,-0.04118750739,-0.06407223595,
76210025,-0.07979529137,-0.02737803412,
76410045,-0.06999638224,0.02395535201,
76610064,-0.02271581276,0.04227987896,
76810084,0.01380397508,0.01122424891,
77010104,0.002964217219,-0.03270551971,
77210124,-0.03906088623,-0.04153027773,
77410143,-0.06574568327,-0.007374827254,
77610163,-0.04708621437,0.03368375051,
77810183,0.0001462099752,0.03713387654,
78010203,0.02665282474,-0.003818996739,
78210222,0.005344326411,-0.04796272839,
78410242,-0.04387536498,-0.05237495671,
78610262,-0.07420113156,-0.01258149962,
78810282,-0.05598186738,0.03418584382,
79010301,-0.006966199927,0.0439444447,
79210321,0.02542348462,0.007221681367,
79410341,0.01099207709,-0.03592440909,
79610361,-0.03013563915,-0.04255917346,
79810380,-0.0522954823,-0.01011544349,
80010400,-0.03094352507,0.02261325313,
80210420,0.01028682548,0.01512336408,
80410440,0.02387593431,-0.02821291107,
80610460,-0.007669174682,-0.06493915061,
80810479,-0.05814632228,-0.05965645526,
81010499,-0.08248328905,-0.01487425385,
81210519,-0.06056780237,0.02843120521,
81410539,-0.0150482591,0.03306489586,
81610558,0.007782626982,-0.002953923551,
81810578,-0.01331260572,-0.03678643897,
82010598,-0.0525018695,-0.03303456389,
82210618,-0.06790807796,0.005770672123,
82410637,-0.04069916894,0.03999323778,
82610657,0.004205735247,0.03404215099,
82810677,0.0215708149,-0.008142511028,
83010697,-0.005197556098,-0.04393947293,
83210716,-0.04862969543,-0.03909230172,
83410736,-0.06631810342,0.0006252427488,
83610756,-0.04149560862,0.03575844471,
83810776,0.0006554013307,0.03213160201,
84010795,0.01669305951,-0.004918706083,
84210815,-0.007206979924,-0.034289477,
84410835,-0.04212036353,-0.02582029456,
84610855,-0.04989510858,0.01092115343,
84810874,-0.01831499551,0.03630046881,
85010894,0.0226242723,0.01987030096,
85210914,0.03227117047,-0.02506006668,
85410934,0.0009295450903,-0.05926901578,
85610953,-0.04409891159,-0.05304661139,
85810973,-0.06255511482,-0.01482270839,
86010993,-0.04040851468,0.01780774016,
86211013,-0.004443620726,0.0127339845,
86411032,0.004438389911,-0.02141154652,
86611052,-0.02184382901,-0.04409540157,
86811072,-0.055164054,-0.02991498987,
87011092,-0.05882609121,0.008114806961,
87211111,-0.02659609752,0.03084310681,
87411131,0.009982437451,0.01349845922,
87611151,0.01311367074,-0.02645495102,
87811171,-0.01861458165,-0.04838255953,
88011190,-0.05234822461,-0.03283693851,
88211210,-0.05448040917,0.003690883055,
88411230,-0.02295394694,0.02243740883,
88611250,0.008743262026,0.00144411493,
88811269,0.006065633169,-0.0379477032,
89011289,-0.02953338022,-0.05726231752,
89211309,-0.06603220931,-0.03796956616,
89411329,-0.07006996934,0.001954199304,
89611348,-0.03949196042,0.02510301434,
89811368,-0.007420661161,0.01062141079,
90011388,-0.007771438303,-0.02327420057,
90211408,-0.03777848537,-0.03718412438,
90411427,-0.06449336826,-0.01592838693,
90611447,-0.05841699087,0.01957705172,
90811467,-0.02363258456,0.03341948645,
91011487,0.005569963187,0.009538454972,
91211506,-0.0006160341777,-0.02670555727,
91411526,-0.03383165838,-0.04026435319,
91611546,-0.06130659721,-0.01810037577,
91811566,-0.05592387855,0.01733078355,
92011585,-0.02155117734,0.03007013546,
92211605,0.006389645987,0.005878877903,
92411625,-0.0001952518428,-0.03148836885,
92611645,-0.03488369504,-0.04609639341,
92811664,-0.06603071884,-0.02518360745,
93011684,-0.06508886266,0.01065608169,
93211704,-0.03636498538,0.02683336666,
93411724,-0.01192923342,0.00956228887,
93611743,-0.0193793903,-0.01808249725,
93811763,-0.04821774564,-0.02237465231,
94011783,-0.066710091,0.003803211024,
94211803,-0.0524574987,0.03599068383,
94411822,-0.01561866025,0.04184285692,
94611842,0.00902708056,0.013883633,
94811862,-0.002145309508,-0.02046246007,
95011882,-0.03539630809,-0.02825684879,
95211901,-0.05871451187,-0.004107362462,
95411921,-0.04919793792,0.02864835908,
95611941,-0.01584530778,0.03711305918,
95811961,0.007910136763,0.01301450057,
96011980,-0.001693393863,-0.01959898148,
96212000,-0.03369131761,-0.02731816984,
96412020,-0.05644314472,-0.003678743891,
96612040,-0.04727089908,0.02827115113,
96812059,-0.01529868085,0.03637914859,
97012079,0.006480986001,0.01370127327,
97212099,-0.003442397852,-0.01479909032,
97412119,-0.03132794816,-0.0178723452,
97612138,-0.04559637844,0.005561312635,
97812158,-0.03027837698,0.02990997421,
98012178,2.984355745e-05,0.02679920483,
98212198,0.01234372511,-0.002324041451,
98412217,-0.007342734245,-0.02816506197,
98612237,-0.04037581284,-0.02552260388,
98812257,-0.05642384652,0.00503222573,
99012277,-0.03971015054,0.03584315279,
99212296,-0.004567494618,0.03893291682,
99412316,0.0157317262,0.01244435682,
99612336,0.004098254026,-0.01637989753,
99812356,-0.02403079609,-0.018844162,
100012375,-0.03816849423,0.004135958305,
100212395,-0.02266466709,0.02743510437,
100412415,0.006206935997,0.02441431734,
100612435,0.01791635852,-0.002526466862,
100812454,0.0006962417274,-0.02560300034,
101012474,-0.02645219968,-0.02102718852,
101212494,-0.03427514124,0.004768363582,
101412514,-0.01310123414,0.02423616889,
101612533,0.01665906144,0.01450908589,
101812553,0.02494443504,-0.01771935824,
102012573,0.003513102613,-0.04369953388,
102212593,-0.02919208519,-0.04159938505,
102412612,-0.04411203687,-0.01525481951,
102612632,-0.03004347392,0.008232219257,
102812652,-0.005124488382,0.00440245638,
103012672,0.002032373777,-0.019737363,
103212691,-0.01800281272,-0.03818360661,
103412711,-0.0460396538,-0.02992670916,
103612731,-0.05441759205,-0.0005737961618,
103812751,-0.03513908778,0.02245951454,
104012770,-0.007245409139,0.01804055472,
104212790,0.0005287261604,-0.006311183076,
104412810,-0.01632684106,-0.02233790547,
104612830,-0.03691813242,-0.01271855051,
104812849,-0.03728334698,0.01127645241,
105012869,-0.01325492626,0.02388820811,
105212889,0.01175939481,0.008060222751,
105412909,0.01255172781,-0.02302806103,
105612928,-0.0131434577,-0.04190835344,
105812948,-0.04308146591,-0.03188540143,
106012968,-0.05234209152,-0.002798500555,
106212988,-0.03378116022,0.01916964834,
106413007,-0.008659313069,0.0148431488,
106613027,-0.002975067654,-0.007493677008,
106813047,-0.01987938286,-0.01991887261,
107013067,-0.03834913106,-0.008458924694,
107213087,-0.03528916882,0.01529796576,
107413106,-0.0102996438,0.02514939803,
107613126,0.01237384038,0.007554666603,
107813146,0.01035624456,-0.02139166668,
108013166,-0.01483552474,-0.03558379693,
108213185,-0.03939983165,-0.02291022124,
108413205,-0.04122456516,0.003672574956,
108613225,-0.01997849057,0.01804138546,
108813245,0.0007867691248,0.006284508628,
109013264,0.0005187201003,-0.0177649391,
109213284,-0.0205922193,-0.02820298325,
109413304,-0.04040168083,-0.01414221114,
109613324,-0.03713565309,0.01132500825,
109813343,-0.01296736572,0.02233464328,
110013363,0.009584001528,0.006680662519,
110213383,0.008460821261,-0.02060118803,
110413403,-0.01397327909,-0.03431200097,
110613422,-0.03594171773,-0.022917977,
110813442,-0.03649630546,-0.0002286456823,
111013462,-0.0182352453,0.009151351039,
111213482,-0.002672575168,-0.004407031594,
111413501,-0.01030250158,-0.02490790567,
111613521,-0.03394991949,-0.02845543416,
111813541,-0.0515870111,-0.008699198337,
112013561,-0.04513908162,0.01877789614,
112213580,-0.01946931601,0.02982384766,
112413600,0.00298072583,0.01518630657,
112613620,0.000578068846,-0.008914222011,
112813640,-0.02023503149,-0.0173302478,
113013659,-0.03732278161,-0.001625074382,
113213679,-0.03125277143,0.02252500175,
113413699,-0.007642027659,0.03136988993,
113613719,0.01203892509,0.01773572534,
113813738,0.01044793664,-0.002942500096,
114013758,-0.005735752145,-0.008219036915,
114213778,-0.01418291982,0.006745707799,
114413798,-0.0009395169894,0.02261998535,
114613817,0.02427623767,0.01971872149,
114813837,0.03851505664,-0.004642449894,
115013857,0.02858346619,-0.03116565308,
115213877,0.003456038057,-0.03891722286,
115413896,-0.01439087807,-0.02345060468,
115613916,-0.008922298145,-0.002745106497,
115813936,0.01151174962,0.0009759053317,
116013956,0.02485364497,-0.01455632643,
116213975,0.01779495591,-0.03296530558,
116413995,-0.0004947232218,-0.03429301495,
116614015,-0.007965254851,-0.01673530479,
116814035,0.008428034417,-5.550349043e-05,
117014054,0.03713651814,-0.004469519499,
117214074,0.05566642074,-0.0318845956,
117414094,0.04966451994,-0.06572204573,
117614114,0.02502621126,-0.08426489671,
117814133,0.002728584204,-0.08182618161,
118014153,-0.002322074597,-0.07320992886,
118214173,0.002473005598,-0.07684170231,
118414193,-0.001631895662,-0.09557885312,
118614212,-0.02656958687,-0.1122093479,
118814232,-0.06172834526,-0.1079643475,
119014252,-0.08604819451,-0.08114442869,
119214272,-0.08650514492,-0.0495325745,
119414291,-0.07023057153,-0.03293948571,
119614311,-0.05716482964,-0.03619015854,
119814331,-0.06097417184,-0.04446894754,
120014351,-0.07449214798,-0.03914482427,
120214370,-0.07802056933,-0.0200034239,
120414390,-0.06356693178,-0.003901107722,
120614410,-0.04332126175,-0.006435417507,
120814430,-0.03716410065,-0.02459391572,
121014449,-0.05103592361,-0.03824929603,
121214469,-0.07117673411,-0.03140001693,
121414489,-0.07729278105,-0.008411855151,
121614509,-0.0622308034,0.0111213682,
121814528,-0.03874183921,0.01097137192,
122014548,-0.02868569427,-0.007266193267,
122214568,-0.03785277927,-0.02318871076,
122414588,-0.05472004598,-0.02132322911,
122614607,-0.06013665502,-0.00439349234,
122814627,-0.04709116879,0.008900966687,
123014647,-0.02851919678,0.003892514944,
123214667,-0.02414759376,-0.01588720668,
123414686,-0.03923997554,-0.03033984193,
123614706,-0.05973794373,-0.02483505163,
123814726,-0.0667294888,-0.004335785289,
124014746,-0.05436403381,0.01239094273,
124214765,-0.0358959671,0.01100148008,
124414785,-0.02998482627,-0.004138009349,
124614805,-0.04122444885,-0.01394595143,
124814825,-0.05429710727,-0.006618511092,
125014844,-0.05321806807,0.01141036653,
125214864,-0.03535683523,0.02082328118,
125414884,-0.01646594668,0.01030019046,
125614904,-0.01510226295,-0.01226113799,
125814923,-0.03211700253,-0.02624614541,
126014943,-0.05241628949,-0.02012758168,
126214963,-0.05849106905,-0.0003931925245,
126414983,-0.04630830557,0.01423097634,
126615002,-0.02991403891,0.01131568475,
126815022,-0.02760588266,-0.002897286514,
127015042,-0.03947573911,-0.009929217086,
127215062,-0.05108075265,-0.0003652236279,
127415081,-0.04765254216,0.01703662694,
127615101,-0.02903846645,0.02474203361,
127815121,-0.01207985835,0.01323150624,
128015141,-0.0129785457,-0.006646712389,
128215160,-0.02889665244,-0.01606892586,
128415180,-0.04386144043,-0.006881570058,
128615200,-0.042643618,0.01081446483,
128815220,-0.02642963974,0.01852507624,
129015239,-0.01144246078,0.008605106775,
129215259,-0.01263849711,-0.00964675098,
129415279,-0.0280569139,-0.01764256502,
129615299,-0.0421042095,-0.008170178333,
129815318,-0.04051818379,0.009107781597,
130015338,-0.02398898834,0.01636509894,
130215358,-0.009212998096,0.005130145662,
130415378,-0.01099973784,-0.01310488158,
130615397,-0.02685502967,-0.0216202271,
130815417,-0.04153135763,-0.01250036695,
131015437,-0.0411411955,0.003860192188,
131215457,-0.02775385301,0.01085516285,
131415476,-0.01685645924,0.002416936057,
131615496,-0.02079720928,-0.01078136389,
131815516,-0.03461095638,-0.01250395032,
132015536,-0.04381824693,0.001282130583,
132215555,-0.03566412042,0.01842241403,
132415575,-0.01478229207,0.02223390342,
132615595,0.001433902324,0.007562385639,
132815615,-0.0002663063316,-0.0139996804,
133015634,-0.0163123403,-0.0241405588,
133215654,-0.03128108814,-0.01744998053,
133415674,-0.03212101863,-0.004237940841,
133615694,-0.02139912207,0.0003784165864,
133815714,-0.01443217399,-0.008916426432,
134015733,-0.02089551617,-0.01947043035,
134215753,-0.03523310325,-0.01802322023,
134415773,-0.04166342058,-0.00301004363,
134615793,-0.03136092958,0.01246901583,
134815812,-0.01117596207,0.01323402388,
135015832,0.001582708665,-0.00322652282,
135215852,-0.003515466906,-0.02251448698,
135415872,-0.01933568599,-0.02937950073,
135615891,-0.03112023625,-0.0207725969,
135815911,-0.02828541068,-0.008693056384,
136015931,-0.01617756275,-0.007963479508,
136215951,-0.009659556332,-0.02113964955,
136415970,-0.01818033965,-0.03524879507,
136615990,-0.03531209833,-0.03653433386,
136816010,-0.04615035797,-0.02362615656,
137016030,-0.04190962689,-0.009110794804,
137216049,-0.02877403931,-0.007256213703,
137416069,-0.02217463377,-0.01834410236,
137616089,-0.02988704325,-0.02989357896,
137816109,-0.04446073088,-0.02897993811,
138016128,-0.0510078931,-0.01555851351,
138216148,-0.04373875812,-0.00359297687,
138416168,-0.03083546006,-0.005129875547,
138616188,-0.02752694009,-0.01900530168,
138816207,-0.03892654771,-0.02938019277,
139016227,-0.05595087669,-0.02484329448,
139216247,-0.06314303612,-0.00702048774,
139416267,-0.0533749576,0.01010632493,
139616286,-0.0350801064,0.01342929734,
139816306,-0.02386184019,0.00150003126,
140016326,-0.02729815341,-0.01247320056,
140216346,-0.03906488066,-0.01527781409,
140416365,-0.04477435926,-0.006673170016,
140616385,-0.03838314772,0.001056554066,
140816405,-0.02795091,-0.003162524493,
141016425,-0.02716577808,-0.01687332653,
141216444,-0.04007899523,-0.02668643265,
141416464,-0.05693532407,-0.02165511487,
141616484,-0.06373565667,-0.004699582435,
141816504,-0.05499276089,0.01018123441,
142016523,-0.0402376407,0.01131687453,
142216543,-0.03423281776,0.0002448032798,
142416563,-0.04147567152,-0.009254397421,
142616583,-0.05382909259,-0.006239678218,
142816602,-0.05788962011,0.007288936193,
143016622,-0.04887858018,0.0184172141,
143216642,-0.03523557718,0.01722456943,
143416662,-0.03143554062,0.005786132628,
143616681,-0.04050469975,-0.002448957483,
143816701,-0.05216273924,0.002610874284,
144016721,-0.05410111004,0.01715991779,
144216741,-0.04327655565,0.02826068085,
144416760,-0.02953270636,0.02662218129,
144616780,-0.02460578819,0.01590611063,
144816800,-0.03131752494,0.009701434647,
145016820,-0.03868503662,0.01525821958,
145216839,-0.03579948853,0.02705052745,
145416859,-0.02126417405,0.0319048987,
145616879,-0.006695368672,0.022531753,
145816899,-0.005495113793,0.004632852976,
146016918,-0.01785997926,-0.005931729108,
146216938,-0.03254749262,-0.002110967877,
146416958,-0.0362899117,0.01167153222,
146616978,-0.02710005134,0.02168584943,
146816997,-0.01430903632,0.0194628957,
147017017,-0.01046834493,0.00883455485,
147217037,-0.01723963875,0.002200951293,
147417057,-0.02431273088,0.006270070762,
147617076,-0.0215104992,0.0153352906,
147817096,-0.00949709097,0.01715628565,
148017116,-0.00109102023,0.006530584899,
148217136,-0.003775544371,-0.008678704874,
148417155,-0.01792275262,-0.01458644885,
148617175,-0.03045323853,-0.006692738196,
148817195,-0.03000710443,0.008068464511,
149017215,-0.01710988541,0.01548220941,
149217234,-0.004651032169,0.008693497379,
149417254,-0.001995933982,-0.005037764939,
149617274,-0.01191563248,-0.01350829982,
149817294,-0.02226995643,-0.01030203826,
150017313,-0.02309014888,-0.0008033330529,
150217333,-0.01416287104,0.002870670723,
150417353,-0.006351975183,-0.005039701148,
150617373,-0.009912917375,-0.0169393443,
150817392,-0.02227065424,-0.02101691554,
151017412,-0.03243079912,-0.01255700418,
151217432,-0.03085541947,-0.0001281307024,
151417452,-0.02024538367,0.004929444212,
151617471,-0.01133081566,-0.002088095762,
151817491,-0.01324638513,-0.01230693716,
152017511,-0.02296044595,-0.01510549405,
152217531,-0.02912868667,-0.007535583747,
152417550,-0.02411876372,0.002271541158,
152617570,-0.01168168194,0.001979719955,
152817590,-0.004299564554,-0.009845469188,
153017610,-0.009503483663,-0.02409621555,
153217629,-0.02407259039,-0.02904002948,
153417649,-0.03600382416,-0.02059892351,
153617669,-0.03648687345,-0.007760406583,
153817689,-0.02765101495,-0.001752161496,
154017708,-0.02052740961,-0.006540562287,
154217728,-0.02277690285,-0.01378156833,
154417748,-0.03042528167,-0.01355088,
154617768,-0.03345036218,-0.004422433693,
154817787,-0.0255866606,0.004311610344,
155017807,-0.011314446,0.001840810293,
155217827,-0.00381440013,-0.01156848164,
155417847,-0.008870596097,-0.02713294863,
155617866,-0.02317226563,-0.03308517208,
155817886,-0.03484913844,-0.02698990402,
156017906,-0.0361095167,-0.0165708225,
156217926,-0.0300337062,-0.01340396193,
156417945,-0.02596150193,-0.01880675808,
156617965,-0.03142121464,-0.02584962143,
156817985,-0.04194270787,-0.02432858237,
157018005,-0.04689495282,-0.01384989293,
157218024,-0.04186594142,-0.003774349309,
157418044,-0.03062943647,-0.003362623428,
157618064,-0.02533878736,-0.01291991619,
157818084,-0.03098267721,-0.02284661033,
158018103,-0.04245791863,-0.02345123848,
158218123,-0.04916903699,-0.01465163655,
158418143,-0.04574620642,-0.005604817831,
158618163,-0.0377655293,-0.00527745671,
158818182,-0.03547921886,-0.01322896169,
159018202,-0.04367534233,-0.01984842149,
159218222,-0.05582796099,-0.0162229929,
159418242,-0.06141105159,-0.002636016921,
159618261,-0.05539916119,0.01134795451,
159818281,-0.04238424463,0.01622995504,
160018301,-0.03323269382,0.009717287359,
160218321,-0.03379732018,0.001175708656,
160418341,-0.0398749832,8.878833562e-05,
160618360,-0.0425899687,0.006722298736,
160818380,-0.03690115475,0.01266399732,
161018400,-0.02783418514,0.01024998469,
161218420,-0.0254662332,0.001025108506,
161418439,-0.03235453523,-0.005702699869,
161618459,-0.041502355,-0.002413239688,
161818479,-0.04403679568,0.008104185069,
162018499,-0.03532949298,0.01644669932,
162218518,-0.02240039557,0.01423912669,
162418538,-0.01724669898,0.002642813904,
162618558,-0.02294900967,-0.008369074959,
162818578,-0.03392535004,-0.01000361248,
163018597,-0.03966740943,-0.002562865396,
163218617,-0.03683948841,0.004444194241,
163418637,-0.03027737855,0.003837385405,
163618657,-0.0294365044,-0.003425537904,
163818676,-0.03712826954,-0.00790834746,
164018696,-0.04699468433,-0.003174699616,
164218716,-0.04865472817,0.008826272991,
164418736,-0.04061153017,0.0180241706,
164618755,-0.02939770288,0.01714356041,
164818775,-0.02482690652,0.008542264492,
165018795,-0.02996399667,0.001855321423,
165218815,-0.03742023309,0.003942089364,
165418834,-0.03909793172,0.01230455173,
165618854,-0.03135667164,0.01818758812,
165818874,-0.0227373386,0.01492347305,
166018894,-0.02141023484,0.005661644079,
166218913,-0.02965158831,5.837099601e-05,
166418933,-0.03936547664,0.004794883168,
166618953,-0.04106219586,0.01669239872,
166818973,-0.03243642838,0.02650260169,
167018992,-0.01978953019,0.02660352958,
167219012,-0.01266284943,0.01907628575,
167419032,-0.01378877586,0.01217953953,
167619052,-0.01721600846,0.01200709529,
167819071,-0.01492708125,0.01509986292,
168019091,-0.00738724305,0.01395387805,
168219111,-0.002855421158,0.004965045979,
168419131,-0.006600430089,-0.007009218625,
168619150,-0.01848020991,-0.01120788839,
168819170,-0.02916718445,-0.004356061129,
169019190,-0.03007989091,0.008480789721,
169219210,-0.02042996887,0.01661996351,
169419229,-0.008712541424,0.01436034685,
169619249,-0.004060527413,0.004872546884,
169819269,-0.006240160958,-0.002223364374,
170019289,-0.01196663307,-0.002435317552,
170219308,-0.01045698811,0.0009501850697,
170419328,-0.003853714558,0.001237502429,
170619348,0.001360895843,-0.007976055726,
170819368,-0.001956602979,-0.02004515862,
171019387,-0.01332121599,-0.02601357683,
171219407,-0.02436683763,-0.02239630386,
171419427,-0.02811970565,-0.01385322237,
171619447,-0.0239476925,-0.008842653196,
171819466,-0.01975828775,-0.01162924866,
172019486,-0.02218423863,-0.01677064259,
172219506,-0.03007461887,-0.01700138274,
172419526,-0.03490340651,-0.008702502359,
172619545,-0.03099114614,0.001487848194,
172819565,-0.02012111462,0.00426210703,
173019585,-0.01049623447,-0.003356531603,
173219605,-0.01078029642,-0.0146829611,
173419624,-0.01915862422,-0.02151063185,
173619644,-0.02755452927,-0.01934447984,
173819664,-0.02956186292,-0.01271500313,
174019684,-0.02482633777,-0.01015945808,
174219703,-0.0213005987,-0.01466410912,
174419723,-0.02458210135,-0.02071358081,
174619743,-0.03216644938,-0.02070309691,
174819763,-0.03671341719,-0.01425292545,
175019782,-0.03271619619,-0.006758098362,
175219802,-0.02434466837,-0.007008322021,
175419822,-0.01911424589,-0.01610611555,
175619842,-0.02361051008,-0.02687274838,
175819861,-0.03484208198,-0.03057399379,
176019881,-0.04460595406,-0.02568916455,
176219901,-0.0467821066,-0.01696298515,
176419921,-0.04343170391,-0.01346768397,
176619940,-0.04141857909,-0.01599400745,
176819960,-0.04595483441,-0.01932886153,
177019980,-0.05390690867,-0.01659462228,
177220000,-0.05835142243,-0.006870390346,
177420019,-0.05385619189,0.002772817062,
177620039,-0.0454835308,0.005411128451,
177820059,-0.03989615191,0.0001619374253,
178020079,-0.04254725934,-0.006220624653,
178220098,-0.05057007264,-0.006565860595,
178420118,-0.05510901194,0.0004444911337,
178620138,-0.05281116786,0.008786422804,
178820158,-0.04602673938,0.01114681115,
179020177,-0.0430720148,0.007628370509,
179220197,-0.04616416055,0.004559933148,
179420217,-0.05340402754,0.007854170124,
179620237,-0.0551878866,0.01810236078,
179820256,-0.04750316583,0.02840707072,
180020276,-0.03490883953,0.03084771151,
180220296,-0.02533206803,0.0248708738,
180420316,-0.02417874312,0.01591622936,
180620335,-0.02847166659,0.01187890006,
180820355,-0.03155430651,0.01409267564,
181020375,-0.0289684586,0.01706322874,
181220395,-0.02409069022,0.01487528076,
181420414,-0.0239949071,0.008445273611,
181620434,-0.02995632939,0.004132047896,
181820454,-0.03788389445,0.007151035306,
182020474,-0.04052899255,0.01657954952,
182220493,-0.03445226851,0.02498702585,
182420513,-0.02494756979,0.02637304804,
182620533,-0.01889132985,0.02087787861,
182820553,-0.02040726055,0.01542751767,
183020572,-0.02457252426,0.01581836422,
183220592,-0.02446298998,0.02141232927,
183420612,-0.01784889117,0.02552325375,
183620632,-0.009033711955,0.02326270577,
183820651,-0.004799569364,0.01525176348,
184020671,-0.00821716889,0.007876290613,
184220691,-0.01207560096,0.007333907101,
184420711,-0.01197565345,0.01194728614,
184620730,-0.005699083318,0.01335322649,
184820750,0.0004552067109,0.007605772664,
185020770,0.00200920364,-0.002884458599,
185220790,-0.004979830666,-0.01097951118,
185420809,-0.0133875367,-0.01147460822,
185620829,-0.01700054227,-0.006525528162,
185820849,-0.01447354089,-0.003727021366,
186020869,-0.01062287875,-0.007603152252,
186220888,-0.01278723964,-0.015009874,
186420908,-0.02110914481,-0.01910456083,
186620928,-0.03065539956,-0.01560983898,
186820948,-0.03433538425,-0.006082141772,
187020968,-0.030019419,0.001577252063,
187220987,-0.02255689415,0.002309930833,
187421007,-0.01929235565,-0.002779092768,
187621027,-0.02198470096,-0.007564365358,
187821047,-0.02607103859,-0.006521179913,
188021066,-0.02682328518,-0.002896657398,
188221086,-0.02253434445,-0.001525210926,
188421106,-0.01926722116,-0.006536733402,
188621126,-0.0224160861,-0.01373502433,
188821145,-0.03134250106,-0.01686626049,
189021165,-0.040418415,-0.01134103318,
189221185,-0.04258334387,-0.0009475918114,
189421205,-0.03757642444,0.00693813664,
189621224,-0.02969068697,0.007581912801,
189821244,-0.02661851089,0.002814548949,
190021264,-0.02922865346,-0.000541886358,
190221284,-0.03263142532,0.001445444115,
190421303,-0.03198819678,0.005841928382,
190621323,-0.02687025279,0.007524946381,
190821343,-0.02316314988,0.003502151628,
191021363,-0.02480915293,-0.002516059728,
191221382,-0.03237479705,-0.004180612039,
191421402,-0.03787215206,0.001002613927,
191621422,-0.03761821982,0.009006162455,
191821442,-0.0313959984,0.01371169715,
192021461,-0.0251849324,0.01175449239,
192221481,-0.0247342904,0.007213608013,
192421501,-0.02910239176,0.005815894377,
192621521,-0.03195709662,0.01066673185,
192821540,-0.02918103976,0.01739169051,
193021560,-0.02030014888,0.01979558336,
193221580,-0.01281864917,0.01530523033,
193421600,-0.01148369176,0.005628695229,
193621619,-0.01579263021,0.001369110719,
193821639,-0.02083085793,0.002956666393,
194021659,-0.02091373526,0.007098838044,
194221679,-0.01677338254,0.007780315583,
194421698,-0.01270794137,0.002741136504,
194621718,-0.01502735892,-0.002473504284,
194821738,-0.02135009874,-0.003967507572,
195021758,-0.02566094019,-4.605308456e-05,
195221777,-0.02459198571,0.005427858583,
195421797,-0.01952140435,0.006385206366,
195621817,-0.01631888299,0.001463862665,
195821837,-0.01969014722,-0.00421125407,
196021856,-0.027209749,-0.004927365846,
196221876,-0.03287312911,0.0009415550689,
196421896,-0.03209653813,0.009436503719,
196621916,-0.02620798483,0.01385215152,
196821935,-0.02040593296,0.01248529663,
197021955,-0.01947269922,0.009202316358,
197221975,-0.02146743641,0.009436776788,
197421995,-0.02131369071,0.01311773359,
197622014,-0.01641631665,0.01667374414,
197822034,-0.009050901286,0.01460668376,
198022054,-0.00587310649,0.007244179487,
198222074,-0.007363745065,0.0004086832138,
198422093,-0.01369192356,-0.001725512361,
198622113,-0.01799255698,0.00309393661,
198822133,-0.01565950376,0.008179621358,
199022153,-0.009814085324,0.007963400397,
199222172,-0.005194615092,0.003904417164,
199422192,-0.005540521846,-0.001791191406,
199622212,-0.01071144139,-0.004371674323,
199822232,-0.0140197726,-0.001238264857,
200022251,-0.01150531576,0.002184069539,
200222271,-0.006137312676,0.002419093791,
200422291,-0.002340194287,-0.002553186457,
200622311,-0.005272815468,-0.0101507956,
200822330,-0.01101640654,-0.01260591911,
201022350,-0.01524144816,-0.01029586404,
201222370,-0.01493655975,-0.007191732575,
201422390,-0.0120719528,-0.007791112884,
201622409,-0.01207338773,-0.01178544908,
201822429,-0.01615804855,-0.01455450251,
202022449,-0.02134570926,-0.01188650376,
202222469,-0.022202431,-0.006199741668,
202422488,-0.01721415525,-0.002360096655,
202622508,-0.01000386336,-0.004867948803,
202822528,-0.008069562223,-0.01256765315,
203022548,-0.01260408925,-0.02009017264,
203222567,-0.02100495391,-0.02243612586,
203422587,-0.02780800173,-0.01836201195,
203622607,-0.02915812631,-0.01277788608,
203822627,-0.02729369154,-0.01008855151,
204022646,-0.02677762947,-0.0110457842,
204222666,-0.02958324903,-0.01169001611,
204422686,-0.03330669203,-0.0078459119,
204622706,-0.03285550354,-0.001498202919,
204822725,-0.02720656733,0.003019373535,
205022745,-0.02078058945,0.001305945161,
205222765,-0.01858604156,-0.004768936829,
205422785,-0.02190167982,-0.009716504697,
205622804,-0.02719177726,-0.009344584442,
205822824,-0.02932915962,-0.004284189356,
206022844,-0.02653196693,-0.0005859492229,
206222864,-0.0219882283,-0.001481115161,
206422883,-0.02094106505,-0.006349979697,
206622903,-0.02476198054,-0.009685389355,
206822923,-0.03045519056,-0.00825827586,
207022943,-0.03209844483,-0.002450660023,
207222962,-0.02866508351,0.00225716832,
207422982,-0.02372864319,0.00173722813,
207623002,-0.02192286365,-0.001880336306,
207823022,-0.02392968266,-0.004747649446,
208023041,-0.02744979474,-0.003570414042,
208223061,-0.02722562473,-0.0001664412791,
208423081,-0.02374105491,0.001585478293,
208623101,-0.02066501633,-0.001549990164,
208823120,-0.02156813566,-0.006537646665,
209023140,-0.02728741096,-0.00918799893,
209223160,-0.03282087008,-0.005388028988,
209423180,-0.03370198184,0.001677070754,
209623199,-0.02926632995,0.00665377542,
209823219,-0.02317198826,0.006451869332,
210023239,-0.02011286124,0.0022034483,
210223259,-0.02181687103,-0.001456454279,
210423278,-0.02472288971,-0.001690338593,
210623298,-0.02488226387,0.0005210293681,
210823318,-0.0229251751,0.001076384894,
211023338,-0.02125340545,-0.002562384574,
211223357,-0.02427334555,-0.006503008448,
211423377,-0.03069493349,-0.006729538502,
211623397,-0.03552963021,-0.001073708455,
211823417,-0.03520763959,0.006743592678,
212023436,-0.02955109056,0.01185188095,
212223456,-0.02372077833,0.01153244025,
212423476,-0.02116156264,0.008116810799,
212623496,-0.02262880765,0.005977695123,
212823515,-0.02431002951,0.007947660181,
213023535,-0.0217543303,0.01130998242,
213223555,-0.01657235999,0.01200972975,
213423575,-0.01175500394,0.005966232002,
213623595,-0.01140888439,0.000283270923,
213823614,-0.01758083799,-0.002485221314,
214023634,-0.02281060415,-0.0001470545049,
214223654,-0.02401522814,0.004784058132,
214423674,-0.02089585145,0.008431283299,
214623693,-0.01723995488,0.00819653543,
214823713,-0.015775593,0.005832901076,
215023733,-0.01683667542,0.006094271276,
215223753,-0.01638397831,0.00878863118,
215423772,-0.01236999687,0.01160139815,
215623792,-0.006114801993,0.009969682306,
215823812,-0.0004846524088,0.004106866836,
216023832,-0.00113029425,-0.004893333429,
216223851,-0.006399418815,-0.01017973141,
216423871,-0.01255413211,-0.009789036469,
216623891,-0.01473318897,-0.006335931626,
216823911,-0.01328901471,-0.004772927748,
217023930,-0.0115463925,-0.005869785131,
217223950,-0.01277142728,-0.008079998521,
217423970,-0.01530440388,-0.007870177273,
217623990,-0.01611614476,-0.004549535863,
217824009,-0.01249079472,-0.00241164641,
218024029,-0.007451129108,-0.004085323432,
218224049,-0.005270192228,-0.01046803888,
218424069,-0.008152510533,-0.01747444843,
218624088,-0.0147908396,-0.02016219169,
218824108,-0.02049031272,-0.01801793432,
219024128,-0.02204037123,-0.01356382424,
219224148,-0.02027962247,-0.0119621055,
219424167,-0.01912931461,-0.01333118814,
219624187,-0.02116033284,-0.01558757563,
219824207,-0.02513784964,-0.01514889544,
220024227,-0.02738935329,-0.01101360581,
220224246,-0.02544898616,-0.006908683303,
220424266,-0.02101618717,-0.006262684476,
220624286,-0.01814473611,-0.01012603563,
220824306,-0.01984051382,-0.01522573653,
221024325,-0.02478109675,-0.01703662387,
221224345,-0.02884792111,-0.01509745463,
221424365,-0.02998477241,-0.01169084861,
221624385,-0.02942316827,-0.0107127475,
221824404,-0.03055096984,-0.01158303499,
222024424,-0.03376992028,-0.01105047464,
222224444,-0.03766303646,-0.006668457796,
222424464,-0.03781898803,0.0008065016058,
222624483,-0.03268943583,0.00722310437,
222824503,-0.02489678643,0.008586710604,
223024523,-0.01892475686,0.004481703969,
223224543,-0.01826911003,-0.0008912674551,
223424562,-0.02044790783,-0.00352533046,
223624582,-0.02200041242,-0.003200774468,
223824602,-0.02067429817,-0.00229855027,
224024622,-0.01822501087,-0.00416529085,
224224641,-0.01814685565,-0.00861285087,
224424661,-0.02177654654,-0.01179416823,
224624681,-0.02678306385,-0.01127971273,
224824701,-0.02895578667,-0.007276311993,
225024720,-0.02726247798,-0.00387096434,
225224740,-0.02401000872,-0.004517814976,
225424760,-0.02377583205,-0.008004047528,
225624780,-0.02709380258,-0.01083406601,
225824799,-0.03216550278,-0.009863782662,
226024819,-0.03502683293,-0.005074462777,
226224839,-0.03355809334,-0.0001153585093,
226424859,-0.03018228272,0.001977790228,
226624878,-0.02847289885,0.0005124232931,
226824898,-0.02931873536,-0.000677794473,
227024918,-0.03113080466,0.0008714113183,
227224938,-0.03081738352,0.004821340582,
227424957,-0.02684314581,0.007541269265,
227624977,-0.02248095888,0.006481482939,
227824997,-0.02092860362,0.002588812061,
228025017,-0.02296445521,-0.0001333444409,
228225036,-0.02580002386,0.0004625249652,
228425056,-0.02631944902,0.003699965817,
228625076,-0.02364938728,0.005466832834,
228825096,-0.02058108177,0.004134926318,
229025115,-0.02095546993,0.0006885337335,
229225135,-0.02463762229,-0.0006576443525,
229425155,-0.02817750049,0.002549128826,
229625175,-0.02789471456,0.008318368612,
229825194,-0.02349507977,0.01285763367,
230025214,-0.01751681635,0.01280322947,
230225234,-0.01395667169,0.009194834868,
230425254,-0.01315016933,0.005576242421,
230625273,-0.01370282744,0.005575280409,
230825293,-0.01257726988,0.006321521603,
231025313,-0.008994985784,0.006462682781,
231225333,-0.005630096516,0.003363234251,
231425352,-0.006117473666,-0.00174556471,
231625372,-0.009804100652,-0.004778343473,
231825392,-0.01304336174,-0.003188781384,
232025412,-0.01141467607,6.655335586e-05,
232225431,-0.007502296398,0.001489486293,
232425451,-0.003900112858,-0.002099753304,
232625471,-0.003318916464,-0.00788018236,
232825491,-0.006193021312,-0.01200255996,
233025510,-0.009711220927,-0.01287372911,
233225530,-0.01114911078,-0.01148088707,
233425550,-0.01021772082,-0.0113888862,
233625570,-0.009287733293,-0.01441376487,
233825589,-0.01160301882,-0.018482356,
234025609,-0.01652248502,-0.0200426985,
234225629,-0.0210184003,-0.01754970104,
234425649,-0.02273585387,-0.01337220208,
234625668,-0.0206703697,-0.01079871461,
234825688,-0.01858395456,-0.01082694551,
235025708,-0.01893968455,-0.01273829503,
235225728,-0.02106183382,-0.01263407953,
235425747,-0.02215687276,-0.009714875978,
235625767,-0.01997489543,-0.006723206739,
235825787,-0.01583852089,-0.006813621854,
236025807,-0.01257444885,-0.01029743905,
236225826,-0.01323523365,-0.01472203566,
236425846,-0.01663245172,-0.01701051309,
236625866,-0.0195046296,-0.01547136114,
236825886,-0.01924018081,-0.01285162089,
237025905,-0.01584714171,-0.01228185965,
237225925,-0.01280854098,-0.01548556907,
237425945,-0.01281942551,-0.02033957309,
237625965,-0.01572017704,-0.02376709324,
237825984,-0.01894999663,-0.02470957478,
238026004,-0.02072147026,-0.02468212979,
238226024,-0.02108185729,-0.02613700175,
238426044,-0.02287794558,-0.02974606607,
238626063,-0.02859268193,-0.03333828177,
238826083,-0.03610263407,-0.0322100276,
239026103,-0.0423503092,-0.02688562977,
239226123,-0.04412229362,-0.02041857141,
239426142,-0.04206870119,-0.01493492018,
239626162,-0.04012227271,-0.01317305083,
239826182,-0.04006063386,-0.01386915897,
240026202,-0.0413956759,-0.01224376646,
240226222,-0.04187046182,-0.008774498689,
240426241,-0.03923209768,-0.005241073572,
240626261,-0.03498605336,-0.004626264556,
240826281,-0.03237788961,-0.007464194804,
241026301,-0.03372315786,-0.01086971191,
241226320,-0.03735629167,-0.01191220184,
241426340,-0.04014682397,-0.009038468443,
241626360,-0.03998504105,-0.0055350184,
241826380,-0.03777947506,-0.004343941689,
242026399,-0.0365006447,-0.005302024274,
242226419,-0.03811304547,-0.006227686788,
242426439,-0.04099609461,-0.004771881975,
242626459,-0.041835212,-0.0003604112286,
242826478,-0.03933591014,0.003668509957,
243026498,-0.03484265321,0.004838664381,
243226518,-0.03119816188,0.002097887657,
243426538,-0.03161180028,-0.001803495449,
243626557,-0.03457673816,-0.003174147548,
243826577,-0.03755569163,-0.001077446028,
244026597,-0.03801461509,0.001992160374,
244226617,-0.03647812503,0.004001556503,
244426636,-0.03548850569,0.004492595542,
244626656,-0.03591120555,0.005061701291,
244826676,-0.03678783842,0.00761772198,
245026696,-0.0351123369,0.01183947406,
245226715,-0.02988373336,0.01436352415,
245426735,-0.02437415039,0.01327271329,
245626755,-0.02154694148,0.008914923772,
245826775,-0.02249749449,0.005031653437,
246026794,-0.02495272234,0.003786702458,
246226814,-0.02682513026,0.005572881796,
246426834,-0.02546509797,0.008141545973,
246626854,-0.02274005115,0.008867189848,
246826873,-0.02135689676,0.006471079478,
247026893,-0.02225850931,0.005373000057,
247226913,-0.02363494652,0.006206501938,
247426933,-0.022724453,0.008812910969,
247626952,-0.0192444637,0.01085611509,
247826972,-0.01517192905,0.009317001594,
248026992,-0.01225350134,0.00524393772,
248227012,-0.01212365662,0.002277975651,
248427031,-0.0143866033,0.001619649636,
248627051,-0.01385543821,0.002343968978,
248827071,-0.01118701635,0.002966434722,
249027091,-0.008395486964,0.0009193423601,
249227110,-0.008514514111,-0.003663616115,
249427130,-0.01107673904,-0.006904146214,
249627150,-0.01416795669,-0.006848323443,
249827170,-0.01510828666,-0.004538518564,
250027189,-0.01251856898,-0.003216275189,
250227209,-0.008897372374,-0.004930550851,
250427229,-0.007279629382,-0.009391197004,
250627249,-0.008653079659,-0.01409807136,
250827268,-0.01147357194,-0.01698228296,
251027288,-0.0142403868,-0.01738252769,
251227308,-0.01539820357,-0.01818596635,
251427328,-0.0167354617,-0.02009662513,
251627347,-0.01973961068,-0.02218427614,
251827367,-0.02484758485,-0.02201446909,
252027387,-0.02847654101,-0.01868576204,
252227407,-0.02916656597,-0.0135477745,
252427426,-0.02624266154,-0.01036354554,
252627446,-0.0223242232,-0.01109663535,
252827466,-0.02020469941,-0.01516364713,
253027486,-0.02153669564,-0.0190411648,
253227505,-0.02511196737,-0.02052465356,
253427525,-0.02770588429,-0.02043998159,
253627545,-0.02934484996,-0.02042303083,
253827565,-0.0314611896,-0.02160812006,
254027584,-0.03524219995,-0.02233115262,
254227604,-0.04085997321,-0.02033210808,
254427624,-0.04544935931,-0.01524896128,
254627644,-0.04573991634,-0.008048617719,
254827663,-0.04356294007,-0.002510745282,
255027683,-0.03922386737,0.000403601677,
255227703,-0.03631130865,0.001264119771,
255427723,-0.03416159869,0.001769479813,
255627742,-0.0315353316,0.003288680952,
255827762,-0.02774592857,0.004234702926,
256027782,-0.02206373413,0.002539061712,
256227802,-0.01860490918,-0.002550436476,
256427821,-0.01885728244,-0.00888869543,
256627841,-0.02229399139,-0.01320310058,
256827861,-0.02708734252,-0.01420989138,
257027881,-0.02986086345,-0.01248708289,
257227900,-0.03047753163,-0.01115002372,
257427920,-0.03011299753,-0.01122520183,
257627940,-0.03144096221,-0.01164601583,
257827960,-0.03344168154,-0.0111762028,
258027979,-0.03467223854,-0.008980753505,
258227999,-0.03339427142,-0.006642766619,
258428019,-0.03105147513,-0.00643702037,
258628039,-0.02959867453,-0.008982519293,
258828058,-0.03117587245,-0.01232598681,
259028078,-0.03550421526,-0.01355306642,
259228098,-0.0393934888,-0.01162120914,
259428118,-0.04106032267,-0.007757141437,
259628137,-0.03976845756,-0.00419142327,
259828157,-0.03768955443,-0.003167549137,
260028177,-0.03703502078,-0.00357651576,
260228197,-0.03776505963,-0.003467236256,
260428216,-0.03876576647,-0.001702787042,
260628236,-0.03733294253,0.0009166810523,
260828256,-0.03472481567,0.001133361936,
261028276,-0.03286372998,-0.0006897305378,
261228295,-0.03365518304,-0.003020490961,
261428315,-0.03643575561,-0.003856078417,
261628335,-0.03853624224,-0.001534977223,
261828355,-0.03880018658,0.001388765589,
262028374,-0.03684696762,0.00324042672,
262228394,-0.03551684838,0.003554554809,
262428414,-0.03600976158,0.003479897161,
262628434,-0.03639856626,0.005369155719,
262828453,-0.03562113985,0.008961702498,
263028473,-0.03169987706,0.01195549795,
263228493,-0.02627745133,0.01166159273,
263428513,-0.02178449101,0.008350746931,
263628532,-0.02048439288,0.003505730067,
263828552,-0.0218028663,-4.62306742e-05,
264028572,-0.02366457477,-0.001295419497,
264228592,-0.02446150569,-0.001709784835,
264428611,-0.0243044565,-0.0027288819,
264628631,-0.02497314549,-0.004745972854,
264828651,-0.02699571129,-0.006176942202,
265028671,-0.0298548415,-0.005890941078,
265228690,-0.03092324922,-0.003592251497,
265428710,-0.02995681324,-0.001709551085,
265628730,-0.02798724037,-0.002084124589,
265828750,-0.02759375591,-0.004455200421,
266028769,-0.02957397694,-0.006861659527,
266228789,-0.03287323915,-0.00707613385,
266428809,-0.03511468791,-0.00457829865,
266628829,-0.03489386834,-0.001598609336,
266828849,-0.03306094821,-0.0003026103046,
267028868,-0.03180404189,-0.0009395814409,
267228888,-0.03193452509,-0.001999603447,
267428908,-0.03331005177,-0.001906075833,
267628928,-0.03370308321,-0.0005948541715,
267828947,-0.03245905428,0.0001257039616,
268028967,-0.03122098994,-0.000916437657,
268228987,-0.03149500406,-0.003288207814,
268429007,-0.03407810237,-0.004562396971,
268629026,-0.03765013313,-0.003462061421,
268829046,-0.03922628349,-1.767006034e-05,
269029066,-0.03827919448,0.003544196702,
269229086,-0.03646360795,0.005208298091,
269429105,-0.03499492254,0.004805577211,
269629125,-0.03510937272,0.004467046573,
269829145,-0.03618020489,0.005788437059,
270029165,-0.0354187562,0.008435444996,
270229184,-0.03260943261,0.01078240104,
270429204,-0.02930082126,0.01024920624,
270629224,-0.02662373739,0.00777779619,
270829244,-0.02674399827,0.005081570982,
271029263,-0.02825567318,0.0036775809,
271229283,-0.0294054214,0.004353864843,
271429303,-0.02903149424,0.005150333043,
271629323,-0.0283189147,0.004961582206,
271829342,-0.02848220996,0.004003309549,
272029362,-0.02990534385,0.003982630384,
272229382,-0.03101604185,0.005891665724,
272429402,-0.029735493,0.008967794028,
272629421,-0.02618191769,0.01030588151,
272829441,-0.02199000289,0.008921045287,
273029461,-0.01978413015,0.005127512924,
273229481,-0.02028164578,0.001246223523,
273429500,-0.02230979178,-0.001235854319,
273629520,-0.0239172393,-0.002006009631,
273829540,-0.0245620692,-0.002450454138,
274029560,-0.02512490556,-0.004138743611,
274229579,-0.02705374485,-0.006226118334,
274429599,-0.03026308159,-0.007127069423,
274629619,-0.03374515924,-0.005871578735,
274829639,-0.03499413616,-0.003058941664,
275029658,-0.0349921456,-0.0013795274,
275229678,-0.0346571187,-0.001244044598,
275429698,-0.03533057866,-0.00201424424,
275629718,-0.03777786057,-0.001955446315,
275829737,-0.04028929833,0.000335437794,
276029757,-0.04096906006,0.003856210557,
276229777,-0.03988707551,0.00658752647,
276429797,-0.03824018869,0.007160876942,
276629816,-0.03802995848,0.007205007453,
276829836,-0.03880198766,0.007833109009,
277029856,-0.04059443497,0.00980471514,
277229876,-0.03986855482,0.01320350168,
277429895,-0.03711069283,0.01589158871,
277629915,-0.03445823988,0.01652362868,
277829935,-0.03287157712,0.01584505329,
278029955,-0.03251040897,0.01568207108,
278229974,-0.03245767059,0.01661603308,
278429994,-0.03035935166,0.01751757431,
278630014,-0.02822658254,0.01768512658,
278830034,-0.02655195545,0.01585774197,
279030053,-0.02711558482,0.01363892292,
279230073,-0.02966902564,0.01320057377,
279430093,-0.03132209804,0.01541351488,
279630113,-0.03109765907,0.01904167772,
279830132,-0.02853267945,0.0213539744,
280030152,-0.02502289313,0.02200892869,
280230172,-0.02298680053,0.02082004791,
280430192,-0.02253306446,0.02021162181,
280630211,-0.02191890511,0.02057070463,
280830231,-0.02055792981,0.02157199798,
281030251,-0.01787827245,0.02124126143,
281230271,-0.01575086369,0.01987942259,
281430290,-0.0158364214,0.01835325073,
281630310,-0.01628986337,0.01787459189,
281830330,-0.01619703631,0.01937635169,
282030350,-0.01385536821,0.02097655956,
282230369,-0.009932424197,0.02097928535,
282430389,-0.006825586958,0.01855209251,
282630409,-0.005253401569,0.01537139605,
282830429,-0.005262339013,0.01289798441,
283030448,-0.005528583923,0.01158008838,
283230468,-0.004316073034,0.01066415355,
283430488,-0.002591263609,0.008169512257,
283630508,-0.001696673722,0.003989094185,
283830527,-0.003286046406,-0.0001473266017,
284030547,-0.006686718102,-0.002274964104,
284230567,-0.009836630765,-0.002583153742,
284430587,-0.01114560439,-0.001698318457,
284630606,-0.01169301971,-0.001497253918,
284830626,-0.01258892677,-0.002736157801,
285030646,-0.01438616994,-0.003791675264,
285230666,-0.01687021251,-0.002962532855,
285430685,-0.01839293936,-0.001272726954,
285630705,-0.01757912885,0.0008215776466,
285830725,-0.01570776945,0.001252700606,
286030745,-0.01501332849,-0.0001046590045,
286230764,-0.0162777894,-0.001884048096,
286430784,-0.01859384877,-0.001870605857,
286630804,-0.02031648604,-0.0001208296065,
286830824,-0.02026341444,0.001864740254,
287030843,-0.01839699101,0.00280856399,
287230863,-0.01701324214,0.002097270503,
287430883,-0.01701405389,0.0014018881,
287630903,-0.01830635544,0.001471331339,
287830922,-0.0186596949,0.002236431305,
288030942,-0.01721626445,0.0029932134,
288230962,-0.01539639531,0.002552092225,
288430982,-0.01433402121,0.001160514175,
288631001,-0.01591860133,-0.0001905308199,
288831021,-0.01788996212,-0.0003486028266,
289031041,-0.01848359018,0.0006485657873,
289231061,-0.01780102072,0.001823840447,
289431080,-0.01610215098,0.001207791301,
289631100,-0.01606292964,-0.0002588176008,
289831120,-0.01774042086,-0.001477312841,
290031140,-0.01954270278,-0.001107702166,
290231159,-0.02057685956,0.0006100307072,
290431179,-0.02009051538,0.001672111293,
290631199,-0.01876936732,0.001749317721,
290831219,-0.01832245104,0.0003317891963,
291031238,-0.0196766501,-0.0005724351893,
291231258,-0.02176954971,-1.451330035e-05,
291431278,-0.02320477592,0.002013891939,
291631298,-0.02283677927,0.004423271118,
291831317,-0.02162283835,0.00564215246,
292031337,-0.02040662245,0.005707055576,
292231357,-0.0201403847,0.006393012834,
292431377,-0.01963554361,0.007548025732,
292631396,-0.0177971182,0.009185245441,
292831416,-0.0150999679,0.008798396676,
293031436,-0.01170183441,0.007530410479,
293231456,-0.01046825244,0.004330115184,
293431476,-0.01065687642,0.001270042513,
293631495,-0.01340921306,-0.0005344364638,
293831515,-0.01603984041,-0.0001638062526,
294031535,-0.01683756706,0.0009445411825,
294231555,-0.01697381043,0.001628876285,
294431574,-0.01749486719,0.001762020625,
294631594,-0.01871991693,0.002502317438,
294831614,-0.01911768056,0.004302028036,
295031634,-0.01776232659,0.006379733978,
295231653,-0.01543788405,0.006955249941,
295431673,-0.01294424197,0.006677834337,
295631693,-0.01156290344,0.004681920031,
295831713,-0.01201018026,0.00266735266,
296031732,-0.01343812744,0.001956565051,
296231752,-0.01434366501,0.002815904713,
296431772,-0.01459529051,0.003731958859,
296631792,-0.01406113956,0.003945749378,
296831811,-0.01419531478,0.00384633494,
297031831,-0.01546874588,0.004537821747,
297231851,-0.0164001244,0.006571431268,
297431871,-0.0157901784,0.0101535625,
297631890,-0.01213517895,0.01312847597,
297831910,-0.007693496733,0.01362642019,
298031930,-0.003624336398,0.01198658189,
298231950,-0.001214424332,0.009822357091,
298431969,0.0006192014293,0.007599550301,
298631989,0.002611335049,0.005432647507,
298832009,0.004625116478,0.002256748425,
299032029,0.005058852944,-0.00196477806,
299232048,0.003549737966,-0.006094713178,
299432068,0.000767196828,-0.008778262565,
299632088,-0.002515484287,-0.009050335982,
299832108,-0.003475215782,-0.008309292749,
300032127,-0.002824410906,-0.008309047642,
300232147,-0.002152838941,-0.009402514794,
300432167,-0.002140045019,-0.01210646366,
300632187,-0.004248971906,-0.01446100199,
300832206,-0.006881026613,-0.01558247797,
301032226,-0.008941610144,-0.01585470454,
301232246,-0.01109839219,-0.01645562216,
301432266,-0.01343360258,-0.01700430834,
301632285,-0.01711371233,-0.01655679007,
301832305,-0.02071204352,-0.01432714629,
302032325,-0.02298422569,-0.009813872958,
302232345,-0.02295946138,-0.004913394858,
302432364,-0.02025501328,-0.001252529372,
302632384,-0.01671583057,-2.602390508e-05,
302832404,-0.01360092925,-1.178507797e-05,
303032424,-0.01185702316,9.128889581e-05,
303232443,-0.01051464616,0.0003466075702,
303432463,-0.008726131545,0.0003076726161,
303632483,-0.00657932821,-0.001645261698,
303832503,-0.005396721462,-0.004208316029,
304032522,-0.005911417914,-0.007186278289,
304232542,-0.007546827684,-0.008915418255,
304432562,-0.009718533985,-0.009007939693,
304632582,-0.01037551926,-0.007528341921,
304832601,-0.01007306871,-0.006568639905,
305032621,-0.008998400744,-0.006396005206,
305232641,-0.008469915641,-0.006914314573,
305432661,-0.008203900567,-0.00672251647,
305632680,-0.006933563913,-0.00641990697,
305832700,-0.004658257686,-0.006832113251,
306032720,-0.00223268065,-0.008790657618,
306232740,-0.001157648636,-0.01238842307,
306432759,-0.002380658468,-0.01612768975,
306632779,-0.005583602575,-0.01874032584,
306832799,-0.008725973975,-0.01872958562,
307032819,-0.01064145277,-0.01776168508,
307232838,-0.01128352269,-0.01664824682,
307432858,-0.01164400863,-0.0163125593,
307632878,-0.01196001837,-0.01642295258,
307832898,-0.01259488324,-0.01587667696,
308032917,-0.01274700236,-0.01537402456,
308232937,-0.01211823028,-0.01478910599,
308432957,-0.01038727872,-0.01590609105,
308632977,-0.01011469492,-0.01776131797,
308832996,-0.01161937853,-0.01986950112,
309033016,-0.01413762378,-0.02027138519,
309233036,-0.0158545883,-0.01996920646,
309433056,-0.01666114553,-0.01890053641,
309633075,-0.01661910842,-0.01881218585,
309833095,-0.0173823971,-0.01927029033,
310033115,-0.01895896427,-0.01986249533,
310233135,-0.02127209697,-0.01874095701,
310433154,-0.02250873301,-0.01654031567,
310633174,-0.0222487729,-0.01428061297,
310833194,-0.02102465449,-0.01300224256,
311033214,-0.02002609557,-0.01295457508,
311233233,-0.02013474392,-0.01323979603,
311433253,-0.02089447864,-0.01296695728,
311633273,-0.02124748017,-0.01148504487,
311833293,-0.02065372942,-0.01016047021,
312033312,-0.01946289427,-0.009009755867,
312233332,-0.01835506361,-0.008675735749,
312433352,-0.01810404128,-0.00837832505,
312633372,-0.01733944522,-0.006922723532,
312833391,-0.01491395522,-0.005293922154,
313033411,-0.01126928305,-0.005292830845,
313233431,-0.006966809484,-0.007315696892,
313433451,-0.004643734385,-0.01123353222,
313633470,-0.004265881025,-0.0157668165,
313833490,-0.005900720166,-0.01904875174,
314033510,-0.008024954186,-0.02113120699,
314233530,-0.009763159523,-0.02221374088,
314433549,-0.01161988099,-0.0232500106,
314633569,-0.01345609148,-0.02436062279,
314833589,-0.01586065715,-0.02442867907,
315033609,-0.01776444558,-0.02334235047,
315233628,-0.01810326691,-0.02135959009,
315433648,-0.01767949066,-0.02087728862,
315633668,-0.01623348041,-0.02153296136,
315833688,-0.01673691597,-0.02323010495,
316033707,-0.01866958678,-0.02472211308,
316233727,-0.02100013167,-0.02508030346,
316433747,-0.02291881718,-0.02422209676,
316633767,-0.02384366419,-0.02231756529,
316833786,-0.02401091833,-0.02222753569,
317033806,-0.0247796022,-0.02200823531,
317233826,-0.02601128021,-0.02152491951,
317433846,-0.02792897802,-0.01971696865,
317633865,-0.02821431951,-0.01687563925,
317833885,-0.02731767489,-0.01491999755,
318033905,-0.02571539432,-0.0138118862,
318233925,-0.02436575854,-0.01359407696,
318433944,-0.02421206354,-0.01377951145,
318633964,-0.02374055,-0.01314635544,
318833984,-0.0229781846,-0.01202489605,
319034004,-0.02115424049,-0.01169053564,
319234023,-0.01980555071,-0.01246143482,
319434043,-0.01906084679,-0.01393186815,
319634063,-0.01939566854,-0.01407163075,
319834083,-0.01962935458,-0.01337427399,
320034103,-0.01835214281,-0.01237135647,
320234122,-0.01602842521,-0.01186137345,
320434142,-0.01284620969,-0.01345595092,
320634162,-0.01081948414,-0.01650215929,
320834182,-0.01003702312,-0.01991579407,
321034201,-0.0100566358,-0.02293741809,
321234221,-0.01116554684,-0.02568655837,
321434241,-0.01213094436,-0.02847857493,
321634261,-0.01409629637,-0.03149585861,
321834280,-0.01752582138,-0.03412380971,
322034300,-0.02172374549,-0.03570447444,
322234320,-0.02617246854,-0.03431462669,
322434340,-0.02922801102,-0.03257663498,
322634359,-0.03118665113,-0.03078860316,
322834379,-0.03171305212,-0.02964089278,
323034399,-0.03358165299,-0.02847678187,
323234419,-0.03526363522,-0.02759237646,
323434438,-0.03673455238,-0.02526455455,
323634458,-0.0371798599,-0.02263137693,
323834478,-0.03638964185,-0.02007899309,
324034498,-0.03570724346,-0.0191607874,
324234517,-0.035776212,-0.01906079568,
324434537,-0.03634834388,-0.01791160532,
324634557,-0.03676419448,-0.01645250688,
324834577,-0.03608013963,-0.01367280276,
325034596,-0.03456626475,-0.01196480651,
325234616,-0.03309721454,-0.01132767654,
325434636,-0.03160660513,-0.01158859071,
325634656,-0.03075454747,-0.01124077108,
325834675,-0.02963590536,-0.01083436876,
326034695,-0.0277998268,-0.01069591316,
326234715,-0.02551896748,-0.0118459849,
326434735,-0.02476057722,-0.0142006904,
326634754,-0.02535099205,-0.01640334242,
326834774,-0.02674529943,-0.0180826992,
327034794,-0.02887341468,-0.01752978145,
327234814,-0.03001978226,-0.01644954834,
327434833,-0.02951376534,-0.0148911216,
327634853,-0.02902841485,-0.01428825181,
327834873,-0.02850876113,-0.01447039241,
328034893,-0.02841165296,-0.01477462849,
328234912,-0.02858299621,-0.01436808432,
328434932,-0.02806749741,-0.01401117844,
328634952,-0.02738385659,-0.01455280103,
328834972,-0.02722058992,-0.01554955497,
329034991,-0.02839641427,-0.01613301888,
329235011,-0.02988025669,-0.01536034986,
329435031,-0.03072592153,-0.01332003365,
329635051,-0.02989238098,-0.01089936575,
329835070,-0.02780763599,-0.009245371324,
330035090,-0.02494372511,-0.009038498389,
330235110,-0.02297778067,-0.009728459527,
330435130,-0.02129824725,-0.0110672379,
330635149,-0.02009000913,-0.01206668229,
330835169,-0.01838914191,-0.01330445812,
331035189,-0.01665646856,-0.01587386252,
331235209,-0.01609832676,-0.01892442124,
331435228,-0.01699005905,-0.02188012856,
331635248,-0.01853574238,-0.02372897363,
331835268,-0.02053807397,-0.02409368563,
332035288,-0.02163521982,-0.02461172596,
332235307,-0.02214631646,-0.02460540398,
332435327,-0.02265115076,-0.02526037562,
332635347,-0.0235582915,-0.02591689914,
332835367,-0.02456242013,-0.02603123798,
333035386,-0.02492801783,-0.02535663954,
333235406,-0.02406332398,-0.02531804764,
333435426,-0.02268646007,-0.02599615375,
333635446,-0.02194782798,-0.02842403487,
333835465,-0.02291453618,-0.0312227113,
334035485,-0.02457200259,-0.03309612779,
334235505,-0.02645340161,-0.0336579848,
334435525,-0.02814253276,-0.03421277537,
334635544,-0.02937501819,-0.03488682619,
334835564,-0.03051495489,-0.03510538562,
335035584,-0.03288439498,-0.0355544745,
335235604,-0.03476984645,-0.0357043881,
335435623,-0.03605118871,-0.03462262424,
335635643,-0.03669399357,-0.03318524598,
335835663,-0.03642334162,-0.03397238928,
336035683,-0.03656294763,-0.03498300056,
336235702,-0.03790599156,-0.03643256798,
336435722,-0.04044488021,-0.0374925602,
336635742,-0.04253388816,-0.03686698845,
336835762,-0.04411721428,-0.03652977794,
337035781,-0.04564690045,-0.0362332555,
337235801,-0.04762738175,-0.0364002285,
337435821,-0.05053263574,-0.03609455072,
337635841,-0.05362284692,-0.03456263285,
337835860,-0.05484091308,-0.03215387962,
338035880,-0.05632709157,-0.02977853523,
338235900,-0.05625660084,-0.02809692355,
338435920,-0.05679029142,-0.02654602603,
338635939,-0.05847586417,-0.02537117846,
338835959,-0.05942949288,-0.02344574078,
339035979,-0.06016873819,-0.02097529425,
339235999,-0.05978457571,-0.01833715277,
339436018,-0.05970248899,-0.01701589576,
339636038,-0.05911311149,-0.01537679902,
339836058,-0.05941021383,-0.01369704218,
340036078,-0.05871859794,-0.01189672194,
340236097,-0.05808505475,-0.008989009812,
340436117,-0.05527317371,-0.007047741987,
340636137,-0.05270532011,-0.006853385797,
340836157,-0.05010699923,-0.007427258095,
341036176,-0.04919677623,-0.009269608891,
341236196,-0.04865509127,-0.01073511773,
341436216,-0.049041926,-0.01158711349,
341636236,-0.04896985117,-0.01244364203,
341836255,-0.04948178516,-0.01439909366,
342036275,-0.05110811069,-0.01561002732,
342236295,-0.05346980956,-0.0161294617,
342436315,-0.05589102535,-0.01500997551,
342636334,-0.05764662461,-0.01372126625,
342836354,-0.05812472983,-0.0118471379,
343036374,-0.0587936478,-0.01133198859,
343236394,-0.05963474191,-0.01046642037,
343436413,-0.06114953579,-0.009414195878,
343636433,-0.06259890692,-0.007173382679,
343836453,-0.06375524501,-0.004710846093,
344036473,-0.0640961134,-0.001651912243,
344236492,-0.06348481616,0.001144851474,
344436512,-0.06341242862,0.003216983746,
344636532,-0.06283536532,0.006619005086,
344836552,-0.06113386706,0.01069296713,
345036571,-0.05858528506,0.01401726786,
345236591,-0.05417688731,0.01630293541,
345436611,-0.04984875745,0.01698081176,
345636631,-0.04541136938,0.01608481189,
345836650,-0.04198147639,0.01472442197,
346036670,-0.04002387059,0.01266558755,
346236690,-0.03788379856,0.0103813747,
346436710,-0.03637325927,0.007119227448,
346636729,-0.03588134264,0.003913411993,
346836749,-0.03755483122,0.0006755571132,
347036769,-0.0398896149,-0.001196082739,
347236789,-0.04262692829,-0.001454374062,
347436809,-0.04424979778,-0.0003718261633,
347636828,-0.04506875442,0.0007546396542,
347836848,-0.04454022542,0.001553283803,
348036868,-0.04460133586,0.001535005765,
348236888,-0.04505120158,0.001679240896,
348436907,-0.04553546553,0.001745009253,
348636927,-0.04576636096,0.001985429027,
348836947,-0.04621332763,0.002097104603,
349036967,-0.04725199411,0.001792245183,
349236986,-0.04870004299,0.002290326853,
349437006,-0.05147793589,0.003911621062,
349637026,-0.05298012931,0.007408170437,
349837046,-0.0521610102,0.01178895655,
350037065,-0.05047310702,0.01558343815,
350237085,-0.04728531497,0.01852820111,
350437105,-0.04399630065,0.02058412329,
350637125,-0.03976354456,0.0214108358,
350837144,-0.03579460643,0.02195498308,
351037164,-0.03154349043,0.02067470559,
351237184,-0.02743665055,0.01849300965,
351437204,-0.02456820562,0.01463672571,
351637223,-0.02369996463,0.01048301691,
351837243,-0.02419940935,0.006604060425,
352037263,-0.02544703635,0.004368465254,
352237283,-0.02671131344,0.002452124185,
352437302,-0.02762018639,0.0008752816973,
352637322,-0.02910417958,-0.0007773011384,
352837342,-0.0310616588,-0.001917351381,
353037362,-0.03346309077,-0.001902093107,
353237381,-0.03529067112,-0.0007490511556,
353437401,-0.03546153824,0.0008195094315,
353637421,-0.03522335155,0.001904806974,
353837441,-0.03504837321,0.002002456737,
354037460,-0.03491163778,0.001658921949,
354237480,-0.03556727405,0.001766173644,
354437500,-0.03635155039,0.002322157903,
354637520,-0.0360416266,0.003512512722,
354837539,-0.03520318472,0.004272704007,
355037559,-0.03414633826,0.004744172693,
355237579,-0.0334779104,0.004743854501,
355437599,-0.0332558923,0.004527705451,
355637618,-0.03134747039,0.004597152916,
355837638,-0.03014464454,0.003918971523,
356037658,-0.02873304283,0.00234606785,
356237678,-0.0278683745,-2.876298265e-05,
356437697,-0.02911703605,-0.002740185237,
356637717,-0.03093250084,-0.004353611365,
356837737,-0.03325624404,-0.004889708691,
357037757,-0.03432248013,-0.004410723348,
357237776,-0.03582867382,-0.004298618035,
357437796,-0.0368466961,-0.004197052333,
357637816,-0.03779523028,-0.003823989078,
357837836,-0.03982588249,-0.002722003587,
358037855,-0.04053282879,-0.001506360955,
358237875,-0.04097491511,0.0004362524204,
358437895,-0.04129588147,0.001834407965,
358637915,-0.04130241241,0.003071945295,
358837934,-0.04093640181,0.004800563597,
359037954,-0.04074281559,0.006965780604,
359237974,-0.0389834888,0.009302198767,
359437994,-0.03599057435,0.0110225127,
359638013,-0.03285824086,0.01136878698,
359838033,-0.02969900717,0.01060642183,
360038053,-0.02724650124,0.0089919042,
360238073,-0.02573639003,0.007190108227,
360438092,-0.02418997045,0.005148078741,
360638112,-0.02284133999,0.002560072568,
360838132,-0.02206525314,-0.0007756791472,
361038152,-0.02241718615,-0.004510308894,
361238171,-0.02442577509,-0.008288095535,
361438191,-0.0276181887,-0.01036734725,
361638211,-0.03054406968,-0.01184758396,
361838231,-0.03379469516,-0.01219591527,
362038250,-0.03687477865,-0.01174554235,
362238270,-0.03975055806,-0.01098467334,
362438290,-0.04216367412,-0.009021042094,
362638310,-0.04436336395,-0.00631838559,
362838329,-0.04512620408,-0.003039149366,
363038349,-0.04461522828,-0.0005166844252,
363238369,-0.04350903572,0.001334563426,
363438389,-0.04278068066,0.001984608442,
363638408,-0.04285357994,0.002951589062,
363838428,-0.04355795464,0.003661283088,
364038448,-0.04394175273,0.005896176795,
364238468,-0.04273165038,0.008176974231,
364438487,-0.04198377759,0.009943426919,
364638507,-0.04093549272,0.01229455815,
364838527,-0.03902132621,0.01489659671,
365038547,-0.03579744157,0.0172497502,
365238566,-0.03172632907,0.01917342288,
365438586,-0.02616430801,0.01984916773,
365638606,-0.0203675509,0.01811342829,
365838626,-0.01591912811,0.01484794103,
366038645,-0.01344642888,0.009930898626,
366238665,-0.01042177068,0.005776055209,
366438685,-0.008769495701,-0.0001137704207,
366638705,-0.008936419773,-0.006298568663,
366838724,-0.01050561301,-0.01242647842,
367038744,-0.01398447699,-0.01777515331,
367238764,-0.01928382885,-0.02167674145,
367438784,-0.02484495036,-0.02351394736,
367638803,-0.03050512947,-0.02313008023,
367838823,-0.03511037854,-0.02148817407,
368038843,-0.03778400266,-0.01909348494,
368238863,-0.04001598017,-0.01699341648,
368438882,-0.04196834096,-0.01416291355,
368638902,-0.04228536433,-0.01140202618,
368838922,-0.04171753582,-0.009893070589,
369038942,-0.04095541521,-0.008175653345,
369238961,-0.04007645586,-0.008305457085,
369438981,-0.04009563079,-0.008293455452,
369639001,-0.04079648583,-0.007874346699,
369839021,-0.041916556,-0.006997861184,
370039040,-0.04202526041,-0.005466525129,
370239060,-0.0408744045,-0.004311361567,
370439080,-0.03969184969,-0.002994822777,
370639100,-0.03843089858,-0.003524812045,
370839119,-0.03760286209,-0.00400917096,
371039139,-0.03696753985,-0.004697218702,
371239159,-0.03638519787,-0.005361188858,
371439179,-0.03580654796,-0.006581960845,
371639198,-0.03582948134,-0.007974339376,
371839218,-0.03700046297,-0.009382625854,
372039238,-0.03815940234,-0.009716098608,
372239258,-0.03940781185,-0.009173343159,
372439277,-0.03929427373,-0.008511071848,
372639297,-0.03888780507,-0.008543379837,
372839317,-0.03791414443,-0.009192941949,
373039337,-0.03717442133,-0.01072604077,
373239356,-0.03752150319,-0.01232946482,
373439376,-0.03765716268,-0.01449885604,
373639396,-0.03820067258,-0.01639052641,
373839416,-0.03933383127,-0.01898134616,
374039436,-0.04150537187,-0.02181537608,
374239455,-0.04542868882,-0.02476267928,
374439475,-0.05038738104,-0.02635113587,
374639495,-0.05638029173,-0.02557090868,
374839515,-0.06144847235,-0.02430079286,
375039534,-0.06561044576,-0.02122863367,
375239554,-0.06885819143,-0.01759731838,
375439574,-0.07184898946,-0.01310877273,
375639594,-0.07394703392,-0.007712609693,
375839613,-0.07444185311,-0.002296225153,
376039633,-0.07337475951,0.002296198328,
376239653,-0.0714522521,0.006483935306,
376439673,-0.06848457598,0.009309152776,
376639692,-0.06634717697,0.011246776,
376839712,-0.06528970893,0.0126007166,
377039732,-0.06305993914,0.01457524157,
377239752,-0.06163048779,0.01627862042,
377439771,-0.05864366343,0.01758326323,
377639791,-0.05599683799,0.01817278192,
377839811,-0.05415599905,0.01844972026,
378039831,-0.05227630725,0.01804480923,
378239850,-0.04991153294,0.0173345807,
378439870,-0.04801989858,0.01616902193,
378639890,-0.0465916831,0.01391324616,
378839910,-0.04640138204,0.01171166127,
379039929,-0.04716902443,0.009570127923,
379239949,-0.04884266942,0.008054183318,
379439969,-0.05009975002,0.007747758636,
379639989,-0.0512614955,0.007730272627,
379840008,-0.05251765255,0.007880277702,
380040028,-0.05350970666,0.007822357974,
380240048,-0.05505792412,0.007712322077,
380440068,-0.0565084777,0.008953563243,
380640087,-0.05777893792,0.01007587693,
380840107,-0.05877416964,0.01146989755,
381040127,-0.05925315963,0.01249812391,
381240147,-0.05987523245,0.01345462343,
381440166,-0.06134873822,0.01482742827,
381640186,-0.06249640892,0.01671855095,
381840206,-0.06320761774,0.01987696514,
382040226,-0.06367391149,0.02311994929,
382240245,-0.06314518301,0.02630827618,
382440265,-0.06225455643,0.02931588722,
382640285,-0.060377236,0.03309279485,
382840305,-0.05748860787,0.03644796643,
383040324,-0.05321329367,0.03936357273,
383240344,-0.04891006125,0.04118420142,
383440364,-0.04289985156,0.04038862135,
383640384,-0.03828115715,0.03851858932,
383840403,-0.03495731264,0.03518093713,
384040423,-0.03321225265,0.03205547864,
384240443,-0.03309705394,0.0292713967,
384440463,-0.03269475201,0.02619529895,
384640482,-0.03376221435,0.02379767079,
384840502,-0.03494215353,0.02179833793,
385040522,-0.03697754723,0.0212704165,
385240542,-0.03909236745,0.02094489321,
385440561,-0.0403864303,0.02173825942,
385640581,-0.04077229051,0.02270992807,
385840601,-0.04070555343,0.02363069291,
386040621,-0.0408777187,0.02397524175,
386240640,-0.04134881,0.02437252202,
386440660,-0.04230415699,0.02611175863,
386640680,-0.0418800899,0.02782073485,
386840700,-0.04088134271,0.02932879981,
387040719,-0.03892853209,0.03074631084,
387240739,-0.03727891223,0.03094396573,
387440759,-0.03581006334,0.03108046378,
387640779,-0.03402035285,0.0312780703,
387840798,-0.03176181815,0.03112435771,
388040818,-0.02973626697,0.03038782126,
388240838,-0.02857414972,0.02932219226,
388440858,-0.02713166751,0.02754472454,
388640877,-0.02662089192,0.02500024496,
388840897,-0.02634555641,0.02334666021,
389040917,-0.02624260852,0.02210521431,
389240937,-0.0264863953,0.02000894218,
389440956,-0.02749148664,0.01793381693,
389640976,-0.02984332169,0.01616293787,
389840996,-0.03192138516,0.01520372808,
390041016,-0.03464544551,0.01572426318,
390241035,-0.03621551535,0.01688721521,
390441055,-0.03731617971,0.01816656598,
390641075,-0.03739545302,0.01892300344,
390841095,-0.03791846569,0.01974190687,
391041114,-0.03850004687,0.02012484243,
391241134,-0.03957946011,0.02098160379,
391441154,-0.04031512028,0.02208122321,
391641174,-0.04100602917,0.02369060605,
391841193,-0.04195916657,0.02522492684,
392041213,-0.04226285436,0.027112875,
392241233,-0.04277333957,0.02904976909,
392441253,-0.04242999561,0.03269404036,
392641272,-0.04076837824,0.0359738277,
392841292,-0.03746172411,0.03867321346,
393041312,-0.03395824976,0.04038821057,
393241332,-0.02992687479,0.04133168935,
393441351,-0.02631099516,0.04113158396,
393641371,-0.02271188825,0.04014862098,
393841391,-0.0189662435,0.0380342412,
394041411,-0.015794076,0.03579571218,
394241430,-0.01323130405,0.0319324738,
394441450,-0.01178648485,0.02776944318,
394641470,-0.01199964314,0.02352364369,
394841490,-0.01324773344,0.02003324608,
395041509,-0.01488063307,0.01705804493,
395241529,-0.01737699312,0.01461314648,
395441549,-0.0200814476,0.01294299804,
395641569,-0.02336711174,0.01161160901,
395841588,-0.02675112054,0.01139547853,
396041608,-0.02977935727,0.01229826992,
396241628,-0.03209252005,0.01320177605,
396441648,-0.03448814294,0.01442613768,
396641667,-0.0369589003,0.0157167945,
396841687,-0.0391546495,0.01777959436,
397041707,-0.04172795684,0.02060063621,
397241727,-0.0434243149,0.02495943364,
397441746,-0.04391766776,0.02954951111,
397641766,-0.04259312932,0.03421367366,
397841786,-0.04012488252,0.03876717893,
398041806,-0.03714548102,0.04245007513,
398241825,-0.032809697,0.04536366075,
398441845,-0.02868740737,0.04775947828,
398641865,-0.02320865113,0.04835440935,
398841885,-0.0177500477,0.04784202674,
399041904,-0.01279810409,0.0461988587,
399241924,-0.008511615473,0.04297289756,
399441944,-0.005930981168,0.03964771156,
399641964,-0.003636985429,0.03643145785,
399841983,-0.002268954549,0.0325889339,
400042003,-0.001658437831,0.02894515827,
400242023,-0.00149374146,0.02523364848,
400442043,-0.002737485392,0.02169062503,
400642063,-0.004727382259,0.01935283269,
400842082,-0.007053136399,0.01773838694,
401042102,-0.008882401129,0.01729107243,
401242122,-0.01007833859,0.01731607434,
401442142,-0.01150769579,0.01758854754,
401642161,-0.01210723658,0.01801729846,
401842181,-0.01240379998,0.01894262297,
402042201,-0.0124208188,0.01962632381,
402242221,-0.01131981773,0.02000239668,
402442240,-0.01001681622,0.0200575985,
402642260,-0.008947757577,0.01905524599,
402842280,-0.00799555348,0.01771079756,
403042300,-0.00699896534,0.01660217987,
403242319,-0.00625434981,0.01527343051,
403442339,-0.00559297117,0.01297050603,
403642359,-0.005174583947,0.01035633361,
403842379,-0.005718891986,0.007490945662,
404042398,-0.007621752323,0.00466724337,
404242418,-0.01067953909,0.00304801957,
404442438,-0.0136023888,0.002325499834,
404642458,-0.01587796994,0.00176296555,
404842477,-0.01806622548,0.001481762215,
405042497,-0.01982375232,0.001586616315,
405242517,-0.02163064085,0.001954977768,
405442537,-0.02316983098,0.002492059157,
405642556,-0.02450496564,0.003443845998,
405842576,-0.02543346059,0.003986516825,
406042596,-0.02719160251,0.003593869341,
406242616,-0.02905377658,0.003519865413,
406442635,-0.0322717353,0.003487845201,
406642655,-0.03529780461,0.004599215865,
406842675,-0.03884520735,0.007449766943,
407042695,-0.04132625147,0.01073749342,
407242714,-0.04279353695,0.01477373838,
407442734,-0.04339740464,0.01926526869,
407642754,-0.04343102977,0.02367720478,
407842774,-0.0424685079,0.0284557031,
408042793,-0.04027010295,0.03282153751,
408242813,-0.0366937089,0.03684869131,
408442833,-0.03214432432,0.03925956519,
408642853,-0.02774956279,0.04142386959,
408842872,-0.02340959796,0.04185842947,
409042892,-0.01907181264,0.04167192019,
409242912,-0.01532861318,0.04134708079,
409442932,-0.01097320313,0.03968006884,
409642951,-0.008154153556,0.03699885602,
409842971,-0.005406361447,0.03410382012,
410042991,-0.003939879818,0.03129386505,
410243011,-0.003015351721,0.02852468109,
410443030,-0.002244602396,0.02625945993,
410643050,-0.001393410908,0.0240542656,
410843070,-0.001110368285,0.02127314763,
411043090,-0.001110023104,0.01858170299,
411243109,-0.001933464603,0.01562437473,
411443129,-0.003403895127,0.0133912831,
411643149,-0.005241892555,0.01149219679,
411843169,-0.007084101895,0.01051037688,
412043188,-0.009297849401,0.01004375591,
412243208,-0.01164560856,0.009902828255,
412443228,-0.01401610996,0.01085856119,
412643248,-0.01541087966,0.01227051387,
412843267,-0.01595691456,0.01411861951,
413043287,-0.01533979175,0.01560033862,
413243307,-0.01442324752,0.01634542404,
413443327,-0.0134427231,0.01652621665,
413643346,-0.01287792009,0.01629921724,
413843366,-0.01263934669,0.01597412604,
414043386,-0.01229139751,0.01542054114,
414243406,-0.01244799632,0.01515668325,
414443425,-0.0124700225,0.01443929816,
414643445,-0.01309558275,0.0139633535,
414843465,-0.013780219,0.01400620716,
415043485,-0.01451063243,0.01478928549,
415243504,-0.01506667499,0.01592917093,
415443524,-0.01464885625,0.01699422494,
415643544,-0.01347963582,0.0178181883,
415843564,-0.01243832666,0.01832027509,
416043583,-0.01149068435,0.01825464077,
416243603,-0.009656118099,0.01846661971,
416443623,-0.008391191631,0.01701073724,
416643643,-0.007273014078,0.01583001951,
416843662,-0.006653535871,0.01313281391,
417043682,-0.007116556875,0.01083295363,
417243702,-0.008488507023,0.00921049376,
417443722,-0.01105696355,0.008361694137,
417643741,-0.01359233919,0.008328499016,
417843761,-0.01573186916,0.009005644407,
418043781,-0.01675726537,0.01005689467,
418243801,-0.01738749436,0.01182763002,
418443820,-0.01744741741,0.01397135848,
418643840,-0.01728412165,0.01559787732,
418843860,-0.01581059483,0.01724263756,
419043880,-0.0141342212,0.01805188659,
419243899,-0.01249828297,0.01810026067,
419443919,-0.01124305503,0.01745521288,
419643939,-0.01005373544,0.01698490279,
419843959,-0.009216337816,0.01683958355,
420043978,-0.008870160808,0.01574424682,
420243998,-0.007953930146,0.0149986511,
420444018,-0.007063398482,0.01383605637,
420644038,-0.007315641351,0.01232768242,
420844057,-0.007889414758,0.0111388387,
421044077,-0.008736089213,0.01023207799,
421244097,-0.009484907535,0.009872555976,
421444117,-0.009754811238,0.009469839352,
421644136,-0.01093132267,0.009236178924,
421844156,-0.01209021425,0.008958125595,
422044176,-0.01341333654,0.0091079581,
422244196,-0.01424604101,0.01001928487,
422444215,-0.01503661347,0.0111732992,
422644235,-0.01495797419,0.01238235174,
422844255,-0.01495084555,0.0130939507,
423044275,-0.01498099766,0.01442792532,
423244294,-0.01486596345,0.01550083878,
423444314,-0.01423002579,0.01717833146,
423644334,-0.0129622506,0.01837399021,
423844354,-0.01128844313,0.01930077643,
424044373,-0.009042142449,0.01989969643,
424244393,-0.007220317603,0.01975801134,
424444413,-0.00541454068,0.01958602383,
424644433,-0.003354549277,0.01911194204,
424844452,-0.0008921040418,0.0183273773,
425044472,0.001343715332,0.01688753625,
425244492,0.003548211167,0.01477956614,
425444512,0.005374690279,0.01189638745,
425644531,0.006542353164,0.008849559123,
425844551,0.007136744467,0.005260920698,
426044571,0.007181756469,0.001412001774,
426244591,0.006121859367,-0.002832598095,
426444610,0.003821231884,-0.007070458655,
426644630,0.0003740526588,-0.01051033763,
426844650,-0.003729949181,-0.01255979668,
427044670,-0.008674810085,-0.01354349006,
427244690,-0.01259468856,-0.01324432337,
427444709,-0.01636274745,-0.0122211879,
427644729,-0.0192171708,-0.01047347668,
427844749,-0.02191778931,-0.008847185439,
428044769,-0.02390431427,-0.006573822202,
428244788,-0.02545899342,-0.004382967542,
428444808,-0.02546651425,-0.002213659398,
428644828,-0.02592185298,-0.0008539645354,
428844848,-0.02657872986,0.0006380755976,
429044867,-0.02744125424,0.001835092711,
429244887,-0.02863101388,0.003342646433,
429444907,-0.02978066662,0.004933568984,
429644927,-0.02996679946,0.007361095355,
429844946,-0.03068756744,0.009334189247,
430044966,-0.03049702073,0.01173057904,
430244986,-0.03000903115,0.01429072416,
430445006,-0.02956575303,0.01679336974,
430645025,-0.02760621997,0.01957917017,
430845045,-0.02496226429,0.02166418169,
431045065,-0.02144113939,0.02303978322,
431245085,-0.01889796219,0.02299465159,
431445104,-0.01625873792,0.02231265255,
431645124,-0.01468606896,0.02141542327,
431845144,-0.01319754177,0.01964143889,
432045164,-0.01247656212,0.01886637636,
432245183,-0.01225107891,0.01740251945,
432445203,-0.01249249208,0.01647529131,
432645223,-0.01296766916,0.01645347015,
432845243,-0.01301084167,0.01675823716,
433045262,-0.01284397407,0.01743197674,
433245282,-0.01182770076,0.01777448128,
433445302,-0.0106746457,0.0172705435,
433645322,-0.009858466757,0.0166551396,
433845341,-0.009164233624,0.01598859414,
434045361,-0.009336568961,0.01526389418,
434245381,-0.009198909138,0.01513737219,
434445401,-0.00897063003,0.01479821841,
434645420,-0.008948555048,0.01481302552,
434845440,-0.009124561956,0.01499073661,
435045460,-0.008914042616,0.01495690474,
435245480,-0.008842121287,0.01535271513,
435445499,-0.007755734838,0.01566265127,
435645519,-0.006558550456,0.01509502268,
435845539,-0.005355634166,0.01472694628,
436045559,-0.00497187893,0.013386395,
436245578,-0.004821878507,0.01202122084,
436445598,-0.005199773298,0.0108447665,
436645618,-0.005610295844,0.01021141494,
436845638,-0.006408761086,0.009479870306,
437045657,-0.007508376255,0.009101383664,
437245677,-0.008655776698,0.009154265494,
437445697,-0.009630406486,0.009657260131,
437645717,-0.01066652513,0.01126541604,
437845736,-0.01085350803,0.0130090055,
438045756,-0.01027152854,0.01502023583,
438245776,-0.008796935761,0.0165384193,
438445796,-0.007101331049,0.01742303637,
438645815,-0.004892617939,0.01809263231,
438845835,-0.002755677102,0.01808904899,
439045855,-0.0003467430213,0.01729512665,
439245875,0.001857069892,0.01584924936,
439445894,0.003236361697,0.01386757522,
439645914,0.004246477567,0.01136010785,
439845934,0.003898305365,0.008952641245,
440045954,0.003445171034,0.007311839007,
440245973,0.002681286018,0.006216476681,
440445993,0.002316065179,0.005565656294,
440646013,0.001446726586,0.005057575296,
440846033,0.001192060559,0.004715399758,
441046052,0.001177746491,0.004728473735,
441246072,0.001208073761,0.004676820889,
441446092,0.00224288764,0.004515670643,
441646112,0.003473914617,0.003846114355,
441846131,0.004530835674,0.002431263945,
442046151,0.005357810997,0.0006626181048,
442246171,0.005874260254,-0.001689945798,
442446191,0.005789277422,-0.004137181308,
442646210,0.005378530376,-0.006530872129,
442846230,0.00408453963,-0.009360779456,
443046250,0.00181241449,-0.01174845886,
443246270,-0.0004915847907,-0.01380279743,
443446289,-0.003755210421,-0.01526364134,
443646309,-0.006836919759,-0.01582217778,
443846329,-0.009913567723,-0.01559342893,
444046349,-0.0123976652,-0.01496656,
444246368,-0.01457803117,-0.01426843186,
444446388,-0.01667263314,-0.01322405826,
444646408,-0.01889332636,-0.01171826898,
444846428,-0.02093151585,-0.01001033866,
445046447,-0.02214743406,-0.007786549766,
445246467,-0.02242562488,-0.005783967228,
445446487,-0.02252105663,-0.003813795357,
445646507,-0.02226848351,-0.002013043402,
445846526,-0.02245473266,-0.0005542412606,
446046546,-0.02256635532,0.001271198635,
446246566,-0.02212698359,0.002674137888,
446446586,-0.0214706803,0.003644764125,
446646605,-0.02103567733,0.004367847261,
446846625,-0.02068013549,0.005408139468,
447046645,-0.02022014198,0.006484961078,
447246665,-0.01964682187,0.007600205997,
447446684,-0.01796503366,0.00906707763,
447646704,-0.0157946366,0.009610525127,
447846724,-0.01380223624,0.009800230172,
448046744,-0.01210707001,0.009303076383,
448246763,-0.01074340815,0.008201823473,
448446783,-0.009434327726,0.007257103417,
448646803,-0.008735285108,0.005773835409,
448846823,-0.008350792501,0.00384041417,
449046842,-0.008645295762,0.002166031275,
449246862,-0.009701265552,0.0008258567589,
449446882,-0.01108084686,2.180915136e-05,
449646902,-0.01264195076,-0.0002527230214,
449846921,-0.01373249142,0.0004425881317,
450046941,-0.01506650366,0.0009863799601,
450246961,-0.01581165737,0.001596151177,
450446981,-0.01669574622,0.002373147702,
450647000,-0.01729729436,0.003221731094,
450847020,-0.01740352593,0.004554697958,
451047040,-0.01674023549,0.005697967686,
451247060,-0.01553251775,0.006244272086,
451447079,-0.01391858708,0.00595372876,
451647099,-0.012485822,0.00534944788,
451847119,-0.01206776218,0.00448247482,
452047139,-0.01173141159,0.003277778014,
452247158,-0.01177645365,0.002437768003,
452447178,-0.01266736343,0.001398284349,
452647198,-0.01377696907,0.0006187874144,
452847218,-0.01524938148,0.000611721983,
453047237,-0.01653399718,0.0006248997748,
453247257,-0.0176754911,0.0008955181987,
453447277,-0.01874375055,0.001194969106,
453647297,-0.01956221193,0.001855631095,
453847317,-0.02038741749,0.002633214667,
454047336,-0.02117259703,0.003438720438,
454247356,-0.0224570925,0.004743150109,
454447376,-0.02354630819,0.006421691533,
454647396,-0.02325533203,0.009103374247,
454847415,-0.02253518891,0.01169423551,
455047435,-0.02129145466,0.01390567065,
455247455,-0.01987281053,0.01575114444,
455447475,-0.01787232938,0.01740790516,
455647494,-0.01499897919,0.01850666105,
455847514,-0.01218309614,0.019066922,
456047534,-0.009187304873,0.01825547987,
456247554,-0.006816283316,0.01720099209,
456447573,-0.004923295533,0.01515246674,
456647593,-0.003718667781,0.01327353294,
456847613,-0.003559393401,0.01099003245,
457047633,-0.002815926961,0.009255012611,
457247652,-0.003302164834,0.007258164903,
457447672,-0.004198359053,0.005514219743,
457647692,-0.005892620347,0.004318608062,
457847712,-0.007602745892,0.004285018443,
458047731,-0.008972757193,0.004874874626,
458247751,-0.009517359147,0.006343620137,
458447771,-0.009803212658,0.007646542289,
458647791,-0.009231311766,0.009013882998,
458847810,-0.008200841067,0.009725910533,
459047830,-0.006681404729,0.01073889606,
459247850,-0.004531254224,0.01118098,
459447870,-0.002978162117,0.01070411673,
459647889,-0.001400500645,0.009446863162,
459847909,1.013341043e-05,0.007904198246,
460047929,0.0008294106983,0.006373908288,
460247949,0.00125669087,0.004804801234,
460447968,0.001499694158,0.003098911988,
460647988,0.001633929167,0.001826079601,
460848008,0.001962784612,0.0001102452981,
461048028,0.00181011839,-0.001554740427,
461248047,0.001078779128,-0.003003868925,
461448067,0.0007158279045,-0.004423765468,
461648087,-0.0001592784581,-0.005954895523,
461848107,-0.0007007512072,-0.00749069144,
462048126,-0.001663003002,-0.008946456917,
462248146,-0.003029093294,-0.01042511097,
462448166,-0.004705498535,-0.01198538656,
462648186,-0.006448462606,-0.01294333679,
462848205,-0.008796771769,-0.01396641407,
463048225,-0.01113488752,-0.01483631312,
463248245,-0.0137431586,-0.01547568761,
463448265,-0.01704778681,-0.0153495631,
463648284,-0.02009725425,-0.01457603206,
463848304,-0.0232955952,-0.01290632143,
464048324,-0.02602545442,-0.01029791189,
464248344,-0.02749624326,-0.00724419936,
464448363,-0.02893730733,-0.004100686427,
464648383,-0.02920329748,-0.0007152582958,
464848403,-0.02870534323,0.002805661919,
465048423,-0.02759465921,0.005838533184,
465248442,-0.02578113464,0.008829061644,
465448462,-0.02308915082,0.01119740525,
465648482,-0.02004963752,0.01249860385,
465848502,-0.01683687945,0.01301308559,
466048521,-0.0138612212,0.01266479907,
466248541,-0.0113127104,0.01154930595,
466448561,-0.009010624918,0.009715747174,
466648581,-0.007440615703,0.007459129424,
466848600,-0.006356374332,0.004937098717,
467048620,-0.006309282481,0.00224602792,
467248640,-0.007473111489,-0.0003114486785,
467448660,-0.008957208752,-0.00211049977,
467648679,-0.01061627266,-0.003278206497,
467848699,-0.01224844579,-0.003999653956,
468048719,-0.01365481817,-0.004484705728,
468248739,-0.01524026969,-0.004325134576,
468448758,-0.01655994045,-0.004187713234,
468648778,-0.01773993055,-0.003617367989,
468848798,-0.01880734249,-0.003363356919,
469048818,-0.01987480442,-0.003261382119,
469248837,-0.02114342578,-0.003298026458,
469448857,-0.02304316161,-0.003599541464,
469648877,-0.02496576174,-0.002901427248,
469848897,-0.02720728771,-0.001516467695,
470048916,-0.02909382462,0.0005144982785,
470248936,-0.03028989994,0.002413451105,
470448956,-0.03136427461,0.004787322811,
470648976,-0.03200896343,0.006773050547,
470848995,-0.03235879335,0.009058533081,
471049015,-0.03308003941,0.01129694501,
471249035,-0.03290629874,0.01353020681,
471449055,-0.03278383472,0.01553268809,
471649074,-0.03251888647,0.01759768242,
471849094,-0.03275862488,0.01988721505,
472049114,-0.03246900714,0.02236648331,
472249134,-0.03257514752,0.02547559242,
472449153,-0.03202998161,0.02884327909,
472649173,-0.03018641325,0.03264900396,
472849193,-0.02812611611,0.03640942254,
473049213,-0.02523851741,0.03993569375,
473249232,-0.02187058577,0.04366770733,
473449252,-0.01720616804,0.0464809807,
473649272,-0.01120370225,0.04815920969,
473849292,-0.004904344113,0.04835260805,
474049311,0.0008643183299,0.04743683049,
474249331,0.006408356132,0.04470469057,
474449351,0.01087487903,0.04182903997,
474649371,0.01415954045,0.03806746705,
474849390,0.01644560238,0.03399509312,
475049410,0.01792693375,0.03048119547,
475249430,0.01879658939,0.02687657722,
475449450,0.01889983907,0.02407891135,
475649469,0.01944734491,0.02168364707,
475849489,0.01898801712,0.01972046112,
476049509,0.01956435135,0.01786267052,
476249529,0.02008887358,0.01610680045,
476449548,0.01994925893,0.01378480177,
476649568,0.01997145628,0.01172236548,
476849588,0.01911028718,0.009686104674,
477049608,0.01861507287,0.007972041208,
477249627,0.01832030803,0.007109528534,
477449647,0.01732404712,0.005761331258,
477649667,0.01634898325,0.004553116532,
477849687,0.01510307253,0.003831084286,
478049706,0.0142620133,0.003902023025,
478249726,0.01336438876,0.003835514293,
478449746,0.01349305097,0.004637494962,
478649766,0.01390463277,0.004842355917,
478849785,0.01437862969,0.004745429751,
479049805,0.01500116109,0.004540846631,
479249825,0.0162920854,0.004291449579,
479449845,0.01742606479,0.003586830426,
479649864,0.01802771114,0.002442849217,
479849884,0.01820527032,0.001086791798,
480049904,0.01867847913,-0.000238907652,
480249924,0.01909649386,-0.001100296666,
480449944,0.01881364091,-0.002248265804,
480649963,0.01978773189,-0.002582507117,
480849983,0.02003548232,-0.003616223612,
481050003,0.02090500257,-0.004918752979,
481250023,0.02207505814,-0.006552354421,
481450042,0.02263112679,-0.008381108169,
481650062,0.02358284699,-0.01082984479,
481850082,0.02336781315,-0.01385336645,
482050102,0.0228758427,-0.0169372655,
482250121,0.02205809747,-0.01998801432,
482450141,0.02056516636,-0.02281325569,
482650161,0.01782772141,-0.02541794681,
482850181,0.01526548084,-0.02698910258,
483050200,0.0121894523,-0.02879527991,
483250220,0.009130994891,-0.02934865963,
483450240,0.00601038102,-0.02979596609,
483650260,0.003527356256,-0.02935040749,
483850279,0.0005618386074,-0.02875934178,
484050299,-0.002164957956,-0.0272207422,
484250319,-0.003963823469,-0.02556287403,
484450339,-0.00498114169,-0.0236915684,
484650358,-0.005458413194,-0.02168405106,
484850378,-0.005620831818,-0.02062761748,
485050398,-0.0056086181,-0.01906215277,
485250418,-0.004901383183,-0.01783598915,
485450437,-0.004555283963,-0.01703089621,
485650457,-0.003516202164,-0.01658042593,
485850477,-0.002481843852,-0.01610872262,
486050497,-0.001573262873,-0.01647477628,
486250516,-0.0006599490091,-0.0168569348,
486450536,0.0001205524815,-0.01785335472,
486650556,0.0005723115904,-0.01875692567,
486850576,0.00110744635,-0.02016916007,
487050595,0.000907129873,-0.02196926207,
487250615,0.0001687573319,-0.0237639521,
487450635,-0.000996554894,-0.02514807852,
487650655,-0.002159747584,-0.02620053916,
487850674,-0.00389615377,-0.02701070693,
488050694,-0.005373051798,-0.02709629587,
488250714,-0.006614979792,-0.02771372682,
488450734,-0.007634454926,-0.02837083625,
488650753,-0.009125821391,-0.02879219508,
488850773,-0.01076067316,-0.02877792312,
489050793,-0.01236583975,-0.02946777176,
489250813,-0.01445812383,-0.02955353123,
489450832,-0.01649721741,-0.02909885041,
489650852,-0.01884650859,-0.02840364929,
489850872,-0.02098223679,-0.02694334754,
490050892,-0.02279699084,-0.02525382034,
490250911,-0.02421002713,-0.02289770347,
490450931,-0.02453716967,-0.02020895744,
490650951,-0.02440286404,-0.01795824843,
490850971,-0.02381314715,-0.01651354242,
491050990,-0.02293123726,-0.01493381983,
491251010,-0.02151550857,-0.01426191586,
491451030,-0.02012256911,-0.014060856,
491651050,-0.01931385935,-0.01421065574,
491851069,-0.01849370032,-0.01521664626,
492051089,-0.01840513401,-0.01653005644,
492251109,-0.01909611711,-0.01748707758,
492451129,-0.02065694805,-0.01815295834,
492651148,-0.02231388723,-0.01808569487,
492851168,-0.02420228327,-0.01758681199,
493051188,-0.02612722296,-0.01641043071,
493251208,-0.02813626399,-0.01479642802,
493451227,-0.02924898758,-0.01232309116,
493651247,-0.03005377476,-0.009408070305,
493851267,-0.0290997525,-0.006486889073,
494051287,-0.02723187002,-0.003653646858,
494251306,-0.02555911375,-0.001524669962,
494451326,-0.02373501683,0.0004253053097,
494651346,-0.02131613628,0.001478870197,
494851366,-0.01918301153,0.002812510022,
495051385,-0.0157876655,0.002885115694,
495251405,-0.01272507127,0.002143806983,
495451425,-0.0100101754,0.0007533131742,
495651445,-0.007444827348,-0.0008892666974,
495851464,-0.005691332962,-0.002923617204,
496051484,-0.004027367421,-0.005579227707,
496251504,-0.00260678386,-0.008633499708,
496451524,-0.001847417077,-0.01203574026,
496651543,-0.002531778256,-0.01547679022,
496851563,-0.004029677853,-0.01901363079,
497051583,-0.00622551949,-0.02205426165,
497251603,-0.009191935654,-0.02473168777,
497451622,-0.0124310643,-0.026158408,
497651642,-0.01587232149,-0.02669293266,
497851662,-0.01882396378,-0.02698951798,
498051682,-0.02248884815,-0.026716014,
498251701,-0.02553981708,-0.02553367503,
498451721,-0.02761575925,-0.02399967118,
498651741,-0.03035199032,-0.02240568095,
498851761,-0.03173092498,-0.02037308746,
499051780,-0.03355177331,-0.01876888457,
499251800,-0.03498823394,-0.01627765742,
499451820,-0.03616238868,-0.013989352,
499651840,-0.03692531549,-0.01124097457,
499851859,-0.03685986614,-0.00865905979,
500051879,-0.03648774749,-0.005774023571,
500251899,-0.03600964587,-0.003398584622,
500451919,-0.0347293932,-0.001323211078,
500651938,-0.03334331487,0.0009420427337,
500851958,-0.03135805673,0.00215327058,
501051978,-0.02944092572,0.002983679516,
501251998,-0.02737618373,0.003151200136,
501452017,-0.02569107352,0.002869649916,
501652037,-0.02404389162,0.002710963084,
501852057,-0.0232478757,0.002220541672,
502052077,-0.02245552496,0.001374063901,
502252096,-0.02264888609,0.0008525284165,
502452116,-0.02276101197,0.0005946496177,
502652136,-0.02276513446,0.0006010144476,
502852156,-0.0228571901,0.001007246554,
503052175,-0.02240243395,0.001932043831,
503252195,-0.02177571718,0.002756475466,
503452215,-0.02075551702,0.003588799837,
503652235,-0.01865833785,0.003284111284,
503852254,-0.01643260262,0.002209380706,
504052274,-0.01504913813,-0.0001184431338,
504252294,-0.01407176735,-0.002611521313,
504452314,-0.01496168673,-0.005283722238,
504652333,-0.01600360897,-0.007965113779,
504852353,-0.01829959439,-0.01010057348,
505052373,-0.02142240141,-0.0112071206,
505252393,-0.02457356333,-0.01150613573,
505452412,-0.02778187124,-0.01097035658,
505652432,-0.03097316178,-0.009053904447,
505852452,-0.03339289675,-0.006588023774,
506052472,-0.03509392059,-0.00414316548,
506252491,-0.03615003995,-0.0009327061328,
506452511,-0.03676323662,0.001783710244,
506652531,-0.0366232223,0.004709154423,
506852551,-0.03598545406,0.007118092901,
507052571,-0.03560758748,0.009625585715,
507252590,-0.03438034766,0.01153200108,
507452610,-0.03380272743,0.01317889619,
507652630,-0.03278807885,0.01490671946,
507852650,-0.03194072284,0.01679446581,
508052669,-0.03086298153,0.01889102024,
508252689,-0.0294661616,0.0211042551,
508452709,-0.02751336267,0.02300125532,
508652729,-0.02528152932,0.02520332571,
508852748,-0.02263665177,0.02658554304,
509052768,-0.01995158787,0.02794815462,
509252788,-0.01641256624,0.02835797307,
509452808,-0.01350157006,0.0282231292,
509652827,-0.01033635828,0.0275254583,
509852847,-0.007740526309,0.02608170719,
510052867,-0.005940019053,0.02457225655,
510252887,-0.004105898141,0.02348570839,
510452906,-0.002873270634,0.02192738466,
510652926,-0.002061028848,0.02125955994,
510852946,-0.001059806595,0.0200030794,
511052966,-0.0001689571335,0.0190862715,
511252985,0.0004610339074,0.01833097144,
511453005,0.001506319984,0.01818358509,
511653025,0.002745400853,0.01722729165,
511853045,0.004040920025,0.01670396981,
512053064,0.005390482689,0.01524270642,
512253084,0.006476476312,0.01355432229,
512453104,0.007314735041,0.01198804595,
512653124,0.008289261507,0.01030528968,
512853143,0.008107416521,0.00828858485,
513053163,0.008195447199,0.006056767619,
513253183,0.007807308017,0.004083512921,
513453203,0.006467605097,0.002749095516,
513653222,0.0051663427,0.001376183844,
513853242,0.00350346263,0.0009026433524,
514053262,0.002042665676,0.0007723474731,
514253282,0.001083461022,0.001347916824,
514453301,7.174188553e-05,0.002306570333,
514653321,-0.0008516936476,0.003434637334,
514853341,-0.0009048700884,0.004888870052,
515053361,-0.0008172533539,0.006478045842,
515253380,-5.583733111e-05,0.008286815506,
515453400,0.001634422847,0.009882731613,
515653420,0.003297620935,0.01124385587,
515853440,0.006046887834,0.01208614797,
516053459,0.008251319196,0.01251721527,
516253479,0.01185974121,0.01231992654,
516453499,0.0148071887,0.01114217888,
516653519,0.01748336408,0.009300330903,
516853538,0.01972842339,0.007142243695,
517053558,0.02097607782,0.004368715247,
517253578,0.02209712799,0.001991630354,
517453598,0.02302566942,-0.0005838797955,
517653617,0.02310861738,-0.002494876845,
517853637,0.02388433523,-0.004554342299,
518053657,0.02427850899,-0.006507038075,
518253677,0.02456214712,-0.00857231785,
518453696,0.02524738361,-0.0106247702,
518653716,0.02570445982,-0.01310311767,
518853736,0.02634985374,-0.01530470263,
519053756,0.02597411498,-0.01811680576,
519253775,0.02565621337,-0.02153967622,
519453795,0.02496446812,-0.02448691127,
519653815,0.02388752668,-0.02754604223,
519853835,0.0221899863,-0.03020088278,
520053854,0.02017979393,-0.03290993321,
520253874,0.0179853891,-0.03530713328,
520453894,0.01555928964,-0.03773627857,
520653914,0.01213600046,-0.03932382325,
520853933,0.0095304116,-0.04049919787,
521053953,0.006796960869,-0.04092182634,
521253973,0.004242228969,-0.04149211342,
521453993,0.00183873595,-0.04184392046,
521654012,-0.0002966331303,-0.0421511769,
521854032,-0.003190775937,-0.04238068094,
522054052,-0.005310559455,-0.04231189085,
522254072,-0.007892854204,-0.04196169451,
522454091,-0.01032880737,-0.0421913955,
522654111,-0.0123966366,-0.04133519186,
522854131,-0.01509266454,-0.04053739016,
523054151,-0.0178094316,-0.03758539693,
523254170,-0.0196061942,-0.03613706935,
523454190,-0.0203737704,-0.03345054018,
523654210,-0.02076771588,-0.03100392934,
523854230,-0.02048187023,-0.02881962052,
524054249,-0.01965887213,-0.02738456348,
524254269,-0.01869681354,-0.02645776346,
524454289,-0.01749219628,-0.02582189996,
524654309,-0.01638762919,-0.0260115838,
524854328,-0.01534209357,-0.02659575211,
525054348,-0.01469436746,-0.02755082708,
525254368,-0.0142214887,-0.02882746368,
525454388,-0.01422238859,-0.0298244981,
525654407,-0.01462880083,-0.03133468441,
525854427,-0.0155715111,-0.0328409092,
526054447,-0.01673340404,-0.03431427803,
526254467,-0.01862152409,-0.03563316261,
526454486,-0.02075608065,-0.0369960449,
526654506,-0.02358270154,-0.0379778402,
526854526,-0.02680335128,-0.03819513344,
527054546,-0.03020324821,-0.03793957495,
527254565,-0.0337737868,-0.03676350495,
527454585,-0.03727901275,-0.03524167438,
527654605,-0.03997912583,-0.03275715839,
527854625,-0.04317810133,-0.03013340461,
528054644,-0.04483915788,-0.02619028432,
528254664,-0.04604242597,-0.02203478177,
528454684,-0.04611072631,-0.01780671018,
528654704,-0.04556062865,-0.0136539863,
528854723,-0.04396460117,-0.01033742235,
529054743,-0.0420815241,-0.007676293995,
529254763,-0.03981326963,-0.005759515045,
529454783,-0.03740858744,-0.004704401731,
529654802,-0.03540047371,-0.004390467966,
529854822,-0.03407322441,-0.004716096749,
530054842,-0.03370122826,-0.005056691904,
530254862,-0.03340263562,-0.005195888239,
530454881,-0.03401152607,-0.005106688287,
530654901,-0.03509656838,-0.003501675451,
530854921,-0.03504317298,-0.001932390456,
531054941,-0.03558917672,6.882575244e-05,
531254960,-0.03495728477,0.00298523232,
531454980,-0.03406455533,0.005756992513,
531655000,-0.03245202288,0.00875634878,
531855020,-0.02943648194,0.01192686426,
532055039,-0.02578258853,0.01376717672,
532255059,-0.02170218778,0.01540776978,
532455079,-0.01691010222,0.01577735114,
532655099,-0.01197235677,0.01558543723,
532855118,-0.007274042026,0.01375088255,
533055138,-0.002839839225,0.01126751384,
533255158,0.0005669257888,0.007730539172,
533455178,0.003265284,0.003670834197,
533655198,0.005088269384,-0.0009825180927,
533855217,0.005658458304,-0.006111146858,
534055237,0.00536779637,-0.01082947917,
534255257,0.004257564662,-0.0150066807,
534455277,0.002708855974,-0.0187698002,
534655296,8.758331781e-05,-0.022570655,
534855316,-0.003117076861,-0.02547374854,
535055336,-0.006163040229,-0.02776792858,
535255356,-0.01005924171,-0.02874630116,
535455375,-0.01378932703,-0.02965025113,
535655395,-0.01749455374,-0.02966214397,
535855415,-0.02091835936,-0.02913391067,
536055435,-0.02403279558,-0.02787605284,
536255454,-0.02615756615,-0.02648102791,
536455474,-0.02845236704,-0.02432477611,
536655494,-0.030522384,-0.02219837072,
536855514,-0.03216948876,-0.01988044762,
537055533,-0.03274984278,-0.01743609508,
537255553,-0.03361104734,-0.01507147079,
537455573,-0.0340120882,-0.01258861743,
537655593,-0.03406943132,-0.009411808027,
537855612,-0.03313564444,-0.006923914598,
538055632,-0.03146688566,-0.004842210712,
538255652,-0.02956957737,-0.003284767245,
538455672,-0.02753011975,-0.001100147175,
538655691,-0.02543936321,0.0001047126947,
538855711,-0.02299560216,0.0006449472753,
539055731,-0.02040812063,0.0005352274541,
539255751,-0.0171771638,-0.0006093049526,
539455770,-0.01518446184,-0.002711244122,
539655790,-0.01409804278,-0.004994867659,
539855810,-0.01363619064,-0.006974065019,
540055830,-0.01370793519,-0.00914946762,
540255849,-0.01419400816,-0.01044080831,
540455869,-0.01509486201,-0.01184000217,
540655889,-0.01654094948,-0.01324047048,
540855909,-0.01762767719,-0.01380094758,
541055928,-0.01872798797,-0.0137571081,
541255948,-0.01988789436,-0.01342759593,
541455968,-0.02046218185,-0.01310513378,
541655988,-0.02117362701,-0.01280571819,
541856007,-0.02125344293,-0.01225454526,
542056027,-0.02149918845,-0.01209791071,
542256047,-0.02147787493,-0.01191164665,
542456067,-0.02121451842,-0.01156640258,
542656086,-0.02148358095,-0.01146177724,
542856106,-0.02167831779,-0.01197300329,
543056126,-0.0220460286,-0.01188244868,
543256146,-0.022708879,-0.01196065821,
543456165,-0.02289672541,-0.0116511758,
543656185,-0.02329067827,-0.01126464906,
543856205,-0.02357724978,-0.01099178922,
544056225,-0.02394113898,-0.01045506884,
544256244,-0.02437281049,-0.01004933969,
544456264,-0.02442013851,-0.009684483879,
544656284,-0.0246212037,-0.008702348271,
544856304,-0.02520437138,-0.007845056683,
545056323,-0.02505342856,-0.007186814487,
545256343,-0.02496562825,-0.006103777723,
545456363,-0.02452315691,-0.004686417014,
545656383,-0.02450572288,-0.003637521817,
545856402,-0.02320592979,-0.002591627982,
546056422,-0.02186429443,-0.001878778453,
546256442,-0.02090088871,-0.002154131074,
546456462,-0.01950435943,-0.002173424002,
546656481,-0.01800239754,-0.003311735968,
546856501,-0.01713137856,-0.004645201992,
547056521,-0.01676873674,-0.005678275303,
547256541,-0.01647838474,-0.006216298338,
547456560,-0.01664097648,-0.006935545047,
547656580,-0.01655413456,-0.007160725457,
547856600,-0.01666512538,-0.007684966348,
548056620,-0.01693758196,-0.007244629119,
548256639,-0.01661231213,-0.007064996207,
548456659,-0.01605119533,-0.006949785562,
548656679,-0.01519248662,-0.006596786605,
548856699,-0.01392820687,-0.007120669712,
549056718,-0.01224959674,-0.007917871213,
549256738,-0.01138128819,-0.008601880086,
549456758,-0.0102221005,-0.01045553236,
549656778,-0.009723715026,-0.01256534444,
549856797,-0.00957441398,-0.0147256508,
550056817,-0.009990518378,-0.01712794874,
550256837,-0.01119929969,-0.01886345461,
550456857,-0.01321522026,-0.02089816033,
550656876,-0.01523623666,-0.02160030287,
550856896,-0.01692168906,-0.02185320225,
551056916,-0.01885748978,-0.02178287397,
551256936,-0.02008210293,-0.02146971695,
551456955,-0.02071161233,-0.02048007932,
551656975,-0.02093943011,-0.02072829993,
551856995,-0.0213557323,-0.02044021586,
552057015,-0.02188509058,-0.01999862329,
552257034,-0.02174188193,-0.02086047987,
552457054,-0.0219777886,-0.02068795053,
552657074,-0.02266638845,-0.02136108512,
552857094,-0.02380385247,-0.02214232452,
553057113,-0.02448055426,-0.0227138157,
553257133,-0.02568395157,-0.02278945137,
553457153,-0.02710140823,-0.02222217822,
553657173,-0.02784295653,-0.02173160726,
553857192,-0.02887656877,-0.02157959042,
554057212,-0.02929051979,-0.02087333722,
554257232,-0.02950079872,-0.01991151602,
554457252,-0.02934667257,-0.01954225531,
554657271,-0.02883241621,-0.01907472301,
554857291,-0.02838230369,-0.01941424619,
555057311,-0.02835646501,-0.01992804978,
555257331,-0.02753620808,-0.02093614243,
555457350,-0.02761879105,-0.0223044277,
555657370,-0.02814513491,-0.02387720151,
555857390,-0.02925584594,-0.02590081411,
556057410,-0.03104120233,-0.02748074999,
556257429,-0.03335857294,-0.02901850648,
556457449,-0.03637683984,-0.0304264816,
556657469,-0.0396728326,-0.03069915389,
556857489,-0.04319796554,-0.03063296218,
557057508,-0.04709188805,-0.02921973266,
557257528,-0.05053125056,-0.02811544688,
557457548,-0.05335312247,-0.02533332181,
557657568,-0.05625422715,-0.02203358086,
557857587,-0.05873369919,-0.01847230104,
558057607,-0.06023644716,-0.0147370825,
558257627,-0.06139653995,-0.01064676459,
558457647,-0.06178280013,-0.006882826777,
558657666,-0.06072360482,-0.00305425973,
558857686,-0.05959172989,0.0005343078441,
559057706,-0.05784363992,0.003786210932,
559257726,-0.0565287061,0.006177298642,
559457745,-0.05401322726,0.008315380059,
559657765,-0.05221161801,0.009762802213,
559857785,-0.04979675044,0.01149316667,
560057805,-0.04809161957,0.01231614741,
560257825,-0.04588974015,0.01306305266,
560457844,-0.04380321307,0.01417142067,
560657864,-0.04152762873,0.01433469188,
560857884,-0.03976515587,0.0145106995,
561057904,-0.03793884952,0.01424468991,
561257923,-0.0368233381,0.01374294169,
561457943,-0.0355273676,0.01303836465,
561657963,-0.03489437541,0.01217898391,
561857983,-0.0343838244,0.01143154223,
562058002,-0.03438365635,0.01125920417,
562258022,-0.03453895239,0.01073275844,
562458042,-0.03466588989,0.01074841822,
562658062,-0.0352110207,0.01123490461,
562858081,-0.03557338594,0.01200120941,
563058101,-0.03535310726,0.01309699742,
563258121,-0.03487452838,0.01407692778,
563458141,-0.03415854578,0.01583465675,
563658160,-0.03286936629,0.01731620588,
563858180,-0.03152623533,0.01844466757,
564058200,-0.02918515779,0.01932732569,
564258220,-0.02687959672,0.01950816627,
564458239,-0.02442393496,0.01936666305,
564658259,-0.02219334143,0.01862698669,
564858279,-0.01993378378,0.0178539428,
565058299,-0.01860539499,0.01649567003,
565258318,-0.01671762745,0.0149863175,
565458338,-0.01545579165,0.0138413343,
565658358,-0.0141737099,0.01220297921,
565858378,-0.01296832357,0.01036677747,
566058397,-0.01216141766,0.008652340634,
566258417,-0.01165963932,0.006359465611,
566458437,-0.01112371003,0.004154805413,
566658457,-0.01103966151,0.001935869096,
566858476,-0.0116453144,-0.0007931842507,
567058496,-0.01280514598,-0.003341569139,
567258516,-0.01449897589,-0.005369700775,
567458536,-0.01628550665,-0.007039037311,
567658555,-0.01853945002,-0.007607733575,
567858575,-0.0207290453,-0.007814267157,
568058595,-0.0224831059,-0.007708054197,
568258615,-0.02401024857,-0.007556918328,
568458634,-0.02524357755,-0.007110172816,
568658654,-0.02637129689,-0.006313037534,
568858674,-0.02710524974,-0.00577295203,
569058694,-0.02756381701,-0.005796506792,
569258713,-0.02777739162,-0.005589348052,
569458733,-0.02798027657,-0.00587425157,
569658753,-0.02831597675,-0.006697231188,
569858773,-0.02890038565,-0.007301757892,
570058792,-0.03088708754,-0.007699644838,
570258812,-0.03330680729,-0.007676197938,
570458832,-0.03595828487,-0.007195388821,
570658852,-0.0382451739,-0.005750257019,
570858871,-0.04083090635,-0.004217961539,
571058891,-0.04235450262,-0.001652852621,
571258911,-0.04383714422,0.001404956795,
571458931,-0.04450081282,0.004713151228,
571658950,-0.04388724969,0.00790949589,
571858970,-0.04236000127,0.01065241797,
572058990,-0.04097755662,0.01356198331,
572259010,-0.03882079366,0.01582331126,
572459029,-0.03626589864,0.01757364177,
572659049,-0.03330214949,0.01884717751,
572859069,-0.03036653634,0.01899646469,
573059089,-0.02757674241,0.01932713001,
573259108,-0.02484657361,0.01875361795,
573459128,-0.02200402629,0.01741615871,
573659148,-0.02009665714,0.01551369694,
573859168,-0.01815790428,0.01315106983,
574059187,-0.01755590453,0.01065604737,
574259207,-0.01718554921,0.008230330103,
574459227,-0.01700622183,0.005839827728,
574659247,-0.01793057263,0.003775224048,
574859266,-0.01897055644,0.002137188287,
575059286,-0.02033263731,0.001002359073,
575259306,-0.02280474466,-5.737635278e-06,
575459326,-0.02426541483,-0.0005823207865,
575659345,-0.02556292681,-0.0009623881559,
575859365,-0.02643239614,-0.001189929794,
576059385,-0.02772259843,-0.0008775475255,
576259405,-0.02854298394,-0.001146662811,
576459424,-0.02906531433,-0.0009970053566,
576659444,-0.03008324417,-0.0009493941124,
576859464,-0.03075081828,-0.001063086584,
577059484,-0.03140474812,-0.0004897122686,
577259503,-0.03232350928,-0.000603145483,
577459523,-0.03299176001,0.0001393916439,
577659543,-0.03401919545,0.0004785849634,
577859563,-0.03505509486,0.00110578911,
578059582,-0.03649635556,0.00184543571,
578259602,-0.03704840004,0.002543555843,
578459622,-0.03799438967,0.003311147801,
578659642,-0.03919323367,0.004335464757,
578859661,-0.04003547007,0.005163411932,
579059681,-0.04053056255,0.005991041779,
579259701,-0.04145867417,0.006843489648,
579459721,-0.0429141984,0.008033046788,
579659740,-0.04367378789,0.009753079526,
579859760,-0.04468664264,0.01164866564,
580059780,-0.04541024459,0.0142666564,
580259800,-0.04635616241,0.01684403222,
580459819,-0.04590893797,0.01972671328,
580659839,-0.04468228425,0.02316417385,
580859859,-0.04295231972,0.02646181629,
581059879,-0.04028992971,0.02884772685,
581259898,-0.03668487666,0.03053395713,
581459918,-0.03354216394,0.03135542826,
581659938,-0.02928372242,0.03132068155,
581859958,-0.02579573946,0.02995063733,
582059977,-0.02341650975,0.02801189429,
582259997,-0.02124846455,0.02502177528,
582460017,-0.02034345344,0.02200485625,
582660037,-0.02042690452,0.0190565569,
582860056,-0.02133344879,0.01655372355,
583060076,-0.02369289687,0.01412038511,
583260096,-0.02649415689,0.0134190044,
583460116,-0.02951358671,0.01332604952,
583660135,-0.03229903409,0.01442450163,
583860155,-0.03483557357,0.01583163594,
584060175,-0.03645041555,0.01834051201,
584260195,-0.03773436494,0.02099370875,
584460214,-0.03816361469,0.02398531836,
584660234,-0.03817388278,0.0269533259,
584860254,-0.03712907609,0.0295577231,
585060274,-0.03621908871,0.03219903565,
585260293,-0.034601768,0.03448075847,
585460313,-0.03312178272,0.03671950452,
585660333,-0.0304815794,0.03830919058,
585860353,-0.02839097638,0.04020942388,
586060372,-0.02573913659,0.0414958047,
586260392,-0.0224651738,0.04276667869,
586460412,-0.01972655833,0.04276093535,
586660432,-0.016158309,0.04327100038,
586860452,-0.01343642161,0.04248573777,
587060471,-0.01055534274,0.04182061815,
587260491,-0.008064902764,0.03997302063,
587460511,-0.005997570491,0.03794488657,
587660531,-0.004151164903,0.03627229894,
587860550,-0.002788645491,0.03436276742,
588060570,-0.001684125135,0.03271884575,
588260590,-0.001109682273,0.03081684498,
588460610,-0.0006952483179,0.02929462631,
588660629,-0.0002652689412,0.02794378538,
588860649,0.0005359281647,0.02661169552,
589060669,0.0007773442868,0.0255913652,
589260689,0.001235056956,0.02430330686,
589460708,0.001433950609,0.02237068681,
589660728,0.001859182883,0.02093102429,
589860748,0.001869319091,0.01974957209,
590060768,0.001827161196,0.01822217355,
590260787,0.001197291743,0.01627123223,
590460807,0.001049971314,0.01463140051,
590660827,0.0002065901043,0.01379785986,
590860847,-0.000739551975,0.01221901651,
591060866,-0.001757132687,0.01134453908,
591260886,-0.002780046468,0.01086448687,
591460906,-0.003616230714,0.01046803357,
591660926,-0.004670459924,0.009605442591,
591860945,-0.005287591592,0.008779495315,
592060965,-0.006089147212,0.008072385304,
592260985,-0.006999748791,0.007792584274,
592461005,-0.008230860283,0.00685201919,
592661024,-0.009904043088,0.006111345628,
592861044,-0.01197620371,0.005798323505,
593061064,-0.01421740296,0.006058298848,
593261084,-0.01632054895,0.006668833343,
593461103,-0.01861170664,0.008038377412,
593661123,-0.02073960556,0.009691469712,
593861143,-0.02210296867,0.0122355509,
594061163,-0.0234499769,0.0149906238,
594261182,-0.02413241561,0.01765508247,
594461202,-0.02459716388,0.02047843935,
594661222,-0.02398549199,0.02344941503,
594861242,-0.02276594998,0.02671034746,
595061261,-0.02134676949,0.02915932016,
595261281,-0.0188725651,0.03144626187,
595461301,-0.01605467819,0.03334693694,
595661321,-0.01338692759,0.03467742232,
595861340,-0.01022386033,0.03476617291,
596061360,-0.007499238836,0.03459787839,
596261380,-0.004766997218,0.03412792564,
596461400,-0.002683319652,0.03276576359,
596661419,-0.0005456442783,0.03196668574,
596861439,0.0006959986177,0.03052430199,
597061459,0.001574198433,0.02910683888,
597261479,0.002180575541,0.02748470426,
597461498,0.002991515894,0.02630525029,
597661518,0.003404577547,0.0259089424,
597861538,0.004039656107,0.02490357013,
598061558,0.003970225259,0.02421527733,
598261577,0.004100388807,0.02322124378,
598461597,0.004633650347,0.02295961763,
598661617,0.004863483868,0.02220119057,
598861637,0.005382219891,0.02177854385,
599061656,0.005991216418,0.02146224597,
599261676,0.006337403157,0.02060987948,
599461696,0.006172403718,0.01986003501,
599661716,0.00641361467,0.01961990931,
599861735,0.006927630831,0.01927344914,
600061755,0.007147941454,0.01887340617,
600261775,0.007557160483,0.01863357731,
600461795,0.008334436637,0.01890247834,
600661814,0.009034521702,0.01834769296,
600861834,0.01001316272,0.01816477742,
601061854,0.01112684496,0.01732907383,
601261874,0.01279784145,0.01616895073,
601461893,0.0133742594,0.0143363048,
601661913,0.01373290205,0.0125261112,
601861933,0.01408192651,0.01062169687,
602061953,0.01364022118,0.008723488428,
602261972,0.01268841952,0.007003982306,
602461992,0.01157784034,0.005735059234,
602662012,0.01066161169,0.005350337166,
602862032,0.009512706171,0.004632563455,
603062051,0.008856447641,0.004896165674,
603262071,0.008454645902,0.004796617472,
603462091,0.009273887651,0.004811841278,
603662111,0.009548217305,0.004274832512,
603862130,0.009864280672,0.003370791817,
604062150,0.01039055095,0.001852592969,
604262170,0.01039952723,-0.0001449656213,
604462190,0.01012395262,-0.001904477542,
604662209,0.008719242334,-0.004058978866,
604862229,0.006698064114,-0.006621028392,
605062249,0.00399658579,-0.008033025239,
605262269,0.0007201979453,-0.008787386395,
605462288,-0.002257701959,-0.008928092795,
605662308,-0.005986907526,-0.007839401173,
605862328,-0.008651703361,-0.00606671536,
606062348,-0.01111362245,-0.003701378828,
606262367,-0.0124906719,-0.0004711449141,
606462387,-0.01322791253,0.003130487608,
606662407,-0.01334939315,0.006377180283,
606862427,-0.01227553842,0.009289853873,
607062446,-0.01078947673,0.01195281928,
607262466,-0.008743170256,0.014015466,
607462486,-0.00689118488,0.015251566,
607662506,-0.004479728408,0.01604674049,
607862525,-0.002054889549,0.01661523639,
608062545,-0.0003655975585,0.01652583456,
608262565,0.001744288775,0.0164373896,
608462585,0.003252971355,0.01575412428,
608662604,0.005255022992,0.01527425265,
608862624,0.00691984908,0.01451190131,
609062644,0.008274221083,0.01326166663,
609262664,0.009882845425,0.01209206986,
609462683,0.0112471953,0.01052858647,
609662703,0.0119878995,0.008098463337,
609862723,0.01241040817,0.005979390384,
610062743,0.01226433054,0.003712513206,
610262762,0.01226517512,0.002041263578,
610462782,0.01166466498,6.455963608e-05,
610662802,0.01022108043,-0.001470137836,
610862822,0.009018213114,-0.003157474728,
611062841,0.007554095988,-0.004163713542,
611262861,0.006094161913,-0.005216334472,
611462881,0.00442010964,-0.005298030389,
611662901,0.003091980941,-0.00532406702,
611862920,0.001693369432,-0.00548598402,
612062940,0.0008009135601,-0.005363471447,
612262960,-0.0006334175338,-0.005314969576,
612462980,-0.001489596172,-0.005360243158,
612662999,-0.002777902298,-0.004885353976,
612863019,-0.004119523645,-0.00406260429,
613063039,-0.005405024964,-0.003298569974,
613263059,-0.006409671355,-0.002486475526,
613463079,-0.007034749108,-0.0009332115687,
613663098,-0.008312464192,0.0003848999662,
613863118,-0.008477116144,0.002539316268,
614063138,-0.008603624254,0.004279220695,
614263158,-0.007858109404,0.005861403882,
614463177,-0.007445912858,0.007504916071,
614663197,-0.006673423655,0.009322765335,
614863217,-0.005371386806,0.0106173868,
615063237,-0.004162711423,0.01206460386,
615263256,-0.003268694342,0.01285562344,
615463276,-0.001722335129,0.01372312505,
615663296,5.576381143e-05,0.01527534164,
615863316,0.001876493553,0.01592701609,
616063335,0.003549487225,0.01617541361,
616263355,0.005874019314,0.01677820424,
616463375,0.008844132045,0.01734019898,
616663395,0.01116340199,0.0166155265,
616863414,0.01423021356,0.01637238491,
617063434,0.01693890424,0.01546317647,
617263454,0.02006965416,0.01356847779,
617463474,0.02252998589,0.01112599159,
617663493,0.02491630344,0.007979145375,
617863513,0.02667081186,0.00467938151,
618063533,0.02828936536,0.001210235564,
618263553,0.02876827483,-0.002867451704,
618463572,0.02882634213,-0.006991341727,
618663592,0.02837061235,-0.01128405383,
618863612,0.02711435048,-0.01471313564,
619063632,0.02510331517,-0.01844264711,
619263651,0.02273287561,-0.02173594598,
619463671,0.02026768261,-0.02413823529,
619663691,0.0170765343,-0.02635003103,
619863711,0.01387692833,-0.02748194006,
620063730,0.01074577656,-0.02881937548,
620263750,0.007991147047,-0.02919214894,
620463770,0.005446609771,-0.0294739162,
620663790,0.003717228858,-0.02897266345,
620863809,0.001796606946,-0.02937744558,
621063829,8.283339377e-05,-0.02944898845,
621263849,-0.001829033396,-0.02944760216,
621463869,-0.002976431737,-0.02999625479,
621663888,-0.005001921249,-0.03075749522,
621863908,-0.007230205805,-0.03135445953,
622063928,-0.009665984941,-0.03163087306,
622263948,-0.01291065503,-0.03186776645,
622463967,-0.0164031189,-0.03148319893,
622663987,-0.01979275923,-0.03017979369,
622864007,-0.02309937099,-0.02852673035,
623064027,-0.02601532757,-0.02560760413,
623264046,-0.02829954276,-0.02240242754,
623464066,-0.03000698121,-0.01866229147,
623664086,-0.0295667457,-0.01462579253,
623864106,-0.02949849869,-0.01122363472,
624064125,-0.02936492726,-0.008724527463,
624264145,-0.02814976214,-0.006211540013,
624464165,-0.02666737313,-0.003741162618,
624664185,-0.02457895825,-0.002684903781,
624864204,-0.02218019714,-0.002203878847,
625064224,-0.02051253384,-0.001800066252,
625264244,-0.01914656202,-0.002469113407,
625464264,-0.01875312665,-0.003594780662,
625664283,-0.01871988967,-0.004172098067,
625864303,-0.018944095,-0.004650128618,
626064323,-0.0189348254,-0.00504532617,
626264343,-0.01969445691,-0.005299155548,
626464362,-0.0205912047,-0.005590416805,
626664382,-0.02166824413,-0.004815469343,
626864402,-0.02254949221,-0.004666761496,
627064422,-0.02434291119,-0.005092633077,
627264441,-0.02539356135,-0.004951720289,
627464461,-0.0264474889,-0.004388725902,
627664481,-0.02827902683,-0.004023900825,
627864501,-0.03021569523,-0.003425868842,
628064520,-0.03171187769,-0.001570795205,
628264540,-0.03324995257,0.0007443519386,
628464560,-0.03463765774,0.003591951663,
628664580,-0.03570958533,0.006559739891,
628864599,-0.03641747926,0.01014721131,
629064619,-0.03629738917,0.01346348102,
629264639,-0.03575208953,0.01659792117,
629464659,-0.03517969488,0.02004751442,
629664678,-0.03388421664,0.02312277104,
629864698,-0.03169843416,0.02598841555,
630064718,-0.030466046,0.02826083807,
630264738,-0.02790786552,0.03096527991,
630464757,-0.02615127929,0.03365449678,
630664777,-0.02376667791,0.03576528523,
630864797,-0.021189216,0.03769379529,
631064817,-0.01795745212,0.04042794275,
631264836,-0.01528289811,0.04233632554,
631464856,-0.01093687301,0.04392672613,
631664876,-0.007503690979,0.04502024319,
631864896,-0.002930368738,0.04607087704,
632064915,0.001576803021,0.04620172996,
632264935,0.006776517035,0.04593137672,
632464955,0.01159993658,0.04517882737,
632664975,0.01587794996,0.04379487794,
632864994,0.02089966817,0.04180195607,
633065014,0.02510257069,0.03920769856,
633265034,0.02903457769,0.03626531081,
633465054,0.03314925513,0.03268271956,
633665073,0.0363766639,0.02862277678,
633865093,0.03960977214,0.02429155323,
634065113,0.04218909568,0.01827019699,
634265133,0.04402112716,0.01322971322,
634465152,0.04573500616,0.00699013825,
634665172,0.04546530021,0.00056956487,
634865192,0.04462067981,-0.006030065799,
635065212,0.04286690026,-0.01256529967,
635265231,0.03988029621,-0.0183057148,
635465251,0.03563805017,-0.02354718331,
635665271,0.03157841497,-0.02758933984,
635865291,0.02593014362,-0.03138482184,
636065310,0.02029928216,-0.03373556271,
636265330,0.01452260286,-0.03512437233,
636465350,0.008954593095,-0.03538410493,
636665370,0.003909259388,-0.03459849208,
636865389,-5.794001881e-05,-0.0335365301,
637065409,-0.004559955797,-0.03171453921,
637265429,-0.008080338315,-0.02970095859,
637465449,-0.01100363001,-0.02710511742,
637665468,-0.01356039457,-0.024106157,
637865488,-0.01532350392,-0.02146326033,
638065508,-0.016556401,-0.01852836562,
638265528,-0.01741748711,-0.01569701517,
638465547,-0.01714626109,-0.01231224471,
638665567,-0.01719830201,-0.009616660868,
638865587,-0.01650453118,-0.007458119459,
639065607,-0.01529936941,-0.005266093301,
639265626,-0.01342943569,-0.003709313427,
639465646,-0.01210754482,-0.002747408675,
639665666,-0.0103091694,-0.002519412871,
639865686,-0.009004230551,-0.002301045236,
640065706,-0.007579277787,-0.002680980167,
640265725,-0.007079699923,-0.003534993792,
640465745,-0.006901372886,-0.004383727897,
640665765,-0.006953978923,-0.005131327077,
640865785,-0.007388983792,-0.006280751237,
641065804,-0.008077494814,-0.006726394664,
641265824,-0.00839720983,-0.006925023738,
641465844,-0.009444225569,-0.007207700994,
641665864,-0.01057060423,-0.007088198813,
641865883,-0.01144336104,-0.006877018894,
642065903,-0.01243226209,-0.006610444711,
642265923,-0.01335285451,-0.005989757031,
642465943,-0.01376693778,-0.005022941297,
642665962,-0.0150156296,-0.003877783899,
642865982,-0.01509869371,-0.00323922077,
643066002,-0.01531538231,-0.001378861714,
643266022,-0.01547547025,-6.05520387e-05,
643466041,-0.01494050943,0.001002395322,
643666061,-0.01412080605,0.001942528842,
643866081,-0.01362663158,0.002020328358,
644066101,-0.01235031196,0.002777741959,
644266120,-0.01243345416,0.002323229913,
644466140,-0.01184374441,0.001840712183,
644666160,-0.01230667731,0.00161879264,
644866180,-0.01279721629,0.001095003469,
645066199,-0.01372835597,0.001517305965,
645266219,-0.01531851949,0.001593140575,
645466239,-0.01608162883,0.002582573972,
645666259,-0.01692952785,0.004437996208,
645866278,-0.01763417697,0.006473650007,
646066298,-0.01799510265,0.008125506849,
646266318,-0.01743057821,0.01048988367,
646466338,-0.01670560169,0.0126866561,
646666357,-0.015332574,0.01467961174,
646866377,-0.01348763879,0.01603685094,
647066397,-0.01180319714,0.01733209368,
647266417,-0.009837585296,0.01758073412,
647466436,-0.007708382647,0.01859323652,
647666456,-0.005476904044,0.01809905121,
647866476,-0.003874738016,0.01770810899,
648066496,-0.002628998107,0.01700855475,
648266515,-0.001439689242,0.01647488682,
648466535,-0.0003736085902,0.01639878355,
648666555,0.0005087503506,0.01542096398,
648866575,0.00128416323,0.01462644742,
649066594,0.001943084816,0.01397714762,
649266614,0.002746404251,0.01320117073,
649466634,0.003606515006,0.01273423341,
649666654,0.004213323704,0.01190368724,
649866673,0.004848121175,0.01101192622,
650066693,0.004756644571,0.009999436226,
650266713,0.005370871051,0.009317630902,
650466733,0.005396710394,0.008469956278,
650666752,0.005456930783,0.00818797154,
650866772,0.005372294507,0.007549448142,
651066792,0.005567184063,0.006848374313,
651266812,0.005367698821,0.006303420363,
651466831,0.005507398001,0.005764659698,
651666851,0.005535131463,0.005276393521,
651866871,0.005485438729,0.005056231015,
652066891,0.005366096694,0.004266787345,
652266910,0.005446710053,0.004341759277,
652466930,0.004984962872,0.003689656642,
652666950,0.004600336875,0.002848411864,
652866970,0.004418222874,0.002972804731,
653066989,0.00356227098,0.002314664387,
653267009,0.003137061904,0.002497809691,
653467029,0.002817248891,0.002759149097,
653667049,0.00245493837,0.00297857604,
653867068,0.002378684234,0.003806882427,
654067088,0.003045239821,0.004488289789,
654267108,0.003051998479,0.004321523985,
654467128,0.003973070467,0.004801961123,
654667147,0.004489883653,0.004358323668,
654867167,0.005479370475,0.004082855951,
655067187,0.006023556596,0.003448279693,
655267207,0.006139763002,0.002390102203,
655467226,0.006343541129,0.001653341044,
655667246,0.005708035931,0.0006899609416,
655867266,0.005911465646,0.0002044171859,
656067286,0.005110040739,-0.0001473987515,
656267305,0.004008267366,-0.0009141430893,
656467325,0.004104258527,-0.0003372607964,
656667345,0.003776458108,-0.0003609741028,
656867365,0.003533337742,-0.0003771500123,
657067384,0.00350270831,5.606857733e-05,
657267404,0.003945235425,1.925996665e-05,
657467424,0.003961077303,3.523280667e-05,
657667444,0.003574427563,-0.001116237623,
657867463,0.003886660539,-0.0009534262946,
658067483,0.003681396015,-0.002014765968,
658267503,0.00335146349,-0.002289575024,
658467523,0.002630527516,-0.002717426297,
658667542,0.001777924016,-0.003234083143,
658867562,0.001507921551,-0.003297434719,
659067582,8.881182981e-05,-0.003435126825,
659267602,-0.0004597830322,-0.003114074458,
659467621,-0.001377475605,-0.002416511764,
659667641,-0.002558540798,-0.002325201102,
659867661,-0.003134670824,-0.00132903581,
660067681,-0.00337774499,-0.0002728021979,
660267700,-0.003859662872,0.001122651477,
660467720,-0.003839368309,0.002146243903,
660667740,-0.004341534952,0.003208186738,
660867760,-0.004032719284,0.004255696479,
661067779,-0.003088698848,0.005803632475,
661267799,-0.002630947852,0.006884396762,
661467819,-0.001909996506,0.00796123166,
661667839,-0.0006377398114,0.009039656948,
661867858,0.0007571684997,0.009846878418,
662067878,0.002264389283,0.009846162397,
662267898,0.00387859354,0.009773644136,
662467918,0.005463538172,0.009657723179,
662667937,0.006972204927,0.009089353056,
662867957,0.008311608978,0.008501862196,
663067977,0.009471921697,0.007313457433,
663267997,0.01077024254,0.006175902574,
663468016,0.01127429224,0.004752177654,
663668036,0.01196144382,0.003756381389,
663868056,0.01272166757,0.002504798057,
664068076,0.01293409004,0.0007165163485,
664268095,0.01285763606,-0.000781693083,
664468115,0.0123630049,-0.002544665213,
664668135,0.01199490332,-0.003749571824,
664868155,0.01056594175,-0.005667246043,
665068174,0.009605226153,-0.00680672677,
665268194,0.008133404728,-0.00828934409,
665468214,0.007004827013,-0.008486940085,
665668234,0.005747925674,-0.008970219382,
665868253,0.004837673476,-0.008641026356,
666068273,0.00321920705,-0.009172615378,
666268293,0.002762682357,-0.008215655611,
666468313,0.002215987928,-0.007704067929,
666668333,0.001347228177,-0.008051785832,
666868353,0.001143680841,-0.007703774181,
667068372,0.0003284568135,-0.008050442883,
667268392,4.740586101e-05,-0.00815228234,
667468412,-0.0002885793928,-0.00828732883,
667668432,-0.001250870384,-0.009005226173,
667868451,-0.002432628096,-0.009383664669,
668068471,-0.00356829687,-0.009496094768,
668268491,-0.004930189689,-0.009218430297,
668468511,-0.006158321099,-0.009087029797,
668668530,-0.007851486615,-0.008945759114,
668868550,-0.009344066677,-0.008096122737,
669068570,-0.01098429426,-0.006810722519,
669268590,-0.0119997038,-0.00556490056,
669468609,-0.01325089641,-0.004128876171,
669668629,-0.01449635735,-0.003147548384,
669868649,-0.01523552989,-0.001570255156,
670068669,-0.0158124361,0.000140282056,
670268688,-0.01631133857,0.001868292144,
670468708,-0.01746546101,0.003766635151,
670668728,-0.01829896716,0.005678766743,
670868748,-0.01858662043,0.007901176847,
671068767,-0.01866508406,0.01075015503,
671268787,-0.0192298498,0.01318196038,
671468807,-0.01875390959,0.01655849407,
671668827,-0.01768923575,0.01945583516,
671868846,-0.01672037403,0.02222719327,
672068866,-0.01470043199,0.02520685567,
672268886,-0.01249932252,0.02792392088,
672468906,-0.009927451778,0.03030799237,
672668925,-0.007104845155,0.03183977052,
672868945,-0.004228894301,0.03343208235,
673068965,-0.0006995652289,0.03502986885,
673268985,0.003094601108,0.03586881374,
673469004,0.006722960992,0.03563994368,
673669024,0.01047442418,0.03523821772,
673869044,0.0140133,0.034760031,
674069064,0.01732115078,0.03317404568,
674269083,0.02063365056,0.03143337642,
674469103,0.02284140418,0.02878720872,
674669123,0.02508913518,0.02662000734,
674869143,0.02709278295,0.02375686455,
675069162,0.02846665769,0.02029369537,
675269182,0.0297432929,0.01807078556,
675469202,0.02980713098,0.01487999398,
675669222,0.02958114508,0.0117935524,
675869241,0.02912969112,0.009271103174,
676069261,0.02800912957,0.006787682998,
676269281,0.02702252876,0.005375464805,
676469301,0.0255227674,0.003635309859,
676669320,0.02386153924,0.002624065925,
676869340,0.02236550418,0.001812705844,
677069360,0.02167486729,0.002208170014,
677269380,0.02087628168,0.002050711949,
677469399,0.01943843323,0.001699122839,
677669419,0.0189864697,0.001918127473,
677869439,0.01812916899,0.002417717237,
678069459,0.01781032485,0.002670389326,
678269478,0.01760623827,0.003765474641,
678469498,0.01750113983,0.003887905748,
678669518,0.01780776952,0.004661895065,
678869538,0.01803532973,0.00525124034,
679069557,0.01847309203,0.005683289015,
679269577,0.01929593944,0.006054658257,
679469597,0.02013436369,0.006208305114,
679669617,0.02101556774,0.00642109946,
679869636,0.02233292363,0.006762460216,
680069656,0.02327434365,0.006459494958,
680269676,0.02408168952,0.006085273674,
680469696,0.0249822843,0.005495544483,
680669715,0.02651299309,0.004830262306,
680869735,0.02703876428,0.003994946296,
681069755,0.02837959025,0.003007915684,
681269775,0.02921041003,0.001665486055,
681469794,0.02972279771,0.0003795599591,
681669814,0.03036149927,-0.0008039856148,
681869834,0.03131848266,-0.002358583817,
682069854,0.03199216182,-0.003658145867,
682269873,0.03182982609,-0.005834990491,
682469893,0.03214301564,-0.00754993204,
682669913,0.03142553176,-0.009757499003,
682869933,0.03098814779,-0.01185158706,
683069952,0.02954072115,-0.01389305228,
683269972,0.02846287654,-0.01559541067,
683469992,0.02732874851,-0.01691572845,
683670012,0.02507508607,-0.01806266066,
683870031,0.02297541327,-0.01915070484,
684070051,0.02097374201,-0.01952927949,
684270071,0.01932140476,-0.01954950019,
684470091,0.0168094533,-0.01938954651,
684670110,0.01496538267,-0.01936685616,
684870130,0.01393166515,-0.01812280362,
685070150,0.01207281922,-0.01709355543,
685270170,0.01144850239,-0.01526417793,
685470189,0.01089630321,-0.0134176383,
685670209,0.01044164185,-0.0120489256,
685870229,0.0104918664,-0.01052996849,
686070249,0.0109920987,-0.009265246865,
686270268,0.01239604892,-0.007754802066,
686470288,0.01339713335,-0.006873493509,
686670308,0.01484785334,-0.006737930415,
686870328,0.01604209103,-0.006551491753,
687070347,0.01738487182,-0.007035611719,
687270367,0.01850667105,-0.007857070686,
687470387,0.01945119046,-0.009091983162,
687670407,0.01938308913,-0.01066904358,
687870426,0.01994858227,-0.01196859568,
688070446,0.0196867946,-0.01278344174,
688270466,0.0186449198,-0.01391186191,
688470486,0.01776206547,-0.01505495233,
688670505,0.01718364726,-0.01537563105,
688870525,0.01589163293,-0.0155602357,
689070545,0.0144721617,-0.01573923562,
689270565,0.01429823405,-0.01532601663,
689470584,0.01370909318,-0.0147352589,
689670604,0.01336933248,-0.01468022085,
689870624,0.01328363635,-0.01423947282,
690070644,0.01284419047,-0.01434079901,
690270663,0.01294738115,-0.01442026775,
690470683,0.01309742162,-0.01437543215,
690670703,0.01227970322,-0.01463196946,
690870723,0.01239243064,-0.0146301287,
691070742,0.01212188939,-0.01479758099,
691270762,0.01130682403,-0.01496568402,
691470782,0.01114341663,-0.01504198282,
691670802,0.01078039206,-0.015086572,
691870821,0.01000699968,-0.01478157449,
692070841,0.009717035699,-0.0146904788,
692270861,0.009062586937,-0.01463021013,
692470881,0.008366942035,-0.01455120229,
692670900,0.007417633494,-0.01437246586,
692870920,0.007031213953,-0.01388037806,
693070940,0.006567543906,-0.01311348505,
693270960,0.006160816146,-0.01217753484,
693470979,0.005135655574,-0.01153499511,
693670999,0.004494040515,-0.01079795697,
693871019,0.004834038933,-0.008807393494,
694071039,0.004478165181,-0.008246188791,
694271059,0.005281886195,-0.006706553922,
694471078,0.005837660322,-0.005675939803,
694671098,0.006386268461,-0.004738994816,
694871118,0.006751072945,-0.00430688054,
695071138,0.007763548059,-0.002929370966,
695271157,0.008031652842,-0.003009646146,
695471177,0.008501904906,-0.002282608523,
695671197,0.009355280979,-0.001655861658,
695871217,0.009929230686,-0.001035135296,
696071236,0.01099431843,-0.0005597102695,
696271256,0.0120512873,0.0004487476845,
696471276,0.01296268686,0.0006266062061,
696671296,0.01419446657,0.001382498579,
696871315,0.01588519512,0.001862779726,
697071335,0.01715193096,0.001121036478,
697271355,0.01892418104,0.001213931883,
697471375,0.02021043625,-2.404925176e-06,
697671394,0.02134984345,-0.00120636422,
697871414,0.02252694301,-0.002102278719,
698071434,0.02304991283,-0.003590957364,
698271454,0.02348533108,-0.004718522154,
698471473,0.02296259229,-0.005814374656,
698671493,0.02280369897,-0.007094116964,
698871513,0.02228574872,-0.007790799703,
699071533,0.02162008456,-0.008215391888,
699271552,0.02130289376,-0.008181868032,
699471572,0.02132558774,-0.008535448704,
699671592,0.02111210526,-0.008126650567,
699871612,0.02099032693,-0.008090747103,
700071631,0.02129567025,-0.008328947335,
700271651,0.02102608519,-0.008640733061,
700471671,0.0212412925,-0.008393524478,
700671691,0.0218886407,-0.008483190098,
700871710,0.02189510573,-0.008681201203,
701071730,0.02196508405,-0.009059917707,
701271750,0.02191122331,-0.008994451308,
701471770,0.02184134544,-0.00888542131,
701671789,0.02193075478,-0.008542493437,
701871809,0.02219980202,-0.008788438722,
702071829,0.02180073596,-0.008321001458,
702271849,0.02198077722,-0.007989109712,
702471868,0.02252506873,-0.007370811644,
702671888,0.02272383582,-0.007654221926,
702871908,0.02340403689,-0.006864102963,
703071928,0.02407931541,-0.007136004708,
703271947,0.02496224818,-0.006523438311,
703471967,0.02569167894,-0.006456072363,
703671987,0.02662321973,-0.00607990459,
703872007,0.02763551622,-0.005709188119,
704072026,0.02853128342,-0.005785713904,
704272046,0.02969419507,-0.005587247462,
704472066,0.03068078429,-0.006194655347,
704672086,0.03298908908,-0.005337846321,
704872105,0.03409667221,-0.005943310065,
705072125,0.0362352855,-0.006874616824,
705272145,0.0379671708,-0.00774703753,
705472165,0.03938806474,-0.009541442093,
705672184,0.0409090196,-0.01107411605,
705872204,0.04236017092,-0.01275895282,
706072224,0.04403391993,-0.01448647971,
706272244,0.04480200651,-0.01694344549,
706472263,0.04557211716,-0.0198589569,
706672283,0.04567127104,-0.02232690577,
706872303,0.04515368372,-0.02543574367,
707072323,0.04494791785,-0.02775643542,
707272342,0.04413738746,-0.02996517348,
707472362,0.04299934506,-0.03236173737,
707672382,0.04156410993,-0.03446297514,
707872402,0.0400961207,-0.03589232632,
708072421,0.03841967937,-0.0373174286,
708272441,0.03679949424,-0.03818784718,
708472461,0.03465225378,-0.03899595617,
708672481,0.03359606038,-0.03925351531,
708872500,0.03223277284,-0.03977583537,
709072520,0.03078847506,-0.04023503732,
709272540,0.03013062507,-0.03981597107,
709472560,0.0292760638,-0.04000589906,
709672579,0.02861856744,-0.04006383373,
709872599,0.02825449219,-0.03989492471,
710072619,0.02748160885,-0.04015236201,
710272639,0.02682107578,-0.04026158451,
710472658,0.02669980748,-0.04042434335,
710672678,0.02578620257,-0.04100538697,
710872698,0.02571181823,-0.04095886129,
711072718,0.02515239029,-0.0413644144,
711272737,0.02446041892,-0.04156629375,
711472757,0.02402540222,-0.04185983925,
711672777,0.02389429927,-0.04163317912,
711872797,0.02391486876,-0.04153484526,
712072816,0.02373765682,-0.04187512277,
712272836,0.02379857984,-0.04225769372,
712472856,0.02425323269,-0.04278017647,
712672876,0.02483505925,-0.04314446616,
712872895,0.02493958533,-0.04380603897,
713072915,0.02493198126,-0.04492991664,
713272935,0.02475764428,-0.04666841493,
713472955,0.02466754096,-0.04724974128,
713672974,0.02434702947,-0.04897137237,
713872994,0.02357634268,-0.05042477886,
714073014,0.02261850505,-0.0525653729,
714273034,0.02128103188,-0.05421833425,
714473053,0.01958541999,-0.05564577956,
714673073,0.01769342108,-0.0566650028,
714873093,0.01590033977,-0.05839544496,
715073113,0.01307067999,-0.05898562976,
715273132,0.01053027682,-0.05901837768,
715473152,0.008118055122,-0.05937723408,
715673172,0.005644889092,-0.05875725831,
715873192,0.003279629871,-0.05803337372,
716073211,0.0009415169884,-0.05675218157,
716273231,-0.0006063548842,-0.05591134434,
716473251,-0.002510653462,-0.05389969688,
716673271,-0.003824623902,-0.05234246871,
716873290,-0.004069471244,-0.05045705225,
717073310,-0.004878523706,-0.04907730446,
717273330,-0.005022854423,-0.04719910641,
717473350,-0.005397199919,-0.04607752139,
717673369,-0.004860850606,-0.04452018841,
717873389,-0.004475204654,-0.04304311814,
718073409,-0.00467069933,-0.04228139366,
718273429,-0.00413603478,-0.04125670752,
718473448,-0.002762755036,-0.04018801947,
718673468,-0.001639988939,-0.03943693107,
718873488,-0.0006075143781,-0.03902156359,
719073508,-7.02135631e-05,-0.0388350442,
719273527,0.00131882223,-0.0394021992,
719473547,0.002285098012,-0.03975278409,
719673567,0.002949778576,-0.0410122088,
719873587,0.004024060637,-0.04209932133,
720073606,0.003821789095,-0.04367826907,
720273626,0.004282008883,-0.04512456371,
720473646,0.003438080939,-0.04634911944,
720673666,0.002799899364,-0.04848174194,
720873686,0.001829587709,-0.04890308878,
721073705,0.0001196303829,-0.05040254352,
721273725,-0.001450880731,-0.05137959607,
721473745,-0.003014869438,-0.05163618286,
721673765,-0.005465751088,-0.05199341138,
721873784,-0.006935231088,-0.05176375116,
722073804,-0.00849147544,-0.05178066815,
722273824,-0.009875124128,-0.05149206192,
722473844,-0.01213294127,-0.05046025776,
722673863,-0.01325926838,-0.05012737097,
722873883,-0.01502734518,-0.04936953043,
723073903,-0.01600231159,-0.04851867214,
723273923,-0.0176975996,-0.04703810786,
723473942,-0.01869032479,-0.04617224238,
723673962,-0.01960186174,-0.04470041222,
723873982,-0.02061226388,-0.0429110348,
724074002,-0.02137080392,-0.04150098862,
724274021,-0.02150152017,-0.04005363626,
724474041,-0.02197341229,-0.03882641009,
724674061,-0.02198611171,-0.03742696712,
724874081,-0.022040592,-0.0359672261,
725074100,-0.02175642976,-0.0347387278,
725274120,-0.02186055852,-0.03389705595,
725474140,-0.02154315327,-0.03288498001,
725674160,-0.02126072893,-0.03182623181,
725874179,-0.02117994637,-0.03073746977,
726074199,-0.0208612743,-0.02970155714,
726274219,-0.02073719866,-0.02827748561,
726474239,-0.02072585658,-0.02778686862,
726674258,-0.0197064372,-0.02673468902,
726874278,-0.01912713431,-0.02596859401,
727074298,-0.01868722646,-0.02531792209,
727274318,-0.01773627685,-0.02432919491,
727474337,-0.0165810612,-0.02363764175,
727674357,-0.01635427158,-0.02344141705,
727874377,-0.01601615757,-0.02285302735,
728074397,-0.01459725988,-0.02212299133,
728274416,-0.01452054156,-0.02174316473,
728474436,-0.01380748979,-0.02151487172,
728674456,-0.0125755733,-0.02101770767,
728874476,-0.01204482871,-0.02068416295,
729074495,-0.01106919017,-0.02043685198,
729274515,-0.01030715649,-0.02050911512,
729474535,-0.009432523128,-0.02085374616,
729674555,-0.008798068499,-0.02076599365,
729874574,-0.00808699171,-0.021373104,
730074594,-0.007960705022,-0.02188886692,
730274614,-0.007546556832,-0.02256141881,
730474634,-0.007277051483,-0.02267097159,
730674653,-0.00745222329,-0.02322589614,
730874673,-0.007450644289,-0.02346417211,
731074693,-0.008015655454,-0.02351702871,
731274713,-0.008348507699,-0.02300441572,
731474732,-0.008629502301,-0.02317224031,
731674752,-0.008739693344,-0.02231134401,
731874772,-0.008706396274,-0.0218086294,
732074792,-0.008365982447,-0.02122252446,
732274811,-0.007845076303,-0.02061611843,
732474831,-0.007093409208,-0.02006406937,
732674851,-0.006489910972,-0.02011185483,
732874871,-0.005915938597,-0.01985644418,
733074890,-0.005096683067,-0.01965490542,
733274910,-0.004684566454,-0.02012383852,
733474930,-0.003983790874,-0.01980752445,
733674950,-0.003406661083,-0.0199741535,
733874969,-0.002904276655,-0.01984464517,
734074989,-0.002546197899,-0.01968622074,
734275009,-0.001500889838,-0.019882997,
734475029,-0.0007247843947,-0.0198410578,
734675048,0.000221709001,-0.01972263797,
734875068,0.001390417118,-0.01982212833,
735075088,0.002398329304,-0.02108033155,
735275108,0.003916054122,-0.02120645414,
735475127,0.004791009731,-0.02270160954,
735675147,0.00549099554,-0.02370125397,
735875167,0.006794778237,-0.02520818701,
736075187,0.00718589621,-0.02681473429,
736275206,0.007469965457,-0.02838964709,
736475226,0.008095489291,-0.03024235754,
736675246,0.007216376879,-0.03252750654,
736875266,0.006677240515,-0.03477229011,
737075285,0.005800518614,-0.03682992693,
737275305,0.004405243898,-0.0385476046,
737475325,0.002491169784,-0.03992189169,
737675345,0.0007948269667,-0.04133153525,
737875364,-0.001141883782,-0.04223751875,
738075384,-0.003984787331,-0.0425174855,
738275404,-0.005993705943,-0.04298677371,
738475424,-0.008108511481,-0.04193509009,
738675443,-0.009918580886,-0.0414487864,
738875463,-0.01193179744,-0.0409556127,
739075483,-0.01339679979,-0.03991339381,
739275503,-0.0147705732,-0.0383805976,
739475522,-0.01558820624,-0.03708943463,
739675542,-0.01618867194,-0.03553430508,
739875562,-0.01622277698,-0.03473170619,
740075582,-0.01714374376,-0.0340320042,
740275601,-0.01704522914,-0.03258006967,
740475621,-0.0171411561,-0.03193881172,
740675641,-0.01751159286,-0.03076622273,
740875661,-0.01824818197,-0.03048714964,
741075680,-0.01886453755,-0.02954491902,
741275700,-0.01901557045,-0.02778718292,
741475720,-0.01937948067,-0.02665390384,
741675740,-0.01927603607,-0.02466653186,
741875759,-0.01921188004,-0.02332629073,
742075779,-0.01832684585,-0.0212940563,
742275799,-0.01740625862,-0.0199255523,
742475819,-0.01603686005,-0.01792875177,
742675838,-0.01436193192,-0.0171305113,
742875858,-0.0125258035,-0.01556075064,
743075878,-0.01028654078,-0.01464605832,
743275898,-0.008346860709,-0.01517829668,
743475917,-0.006087597498,-0.01515659892,
743675937,-0.004087160609,-0.01599039828,
743875957,-0.002692651731,-0.0167401403,
744075977,-0.001109639618,-0.01858540021,
744275996,0.0003485865505,-0.01978010025,
744476016,0.001132146996,-0.02154785247,
744676036,0.001731033573,-0.0239076312,
744876056,0.002280494399,-0.02548522888,
745076075,0.001684456131,-0.02743005344,
745276095,0.001235162759,-0.02963692201,
745476115,0.0007598467211,-0.03094277945,
745676135,-0.0006094329267,-0.0325413139,
745876154,-0.002127517046,-0.0335810843,
746076174,-0.004198994632,-0.03467809294,
746276194,-0.005331144513,-0.03490208893,
746476214,-0.00662433745,-0.0349057238,
746676233,-0.008293680656,-0.03466779801,
746876253,-0.009565832483,-0.03430009723,
747076273,-0.010260447,-0.0332873398,
747276293,-0.01135839281,-0.03238581952,
747476313,-0.01184100834,-0.03189684533,
747676332,-0.01212005557,-0.03082569331,
747876352,-0.01189341817,-0.03030262649,
748076372,-0.01156504134,-0.02955968752,
748276392,-0.01132421898,-0.02885626453,
748476411,-0.01123879569,-0.02845617624,
748676431,-0.01108277588,-0.02822161675,
748876451,-0.0111444988,-0.0287948668,
749076471,-0.01075760556,-0.02887301424,
749276490,-0.01037726169,-0.02914014506,
749476510,-0.01045856678,-0.02921802658,
749676530,-0.0102788444,-0.02937198541,
749876550,-0.01044245925,-0.02998625885,
750076569,-0.01124655165,-0.0306221045,
750276589,-0.01169045262,-0.03056598033,
750476609,-0.01181330391,-0.03066474973,
750676629,-0.01256275897,-0.03078232774,
750876648,-0.01360623579,-0.03082750706,
751076668,-0.01414987864,-0.03066955782,
751276688,-0.01503101692,-0.03032504247,
751476708,-0.01536806298,-0.03000004868,
751676727,-0.01607775958,-0.02955866567,
751876747,-0.0160090038,-0.02846013832,
752076767,-0.01632561796,-0.02810686035,
752276787,-0.01662205383,-0.02755086679,
752476806,-0.01717202728,-0.02701849709,
752676826,-0.01737857032,-0.02634246135,
752876846,-0.01751390142,-0.02538813374,
753076866,-0.01723638733,-0.02455886472,
753276885,-0.01751004274,-0.02382449387,
753476905,-0.01757933559,-0.02322145336,
753676925,-0.01731735287,-0.02241618702,
753876945,-0.01706955059,-0.0207890053,
754076964,-0.01692895071,-0.02088473966,
754276984,-0.01603253014,-0.02019972706,
754477004,-0.01502552315,-0.01921209611,
754677024,-0.01449071153,-0.01924556613,
754877043,-0.01383503523,-0.0185417652,
755077063,-0.01305278802,-0.01872575317,
755277083,-0.01244620665,-0.01863193037,
755477103,-0.01188798638,-0.01844341696,
755677122,-0.01123173067,-0.01820268397,
755877142,-0.01095663683,-0.01845237043,
756077162,-0.0104427625,-0.0180977652,
756277182,-0.009526740468,-0.0176781569,
756477201,-0.009287571603,-0.01772824838,
756677221,-0.008713725896,-0.01757784568,
756877241,-0.007243222273,-0.01707729013,
757077261,-0.006321482642,-0.01718548357,
757277280,-0.005041064414,-0.01700963587,
757477300,-0.003625204902,-0.01742965469,
757677320,-0.002384286733,-0.01855655972,
757877340,-0.0007185080658,-0.01911126886,
758077359,0.0001970871458,-0.02069436037,
758277379,0.001273516779,-0.02225067874,
758477399,0.001817594457,-0.02356864515,
758677419,0.002634193526,-0.0250822863,
758877438,0.002700921003,-0.02738478117,
759077458,0.002674733551,-0.02962061046,
759277478,0.002315518268,-0.03129969331,
759477498,0.001327835427,-0.03322280364,
759677517,0.0008523634244,-0.03470632376,
759877537,-0.0005597861281,-0.03635718839,
760077557,-0.002276906961,-0.03827352681,
760277577,-0.003772192649,-0.0395952445,
760477596,-0.005688156158,-0.04044359794,
760677616,-0.00762406934,-0.04149000303,
760877636,-0.009583112182,-0.04201756875,
761077656,-0.01154833711,-0.0422358563,
761277675,-0.01372714957,-0.04207956029,
761477695,-0.01584566479,-0.04192818982,
761677715,-0.01747805632,-0.0410191023,
761877735,-0.01939163828,-0.03975831249,
762077754,-0.0206456478,-0.03924283604,
762277774,-0.0220650408,-0.037656081,
762477794,-0.02274347162,-0.03638095176,
762677814,-0.02372316457,-0.03496021162,
762877833,-0.02439762402,-0.03420635868,
763077853,-0.02518336055,-0.03254929049,
763277873,-0.02522695498,-0.03090843091,
763477893,-0.02525701419,-0.03011666203,
763677912,-0.02504425019,-0.02834480875,
763877932,-0.02504337963,-0.02649795276,
764077952,-0.0247827088,-0.02564243322,
764277972,-0.02453560366,-0.02468768851,
764477991,-0.02429528446,-0.02362219001,
764678011,-0.02356275031,-0.02274050501,
764878031,-0.02254458157,-0.02272991866,
765078051,-0.02195110733,-0.02236334276,
765278070,-0.02101705908,-0.02267164751,
765478090,-0.02043529853,-0.02254556586,
765678110,-0.01946078087,-0.02230656686,
765878130,-0.01890522567,-0.02223547724,
766078149,-0.01835125072,-0.02301278254,
766278169,-0.01803894054,-0.02330144478,
766478189,-0.01804796367,-0.02400105389,
766678209,-0.01764717581,-0.02432146302,
766878228,-0.01813679916,-0.0250685442,
767078248,-0.0182161361,-0.02527581285,
767278268,-0.01842677265,-0.02595800393,
767478288,-0.01888797871,-0.02650015988,
767678307,-0.0192214042,-0.02671999432,
767878327,-0.02030527902,-0.02739994791,
768078347,-0.02117675187,-0.02758303847,
768278367,-0.02175645381,-0.02772288197,
768478386,-0.022859007,-0.02677383984,
768678406,-0.02380900209,-0.02665822601,
768878426,-0.02478225035,-0.02542006285,
769078446,-0.02601343747,-0.024871225,
769278465,-0.02651838012,-0.02431787441,
769478485,-0.02747942519,-0.02396838528,
769678505,-0.02776296761,-0.02310212517,
769878525,-0.02838229857,-0.02237851021,
770078544,-0.02866904989,-0.02124169003,
770278564,-0.02938653681,-0.02079744974,
770478584,-0.03003181795,-0.0196997499,
770678604,-0.03011102255,-0.01845614939,
770878623,-0.03088258353,-0.01794481667,
771078643,-0.03029481421,-0.01639261685,
771278663,-0.02990741856,-0.0147430288,
771478683,-0.02964432798,-0.0136671537,
771678702,-0.02896497386,-0.01267076742,
771878722,-0.02902679865,-0.01172969509,
772078742,-0.02804690313,-0.01015606293,
772278762,-0.0276366949,-0.009605244803,
772478781,-0.02705001176,-0.008976084956,
772678801,-0.02621592774,-0.007775847017,
772878821,-0.02574663447,-0.006851879272,
773078841,-0.02451299025,-0.005800756566,
773278860,-0.02374411299,-0.005067607595,
773478880,-0.02330120638,-0.004311424287,
773678900,-0.02242548904,-0.0036627116,
773878920,-0.02096286393,-0.003025655779,
774078940,-0.02002807349,-0.002263609422,
774278959,-0.01885985914,-0.001705023679,
774478979,-0.01729741083,-0.00109626428,
774678999,-0.01593573208,-0.0008604920421,
774879019,-0.01430265502,-0.0005314351705,
775079038,-0.01256999204,5.876470768e-05,
775279058,-0.01127104694,-0.000287965792,
775479078,-0.009700963949,-0.0004871565141,
775679098,-0.008226474959,-0.0009583383433,
775879117,-0.006530360265,-0.00174511905,
776079137,-0.005312379602,-0.002895401123,
776279157,-0.004040109929,-0.003450475114,
776479177,-0.002580893414,-0.004850571452,
776679196,-0.001171683838,-0.005801775745,
776879216,-0.0001406867065,-0.007352803575,
777079236,0.0006775623913,-0.008527817957,
777279256,0.001733384883,-0.01048199924,
777479275,0.002073880948,-0.01254523679,
777679295,0.002581700903,-0.01413581656,
777879315,0.002654293955,-0.0156124309,
778079335,0.002267953175,-0.01797702686,
778279354,0.001706238707,-0.01957536513,
778479374,0.001011982155,-0.02133135647,
778679394,0.0002023272161,-0.0222317273,
778879414,-0.001250323684,-0.02399925299,
779079433,-0.001920902565,-0.02439479044,
779279453,-0.002972506835,-0.02555638938,
779479473,-0.003890814716,-0.02581214463,
779679493,-0.004157216179,-0.02599292507,
779879512,-0.00522552815,-0.0269211576,
780079532,-0.005849145994,-0.0271904348,
780279552,-0.006279939512,-0.02823262865,
780479572,-0.007031032741,-0.028579122,
780679591,-0.007841122091,-0.02989959985,
780879611,-0.008649003916,-0.02999666369,
781079631,-0.009944423968,-0.03113425552,
781279651,-0.01105499833,-0.03142686186,
781479670,-0.01234679712,-0.03170693195,
781679690,-0.01332470594,-0.03212007784,
781879710,-0.01464058837,-0.03191136769,
782079730,-0.01578706441,-0.03189797932,
782279749,-0.01686513617,-0.03169744159,
782479769,-0.01809366392,-0.03180258199,
782679789,-0.01890645566,-0.0313719301,
782879809,-0.0196827291,-0.03111401512,
783079828,-0.02094936564,-0.03084319233,
783279848,-0.0221901987,-0.03087091381,
783479868,-0.02294466791,-0.03046618002,
783679888,-0.02404184862,-0.02946041797,
783879907,-0.02493391481,-0.02808725443,
784079927,-0.02611614769,-0.0279820831,
784279947,-0.02696703536,-0.02696027661,
784479967,-0.02821338696,-0.02638619874,
784679986,-0.02955645379,-0.02587109917,
784880006,-0.03014167328,-0.02473186014,
785080026,-0.03116268192,-0.02385682789,
785280046,-0.03134708474,-0.0223560033,
785480065,-0.0320606689,-0.02155897919,
785680085,-0.03290825589,-0.02082956405,
785880105,-0.03292215427,-0.01900728375,
786080125,-0.03259996258,-0.01777717018,
786280144,-0.03235026246,-0.01635359769,
786480164,-0.0316293936,-0.015161086,
786680184,-0.03125078772,-0.01396044705,
786880204,-0.03072256244,-0.01302871469,
787080223,-0.03029092172,-0.01265376003,
787280243,-0.03041617271,-0.0124378093,
787480263,-0.03014155645,-0.01210466545,
787680283,-0.02999141693,-0.01242148506,
787880302,-0.0297089529,-0.01171918911,
788080322,-0.03026075155,-0.01155556592,
788280342,-0.03034212773,-0.01133143095,
788480362,-0.03117906593,-0.01109128776,
788680381,-0.03182759145,-0.01012615352,
788880401,-0.03296501425,-0.009714289261,
789080421,-0.03346363237,-0.008878561223,
789280441,-0.03384761427,-0.007532790777,
789480460,-0.03458049713,-0.006015599852,
789680480,-0.03507377485,-0.004681822624,
789880500,-0.0351430277,-0.003273023716,
790080520,-0.03533148255,-0.001126977387,
790280539,-0.03539766806,0.0006765765189,
790480559,-0.0352475646,0.002183332882,
790680579,-0.03442440664,0.004200180101,
790880599,-0.03406559632,0.006387432843,
791080618,-0.03258816503,0.008083813677,
791280638,-0.0320069044,0.0102402867,
791480658,-0.03075118694,0.01162362947,
791680678,-0.02925624631,0.01377378453,
791880697,-0.02677120578,0.01548436756,
792080717,-0.02508911235,0.01675156284,
792280737,-0.02259253347,0.01790717338,
792480757,-0.02012706363,0.01894522842,
792680776,-0.01744997038,0.01942281405,
792880796,-0.01475496108,0.01920801654,
793080816,-0.01251364984,0.01933335135,
793280836,-0.009702604145,0.01878927778,
793480855,-0.007424453346,0.01787323005,
793680875,-0.00551199342,0.01649668607,
793880895,-0.003792405604,0.01524944879,
794080915,-0.002081381073,0.01425920579,
794280934,-0.0006415538935,0.012970487,
794480954,0.0002847298973,0.01119854172,
794680974,0.001209102228,0.01001520599,
794880994,0.002016503458,0.008335031556,
795081013,0.003081378202,0.007549590887,
795281033,0.003296573704,0.005434476505,
795481053,0.003638795168,0.004860256931,
795681073,0.00384946829,0.003403495892,
795881092,0.004219127643,0.001930722734,
796081112,0.004037328939,0.0008417393812,
796281132,0.004166083132,1.268253166e-05,
796481152,0.004220164597,-0.0005951400066,
796681171,0.004018252884,-0.001941200193,
796881191,0.00400296184,-0.002620956615,
797081211,0.00399570005,-0.003031264983,
797281231,0.003737046494,-0.004018474529,
797481250,0.004019517093,-0.004093304147,
797681270,0.00344805777,-0.005154162557,
797881290,0.003161994034,-0.005904065203,
798081310,0.003422158965,-0.005555836938,
798281329,0.003178935992,-0.006640680202,
798481349,0.003335660281,-0.006846578413,
798681369,0.002887204175,-0.007547084476,
798881389,0.002661941788,-0.007682307719,
799081408,0.002436203614,-0.008344393926,
799281428,0.002159185658,-0.008458096644,
799481448,0.001637643383,-0.009271719088,
799681468,0.001497716713,-0.009648847874,
799881487,0.001501716251,-0.009949572874,
800081507,0.001130732688,-0.01021162678,
800281527,0.0009962321477,-0.009669421066,
800481547,0.0007269011608,-0.009750657221,
800681567,-5.998137121e-05,-0.01029462515,
800881586,-4.940509421e-06,-0.009972025716,
801081606,-2.455147508e-05,-0.009709183171,
801281626,4.950953793e-05,-0.009777846988,
801481646,0.000255441502,-0.009363049477,
801681665,0.0006316387459,-0.009492034043,
801881685,0.001013277714,-0.009206007104,
802081705,0.001572125242,-0.008895367774,
802281725,0.002071502425,-0.009004328145,
802481744,0.002862722542,-0.00934801568,
802681764,0.003613275859,-0.01015927246,
802881784,0.003864706814,-0.01050207901,
803081804,0.004477214757,-0.01169886007,
803281823,0.004672719008,-0.01238500809,
803481843,0.004322444226,-0.01325872658,
803681863,0.004304373597,-0.0149670798,
803881883,0.004017162766,-0.01578109898,
804081902,0.003891532903,-0.01538325301,
804281922,0.00343809918,-0.0168222896,
804481942,0.003274387863,-0.01677545706,
804681962,0.002405264341,-0.01758545558,
804881981,0.002423919903,-0.01752971242,
805082001,0.001747151788,-0.01761303213,
805282021,0.001428179271,-0.01787607139,
805482041,0.001092350773,-0.0186621635,
805682060,0.0007879513457,-0.0189328157,
805882080,0.0008220120978,-0.01930332678,
806082100,0.0007867645066,-0.01903962527,
806282120,0.0003949516372,-0.01971484468,
806482139,0.0002996154876,-0.0194054985,
806682159,0.0002119615855,-0.02057401957,
806882179,0.0001801392012,-0.02059772444,
807082199,-7.473804812e-05,-0.02096267628,
807282218,-0.0006419307308,-0.02156297499,
807482238,-0.00106215788,-0.02229888732,
807682258,-0.001113591572,-0.02205229507,
807882278,-0.001356389099,-0.02292661578,
808082297,-0.001986406422,-0.02370703113,
808282317,-0.002725666655,-0.0239641243,
808482337,-0.003165324751,-0.02460238162,
808682357,-0.003871945233,-0.02481162919,
808882376,-0.004687608529,-0.02524070714,
809082396,-0.005788461594,-0.0253001995,
809282416,-0.006466445951,-0.02572722882,
809482436,-0.007616324647,-0.02577348484,
809682455,-0.008276846322,-0.02555851588,
809882475,-0.009271156116,-0.02574160903,
810082495,-0.0104364706,-0.02584105576,
810282515,-0.01105897194,-0.02513710903,
810482534,-0.01209481064,-0.02527735897,
810682554,-0.01285012809,-0.02394677491,
810882574,-0.01381753934,-0.02398355844,
811082594,-0.01451095047,-0.02294034623,
811282613,-0.01513159005,-0.02274286623,
811482633,-0.01561406569,-0.02147998597,
811682653,-0.01593614692,-0.02000775246,
811882673,-0.01598305092,-0.01929162123,
812082692,-0.01635807469,-0.01846925582,
812282712,-0.016154808,-0.01722067638,
812482732,-0.01568360663,-0.01659554205,
812682752,-0.01523903958,-0.01532144667,
812882771,-0.01481775879,-0.01550482921,
813082791,-0.01418837868,-0.01455015719,
813282811,-0.01391734922,-0.01448902614,
813482831,-0.01348070564,-0.01442386098,
813682850,-0.01308135139,-0.01494880345,
813882870,-0.01269891622,-0.01449186306,
814082890,-0.01258938068,-0.01478560802,
814282910,-0.01238566083,-0.01511447594,
814482929,-0.01215542194,-0.01473952546,
814682949,-0.01206738806,-0.01544354555,
814882969,-0.01202107368,-0.01565560321,
815082989,-0.01197071566,-0.01586336643,
815283008,-0.0117516743,-0.01585223587,
815483028,-0.01172256199,-0.01598314272,
815683048,-0.01201771237,-0.01628327624,
815883068,-0.01201521994,-0.01669276569,
816083087,-0.01256390237,-0.01687672888,
816283107,-0.01305355442,-0.0172731779,
816483127,-0.01300339858,-0.01745767708,
816683147,-0.01384027647,-0.0184503477,
816883166,-0.01446774399,-0.01814095207,
817083186,-0.01546610794,-0.01797959543,
817283206,-0.01628805479,-0.01830783631,
817483226,-0.0169182429,-0.01822636906,
817683245,-0.01810927842,-0.01823326774,
817883265,-0.01923008226,-0.0179068858,
818083285,-0.01968582166,-0.01709632762,
818283305,-0.02070157332,-0.01669622656,
818483324,-0.02160608812,-0.01566916912,
818683344,-0.02218430374,-0.01538820173,
818883364,-0.02277651103,-0.01374803741,
819083384,-0.02365172678,-0.0131312797,
819283403,-0.02400258268,-0.01180122891,
819483423,-0.0244795013,-0.01052207676,
819683443,-0.02487274909,-0.009608985399,
819883463,-0.02486962918,-0.008051084723,
820083482,-0.02505820079,-0.007245438713,
820283502,-0.02509414528,-0.006334138638,
820483522,-0.02532199964,-0.004614546473,
820683542,-0.02518556506,-0.003563857335,
820883561,-0.02502784188,-0.002026155316,
821083581,-0.02453410668,-0.0006615591721,
821283601,-0.0247329529,0.0007683155451,
821483621,-0.02387647415,0.001520044889,
821683640,-0.02325266812,0.003622951273,
821883660,-0.02262977134,0.004905442763,
822083680,-0.02157075334,0.00636759286,
822283700,-0.0201308598,0.007752807919,
822483719,-0.01899033314,0.008032650486,
822683739,-0.01751684509,0.009276302336,
822883759,-0.01579615351,0.009799383845,
823083779,-0.01377954483,0.01048341745,
823283798,-0.01183642797,0.01104025664,
823483818,-0.01027823329,0.01114823412,
823683838,-0.008499230162,0.01066182653,
823883858,-0.006786412702,0.0102007072,
824083877,-0.005784672434,0.01015957663,
824283897,-0.004009639826,0.009547039388,
824483917,-0.002940925349,0.008684834445,
824683937,-0.001763186214,0.008094647389,
824883956,-0.0007277537317,0.007296991406,
825083976,0.0005234675042,0.006103786207,
825283996,0.001248877024,0.004817338533,
825484016,0.002025587313,0.004344176125,
825684035,0.002703489979,0.003134047435,
825884055,0.003288194794,0.00200000132,
826084075,0.003646558739,0.0006639329364,
826284095,0.003878780252,-0.001213163967,
826484114,0.004484428982,-0.00200324302,
826684134,0.004275862853,-0.003009197859,
826884154,0.004363225918,-0.004216431108,
827084174,0.003814206034,-0.005628943845,
827284194,0.003367498957,-0.006998458465,
827484213,0.002841566534,-0.007805179934,
827684233,0.002213692089,-0.008990944101,
827884253,0.001320209873,-0.009595547967,
828084273,0.0005638133842,-0.01048121143,
828284292,-0.0005171565718,-0.01053742648,
828484312,-0.00201063453,-0.01145943725,
828684332,-0.003083465759,-0.01174547701,
828884352,-0.00418789085,-0.01103503965,
829084371,-0.005858708996,-0.01140777068,
829284391,-0.006678300305,-0.01109189005,
829484411,-0.007982778032,-0.01056499057,
829684431,-0.00881874621,-0.009300238929,
829884450,-0.009300365558,-0.008205308539,
830084470,-0.01002109913,-0.006756585933,
830284490,-0.01093531491,-0.006157353114,
830484510,-0.01086542279,-0.004459851233,
830684529,-0.01103725214,-0.003418830353,
830884549,-0.01126448572,-0.002336273459,
831084569,-0.01089016048,-0.00081622009,
831284589,-0.01073278422,-0.0001761919228,
831484608,-0.01002248534,0.001148447871,
831684628,-0.009624478997,0.002452935406,
831884648,-0.008595114815,0.004154159151,
832084668,-0.007695198271,0.004897872593,
832284687,-0.006508739365,0.006002040998,
832484707,-0.005272729699,0.005890131009,
832684727,-0.004006382289,0.006835005524,
832884747,-0.00253338432,0.007574846612,
833084766,-0.001097452598,0.007049290008,
833284786,0.0004750499586,0.007669657232,
833484806,0.001942311599,0.007616526916,
833684826,0.003248968184,0.007242075841,
833884845,0.004665397488,0.006608880996,
834084865,0.006134493845,0.005453046813,
834284885,0.006779995011,0.004226278364,
834484905,0.007931604855,0.003229461233,
834684924,0.008389096139,0.002103128503,
834884944,0.008700872466,0.001317783552,
835084964,0.009280207839,0.0003399952363,
835284984,0.009295071064,-0.0002957640997,
835485003,0.009192058156,-0.0009788064405,
835685023,0.009192277251,-0.001904277384,
835885043,0.009341353688,-0.002445366329,
836085063,0.009345442829,-0.002424321635,
836285082,0.00948398777,-0.002328871814,
836485102,0.009784554425,-0.002894583528,
836685122,0.009800635102,-0.003499554289,
836885142,0.01059188775,-0.003548971277,
837085161,0.01114296573,-0.003212210032,
837285181,0.01128051171,-0.003955935215,
837485201,0.01213343785,-0.004303398297,
837685221,0.01293628038,-0.005353967315,
837885240,0.0133903528,-0.005811860209,
838085260,0.01396545637,-0.006786636205,
838285280,0.01446612205,-0.007462633649,
838485300,0.01486499781,-0.008778632348,
838685319,0.01497378351,-0.009358888815,
838885339,0.01502758233,-0.01091043274,
839085359,0.01480990706,-0.01193016273,
839285379,0.01465389396,-0.01275382308,
839485398,0.01452414817,-0.01446423592,
839685418,0.01422563418,-0.01523367352,
839885438,0.01332599796,-0.01650260779,
840085458,0.01336665975,-0.0164534854,
840285477,0.01265980436,-0.01744276532,
840485497,0.01157096923,-0.01863598394,
840685517,0.01091949176,-0.01931053144,
840885537,0.01036437411,-0.01984121807,
841085556,0.01000628111,-0.01996829335,
841285576,0.009070318064,-0.02023799143,
841485596,0.008549064637,-0.01986914916,
841685616,0.007455088768,-0.02042828017,
841885635,0.00711397938,-0.02047357369,
842085655,0.006854341915,-0.02014823947,
842285675,0.006484380909,-0.01984540946,
842485695,0.005644971049,-0.0203021734,
842685714,0.005957920624,-0.02003004592,
842885734,0.005912199292,-0.02036982225,
843085754,0.00632758458,-0.02008515926,
843285774,0.006366844583,-0.02046278324,
843485793,0.006435857702,-0.02050383324,
843685813,0.006878169488,-0.02114668712,
843885833,0.007359593036,-0.02124456393,
844085853,0.006744385589,-0.02281318387,
844285872,0.007092095919,-0.02313305486,
844485892,0.006919561167,-0.0239112564,
844685912,0.006802431693,-0.0252849932,
844885932,0.00648114401,-0.02618550794,
845085951,0.005982353027,-0.02744725453,
845285971,0.004933560412,-0.02827891058,
845485991,0.003839949805,-0.02891356129,
845686011,0.002914525085,-0.0299835863,
845886030,0.001546123852,-0.0310268734,
846086050,9.558905482e-05,-0.03166605861,
846286070,-0.001457655988,-0.03261651632,
846486090,-0.002954267537,-0.03247331633,
846686109,-0.004280077071,-0.03232376647,
846886129,-0.005560792173,-0.03237692323,
847086149,-0.007180729461,-0.03221368131,
847286169,-0.008742725347,-0.03223732954,
847486188,-0.01021133704,-0.03152640398,
847686208,-0.01125776416,-0.0310430762,
847886228,-0.01267388412,-0.03013724045,
848086248,-0.01349608915,-0.02921352683,
848286267,-0.01414551297,-0.02866117497,
848486287,-0.01506910503,-0.02782707447,
848686307,-0.01556798304,-0.02653279417,
848886327,-0.01649470104,-0.02567528443,
849086346,-0.01683225675,-0.02508240999,
849286366,-0.01748860036,-0.02400760228,
849486386,-0.01746719635,-0.02301579413,
849686406,-0.01782709778,-0.02272323689,
849886425,-0.01842068733,-0.02213286528,
850086445,-0.01856513168,-0.02130368799,
850286465,-0.01900033434,-0.02026982116,
850486485,-0.01900075241,-0.0204823849,
850686504,-0.01952775525,-0.01979261783,
850886524,-0.02036863612,-0.01941712281,
851086544,-0.02074035723,-0.01875153361,
851286564,-0.02090637687,-0.01845861509,
851486583,-0.02148561584,-0.0176308817,
851686603,-0.02226476952,-0.01692034163,
851886623,-0.02292536276,-0.01559143006,
852086643,-0.0235326801,-0.01439105766,
852286662,-0.02419064674,-0.01400979763,
852486682,-0.02464689319,-0.01273970637,
852686702,-0.02484709348,-0.0117035613,
852886722,-0.025014599,-0.0105623478,
853086741,-0.02514887876,-0.008853117745,
853286761,-0.02498390425,-0.007875407652,
853486781,-0.02505537284,-0.006373417207,
853686801,-0.02494338802,-0.005891018583,
853886821,-0.02457215175,-0.004578554442,
854086840,-0.023874048,-0.003444634681,
854286860,-0.02384127478,-0.002598151637,
854486880,-0.02368826072,-0.001973061775,
854686900,-0.0234110488,-0.001552458004,
854886919,-0.02318186414,-0.0001310111079,
855086939,-0.02288282941,4.514230094e-05,
855286959,-0.02242560813,0.0006239845808,
855486979,-0.02245067396,0.001320948951,
855686998,-0.022284582,0.002065867274,
855887018,-0.02248934434,0.002778511068,
856087038,-0.02245674037,0.003518703372,
856287058,-0.02236845988,0.004742429647,
856487077,-0.02188895111,0.005710190424,
856687097,-0.02189396914,0.006654594792,
856887117,-0.02191994733,0.007756775102,
857087137,-0.02151403008,0.009041551813,
857287156,-0.02128683851,0.01036899693,
857487176,-0.02058634102,0.01173989466,
857687196,-0.0197960708,0.01340689233,
857887216,-0.01906427932,0.01476973843,
858087235,-0.01746775408,0.01591959398,
858287255,-0.01669042794,0.01774308791,
858487275,-0.01473744995,0.01853889389,
858687295,-0.01306816114,0.0195156706,
858887314,-0.01123284672,0.02049405172,
859087334,-0.009522023039,0.02089103039,
859287354,-0.007777834625,0.02111908488,
859487374,-0.005667131929,0.02131443435,
859687393,-0.003497630088,0.02096583842,
859887413,-0.001945424511,0.02066195707,
860087433,-0.0001175951803,0.01985631046,
860287453,0.001453323177,0.01899307507,
860487472,0.002526542542,0.0181336731,
860687492,0.003627704719,0.01713786355,
860887512,0.004656768466,0.01570495572,
861087532,0.005475660939,0.01495419115,
861287551,0.005486730892,0.01426472076,
861487571,0.006061883903,0.01345307767,
861687591,0.006027712134,0.01261818946,
861887611,0.006044428982,0.01140679411,
862087630,0.006189855851,0.01140563357,
862287650,0.006487780697,0.01083346729,
862487670,0.006544233359,0.01086725993,
862687690,0.006384355496,0.01047187838,
862887709,0.006431975975,0.01047732297,
863087729,0.007188508359,0.0105520789,
863287749,0.007354256737,0.01075552789,
863487769,0.007241133021,0.01085082573,
863687788,0.007948352651,0.01047819818,
863887808,0.008425494888,0.01094678843,
864087828,0.008779430851,0.01064906345,
864287848,0.009114509699,0.010930909,
864487867,0.009967956648,0.01142572539,
864687887,0.01105580748,0.01111932023,
864887907,0.01165466439,0.01051864788,
865087927,0.01269826829,0.01101107749,
865287946,0.01359287624,0.009687724019,
865487966,0.01439240081,0.00989790149,
865687986,0.01534249206,0.008999796515,
865888006,0.01618864769,0.009023593849,
866088025,0.0170592373,0.008106727231,
866288045,0.01722373408,0.006993466539,
866488065,0.01797480295,0.005746911387,
866688085,0.01859577494,0.005222303491,
866888104,0.01849141071,0.003711005527,
867088124,0.0187639958,0.002599020627,
867288144,0.01893917259,0.002047732094,
867488164,0.01899505298,0.001800007847,
867688183,0.01898977582,-5.830707998e-05,
867888203,0.0190880162,-0.0003115153166,
868088223,0.01879410703,-0.001482103177,
868288243,0.01804039826,-0.002304285341,
868488262,0.01825366055,-0.00295424078,
868688282,0.01747717665,-0.003872654787,
868888302,0.01732137293,-0.003894497634,
869088322,0.01670901233,-0.004665393843,
869288341,0.01583441202,-0.004842280019,
869488361,0.01505266365,-0.005737879987,
869688381,0.01447579654,-0.005935690848,
869888401,0.01373586788,-0.005455795203,
870088420,0.01306816169,-0.005785386846,
870288440,0.01279045714,-0.004860265956,
870488460,0.01190962729,-0.004421745156,
870688480,0.01170970016,-0.003827233846,
870888499,0.01147901372,-0.003094537571,
871088519,0.01161538334,-0.002300203771,
871288539,0.01167919943,-0.002151880734,
871488559,0.01200562062,-0.0008705379619,
871688578,0.01252182993,-0.0001427074311,
871888598,0.01341778269,0.0004305974235,
872088618,0.01385680841,0.0006394302548,
872288638,0.01464079205,0.0007661288096,
872488657,0.01594316386,0.0009849719013,
872688677,0.01660128683,0.001028274896,
872888697,0.01782624913,0.001586270042,
873088717,0.01912920608,0.001024577119,
873288736,0.02041110826,0.0006404655617,
873488756,0.02131810776,-0.0003168636599,
873688776,0.02257694468,-0.0005580288967,
873888796,0.02357155271,-0.002341062607,
874088815,0.02412946902,-0.00337347339,
874288835,0.024646733,-0.004581780046,
874488855,0.02530435798,-0.005845194546,
874688875,0.02533210433,-0.007125195444,
874888894,0.02553845609,-0.008639119557,
875088914,0.0251951516,-0.009879036923,
875288934,0.02551225682,-0.01104162975,
875488954,0.02484339101,-0.01227379499,
875688973,0.02437629527,-0.01378285944,
875888993,0.02405666611,-0.01442376919,
876089013,0.02361399973,-0.01584589209,
876289033,0.02273694475,-0.01643188775,
876489052,0.02188423801,-0.01775345094,
876689072,0.02087316761,-0.01830557597,
876889092,0.02014235952,-0.01924721846,
877089112,0.01934586863,-0.01953265191,
877289131,0.01798073209,-0.02034085535,
877489151,0.01710958433,-0.02087857693,
877689171,0.01625199881,-0.02062175668,
877889191,0.01574745641,-0.02020700555,
878089210,0.0145728714,-0.02023583871,
878289230,0.01400196336,-0.02076043069,
878489250,0.01294420088,-0.02016808138,
878689270,0.01295678438,-0.01958897183,
878889289,0.01234604165,-0.01921495615,
879089309,0.01163997164,-0.01967371103,
879289329,0.01144596937,-0.01933026114,
879489349,0.01069618698,-0.01890938316,
879689368,0.01089580816,-0.01861277733,
879889388,0.01010420005,-0.01928536715,
880089408,0.009905576263,-0.01887744395,
880289428,0.00964285491,-0.0184887175,
880489448,0.009458211721,-0.01838497603,
880689467,0.008811060969,-0.01894639466,
880889487,0.008633746462,-0.0183492108,
881089507,0.008455549963,-0.01869697138,
881289527,0.008157684349,-0.01838114322,
881489546,0.007518788757,-0.01864567799,
881689566,0.007044497279,-0.01847044536,
881889586,0.006764064547,-0.01826745091,
882089606,0.006394466459,-0.0182424134,
882289625,0.006300222375,-0.01803933411,
882489645,0.005853724674,-0.01824056877,
882689665,0.005437167724,-0.01801972265,
882889685,0.004971011185,-0.01782456524,
883089704,0.004458169005,-0.01816784025,
883289724,0.004784687281,-0.0172168498,
883489744,0.003859851744,-0.01755665563,
883689764,0.003411867431,-0.01738180323,
883889783,0.003297964558,-0.01715370458,
884089803,0.002555943919,-0.01710543656,
884289823,0.001780544421,-0.01722576574,
884489843,0.001377876244,-0.01694654499,
884689862,0.0007638528713,-0.01662655852,
884889882,-0.0001653612445,-0.01611823879,
885089902,-0.0007586125081,-0.01586985051,
885289922,-0.001001833173,-0.01508181186,
885489941,-0.00173046595,-0.01438681868,
885689961,-0.002159912482,-0.01421164362,
885889981,-0.002828105803,-0.01306548123,
886090001,-0.002948795982,-0.01284809128,
886290020,-0.003440229585,-0.01224753807,
886490040,-0.004174822889,-0.01153150887,
886690060,-0.004525684504,-0.01025023988,
886890080,-0.004990604942,-0.01001680118,
887090099,-0.005033232552,-0.008838326943,
887290119,-0.005453114757,-0.008124070781,
887490139,-0.005851859443,-0.007265256318,
887690159,-0.005984148786,-0.005705419359,
887890178,-0.006480067295,-0.004465421922,
888090198,-0.00674201529,-0.003931480925,
888290218,-0.006772247167,-0.002315057974,
888490238,-0.007186442335,-0.0007491866284,
888690257,-0.006821644553,0.0006143790359,
888890277,-0.006688873826,0.002253888612,
889090297,-0.006489260441,0.003135878254,
889290317,-0.006443096462,0.005049426466,
889490336,-0.005980846793,0.006759010356,
889690356,-0.005421576711,0.008108668214,
889890376,-0.004513937427,0.009898219565,
890090396,-0.003621851282,0.01163386274,
890290415,-0.002398276126,0.01315302133,
890490435,-0.001009611818,0.01369597129,
890690455,0.0003638955072,0.01551863744,
890890475,0.001861310742,0.01650371716,
891090494,0.003522232125,0.0172093506,
891290514,0.005611066083,0.01804126646,
891490534,0.00706625955,0.01865060563,
891690554,0.00871199496,0.01860434449,
891890573,0.01028127764,0.01974816412,
892090593,0.01200133515,0.02013582343,
892290613,0.01349379664,0.01929363356,
892490633,0.01525810214,0.01998284918,
892690652,0.01727588188,0.01987607503,
892890672,0.01877355901,0.02006790765,
893090692,0.02063508706,0.01928848059,
893290712,0.0223095873,0.01941911276,
893490731,0.02387366633,0.01939204184,
893690751,0.02557501074,0.01881255078,
893890771,0.02720679473,0.01764758023,
894090791,0.02878487493,0.01714354816,
894290810,0.03052249792,0.01567796327,
894490830,0.03214165186,0.01534316239,
894690850,0.03314515892,0.01380631471,
894890870,0.03480132581,0.01214379949,
895090889,0.03629785995,0.01151974914,
895290909,0.03708096126,0.009895026885,
895490929,0.03811591812,0.008470545682,
895690949,0.03873950404,0.007660977589,
895890968,0.03963205215,0.005794460139,
896090988,0.04003684714,0.004263732842,
896291008,0.04059070705,0.002789270822,
896491028,0.04112687965,0.001813163655,
896691047,0.04140745984,0.0007308839927,
896891067,0.04155091808,-0.001518844654,
897091087,0.04201170784,-0.002219997211,
897291107,0.04164756503,-0.004177936921,
897491126,0.04238518697,-0.00493105866,
897691146,0.04201966467,-0.006521850429,
897891166,0.04217771377,-0.007584526562,
898091186,0.0419323347,-0.009067984624,
898291205,0.04174437791,-0.01017736558,
898491225,0.04169198311,-0.01134146437,
898691245,0.04113726266,-0.01184024634,
898891265,0.04077530135,-0.01367785006,
899091284,0.04061748811,-0.01419507264,
899291304,0.04054090226,-0.01505487003,
899491324,0.03961243719,-0.01622337458,
899691344,0.03986574313,-0.01652428357,
899891363,0.03900921071,-0.01782509747,
900091383,0.03903652887,-0.01839385189,
900291403,0.03871235907,-0.01913907517,
900491423,0.03841129053,-0.02002865235,
900691442,0.03786630343,-0.02084639395,
900891462,0.03771458235,-0.02134376909,
901091482,0.03714066238,-0.02205518353,
901291502,0.03665666625,-0.02324753293,
901491521,0.03648341305,-0.02422490144,
901691541,0.03567280846,-0.02503577104,
901891561,0.03519894219,-0.02532541804,
902091581,0.03428333041,-0.02646898549,
902291600,0.03395747525,-0.02669177517,
902491620,0.03330602281,-0.02713269622,
902691640,0.03259206431,-0.02805073353,
902891660,0.0316098243,-0.02846080115,
903091679,0.03099921521,-0.02955422818,
903291699,0.03026962462,-0.02986876471,
903491719,0.02944128277,-0.0304823234,
903691739,0.02862064797,-0.03028263672,
903891758,0.02748975774,-0.03116312847,
904091778,0.02658170613,-0.03170914441,
904291798,0.02552067917,-0.0317880153,
904491818,0.0247517095,-0.03213038702,
904691837,0.02368614256,-0.03236623257,
904891857,0.02267295902,-0.0324778532,
905091877,0.02157609501,-0.03218238708,
905291897,0.02049706427,-0.03204553387,
905491916,0.01933457223,-0.03167564565,
905691936,0.01796511702,-0.03131515017,
905891956,0.01697704591,-0.03149380896,
906091976,0.01593931136,-0.0306511645,
906291995,0.0152674383,-0.02959970487,
906492015,0.01384451879,-0.02890561311,
906692035,0.01275046178,-0.02799483109,
906892055,0.01245176464,-0.02691513031,
907092075,0.01183349628,-0.02602307244,
907292094,0.01126012636,-0.02456275105,
907492114,0.01094894993,-0.02354933978,
907692134,0.01076655821,-0.02199914339,
907892154,0.01089457284,-0.02110356772,
908092173,0.01094254331,-0.01981938505,
908292193,0.01126044372,-0.01862756219,
908492213,0.01139045342,-0.01703749226,
908692233,0.0119612429,-0.01574081968,
908892252,0.01247884016,-0.01480848716,
909092272,0.01347820474,-0.01387598092,
909292292,0.01414805438,-0.01307718687,
909492312,0.01471009372,-0.01248221032,
909692331,0.01585341646,-0.01167288063,
909892351,0.01717813247,-0.0109248183,
910092371,0.01808196624,-0.0107964479,
910292391,0.01944623383,-0.01032723489,
910492410,0.02044030318,-0.01017291014,
910692430,0.0216897376,-0.01023592236,
910892450,0.02248798929,-0.01013810106,
911092470,0.023061173,-0.01080296972,
911292489,0.02415391604,-0.01126215608,
911492509,0.02546221855,-0.01139944397,
911692529,0.0261114617,-0.01218130355,
911892549,0.0270324183,-0.01252130324,
912092568,0.02718229891,-0.0133895352,
912292588,0.02814314412,-0.01345312914,
912492608,0.02874627433,-0.0140944017,
912692628,0.02919041581,-0.01474309197,
912892647,0.02959451477,-0.01534689841,
913092667,0.02951517765,-0.01612439432,
913292687,0.02963183824,-0.01719116825,
913492707,0.03006776339,-0.01758111971,
913692726,0.03004286775,-0.018116581,
913892746,0.03013477654,-0.0191710331,
914092766,0.03036799741,-0.01893659028,
914292786,0.03008264204,-0.0199690816,
914492805,0.02996683706,-0.02049286356,
914692825,0.03008733521,-0.02069045229,
914892845,0.03043947308,-0.02102682072,
915092865,0.03056563677,-0.02156802352,
915292884,0.03053398433,-0.02182649306,
915492904,0.03088732121,-0.02229559865,
915692924,0.03134878501,-0.02296071883,
915892944,0.03126972942,-0.02351031682,
916092963,0.0314908992,-0.02366746754,
916292983,0.03173955546,-0.02480981729,
916493003,0.03172156462,-0.02599359969,
916693023,0.03116488207,-0.02659048763,
916893042,0.03141640571,-0.02719083528,
917093062,0.03057597618,-0.02844447441,
917293082,0.03071093276,-0.02925614015,
917493102,0.03011007416,-0.02970440548,
917693121,0.02955545341,-0.03006564364,
917893141,0.02890075808,-0.03071190208,
918093161,0.02809878047,-0.0313410321,
918293181,0.02737834042,-0.03180939371,
918493200,0.02660125438,-0.0318697852,
918693220,0.02576937278,-0.0320990433,
918893240,0.02525785042,-0.03233220532,
919093260,0.02489054815,-0.03230298545,
919293279,0.02401531711,-0.03226495594,
919493299,0.02351079499,-0.03251318499,
919693319,0.02294145209,-0.03202677232,
919893339,0.02236204872,-0.03185195614,
920093358,0.02203712238,-0.03191745092,
920293378,0.02165705141,-0.03138469765,
920493398,0.02112387812,-0.03134482124,
920693418,0.02084886608,-0.03101655677,
920893437,0.02047486234,-0.03078539614,
921093457,0.02033288858,-0.03064750611,
921293477,0.0198228855,-0.03035587499,
921493497,0.01959250106,-0.03045319546,
921693516,0.01937475317,-0.03006568403,
921893536,0.01873678335,-0.03012537242,
922093556,0.01851776161,-0.02943065228,
922293576,0.01845008829,-0.02944540492,
922493595,0.01783830996,-0.02848603395,
922693615,0.01793302169,-0.02804377398,
922893635,0.01752309374,-0.02815884403,
923093655,0.01721110388,-0.02721476435,
923293674,0.0173430673,-0.02700302002,
923493694,0.01723392348,-0.02619312922,
923693714,0.01691577044,-0.02589538,
923893734,0.01746672873,-0.02489088301,
924093753,0.01692727622,-0.02463712108,
924293773,0.01765941905,-0.02393621294,
924493793,0.01765335852,-0.02290408739,
924693813,0.01770933568,-0.02285320545,
924893832,0.01801203011,-0.02195599666,
925093852,0.01866526108,-0.02086365534,
925293872,0.01946334544,-0.01992918232,
925493892,0.02005567696,-0.01980943975,
925693911,0.02081587036,-0.0189684972,
925893931,0.02169454982,-0.01858855791,
926093951,0.02284720448,-0.01826182471,
926293971,0.02398129115,-0.01806671941,
926493990,0.02488955413,-0.01773486127,
926694010,0.02622179804,-0.01831136118,
926894030,0.02760589228,-0.01786581731,
927094050,0.0285120695,-0.01812229954,
927294069,0.03005284809,-0.01894461985,
927494089,0.03123414607,-0.01984173137,
927694109,0.03199887914,-0.02010836848,
927894129,0.03284749227,-0.02130554793,
928094148,0.03374895829,-0.02250811129,
928294168,0.03464589111,-0.02330255145,
928494188,0.03566703366,-0.02386763175,
928694208,0.03555991036,-0.02595707235,
928894227,0.03631717303,-0.02686913564,
929094247,0.03681557075,-0.02786862126,
929294267,0.03648394834,-0.02911632276,
929494287,0.03696376934,-0.03078937445,
929694306,0.03671059298,-0.03157968915,
929894326,0.03637766507,-0.03287620806,
930094346,0.03632947447,-0.03381406813,
930294366,0.03581997887,-0.03551281709,
930494385,0.03609531256,-0.03611714357,
930694405,0.03548845023,-0.03735450309,
930894425,0.03491453158,-0.03841133365,
931094445,0.03452222724,-0.03942869314,
931294464,0.03367405517,-0.04014983679,
931494484,0.03283367556,-0.0413894506,
931694504,0.03255484354,-0.0422905248,
931894524,0.0315858997,-0.04316437748,
932094543,0.0306854955,-0.04415742792,
932294563,0.03039385896,-0.04436802787,
932494583,0.02914386902,-0.04539492737,
932694603,0.02810198179,-0.0463132696,
932894622,0.02721368697,-0.04638148185,
933094642,0.02586282038,-0.04701392201,
933294662,0.02477238242,-0.04708527434,
933494682,0.02391756192,-0.04723110174,
933694702,0.02260140377,-0.04772447104,
933894721,0.02135377003,-0.04807550755,
934094741,0.02045763556,-0.04771015605,
934294761,0.01910395798,-0.04828080622,
934494781,0.01798777184,-0.04747968115,
934694800,0.01740975664,-0.04715774679,
934894820,0.01655060863,-0.04703035021,
935094840,0.01512638467,-0.04636325395,
935294860,0.01521767459,-0.04543614969,
935494879,0.01422490789,-0.04524192064,
935694899,0.01380055746,-0.04396635891,
935894919,0.01293552005,-0.04384815538,
936094939,0.01313073541,-0.04328195645,
936294958,0.01286862384,-0.04276823417,
936494978,0.0128447336,-0.04185115519,
936694998,0.01214372794,-0.04153652026,
936895018,0.01257973352,-0.0409405708,
937095037,0.01217053904,-0.04076296756,
937295057,0.01229685207,-0.04062732837,
937495077,0.01232599512,-0.04045326526,
937695097,0.01224897366,-0.04008373765,
937895116,0.01203172376,-0.04002664121,
938095136,0.01227934698,-0.03973391331,
938295156,0.01187861846,-0.03999031678,
938495176,0.01169981559,-0.03967400315,
938695195,0.01178071694,-0.03945078254,
938895215,0.01173771507,-0.03969160159,
939095235,0.01119798693,-0.03932344616,
939295255,0.01030441544,-0.03962890513,
939495274,0.009869976803,-0.03966091224,
939695294,0.009325985346,-0.03964735777,
939895314,0.008866283947,-0.03895480787,
940095334,0.008496341438,-0.03888839922,
940295353,0.007800501114,-0.03829197975,
940495373,0.00736345543,-0.0377979113,
940695393,0.00694925454,-0.03735989143,
940895413,0.006723391615,-0.03672916122,
941095432,0.006437598101,-0.03553673759,
941295452,0.006295806048,-0.03490804658,
941495472,0.005919400194,-0.03414350633,
941695492,0.006123262997,-0.03322841894,
941895511,0.006029657681,-0.0325219616,
942095531,0.006205971115,-0.03156613656,
942295551,0.006763835938,-0.03103689337,
942495571,0.00691268618,-0.02996341104,
942695590,0.00681540715,-0.02966845247,
942895610,0.007762796213,-0.02890895385,
943095630,0.007880415799,-0.02820666327,
943295650,0.007915832681,-0.0280830644,
943495669,0.00845584887,-0.02745405953,
943695689,0.008867409326,-0.02735452819,
943895709,0.009318707772,-0.02660962955,
944095729,0.009927031281,-0.02628944799,
944295748,0.01031024918,-0.02643469545,
944495768,0.01054459864,-0.02635194781,
944695788,0.01082567392,-0.02588828198,
944895808,0.01094209394,-0.02612639536,
945095827,0.01136313337,-0.02582335468,
945295847,0.01157529805,-0.0254215047,
945495867,0.01180488952,-0.02587648466,
945695887,0.01172836183,-0.02524592786,
945895906,0.01192337714,-0.02489148185,
946095926,0.0126237102,-0.02420274196,
946295946,0.0126198693,-0.02405578179,
946495966,0.01241475932,-0.02385233933,
946695985,0.01342294755,-0.02316984021,
946896005,0.01323522384,-0.02328798837,
947096025,0.01389021544,-0.02183703905,
947296045,0.01428807434,-0.0213926894,
947496064,0.01507931348,-0.02140058386,
947696084,0.01502495498,-0.02125917619,
947896104,0.01616252732,-0.02055140523,
948096124,0.0169957511,-0.0200585233,
948296143,0.01796599448,-0.01954332231,
948496163,0.01827258412,-0.01949762984,
948696183,0.0192701127,-0.01960712616,
948896203,0.02061183719,-0.01949196121,
949096222,0.02130502395,-0.01909951117,
949296242,0.02189891413,-0.01922619953,
949496262,0.02321205959,-0.0195612094,
949696282,0.02443257827,-0.01912380373,
949896301,0.02506420418,-0.01993138587,
950096321,0.02629172347,-0.02046972703,
950296341,0.02707834739,-0.02059665062,
950496361,0.0285364113,-0.02129006449,
950696380,0.029159502,-0.02141968966,
950896400,0.03013327631,-0.02223356261,
951096420,0.03068950148,-0.02304759565,
951296440,0.03154365474,-0.02416652849,
951496459,0.03232439536,-0.02543142546,
951696479,0.03320967083,-0.02587540067,
951896499,0.03305573706,-0.02782818733,
952096519,0.03369002319,-0.02834735909,
952296538,0.03371054687,-0.02932376492,
952496558,0.03386630236,-0.0304331682,
952696578,0.03422836884,-0.03141434315,
952896598,0.0343023556,-0.03257021414,
953096617,0.03387396521,-0.03348003908,
953296637,0.03439782953,-0.03487489838,
953496657,0.03382252152,-0.03581744106,
953696677,0.03338831386,-0.03619769376,
953896696,0.03328645715,-0.03744383537,
954096716,0.03273068072,-0.03772663452,
954296736,0.03208075605,-0.03845496565,
954496756,0.03209422398,-0.03951974402,
954696775,0.03170727324,-0.04020986735,
954896795,0.03113790994,-0.04019102276,
955096815,0.03043499955,-0.04069569044,
955296835,0.0301869955,-0.04064396314,
955496854,0.02971046698,-0.04120703597,
955696874,0.02950459702,-0.04154041843,
955896894,0.02889509026,-0.04118459453,
956096914,0.02900152386,-0.04158408749,
956296933,0.02879948148,-0.04173185883,
956496953,0.02870137705,-0.04185333009,
956696973,0.02909886607,-0.04226314832,
956896993,0.02914772954,-0.04281478954,
957097012,0.02893602616,-0.04275688892,
957297032,0.02905134553,-0.04283811466,
957497052,0.02897701173,-0.04323129505,
957697072,0.0293339333,-0.04433925055,
957897091,0.02950411138,-0.04431968722,
958097111,0.02908797411,-0.04519228418,
958297131,0.02950628286,-0.04527352122,
958497151,0.02938518063,-0.04655967262,
958697170,0.02958707105,-0.0474128583,
958897190,0.02926380015,-0.04792232032,
959097210,0.02901432391,-0.04891585993,
959297230,0.02903722506,-0.05008153264,
959497249,0.0285159047,-0.0508043039,
959697269,0.02845271728,-0.05227031467,
959897289,0.02793882271,-0.05324704861,
960097309,0.02744336831,-0.05415455112,
960297329,0.0263431521,-0.05545167719,
960497348,0.02508735555,-0.05586881812,
960697368,0.02394625416,-0.05656080997,
960897388,0.02277066401,-0.05754919691,
961097408,0.02154292419,-0.05778979512,
961297427,0.02023141509,-0.05876426075,
961497447,0.01819442715,-0.05897413937,
961697467,0.01733703673,-0.05934002887,
961897487,0.01581941279,-0.05916180184,
962097506,0.01480396267,-0.05930840782,
962297526,0.01304694237,-0.0589663989,
962497546,0.01121468277,-0.05891079821,
962697566,0.01030995884,-0.05799719453,
962897585,0.009536093048,-0.05726025999,
963097605,0.007835292629,-0.05624294186,
963297625,0.007074173805,-0.05550102609,
963497645,0.00588046271,-0.05479657008,
963697664,0.005315963872,-0.05361616294,
963897684,0.00453060618,-0.05280122929,
964097704,0.003816803779,-0.05163826654,
964297724,0.003173037216,-0.05117999196,
964497743,0.002962241331,-0.04967787015,
964697763,0.002367404198,-0.04857382396,
964897783,0.002422187055,-0.04781119875,
965097803,0.001698637038,-0.04631578094,
965297822,0.001369369168,-0.04535968283,
965497842,0.001764084503,-0.04453100753,
965697862,0.001365376725,-0.04318265909,
965897882,0.001884334472,-0.04180891546,
966097901,0.002274551352,-0.04030131823,
966297921,0.002664751782,-0.039333265,
966497941,0.003082287973,-0.038220196,
966697961,0.003797652202,-0.0368818926,
966897980,0.004999825276,-0.03613609452,
967098000,0.005922419986,-0.035290466,
967298020,0.007024398418,-0.0346475157,
967498040,0.007918917404,-0.03371604612,
967698059,0.009090472475,-0.0332509259,
967898079,0.01070552633,-0.03267963324,
968098099,0.01152716504,-0.03295048936,
968298119,0.01297728428,-0.03316537154,
968498138,0.01417844694,-0.03298705217,
968698158,0.01520953151,-0.0337408488,
968898178,0.01648467175,-0.03394858321,
969098198,0.0173651797,-0.03515732429,
969298217,0.01849055739,-0.03606482835,
969498237,0.01919447835,-0.03707506147,
969698257,0.02014098812,-0.03752227646,
969898277,0.01990300934,-0.03930957011,
970098296,0.02012460944,-0.04030506645,
970298316,0.02084504311,-0.04089116097,
970498336,0.02008470653,-0.04230038686,
970698356,0.02026965342,-0.04287453958,
970898375,0.01998594638,-0.04440090101,
971098395,0.01906997252,-0.04534482085,
971298415,0.01874888729,-0.04573643373,
971498435,0.01806598869,-0.04705332297,
971698454,0.01764358831,-0.04702995685,
971898474,0.01668943827,-0.04729948382,
972098494,0.0158523012,-0.04736532524,
972298514,0.01491316041,-0.04819013492,
972498533,0.01429130977,-0.04781811331,
972698553,0.01377256105,-0.04771186619,
972898573,0.01361115583,-0.04761068699,
973098593,0.01282611197,-0.04760210915,
973298612,0.01277570099,-0.04742026934,
973498632,0.01187505258,-0.04731910507,
973698652,0.01184851238,-0.04695241947,
973898672,0.01193710504,-0.04698971974,
974098691,0.01145536287,-0.047162892,
974298711,0.01108718964,-0.04663896718,
974498731,0.01085725044,-0.04639143122,
974698751,0.01064922097,-0.04614862782,
974898770,0.01021916251,-0.04597845229,
975098790,0.01004136025,-0.04611571002,
975298810,0.009379012642,-0.04610847814,
975498830,0.009494361583,-0.04579395952,
975698849,0.009091719596,-0.04554571413,
975898869,0.008647922412,-0.04476683153,
976098889,0.008791311778,-0.04440388811,
976298909,0.008643505281,-0.04381995962,
976498928,0.008553725244,-0.04321814513,
976698948,0.008516348611,-0.04315130273,
976898968,0.009056867292,-0.04273396024,
977098988,0.008910135067,-0.04226579853,
977299007,0.008806635503,-0.04213146253,
977499027,0.008964819521,-0.04174647799,
977699047,0.009159628566,-0.04137337461,
977899067,0.009893851594,-0.04114111142,
978099086,0.009995667919,-0.04046384305,
978299106,0.0103968712,-0.04042704247,
978499126,0.01080222282,-0.03924207506,
978699146,0.01177888961,-0.04004668048,
978899165,0.01219624295,-0.03958421643,
979099185,0.01244930238,-0.0398521313,
979299205,0.01286496032,-0.04007787296,
979499225,0.01371192503,-0.03987596911,
979699244,0.01416120209,-0.04023470339,
979899264,0.01472012163,-0.04061414422,
980099284,0.01528190469,-0.04059665664,
980299304,0.01553289716,-0.04114190271,
980499323,0.01584848464,-0.04182063583,
980699343,0.01607993739,-0.04189845683,
980899363,0.01613884811,-0.04283250579,
981099383,0.01627014021,-0.04340043071,
981299402,0.01614866753,-0.04374293777,
981499422,0.01649966334,-0.04363964417,
981699442,0.01611009354,-0.04484770356,
981899462,0.01646884691,-0.04509650916,
982099481,0.01620405119,-0.04514399496,
982299501,0.01647040335,-0.04537144661,
982499521,0.01609992749,-0.04577298213,
982699541,0.01590599203,-0.04573832718,
982899560,0.01587287403,-0.04605450021,
983099580,0.0161951865,-0.04600455138,
983299600,0.01550027625,-0.04638106289,
983499620,0.01569628606,-0.04631014827,
983699639,0.01582199698,-0.04632661875,
983899659,0.01600143619,-0.04647283349,
984099679,0.01635503216,-0.04662384931,
984299699,0.01660593775,-0.04633612985,
984499718,0.01683001848,-0.04655559116,
984699738,0.01702378962,-0.04692850479,
984899758,0.01737926208,-0.0475446568,
985099778,0.01862877279,-0.04741869235,
985299797,0.01868514629,-0.04791649778,
985499817,0.01874932714,-0.04878727258,
985699837,0.01946098896,-0.04973519745,
985899857,0.02025420253,-0.05050097044,
986099876,0.02018684695,-0.05154191582,
986299896,0.02052355747,-0.05285941863,
986499916,0.02012429189,-0.05341261309,
986699936,0.01986412204,-0.05463657879,
986899956,0.0200357074,-0.05635902229,
987099975,0.01903095333,-0.0571765756,
987299995,0.01835158053,-0.05803361491,
987500015,0.01798517737,-0.05916954906,
987700035,0.01652676704,-0.05992927819,
987900054,0.01622675604,-0.06056671485,
988100074,0.01524421225,-0.06197591864,
988300094,0.01416047467,-0.06225024781,
988500114,0.0128736957,-0.06320790722,
988700133,0.011519072,-0.06340093745,
988900153,0.01072329322,-0.06436844951,
989100173,0.009238110242,-0.06429093649,
989300193,0.008589592153,-0.06489029527,
989500212,0.007338343284,-0.06431678608,
989700232,0.00588639266,-0.06463294212,
989900252,0.005140577867,-0.0650335189,
990100272,0.004024490566,-0.06420572075,
990300291,0.003259122211,-0.06415170941,
990500311,0.002480755194,-0.06395321143,
990700331,0.001674329982,-0.0642642906,
990900351,0.0005168422224,-0.06389887451,
991100370,-6.531776254e-05,-0.0635180923,
991300390,-0.001038540158,-0.06319575911,
991500410,-0.001816981779,-0.06307805232,
991700430,-0.002116532395,-0.06262244003,
991900449,-0.003148878188,-0.06230663811,
992100469,-0.004015504255,-0.06190694011,
992300489,-0.00418417443,-0.06217542457,
992500509,-0.005455882499,-0.06142890947,
992700528,-0.00612389067,-0.0611675908,
992900548,-0.006573743653,-0.06108936793,
993100568,-0.007744065739,-0.06072624634,
993300588,-0.008090345507,-0.06045118434,
993500607,-0.009126832536,-0.0595063067,
993700627,-0.009621901237,-0.05919858988,
993900647,-0.01059472995,-0.05843293798,
994100667,-0.0112819958,-0.05809044666,
994300686,-0.01185768398,-0.0578599333,
994500706,-0.01304744211,-0.05688858718,
994700726,-0.01375757842,-0.05592036783,
994900746,-0.0141845792,-0.05544224391,
995100765,-0.01444574645,-0.05432113003,
995300785,-0.01503640079,-0.05265124159,
995500805,-0.01565855591,-0.05182802968,
995700825,-0.01610187006,-0.05024383486,
995900844,-0.0170391538,-0.04965011648,
996100864,-0.01730587959,-0.0483424455,
996300884,-0.01768806002,-0.04679161524,
996500904,-0.01762033363,-0.04606379448,
996700923,-0.01795857475,-0.04449664867,
996900943,-0.01843216209,-0.04349774116,
997100963,-0.01808871286,-0.04217673914,
997300983,-0.01747133557,-0.04085610424,
997501002,-0.01687166832,-0.0391882234,
997701022,-0.01551138372,-0.03773774157,
997901042,-0.01461851753,-0.03653258469,
998101062,-0.01379044076,-0.03517746338,
998301081,-0.01295116712,-0.03442278998,
998501101,-0.01148051483,-0.03338701377,
998701121,-0.01031783326,-0.03299219147,
998901141,-0.00928483605,-0.03178911796,
999101160,-0.007730306294,-0.03155171369,
999301180,-0.006708523135,-0.03136985049,
999501200,-0.005033074646,-0.03124066035,
999701220,-0.00410178917,-0.03148070556,
999901239,-0.002536507201,-0.03140200263,
1000101259,-0.0009623328433,-0.03165378618,
1000301279,-2.530110231e-05,-0.03188878055,
1000501299,0.001241875746,-0.03287010168,
1000701318,0.001903048276,-0.03320416669,
1000901338,0.002958962246,-0.03410191617,
1001101358,0.003516140235,-0.03482664041,
1001301378,0.004848296169,-0.03568438394,
1001501397,0.005413790129,-0.03704541618,
1001701417,0.006038484897,-0.03821087237,
1001901437,0.006070093023,-0.03879336625,
1002101457,0.006109127018,-0.04007133678,
1002301476,0.006289621106,-0.04148404903,
1002501496,0.006603632871,-0.0423071779,
1002701516,0.006265402388,-0.04342123736,
1002901536,0.006062675673,-0.04431833617,
1003101555,0.005487838722,-0.04553456311,
1003301575,0.005000617091,-0.04626610063,
1003501595,0.004346542893,-0.04700626752,
1003701615,0.004121204701,-0.04812546506,
1003901634,0.003369055683,-0.04885823612,
1004101654,0.00275187863,-0.04955366418,
1004301674,0.001883636724,-0.04962096818,
1004501694,0.001183389921,-0.05034414593,
1004701713,0.0004765687493,-0.05051082509,
1004901733,-0.000273604156,-0.05054609079,
1005101753,-0.001230463972,-0.05058426251,
1005301773,-0.002207653579,-0.05121438365,
1005501792,-0.00288306614,-0.05149812006,
1005701812,-0.003933275613,-0.05116430445,
1005901832,-0.004549907184,-0.05127661547,
1006101852,-0.005304820547,-0.05085376361,
1006301871,-0.005575794274,-0.05111730894,
1006501891,-0.006247479329,-0.05025008399,
1006701911,-0.006965474926,-0.05008009007,
1006901931,-0.007672132497,-0.04955182348,
1007101950,-0.00800606697,-0.04961303457,
1007301970,-0.008109791678,-0.04910349558,
1007501990,-0.008654441413,-0.04893566414,
1007702010,-0.008884706386,-0.04822004224,
1007902029,-0.009265758954,-0.04799504878,
1008102049,-0.009882169635,-0.04755898373,
1008302069,-0.01004282148,-0.04788117793,
1008502089,-0.01092777811,-0.04720344833,
1008702108,-0.01101686821,-0.04713251555,
1008902128,-0.01182584209,-0.04740329692,
1009102148,-0.01191539413,-0.04722813481,
1009302168,-0.01273872123,-0.04728075918,
1009502187,-0.01335459647,-0.04701725243,
1009702207,-0.01369462516,-0.04697659405,
1009902227,-0.01434425669,-0.04711985335,
1010102247,-0.01514274228,-0.04677152481,
1010302266,-0.01581072091,-0.04624823766,
1010502286,-0.01615763655,-0.04601937831,
1010702306,-0.01690611092,-0.04559310909,
1010902326,-0.01773909339,-0.04532735978,
1011102345,-0.01823404847,-0.04467171671,
1011302365,-0.01889883901,-0.04416049653,
1011502385,-0.01933869263,-0.04360553673,
1011702405,-0.01979923008,-0.04255736458,
1011902424,-0.01970359464,-0.04171995347,
1012102444,-0.01957042825,-0.04005924264,
1012302464,-0.01995826771,-0.03951742066,
1012502484,-0.01975283037,-0.0384684717,
1012702503,-0.0200234958,-0.03756321049,
1012902523,-0.02014611362,-0.03660171552,
1013102543,-0.02004067754,-0.0360488721,
1013302563,-0.01976785653,-0.035183582,
1013502582,-0.01984011836,-0.03455749207,
1013702602,-0.01954918567,-0.0338954132,
1013902622,-0.01957309146,-0.03315061483,
1014102642,-0.01957713521,-0.03262745764,
1014302662,-0.01876935935,-0.03183688803,
1014502681,-0.01860634236,-0.03139033289,
1014702701,-0.01863697913,-0.03107933227,
1014902721,-0.01836479828,-0.03055847774,
1015102741,-0.01822568956,-0.02960309073,
1015302760,-0.0181018126,-0.02953909664,
1015502780,-0.01774821608,-0.02858577946,
1015702800,-0.01800901472,-0.02739982036,
1015902820,-0.01737610324,-0.02690842944,
1016102839,-0.01721137073,-0.0268690685,
1016302859,-0.01653098027,-0.02602028125,
1016502879,-0.01656721646,-0.02530923606,
1016702899,-0.01613625971,-0.02479173332,
1016902918,-0.01565474618,-0.02443531717,
1017102938,-0.01506042146,-0.02326546356,
1017302958,-0.01452907291,-0.02319499165,
1017502978,-0.01379333781,-0.02267615208,
1017702997,-0.01262935119,-0.02235767638,
1017903017,-0.01207429109,-0.02247729655,
1018103037,-0.01170211243,-0.02196234039,
1018303057,-0.01111817973,-0.02168979759,
1018503076,-0.01054844369,-0.02159801656,
1018703096,-0.009889342559,-0.02230376245,
1018903116,-0.009187143049,-0.02189924371,
1019103136,-0.008770506406,-0.02162071861,
1019303155,-0.008444405325,-0.02191743566,
1019503175,-0.007788948078,-0.02248275061,
1019703195,-0.007673972518,-0.02226325282,
1019903215,-0.007422553676,-0.02275697974,
1020103234,-0.006921930394,-0.02279254812,
1020303254,-0.006785093336,-0.02326540301,
1020503274,-0.006715619603,-0.02323053879,
1020703294,-0.00682428792,-0.02282295866,
1020903313,-0.006415920795,-0.02371403501,
1021103333,-0.006581447823,-0.0230166349,
1021303353,-0.006109290278,-0.02354480832,
1021503373,-0.006428107118,-0.02291451688,
1021703392,-0.00625568765,-0.02287573778,
1021903412,-0.005910782781,-0.02277263964,
1022103432,-0.00561250613,-0.02283998049,
1022303452,-0.005453658827,-0.02277225778,
1022503471,-0.005355180206,-0.02231557495,
1022703491,-0.005470193553,-0.02259714586,
1022903511,-0.005087006496,-0.02262470324,
1023103531,-0.004554846493,-0.02227709748,
1023303550,-0.004664324493,-0.02213973977,
1023503570,-0.004465627869,-0.02205492368,
1023703590,-0.004475496922,-0.02223939639,
1023903610,-0.004155527115,-0.02232687509,
1024103629,-0.003948560404,-0.02300866189,
1024303649,-0.00391052823,-0.02262724933,
1024503669,-0.003300176793,-0.02237112517,
1024703689,-0.003403698029,-0.0227600216,
1024903708,-0.003569715453,-0.02239674127,
1025103728,-0.003089755428,-0.02273240525,
1025303748,-0.002674513126,-0.02209469787,
1025503768,-0.002638686247,-0.02281436906,
1025703787,-0.002484910042,-0.02221341612,
1025903807,-0.002326002745,-0.02197386455,
1026103827,-0.001940936904,-0.0225281598,
1026303847,-0.001912812286,-0.02223040907,
1026503866,-0.001615281318,-0.0225791903,
1026703886,-0.001113564196,-0.02254260674,
1026903906,-0.000872100918,-0.02360504944,
1027103926,-0.001082800732,-0.02335294285,
1027303945,-0.0006421364643,-0.02319559858,
1027503965,-0.0005267696173,-0.02337428843,
1027703985,-0.000552839341,-0.02460097946,
1027904005,-0.0005024176105,-0.02472029143,
1028104024,-0.0008546630864,-0.02470657492,
1028304044,-0.0006433360498,-0.02520781708,
1028504064,-0.0006685157951,-0.02539986214,
1028704084,-0.001149698721,-0.02536568268,
1028904103,-0.001740590322,-0.0256621076,
1029104123,-0.001571984366,-0.02658724659,
1029304143,-0.002380992751,-0.02649617508,
1029504163,-0.002498206149,-0.02648898925,
1029704182,-0.002697743983,-0.02655165698,
1029904202,-0.003425534537,-0.02661166008,
1030104222,-0.004128073817,-0.02632653505,
1030304242,-0.00455436292,-0.02632494122,
1030504261,-0.005098146597,-0.02603300637,
1030704281,-0.00536182536,-0.0262313084,
1030904301,-0.00605231954,-0.02564008285,
1031104321,-0.00641445979,-0.02545916116,
1031304340,-0.006764050208,-0.02457325627,
1031504360,-0.007192095354,-0.02416760219,
1031704380,-0.007717442914,-0.02366510884,
1031904400,-0.008406662157,-0.02290517338,
1032104419,-0.008737288453,-0.0218943628,
1032304439,-0.008711912734,-0.02134195108,
1032504459,-0.00871174703,-0.02053828211,
1032704479,-0.008719347572,-0.01992132066,
1032904498,-0.008999041235,-0.01917640438,
1033104518,-0.008846818262,-0.01832150508,
1033304538,-0.008688649573,-0.0170576221,
1033504558,-0.008146650098,-0.01646548795,
1033704577,-0.007995453993,-0.01650278021,
1033904597,-0.007359350735,-0.01487177208,
1034104617,-0.007121819808,-0.01470042029,
1034304637,-0.00665281056,-0.01472249373,
1034504656,-0.006006645731,-0.01332151836,
1034704676,-0.005387149919,-0.01323982994,
1034904696,-0.005034206817,-0.01313572602,
1035104716,-0.004438679362,-0.01221765102,
1035304735,-0.003688042274,-0.01210433724,
1035504755,-0.003632500405,-0.01236266586,
1035704775,-0.002662452002,-0.0119152811,
1035904795,-0.002217255866,-0.01205468295,
1036104814,-0.001969972226,-0.01188403676,
1036304834,-0.001532512427,-0.01156911098,
1036504854,-0.001182004928,-0.0115233157,
1036704874,-0.0008256489207,-0.01168338945,
1036904893,-0.0007677016586,-0.01171112146,
1037104913,-0.0006560622122,-0.01157046498,
1037304933,-2.894234924e-06,-0.01145497624,
1037504953,-5.962919321e-05,-0.01136374851,
1037704972,-0.0001636812432,-0.01134319573,
1037904992,0.0001256432201,-0.01157494882,
1038105012,-0.0002807799985,-0.01106577799,
1038305032,0.0001732258579,-0.01101606302,
1038505051,0.0003945110129,-0.01087245846,
1038705071,0.0002421903428,-0.01085116208,
1038905091,2.338187047e-05,-0.01003093058,
1039105111,0.0001796284869,-0.00973026367,
1039305130,0.000308571974,-0.009097914495,
1039505150,0.0008323250611,-0.008259319956,
1039705170,0.0008993169034,-0.007641635656,
1039905190,0.00111114524,-0.007259325029,
1040105209,0.001945622161,-0.007214539277,
1040305229,0.0024702236,-0.006590850479,
1040505249,0.002960724109,-0.006113221694,
1040705269,0.003270646895,-0.005118249967,
1040905289,0.003855154868,-0.004626802353,
1041105308,0.004672246279,-0.003971214793,
1041305328,0.005486121808,-0.003556307222,
1041505348,0.006375082633,-0.003662797314,
1041705368,0.007213867709,-0.003578108372,
1041905387,0.008694483192,-0.003134947167,
1042105407,0.009825103584,-0.003357054608,
1042305427,0.01061707752,-0.003516556984,
1042505447,0.01171875235,-0.004225203878,
1042705466,0.01264381605,-0.004696211438,
1042905486,0.01322446016,-0.004749577127,
1043105506,0.01362110053,-0.005484098753,
1043305526,0.0147256793,-0.005904165206,
1043505545,0.0148214035,-0.006640767367,
1043705565,0.01556076975,-0.007511014187,
1043905585,0.01554310114,-0.008423067067,
1044105605,0.01586203583,-0.00846452142,
1044305624,0.0159960141,-0.009294711173,
1044505644,0.01516068443,-0.009960881962,
1044705664,0.01556072489,-0.01011394772,
1044905684,0.01503656072,-0.01074371943,
1045105703,0.01506232626,-0.01099870221,
1045305723,0.01455455387,-0.01108155707,
1045505743,0.01423487818,-0.01101425477,
1045705763,0.01376614863,-0.01074673495,
1045905782,0.01321170416,-0.01121273344,
1046105802,0.01273487727,-0.01062238466,
1046305822,0.01245869385,-0.01053947234,
1046505842,0.01187206071,-0.00986933313,
1046705861,0.01196485034,-0.009295305603,
1046905881,0.01191313587,-0.008411833698,
1047105901,0.01165752821,-0.007501116339,
1047305921,0.01163301253,-0.0064191959,
1047505940,0.01157962646,-0.005063021175,
1047705960,0.0116749407,-0.00479762298,
1047905980,0.01222930027,-0.003543407049,
1048106000,0.01283519938,-0.002704454107,
1048306019,0.01336304534,-0.001393558064,
1048506039,0.01444660394,-0.000534498209,
1048706059,0.01537109992,0.0001846170794,
1048906079,0.01649656365,0.001728491159,
1049106098,0.01747143871,0.00186618867,
1049306118,0.01891689661,0.002797825287,
1049506138,0.02061577882,0.003063544659,
1049706158,0.02212331753,0.003830364237,
1049906177,0.02321152095,0.004486274032,
1050106197,0.0250688434,0.004214886665,
1050306217,0.02660513331,0.004057286066,
1050506237,0.0281361226,0.004020400867,
1050706256,0.0299977077,0.004215018394,
1050906276,0.03183479903,0.003682519391,
1051106296,0.03340332329,0.003015976945,
1051306316,0.03492564033,0.002531161991,
1051506335,0.03651491011,0.001809888301,
1051706355,0.03794665193,0.0007138477993,
1051906375,0.03904492534,-0.0007638013168,
1052106395,0.04026541323,-0.001247097406,
1052306414,0.04192861359,-0.003014133478,
1052506434,0.04303345014,-0.004282812266,
1052706454,0.04388026542,-0.005682328195,
1052906474,0.04445827972,-0.006431239233,
1053106493,0.04524369979,-0.007821786514,
1053306513,0.04569623192,-0.00934772113,
1053506533,0.0465461342,-0.01059410069,
1053706553,0.04694830621,-0.01193776987,
1053906572,0.04748661149,-0.01332296265,
1054106592,0.0474854656,-0.01472930917,
1054306612,0.04817309456,-0.0159308405,
1054506632,0.04825416685,-0.01787179305,
1054706651,0.04828167274,-0.01886775122,
1054906671,0.04807209343,-0.02056156274,
1055106691,0.04808889742,-0.0218174054,
1055306711,0.04819736639,-0.0229845567,
1055506730,0.0480781338,-0.02419897483,
1055706750,0.04764318877,-0.02540285815,
1055906770,0.04746486364,-0.02697539592,
1056106790,0.0473330817,-0.02750113889,
1056306809,0.04655488087,-0.02887649212,
1056506829,0.04599266416,-0.02965590654,
1056706849,0.04568088702,-0.03047873654,
1056906869,0.0450602764,-0.03119305205,
1057106888,0.04457222219,-0.03236238729,
1057306908,0.04419365741,-0.03339473729,
1057506928,0.04332787126,-0.03439332016,
1057706948,0.0425821019,-0.03426152451,
1057906967,0.04162752423,-0.03499541164,
1058106987,0.04064040729,-0.03555869941,
1058307007,0.03993825475,-0.0363987411,
1058507027,0.03910364468,-0.03659230878,
1058707046,0.03810104074,-0.03719708112,
1058907066,0.03747694481,-0.03730184742,
1059107086,0.0370694096,-0.03732380601,
1059307106,0.03595944179,-0.03752579237,
1059507125,0.03530676568,-0.03740586544,
1059707145,0.03454945416,-0.03727633906,
1059907165,0.03413261224,-0.03723017203,
1060107185,0.0336013445,-0.03716971082,
1060307204,0.03314432514,-0.03658539459,
1060507224,0.03248204459,-0.03630861563,
1060707244,0.03200226604,-0.03611011689,
1060907264,0.03201835603,-0.03551536581,
1061107283,0.03144799879,-0.03608813684,
1061307303,0.03119119789,-0.03572118729,
1061507323,0.03101387782,-0.03489986405,
1061707343,0.03086680094,-0.03456253202,
1061907362,0.03126434493,-0.03428417728,
1062107382,0.03095701771,-0.03370751034,
1062307402,0.0306965178,-0.03322570788,
1062507422,0.03096803431,-0.03311863321,
1062707441,0.03090802756,-0.03238431536,
1062907461,0.03098355974,-0.0325918839,
1063107481,0.03151041022,-0.03186394377,
1063307501,0.03168541869,-0.03174449499,
1063507520,0.03202209249,-0.03157852688,
1063707540,0.03223174051,-0.03097097982,
1063907560,0.03242026503,-0.03102812367,
1064107580,0.03277551803,-0.0312639543,
1064307599,0.03294453577,-0.03078270054,
1064507619,0.03401874439,-0.03008749418,
1064707639,0.03428055841,-0.03055135768,
1064907659,0.03466548035,-0.0305051426,
1065107678,0.0348256923,-0.03057623615,
1065307698,0.03542723237,-0.03057728458,
1065507718,0.03613869773,-0.03123711212,
1065707738,0.03638880018,-0.03104877331,
1065907757,0.03664508023,-0.03130396279,
1066107777,0.03706925908,-0.03159798639,
1066307797,0.03731379015,-0.03254098713,
1066507817,0.03766243315,-0.03205971593,
1066707836,0.03804054526,-0.03278168398,
1066907856,0.03815631065,-0.03291104211,
1067107876,0.03818285232,-0.03332973486,
1067307896,0.03854949197,-0.0331499646,
1067507916,0.03882297908,-0.03403796609,
1067707935,0.03867695197,-0.03404857518,
1067907955,0.03899563431,-0.03463144926,
1068107975,0.0392247197,-0.03467672719,
1068307995,0.03976508003,-0.03475460704,
1068508014,0.03978511106,-0.03485087796,
1068708034,0.03971029508,-0.03529722518,
1068908054,0.04011831018,-0.03601513913,
1069108074,0.04019110307,-0.03569781345,
1069308093,0.04049248503,-0.03634369936,
1069508113,0.04073239753,-0.03644437646,
1069708133,0.04143529981,-0.037099021,
1069908153,0.0416633209,-0.03750913822,
1070108172,0.04160784884,-0.03746512538,
1070308192,0.04199062049,-0.03777003364,
1070508212,0.04234633011,-0.03779411796,
1070708232,0.04223358055,-0.03880349321,
1070908251,0.04283947148,-0.03883768022,
1071108271,0.0425899153,-0.03950586817,
1071308291,0.04363801023,-0.03954037058,
1071508311,0.0432018396,-0.04001381344,
1071708330,0.0441748782,-0.04094376906,
1071908350,0.04389569182,-0.04079431847,
1072108370,0.04418664829,-0.04169235745,
1072308390,0.04471294997,-0.04213453167,
1072508409,0.0443895659,-0.04270180153,
1072708429,0.04410060964,-0.0432408368,
1072908449,0.04494427343,-0.04427617282,
1073108469,0.04523146614,-0.04437065512,
1073308488,0.04554741419,-0.04515740185,
1073508508,0.04546111608,-0.04552788686,
1073708528,0.04552242493,-0.04642683413,
1073908548,0.04594997494,-0.04669768616,
1074108567,0.04610092017,-0.04688558294,
1074308587,0.04641813461,-0.0481214227,
1074508607,0.04653649607,-0.0493594818,
1074708627,0.04683288153,-0.04953848113,
1074908646,0.04660298595,-0.05126311842,
1075108666,0.04648708071,-0.0516364219,
1075308686,0.04647346558,-0.05248701133,
1075508706,0.04715233548,-0.05402693788,
1075708725,0.04644710385,-0.05473602325,
1075908745,0.04625582395,-0.05575239253,
1076108765,0.04565354903,-0.05676805907,
1076308785,0.04552007415,-0.05785779164,
1076508804,0.04566662144,-0.05890721241,
1076708824,0.04444443638,-0.06051664788,
1076908844,0.04422286288,-0.06126589756,
1077108864,0.04376174403,-0.0628872468,
1077308883,0.0427329776,-0.06348210811,
1077508903,0.04229146107,-0.06447913102,
1077708923,0.04084136413,-0.06541432945,
1077908943,0.04025153775,-0.06604846139,
1078108962,0.03882000555,-0.06737218214,
1078308982,0.03769444293,-0.06784442574,
1078509002,0.0372772491,-0.06813808462,
1078709022,0.03566587071,-0.06907675313,
1078909041,0.03431508259,-0.06953205425,
1079109061,0.03270056496,-0.07012774595,
1079309081,0.03175975535,-0.07048018475,
1079509101,0.03011337165,-0.07011701441,
1079709120,0.02900747553,-0.07033184529,
1079909140,0.02753778703,-0.07015083288,
1080109160,0.0261622471,-0.07005902315,
1080309180,0.02553746446,-0.07016458786,
1080509199,0.02415508275,-0.06930966644,
1080709219,0.02337352405,-0.06903228778,
1080909239,0.02204004781,-0.06840373637,
1081109259,0.0210352995,-0.06813060823,
1081309278,0.02087134779,-0.06742055071,
1081509298,0.01956755251,-0.06631663794,
1081709318,0.01931527688,-0.06553800396,
1081909338,0.01862997715,-0.06480871868,
1082109357,0.01802278444,-0.06456880626,
1082309377,0.01788760745,-0.06354367219,
1082509397,0.01710433947,-0.06361318332,
1082709417,0.01681833426,-0.06254120944,
1082909436,0.01692994472,-0.06244321318,
1083109456,0.01643855022,-0.06147796919,
1083309476,0.01631271692,-0.06137643625,
1083509496,0.01600841482,-0.06053168033,
1083709515,0.01618931018,-0.05961092835,
1083909535,0.01588314643,-0.05924737812,
1084109555,0.01584976563,-0.05892603272,
1084309575,0.01543917897,-0.05810184079,
1084509594,0.01535560001,-0.058200738,
1084709614,0.01529293084,-0.05743340305,
1084909634,0.01542543884,-0.05674971233,
1085109654,0.01521817839,-0.05645716687,
1085309673,0.01536537608,-0.05603914132,
1085509693,0.0158948347,-0.05591253111,
1085709713,0.01594678505,-0.05571661023,
1085909733,0.01540421805,-0.05469892757,
1086109752,0.01584723522,-0.05506307991,
1086309772,0.01618968889,-0.05423075822,
1086509792,0.01619282239,-0.05420403172,
1086709812,0.01636294101,-0.05369467766,
1086909831,0.01662335097,-0.05341109623,
1087109851,0.01656480488,-0.05304620073,
1087309871,0.01717567643,-0.05299747273,
1087509891,0.01695403294,-0.05307730383,
1087709910,0.01706797346,-0.05316740612,
1087909930,0.01711216784,-0.05326174812,
1088109950,0.01716267446,-0.05281055665,
1088309970,0.01720044249,-0.05227681972,
1088509989,0.01758215622,-0.05231979233,
1088710009,0.017240446,-0.05230251573,
1088910029,0.01785262567,-0.05203588197,
1089110049,0.01759701274,-0.05230962014,
1089310068,0.01793815896,-0.0521563925,
1089510088,0.01787533353,-0.05192801387,
1089710108,0.01814594442,-0.05137077358,
1089910128,0.01842623448,-0.05157201994,
1090110147,0.01828375446,-0.05063760115,
1090310167,0.01847469238,-0.05057473524,
1090510187,0.01894168454,-0.05042197562,
1090710207,0.01904185186,-0.05011881351,
1090910226,0.01901159583,-0.05032360414,
1091110246,0.01948365701,-0.0504824641,
1091310266,0.02006842246,-0.04988748986,
1091510286,0.02064071469,-0.04945644828,
1091710305,0.0209919161,-0.0501172823,
1091910325,0.02148131684,-0.04990305037,
1092110345,0.02221579871,-0.04972394441,
1092310365,0.0222253757,-0.04940124975,
1092510384,0.02282990647,-0.05001856482,
1092710404,0.02312911348,-0.05029637196,
1092910424,0.02397228609,-0.05049943235,
1093110444,0.02427830727,-0.05069747965,
1093310463,0.02481005752,-0.05112920267,
1093510483,0.02538236394,-0.05219393069,
1093710503,0.02564143352,-0.05238324575,
1093910523,0.02656145321,-0.05318964402,
1094110543,0.02688479417,-0.05378795517,
1094310562,0.02704899572,-0.05447485307,
1094510582,0.02697529856,-0.05605962331,
1094710602,0.02713530565,-0.05642796358,
1094910622,0.02699357019,-0.05786544617,
1095110641,0.02708541165,-0.05808983217,
1095310661,0.02665389544,-0.05925392367,
1095510681,0.02650041286,-0.06050501034,
1095710701,0.02575825131,-0.06140357711,
1095910720,0.02527194443,-0.06224690017,
1096110740,0.02464056712,-0.06387183282,
1096310760,0.02400063873,-0.06456022707,
1096510780,0.02304650674,-0.06461052053,
1096710799,0.02185319634,-0.06520837395,
1096910819,0.02079199854,-0.06606233519,
1097110839,0.01967396832,-0.06648067011,
1097310859,0.01792303414,-0.06648155848,
1097510878,0.01733596147,-0.06667560811,
1097710898,0.01596714085,-0.0667754054,
1097910918,0.01413098891,-0.0664521166,
1098110938,0.01347616962,-0.06582289271,
1098310957,0.0123838381,-0.06562383588,
1098510977,0.01117263978,-0.06497565168,
1098710997,0.01038449859,-0.06393807511,
1098911017,0.009205832088,-0.06301595462,
1099111036,0.009338058357,-0.06208989408,
1099311056,0.008773328611,-0.06126529762,
1099511076,0.008557034654,-0.06068527561,
1099711096,0.008063385644,-0.05963376019,
1099911115,0.007663319264,-0.05864453729,
1100111135,0.008524225205,-0.05831263946,
1100311155,0.008445201621,-0.05775787456,
1100511175,0.008041277507,-0.05696356042,
1100711194,0.008715332067,-0.05593637995,
1100911214,0.008317663908,-0.05578964977,
1101111234,0.009026681498,-0.05487592826,
1101311254,0.009032083864,-0.05464962108,
1101511273,0.008971341495,-0.05466214258,
1101711293,0.009356155962,-0.05462739585,
1101911313,0.009414801938,-0.05424199862,
1102111333,0.009556671963,-0.05424954095,
1102311352,0.009446234673,-0.05427331313,
1102511372,0.009273862226,-0.0539168532,
1102711392,0.00901032807,-0.0539781857,
1102911412,0.00921256429,-0.05370196991,
1103111431,0.008621493894,-0.05338185274,
1103311451,0.008638415081,-0.05294196323,
1103511471,0.008567155112,-0.05269338092,
1103711491,0.008439050568,-0.05219265722,
1103911510,0.007583380033,-0.05190537809,
1104111530,0.007994132019,-0.05159169178,
1104311550,0.007571318284,-0.05054613441,
1104511570,0.00752882684,-0.05044670242,
1104711589,0.007923473123,-0.04948867439,
1104911609,0.00803022721,-0.04841217989,
1105111629,0.008074579423,-0.04810754784,
1105311649,0.008375233516,-0.04712373757,
1105511668,0.008525514752,-0.04689872445,
1105711688,0.008826088202,-0.04621812791,
1105911708,0.009723017794,-0.04561154931,
1106111728,0.009985523122,-0.04462232028,
1106311747,0.01052433404,-0.04456075861,
1106511767,0.01151659957,-0.04416728514,
1106711787,0.01208120687,-0.04334264604,
1106911807,0.01254118201,-0.04275947807,
1107111826,0.01312705218,-0.043206398,
1107311846,0.0144305653,-0.04290231178,
1107511866,0.01495204942,-0.04268413896,
1107711886,0.0152248104,-0.042891977,
1107911905,0.01596556373,-0.04277282041,
1108111925,0.01689089703,-0.04300858978,
1108311945,0.01759654747,-0.04312763153,
1108511965,0.01806509759,-0.04319658993,
1108711984,0.01848885913,-0.04343327642,
1108912004,0.01905345678,-0.04335416808,
1109112024,0.01906022206,-0.04421176751,
1109312044,0.02007321875,-0.04429521176,
1109512063,0.0203315504,-0.04440164988,
1109712083,0.02035430776,-0.04488676518,
1109912103,0.02086924735,-0.04502038343,
1110112123,0.02101730675,-0.04478842207,
1110312142,0.02167415383,-0.04551955196,
1110512162,0.02167871864,-0.04501812798,
1110712182,0.02242341676,-0.04531058752,
1110912202,0.02304800588,-0.04596324937,
1111112221,0.02324790266,-0.04624569546,
1111312241,0.02411620464,-0.04696914403,
1111512261,0.02413462089,-0.04653616975,
1111712281,0.02484208972,-0.0471527577,
1111912300,0.02490735105,-0.04822041945,
1112112320,0.02560392218,-0.04821738998,
1112312340,0.02611404526,-0.04914118693,
1112512360,0.02632456041,-0.04972787357,
1112712379,0.02643258463,-0.05092717256,
1112912399,0.02708585994,-0.05110897504,
1113112419,0.0268599279,-0.05158920594,
1113312439,0.02680907722,-0.05305919237,
1113512458,0.02694030291,-0.05390378654,
1113712478,0.0278125796,-0.05454347709,
1113912498,0.02654596252,-0.05528552882,
1114112518,0.02695700716,-0.05609054544,
1114312537,0.02651509776,-0.05680303883,
1114512557,0.02618355142,-0.05784061168,
1114712577,0.02588001961,-0.05866627166,
1114912597,0.02532800705,-0.05945671057,
1115112616,0.02439409037,-0.06046884972,
1115312636,0.02386037478,-0.06085735041,
1115512656,0.02285369063,-0.06193747129,
1115712676,0.02173146589,-0.06222170968,
1115912695,0.02130539802,-0.06290467938,
1116112715,0.02010674797,-0.0624840519,
1116312735,0.01877340254,-0.0630690925,
1116512755,0.01803507969,-0.06355620595,
1116712774,0.01708724227,-0.06311871029,
1116912794,0.01611123724,-0.06275399205,
1117112814,0.01523857325,-0.06313725781,
1117312834,0.01412946003,-0.06230048107,
1117512853,0.01284290622,-0.06235721666,
1117712873,0.01231457054,-0.06182105295,
1117912893,0.01133781746,-0.06103318884,
1118112913,0.01056970523,-0.06050204936,
1118312932,0.009977948363,-0.05937408841,
1118512952,0.00916474322,-0.05855616657,
1118712972,0.009192030852,-0.05732914428,
1118912992,0.008713017196,-0.0562157767,
1119113011,0.008474264087,-0.05497616818,
1119313031,0.008569592637,-0.05412557379,
1119513051,0.008259310811,-0.05292545658,
1119713071,0.008512308252,-0.05178329446,
1119913090,0.009210169439,-0.0506998022,
1120113110,0.009740734649,-0.04985404189,
1120313130,0.01021649579,-0.04878839506,
1120513150,0.01088379366,-0.04791658609,
1120713170,0.01219857052,-0.04711507604,
1120913189,0.01321953382,-0.0467389716,
1121113209,0.01385945041,-0.04655430657,
1121313229,0.01472479089,-0.04566996978,
1121513249,0.01587519794,-0.04531705202,
1121713268,0.01694199354,-0.04533970975,
1121913288,0.01780019215,-0.04561237006,
1122113308,0.01846917728,-0.0454479262,
1122313328,0.01960479112,-0.0458039366,
1122513347,0.02040866304,-0.04629671062,
1122713367,0.02134001992,-0.04677339346,
1122913387,0.0220838335,-0.04665617945,
1123113407,0.02252895509,-0.04783415244,
1123313426,0.02297166059,-0.0483064602,
1123513446,0.02385670122,-0.04960679228,
1123713466,0.02396649661,-0.04960140013,
1123913486,0.02420481041,-0.05094540552,
1124113505,0.02426491328,-0.05106519574,
1124313525,0.02419569806,-0.05195705607,
1124513545,0.02435610905,-0.05263779074,
1124713565,0.02375536648,-0.0534708885,
1124913584,0.02397165127,-0.0533231625,
1125113604,0.02397438026,-0.05405390952,
1125313624,0.02381220964,-0.05421137522,
1125513644,0.02324998667,-0.05476274612,
1125713663,0.02301772403,-0.05466471749,
1125913683,0.02268773076,-0.05512725475,
1126113703,0.02230993727,-0.05480979168,
1126313723,0.02224464487,-0.05479360332,
1126513742,0.02196778518,-0.05497267195,
1126713762,0.02184666662,-0.05480202974,
1126913782,0.02229679288,-0.05445393705,
1127113802,0.02205926752,-0.05435299507,
1127313821,0.02293790803,-0.05417339651,
1127513841,0.02304594863,-0.05405954257,
1127713861,0.02312791796,-0.05491905407,
1127913881,0.02373498098,-0.05421432631,
1128113900,0.02416091753,-0.05462578138,
1128313920,0.02457033334,-0.05511192889,
1128513940,0.02502227928,-0.05479733321,
1128713960,0.02520419007,-0.05508530605,
1128913979,0.02579162492,-0.05579084232,
1129113999,0.02640468649,-0.05640192128,
1129314019,0.02629056712,-0.0570008308,
1129514039,0.02716882363,-0.05790817789,
1129714058,0.02705195165,-0.05892136098,
1129914078,0.02704063604,-0.05963285397,
1130114098,0.027385485,-0.06023739777,
1130314118,0.02713434967,-0.06130932612,
1130514137,0.0265986881,-0.06192353964,
1130714157,0.02687763894,-0.0628110233,
1130914177,0.02599713782,-0.06407387931,
1131114197,0.02537506381,-0.06552993562,
1131314216,0.02465689501,-0.0653948721,
1131514236,0.02347251674,-0.06598115258,
1131714256,0.02323565796,-0.06687316273,
1131914276,0.02281970289,-0.06674505399,
1132114295,0.02155292157,-0.06752153881,
1132314315,0.02060002114,-0.06773245718,
1132514335,0.01955398389,-0.06757648972,
1132714355,0.01859173375,-0.06759625471,
1132914374,0.01835709349,-0.06760264797,
1133114394,0.0170273759,-0.06776869025,
1133314414,0.01672184062,-0.06714697428,
1133514434,0.0162174724,-0.06684422778,
1133714453,0.01496501645,-0.06665432672,
1133914473,0.01461698928,-0.06584207159,
1134114493,0.01439293849,-0.06524860891,
1134314513,0.01385133591,-0.06528321887,
1134514532,0.01368336322,-0.06407823569,
1134714552,0.01329779055,-0.06369961019,
1134914572,0.01347577164,-0.06332414912,
1135114592,0.01371715224,-0.0632071339,
1135314611,0.01371157482,-0.06280512322,
1135514631,0.01369727806,-0.06190150266,
1135714651,0.01359103182,-0.06175575269,
1135914671,0.01366193599,-0.06107892574,
1136114690,0.01496309666,-0.0608970358,
1136314710,0.01432179693,-0.06086028333,
1136514730,0.01500671073,-0.06077977831,
1136714750,0.01555570652,-0.06104217014,
1136914769,0.0155285811,-0.06049172911,
1137114789,0.01582473319,-0.06093089911,
1137314809,0.01618246113,-0.06162010322,
1137514829,0.01560155399,-0.06117799907,
1137714848,0.01648704797,-0.06165283469,
1137914868,0.0163118146,-0.06223327525,
1138114888,0.0161596507,-0.06215535808,
1138314908,0.01626344725,-0.06251132718,
1138514927,0.01591102889,-0.06274999001,
1138714947,0.01626571962,-0.06294633915,
1138914967,0.01536746842,-0.06372285195,
1139114987,0.01468646183,-0.06317494937,
1139315006,0.01459022189,-0.06390283153,
1139515026,0.01435200766,-0.06365224824,
1139715046,0.0136428192,-0.06381557692,
1139915066,0.01368340421,-0.06378288853,
1140115085,0.0129549797,-0.06375839275,
1140315105,0.01322804502,-0.06371011239,
1140515125,0.01266340169,-0.06324630591,
1140715145,0.01253150093,-0.06263387661,
1140915164,0.0124403618,-0.06275223823,
1141115184,0.01203161338,-0.06253465678,
1141315204,0.01219369681,-0.06236826429,
1141515224,0.01190471226,-0.06172417488,
1141715243,0.01180407323,-0.0611071316,
1141915263,0.01162961068,-0.06130511355,
1142115283,0.01192118701,-0.06071414113,
1142315303,0.0125249505,-0.06058056743,
1142515322,0.01234744096,-0.0603435691,
1142715342,0.01230157764,-0.0604040311,
1142915362,0.01274037236,-0.05980181539,
1143115382,0.01322919563,-0.06062314308,
1143315401,0.01296676865,-0.06017545334,
1143515421,0.01346943975,-0.0606508053,
1143715441,0.01374228165,-0.06074790699,
1143915461,0.01390699624,-0.06036720404,
1144115480,0.01423445681,-0.06119743926,
1144315500,0.01413781662,-0.06131653264,
1144515520,0.01442418271,-0.06163572406,
1144715540,0.01437542298,-0.06202172004,
1144915559,0.01415013694,-0.06195718088,
1145115579,0.01389500606,-0.06279614941,
1145315599,0.01378090605,-0.06297454639,
1145515619,0.01366052394,-0.06322814977,
1145715638,0.01323846875,-0.06334516137,
1145915658,0.01229332448,-0.06346677913,
1146115678,0.0121449509,-0.06365641998,
1146315698,0.01084873614,-0.06341700156,
1146515717,0.0106797557,-0.06341305166,
1146715737,0.00981392417,-0.06292565015,
1146915757,0.009740054108,-0.06286724522,
1147115777,0.009264404828,-0.06253606079,
1147315797,0.008277716131,-0.06146204647,
1147515816,0.008039379459,-0.06067281529,
1147715836,0.00749631334,-0.06061240561,
1147915856,0.007059455527,-0.0595435797,
1148115876,0.006775093825,-0.05836387846,
1148315895,0.006595464021,-0.05777341146,
1148515915,0.006631289536,-0.05676316402,
1148715935,0.006785278606,-0.0565454302,
1148915955,0.00733751394,-0.05561855551,
1149115974,0.008056044912,-0.05503170581,
1149315994,0.008143432825,-0.05451672717,
1149516014,0.008686555037,-0.05413587494,
1149716034,0.009148553627,-0.05350202657,
1149916053,0.009828761528,-0.05257959561,
1150116073,0.01095727401,-0.05253198941,
1150316093,0.01123335982,-0.05244919657,
1150516113,0.01182264771,-0.05175958001,
1150716132,0.0130677757,-0.05205894245,
1150916152,0.01342969032,-0.05131857916,
1151116172,0.01460205,-0.05108841607,
1151316192,0.01558525915,-0.05144388108,
1151516211,0.01641653822,-0.05160468393,
1151716231,0.01728938425,-0.05187167938,
1151916251,0.01792336216,-0.05185712252,
1152116271,0.01874498052,-0.05285802338,
1152316290,0.01956749376,-0.05264836073,
1152516310,0.01984728452,-0.05334670939,
1152716330,0.02003161758,-0.05466971783,
1152916350,0.02076211696,-0.05459611657,
1153116369,0.02130718839,-0.05563296616,
1153316389,0.02148557839,-0.05611228325,
1153516409,0.02156074382,-0.05667251324,
1153716429,0.02162239809,-0.05699048625,
1153916448,0.02217917024,-0.05819639165,
1154116468,0.02172943292,-0.05865525424,
1154316488,0.02201056497,-0.05914667407,
1154516508,0.02173001194,-0.06020611052,
1154716527,0.02173456422,-0.06052818722,
1154916547,0.02157997944,-0.06132682155,
1155116567,0.02106255718,-0.06209198966,
1155316587,0.02112486323,-0.06158965137,
1155516606,0.02020723415,-0.06217421791,
1155716626,0.01969985047,-0.06262247335,
1155916646,0.01990258038,-0.06303319074,
1156116666,0.01973075079,-0.06348370471,
1156316685,0.01888829932,-0.06365511342,
1156516705,0.01820834276,-0.06314803556,
1156716725,0.0177116488,-0.06312754569,
1156916745,0.01772287235,-0.0630896579,
1157116764,0.01681016283,-0.06299328664,
1157316784,0.01698600681,-0.06266533255,
1157516804,0.01699847521,-0.06209232808,
1157716824,0.01623891076,-0.06155352794,
1157916843,0.01658102835,-0.06128897634,
1158116863,0.01681049619,-0.06145203993,
1158316883,0.01637295789,-0.06053948324,
1158516903,0.01670528441,-0.06022620178,
1158716922,0.01708858543,-0.05927439765,
1158916942,0.01760446186,-0.05975453682,
1159116962,0.01768986728,-0.05960867461,
1159316982,0.0178553611,-0.05918551678,
1159517001,0.01833505823,-0.0591077638,
1159717021,0.0191023485,-0.05872893909,
1159917041,0.01947169412,-0.05847176139,
1160117061,0.02025633505,-0.05864092815,
1160317080,0.02048816304,-0.05845490796,
1160517100,0.02150744953,-0.05805659496,
1160717120,0.02178733636,-0.0583408124,
1160917140,0.02303228987,-0.05837575497,
1161117159,0.02377438317,-0.05850509468,
1161317179,0.02382473398,-0.05872958733,
1161517199,0.02488448391,-0.05939765689,
1161717219,0.02564553274,-0.05961744221,
1161917238,0.02641119504,-0.06015642235,
1162117258,0.02692146711,-0.06050673663,
1162317278,0.02816779049,-0.06100458398,
1162517298,0.02913931071,-0.06221749319,
1162717317,0.0297280542,-0.06285064396,
1162917337,0.03079916469,-0.06388769955,
1163117357,0.03045398494,-0.06444619079,
1163317377,0.03148520688,-0.06558321541,
1163517396,0.03203535961,-0.06656860851,
1163717416,0.03278209785,-0.06814348443,
1163917436,0.03324073515,-0.0692225743,
1164117456,0.03282190306,-0.0707965196,
1164317475,0.03338086152,-0.07258774821,
1164517495,0.03296087787,-0.07389978285,
1164717515,0.03267615883,-0.07550933797,
1164917535,0.03254958871,-0.07686152875,
1165117554,0.03197640294,-0.07817594011,
1165317574,0.0313405869,-0.07985319002,
1165517594,0.03086693085,-0.08162960079,
1165717614,0.03024533803,-0.08278282138,
1165917633,0.02878568699,-0.08410485921,
1166117653,0.02825135034,-0.08514720603,
1166317673,0.02655233319,-0.08702488937,
1166517693,0.02546953931,-0.08816465796,
1166717712,0.02420345816,-0.08901125861,
1166917732,0.02275355013,-0.08964972829,
1167117752,0.0210679419,-0.09038712114,
1167317772,0.0194827745,-0.09104985617,
1167517791,0.01810847047,-0.09158861301,
1167717811,0.01690674883,-0.09255101722,
1167917831,0.01415764814,-0.09236576706,
1168117851,0.0130511371,-0.09292045719,
1168317870,0.01119099643,-0.09237078435,
1168517890,0.009867187473,-0.09165189502,
1168717910,0.008413828636,-0.09193429453,
1168917930,0.006601753757,-0.09114588993,
1169117949,0.005480636928,-0.09051894444,
1169317969,0.004204743112,-0.08997675084,
1169517989,0.002786824849,-0.08933499611,
1169718009,0.001833173535,-0.08863167313,
1169918028,0.001089187152,-0.08769513775,
1170118048,0.0003535065432,-0.08667695605,
1170318068,-0.0007872568315,-0.0866594028,
1170518088,-0.001099196166,-0.08595305446,
1170718107,-0.001463292109,-0.08459504227,
1170918127,-0.00272602711,-0.08397941158,
1171118147,-0.002928056267,-0.08333014564,
1171318167,-0.003339887055,-0.08235027501,
1171518186,-0.003500798372,-0.08189274451,
1171718206,-0.004400140049,-0.08098029623,
1171918226,-0.004793486896,-0.08064089066,
1172118246,-0.004224498962,-0.07942595032,
1172318265,-0.004705954266,-0.07975210095,
1172518285,-0.00560918199,-0.07842949472,
1172718305,-0.005206909476,-0.07868937366,
1172918325,-0.00549313467,-0.07777922568,
1173118344,-0.006149571117,-0.07759961091,
1173318364,-0.006077581694,-0.0772932287,
1173518384,-0.00606122224,-0.07613281654,
1173718404,-0.006711053105,-0.07607621571,
1173918424,-0.007097926941,-0.07566426376,
1174118443,-0.007932554113,-0.07546824965,
1174318463,-0.008158449375,-0.07442537564,
1174518483,-0.00852308221,-0.07376857564,
1174718503,-0.00896763105,-0.07368913345,
1174918522,-0.00947952361,-0.07270671666,
1175118542,-0.009466360163,-0.07189904666,
1175318562,-0.009703788345,-0.07104359398,
1175518582,-0.01022476193,-0.07051609894,
1175718601,-0.01059725708,-0.06915436901,
1175918621,-0.01069314983,-0.0681579028,
1176118641,-0.01039163763,-0.06734699293,
1176318661,-0.01028054623,-0.06605707428,
1176518680,-0.01009385364,-0.06492915898,
1176718700,-0.00956460334,-0.06421015789,
1176918720,-0.009348043298,-0.06318570173,
1177118740,-0.008971620798,-0.06215268937,
1177318759,-0.008722260639,-0.06154736154,
1177518779,-0.007688144101,-0.06079577173,
1177718799,-0.007385719389,-0.0595918562,
1177918819,-0.006795440219,-0.05884781187,
1178118838,-0.005369935002,-0.05802377433,
1178318858,-0.004507178155,-0.05780096379,
1178518878,-0.003896254789,-0.05769023089,
1178718898,-0.002837016323,-0.05742632784,
1178918917,-0.001805123293,-0.0578759034,
1179118937,-0.0005895880817,-0.05799411268,
1179318957,0.0001083469842,-0.05785934495,
1179518977,0.001058314799,-0.05777487046,
1179718996,0.001512014841,-0.05796620801,
1179919016,0.002444124542,-0.05765450372,
1180119036,0.003407340035,-0.05803990568,
1180319056,0.003692224971,-0.05771827916,
1180519075,0.004407287418,-0.05831152231,
1180719095,0.00545624433,-0.05862431911,
1180919115,0.005837362481,-0.05919836987,
1181119135,0.006486930551,-0.05945712769,
1181319154,0.006385971338,-0.05963350603,
1181519174,0.006518088349,-0.06007042689,
1181719194,0.007267306946,-0.0610277335,
1181919214,0.007582973583,-0.06141830789,
1182119233,0.008016662314,-0.06134643576,
1182319253,0.007927944298,-0.061915856,
1182519273,0.008084475602,-0.06221054918,
1182719293,0.008357387044,-0.06239755614,
1182919312,0.008523082009,-0.06300983196,
1183119332,0.008292191374,-0.06381554722,
1183319352,0.00801822491,-0.06371780143,
1183519372,0.008242028513,-0.06445459492,
1183719391,0.008330248776,-0.06422823729,
1183919411,0.008474582603,-0.0650073401,
1184119431,0.007849315982,-0.06513218208,
1184319451,0.008274929597,-0.0655150893,
1184519470,0.008174041872,-0.06515647519,
1184719490,0.008435152443,-0.06644174854,
1184919510,0.008028360212,-0.06656964755,
1185119530,0.007800088565,-0.06682145091,
1185319549,0.008008493088,-0.06713218947,
1185519569,0.007448656597,-0.06743081554,
1185719589,0.008004850045,-0.0678776107,
1185919609,0.007313167877,-0.06841326379,
1186119628,0.007737064745,-0.0684285828,
1186319648,0.007488033273,-0.06930758497,
1186519668,0.007012980152,-0.06908756156,
1186719688,0.007039078826,-0.06948993465,
1186919707,0.007288140145,-0.07017347507,
1187119727,0.007533405268,-0.07072806121,
1187319747,0.007244221768,-0.07088854654,
1187519767,0.006973469553,-0.07121640359,
1187719786,0.006919773054,-0.07159446152,
1187919806,0.006139908526,-0.07220260658,
1188119826,0.006131682637,-0.07228977629,
1188319846,0.006107719889,-0.07318140776,
1188519865,0.005265710326,-0.07339598181,
1188719885,0.004981801774,-0.07435736704,
1188919905,0.004281948748,-0.07455987026,
1189119925,0.003808969651,-0.07482366638,
1189319944,0.003431565903,-0.07528613314,
1189519964,0.002832477151,-0.07519173822,
1189719984,0.00226618609,-0.07573995571,
1189920004,0.00142619809,-0.07541624915,
1190120023,0.0007278114833,-0.07603239314,
1190320043,0.0008274754484,-0.07544469217,
1190520063,-1.778778652e-05,-0.07584128768,
1190720083,-0.000882168894,-0.07576810714,
1190920102,-0.001084361045,-0.07626715583,
1191120122,-0.001881377884,-0.07629682521,
1191320142,-0.002079979174,-0.07561436992,
1191520162,-0.002829575538,-0.07618517126,
1191720181,-0.003300572554,-0.0755004222,
1191920201,-0.004031858942,-0.07522423325,
1192120221,-0.005200510706,-0.07571822382,
1192320241,-0.005042170989,-0.07546855444,
1192520260,-0.006121479775,-0.07493586467,
1192720280,-0.006387557947,-0.07522306221,
1192920300,-0.006673717455,-0.07487898373,
1193120320,-0.007825503931,-0.07472060305,
1193320339,-0.008346412051,-0.07436768135,
1193520359,-0.009017256729,-0.07371261343,
1193720379,-0.00972826805,-0.07344476947,
1193920399,-0.01031218749,-0.0728365252,
1194120418,-0.01084508133,-0.07190993714,
1194320438,-0.01152561383,-0.07153715937,
1194520458,-0.01164900182,-0.07133108334,
1194720478,-0.01196631178,-0.07046628353,
1194920497,-0.01272775572,-0.06989944267,
1195120517,-0.01229136569,-0.06867133939,
1195320537,-0.01306085028,-0.06829428339,
1195520557,-0.01314778462,-0.06732232339,
1195720576,-0.01317366372,-0.06663161559,
1195920596,-0.01377068676,-0.06566006757,
1196120616,-0.0139525101,-0.06525665985,
1196320636,-0.0132134735,-0.06383684941,
1196520655,-0.01307579508,-0.06382460609,
1196720675,-0.01295221304,-0.06257414593,
1196920695,-0.01284335333,-0.06234280577,
1197120715,-0.01240490536,-0.06193457775,
1197320734,-0.01187638827,-0.06143187994,
1197520754,-0.01158571266,-0.06096873986,
1197720774,-0.01069603275,-0.06021672005,
1197920794,-0.01080774867,-0.05976664313,
1198120813,-0.009982385637,-0.06001930055,
1198320833,-0.009734042598,-0.05943458774,
1198520853,-0.009351814168,-0.05945025809,
1198720873,-0.008627857556,-0.05950778749,
1198920892,-0.008523590577,-0.05932921899,
1199120912,-0.008250161578,-0.0595688358,
1199320932,-0.007986473288,-0.05956749026,
1199520952,-0.00775721643,-0.05979628382,
1199720971,-0.00745846635,-0.06003862127,
1199920991,-0.007815150675,-0.06013290544,
1200121011,-0.007514944232,-0.06080418894,
1200321031,-0.007586109309,-0.06069460426,
1200521051,-0.008149279509,-0.06055391299,
1200721070,-0.00787646732,-0.0609010971,
1200921090,-0.008097844045,-0.06059501561,
1201121110,-0.007855806456,-0.06038255994,
1201321130,-0.009092319696,-0.06046806215,
1201521149,-0.009097420056,-0.06009011198,
1201721169,-0.009775275727,-0.06043814334,
1201921189,-0.01022155876,-0.06039072443,
1202121209,-0.009973743269,-0.06025212994,
1202321228,-0.01020763611,-0.05945605371,
1202521248,-0.01099661826,-0.05913993894,
1202721268,-0.0110959081,-0.0583222256,
1202921288,-0.01148099533,-0.05782426149,
1203121307,-0.01209402999,-0.05726425675,
1203321327,-0.01188326325,-0.05672894637,
1203521347,-0.01215229332,-0.05588317077,
1203721367,-0.01194542133,-0.05510552933,
1203921386,-0.01157811946,-0.05418453967,
1204121406,-0.01119704073,-0.05383525243,
1204321426,-0.01085171291,-0.0530549959,
1204521446,-0.010859106,-0.05238251879,
1204721465,-0.01028584305,-0.0517053704,
1204921485,-0.01010232165,-0.05059234389,
1205121505,-0.009031912855,-0.05037227223,
1205321525,-0.009075112103,-0.04945244835,
1205521544,-0.008148233403,-0.04924652041,
1205721564,-0.007118959838,-0.04870807051,
1205921584,-0.00635244384,-0.04846407079,
1206121604,-0.005291055735,-0.04802229823,
1206321623,-0.005273134382,-0.04764088171,
1206521643,-0.004045581117,-0.04812223303,
1206721663,-0.003257186412,-0.04811096686,
1206921683,-0.002841595514,-0.04833985758,
1207121702,-0.001932107849,-0.0484545317,
1207321722,-0.001497923635,-0.04823400963,
1207521742,-0.0007589456763,-0.04819389874,
1207721762,-0.0002184812974,-0.04841245471,
1207921781,0.0001811124753,-0.04867004291,
1208121801,0.0008735732415,-0.04886816661,
1208321821,0.001223194878,-0.04919711859,
1208521841,0.001641662424,-0.04957531662,
1208721860,0.001753988279,-0.04957422841,
1208921880,0.002661583265,-0.05083599976,
1209121900,0.002754075406,-0.05010707582,
1209321920,0.00286981523,-0.05094441307,
1209521939,0.003245677286,-0.05130376408,
1209721959,0.003269805377,-0.05159879881,
1209921979,0.003390324108,-0.05173381714,
1210121999,0.003561868339,-0.05171195593,
1210322018,0.004285934258,-0.05231796867,
1210522038,0.00449107227,-0.05314292703,
1210722058,0.004807351095,-0.05380920131,
1210922078,0.005105038022,-0.05376041517,
1211122097,0.004481332847,-0.05395469656,
1211322117,0.004230670763,-0.05460227239,
1211522137,0.004907562901,-0.05545214678,
1211722157,0.005024131232,-0.05568251196,
1211922176,0.004406366032,-0.05645035452,
1212122196,0.004993631378,-0.05693009603,
1212322216,0.004918605743,-0.05731553252,
1212522236,0.004926436862,-0.0574661196,
1212722255,0.004954860124,-0.05754413943,
1212922275,0.004676643,-0.05840830548,
1213122295,0.004721564254,-0.05877633028,
1213322315,0.004189472071,-0.05865757573,
1213522334,0.003859548878,-0.0595566043,
1213722354,0.003994427869,-0.05927994169,
1213922374,0.003538836716,-0.05980886974,
1214122394,0.003603017365,-0.05991771803,
1214322413,0.003606470639,-0.05952094549,
1214522433,0.003195953279,-0.05986613261,
1214722453,0.002944164918,-0.05962553271,
1214922473,0.002649174178,-0.05987316144,
1215122492,0.002061225965,-0.0601055969,
1215322512,0.001981598451,-0.06019268112,
1215522532,0.001769632472,-0.05989072934,
1215722552,0.0009611135045,-0.06011882266,
1215922571,0.001001036975,-0.05940840702,
1216122591,0.0005846053051,-0.05990568971,
1216322611,-4.833053216e-05,-0.05963479667,
1216522631,-0.0002480215222,-0.0595754828,
1216722650,-0.0007976470663,-0.05950873315,
1216922670,-0.001188392051,-0.05990695366,
1217122690,-0.001471589476,-0.05909025975,
1217322710,-0.001125564185,-0.05931100882,
1217522729,-0.001915761048,-0.05842034491,
1217722749,-0.002228158842,-0.05836810727,
1217922769,-0.002296206956,-0.0579581074,
1218122789,-0.003242418849,-0.05753441728,
1218322808,-0.003162078907,-0.05678718005,
1218522828,-0.003676345229,-0.05601319602,
1218722848,-0.003711304331,-0.05552185634,
1218922868,-0.003968584542,-0.05487554422,
1219122887,-0.003492370152,-0.05420792336,
1219322907,-0.003055640779,-0.05302579988,
1219522927,-0.00340356357,-0.05276563524,
1219722947,-0.002519437413,-0.05241908033,
1219922966,-0.002237217293,-0.05152880874,
1220122986,-0.001839394645,-0.05053329912,
1220323006,-0.0009669749943,-0.05061113926,
1220523026,-0.000522156371,-0.05020138478,
1220723045,0.000398412727,-0.05009126168,
1220923065,0.0007792930703,-0.04971775213,
1221123085,0.001461435188,-0.04918361155,
1221323105,0.002335912834,-0.04941711143,
1221523124,0.003373885282,-0.04952155015,
1221723144,0.003658071943,-0.04889869563,
1221923164,0.00480081949,-0.04938534129,
1222123184,0.004889501975,-0.04939694752,
1222323203,0.006131702243,-0.04997728324,
1222523223,0.006688932981,-0.050349442,
1222723243,0.007266786649,-0.05045046843,
1222923263,0.00741931554,-0.05068952777,
1223123282,0.008584238572,-0.05133639504,
1223323302,0.008151309214,-0.05167622619,
1223523322,0.008902312696,-0.0521078919,
1223723342,0.009091487112,-0.05338296431,
1223923361,0.009336748022,-0.05351781683,
1224123381,0.009850448289,-0.05512310843,
1224323401,0.009646554495,-0.05542648833,
1224523421,0.009376405339,-0.05628031234,
1224723440,0.01000647672,-0.05693909131,
1224923460,0.009888304983,-0.05718909858,
1225123480,0.009809272779,-0.05814721717,
1225323500,0.009943276482,-0.05860130555,
1225523519,0.00953345126,-0.05861593424,
1225723539,0.009158914688,-0.05962046711,
1225923559,0.009619894923,-0.05949651854,
1226123579,0.009683333291,-0.06098889232,
1226323598,0.008948350399,-0.06138228275,
1226523618,0.008632598364,-0.06162772284,
1226723638,0.00845103105,-0.06218803231,
1226923658,0.008618840185,-0.06209019644,
1227123678,0.007718857546,-0.06263560872,
1227323697,0.00772050893,-0.06223647872,
1227523717,0.007341114548,-0.06318371419,
1227723737,0.007237876304,-0.06292299596,
1227923757,0.006558189795,-0.06332399625,
1228123776,0.006233271774,-0.06293360253,
1228323796,0.005634308199,-0.06337298158,
1228523816,0.005648385292,-0.06306328674,
1228723836,0.004483320493,-0.06324307215,
1228923855,0.004614428949,-0.0632793764,
1229123875,0.004110892629,-0.06318651148,
1229323895,0.003109018521,-0.06280097316,
1229523915,0.003135766958,-0.06325969107,
1229723934,0.003038720194,-0.06329838563,
1229923954,0.002214247275,-0.06247241353,
1230123974,0.001858037608,-0.06248887269,
1230323994,0.001898733191,-0.06293077898,
1230524013,0.001601589383,-0.06249545545,
1230724033,0.001314159377,-0.06209224712,
1230924053,0.0006046720017,-0.06234939021,
1231124073,0.0004363960112,-0.06211246678,
1231324092,0.0001589963947,-0.0616225561,
1231524112,2.90057489e-06,-0.06147291974,
1231724132,-0.0006056803091,-0.06111030281,
1231924152,-0.0007677216812,-0.06091713985,
1232124171,-0.001003035728,-0.0603073185,
1232324191,-0.001208449549,-0.06028522569,
1232524211,-0.001306134334,-0.06005892661,
1232724231,-0.001464533792,-0.05939490989,
1232924250,-0.00186787056,-0.05888185503,
1233124270,-0.00207206081,-0.0584249737,
1233324290,-0.001976546633,-0.0574317423,
1233524310,-0.00210308909,-0.05716032947,
1233724329,-0.001470435697,-0.05713822182,
1233924349,-0.001650228531,-0.05621322749,
1234124369,-0.001332234238,-0.05538746779,
1234324389,-0.0008663770309,-0.0554046595,
1234524408,-0.0008655120381,-0.05508511805,
1234724428,-0.0004056062691,-0.05467616441,
1234924448,-0.0002891636889,-0.05443502268,
1235124468,0.0002948093383,-0.05377844079,
1235324487,0.0009959421455,-0.05340663552,
1235524507,0.001204029347,-0.05340171673,
1235724527,0.001816767191,-0.05339107843,
1235924547,0.002323269821,-0.05384720418,
1236124566,0.002694435788,-0.05375319735,
1236324586,0.003012650948,-0.05370587171,
1236524606,0.003642526763,-0.05380226893,
1236724626,0.003846517722,-0.05402330819,
1236924645,0.003874639919,-0.05421400445,
1237124665,0.004685226053,-0.05459361824,
1237324685,0.004261237005,-0.05494274051,
1237524705,0.004728345243,-0.05553352625,
1237724724,0.004624769078,-0.05554608051,
1237924744,0.004856962273,-0.05555157121,
1238124764,0.004933366014,-0.05565512625,
1238324784,0.004391344446,-0.05605125493,
1238524803,0.004604486915,-0.05603495933,
1238724823,0.004672338852,-0.0560460979,
1238924843,0.004666808012,-0.05674499625,
1239124863,0.004579146502,-0.05636925193,
1239324882,0.004320491938,-0.0560951712,
1239524902,0.003974327308,-0.05671639786,
1239724922,0.003904885251,-0.05660579824,
1239924942,0.00363070301,-0.05639118071,
1240124961,0.003903730609,-0.05632886942,
1240324981,0.002911078586,-0.05591255461,
1240525001,0.003713480831,-0.05592102056,
1240725021,0.003877042018,-0.05556124157,
1240925040,0.003865690879,-0.0554796887,
1241125060,0.003317083541,-0.05490229259,
1241325080,0.003918372948,-0.05483081947,
1241525100,0.003662708231,-0.05427640176,
1241725119,0.00449966231,-0.05422144943,
1241925139,0.004259262008,-0.05422460339,
1242125159,0.004674565633,-0.05417448693,
1242325179,0.005459238008,-0.0535970257,
1242525198,0.005174739269,-0.05343627964,
1242725218,0.005838572049,-0.05373944492,
1242925238,0.006131447827,-0.0535938303,
1243125258,0.006491717992,-0.05350795745,
1243325277,0.006409338032,-0.0535284956,
1243525297,0.006914437965,-0.05389828353,
1243725317,0.007781918676,-0.05391043339,
1243925337,0.007803367698,-0.05378801841,
1244125356,0.008414637436,-0.05428664058,
1244325376,0.008471432732,-0.05413065855,
1244525396,0.008901877659,-0.05445864537,
1244725416,0.008962332221,-0.05512285152,
1244925435,0.00959837246,-0.0554373516,
1245125455,0.009778153144,-0.05532958581,
1245325475,0.009754019632,-0.05632792783,
1245525495,0.009916734576,-0.05644407333,
1245725514,0.01055627936,-0.05714540524,
1245925534,0.01028928115,-0.05793079209,
1246125554,0.009977214817,-0.05840639593,
1246325574,0.01015201133,-0.0584076199,
1246525593,0.01029526456,-0.05862792191,
1246725613,0.01024073246,-0.0591892044,
1246925633,0.01002234736,-0.05925714553,
1247125653,0.01056051599,-0.05989372247,
1247325672,0.009973240985,-0.05948723836,
1247525692,0.01005333418,-0.06008669347,
1247725712,0.0102776175,-0.06055276948,
1247925732,0.01015864715,-0.06039778089,
1248125751,0.01032256948,-0.06106131973,
1248325771,0.01041364953,-0.06108960299,
1248525791,0.00983233478,-0.06132941464,
1248725811,0.01007129928,-0.06133710901,
1248925830,0.009694021582,-0.06126821622,
1249125850,0.009705341939,-0.06126874093,
1249325870,0.009842204909,-0.06130666965,
1249525890,0.009818780827,-0.06176167333,
1249725909,0.009442490369,-0.06201367107,
1249925929,0.009704569084,-0.06178601654,
1250125949,0.009823572371,-0.06175293751,
1250325969,0.009569330991,-0.06195231446,
1250525988,0.009968040053,-0.06180444132,
1250726008,0.01001110703,-0.06232196368,
1250926028,0.009594298084,-0.06232321733,
1251126048,0.01011520579,-0.06229945288,
1251326067,0.009999145139,-0.06279554674,
1251526087,0.01022846357,-0.06311932787,
1251726107,0.01023907526,-0.06283618833,
1251926127,0.009783626106,-0.06360836907,
1252126146,0.01017297512,-0.06345048804,
1252326166,0.009921514522,-0.06394752319,
1252526186,0.00970502096,-0.06385688299,
1252726206,0.008851666072,-0.0639687993,
1252926225,0.008425788223,-0.06436669797,
1253126245,0.008598104015,-0.06453227587,
1253326265,0.007905062887,-0.06458570695,
1253526285,0.007419293472,-0.06449069153,
1253726305,0.007425266726,-0.06501758601,
1253926324,0.006404509328,-0.06489780363,
1254126344,0.00623749847,-0.06404664008,
1254326364,0.00569151491,-0.06391290561,
1254526384,0.005172119607,-0.06424441279,
1254726403,0.005292263456,-0.06354901978,
1254926423,0.004809966823,-0.06338609795,
1255126443,0.004821664857,-0.06393180356,
1255326463,0.004803962757,-0.06297052534,
1255526482,0.004368858531,-0.06311217091,
1255726502,0.004588010379,-0.06272405056,
1255926522,0.004263252042,-0.06255878261,
1256126542,0.004450770124,-0.06156364085,
1256326561,0.004470837221,-0.06168929513,
1256526581,0.004660111259,-0.06155742671,
1256726601,0.004955623211,-0.06147203138,
1256926621,0.005445344551,-0.06101583518,
1257126640,0.005433674663,-0.06100094206,
1257326660,0.005677843069,-0.06111092535,
1257526680,0.005331576232,-0.06079672146,
1257726700,0.005508280753,-0.06114737598,
1257926719,0.006157761448,-0.06087361285,
1258126739,0.006891530499,-0.0606341427,
1258326759,0.006499314807,-0.06107192145,
1258526779,0.007225345162,-0.06100795924,
1258726798,0.006783446022,-0.06095653408,
1258926818,0.007250582557,-0.06168504205,
1259126838,0.007341167096,-0.06202960714,
1259326858,0.00748377209,-0.06246942469,
1259526877,0.008106060878,-0.06237585548,
1259726897,0.008047410489,-0.06286785572,
1259926917,0.007810194117,-0.06350621555,
1260126937,0.008363686882,-0.06373515896,
1260326956,0.008287511243,-0.06411597058,
1260526976,0.007950228345,-0.06431036534,
1260726996,0.007749542483,-0.0647524666,
1260927016,0.007648219671,-0.06450586578,
1261127035,0.007399345907,-0.06479782224,
1261327055,0.006906625477,-0.06524896172,
1261527075,0.006850814501,-0.06592098541,
1261727095,0.00695358739,-0.0655822937,
1261927114,0.00670823746,-0.06604330651,
1262127134,0.006524787172,-0.06628792143,
1262327154,0.00616863979,-0.06663610993,
1262527174,0.005548710812,-0.06633805993,
1262727193,0.005292264195,-0.06660742567,
1262927213,0.005026279449,-0.06663462626,
1263127233,0.004518044381,-0.06682708335,
1263327253,0.004419001475,-0.06699491576,
1263527272,0.003569039793,-0.06690460508,
1263727292,0.00368912773,-0.06746080294,
1263927312,0.003111276069,-0.06722096009,
1264127332,0.002651297782,-0.0667724875,
1264327351,0.002156267724,-0.0671772342,
1264527371,0.00176087371,-0.06646596582,
1264727391,0.001653863018,-0.06685050415,
1264927411,0.001560131222,-0.06671693352,
1265127430,0.0009997546113,-0.0658594982,
1265327450,0.000952007462,-0.06595047951,
1265527470,0.0008656072433,-0.06591814134,
1265727490,4.297516408e-05,-0.06511086139,
1265927509,-0.0002074495667,-0.06506758635,
1266127529,-0.001002713583,-0.06422756513,
1266327549,-0.0009650344132,-0.06420131103,
1266527569,-0.00101904695,-0.06362793489,
1266727588,-0.001192651197,-0.06324110828,
1266927608,-0.001049712162,-0.06340537025,
1267127628,-0.001484782421,-0.06354653118,
1267327648,-0.001276471431,-0.06249016912,
1267527667,-0.001881690872,-0.06251647706,
1267727687,-0.001241661223,-0.06167021123,
1267927707,-0.001405020462,-0.06154742428,
1268127727,-0.00133243813,-0.06114870973,
1268327746,-0.001538008112,-0.0609092235,
1268527766,-0.001359050664,-0.0602609065,
1268727786,-0.001619373558,-0.06010030034,
1268927806,-0.001605514062,-0.05926250753,
1269127825,-0.0009894446629,-0.05875305755,
1269327845,-0.001668924021,-0.05892575221,
1269527865,-0.001402188459,-0.05826625094,
1269727885,-0.0006759894338,-0.05771584937,
1269927904,-0.001147977204,-0.05718657452,
1270127924,-0.001531465697,-0.05732836126,
1270327944,-0.001357350002,-0.05659723403,
1270527964,-0.001086156071,-0.05637918078,
1270727983,-5.105052541e-05,-0.05563691312,
1270928003,-0.0008049438081,-0.05540188426,
1271128023,-0.0003886874121,-0.05427543426,
1271328043,0.0004133754427,-0.05397871831,
1271528062,6.184928335e-05,-0.05362983128,
1271728082,0.001060875764,-0.05259119423,
1271928102,0.0009222119131,-0.05228058186,
1272128122,0.00208639056,-0.0517110346,
1272328141,0.002948682304,-0.05097461848,
1272528161,0.003174050221,-0.05037317362,
1272728181,0.004167284287,-0.04964597131,
1272928201,0.00466932058,-0.04936812859,
1273128220,0.005874178756,-0.04904629086,
1273328240,0.007159393102,-0.0491836082,
1273528260,0.008164549616,-0.04855654867,
1273728280,0.009242828547,-0.04867066747,
1273928299,0.01005356364,-0.04871618041,
1274128319,0.01191855224,-0.04814899878,
1274328339,0.01287648706,-0.04834735595,
1274528359,0.01458280831,-0.04874213455,
1274728378,0.01537206913,-0.04942834665,
1274928398,0.01628064938,-0.0506652202,
1275128418,0.01747890025,-0.05088697608,
1275328438,0.01883824566,-0.0519888682,
1275528457,0.01933808861,-0.05237583072,
1275728477,0.0201688332,-0.05388757229,
1275928497,0.02050317461,-0.05473666955,
1276128517,0.0208868788,-0.05601023075,
1276328536,0.02144716051,-0.05663569593,
1276528556,0.02186150444,-0.05783847943,
1276728576,0.02304796149,-0.05841903036,
1276928596,0.02350749248,-0.05941855382,
1277128615,0.02349323147,-0.0605906659,
1277328635,0.02445178559,-0.06224731774,
1277528655,0.02450701229,-0.0631154482,
1277728675,0.02463100242,-0.06406934223,
1277928694,0.02459029376,-0.06534300025,
1278128714,0.02483781521,-0.06642820891,
1278328734,0.02493192778,-0.06776349869,
1278528754,0.0245661578,-0.0690815674,
1278728773,0.02412361378,-0.07035503238,
1278928793,0.02390937024,-0.07254755122,
1279128813,0.02339261602,-0.07312037912,
1279328833,0.02313782172,-0.07479567513,
1279528852,0.02233907929,-0.07507166217,
1279728872,0.02246693124,-0.07656452786,
1279928892,0.02203214175,-0.07726220342,
1280128912,0.02085818721,-0.07860039441,
1280328932,0.02014898221,-0.07982640986,
1280528951,0.01973567823,-0.08086175952,
1280728971,0.01895167897,-0.08207865125,
1280928991,0.01802557952,-0.08222214299,
1281129011,0.01734063127,-0.08311964691,
1281329030,0.01647984537,-0.08489380883,
1281529050,0.01485797105,-0.08504939062,
1281729070,0.01449161895,-0.08549716244,
1281929090,0.01260742729,-0.08624755312,
1282129109,0.01177033036,-0.08700923384,
1282329129,0.01094227918,-0.08738779124,
1282529149,0.01009269124,-0.08786830891,
1282729169,0.008213076569,-0.08809270025,
1282929188,0.00741323932,-0.08834413968,
1283129208,0.005711750382,-0.08863318718,
1283329228,0.004474456301,-0.08908650465,
1283529248,0.003359196547,-0.08891538632,
1283729267,0.002391198353,-0.08861758924,
1283929287,0.0008788851729,-0.08875171718,
1284129307,-0.0002700905854,-0.08922149667,
1284329327,-0.001276160887,-0.08849215921,
1284529346,-0.002039463652,-0.08843838385,
1284729366,-0.003783426115,-0.08804620843,
1284929386,-0.00504792798,-0.08827013512,
1285129406,-0.006231298651,-0.08884942693,
1285329425,-0.007094045937,-0.08798098986,
1285529445,-0.008805561174,-0.08710941993,
1285729465,-0.009833726781,-0.08662910467,
1285929485,-0.01072954588,-0.08609849238,
1286129504,-0.01269641072,-0.08508179133,
1286329524,-0.01277059095,-0.08494090162,
1286529544,-0.01438237402,-0.08415543563,
1286729564,-0.01556463252,-0.08300160259,
1286929583,-0.01681315877,-0.08181474254,
1287129603,-0.01712801908,-0.08043556484,
1287329623,-0.0183450922,-0.07982484124,
1287529643,-0.01880116229,-0.0787063333,
1287729662,-0.01991309489,-0.07744006139,
1287929682,-0.02003301597,-0.07619355798,
1288129702,-0.02069219975,-0.07477713424,
1288329722,-0.02042656629,-0.07302400184,
1288529741,-0.02059876666,-0.07180938,
1288729761,-0.02168688841,-0.07042504929,
1288929781,-0.02188485861,-0.06918790932,
1289129801,-0.02055174696,-0.06774046479,
1289329820,-0.02106135373,-0.0661343455,
1289529840,-0.0206668746,-0.0647334932,
1289729860,-0.02035887585,-0.06446133602,
1289929880,-0.02009328524,-0.06311200932,
1290129899,-0.01933489866,-0.06119712384,
1290329919,-0.01858476432,-0.06078148608,
1290529939,-0.01818426817,-0.0598335134,
1290729959,-0.01741318299,-0.05924880004,
1290929978,-0.01651831449,-0.05903268404,
1291129998,-0.01655157069,-0.05794920428,
1291330018,-0.01573199916,-0.05756730398,
1291530038,-0.01500530319,-0.05674889981,
1291730057,-0.0140512151,-0.05696593404,
1291930077,-0.01382602911,-0.05638813111,
1292130097,-0.01275690603,-0.05618812703,
1292330117,-0.01259090341,-0.05630745973,
1292530136,-0.01222220552,-0.05580848068,
1292730156,-0.01182965794,-0.05593186546,
1292930176,-0.01170424919,-0.05571168931,
1293130196,-0.01080049171,-0.05568629602,
1293330215,-0.01158985874,-0.05633547935,
1293530235,-0.01081395657,-0.05612607485,
1293730255,-0.01092410271,-0.05587324422,
1293930275,-0.01076535858,-0.05545297046,
1294130294,-0.01047215719,-0.05540059269,
1294330314,-0.01020554837,-0.05500846013,
1294530334,-0.01067402965,-0.05507975917,
1294730354,-0.01068235542,-0.05464993146,
1294930373,-0.01054696018,-0.05422277268,
1295130393,-0.01014132937,-0.05398323422,
1295330413,-0.01010317547,-0.05310029652,
1295530433,-0.01023460032,-0.05314870227,
1295730452,-0.009745042812,-0.05240808583,
1295930472,-0.009844409225,-0.0521543038,
1296130492,-0.008992139079,-0.05183166729,
1296330512,-0.009577113558,-0.05113178706,
1296530531,-0.008616213929,-0.05084627982,
1296730551,-0.008191540721,-0.04970647511,
1296930571,-0.008143748787,-0.05033699012,
1297130591,-0.007358770537,-0.04955817953,
1297330610,-0.007276303286,-0.04942870901,
1297530630,-0.006760662078,-0.04870444362,
1297730650,-0.006017789339,-0.04814504029,
1297930670,-0.005096444029,-0.04799003915,
1298130689,-0.004342333221,-0.04763912609,
1298330709,-0.004147733417,-0.0475139765,
1298530729,-0.003284707851,-0.04682633203,
1298730749,-0.00273388482,-0.04720805569,
1298930768,-0.002351799191,-0.04661293169,
1299130788,-0.001091767303,-0.04651660696,
1299330808,-0.0008626231464,-0.04661478356,
1299530828,0.0001780219728,-0.04692462671,
1299730847,0.0006805566847,-0.04661158099,
1299930867,0.0009934867897,-0.04690633305,
1300130887,0.001509585569,-0.04748662623,
1300330907,0.002328995412,-0.04742743774,
1300530926,0.003130715981,-0.04809045641,
1300730946,0.00309433323,-0.048162175,
1300930966,0.003655645599,-0.04844231488,
1301130986,0.004189006428,-0.04853796551,
1301331005,0.004247029636,-0.04891295179,
1301531025,0.004619889177,-0.04962390894,
1301731045,0.005064552099,-0.04954881961,
1301931065,0.004839573546,-0.05010326318,
1302131084,0.005049422692,-0.05080689918,
1302331104,0.005334556747,-0.05044420662,
1302531124,0.005022637108,-0.05103410399,
1302731144,0.005667901388,-0.05091360843,
1302931163,0.005881993957,-0.05094688694,
1303131183,0.00567508766,-0.05128144042,
1303331203,0.005557990913,-0.05159936492,
1303531223,0.006410955967,-0.05183463825,
1303731242,0.005803865478,-0.05178434685,
1303931262,0.005927610113,-0.05168010561,
1304131282,0.006394532759,-0.05160371832,
1304331302,0.006568838571,-0.05213090571,
1304531321,0.00652436104,-0.0525583756,
1304731341,0.0064807128,-0.05261449585,
1304931361,0.007227060211,-0.05290362112,
1305131381,0.006904521339,-0.05287869919,
1305331400,0.007523441074,-0.05317200461,
1305531420,0.007487599077,-0.05341771611,
1305731440,0.007045368601,-0.05348698346,
1305931460,0.007826801106,-0.05377070312,
1306131479,0.007702550247,-0.05383535989,
1306331499,0.008059186633,-0.05428821471,
1306531519,0.007824158572,-0.05480050239,
1306731539,0.007782953304,-0.05527523435,
1306931559,0.007989240491,-0.05558592146,
1307131578,0.007692978521,-0.05546452526,
1307331598,0.00773250443,-0.05563965316,
1307531618,0.007897220112,-0.05566609738,
1307731638,0.007185664921,-0.05582039322,
1307931657,0.007075399601,-0.05646009121,
1308131677,0.007031270168,-0.05587823536,
1308331697,0.006608572735,-0.05622181924,
1308531717,0.00629240276,-0.05613403399,
1308731736,0.005845207077,-0.05589442202,
1308931756,0.005721925396,-0.05600769395,
1309131776,0.005970321982,-0.05574581127,
1309331796,0.005594871513,-0.05600171816,
1309531815,0.005185945122,-0.05584826661,
1309731835,0.005334072021,-0.05532184084,
1309931855,0.005268094126,-0.05508751232,
1310131875,0.004954672461,-0.05455740999,
1310331894,0.005512453607,-0.05466578419,
1310531914,0.004965432468,-0.05513839773,
1310731934,0.005423104112,-0.05462579643,
1310931954,0.005094869722,-0.05368443369,
1311131973,0.005094778118,-0.05339947123,
1311331993,0.004948727333,-0.05308437379,
1311532013,0.005250726448,-0.05318954612,
1311732033,0.005121488426,-0.05241603952,
1311932052,0.005641508866,-0.05224812308,
1312132072,0.005772080576,-0.0520430202,
1312332092,0.006788645044,-0.05179559383,
1312532112,0.006952558795,-0.05165716134,
1312732131,0.006999217218,-0.051026932,
1312932151,0.007610023015,-0.05098981733,
1313132171,0.008738137203,-0.05042358881,
1313332191,0.008839030958,-0.0505181152,
1313532210,0.009158631546,-0.05039955293,
1313732230,0.009849059262,-0.04998275377,
1313932250,0.009609978125,-0.04991947401,
1314132270,0.01044662397,-0.05007127259,
1314332289,0.01122934023,-0.04995675862,
1314532309,0.01216554485,-0.05049740795,
1314732329,0.01256569282,-0.05053856706,
1314932349,0.0132232344,-0.05036714278,
1315132368,0.01377978296,-0.05059633782,
1315332388,0.01404671155,-0.05077115995,
1315532408,0.01480846375,-0.05142028227,
1315732428,0.01523218805,-0.05185834934,
1315932447,0.01583451531,-0.05148339304,
1316132467,0.0164905123,-0.05264541879,
1316332487,0.01705253225,-0.05280143873,
1316532507,0.0165971008,-0.0531843328,
1316732526,0.01743206899,-0.05371087926,
1316932546,0.01754861872,-0.05426509478,
1317132566,0.01796498667,-0.05445217444,
1317332586,0.01839827929,-0.05496600628,
1317532605,0.01853768965,-0.0559306494,
1317732625,0.01870018637,-0.05655670409,
1317932645,0.01846513215,-0.0569899808,
1318132665,0.01903272187,-0.05740813247,
1318332684,0.01892631586,-0.05842655986,
1318532704,0.01906926731,-0.05871939285,
1318732724,0.01927392247,-0.05949795195,
1318932744,0.01909957199,-0.05999354007,
1319132763,0.01894083621,-0.060587503,
1319332783,0.0187516975,-0.06128326819,
1319532803,0.01907000419,-0.06150043848,
1319732823,0.01870425448,-0.06195937015,
1319932842,0.01921135043,-0.0629170984,
1320132862,0.01858127017,-0.06331209109,
1320332882,0.01866663183,-0.06314530378,
1320532902,0.01831291655,-0.06368375782,
1320732921,0.01795071523,-0.06423161889,
1320932941,0.01780959504,-0.06450731493,
1321132961,0.01771349048,-0.06502491509,
1321332981,0.01680837082,-0.0658253935,
1321533000,0.01694264459,-0.0657209734,
1321733020,0.01678311297,-0.06600365441,
1321933040,0.01632532227,-0.06690329868,
1322133060,0.01607307097,-0.06716751119,
1322333079,0.01578468709,-0.06758823617,
1322533099,0.01551969788,-0.06822215735,
1322733119,0.01455991985,-0.06879666919,
1322933139,0.01437931695,-0.06889190026,
1323133158,0.01359111176,-0.06914923796,
1323333178,0.01282491486,-0.06946887004,
1323533198,0.01224291758,-0.06950977012,
1323733218,0.01141605672,-0.0705151012,
1323933237,0.01046815997,-0.07030206784,
1324133257,0.01000932459,-0.07044832396,
1324333277,0.00998521304,-0.07019304068,
1324533297,0.008711177753,-0.06991732432,
1324733316,0.008251404648,-0.07016969401,
1324933336,0.007423596598,-0.06936629675,
1325133356,0.007132933269,-0.0692915965,
1325333376,0.006484713869,-0.06882525621,
1325533395,0.006281745074,-0.06909647894,
1325733415,0.005373470838,-0.06859534953,
1325933435,0.004956436298,-0.06780263843,
1326133455,0.004807919596,-0.06730554031,
1326333474,0.004581281119,-0.06658673031,
1326533494,0.004214551109,-0.06648217151,
1326733514,0.003576963065,-0.06612463383,
1326933534,0.003454755123,-0.06483870289,
1327133553,0.003304077795,-0.06449383982,
1327333573,0.002781050531,-0.06439351563,
1327533593,0.002614536988,-0.06347081523,
1327733613,0.0027164767,-0.06360179205,
1327933632,0.002331813891,-0.06284239566,
1328133652,0.002366127487,-0.06245955617,
1328333672,0.002342835419,-0.06208289703,
1328533692,0.002456191135,-0.0611833802,
1328733711,0.002244326064,-0.0611198628,
1328933731,0.002671254481,-0.06064488953,
1329133751,0.002641971771,-0.06004279015,
1329333771,0.002978085613,-0.0599302384,
1329533790,0.002255729232,-0.05912703751,
1329733810,0.002651445715,-0.05836581794,
1329933830,0.002471955796,-0.05829312818,
1330133850,0.002530650612,-0.05763402045,
1330333869,0.003136666986,-0.05706615162,
1330533889,0.002753851184,-0.05650790674,
1330733909,0.00303650778,-0.05633759135,
1330933929,0.0033466224,-0.05517228257,
1331133948,0.003691849408,-0.05514532923,
1331333968,0.003796629462,-0.0540226041,
1331533988,0.00430394734,-0.05350874745,
1331734008,0.004606762175,-0.05316746868,
1331934027,0.004836221603,-0.05257986392,
1332134047,0.004661380984,-0.05148678017,
1332334067,0.005164240887,-0.05163448766,
1332534087,0.005696017686,-0.05070581541,
1332734106,0.005690659518,-0.04975189622,
1332934126,0.00648879442,-0.04945206537,
1333134146,0.007185083759,-0.04907533224,
1333334166,0.007986917628,-0.04769125208,
1333534186,0.00869342486,-0.04735393604,
1333734206,0.009520143299,-0.04633949685,
1333934225,0.01073946643,-0.046119798,
1334134245,0.01148200885,-0.04578791386,
1334334265,0.01245225342,-0.04501434215,
1334534285,0.01377545125,-0.04468395915,
1334734304,0.01489122337,-0.04474161925,
1334934324,0.01659797673,-0.04458227351,
1335134344,0.0170835299,-0.04439382806,
1335334364,0.01848025344,-0.04433884805,
1335534383,0.0194473563,-0.04412854772,
1335734403,0.02126409109,-0.04480481082,
1335934423,0.02269744639,-0.04463879912,
1336134443,0.02389763528,-0.04527254734,
1336334462,0.02487037308,-0.04602500532,
1336534482,0.02624861047,-0.04661881766,
1336734502,0.02759547062,-0.0473197755,
1336934522,0.02855037151,-0.04789314767,
1337134541,0.02963452857,-0.04956060821,
1337334561,0.02987403472,-0.04984693483,
1337534581,0.03049659768,-0.05086335389,
1337734601,0.03161491789,-0.05238461417,
1337934620,0.03196132177,-0.05361476346,
1338134640,0.03188184247,-0.0546156509,
1338334660,0.03248931373,-0.05610934414,
1338534680,0.0328709949,-0.05723999451,
1338734699,0.03270762586,-0.05721275819,
1338934719,0.0330194765,-0.0591176514,
1339134739,0.03329209419,-0.06011748103,
1339334759,0.03345153193,-0.06107451007,
1339534778,0.03347035275,-0.06190238477,
1339734798,0.03308911484,-0.06260358146,
1339934818,0.03350952935,-0.06326135872,
1340134838,0.03332886025,-0.06370315744,
1340334857,0.03363238318,-0.06479057686,
1340534877,0.03306093635,-0.06559026235,
1340734897,0.03239148664,-0.06562169104,
1340934917,0.03271332175,-0.0670552186,
1341134936,0.03203994023,-0.06758522565,
1341334956,0.03133217158,-0.06812615394,
1341534976,0.03147963962,-0.06908313378,
1341734996,0.03052748069,-0.0690946592,
1341935015,0.03058433368,-0.06968415662,
1342135035,0.03012903377,-0.06970689894,
1342335055,0.03021045104,-0.07075093648,
1342535075,0.02993586016,-0.07083914879,
1342735094,0.02971308017,-0.07189004856,
1342935114,0.02913190981,-0.07209998608,
1343135134,0.02901564836,-0.07231430238,
1343335154,0.02868080861,-0.07280578928,
1343535173,0.0276617981,-0.07314939801,
1343735193,0.02788871255,-0.0736709481,
1343935213,0.02728957409,-0.07351595016,
1344135233,0.02742151285,-0.07443810858,
1344335252,0.02692985871,-0.07490331795,
1344535272,0.02658187065,-0.07472687839,
1344735292,0.02633208969,-0.07512683691,
1344935312,0.02563136879,-0.07541063342,
1345135331,0.02577424517,-0.07583932907,
1345335351,0.02506342021,-0.0764896252,
1345535371,0.02486199684,-0.07688703588,
1345735391,0.02448235456,-0.07644853961,
1345935410,0.02370295714,-0.07669828908,
1346135430,0.02338409008,-0.07651193952,
1346335450,0.02288047409,-0.07640953111,
1346535470,0.02176140864,-0.07643493259,
1346735489,0.02165344706,-0.07614204848,
1346935509,0.02149414026,-0.07627944277,
1347135529,0.02122490298,-0.07629175031,
1347335549,0.02121585648,-0.07605699136,
1347535568,0.02039328765,-0.07587119239,
1347735588,0.02035260931,-0.07532150976,
1347935608,0.02037776644,-0.0751728384,
1348135628,0.01936562905,-0.07496067064,
1348335647,0.02039581608,-0.07408505335,
1348535667,0.01981091757,-0.07345626224,
1348735687,0.01951734609,-0.07338856643,
1348935707,0.02022310839,-0.07335066907,
1349135726,0.02012112061,-0.07230196091,
1349335746,0.02077170273,-0.07252317703,
1349535766,0.02062402581,-0.07212711465,
1349735786,0.02068688262,-0.07186394888,
1349935805,0.02082399275,-0.07159904087,
1350135825,0.02173240765,-0.0712273689,
1350335845,0.02165674631,-0.07115888184,
1350535865,0.02283475977,-0.07121912872,
1350735884,0.0228943232,-0.07094625206,
1350935904,0.02332924545,-0.07089777332,
1351135924,0.02383234202,-0.07125443706,
1351335944,0.02510203954,-0.07102032431,
1351535963,0.02546558165,-0.07147997927,
1351735983,0.02588848847,-0.07066451179,
1351936003,0.02674366245,-0.07178690372,
1352136023,0.02634382786,-0.0718650234,
1352336042,0.02749161107,-0.0717273483,
1352536062,0.02836306877,-0.07221644879,
1352736082,0.02931436974,-0.07266423541,
1352936102,0.03003818241,-0.07325402405,
1353136121,0.03057157567,-0.07380049629,
1353336141,0.03057117392,-0.07443459783,
1353536161,0.03121682382,-0.07523718806,
1353736181,0.03201009066,-0.07618403944,
1353936200,0.03338963775,-0.07719193097,
1354136220,0.03324893168,-0.07750995342,
1354336240,0.03359105187,-0.07829011842,
1354536260,0.03373781679,-0.08006386777,
1354736279,0.03414188325,-0.08109537003,
1354936299,0.03497588528,-0.08163199712,
1355136319,0.03493466198,-0.08311038468,
1355336339,0.03479849012,-0.08512672629,
1355536358,0.03468289958,-0.08593615642,
1355736378,0.03477966381,-0.08703796355,
1355936398,0.03464783152,-0.08808904084,
1356136418,0.03383011479,-0.09010111719,
1356336437,0.0332063362,-0.09059465656,
1356536457,0.03343187567,-0.09153033893,
1356736477,0.03206057937,-0.09295295393,
1356936497,0.03185951745,-0.09443290552,
1357136516,0.03136305731,-0.09537336983,
1357336536,0.03025625498,-0.09617488826,
1357536556,0.02937297349,-0.09719525761,
1357736576,0.02812560107,-0.09793804822,
1357936595,0.02683612106,-0.0984656817,
1358136615,0.02525302873,-0.0993759332,
1358336635,0.02526684392,-0.1002038632,
1358536655,0.02443604141,-0.1004991281,
1358736675,0.0227584227,-0.1011025376,
1358936694,0.02195403244,-0.1006459142,
1359136714,0.02036775864,-0.1011999179,
1359336734,0.01986332839,-0.1019898425,
1359536754,0.0182104634,-0.1018650804,
1359736773,0.01778628874,-0.1013125566,
1359936793,0.0172814701,-0.1022137314,
1360136813,0.0155480973,-0.1023200012,
1360336833,0.01432234383,-0.102324131,
1360536852,0.0142511051,-0.1025534945,
1360736872,0.01291102631,-0.1027120413,
1360936892,0.01159894568,-0.1023734584,
1361136912,0.01085697429,-0.1022589652,
1361336931,0.009883065525,-0.1019585829,
1361536951,0.007799886736,-0.1012773951,
1361736971,0.007302493535,-0.1022405291,
1361936991,0.006515095473,-0.1010211049,
1362137010,0.005601570968,-0.1005656814,
1362337030,0.004608755398,-0.1007159726,
1362537050,0.002985629692,-0.09987411822,
1362737070,0.003506609962,-0.09900655109,
1362937089,0.001489089404,-0.0990126941,
1363137109,0.001235911585,-0.09797308064,
1363337129,7.591298427e-05,-0.09763700096,
1363537149,-0.0008329930821,-0.09718770391,
1363737168,-0.001392979827,-0.09578114941,
1363937188,-0.001821850651,-0.09509049677,
1364137208,-0.002742992536,-0.09398389118,
1364337228,-0.003210802278,-0.09281443612,
1364537247,-0.004326535179,-0.09201671579,
1364737267,-0.004797191724,-0.09052643857,
1364937287,-0.004634694887,-0.08903023689,
1365137307,-0.005040157805,-0.08794486252,
1365337326,-0.004885975491,-0.08767179357,
1365537346,-0.005803839411,-0.08625140502,
1365737366,-0.005510953094,-0.08460136662,
1365937386,-0.005707292321,-0.0831330022,
1366137405,-0.005114555532,-0.08218162302,
1366337425,-0.005062278346,-0.08083841023,
1366537445,-0.004833169957,-0.08022376719,
1366737465,-0.003839906526,-0.0783783408,
1366937484,-0.003517536152,-0.07752596013,
1367137504,-0.00321806159,-0.07617732167,
1367337524,-0.002633919353,-0.07555232251,
1367537544,-0.001159994086,-0.07448770754,
1367737563,-0.0007788352937,-0.07332769683,
1367937583,0.001070408714,-0.07298615123,
1368137603,0.002120901728,-0.07207738642,
1368337623,0.003265154502,-0.07148806394,
1368537642,0.004006143406,-0.0711383044,
1368737662,0.005534976388,-0.07055809768,
1368937682,0.006609196508,-0.07061862151,
1369137702,0.007946323602,-0.07071243907,
1369337721,0.009246390447,-0.07030793851,
1369537741,0.01042208056,-0.07055308698,
1369737761,0.01174433287,-0.07099340185,
1369937781,0.01320173126,-0.07149699216,
1370137800,0.01400231022,-0.07194973269,
1370337820,0.01522563951,-0.07241920193,
1370537840,0.01642330176,-0.07327727429,
1370737860,0.01706160823,-0.07379562533,
1370937879,0.01832266612,-0.07483826735,
1371137899,0.01912272244,-0.07598014304,
1371337919,0.01976966401,-0.07720904476,
1371537939,0.02006680921,-0.07787758808,
1371737958,0.02059013316,-0.07891808602,
1371937978,0.02130195727,-0.07997362309,
1372137998,0.02134883388,-0.08105566187,
1372338018,0.02255634217,-0.08143361459,
1372538037,0.02271462546,-0.08285241493,
1372738057,0.02209764842,-0.08366242609,
1372938077,0.02246826427,-0.08528501144,
1373138097,0.02253397999,-0.08590840567,
1373338116,0.02259508978,-0.08703464415,
1373538136,0.02293854877,-0.08775044129,
1373738156,0.02248619802,-0.08975923575,
1373938176,0.02193100539,-0.09043014284,
1374138195,0.02201977802,-0.09132977915,
1374338215,0.02116020997,-0.09267353131,
1374538235,0.02080847551,-0.09308469553,
1374738255,0.02094865618,-0.09473844528,
1374938274,0.01978520688,-0.09528616488,
1375138294,0.0190183993,-0.09594756975,
1375338314,0.01846381485,-0.0973061389,
1375538334,0.01749195961,-0.09774799206,
1375738353,0.01694341812,-0.09759037444,
1375938373,0.01625104672,-0.09875490721,
1376138393,0.01475423081,-0.09906737973,
1376338413,0.01455100189,-0.09863031596,
1376538432,0.01354741567,-0.09881512467,
1376738452,0.01201802499,-0.09999969611,
1376938472,0.01207809726,-0.09998602349,
1377138492,0.0111037372,-0.1002343638,
1377338511,0.01038536094,-0.1001151173,
1377538531,0.009560501565,-0.100190818,
1377738551,0.008725542503,-0.09998645896,
1377938571,0.00796889248,-0.09988078249,
1378138590,0.007733829237,-0.1002106157,
1378338610,0.00760117106,-0.1006671679,
1378538630,0.007195417518,-0.1009953898,
1378738650,0.006221750571,-0.1009225978,
1378938669,0.005852471885,-0.1006043242,
1379138689,0.004543081246,-0.1005734472,
1379338709,0.004561355516,-0.1007357331,
1379538729,0.003662603657,-0.101391328,
1379738748,0.003831354955,-0.1005765751,
1379938768,0.002310318596,-0.1007593134,
1380138788,0.001903747227,-0.09999033012,
1380338808,0.001199483679,-0.09944846223,
1380538827,-0.000278573578,-0.1000694012,
1380738847,-0.0005554574319,-0.09997499058,
1380938867,-0.001181269328,-0.09871516601,
1381138887,-0.002044192155,-0.09816680915,
1381338906,-0.001928304986,-0.09801642298,
1381538926,-0.001678888275,-0.09797702392,
1381738946,-0.0038606648,-0.09683688063,
1381938966,-0.00342502902,-0.09673868723,
1382138985,-0.003698701929,-0.09497673067,
1382339005,-0.003735817758,-0.0949116608,
1382539025,-0.003644188934,-0.09449109312,
1382739045,-0.004344342582,-0.09304528816,
1382939064,-0.004270379668,-0.0923487066,
1383139084,-0.00360532939,-0.0917576228,
1383339104,-0.004097527454,-0.09127917516,
1383539124,-0.004044842526,-0.09079297437,
1383739144,-0.003164430231,-0.09066762774,
1383939163,-0.003203000103,-0.09006493225,
1384139183,-0.002141108368,-0.08931691043,
1384339203,-0.002010937943,-0.08940152063,
1384539223,-0.001569078737,-0.08850821654,
1384739242,-0.001146680304,-0.08928745739,
1384939262,7.326548911e-05,-0.08871459579,
1385139282,4.240619133e-05,-0.08844499803,
1385339302,0.001087891588,-0.08966140349,
1385539321,0.001124899121,-0.08981840983,
1385739341,0.0009120868566,-0.08999130362,
1385939361,0.002079151961,-0.08982544134,
1386139381,0.002132502837,-0.09107700678,
1386339400,0.002569720994,-0.09138520391,
1386539420,0.002831719166,-0.09192301473,
1386739440,0.002864613515,-0.09231027179,
1386939460,0.002783976985,-0.09350243453,
1387139479,0.002788408299,-0.09376303847,
1387339499,0.002326554485,-0.09477381715,
1387539519,0.001466957238,-0.09522555368,
1387739539,0.001179533278,-0.09496381397,
1387939558,0.0007996574107,-0.09554781288,
1388139578,0.0007385214168,-0.09670709826,
1388339598,0.0001428865002,-0.09687410438,
1388539618,-0.0003371546051,-0.09672000674,
1388739637,-0.0006387935911,-0.09694938782,
1388939657,-0.001687731632,-0.09636722935,
1389139677,-0.00213002919,-0.0968066958,
1389339697,-0.002882010508,-0.09665543851,
1389539716,-0.00217775299,-0.09691902485,
1389739736,-0.003454445345,-0.09679200605,
1389939756,-0.004106929346,-0.0963444586,
1390139776,-0.003790768199,-0.09652379024,
1390339795,-0.004209621766,-0.09658957141,
1390539815,-0.005138823644,-0.09671300849,
1390739835,-0.005602637772,-0.0962455491,
1390939855,-0.004490579768,-0.09672067775,
1391139874,-0.005607339873,-0.09603993142,
1391339894,-0.005688289591,-0.09574521066,
1391539914,-0.005495924665,-0.09605382451,
1391739934,-0.006435164444,-0.09600764158,
1391939953,-0.006065732086,-0.0949201723,
1392139973,-0.006267460166,-0.09573116011,
1392339993,-0.006659833826,-0.09601005929,
1392540013,-0.007014261158,-0.09578738775,
1392740032,-0.006427638592,-0.09529590624,
1392940052,-0.007702407838,-0.09536465959,
1393140072,-0.007122331484,-0.09579756492,
1393340092,-0.007173013611,-0.09550604652,
1393540111,-0.008191804683,-0.09494807764,
1393740131,-0.007813314713,-0.09600702831,
1393940151,-0.008149232956,-0.09607898507,
1394140171,-0.008408936611,-0.09593258464,
1394340190,-0.008842398706,-0.09556113868,
1394540210,-0.009359020339,-0.09625831317,
1394740230,-0.009211134422,-0.095532886,
1394940250,-0.009458926678,-0.09561903794,
1395140269,-0.01016426366,-0.09574932296,
1395340289,-0.01021083168,-0.0962944955,
1395540309,-0.01122651864,-0.09525692338,
1395740329,-0.01144431659,-0.09573803065,
1395940348,-0.011867327,-0.09521317572,
1396140368,-0.01203944378,-0.09579572279,
1396340388,-0.01180875448,-0.09514618759,
1396540408,-0.01225336238,-0.09541613015,
1396740427,-0.01272530445,-0.09509971344,
1396940447,-0.01402207129,-0.09461694572,
1397140467,-0.01403459787,-0.09505942479,
1397340487,-0.01387925356,-0.09517058046,
1397540506,-0.01463846285,-0.09446508353,
1397740526,-0.01529638545,-0.09418295586,
1397940546,-0.01546281449,-0.09430865643,
1398140566,-0.01631634593,-0.09334044878,
1398340585,-0.01611909186,-0.09351257934,
1398540605,-0.01669448076,-0.0931388373,
1398740625,-0.01696590674,-0.09266929782,
1398940645,-0.01725400242,-0.09231734349,
1399140664,-0.01795606647,-0.09237265048,
1399340684,-0.01753439506,-0.09163679643,
1399540704,-0.01857118302,-0.09139907614,
1399740724,-0.01816731166,-0.09077454305,
1399940743,-0.01881389491,-0.09046192599,
1400140763,-0.01884843101,-0.08997586024,
1400340783,-0.01876160831,-0.08992097524,
1400540803,-0.01865494181,-0.08892467008,
1400740822,-0.01940049905,-0.08816340464,
1400940842,-0.01913462473,-0.08760790809,
1401140862,-0.01966680017,-0.08817552813,
1401340882,-0.01954858603,-0.08777322818,
1401540901,-0.01955733626,-0.08698991385,
1401740921,-0.01992160744,-0.08707521041,
1401940941,-0.01960478023,-0.08675038602,
1402140961,-0.01950155053,-0.0854159966,
1402340980,-0.02008645972,-0.08597406774,
1402541000,-0.01981063714,-0.08539009289,
1402741020,-0.02020966618,-0.08520395144,
1402941040,-0.02021173712,-0.08441773311,
1403141059,-0.02000286997,-0.08415060374,
1403341079,-0.01966726571,-0.08266075489,
1403541099,-0.01993161866,-0.08224007499,
1403741119,-0.02064088737,-0.08291368976,
1403941138,-0.01948939865,-0.08203814623,
1404141158,-0.02013330314,-0.0818011361,
1404341178,-0.01917920394,-0.08077724827,
1404541198,-0.01957010399,-0.08137333356,
1404741217,-0.01899940586,-0.08071829537,
1404941237,-0.01949821682,-0.0810476269,
1405141257,-0.01858617384,-0.08016772875,
1405341277,-0.01912019591,-0.08005769267,
1405541296,-0.01841479062,-0.08028861896,
1405741316,-0.01789277089,-0.08001097003,
1405941336,-0.01830374957,-0.07982480368,
1406141356,-0.01832183567,-0.07911962156,
1406341375,-0.01861123586,-0.07935670378,
1406541395,-0.01807299758,-0.07904165661,
1406741415,-0.01747930385,-0.07836437867,
1406941435,-0.01778094362,-0.07841009737,
1407141454,-0.01802715628,-0.07844580409,
1407341474,-0.01750876087,-0.07793779789,
1407541494,-0.01763799902,-0.07737512085,
1407741514,-0.01727598828,-0.07711583992,
1407941534,-0.01694060933,-0.07711769698,
1408141553,-0.01663543882,-0.0764612188,
1408341573,-0.01646219482,-0.0765146098,
1408541593,-0.01600570257,-0.07564445584,
1408741613,-0.01551329025,-0.0758141357,
1408941632,-0.01497820904,-0.07601651051,
1409141652,-0.01454002684,-0.07542817168,
1409341672,-0.01394713186,-0.07525598348,
1409541692,-0.01291256581,-0.07557675948,
1409741711,-0.01339982946,-0.07625885957,
1409941731,-0.0119485941,-0.07644523829,
1410141751,-0.0119785387,-0.0762021774,
1410341771,-0.01137312114,-0.07687121824,
1410541790,-0.01091972832,-0.0770451452,
1410741810,-0.01098542689,-0.077924508,
1410941830,-0.01084061835,-0.07837250091,
1411141850,-0.01030707291,-0.07913093338,
1411341869,-0.01050152374,-0.07929654437,
1411541889,-0.01027697844,-0.08037926717,
1411741909,-0.01099023778,-0.08010285455,
1411941929,-0.01044836672,-0.08068310503,
1412141948,-0.01054700053,-0.0820148589,
1412341968,-0.01056560528,-0.08272034593,
1412541988,-0.01108624299,-0.08358314855,
1412742008,-0.01192987913,-0.08407745458,
1412942027,-0.01297001457,-0.08435052231,
1413142047,-0.01360138901,-0.08463670492,
1413342067,-0.01386690561,-0.08572446744,
1413542087,-0.01451041241,-0.08648142447,
1413742106,-0.01552162746,-0.08621496273,
1413942126,-0.01605416894,-0.08723594377,
1414142146,-0.01721389815,-0.08679813221,
1414342166,-0.018884022,-0.08676677851,
1414542185,-0.01895532084,-0.0864431073,
1414742205,-0.02075905063,-0.08707667926,
1414942225,-0.02143244432,-0.08623859257,
1415142245,-0.02244345176,-0.08512892902,
1415342264,-0.0238713294,-0.08477137644,
1415542284,-0.02429678399,-0.08418899307,
1415742304,-0.02521979061,-0.08374999048,
1415942324,-0.02565327496,-0.08290359333,
1416142343,-0.02576438125,-0.08212297333,
1416342363,-0.0266007979,-0.08091499248,
1416542383,-0.02714497843,-0.08045090029,
1416742403,-0.02695208846,-0.0789654864,
1416942422,-0.02830541748,-0.07817363472,
1417142442,-0.02764154372,-0.07695637946,
1417342462,-0.02744487427,-0.07599349948,
1417542482,-0.02803611535,-0.07461808556,
1417742501,-0.02774710485,-0.07429431231,
1417942521,-0.02731604671,-0.07313827059,
1418142541,-0.02780580551,-0.07230037333,
1418342561,-0.02727765461,-0.07165871848,
1418542580,-0.02705778266,-0.07141417702,
1418742600,-0.0263949319,-0.07072000088,
1418942620,-0.02669024062,-0.06982469225,
1419142640,-0.02617832152,-0.06939744306,
1419342659,-0.02533634059,-0.06898774602,
1419542679,-0.02525312537,-0.06848489065,
1419742699,-0.02509279295,-0.06766696029,
1419942719,-0.02536983845,-0.06743814353,
1420142738,-0.02464734528,-0.06697138967,
1420342758,-0.02525135179,-0.06658021504,
1420542778,-0.02462214863,-0.06698501883,
1420742798,-0.02458695564,-0.06603148849,
1420942817,-0.02452916908,-0.0651363327,
1421142837,-0.02412698168,-0.06504023998,
1421342857,-0.02390731013,-0.06447160008,
1421542877,-0.02375711997,-0.06437885324,
1421742896,-0.02361622819,-0.06371513272,
1421942916,-0.02320130311,-0.06282511024,
1422142936,-0.02370827967,-0.06225276533,
1422342956,-0.02255038259,-0.06226045125,
1422542975,-0.02272165102,-0.06142849034,
1422742995,-0.02238756032,-0.06094361217,
1422943015,-0.02234627415,-0.0607690632,
1423143035,-0.02123728166,-0.05997103571,
1423343054,-0.02100973413,-0.05981080001,
1423543074,-0.02070511913,-0.05907823396,
1423743094,-0.0200248744,-0.05865995437,
1423943114,-0.02025279158,-0.05811818104,
1424143133,-0.01978757391,-0.05794826838,
1424343153,-0.01950724188,-0.05712544048,
1424543173,-0.01825903189,-0.05736272456,
1424743193,-0.01793462163,-0.056156546,
1424943212,-0.0172565002,-0.05584255165,
1425143232,-0.01681584558,-0.05536176879,
1425343252,-0.01707558295,-0.05496447463,
1425543272,-0.01623970933,-0.05476554989,
1425743291,-0.01600143921,-0.05444063157,
1425943311,-0.01460341519,-0.05434646993,
1426143331,-0.01416934813,-0.05358664971,
1426343351,-0.01344295095,-0.05421831088,
1426543370,-0.01293233517,-0.05352691921,
1426743390,-0.01180005093,-0.0531718517,
1426943410,-0.01115657153,-0.05285774149,
1427143430,-0.01055345622,-0.05346327964,
1427343449,-0.009601206647,-0.05336092684,
1427543469,-0.009024912804,-0.05324001573,
1427743489,-0.008858769287,-0.05325807166,
1427943509,-0.007914388669,-0.05321394891,
1428143528,-0.006956169137,-0.05362358222,
1428343548,-0.006741167998,-0.05371261672,
1428543568,-0.005589117306,-0.05404856774,
1428743588,-0.004641879193,-0.05435782637,
1428943607,-0.004867153145,-0.05426872017,
1429143627,-0.004005027607,-0.05409843765,
1429343647,-0.004052585762,-0.0550271075,
1429543667,-0.002523122466,-0.05502068772,
1429743686,-0.002393172401,-0.05567113659,
1429943706,-0.001638055933,-0.05627548172,
1430143726,-0.0007340482293,-0.05651942888,
1430343746,-0.000919163487,-0.05684188872,
1430543765,-0.0007628580167,-0.05749025534,
1430743785,-0.0003167916151,-0.05851349717,
1430943805,0.0004633133686,-0.05841167286,
1431143825,0.0004886469697,-0.05887474703,
1431343844,0.001006189463,-0.05988850999,
1431543864,0.001242567588,-0.06030741722,
1431743884,0.001271302143,-0.06052889066,
1431943904,0.001410660967,-0.06160799325,
1432143923,0.0001743805584,-0.06268118969,
1432343943,0.0004188378585,-0.06319034236,
1432543963,0.0001764405773,-0.06376392625,
1432743983,-6.455922903e-05,-0.06404552739,
1432944003,-0.0001794240049,-0.06417443148,
1433144022,-0.001139451506,-0.06449287208,
1433344042,-0.001297243339,-0.06508609624,
1433544062,-0.001838665887,-0.06484186395,
1433744082,-0.002516537751,-0.06539633939,
1433944101,-0.002755015616,-0.06550123659,
1434144121,-0.003458168238,-0.06489774423,
1434344141,-0.003339534931,-0.06493192915,
1434544161,-0.003690074452,-0.06488215298,
1434744180,-0.003949237072,-0.0641140069,
1434944200,-0.004608643999,-0.06436366692,
1435144220,-0.004641042528,-0.06392230199,
1435344240,-0.004124766834,-0.06276551894,
1435544259,-0.004269916968,-0.06290383306,
1435744279,-0.004164863539,-0.06253635859,
1435944299,-0.004129961603,-0.06246252425,
1436144319,-0.004070004125,-0.06225372794,
1436344338,-0.003252652183,-0.06127015631,
1436544358,-0.004118967447,-0.06169753439,
1436744378,-0.003007911413,-0.06124127548,
1436944398,-0.002634327441,-0.06145137857,
1437144417,-0.002891102238,-0.06135312753,
1437344437,-0.002728189819,-0.06160174975,
1437544457,-0.002250126685,-0.06090067613,
1437744477,-0.001369074259,-0.06170093166,
1437944496,-0.001809790947,-0.06170595474,
1438144516,-0.001430409952,-0.0616916525,
1438344536,-0.001297691932,-0.06177476136,
1438544556,-0.001306388614,-0.06162155596,
1438744575,-0.001318210981,-0.06150039959,
1438944595,-0.001055976953,-0.06184866804,
1439144615,-0.001069676698,-0.06211920497,
1439344635,-0.001070837817,-0.06149331646,
1439544654,-0.001626627795,-0.06202047085,
1439744674,-0.001408840363,-0.06160150276,
1439944694,-0.001293311828,-0.06116026373,
1440144714,-0.001558787195,-0.06096826785,
1440344733,-0.001147883821,-0.06080699226,
1440544753,-0.0008451219814,-0.06060680974,
1440744773,-0.001074630318,-0.06094107283,
1440944793,-0.001649079333,-0.0602467126,
1441144812,-0.001229085098,-0.0601775014,
1441344832,-0.0006985885198,-0.05991502395,
1441544852,-0.001393225661,-0.05937338912,
1441744872,-3.585517004e-05,-0.05879429337,
1441944891,0.0003149929842,-0.05886734018,
1442144911,0.0004580423212,-0.05856150952,
1442344931,0.0006676885476,-0.05797834123,
1442544951,0.001327665052,-0.0577210229,
1442744970,0.001835977987,-0.05786597954,
1442944990,0.002286211588,-0.0579995425,
1443145010,0.002829151368,-0.05793219215,
1443345030,0.003495794433,-0.05822299682,
1443545049,0.003834156056,-0.05811333896,
1443745069,0.004261397938,-0.05772405354,
1443945089,0.004656336725,-0.05842548631,
1444145109,0.005192256312,-0.05852909137,
1444345128,0.005401572821,-0.05863558221,
1444545148,0.006301467558,-0.05882652869,
1444745168,0.005944123267,-0.05837456595,
1444945188,0.006556121075,-0.05943497421,
1445145207,0.007018478281,-0.05913078665,
1445345227,0.007630120662,-0.0590930804,
1445545247,0.007509931096,-0.05910684225,
1445745267,0.007815085666,-0.05938210006,
1445945286,0.008220687316,-0.05944291007,
1446145306,0.009261647702,-0.05994458307,
1446345326,0.008656552533,-0.06031095922,
1446545346,0.009359816523,-0.06037029202,
1446745365,0.009417071942,-0.060576956,
1446945385,0.009517778805,-0.06085901121,
1447145405,0.01032341882,-0.06126434046,
1447345425,0.01085018832,-0.06101778606,
1447545444,0.01138433224,-0.06102838044,
1447745464,0.01135339168,-0.06127012471,
1447945484,0.01235916052,-0.06147216412,
1448145504,0.0124834256,-0.06166777157,
1448345523,0.01240244008,-0.06289357918,
1448545543,0.01237362438,-0.06288735383,
1448745563,0.01375196706,-0.06337316418,
1448945583,0.01359777423,-0.0638376275,
1449145602,0.01396722832,-0.06384240087,
1449345622,0.01414130614,-0.06474243476,
1449545642,0.01508564424,-0.06472605553,
1449745662,0.01484742837,-0.06560641638,
1449945681,0.01493067129,-0.06553464399,
1450145701,0.0153153809,-0.06640895443,
1450345721,0.01483815395,-0.06662616242,
1450545741,0.01564947159,-0.06717546497,
1450745760,0.01573927258,-0.06829463311,
1450945780,0.01538795372,-0.06860796445,
1451145800,0.01530639447,-0.06985364543,
1451345820,0.01567393799,-0.06941714399,
1451545839,0.01573087596,-0.07072384936,
1451745859,0.01569386238,-0.07038679868,
1451945879,0.01559083016,-0.07084660516,
1452145899,0.01522035866,-0.0721717528,
1452345918,0.01585989328,-0.07200635669,
1452545938,0.0147375635,-0.07287668509,
1452745958,0.0150813557,-0.07336017027,
1452945978,0.01520959128,-0.07415800124,
1453145997,0.01502176708,-0.07449415465,
1453346017,0.01451552649,-0.07494391912,
1453546037,0.01466867068,-0.07529465725,
1453746057,0.01411696195,-0.07559749431,
1453946076,0.01359615984,-0.0767130794,
1454146096,0.01377479185,-0.07690053757,
1454346116,0.0132499506,-0.07757087982,
1454546136,0.01234989175,-0.07789188197,
1454746155,0.01220572731,-0.07761207887,
1454946175,0.01135590668,-0.07798162674,
1455146195,0.01070813573,-0.07867824168,
1455346215,0.01035442784,-0.07908600691,
1455546234,0.01057168205,-0.07928067872,
1455746254,0.009224961792,-0.07960841572,
1455946274,0.009591842079,-0.07919702417,
1456146294,0.008506008004,-0.07975586453,
1456346313,0.007848150676,-0.07938344587,
1456546333,0.007525792277,-0.07963332071,
1456746353,0.007048613656,-0.07958236978,
1456946373,0.005877870463,-0.07939603165,
1457146393,0.006042354763,-0.07888481041,
1457346412,0.005642656928,-0.078325937,
1457546432,0.005317354372,-0.07822738706,
1457746452,0.004353502345,-0.07820699463,
1457946472,0.00353297984,-0.07752885124,
1458146491,0.003066759695,-0.07683884347,
1458346511,0.003929311529,-0.07598073364,
1458546531,0.002699212356,-0.07592839499,
1458746551,0.003525661199,-0.07518312649,
1458946570,0.003440379543,-0.07442026276,
1459146590,0.003439983066,-0.07393510059,
1459346610,0.003038066127,-0.07304566782,
1459546630,0.00387423984,-0.07229369479,
1459746649,0.004070052841,-0.07238719071,
1459946669,0.004308902974,-0.07143697956,
1460146689,0.004631326078,-0.07098879078,
1460346709,0.005618845311,-0.0706319253,
1460546728,0.006333659749,-0.07069727147,
1460746748,0.006724738656,-0.07122176116,
1460946768,0.007788604213,-0.07048879147,
1461146788,0.008033739945,-0.07073405073,
1461346807,0.009252790906,-0.07058296372,
1461546827,0.009480918709,-0.07137161557,
1461746847,0.009921934552,-0.07158902838,
1461946867,0.01026683536,-0.07222652558,
1462146886,0.01062242751,-0.07257488102,
1462346906,0.01104971739,-0.07276422158,
1462546926,0.01188136618,-0.07409602602,
1462746946,0.01182217016,-0.07468363817,
1462946965,0.01160491885,-0.07494472319,
1463146985,0.01166703779,-0.07555382152,
1463347005,0.0113159426,-0.07631212503,
1463547025,0.01067044036,-0.0764385501,
1463747044,0.01144818908,-0.07667550489,
1463947064,0.01087122922,-0.07761576115,
1464147084,0.01055066107,-0.07750294441,
1464347104,0.01033156728,-0.07760034742,
1464547123,0.009591064842,-0.07809933325,
1464747143,0.009338583433,-0.07845068462,
1464947163,0.007881817598,-0.07800340407,
1465147183,0.008911093989,-0.07868218785,
1465347202,0.007939467097,-0.07823210225,
1465547222,0.007616205102,-0.07807423382,
1465747242,0.007384282657,-0.0781124439,
1465947262,0.007427680473,-0.07780265466,
1466147281,0.007419395257,-0.07714889086,
1466347301,0.006945732601,-0.0773047586,
1466547321,0.007148052758,-0.07599202141,
1466747341,0.006647242937,-0.07660590583,
1466947360,0.007408652489,-0.07645455962,
1467147380,0.007287777883,-0.07596903427,
1467347400,0.007695090619,-0.07596359534,
1467547420,0.007800562136,-0.07561002784,
1467747439,0.007909925071,-0.07594229541,
1467947459,0.008463320169,-0.07606516997,
1468147479,0.008435466136,-0.07610280197,
1468347499,0.009277769375,-0.07629436689,
1468547518,0.009308552797,-0.07661590862,
1468747538,0.009156070102,-0.07557889389,
1468947558,0.008820118809,-0.07617231472,
1469147578,0.009777440114,-0.07625528233,
1469347597,0.009722613062,-0.07675377743,
1469547617,0.009632667805,-0.07731376943,
1469747637,0.009537310623,-0.07781551602,
1469947657,0.00967655676,-0.07781756135,
1470147676,0.009538630138,-0.07807879722,
1470347696,0.008990765352,-0.07760729702,
1470547716,0.009533355045,-0.07736331637,
1470747736,0.009259898316,-0.07741477966,
1470947755,0.009570416221,-0.07846194692,
1471147775,0.00987173657,-0.07825531246,
1471347795,0.009898011089,-0.07820244356,
1471547815,0.009574357434,-0.07849038816,
1471747834,0.009878945921,-0.0788603673,
1471947854,0.009436983129,-0.07849140836,
1472147874,0.009750438827,-0.07864942484,
1472347894,0.009552926725,-0.07931196639,
1472547913,0.009375428825,-0.07964464364,
1472747933,0.01042937466,-0.07963470848,
1472947953,0.009993028296,-0.08005157921,
1473147973,0.009529810659,-0.08026183047,
1473347992,0.009722030589,-0.07989522826,
1473548012,0.009455513043,-0.08101057077,
1473748032,0.009564567839,-0.08077990678,
1473948052,0.009652743853,-0.08134749108,
1474148071,0.009401730569,-0.08109984174,
1474348091,0.009040048796,-0.08204494381,
1474548111,0.008775541088,-0.08216376237,
1474748131,0.008784517459,-0.08201676007,
1474948150,0.009357817445,-0.08234737186,
1475148170,0.007994144871,-0.08188810543,
1475348190,0.007771189518,-0.08244191125,
1475548210,0.008027905659,-0.08301447778,
1475748229,0.007468400345,-0.08304047999,
1475948249,0.006926368009,-0.08299359603,
1476148269,0.006383585974,-0.08256578655,
1476348289,0.005468417135,-0.08270752704,
1476548308,0.005167178982,-0.08299090514,
1476748328,0.004890518923,-0.08257986791,
1476948348,0.004408805509,-0.08264701482,
1477148368,0.004188612957,-0.08222209459,
1477348387,0.003694457139,-0.08152907242,
1477548407,0.003038353524,-0.08117757079,
1477748427,0.002983848071,-0.08053015146,
1477948447,0.002764731906,-0.08035566374,
1478148466,0.002735873868,-0.07963520127,
1478348486,0.002530286206,-0.07961975327,
1478548506,0.002837934145,-0.07873050742,
1478748526,0.002330889959,-0.07766611003,
1478948545,0.003189675411,-0.0777168851,
1479148565,0.002990569803,-0.0775146289,
1479348585,0.003837031152,-0.07637013712,
1479548605,0.003671003937,-0.07607719667,
1479748624,0.004385004807,-0.07552470073,
1479948644,0.004696474422,-0.07534033443,
1480148664,0.005141402681,-0.074942816,
1480348684,0.005082147702,-0.0752561403,
1480548703,0.005925159281,-0.07510450744,
1480748723,0.006211373466,-0.07488371426,
1480948743,0.006341104299,-0.07479425232,
1481148763,0.007674993049,-0.07502314747,
1481348782,0.007343489352,-0.07456368732,
1481548802,0.008057874218,-0.07481573268,
1481748822,0.008309504822,-0.07432224208,
1481948842,0.008345269144,-0.07544749493,
1482148862,0.009591858344,-0.07590233685,
1482348881,0.008656313627,-0.07534283306,
1482548901,0.009449305494,-0.07587990105,
1482748921,0.009076452707,-0.07563995555,
1482948941,0.008966112249,-0.07615404445,
1483148960,0.009525556278,-0.07569188623,
1483348980,0.009878947086,-0.07611263551,
1483549000,0.009633830639,-0.07620788075,
1483749020,0.009716346898,-0.07676318504,
1483949039,0.009982824091,-0.07605913397,
1484149059,0.00986429596,-0.07645742832,
1484349079,0.009969177892,-0.07649481376,
1484549099,0.01009811942,-0.07729116138,
1484749118,0.01026593351,-0.07654477847,
1484949138,0.009934284626,-0.07690960369,
1485149158,0.00952770481,-0.07682646515,
1485349178,0.009687010434,-0.07669617906,
1485549197,0.009577149442,-0.07616309631,
1485749217,0.009427367506,-0.07592558978,
1485949237,0.009634815051,-0.07560381956,
1486149257,0.009704540756,-0.07552726657,
1486349276,0.009623113759,-0.07544625541,
1486549296,0.0103530959,-0.07527305565,
1486749316,0.01016902143,-0.07454573605,
1486949336,0.01051927294,-0.07424000202,
1487149355,0.01126215633,-0.07405561155,
1487349375,0.01133283444,-0.07398726751,
1487549395,0.01128006887,-0.07346036428,
1487749415,0.0122653855,-0.07284861523,
1487949434,0.01257002465,-0.07230185398,
1488149454,0.01366063402,-0.07278639611,
1488349474,0.01341234839,-0.07247329248,
1488549494,0.01516524738,-0.07194065225,
1488749513,0.015691022,-0.07237844151,
1488949533,0.01611611582,-0.07176081695,
1489149553,0.0166545762,-0.07194580092,
1489349573,0.01752408479,-0.07223030039,
1489549592,0.01764270297,-0.07241647335,
1489749612,0.01914186468,-0.0729123133,
1489949632,0.01978547579,-0.07254248678,
1490149652,0.02116247808,-0.07341475992,
1490349671,0.02193848137,-0.07274963304,
1490549691,0.02230996513,-0.07373069882,
1490749711,0.02324621614,-0.07392819598,
1490949731,0.02453055483,-0.07439258756,
1491149750,0.0249769352,-0.07553811935,
1491349770,0.02572404367,-0.07565197394,
1491549790,0.02662889121,-0.0765111778,
1491749810,0.02814154533,-0.07733307655,
1491949829,0.02775780088,-0.07865283029,
1492149849,0.02950172918,-0.07855797254,
1492349869,0.02927849766,-0.07970160332,
1492549889,0.03070408438,-0.08061312718,
1492749908,0.03122155902,-0.08261124839,
1492949928,0.03143654323,-0.08354037908,
1493149948,0.03200101262,-0.08498015299,
1493349968,0.03193725163,-0.08604173173,
1493549987,0.03139955322,-0.08784007894,
1493750007,0.03242206609,-0.08834978128,
1493950027,0.03234260909,-0.08973161615,
1494150047,0.03232465879,-0.09104806925,
1494350066,0.03253105049,-0.09318840656,
1494550086,0.03189094722,-0.09463522791,
1494750106,0.0316615231,-0.09543853824,
1494950126,0.03101194086,-0.09599766749,
1495150145,0.03120313249,-0.09775257282,
1495350165,0.02976938895,-0.09864668758,
1495550185,0.02945819159,-0.1005992484,
1495750205,0.02898261168,-0.1008882717,
1495950224,0.0284667631,-0.1020866848,
1496150244,0.0271024691,-0.1034292784,
1496350264,0.02621280762,-0.1046495164,
1496550284,0.02556165013,-0.1037778788,
1496750303,0.02455440958,-0.1052680032,
1496950323,0.02287915895,-0.1051916307,
1497150343,0.02248521391,-0.1065795054,
1497350363,0.0210290234,-0.1060221181,
1497550382,0.02084727151,-0.1059085594,
1497750402,0.01834646622,-0.1069916719,
1497950422,0.01865830734,-0.1062483547,
1498150442,0.0184856787,-0.1060227227,
1498350461,0.0170302249,-0.1061878587,
1498550481,0.01661227496,-0.1063143751,
1498750501,0.0161976503,-0.1062181538,
1498950521,0.01566816995,-0.1063763449,
1499150540,0.01549618193,-0.1058071422,
1499350560,0.01429159539,-0.1052610354,
1499550580,0.01426339158,-0.1054775238,
1499750600,0.01382859231,-0.1051959713,
1499950619,0.01334491038,-0.104689101,
1500150639,0.01398827575,-0.1046578944,
1500350659,0.01374696861,-0.1050609666,
1500550679,0.01296860367,-0.1047729067,
1500750698,0.01345149496,-0.1048375624,
1500950718,0.01278756625,-0.1051112614,
1501150738,0.01299523201,-0.1052275686,
1501350758,0.01269837359,-0.1051089142,
1501550777,0.01235455065,-0.1058914365,
1501750797,0.01230732882,-0.1058179865,
1501950817,0.01173829515,-0.1061581725,
1502150837,0.01203981004,-0.1068621394,
1502350856,0.01119866595,-0.1065554447,
1502550876,0.01087885047,-0.1064427522,
1502750896,0.01066786737,-0.1071332738,
1502950916,0.01006291834,-0.1070533824,
1503150935,0.00956024501,-0.1083928811,
1503350955,0.009362999218,-0.1077135576,
1503550975,0.008791050285,-0.1076370616,
1503750995,0.008072314783,-0.1071959653,
1503951014,0.007184755844,-0.1072187097,
1504151034,0.00722504485,-0.1079157297,
1504351054,0.007035311419,-0.1076255496,
1504551074,0.006299505872,-0.1080385451,
1504751093,0.006339905676,-0.1071127063,
1504951113,0.005956613928,-0.1076152167,
1505151133,0.005135474147,-0.1069140352,
1505351153,0.005051865376,-0.1066476098,
1505551172,0.004383062617,-0.106726903,
1505751192,0.003811877236,-0.1060356122,
1505951212,0.003532459874,-0.1053361673,
1506151232,0.003555832875,-0.1048103822,
1506351251,0.003465247198,-0.1047196088,
1506551271,0.003772405672,-0.103943982,
1506751291,0.003614583838,-0.103605084,
1506951311,0.003354672685,-0.1039500182,
1507151331,0.004253479906,-0.1032194833,
1507351350,0.004993199284,-0.1026164331,
1507551370,0.005542176882,-0.1033586561,
1507751390,0.002141919445,-0.1039207518,
1507951410,0.006244464228,-0.1026887782,
1508151429,0.006749787602,-0.1032595756,
1508351449,0.008083759444,-0.1037037766,
1508551469,0.00750586047,-0.1033426998,
1508751489,0.008399110318,-0.1041528523,
1508951508,0.008880880804,-0.1051019695,
1509151528,0.009664960807,-0.105615963,
1509351548,0.009664917735,-0.1069479033,
1509551568,0.01002311839,-0.1071731649,
1509751587,0.01044393481,-0.1085504817,
1509951607,0.009994769835,-0.1096246517,
1510151627,0.0097120824,-0.1107385826,
1510351647,0.009893667168,-0.1118928765,
1510551666,0.009465259815,-0.1127462156,
1510751686,0.009291362128,-0.1138001343,
1510951706,0.008841283783,-0.1150659732,
1511151726,0.008341433956,-0.1154405618,
1511351745,0.007227342971,-0.1163064176,
1511551765,0.006633099453,-0.1175647236,
1511751785,0.00578836313,-0.118647768,
1511951805,0.004695529082,-0.1193301995,
1512151824,0.00374458024,-0.1205725871,
1512351844,0.001789217832,-0.1213956199,
1512551864,0.001387280236,-0.1205763113,
1512751884,-0.0008953491403,-0.1212645981,
1512951903,-0.000730858424,-0.1225675215,
1513151923,-0.001871250159,-0.1219174878,
1513351943,-0.003531899142,-0.1227482485,
1513551963,-0.005064809792,-0.1236197569,
1513751982,-0.006152377041,-0.122497713,
1513952002,-0.006764189195,-0.1226119938,
1514152022,-0.008487515452,-0.1225337612,
1514352042,-0.009968781995,-0.122327419,
1514552061,-0.01160140877,-0.1222073162,
1514752081,-0.01286233777,-0.1224808224,
1514952101,-0.01429017307,-0.1217882304,
1515152121,-0.01519675062,-0.1217294309,
1515352140,-0.01638010696,-0.1208807547,
1515552160,-0.01710766958,-0.1203627096,
1515752180,-0.01789110399,-0.1198463065,
1515952200,-0.0190626643,-0.1194630225,
1516152219,-0.02006831042,-0.1180159698,
1516352239,-0.02096988333,-0.118588284,
1516552259,-0.02196195957,-0.1173075317,
1516752279,-0.0224927077,-0.1163457629,
1516952298,-0.02433785886,-0.1155303541,
1517152318,-0.02528183199,-0.1147026229,
1517352338,-0.02467511485,-0.1140288559,
1517552358,-0.02569411692,-0.1132294713,
1517752377,-0.02604561334,-0.1111170745,
1517952397,-0.02763627631,-0.1113056554,
1518152417,-0.02724385371,-0.109215086,
1518352437,-0.02836987425,-0.1083055519,
1518552456,-0.02823979836,-0.1075052035,
1518752476,-0.02839179897,-0.1064832936,
1518952496,-0.02947796334,-0.1054367312,
1519152516,-0.02950450491,-0.1044882303,
1519352535,-0.03007699285,-0.1025054833,
1519552555,-0.02898630358,-0.1009717851,
1519752575,-0.02821746636,-0.1008415391,
1519952595,-0.02895834238,-0.09927282458,
1520152614,-0.02822293606,-0.09815575695,
1520352634,-0.02825036435,-0.09730645171,
1520552654,-0.02749849243,-0.09611215705,
1520752674,-0.02695836865,-0.09498298826,
1520952693,-0.02552570107,-0.09483342121,
1521152713,-0.02477938559,-0.09461937136,
1521352733,-0.02431255693,-0.09357840133,
1521552753,-0.0236766715,-0.09295371852,
1521752772,-0.02273392886,-0.09332111581,
1521952792,-0.02193800893,-0.09253713703,
1522152812,-0.02081208456,-0.09272038553,
1522352832,-0.02090750421,-0.09184864816,
1522552851,-0.0194751528,-0.09288111694,
1522752871,-0.01911802798,-0.09310138787,
1522952891,-0.01813972935,-0.09319142482,
1523152911,-0.01794748129,-0.09352089923,
1523352930,-0.01683016657,-0.09375218007,
1523552950,-0.0166476049,-0.09492265772,
1523752970,-0.01676689166,-0.09530044818,
1523952990,-0.01667756097,-0.09644667685,
1524153009,-0.01682728472,-0.09683022993,
1524353029,-0.0167570594,-0.09714715832,
1524553049,-0.01755446051,-0.09797080423,
1524753069,-0.01782313289,-0.09852962801,
1524953088,-0.01808918047,-0.09942658764,
1525153108,-0.0183047998,-0.09996096987,
1525353128,-0.0194893197,-0.1004536592,
1525553148,-0.01939019426,-0.09972625944,
1525753167,-0.02097388981,-0.1011998977,
1525953187,-0.02135320227,-0.1003104443,
1526153207,-0.02185617428,-0.1003891227,
1526353227,-0.02350277559,-0.1012000838,
1526553246,-0.023948236,-0.1006294477,
1526753266,-0.02514926339,-0.1002243165,
1526953286,-0.02565991108,-0.09954482936,
1527153306,-0.02720877125,-0.09963830823,
1527353325,-0.02708233274,-0.09925371545,
1527553345,-0.02882722703,-0.09813836589,
1527753365,-0.02896990472,-0.09766960713,
1527953385,-0.02952273922,-0.09695977193,
1528153404,-0.03075036441,-0.09697631703,
1528353424,-0.03055253248,-0.09460591986,
1528553444,-0.03077611648,-0.09444291959,
1528753464,-0.03123114469,-0.09274444203,
1528953483,-0.03172217857,-0.09162152947,
1529153503,-0.03182042992,-0.09096630476,
1529353523,-0.03197814631,-0.08973645027,
1529553543,-0.03194338865,-0.08980280931,
1529753562,-0.03209282767,-0.08870566302,
1529953582,-0.03223134765,-0.087156843,
1530153602,-0.03144038632,-0.08671573332,
1530353622,-0.03112771508,-0.08508554653,
1530553641,-0.03097166838,-0.08495822872,
1530753661,-0.03016136962,-0.08398964375,
1530953681,-0.03016427153,-0.08366377048,
1531153701,-0.02903970381,-0.08333579954,
1531353721,-0.02935874387,-0.08282149214,
1531553740,-0.02846483301,-0.08208603952,
1531753760,-0.02833925029,-0.08184122185,
1531953780,-0.02779488635,-0.08136945276,
1532153800,-0.02712700812,-0.0807804374,
1532353819,-0.02674121053,-0.0807088374,
1532553839,-0.02582768171,-0.0801799162,
1532753859,-0.02562373965,-0.08066433065,
1532953879,-0.02582114675,-0.07943089218,
1533153898,-0.02469938794,-0.08004902568,
1533353918,-0.02449285585,-0.08001106434,
1533553938,-0.0242990306,-0.079567236,
1533753958,-0.02390927017,-0.07975241775,
1533953977,-0.02423771058,-0.07909497288,
1534153997,-0.02410556745,-0.07961890668,
1534354017,-0.02328086946,-0.07954739743,
1534554037,-0.02358709584,-0.07893766841,
1534754056,-0.02327243036,-0.07955384573,
1534954076,-0.02303645261,-0.08000412809,
1535154096,-0.02351613566,-0.07932898337,
1535354116,-0.02336807541,-0.07956116678,
1535554135,-0.02324259511,-0.07928602988,
1535754155,-0.02292214106,-0.0792893994,
1535954175,-0.02363787218,-0.07899691091,
1536154195,-0.0236066297,-0.07857230151,
1536354214,-0.02397749366,-0.07860356704,
1536554234,-0.02396458279,-0.07816239808,
1536754254,-0.02410356179,-0.07776563986,
1536954274,-0.02389672989,-0.07708850451,
1537154293,-0.02412539049,-0.07724810003,
1537354313,-0.02432395281,-0.07653531053,
1537554333,-0.02437340681,-0.07656345664,
1537754353,-0.02403439423,-0.07522294681,
1537954372,-0.02397368929,-0.0750852325,
1538154392,-0.02409235798,-0.07405576314,
1538354412,-0.02354498559,-0.07387088416,
1538554432,-0.02347677422,-0.07302514905,
1538754451,-0.02330513677,-0.07290127284,
1538954471,-0.02285824529,-0.07211817092,
1539154491,-0.02240800951,-0.07155423028,
1539354511,-0.02204514257,-0.07161854398,
1539554530,-0.0217002307,-0.07090564614,
1539754550,-0.02154348746,-0.06982841811,
1539954570,-0.02102866396,-0.06997740771,
1540154590,-0.02049401193,-0.06910034558,
1540354609,-0.02002506658,-0.0690414797,
1540554629,-0.01983507266,-0.06803356472,
1540754649,-0.01899989206,-0.06809772268,
1540954669,-0.0180157573,-0.06777532629,
1541154688,-0.01768155012,-0.06744309323,
1541354708,-0.0167473259,-0.06707442642,
1541554728,-0.01584125454,-0.06672199837,
1541754748,-0.01530024722,-0.06689108428,
1541954767,-0.01408806692,-0.06663442067,
1542154787,-0.01387975676,-0.06649009526,
1542354807,-0.01335369839,-0.06653848618,
1542554827,-0.01222655498,-0.06678331689,
1542754846,-0.01143423539,-0.06659743078,
1542954866,-0.01071092748,-0.06690077723,
1543154886,-0.01074686192,-0.06682298511,
1543354906,-0.009750746055,-0.06706519562,
1543554925,-0.009182612956,-0.06769629307,
1543754945,-0.008584665961,-0.06801571465,
1543954965,-0.007987456081,-0.06843215297,
1544154985,-0.007731740798,-0.06869563122,
1544355004,-0.006779207383,-0.06899131314,
1544555024,-0.005977670238,-0.06928639536,
1544755044,-0.006093482298,-0.06964137409,
1544955064,-0.005839212573,-0.07006987782,
1545155083,-0.005140682624,-0.07112958312,
1545355103,-0.00450551352,-0.07096035171,
1545555123,-0.004521525596,-0.07168011367,
1545755143,-0.004318147652,-0.0724271165,
1545955162,-0.004792913732,-0.07249219933,
1546155182,-0.003936514196,-0.07288963522,
1546355202,-0.004274079077,-0.07341783944,
1546555222,-0.004669346635,-0.07437463821,
1546755241,-0.004045167762,-0.07513242247,
1546955261,-0.004252921306,-0.07571526471,
1547155281,-0.004030972026,-0.07590705465,
1547355301,-0.004450301014,-0.07674757028,
1547555320,-0.004191533187,-0.07741965947,
1547755340,-0.004434994276,-0.07741315999,
1547955360,-0.005221213012,-0.07804795357,
1548155380,-0.005059937554,-0.07826222867,
1548355399,-0.005493690129,-0.07816309693,
1548555419,-0.006132022045,-0.07958703009,
1548755439,-0.006515735419,-0.07995893677,
1548955459,-0.007154812603,-0.07975956819,
1549155478,-0.007569228488,-0.08001660243,
1549355498,-0.007858701648,-0.07995611924,
1549555518,-0.00888994455,-0.08049770542,
1549755538,-0.009283580541,-0.08017918728,
1549955557,-0.01052704819,-0.07978671498,
1550155577,-0.01127344018,-0.07971029953,
1550355597,-0.0115524853,-0.08007142958,
1550555617,-0.01174013408,-0.07985464975,
1550755636,-0.01248384739,-0.07861651316,
1550955656,-0.01304229589,-0.07841405516,
1551155676,-0.01349127091,-0.07836047955,
1551355696,-0.0136224342,-0.07734561207,
1551555715,-0.01405130031,-0.07708498621,
1551755735,-0.01420478764,-0.07633037592,
1551955755,-0.01472840458,-0.07594588523,
1552155775,-0.01547706811,-0.07541383144,
1552355794,-0.01542781303,-0.07465469082,
1552555814,-0.01535950063,-0.07456756235,
1552755834,-0.01529007977,-0.07351194319,
1552955854,-0.015417938,-0.07265509372,
1553155873,-0.01582618643,-0.07173523986,
1553355893,-0.01560274301,-0.0706665001,
1553555913,-0.01573962229,-0.07040060546,
1553755933,-0.01609058496,-0.06984678394,
1553955952,-0.01533590412,-0.06842383601,
1554155972,-0.01590294528,-0.06775567372,
1554355992,-0.01576055322,-0.06678003562,
1554556012,-0.01522403902,-0.06625731065,
1554756031,-0.01465404483,-0.06515557492,
1554956051,-0.01422325379,-0.0639541165,
1555156071,-0.01424411189,-0.06354369725,
1555356091,-0.01314093552,-0.06188023418,
1555556110,-0.01240709633,-0.06116767915,
1555756130,-0.01240716836,-0.06027623047,
1555956150,-0.01145088293,-0.05916274638,
1556156170,-0.01061649596,-0.05818969456,
1556356190,-0.01035304794,-0.05780987851,
1556556209,-0.008604314019,-0.05664723738,
1556756229,-0.008577011213,-0.05587360303,
1556956249,-0.00701126684,-0.0546643902,
1557156269,-0.005947131144,-0.05408391191,
1557356288,-0.004515754596,-0.05264444729,
1557556308,-0.003495277465,-0.05281055115,
1557756328,-0.001426839125,-0.05190463401,
1557956348,0.0002274777163,-0.05118948799,
1558156367,0.002140194142,-0.05015031603,
1558356387,0.004329670948,-0.04984440451,
1558556407,0.006561944177,-0.05010569226,
1558756427,0.009001530892,-0.05031497685,
1558956446,0.01110695675,-0.05097999589,
1559156466,0.01327038548,-0.05155814132,
1559356486,0.01468650669,-0.05277529708,
1559556506,0.01735462884,-0.05360741815,
1559756525,0.01871864173,-0.05540508357,
1559956545,0.02055231549,-0.05728226519,
1560156565,0.02219296028,-0.05864459212,
1560356585,0.02336310512,-0.06026263559,
1560556604,0.02445110504,-0.06211915079,
1560756624,0.02544880043,-0.06397813054,
1560956644,0.02622318753,-0.0657805931,
1561156664,0.02650071543,-0.06794273864,
1561356683,0.02684083319,-0.0700280527,
1561556703,0.02717640792,-0.07216865966,
1561756723,0.02757382062,-0.07400032163,
1561956743,0.02672703462,-0.07617689561,
1562156762,0.02666724617,-0.07794587587,
1562356782,0.02631644585,-0.07988101964,
1562556802,0.02584794626,-0.08076320838,
1562756822,0.02567638057,-0.08292294441,
1562956841,0.02483872706,-0.08394297575,
1563156861,0.0239141449,-0.08524165337,
1563356881,0.02255122832,-0.08703768007,
1563556901,0.02215581707,-0.0872495549,
1563756920,0.02056093269,-0.08884481063,
1563956940,0.02001560994,-0.08921608868,
1564156960,0.01910412018,-0.09000004685,
1564356980,0.01833117874,-0.09112379292,
1564556999,0.01704343901,-0.09092520911,
1564757019,0.01646861572,-0.09150686069,
1564957039,0.01554776281,-0.09127856265,
1565157059,0.01467548915,-0.09258765547,
1565357078,0.01371161883,-0.09198858746,
1565557098,0.01341604645,-0.09197629724,
1565757118,0.01201478488,-0.09206095844,
1565957138,0.01195458905,-0.09209252347,
1566157157,0.01133314737,-0.09168880561,
1566357177,0.01081667847,-0.09191436725,
1566557197,0.01059549323,-0.09179991312,
1566757217,0.009426231055,-0.09197711839,
1566957236,0.009603487945,-0.09162033936,
1567157256,0.009470324658,-0.0916752532,
1567357276,0.009319441329,-0.09176030347,
1567557296,0.009326474844,-0.09200306336,
1567757315,0.00882324177,-0.09117192193,
1567957335,0.008769917451,-0.0918360855,
1568157355,0.008229950363,-0.09189384502,
1568357375,0.008178473124,-0.09175492098,
1568557394,0.008045803755,-0.09204472433,
1568757414,0.00829878713,-0.0918936931,
1568957434,0.007953243859,-0.0922652558,
1569157454,0.007822768067,-0.09263354794,
1569357473,0.007968675278,-0.09267733543,
1569557493,0.007423671846,-0.09310465246,
1569757513,0.00779478376,-0.09316923711,
1569957533,0.007721426316,-0.09348723085,
1570157552,0.006981157008,-0.09392861884,
1570357572,0.006309528293,-0.09388603985,
1570557592,0.005978079382,-0.09460573653,
1570757612,0.005951135532,-0.09481133679,
1570957631,0.004442347267,-0.095411167,
1571157651,0.004201999627,-0.09455006533,
1571357671,0.003469133974,-0.09522904937,
1571557691,0.002908793022,-0.09532894744,
1571757710,0.002663239587,-0.09475978123,
1571957730,0.00219362579,-0.09459502925,
1572157750,0.001292215439,-0.09488551861,
1572357770,0.0006371912124,-0.09482322204,
1572557789,0.0004700312145,-0.09396857392,
1572757809,-0.0003363330281,-0.09372765951,
1572957829,-0.0004193553553,-0.0934057448,
1573157849,-0.0009424579902,-0.09270385084,
1573357868,-0.0007898241903,-0.09266810505,
1573557888,-0.00130987726,-0.09158757244,
1573757908,-0.001313264689,-0.09122822098,
1573957928,-0.001028434568,-0.09080869625,
1574157947,-0.001488474227,-0.09041298509,
1574357967,-0.0005150801395,-0.08926417228,
1574557987,-0.0004604051407,-0.08921735472,
1574758007,-0.0004479080195,-0.08946469576,
1574958026,0.0001400490927,-0.08994102663,
1575158046,0.0003934258595,-0.08910574824,
1575358066,0.0001586553227,-0.08905731278,
1575558086,0.000967732472,-0.08877828981,
1575758105,0.001371940991,-0.08878697401,
1575958125,0.001649974383,-0.08920372232,
1576158145,0.001337126677,-0.08910541038,
1576358165,0.001598981467,-0.08958256331,
1576558184,0.001866776197,-0.09012233962,
1576758204,0.001839110831,-0.09028751122,
1576958224,0.001429032475,-0.09065118112,
1577158244,0.002135148774,-0.09066606254,
1577358263,0.001467161324,-0.09125597483,
1577558283,0.001186792375,-0.09175496815,
1577758303,0.0005174514727,-0.0916404146,
1577958323,0.00066747487,-0.0920557024,
1578158342,0.000171273059,-0.09211577952,
1578358362,-0.0008579213115,-0.09158790391,
1578558382,-0.001296036916,-0.092208839,
1578758402,-0.002240397358,-0.09149739788,
1578958421,-0.002632061253,-0.09099869902,
1579158441,-0.002871421517,-0.09083369461,
1579358461,-0.003463909281,-0.09048636782,
1579558481,-0.002459626022,-0.08967883108,
1579758500,-0.003910444722,-0.08890833359,
1579958520,-0.003779326115,-0.08871948229,
1580158540,-0.003267778864,-0.0877187824,
1580358560,-0.003884495969,-0.08708871763,
1580558580,-0.003099645494,-0.08624871145,
1580758599,-0.003375556756,-0.08554738992,
1580958619,-0.00263031786,-0.08494282284,
1581158639,-0.002217145994,-0.08469213772,
1581358659,-0.001975941883,-0.08444561837,
1581558678,-0.0007460509697,-0.08343291204,
1581758698,-0.000250820133,-0.08268547153,
1581958718,0.0001360937466,-0.08300106696,
1582158738,0.001346312658,-0.08255721336,
1582358757,0.002546563583,-0.08218840784,
1582558777,0.002604677918,-0.08238923249,
1582758797,0.004383220265,-0.0823578446,
1582958817,0.004722456523,-0.08241316782,
1583158836,0.005768897308,-0.08291719567,
1583358856,0.006950669825,-0.08338050959,
1583558876,0.007725798806,-0.0835629869,
1583758896,0.008864485083,-0.08424956247,
1583958915,0.009544642068,-0.08507825484,
1584158935,0.01036900242,-0.08591114456,
1584358955,0.01077718179,-0.08674975078,
1584558975,0.01166031844,-0.08828853617,
1584758994,0.01225680948,-0.08919751629,
1584959014,0.01267755619,-0.08950806914,
1585159034,0.01300211022,-0.09090208134,
1585359054,0.01251852572,-0.0927308939,
1585559073,0.01262429694,-0.09346401862,
1585759093,0.01299982395,-0.09536752624,
1585959113,0.01328464111,-0.09679534557,
1586159133,0.01162003295,-0.09763388647,
1586359152,0.01171106327,-0.09853882962,
1586559172,0.01080266432,-0.1005829765,
1586759192,0.0103102079,-0.1007125938,
1586959212,0.009160215944,-0.1023575866,
1587159231,0.008709114058,-0.1032789661,
1587359251,0.007530457283,-0.1041251248,
1587559271,0.006394846973,-0.1045068379,
1587759291,0.004950664933,-0.1051593454,
1587959310,0.003915395374,-0.1054684727,
1588159330,0.002110844665,-0.105763432,
1588359350,0.001263160245,-0.106108153,
1588559370,0.0001157957719,-0.1062630595,
1588759389,-0.001685481726,-0.1062303229,
1588959409,-0.002449485949,-0.106494589,
1589159429,-0.003280812998,-0.1055668544,
1589359449,-0.005354047675,-0.105413361,
1589559468,-0.006743934736,-0.1050169888,
1589759488,-0.007363047733,-0.1046023926,
1589959508,-0.008143480642,-0.1041849425,
1590159528,-0.008797840817,-0.1032355153,
1590359547,-0.009841819748,-0.1021750658,
1590559567,-0.01069054915,-0.1020242645,
1590759587,-0.01200567874,-0.1007212952,
1590959607,-0.01209958945,-0.09987707917,
1591159626,-0.0128170078,-0.09953421654,
1591359646,-0.01283882181,-0.09826358194,
1591559666,-0.0131296776,-0.09705918398,
1591759686,-0.01339245162,-0.09597653475,
1591959705,-0.01355749233,-0.09511661522,
1592159725,-0.01369916531,-0.09471532478,
1592359745,-0.01372358853,-0.09343261384,
1592559765,-0.01374953035,-0.0919547903,
1592759784,-0.01330248305,-0.09137715636,
1592959804,-0.01354107462,-0.09093747934,
1593159824,-0.01317611865,-0.08978471376,
1593359844,-0.01253470102,-0.08960050352,
1593559863,-0.01243774579,-0.08861397647,
1593759883,-0.01145831375,-0.08758287525,
1593959903,-0.01104341171,-0.08683301479,
1594159923,-0.0107442662,-0.08669175078,
1594359942,-0.01005443249,-0.08619370262,
1594559962,-0.009722082277,-0.08595495391,
1594759982,-0.009090204594,-0.08565861322,
1594960002,-0.007952444202,-0.08494597423,
1595160021,-0.007583465714,-0.08491037698,
1595360041,-0.006663930074,-0.08454813797,
1595560061,-0.006537072648,-0.08487790053,
1595760081,-0.005970530511,-0.08470572653,
1595960100,-0.005429492461,-0.08466909923,
1596160120,-0.004994075664,-0.08484228795,
1596360140,-0.004368787796,-0.08507534966,
1596560160,-0.00348031102,-0.08469716624,
1596760179,-0.003327705891,-0.08500816711,
1596960199,-0.002789849339,-0.0854120917,
1597160219,-0.001999110768,-0.08561538373,
1597360239,-0.00241245243,-0.08679076794,
1597560258,-0.001551852332,-0.08666939088,
1597760278,-0.001941044449,-0.08679254741,
1597960298,-0.001745809262,-0.08728490977,
1598160318,-0.001492329172,-0.08773290936,
1598360337,-0.001446168037,-0.08819766213,
1598560357,-0.001547177132,-0.08818764581,
1598760377,-0.001028617167,-0.08867573356,
1598960397,-0.001266534843,-0.08990507014,
1599160416,-0.001273721499,-0.09023500713,
1599360436,-0.001627647737,-0.09009622161,
1599560456,-0.002241930329,-0.0905002855,
1599760476,-0.001969196143,-0.09059777355,
1599960495,-0.003002272775,-0.09111834318,
1600160515,-0.00305757388,-0.09165918025,
1600360535,-0.003587927645,-0.09089913617,
1600560555,-0.004066260933,-0.09123300101,
1600760574,-0.004097668966,-0.09090049415,
1600960594,-0.004291229886,-0.09145371635,
1601160614,-0.004893752456,-0.09105971189,
1601360634,-0.005210710657,-0.09084229675,
1601560653,-0.005331840347,-0.09062712139,
1601760673,-0.005456221366,-0.09019758131,
1601960693,-0.005850244504,-0.08994458021,
1602160713,-0.006360342547,-0.08989032461,
1602360732,-0.006621452761,-0.08927238282,
1602560752,-0.006465453667,-0.08847174773,
1602760772,-0.006119032611,-0.08831036544,
1602960792,-0.006420068437,-0.08860169285,
1603160811,-0.006542120325,-0.08798798025,
1603360831,-0.006143088349,-0.0872114324,
1603560851,-0.006321717993,-0.08732658648,
1603760871,-0.00623073505,-0.08699619348,
1603960890,-0.005804915181,-0.08718276685,
1604160910,-0.005740894626,-0.08678931021,
1604360930,-0.005529080282,-0.08627192843,
1604560950,-0.005373447531,-0.08632895956,
1604760969,-0.005077761167,-0.08634182762,
1604960989,-0.005202277661,-0.08653538991,
1605161009,-0.005374158432,-0.08594246566,
1605361029,-0.005115322391,-0.086250668,
1605561049,-0.005169690092,-0.08648113161,
1605761068,-0.005107967907,-0.08603300686,
1605961088,-0.005197127878,-0.08582165462,
1606161108,-0.005247443235,-0.0858142995,
1606361128,-0.005130543852,-0.08529819733,
1606561147,-0.005520516477,-0.08540934369,
1606761167,-0.005282508409,-0.08529798014,
1606961187,-0.005266868567,-0.08522696377,
1607161207,-0.005095623437,-0.08517083712,
1607361226,-0.005529467025,-0.08438095298,
1607561246,-0.004627584703,-0.0837420823,
1607761266,-0.005751030053,-0.0836859183,
1607961286,-0.00509597332,-0.08288795604,
1608161305,-0.004831574822,-0.08241659238,
1608361325,-0.00522036916,-0.08237850661,
1608561345,-0.004722716123,-0.08197053532,
1608761365,-0.00442413235,-0.08125789871,
1608961384,-0.00411084135,-0.08073913762,
1609161404,-0.003356200413,-0.08052568265,
1609361424,-0.002864440942,-0.0800508346,
1609561444,-0.002640738539,-0.07898105631,
1609761463,-0.002037155042,-0.07956999582,
1609961483,-0.0008988064753,-0.07921082767,
1610161503,-0.0007131312949,-0.07851291006,
1610361523,0.0004377791235,-0.07888146136,
1610561542,0.0005285538029,-0.07860006585,
1610761562,0.00122389638,-0.07867277372,
1610961582,0.002070274009,-0.07858312488,
1611161602,0.002426326157,-0.07854491834,
1611361621,0.003527104426,-0.07925511145,
1611561641,0.00341557964,-0.07984875268,
1611761661,0.004644230763,-0.08007599116,
1611961681,0.00468859462,-0.08053139838,
1612161700,0.005286774619,-0.08050025352,
1612361720,0.005151069877,-0.08080817661,
1612561740,0.005255320559,-0.08190668076,
1612761760,0.00589592,-0.08162770835,
1612961779,0.006531327252,-0.0819140097,
1613161799,0.00612485294,-0.08227438909,
1613361819,0.00615235648,-0.08244334868,
1613561839,0.006516672676,-0.08271788958,
1613761858,0.00661201578,-0.082825629,
1613961878,0.006344833077,-0.08277265815,
1614161898,0.006531355768,-0.08319504798,
1614361918,0.006772582321,-0.08288770991,
1614561937,0.006528319445,-0.08280976115,
1614761957,0.006880180964,-0.08286620676,
1614961977,0.007513331169,-0.08288389185,
1615161997,0.007307725904,-0.0833031808,
1615362016,0.008696175936,-0.08232063415,
1615562036,0.008525555436,-0.08243356716,
1615762056,0.009118771589,-0.08239966781,
1615962076,0.009472906344,-0.08244070402,
1616162095,0.01063101397,-0.08236678152,
1616362115,0.01048770976,-0.08222258816,
1616562135,0.01143438393,-0.08280399554,
1616762155,0.01200363703,-0.08301622405,
1616962174,0.01259440658,-0.08324987588,
1617162194,0.01333636064,-0.08368162772,
1617362214,0.01337505726,-0.08414823895,
1617562234,0.01426645486,-0.08463096047,
1617762253,0.01460024157,-0.08512271043,
1617962273,0.01488234302,-0.08541719165,
1618162293,0.01605578026,-0.08659113222,
1618362313,0.01616066153,-0.08697860984,
1618562332,0.0164080942,-0.08778073077,
1618762352,0.01671996827,-0.08854490026,
1618962372,0.01708624168,-0.08943083492,
1619162392,0.01773222781,-0.0899062428,
1619362411,0.01784591933,-0.09082168035,
1619562431,0.01822227277,-0.09140658289,
1619762451,0.01821752318,-0.0921074219,
1619962471,0.01746881079,-0.09302954566,
1620162490,0.01841783855,-0.09369728606,
1620362510,0.01783636932,-0.09471781969,
1620562530,0.01820051209,-0.09532137953,
1620762550,0.01768366002,-0.09579202087,
1620962569,0.01785903715,-0.09657130722,
1621162589,0.01773280867,-0.09761327744,
1621362609,0.01726323529,-0.09827630351,
1621562629,0.01715615315,-0.09940543569,
1621762648,0.01672447849,-0.09994784166,
1621962668,0.01620120815,-0.100276063,
1622162688,0.01586061576,-0.1017463621,
1622362708,0.0163235852,-0.1023716363,
1622562727,0.01526415206,-0.1025520577,
1622762747,0.01518914214,-0.1027718398,
1622962767,0.01404834538,-0.1033127483,
1623162787,0.01386725934,-0.1041075444,
1623362806,0.01327119432,-0.1049921945,
1623562826,0.01233929955,-0.1050662205,
1623762846,0.01165705107,-0.105037171,
1623962866,0.01092766683,-0.1050875384,
1624162885,0.01014797918,-0.1054514089,
1624362905,0.00952123856,-0.1056167171,
1624562925,0.008677985019,-0.1062393113,
1624762945,0.008566037338,-0.1061867349,
1624962964,0.00782021368,-0.1058242317,
1625162984,0.006969934789,-0.1051793396,
1625363004,0.007000338297,-0.1060628125,
1625563024,0.006348084957,-0.1052638737,
1625763043,0.005508943613,-0.1048497534,
1625963063,0.005619139264,-0.1046768988,
1626163083,0.00608850325,-0.1047490485,
1626363103,0.005377369179,-0.1041512058,
1626563122,0.005547698167,-0.1034168827,
1626763142,0.005460785782,-0.1045342913,
1626963162,0.004883484809,-0.1042422507,
1627163182,0.005311724385,-0.1036795489,
1627363201,0.005345108957,-0.1043091557,
1627563221,0.005668549177,-0.103965253,
1627763241,0.00537919939,-0.1041869616,
1627963261,0.005571154405,-0.1039400517,
1628163280,0.005658983517,-0.1039595778,
1628363300,0.005622528356,-0.1041576669,
1628563320,0.005501586649,-0.1046666455,
1628763340,0.005301400486,-0.1051147474,
1628963359,0.005371771805,-0.1052406335,
1629163379,0.005222332698,-0.1060510178,
1629363399,0.004922795529,-0.1060501284,
1629563419,0.004451674306,-0.1070043746,
1629763438,0.003530831273,-0.1066003186,
1629963458,0.002872823828,-0.1068863237,
1630163478,0.003014339151,-0.1067139699,
1630363498,0.002215457257,-0.106848779,
1630563518,0.001610108504,-0.106423369,
1630763537,0.001281340118,-0.1073956329,
1630963557,0.0009564450735,-0.1070653525,
1631163577,0.0002042294925,-0.1066984236,
1631363597,-0.0001487720044,-0.1066237382,
1631563616,-0.001399055804,-0.1061495291,
1631763636,-0.0007456862362,-0.1056348891,
1631963656,-0.001228606773,-0.105093302,
1632163676,-0.001431071282,-0.1046962136,
1632363695,-0.002163099614,-0.1045064133,
1632563715,-0.001634468023,-0.1029658903,
1632763735,-0.001752042081,-0.1031763311,
1632963755,-0.002179521369,-0.1022242976,
1633163774,-0.00133906296,-0.1022966909,
1633363794,-0.001581611469,-0.1016323237,
1633563814,-0.001082947694,-0.101061602,
1633763834,-0.001260983977,-0.1006648701,
1633963853,-0.0004014350729,-0.1006070832,
1634163873,-0.0004069295569,-0.09992780342,
1634363893,0.0002632572106,-0.09949829226,
1634563913,0.001407873203,-0.09974741629,
1634763932,0.001801690121,-0.100108093,
1634963952,0.00221185122,-0.09977502694,
1635163972,0.002607437959,-0.1000113777,
1635363992,0.003197399118,-0.1002479844,
1635564011,0.003816237871,-0.1004660955,
1635764031,0.004247246519,-0.1004090179,
1635964051,0.004635200351,-0.1010535383,
1636164071,0.004868010655,-0.1015692013,
1636364090,0.005636616595,-0.1022583469,
1636564110,0.006169031356,-0.1025405886,
1636764130,0.006537906062,-0.1031626856,
1636964150,0.006689600941,-0.1037099378,
1637164169,0.007001829286,-0.1049061366,
1637364189,0.007214816315,-0.105519276,
1637564209,0.007127021204,-0.1062703349,
1637764229,0.006884097182,-0.1066330758,
1637964248,0.006344105718,-0.1072584292,
1638164268,0.00632486474,-0.1083993981,
1638364288,0.005741532855,-0.1092149517,
1638564308,0.0059504222,-0.1102408301,
1638764327,0.005021031521,-0.110646202,
1638964347,0.004690134385,-0.1117074907,
1639164367,0.004004164818,-0.1122081191,
1639364387,0.004096799531,-0.1129741463,
1639564406,0.003450542293,-0.1134320919,
1639764426,0.002776749575,-0.1142699245,
1639964446,0.001420718808,-0.1149455155,
1640164466,0.001215161761,-0.1151274144,
1640364485,6.590423804e-06,-0.1155831221,
1640564505,-0.0008737440683,-0.1160254596,
1640764525,-0.002131495672,-0.1165120206,
1640964545,-0.003090933703,-0.1160224888,
1641164564,-0.003887931372,-0.1167502036,
1641364584,-0.004721471873,-0.1164692875,
1641564604,-0.005845288427,-0.1164819009,
1641764624,-0.007169323932,-0.1166133273,
1641964643,-0.008085893541,-0.1165177768,
1642164663,-0.008088340904,-0.1163474491,
1642364683,-0.009969122692,-0.1159623613,
1642564703,-0.01094343133,-0.1150861712,
1642764722,-0.0120572196,-0.1154492859,
1642964742,-0.0131995959,-0.1146962597,
1643164762,-0.01331335174,-0.113562807,
1643364782,-0.01476107413,-0.1135574872,
1643564801,-0.01494791616,-0.1125524923,
1643764821,-0.01583672529,-0.1118868055,
1643964841,-0.0169731258,-0.1111762254,
1644164861,-0.01703126356,-0.1096281194,
1644364880,-0.01735947051,-0.1087295538,
1644564900,-0.01850511872,-0.1079742049,
1644764920,-0.0187682614,-0.1066627277,
1644964940,-0.01871560593,-0.1057129775,
1645164959,-0.01918504853,-0.1050524759,
1645364979,-0.01882853967,-0.1032218317,
1645564999,-0.01864184796,-0.1029940607,
1645765019,-0.01907672689,-0.1015907759,
1645965038,-0.01897787036,-0.100379621,
1646165058,-0.018232788,-0.09954519844,
1646365078,-0.01821698728,-0.09894497566,
1646565098,-0.01765065697,-0.0980312947,
1646765117,-0.0171068954,-0.09707185952,
1646965137,-0.01722317768,-0.09625301622,
1647165157,-0.01683736706,-0.09530660074,
1647365177,-0.01623437663,-0.09542038834,
1647565196,-0.01512987604,-0.09425344793,
1647765216,-0.01470067016,-0.09352240451,
1647965236,-0.01374235806,-0.09330372525,
1648165256,-0.01342638167,-0.09274698351,
1648365275,-0.01251382633,-0.09178666449,
1648565295,-0.01205912606,-0.09181187025,
1648765315,-0.01085317789,-0.0910107175,
1648965335,-0.01045581387,-0.09116135166,
1649165354,-0.009795716708,-0.09121247723,
1649365374,-0.008170906887,-0.09052272227,
1649565394,-0.00762259744,-0.09055077076,
1649765414,-0.006879217223,-0.09055892976,
1649965433,-0.00583222885,-0.09077728507,
1650165453,-0.005336592782,-0.09095620298,
1650365473,-0.004914482362,-0.09134622523,
1650565493,-0.003902764664,-0.09138193699,
1650765512,-0.002998981407,-0.09181284587,
1650965532,-0.002886590118,-0.09219881996,
1651165552,-0.002286543802,-0.09252396408,
1651365572,-0.001743951894,-0.09247413438,
1651565591,-0.001625035146,-0.09332564053,
1651765611,-0.000643023781,-0.09423150285,
1651965631,-0.0003237176922,-0.09468810648,
1652165651,3.091760119e-06,-0.09518161275,
1652365670,0.0003760261988,-0.09517060461,
1652565690,0.0006069732782,-0.09575088722,
1652765710,0.0007246786703,-0.09627324651,
1652965730,0.0006558992997,-0.0969740171,
1653165749,0.000739517626,-0.09712361872,
1653365769,0.0009055036252,-0.09755102037,
1653565789,0.001109807562,-0.09810049475,
1653765809,0.001329403563,-0.09846675832,
1653965828,0.001171115496,-0.09865939941,
1654165848,0.00096595466,-0.09913467965,
1654365868,0.001313312021,-0.09933184258,
1654565888,0.001257861385,-0.09997627054,
1654765908,0.001017827002,-0.100667458,
1654965927,0.0008000153208,-0.1010778927,
1655165947,0.0008733453694,-0.1014925781,
1655365967,0.001248473199,-0.1012433153,
1655565987,0.0008390824333,-0.1020432208,
1655766006,8.267119462e-05,-0.1026928588,
1655966026,0.0005581230184,-0.1026621584,
1656166046,0.0003381189092,-0.1033260808,
1656366066,0.0001342349049,-0.1038454375,
1656566085,-0.0004410625124,-0.1039495727,
1656766105,-0.0002857989048,-0.1041795378,
1656966125,-0.00127709746,-0.1049288322,
1657166145,-0.001095984972,-0.1048042501,
1657366164,-0.00167138912,-0.105015621,
1657566184,-0.002519970951,-0.1056642487,
1657766204,-0.00272367002,-0.1055862173,
1657966224,-0.003152951891,-0.1056165421,
1658166243,-0.003442653914,-0.105351084,
1658366263,-0.003848018635,-0.1052745509,
1658566283,-0.004465003708,-0.1052806471,
1658766303,-0.004618177593,-0.1047532179,
1658966322,-0.005342417412,-0.1053636037,
1659166342,-0.005845327511,-0.1046336014,
1659366362,-0.006204778569,-0.1046628469,
1659566382,-0.006266614723,-0.1041476225,
1659766401,-0.006204047502,-0.1039071096,
1659966421,-0.00671621445,-0.1035445386,
1660166441,-0.006677040923,-0.1029417642,
1660366461,-0.007406465303,-0.1026678372,
1660566480,-0.007320616967,-0.1017170535,
1660766500,-0.007188880715,-0.1016844474,
1660966520,-0.006633546582,-0.1015860846,
1661166540,-0.006532787278,-0.1010354353,
1661366559,-0.006776590571,-0.1002174234,
1661566579,-0.005763744614,-0.1002986372,
1661766599,-0.005705517038,-0.09979805308,
1661966619,-0.005150176196,-0.09917667386,
1662166638,-0.005030763035,-0.0991478321,
1662366658,-0.005029050463,-0.09958832269,
1662566678,-0.003856518326,-0.09889317565,
1662766698,-0.003351604002,-0.09917551699,
1662966717,-0.003142155955,-0.0995257983,
1663166737,-0.002376517945,-0.0993771288,
1663366757,-0.001706976912,-0.09876103516,
1663566777,-0.001389158202,-0.09977833386,
1663766796,-0.001355757226,-0.1000996287,
1663966816,-0.0006192734424,-0.1002580809,
1664166836,-0.0002458287753,-0.1000225405,
1664366856,8.25322793e-05,-0.1007829677,
1664566875,0.0002772768283,-0.1010884579,
1664766895,0.0004605139336,-0.1019481554,
1664966915,0.0005117138052,-0.1025944913,
1665166935,0.001375842992,-0.1027413399,
1665366954,0.001280730295,-0.1036317018,
1665566974,0.001281628533,-0.1041575433,
1665766994,0.0007455340937,-0.1047921177,
1665967014,0.0008009468458,-0.1052926328,
1666167033,0.0009118496234,-0.1058027298,
1666367053,0.00101062688,-0.1065877882,
1666567073,0.0006386140458,-0.1072918802,
1666767093,0.0004990862535,-0.1078656359,
1666967112,-0.0005161670165,-0.1083528235,
1667167132,-0.0005694249018,-0.1084769819,
1667367152,-0.001295979176,-0.1089226698,
1667567172,-0.001700143411,-0.1094291155,
1667767191,-0.002137227755,-0.1100692325,
1667967211,-0.002917455351,-0.1103023079,
1668167231,-0.003393085706,-0.1108717428,
1668367251,-0.004909816064,-0.1102369157,
1668567270,-0.004734885322,-0.1111443455,
1668767290,-0.005094344608,-0.1106305975,
1668967310,-0.005793395313,-0.1104777749,
1669167330,-0.006997141267,-0.1103246128,
1669367349,-0.007534668355,-0.1105031223,
1669567369,-0.007493194552,-0.1096286934,
1669767389,-0.007894687551,-0.1098188196,
1669967409,-0.008578105378,-0.1094808697,
1670167428,-0.008625624423,-0.1086770796,
1670367448,-0.008828113917,-0.1085981187,
1670567468,-0.009354338534,-0.1082095397,
1670767488,-0.009488707561,-0.1081318221,
1670967507,-0.00968956753,-0.1074347096,
1671167527,-0.009358790659,-0.1071745959,
1671367547,-0.009852346515,-0.107323822,
1671567567,-0.009603965066,-0.1069728676,
1671767586,-0.009535256015,-0.1062094146,
1671967606,-0.009734378509,-0.1062947127,
1672167626,-0.01008707438,-0.1056227151,
1672367646,-0.009984866399,-0.1056059332,
1672567665,-0.0103588465,-0.1051814159,
1672767685,-0.009995702922,-0.104898558,
1672967705,-0.009503507323,-0.1045083199,
1673167725,-0.009807202459,-0.1038976631,
1673367744,-0.009653937222,-0.1037088552,
1673567764,-0.009471926983,-0.1033791499,
1673767784,-0.009781905312,-0.1029371127,
1673967804,-0.009032272379,-0.1023341248,
1674167823,-0.008725844683,-0.1024011474,
1674367843,-0.008520843559,-0.1016003018,
1674567863,-0.007812829625,-0.1015214288,
1674767883,-0.007200749188,-0.1013881767,
1674967902,-0.007021540596,-0.101568987,
1675167922,-0.006162845299,-0.1008049986,
1675367942,-0.005200469695,-0.1009249531,
1675567962,-0.00473664198,-0.1009871023,
1675767981,-0.004058828677,-0.1009956734,
1675968001,-0.00348640618,-0.1016279153,
1676168021,-0.002630686638,-0.1021133575,
1676368041,-0.00215362462,-0.1024730763,
1676568060,-0.001853160272,-0.1025398168,
1676768080,-0.0006915946031,-0.1033088474,
1676968100,-0.0009809756421,-0.103829163,
1677168120,-0.000185975499,-0.1046185241,
1677368139,0.0005081201072,-0.1053336375,
1677568159,0.0008070642933,-0.1062418205,
1677768179,0.0007551857358,-0.1070052539,
1677968199,0.001264310921,-0.1081165075,
1678168218,0.001167989727,-0.1088239769,
1678368238,0.001163208608,-0.1097393964,
1678568258,0.001039866984,-0.1109366565,
1678768278,0.001176232592,-0.1117137091,
1678968297,0.000327686213,-0.112827911,
1679168317,0.0006547911704,-0.1137777276,
1679368337,8.773491288e-05,-0.114653769,
1679568357,-0.0009856634077,-0.1153093236,
1679768377,-0.00107613813,-0.116839426,
1679968396,-0.001783477774,-0.117052145,
1680168416,-0.00290083785,-0.1184424823,
1680368436,-0.003847233577,-0.1181366109,
1680568456,-0.005165893791,-0.1189107217,
1680768475,-0.00587800233,-0.11908494,
1680968495,-0.006496252282,-0.1201459322,
1681168515,-0.007454420053,-0.1202351525,
1681368535,-0.009078989198,-0.1205646044,
1681568554,-0.009528303896,-0.120610748,
1681768574,-0.01098783362,-0.1208701774,
1681968594,-0.01188823317,-0.1207953763,
1682168614,-0.01322175513,-0.1207516246,
1682368633,-0.01409430297,-0.1203804457,
1682568653,-0.01476657209,-0.1202156351,
1682768673,-0.01576386508,-0.1193807767,
1682968693,-0.01646940714,-0.1189522503,
1683168712,-0.01673328535,-0.1186167464,
1683368732,-0.017643523,-0.1180383892,
1683568752,-0.01790926865,-0.1178269935,
1683768772,-0.01769547182,-0.1170815216,
1683968791,-0.01857946795,-0.1164637783,
1684168811,-0.01926500212,-0.1162595098,
1684368831,-0.01929259029,-0.1158693288,
1684568851,-0.01902799421,-0.1155956037,
1684768870,-0.01944494978,-0.1152259053,
1684968890,-0.02001740699,-0.115181153,
1685168910,-0.02023721415,-0.1152554085,
1685368930,-0.02022287572,-0.1151922332,
1685568949,-0.01991602626,-0.1147534967,
1685768969,-0.02111912707,-0.1156318021,
1685968989,-0.02072524529,-0.1152838415,
1686169009,-0.02140111747,-0.1149372473,
1686369028,-0.02159745065,-0.1155811673,
1686569048,-0.02231794477,-0.1153311601,
1686769068,-0.0226349582,-0.1154626725,
1686969088,-0.02366327724,-0.115510475,
1687169107,-0.02436193634,-0.1151462311,
1687369127,-0.02528660472,-0.1149605338,
1687569147,-0.02610314206,-0.1149338866,
1687769167,-0.02662877638,-0.1148864317,
1687969186,-0.027943312,-0.1148285626,
1688169206,-0.02888148823,-0.1139826467,
1688369226,-0.02976972487,-0.1139152447,
1688569246,-0.0305749056,-0.1124814444,
1688769265,-0.03177356896,-0.1120077539,
1688969285,-0.03187409925,-0.1109237452,
1689169305,-0.03280440059,-0.1101614011,
1689369325,-0.03370894422,-0.1088614906,
1689569344,-0.03396482162,-0.107832939,
1689769364,-0.03463977094,-0.1066924977,
1689969384,-0.03516681825,-0.1054927039,
1690169404,-0.03514831129,-0.1045599753,
1690369423,-0.03583007914,-0.1033002504,
1690569443,-0.03542999951,-0.1017598761,
1690769463,-0.03515253955,-0.1004798832,
1690969483,-0.03533047568,-0.09974733335,
1691169502,-0.03544311486,-0.09839742681,
1691369522,-0.03476116682,-0.09695317953,
1691569542,-0.03422984044,-0.09607104347,
1691769562,-0.03379454345,-0.09538164331,
1691969581,-0.03330263344,-0.09476857818,
1692169601,-0.03252590459,-0.09340778974,
1692369621,-0.0317975187,-0.09266494063,
1692569641,-0.0312605924,-0.0921412975,
1692769660,-0.03069495662,-0.09161311561,
1692969680,-0.03043444669,-0.09124827486,
1693169700,-0.02958000749,-0.09078021362,
1693369720,-0.02928788542,-0.09031903296,
1693569739,-0.02831130629,-0.09010427324,
1693769759,-0.02760714358,-0.089507509,
1693969779,-0.02737220516,-0.08907392214,
1694169799,-0.02707750756,-0.08902885601,
1694369818,-0.02683858827,-0.08840390858,
1694569838,-0.02629044938,-0.08826640748,
1694769858,-0.02578318173,-0.08771898939,
1694969878,-0.02532525257,-0.0878012369,
1695169897,-0.02528737728,-0.08729684869,
1695369917,-0.02504560857,-0.08715757639,
1695569937,-0.02420712545,-0.08663721947,
1695769957,-0.02348044705,-0.08663067784,
1695969976,-0.02373754996,-0.08628570024,
1696169996,-0.02288660231,-0.0863609314,
1696370016,-0.02254920622,-0.08570160634,
1696570036,-0.02213429025,-0.08566805141,
1696770055,-0.0218110087,-0.08576183739,
1696970075,-0.02110741066,-0.085588593,
1697170095,-0.02051338987,-0.0849260776,
1697370115,-0.02016805009,-0.08500943474,
1697570134,-0.01971573618,-0.0845955181,
1697770154,-0.01972560174,-0.08422443127,
1697970174,-0.01938397061,-0.0844544982,
1698170194,-0.01863891354,-0.08463135567,
1698370213,-0.01834191794,-0.08485417346,
1698570233,-0.01798769616,-0.083776317,
1698770253,-0.01726635334,-0.08398442409,
1698970273,-0.01702445522,-0.08384598492,
1699170292,-0.01673193129,-0.08401710201,
1699370312,-0.01652790485,-0.08435499241,
1699570332,-0.01606940548,-0.08400077752,
1699770352,-0.01579924434,-0.0841111919,
1699970371,-0.01532114777,-0.08380064082,
1700170391,-0.0148302055,-0.08388731675,
1700370411,-0.01465421167,-0.08411140884,
1700570431,-0.01513288293,-0.08424317956,
1700770450,-0.01410593371,-0.08378807626,
1700970470,-0.01401814403,-0.0838882936,
1701170490,-0.01359658504,-0.08334942979,
1701370510,-0.01370552831,-0.08360293852,
1701570529,-0.0134512992,-0.08327381697,
1701770549,-0.0128711166,-0.08289780361,
1701970569,-0.01280327554,-0.08337614969,
1702170589,-0.01224946701,-0.08296986499,
1702370608,-0.01175218588,-0.08284595415,
1702570628,-0.01156413953,-0.08247972066,
1702770648,-0.01138137369,-0.08269932504,
1702970668,-0.01111751828,-0.08220875088,
1703170687,-0.00993822426,-0.08199981341,
1703370707,-0.009987018577,-0.08178557522,
1703570727,-0.009296119032,-0.08151725364,
1703770747,-0.009016656999,-0.08127094801,
1703970767,-0.008008723011,-0.0817919969,
1704170786,-0.007739464578,-0.08152432543,
1704370806,-0.006971361991,-0.08213382303,
1704570826,-0.005985482288,-0.08159041032,
1704770846,-0.005619730083,-0.08182747897,
1704970865,-0.005032600479,-0.08216804309,
1705170885,-0.00430117971,-0.08242852277,
1705370905,-0.003861190035,-0.08277440166,
1705570925,-0.003524236961,-0.08354753402,
1705770944,-0.003624549241,-0.08414562082,
1705970964,-0.002523038685,-0.08440532989,
1706170984,-0.001944183683,-0.08471930634,
1706371004,-0.002085300139,-0.08531420421,
1706571023,-0.00214125279,-0.08538672802,
1706771043,-0.002019361642,-0.08630617281,
1706971063,-0.00199431117,-0.08632855266,
1707171083,-0.001470683405,-0.08701951205,
1707371102,-0.001732395661,-0.08742886736,
1707571122,-0.001697950646,-0.08785609762,
1707771142,-0.001923058961,-0.08792205499,
1707971162,-0.00194778103,-0.08754114254,
1708171181,-0.002134968765,-0.08774828984,
1708371201,-0.002252876333,-0.08822773793,
1708571221,-0.002023590169,-0.08776620359,
1708771241,-0.00238502006,-0.08794758529,
1708971260,-0.002284883943,-0.08804548283,
1709171280,-0.002625932243,-0.08809990209,
1709371300,-0.002067803019,-0.08790093594,
1709571320,-0.001992024231,-0.08727310736,
1709771339,-0.001913641462,-0.08717487468,
1709971359,-0.00172301936,-0.08710717277,
1710171379,-0.001912014338,-0.08718051211,
1710371399,-0.001105623663,-0.08686798378,
1710571418,-0.001193228285,-0.08687919455,
1710771438,-0.0007764929722,-0.08661143044,
1710971458,-0.0004353262485,-0.08664361553,
1711171478,-0.0003437664607,-0.08634744414,
1711371497,0.0005540140663,-0.08625436377,
1711571517,0.0006900958323,-0.08602597346,
1711771537,0.001077410037,-0.0857987278,
1711971557,0.001688231797,-0.08587211946,
1712171576,0.00194794884,-0.08570172889,
1712371596,0.003134568157,-0.08562986261,
1712571616,0.003701294223,-0.08548496702,
1712771636,0.004671592246,-0.08597286013,
1712971655,0.005529850004,-0.08595601882,
1713171675,0.00568985497,-0.08582921661,
1713371695,0.006771405204,-0.08645460408,
1713571715,0.007305036457,-0.08642662258,
1713771734,0.008292197846,-0.08713703306,
1713971754,0.008705444403,-0.08759442658,
1714171774,0.009154836494,-0.08811489247,
1714371794,0.01008034134,-0.08841850821,
1714571813,0.01084091976,-0.08924579029,
1714771833,0.01131026029,-0.0898020911,
1714971853,0.01214207793,-0.09022716507,
1715171873,0.01238142595,-0.09116926589,
1715371892,0.01300960055,-0.09224262402,
1715571912,0.01314424632,-0.09311676056,
1715771932,0.01364216449,-0.09406728581,
1715971952,0.0142697777,-0.09520247653,
1716171971,0.01388265724,-0.09625811687,
1716371991,0.01440687406,-0.09714402677,
1716572011,0.01435400535,-0.09731623655,
1716772031,0.01459934675,-0.0985188328,
1716972050,0.01393773675,-0.09961409659,
1717172070,0.01393963159,-0.1003148916,
1717372090,0.01417873236,-0.1010221813,
1717572110,0.01377414238,-0.1016831475,
1717772129,0.01330478001,-0.1031297634,
1717972149,0.01306792819,-0.1038456684,
1718172169,0.0129381386,-0.1041965049,
1718372189,0.0123736188,-0.1046669115,
1718572208,0.01217240123,-0.1053673321,
1718772228,0.01131338198,-0.1062900074,
1718972248,0.01096444531,-0.1068028794,
1719172268,0.01086300466,-0.1077541409,
1719372287,0.01082717456,-0.1080962316,
1719572307,0.0100694689,-0.1083768597,
1719772327,0.009230901084,-0.1094025514,
1719972347,0.00905273729,-0.1096465085,
1720172366,0.008400416628,-0.1100021141,
1720372386,0.007729583838,-0.110343271,
1720572406,0.007427186069,-0.1106422624,
1720772426,0.006520303261,-0.1110342308,
1720972445,0.006103021691,-0.1109313447,
1721172465,0.005400830546,-0.11150461,
1721372485,0.004645523634,-0.1112519907,
1721572505,0.003998673052,-0.1119349146,
1721772524,0.003519285139,-0.1120728371,
1721972544,0.002848935202,-0.1119477431,
1722172564,0.002290092931,-0.1119672223,
1722372584,0.002073164871,-0.1117178444,
1722572603,0.001440310512,-0.1114699969,
1722772623,0.0008061259673,-0.1114134164,
1722972643,0.0001187234072,-0.1114815993,
1723172663,0.0004574249695,-0.1108978951,
1723372682,-0.0001838095954,-0.1110589272,
1723572702,-0.0001430626161,-0.1104750065,
1723772722,-0.0005911704014,-0.1104680592,
1723972742,-0.0008799559933,-0.1101817516,
1724172761,-0.0004028993906,-0.1099938382,
1724372781,-0.0006407211858,-0.1097201216,
1724572801,-0.001464483496,-0.1105042806,
1724772821,-0.0009447154144,-0.1101670306,
1724972840,-0.001189418677,-0.1098505451,
1725172860,-0.00143421504,-0.109975751,
1725372880,-0.001470358562,-0.1096501599,
1725572900,-0.001590370773,-0.1094797316,
1725772919,-0.001814925423,-0.1096626016,
1725972939,-0.001713152811,-0.1100927963,
1726172959,-0.001620598238,-0.1099506396,
1726372979,-0.002056644818,-0.1103071889,
1726572998,-0.002173249886,-0.1097985915,
1726773018,-0.002498523918,-0.1097167994,
1726973038,-0.002014522884,-0.1099387877,
1727173058,-0.002644938598,-0.1099406936,
1727373077,-0.002693722824,-0.1105505768,
1727573097,-0.002681376402,-0.1108039985,
1727773117,-0.002468682294,-0.1107751687,
1727973137,-0.002765658729,-0.1109842244,
1728173156,-0.003393144195,-0.1106324348,
1728373176,-0.003494075218,-0.110689889,
1728573196,-0.003726100952,-0.1109712727,
1728773216,-0.003701328259,-0.1113807278,
1728973236,-0.004574730235,-0.1115549151,
1729173255,-0.004628939142,-0.1116738755,
1729373275,-0.005408356256,-0.1122285088,
1729573295,-0.005573992221,-0.1112784192,
1729773315,-0.006020734375,-0.1110829674,
1729973334,-0.006497475143,-0.1114034303,
1730173354,-0.006889841134,-0.1109293282,
1730373374,-0.007502878551,-0.1107518205,
1730573394,-0.008222746395,-0.1106287993,
1730773413,-0.008342962668,-0.1100217164,
1730973433,-0.008734684029,-0.1096385203,
1731173453,-0.008994779234,-0.1092562977,
1731373473,-0.009552339686,-0.1086303972,
1731573492,-0.00942401405,-0.1085309616,
1731773512,-0.009343521591,-0.1081706583,
1731973532,-0.009296748599,-0.1079490817,
1732173552,-0.009131968631,-0.1073487909,
1732373571,-0.009636176985,-0.1072876279,
1732573591,-0.009617885376,-0.1071235764,
1732773611,-0.009477973477,-0.1062946434,
1732973631,-0.009495107693,-0.1063241512,
1733173650,-0.009328493986,-0.1064251559,
1733373670,-0.009032392601,-0.1062739472,
1733573690,-0.009256144394,-0.1059081372,
1733773710,-0.009817686059,-0.1057681017,
1733973729,-0.01002996538,-0.105267348,
1734173749,-0.009851896497,-0.1052775008,
1734373769,-0.01045925346,-0.1050844331,
1734573789,-0.01024267292,-0.1042839448,
1734773808,-0.01063266264,-0.1043087266,
1734973828,-0.01071226891,-0.1040429819,
1735173848,-0.01046062285,-0.1031034491,
1735373868,-0.01086568041,-0.1031926047,
1735573887,-0.01059310599,-0.1023707389,
1735773907,-0.01086873076,-0.1019463011,
1735973927,-0.01084380924,-0.101224023,
1736173947,-0.01079666378,-0.1004826692,
1736373966,-0.01039182985,-0.09960486459,
1736573986,-0.01024304931,-0.09901455604,
1736774006,-0.009673541282,-0.09854261971,
1736974026,-0.009188619406,-0.09790641793,
1737174045,-0.008641498447,-0.09731356233,
1737374065,-0.00844572663,-0.09673616701,
1737574085,-0.007663594698,-0.09619632179,
1737774105,-0.006874806626,-0.09649268429,
1737974124,-0.006177377307,-0.09568299277,
1738174144,-0.005562350131,-0.09518630015,
1738374164,-0.004478979308,-0.09473976805,
1738574184,-0.004304174653,-0.09457950193,
1738774203,-0.003470985108,-0.09482520695,
1738974223,-0.002514342325,-0.09504946907,
1739174243,-0.002231833895,-0.09489496368,
1739374263,-0.001386852877,-0.0947799028,
1739574282,-0.0007106947824,-0.09491310741,
1739774302,0.0003367381361,-0.09507735905,
1739974322,0.0005886364271,-0.0952701647,
1740174342,0.001196120234,-0.0958758176,
1740374361,0.001650264151,-0.09583733619,
1740574381,0.001982977002,-0.09626193382,
1740774401,0.002540022057,-0.09629498326,
1740974421,0.003341084479,-0.09676729582,
1741174440,0.003978767358,-0.09668078167,
1741374460,0.004564674063,-0.09726360956,
1741574480,0.004395211681,-0.09740088516,
1741774500,0.005188337968,-0.0976651951,
1741974519,0.005806966293,-0.09792759826,
1742174539,0.006582454334,-0.09865555783,
1742374559,0.006715211864,-0.09878098968,
1742574579,0.006603545616,-0.09935157315,
1742774598,0.007277410621,-0.1001187397,
1742974618,0.007874718653,-0.09988489638,
1743174638,0.007999789539,-0.1009317486,
1743374658,0.008547528023,-0.1013910523,
1743574677,0.008510435329,-0.1021185348,
1743774697,0.00904668608,-0.1027166559,
1743974717,0.009169007459,-0.1030517984,
1744174737,0.008999790026,-0.1036162948,
1744374756,0.009305319796,-0.104542061,
1744574776,0.009485192776,-0.1047265464,
1744774796,0.009331541886,-0.1050022059,
1744974816,0.009475362271,-0.1056952502,
1745174835,0.00923681363,-0.1062754413,
1745374855,0.009473931418,-0.1062100028,
1745574875,0.009617461242,-0.1068148606,
1745774895,0.009142005507,-0.1072068169,
1745974914,0.008886081609,-0.1078825885,
1746174934,0.009293552837,-0.107831845,
1746374954,0.009434615085,-0.1079314315,
1746574974,0.009034743714,-0.1080322992,
1746774993,0.008674109142,-0.1086516988,
1746975013,0.009199135224,-0.1088018953,
1747175033,0.009304904736,-0.1088517603,
1747375053,0.009194616468,-0.1092814653,
1747575072,0.009410123187,-0.1097148492,
1747775092,0.00962641687,-0.1099309264,
1747975112,0.009491539066,-0.1100972754,
1748175132,0.009784720372,-0.1110809422,
1748375151,0.009612443765,-0.1111407479,
1748575171,0.009610499798,-0.1116103806,
1748775191,0.009830136138,-0.1120783881,
1748975211,0.01012078964,-0.112492584,
1749175230,0.009606654365,-0.1131111513,
1749375250,0.009543867377,-0.1132241046,
1749575270,0.009580611034,-0.1139508773,
1749775290,0.009460555582,-0.1140988732,
1749975309,0.008846567442,-0.1146798699,
1750175329,0.009027497995,-0.1151296528,
1750375349,0.008903873791,-0.1156428967,
1750575369,0.00850423207,-0.1153349815,
1750775388,0.008302956732,-0.1157913622,
1750975408,0.007773298359,-0.1164806414,
1751175428,0.00769444665,-0.1162761876,
1751375448,0.007641850633,-0.1166506828,
1751575467,0.007317639763,-0.1170340635,
1751775487,0.006901980005,-0.1171877135,
1751975507,0.006748513807,-0.1168725555,
1752175527,0.006523094031,-0.1180854448,
1752375546,0.005995756728,-0.1178491599,
1752575566,0.0058204049,-0.1176811558,
1752775586,0.005481295168,-0.1178910516,
1752975606,0.005208987288,-0.1175668682,
1753175625,0.005389081875,-0.1182941608,
1753375645,0.004748040478,-0.1178612964,
1753575665,0.004505622997,-0.1182697494,
1753775685,0.004273441754,-0.1180697237,
1753975705,0.004007532342,-0.1180572482,
1754175724,0.004130521125,-0.1180285973,
1754375744,0.003852899914,-0.1178433352,
1754575764,0.003620137446,-0.1177932967,
1754775784,0.004005270045,-0.1178170417,
1754975803,0.004014900698,-0.1174035728,
1755175823,0.003634026092,-0.1175503998,
1755375843,0.003984315839,-0.1174497824,
1755575863,0.003479849211,-0.1175552213,
1755775882,0.003728585856,-0.1171694569,
1755975902,0.003708953057,-0.1170834068,
1756175922,0.003942024913,-0.1172229668,
1756375942,0.004176876201,-0.117130173,
1756575961,0.004393913704,-0.1172590483,
1756775981,0.004855033735,-0.1169280166,
1756976001,0.005051490197,-0.1169605069,
1757176021,0.0053215006,-0.1173175876,
1757376040,0.005515050424,-0.1174607314,
1757576060,0.00560611849,-0.1175943931,
1757776080,0.00562877139,-0.1178919797,
1757976100,0.006362833789,-0.1182974202,
1758176119,0.006157289338,-0.1186347897,
1758376139,0.00652204499,-0.1190454632,
1758576159,0.006700651356,-0.1189230625,
1758776179,0.006703552079,-0.1195281691,
1758976198,0.006884874088,-0.119756929,
1759176218,0.006615250819,-0.1201809002,
1759376238,0.006681514032,-0.1207088488,
1759576258,0.006665546103,-0.1212699271,
1759776277,0.006567699459,-0.1213395221,
1759976297,0.006706085705,-0.1213188101,
1760176317,0.006798369079,-0.1221861182,
1760376337,0.006661841109,-0.1222035616,
1760576356,0.006388771965,-0.1218810574,
1760776376,0.006641436994,-0.121962048,
1760976396,0.006572061628,-0.1225220309,
1761176416,0.00662935643,-0.1223177932,
1761376435,0.006568557358,-0.1229556562,
1761576455,0.006474998165,-0.1229745054,
1761776475,0.006972388696,-0.1231071829,
1761976495,0.007273501457,-0.123017712,
1762176514,0.006944967618,-0.123303884,
1762376534,0.007501179723,-0.1236790019,
1762576554,0.008265039964,-0.1239616126,
1762776574,0.008558570468,-0.1243686616,
1762976593,0.00845576823,-0.1250185565,
1763176613,0.009155422116,-0.1249383698,
1763376633,0.009457395348,-0.1258926079,
1763576653,0.009940862275,-0.1265432346,
1763776672,0.00987626018,-0.1273587411,
1763976692,0.01002833496,-0.128126508,
1764176712,0.01067239903,-0.1290012208,
1764376732,0.01070128916,-0.1298988327,
1764576751,0.01081923305,-0.1311765954,
1764776771,0.01052452491,-0.1323294538,
1764976791,0.01065262738,-0.1333799697,
1765176811,0.01012629805,-0.1341575396,
1765376830,0.009469081013,-0.1352779906,
1765576850,0.009420677882,-0.1368249435,
1765776870,0.008458501156,-0.1375313902,
1765976890,0.007688956114,-0.139005569,
1766176909,0.006612563076,-0.1397372893,
1766376929,0.00614628632,-0.140795899,
1766576949,0.004727909471,-0.1414680916,
1766776969,0.003953059959,-0.1421190318,
1766976988,0.002741627867,-0.1425394627,
1767177008,0.001933700781,-0.1434489127,
1767377028,0.0002406561499,-0.1437931137,
1767577048,-0.0007706471611,-0.1438300348,
1767777067,-0.00137779556,-0.1437637748,
1767977087,-0.00298658426,-0.143860966,
1768177107,-0.003721335184,-0.1441926065,
1768377127,-0.004759954261,-0.1441686149,
1768577146,-0.00586020213,-0.144067423,
1768777166,-0.006449870415,-0.1435472435,
1768977186,-0.007716089894,-0.1433951373,
1769177206,-0.008483599712,-0.1434028234,
1769377225,-0.009235472105,-0.1430450841,
1769577245,-0.009824155297,-0.1430124199,
1769777265,-0.01024249506,-0.1424080676,
1769977285,-0.01133470137,-0.1417449399,
1770177304,-0.01202486745,-0.1419970377,
1770377324,-0.01287796624,-0.1414469007,
1770577344,-0.01345255418,-0.1409810841,
1770777364,-0.01397419166,-0.1402861132,
1770977383,-0.01480904497,-0.1398917846,
1771177403,-0.01468674852,-0.1395477554,
1771377423,-0.01551195006,-0.1388017903,
1771577443,-0.01554900169,-0.1384733583,
1771777462,-0.01619471304,-0.1375864514,
1771977482,-0.01709240287,-0.1370552971,
1772177502,-0.01691613764,-0.1369312219,
1772377522,-0.01719513127,-0.136161283,
1772577541,-0.01674902772,-0.1356843927,
1772777561,-0.01663632483,-0.1349130196,
1772977581,-0.01741007331,-0.1341538511,
1773177601,-0.0168263891,-0.1339168017,
1773377620,-0.01670310802,-0.1332988523,
1773577640,-0.01655849574,-0.1329082328,
1773777660,-0.0163870501,-0.1325631233,
1773977680,-0.0159135243,-0.1326256077,
1774177699,-0.01573139209,-0.1322114798,
1774377719,-0.01540159869,-0.1322876336,
1774577739,-0.01488765829,-0.1322267504,
1774777759,-0.01432293343,-0.132404061,
1774977778,-0.01429491675,-0.1328387875,
1775177798,-0.01409130632,-0.1332765671,
1775377818,-0.01364890716,-0.1332289948,
1775577838,-0.01324693056,-0.1337658949,
1775777857,-0.01336620511,-0.1340299272,
1775977877,-0.01324196324,-0.1347005268,
1776177897,-0.01332994506,-0.1351585436,
1776377917,-0.01323654378,-0.1356974094,
1776577936,-0.01352166304,-0.1363224835,
1776777956,-0.01398659335,-0.1371801962,
1776977976,-0.0141092552,-0.1374869192,
1777177996,-0.01510028729,-0.1379311787,
1777378015,-0.0152309778,-0.1386805433,
1777578035,-0.01598303581,-0.1391703403,
1777778055,-0.01670570842,-0.1396127711,
1777978075,-0.01714740013,-0.1400164728,
1778178095,-0.01796120204,-0.1407019942,
1778378114,-0.01863663967,-0.1406773363,
1778578134,-0.01962925253,-0.1407333529,
1778778154,-0.02027418329,-0.1410006109,
1778978174,-0.02146185674,-0.141497865,
1779178193,-0.02227218634,-0.141175635,
1779378213,-0.02371951167,-0.1415785818,
1779578233,-0.02443178651,-0.1408059681,
1779778253,-0.02541196528,-0.141113528,
1779978272,-0.02632197184,-0.1403893386,
1780178292,-0.02754413935,-0.1400256616,
1780378312,-0.0286268039,-0.1398144713,
1780578332,-0.0292095223,-0.1389849258,
1780778351,-0.03013369566,-0.1384359236,
1780978371,-0.03094309128,-0.1376383635,
1781178391,-0.03187130068,-0.1367264575,
1781378411,-0.03271134777,-0.1360431874,
1781578430,-0.0329237139,-0.135004216,
1781778450,-0.03363604519,-0.1339895011,
1781978470,-0.03426198818,-0.1327821637,
1782178490,-0.0343249685,-0.1319073753,
1782378509,-0.0347993365,-0.1311834224,
1782578529,-0.03503757594,-0.1297922296,
1782778549,-0.0350688394,-0.128836294,
1782978569,-0.03517578403,-0.1279290182,
1783178588,-0.03493151531,-0.1269483505,
1783378608,-0.03459489818,-0.1264050932,
1783578628,-0.0345682021,-0.1252348085,
1783778648,-0.03467934492,-0.1242481032,
1783978667,-0.03412947601,-0.1237536907,
1784178687,-0.03411774538,-0.1226466043,
1784378707,-0.03348368344,-0.1221495498,
1784578727,-0.03299264947,-0.1214635556,
1784778746,-0.03264676698,-0.1207303235,
1784978766,-0.03216507469,-0.1203169209,
1785178786,-0.03178397668,-0.1194898194,
1785378806,-0.03132396538,-0.1189182,
1785578825,-0.03080130718,-0.1184128856,
1785778845,-0.03006560535,-0.1180407176,
1785978865,-0.02940391873,-0.1174948188,
1786178885,-0.02878931749,-0.117640742,
1786378904,-0.02840870417,-0.1172755567,
1786578924,-0.02786381867,-0.1170970091,
1786778944,-0.02700218979,-0.116917499,
1786978964,-0.02634571598,-0.1170878834,
1787178983,-0.02589818875,-0.1170078459,
1787379003,-0.02530093253,-0.1170515301,
1787579023,-0.02462077004,-0.1170721811,
1787779043,-0.0240924417,-0.1172677587,
1787979062,-0.02336108545,-0.1173674841,
1788179082,-0.022997627,-0.1180476221,
1788379102,-0.02213307341,-0.1182756498,
1788579122,-0.02166493957,-0.1184162657,
1788779141,-0.02193253554,-0.1188768268,
1788979161,-0.02146718767,-0.1196662377,
1789179181,-0.0206771257,-0.1197241904,
1789379201,-0.02066291808,-0.1205661435,
1789579220,-0.02057107649,-0.1210819787,
1789779240,-0.02080970392,-0.1218635763,
1789979260,-0.02080151313,-0.1222798735,
1790179280,-0.02110231843,-0.1228605366,
1790379299,-0.02113274247,-0.1233488655,
1790579319,-0.02127697437,-0.1238526077,
1790779339,-0.0219246219,-0.1242179683,
1790979359,-0.02183366025,-0.1244318947,
1791179378,-0.02231060439,-0.1249536686,
1791379398,-0.02274378508,-0.1251337847,
1791579418,-0.02369155734,-0.1253504614,
1791779438,-0.02366263032,-0.1251750343,
1791979457,-0.02420796727,-0.1252691888,
1792179477,-0.02480640609,-0.1254652071,
1792379497,-0.02502593363,-0.1256038732,
1792579517,-0.02561817807,-0.1257630937,
1792779536,-0.02608635223,-0.1252606599,
1792979556,-0.02663399594,-0.1250348142,
1793179576,-0.02711258615,-0.1248583837,
1793379596,-0.02726699578,-0.1247295349,
1793579615,-0.02745914435,-0.1245405565,
1793779635,-0.02762305172,-0.1244180536,
1793979655,-0.02828387302,-0.1240220457,
1794179675,-0.02848170967,-0.1239378757,
1794379694,-0.02869325833,-0.1238175782,
1794579714,-0.02903921031,-0.1233113751,
1794779734,-0.0292911983,-0.1228844654,
1794979754,-0.02970139218,-0.122573827,
1795179773,-0.02938622704,-0.1221231733,
1795379793,-0.02991518672,-0.1216481251,
1795579813,-0.02971641993,-0.1211903187,
1795779833,-0.0297718468,-0.1209969153,
1795979852,-0.02954684963,-0.1203146217,
1796179872,-0.02965027323,-0.1201018996,
1796379892,-0.02977349404,-0.1196911297,
1796579912,-0.02953377568,-0.1190470959,
1796779931,-0.02970976299,-0.1190163146,
1796979951,-0.02951061583,-0.1185536205,
1797179971,-0.02896759477,-0.1182518736,
1797379991,-0.02909940142,-0.1178788281,
1797580010,-0.02881086729,-0.117658558,
1797780030,-0.02864796175,-0.117404737,
1797980050,-0.02797405883,-0.1173643869,
1798180070,-0.02784697048,-0.1175210998,
1798380089,-0.02749689195,-0.1173474482,
1798580109,-0.02716644819,-0.1173333685,
1798780129,-0.02722161968,-0.1175945564,
1798980149,-0.02658099765,-0.1170171815,
1799180168,-0.0266356622,-0.1176153799,
1799380188,-0.02656416035,-0.1178080849,
1799580208,-0.02638927772,-0.1179292879,
1799780228,-0.02630911397,-0.1183526608,
1799980247,-0.02595624402,-0.118400861,
1800180267,-0.02610915738,-0.1183478898,
1800380287,-0.02602566787,-0.1188002726,
1800580307,-0.02636523978,-0.1190150185,
1800780326,-0.02648054769,-0.1191411843,
1800980346,-0.02649488739,-0.1192552519,
1801180366,-0.02698296101,-0.1195582798,
1801380386,-0.02703254777,-0.1197881227,
1801580405,-0.02738192086,-0.1195432499,
1801780425,-0.02798281679,-0.1194856869,
1801980445,-0.02822556395,-0.1195365077,
1802180465,-0.02874936658,-0.1197325921,
1802380484,-0.02921169454,-0.1194315334,
1802580504,-0.02949382964,-0.1190420793,
1802780524,-0.02975067387,-0.1186860372,
1802980544,-0.03031464454,-0.1184604945,
1803180564,-0.0307682423,-0.1178078681,
1803380583,-0.03056008304,-0.1174511868,
1803580603,-0.0307320956,-0.1168743723,
1803780623,-0.03117726,-0.1166761006,
1803980643,-0.0311273218,-0.1159835644,
1804180662,-0.03110537163,-0.115753678,
1804380682,-0.03121844564,-0.1150639,
1804580702,-0.03091068665,-0.1146369291,
1804780722,-0.03096556355,-0.1139007378,
1804980741,-0.03069331178,-0.1132564045,
1805180761,-0.03053948314,-0.1131524115,
1805380781,-0.03025927045,-0.1121949041,
1805580801,-0.03011526962,-0.112378763,
1805780820,-0.02980962754,-0.1119291886,
1805980840,-0.02936892359,-0.1110774794,
1806180860,-0.02909686805,-0.1108888583,
1806380880,-0.02891650471,-0.1105461443,
1806580899,-0.02832368386,-0.1105094464,
1806780919,-0.0278897296,-0.1101767087,
1806980939,-0.02751643038,-0.1098716837,
1807180959,-0.02688449907,-0.1097555156,
1807380978,-0.02645199469,-0.1097543987,
1807580998,-0.02606979685,-0.1093879955,
1807781018,-0.02531552335,-0.1094702483,
1807981038,-0.02506870996,-0.1098284032,
1808181057,-0.02481350324,-0.1100873294,
1808381077,-0.0241958778,-0.1100709148,
1808581097,-0.02396601772,-0.110237219,
1808781117,-0.02370724808,-0.110335109,
1808981136,-0.02348006399,-0.110656666,
1809181156,-0.02312333709,-0.1106570052,
1809381176,-0.0230128524,-0.1111191475,
1809581196,-0.02280117499,-0.1111446034,
1809781215,-0.02267241743,-0.1117431537,
1809981235,-0.02261890004,-0.1117101207,
1810181255,-0.02267111581,-0.1120593033,
1810381275,-0.02256072965,-0.1121792414,
1810581294,-0.02291884037,-0.112653066,
1810781314,-0.02280929785,-0.1123864946,
1810981334,-0.02274256292,-0.1126214111,
1811181354,-0.0228456983,-0.1126261173,
1811381373,-0.02280501887,-0.1126433588,
1811581393,-0.02295944371,-0.1124953568,
1811781413,-0.02290632939,-0.1127144873,
1811981433,-0.02303219685,-0.112747501,
1812181452,-0.02301426787,-0.1123699116,
1812381472,-0.02330663653,-0.1124389096,
1812581492,-0.02267696866,-0.1123366624,
1812781512,-0.02299845298,-0.1122316173,
1812981531,-0.02318736718,-0.1120631273,
1813181551,-0.02313278151,-0.1121123267,
1813381571,-0.02290073391,-0.1121601034,
1813581591,-0.02257907505,-0.111728904,
1813781610,-0.02279209043,-0.1117342689,
1813981630,-0.02266842168,-0.1114642067,
1814181650,-0.02279991484,-0.1115221271,
1814381670,-0.02261485655,-0.1113943443,
1814581689,-0.02240782124,-0.1112590284,
1814781709,-0.02220630672,-0.1107239763,
1814981729,-0.02192063523,-0.1106850397,
1815181749,-0.02175521686,-0.1105794572,
1815381768,-0.02144591891,-0.1103574995,
1815581788,-0.02145816199,-0.110348695,
1815781808,-0.02123441648,-0.110307666,
1815981828,-0.02049528123,-0.1097836232,
1816181847,-0.02026733093,-0.1097825135,
1816381867,-0.01986470494,-0.1095543937,
1816581887,-0.01930939186,-0.1094577651,
1816781907,-0.01914354657,-0.1095635076,
1816981926,-0.01856273654,-0.1093665739,
1817181946,-0.01835471596,-0.1095546969,
1817381966,-0.0175150487,-0.1093827717,
1817581986,-0.01682913151,-0.1096117825,
1817782005,-0.01616600402,-0.1099131048,
1817982025,-0.01571551987,-0.110145937,
1818182045,-0.01520816167,-0.1107542069,
1818382065,-0.01466739562,-0.111055916,
1818582084,-0.01397314579,-0.1115197016,
1818782104,-0.01360804937,-0.1122089814,
1818982124,-0.01309008725,-0.1126491229,
1819182144,-0.01287385771,-0.1133395559,
1819382163,-0.01245883323,-0.1137773061,
1819582183,-0.01241565729,-0.1151663021,
1819782203,-0.01224591304,-0.1157916558,
1819982223,-0.01232031031,-0.1164978682,
1820182242,-0.01232311862,-0.1172336018,
1820382262,-0.01289467503,-0.1181910032,
1820582282,-0.01293527749,-0.119050905,
1820782302,-0.0134090869,-0.1195032898,
1820982321,-0.01376923527,-0.1201087888,
1821182341,-0.01481453847,-0.1206937015,
1821382361,-0.01525150349,-0.121365149,
1821582381,-0.01572411904,-0.1216482417,
1821782400,-0.01605527268,-0.1214225037,
1821982420,-0.01708124516,-0.1219416996,
1822182440,-0.01763563305,-0.121778671,
1822382460,-0.01848870608,-0.1214480571,
1822582479,-0.01912095959,-0.1213552032,
1822782499,-0.01967307426,-0.1207254306,
1822982519,-0.02032983855,-0.1203590736,
1823182539,-0.02043592551,-0.119937368,
1823382558,-0.02084952425,-0.1197191238,
1823582578,-0.02083911326,-0.1186078246,
1823782598,-0.02110505675,-0.1182821006,
1823982618,-0.021061009,-0.1176089113,
1824182637,-0.02060569989,-0.1170947603,
1824382657,-0.02055309296,-0.1166038096,
1824582677,-0.02027739284,-0.1163714473,
1824782697,-0.01961456573,-0.1160507522,
1824982716,-0.01916958723,-0.1156592123,
1825182736,-0.01881731522,-0.1151758669,
1825382756,-0.01803033034,-0.1152902292,
1825582776,-0.01783969486,-0.1152028743,
1825782795,-0.01734957133,-0.1155020998,
1825982815,-0.0165900648,-0.1154656767,
1826182835,-0.01628688743,-0.1158815444,
1826382855,-0.01544820588,-0.1158945206,
1826582874,-0.01531291672,-0.1162790189,
1826782894,-0.01509618961,-0.1168875333,
1826982914,-0.0145980858,-0.1169334163,
1827182934,-0.01476665918,-0.1175327073,
1827382954,-0.01427061678,-0.1179196726,
1827582973,-0.01398268083,-0.1179930619,
1827782993,-0.01379452701,-0.1182520919,
1827983013,-0.01338271275,-0.1189824649,
1828183033,-0.01327393157,-0.1191919282,
1828383052,-0.01307271105,-0.1192110299,
1828583072,-0.0128314556,-0.1197213439,
1828783092,-0.01262990173,-0.1200540645,
1828983112,-0.01233459952,-0.1208042599,
1829183131,-0.01238846949,-0.1211745133,
1829383151,-0.01207839233,-0.1219139096,
1829583171,-0.01200598764,-0.1222240295,
1829783191,-0.0116901684,-0.1228462053,
1829983210,-0.01129764183,-0.1238355607,
1830183230,-0.01135269054,-0.1242099399,
1830383250,-0.01166938611,-0.1250678239,
1830583270,-0.01193356278,-0.1257178111,
1830783289,-0.01198215621,-0.1264194541,
1830983309,-0.0122086097,-0.1274123363,
1831183329,-0.01280642241,-0.127933283,
1831383349,-0.01283955534,-0.1289275837,
1831583368,-0.01345817983,-0.1295389895,
1831783388,-0.01384415501,-0.1301400991,
1831983408,-0.01410250098,-0.1303858535,
1832183428,-0.01499540079,-0.1309251605,
1832383447,-0.01560320726,-0.131356509,
1832583467,-0.01644944184,-0.1320871858,
1832783487,-0.01682482062,-0.1322405764,
1832983507,-0.01765682989,-0.1323199511,
1833183526,-0.01796439438,-0.1326422832,
1833383546,-0.01921911835,-0.1329867243,
1833583566,-0.01950686465,-0.1335105212,
1833783586,-0.02014834333,-0.132973786,
1833983605,-0.02054152475,-0.1334645441,
1834183625,-0.02161695628,-0.1338072675,
1834383645,-0.02229034998,-0.1331592368,
1834583665,-0.02251373755,-0.1333585549,
1834783684,-0.02341099157,-0.1330498001,
1834983704,-0.02382577496,-0.1330222223,
1835183724,-0.02437438673,-0.1329928532,
1835383744,-0.02510430287,-0.1326552468,
1835583763,-0.02580981629,-0.1326600669,
1835783783,-0.02610211612,-0.1322742334,
1835983803,-0.02616649068,-0.1319716613,
1836183823,-0.02671238423,-0.1313732067,
1836383842,-0.02705942459,-0.1312673904,
1836583862,-0.02741912601,-0.1309992575,
1836783882,-0.02787265038,-0.1310137583,
1836983902,-0.02794147144,-0.1305059898,
1837183921,-0.02812259958,-0.1305482185,
1837383941,-0.02843633306,-0.1302807412,
1837583961,-0.02851805252,-0.1301491866,
1837783981,-0.02859753941,-0.1297105296,
1837984000,-0.02908593688,-0.1298387434,
1838184020,-0.02920671307,-0.1296207361,
1838384040,-0.02931959721,-0.1293635233,
1838584060,-0.02960128122,-0.129421109,
1838784079,-0.02971401071,-0.1295004286,
1838984099,-0.03007685591,-0.1290095073,
1839184119,-0.03022549519,-0.1287086111,
1839384139,-0.03047465474,-0.128801912,
1839584158,-0.0304806257,-0.1286457101,
1839784178,-0.03077187195,-0.1285030212,
1839984198,-0.03068431576,-0.1285403986,
1840184218,-0.03142678716,-0.1280672313,
1840384237,-0.03112103485,-0.1281423708,
1840584257,-0.03148481493,-0.1279018255,
1840784277,-0.03190326603,-0.1276341281,
1840984297,-0.03212665117,-0.1277219583,
1841184316,-0.03222918476,-0.127508786,
1841384336,-0.03252289113,-0.1274668375,
1841584356,-0.03247115843,-0.1275835413,
1841784376,-0.03289910443,-0.1276768015,
1841984395,-0.03308221394,-0.1274584462,
1842184415,-0.03327779806,-0.1273578072,
1842384435,-0.03336957325,-0.127355023,
1842584455,-0.03397079851,-0.1275046978,
1842784474,-0.03442849596,-0.1273885871,
1842984494,-0.03480686511,-0.127215302,
1843184514,-0.03537194175,-0.1270111958,
1843384534,-0.0357715062,-0.1267099237,
1843584553,-0.03650556725,-0.1265109763,
1843784573,-0.03681419649,-0.1263328641,
1843984593,-0.03709626629,-0.1256811517,
1844184613,-0.03799289266,-0.1251044524,
1844384632,-0.03843137093,-0.1249580447,
1844584652,-0.03865137334,-0.1243449984,
1844784672,-0.03939469759,-0.1236322994,
1844984692,-0.03939234453,-0.1233135126,
1845184711,-0.03966225846,-0.1225004147,
1845384731,-0.04020799636,-0.1217515485,
1845584751,-0.04045980151,-0.1210260257,
1845784771,-0.04048562336,-0.1205588164,
1845984790,-0.04080000114,-0.1199552704,
1846184810,-0.04121388555,-0.1189060326,
1846384830,-0.04102234224,-0.1181833377,
1846584850,-0.04134213384,-0.1173213632,
1846784869,-0.04077150144,-0.1165694744,
1846984889,-0.04058424167,-0.1158522414,
1847184909,-0.04051436517,-0.1149492066,
1847384929,-0.04006160373,-0.1146349271,
1847584948,-0.039960126,-0.1137126799,
1847784968,-0.03976968087,-0.1131400328,
1847984988,-0.03946919332,-0.1121853221,
1848185008,-0.03899619893,-0.1118318047,
1848385027,-0.03880911273,-0.1109979487,
1848585047,-0.03786953035,-0.1103877704,
1848785067,-0.03794256006,-0.1100753541,
1848985087,-0.03745359988,-0.1094428379,
1849185106,-0.03675728609,-0.1090106345,
1849385126,-0.03617163301,-0.1088342113,
1849585146,-0.03599175979,-0.1086785,
1849785166,-0.03512173506,-0.1080707568,
1849985185,-0.03477311352,-0.1076800067,
1850185205,-0.0344845699,-0.1076114836,
1850385225,-0.0338949998,-0.1072344651,
1850585245,-0.03331336061,-0.1068664415,
1850785264,-0.03274291653,-0.1066692565,
1850985284,-0.03244057186,-0.1064102097,
1851185304,-0.03159069207,-0.1061825812,
1851385324,-0.03125413299,-0.1058594816,
1851585343,-0.03058614339,-0.1060993158,
1851785363,-0.03016298791,-0.1056210535,
1851985383,-0.02924208776,-0.10542678,
1852185403,-0.02856350788,-0.1055374101,
1852385423,-0.02792609058,-0.1054511604,
1852585442,-0.02714909941,-0.1053531272,
1852785462,-0.02678333189,-0.1054552338,
1852985482,-0.02559029146,-0.1054818285,
1853185502,-0.02511712737,-0.1056595395,
1853385521,-0.02463671959,-0.1062301095,
1853585541,-0.02394890837,-0.1065290978,
1853785561,-0.02350534856,-0.1067094126,
1853985581,-0.02318685147,-0.1070516126,
1854185600,-0.02270101698,-0.107758467,
1854385620,-0.02196087205,-0.1078021207,
1854585640,-0.02172859895,-0.1083165548,
1854785660,-0.02125304811,-0.1087190416,
1854985679,-0.02129895485,-0.1095788844,
1855185699,-0.02088565719,-0.1102754121,
1855385719,-0.02115116947,-0.1103899372,
1855585739,-0.0206045918,-0.1107068815,
1855785758,-0.02082303529,-0.1112453083,
1855985778,-0.02076783778,-0.112026074,
1856185798,-0.0206020723,-0.1122894407,
1856385818,-0.02079888936,-0.1125304382,
1856585837,-0.02081445176,-0.1129735162,
1856785857,-0.02081207993,-0.1129301696,
1856985877,-0.02114163687,-0.1132798901,
1857185897,-0.02117874965,-0.1133297227,
1857385916,-0.02155486259,-0.1134097146,
1857585936,-0.02143205309,-0.1135683133,
1857785956,-0.02135901498,-0.1137018224,
1857985976,-0.02166854495,-0.1137803667,
1858185995,-0.02130754748,-0.1134914801,
1858386015,-0.02177721123,-0.1135746818,
1858586035,-0.0215504502,-0.1134924764,
1858786055,-0.02153267499,-0.1135486825,
1858986074,-0.02117503212,-0.1134774401,
1859186094,-0.02099518399,-0.1135404618,
1859386114,-0.02106769771,-0.1135121378,
1859586134,-0.02064550321,-0.1136485541,
1859786153,-0.02049989146,-0.1135106592,
1859986173,-0.02000188278,-0.113796325,
1860186193,-0.01977607208,-0.1136412041,
1860386213,-0.01966759538,-0.1140204173,
1860586232,-0.01950341898,-0.1144341558,
1860786252,-0.01891633899,-0.1148080474,
1860986272,-0.01886626508,-0.1150131629,
1861186292,-0.01864559556,-0.1155768242,
1861386311,-0.0184102344,-0.1161349909,
1861586331,-0.01803603678,-0.1161773552,
1861786351,-0.01812733605,-0.1170278165,
1861986371,-0.01826488431,-0.1174918025,
1862186390,-0.01847171907,-0.1181374074,
1862386410,-0.01816533921,-0.1187704329,
1862586430,-0.01849231069,-0.119196221,
1862786450,-0.01874719093,-0.1197943836,
1862986469,-0.01917577133,-0.1201738245,
1863186489,-0.0196185812,-0.1207128361,
1863386509,-0.01980284602,-0.1208364693,
1863586529,-0.02039110954,-0.1211984604,
1863786548,-0.0212909707,-0.1217521068,
1863986568,-0.02161321268,-0.1218324481,
1864186588,-0.02211519253,-0.121417947,
1864386608,-0.0230235687,-0.1215892998,
1864586627,-0.02320672472,-0.1215447539,
1864786647,-0.02374381028,-0.1216523136,
1864986667,-0.02445985166,-0.1212322705,
1865186687,-0.02510246509,-0.1211129988,
1865386706,-0.02542000086,-0.1208655265,
1865586726,-0.0256648712,-0.12010988,
1865786746,-0.02605746641,-0.1195693452,
1865986766,-0.02594816697,-0.1191336049,
1866186785,-0.02632363534,-0.1186956384,
1866386805,-0.02637877012,-0.1178400467,
1866586825,-0.02642227308,-0.1175783406,
1866786845,-0.02667025388,-0.1168520154,
1866986864,-0.02600204144,-0.1164067021,
1867186884,-0.02600757849,-0.1162402252,
1867386904,-0.02559425411,-0.1155666845,
1867586924,-0.02579562831,-0.1155287032,
1867786943,-0.02525984242,-0.1148417713,
1867986963,-0.02505349254,-0.1148136675,
1868186983,-0.02456296301,-0.114596957,
1868387003,-0.02425026023,-0.1142658836,
1868587022,-0.02407583323,-0.1139464798,
1868787042,-0.02351612813,-0.1138574,
1868987062,-0.02316028638,-0.1136193373,
1869187082,-0.02323217878,-0.1133103793,
1869387101,-0.02274903981,-0.1131475364,
1869587121,-0.02216269625,-0.1134687348,
1869787141,-0.02194208132,-0.1130297303,
1869987161,-0.02128931568,-0.1128789887,
1870187180,-0.02084146424,-0.113122819,
1870387200,-0.02052985872,-0.1130334516,
1870587220,-0.01983425058,-0.1133125234,
1870787240,-0.01934285276,-0.1129838224,
1870987259,-0.01896240411,-0.1134196262,
1871187279,-0.01841619657,-0.1135813305,
1871387299,-0.01779000029,-0.1135346476,
1871587319,-0.01740617681,-0.1138420953,
1871787338,-0.01723634815,-0.1142562083,
1871987358,-0.01664212221,-0.1147191987,
1872187378,-0.01624102608,-0.1150420656,
1872387398,-0.01595740027,-0.1155621072,
1872587417,-0.01556667095,-0.1159597851,
1872787437,-0.01543211349,-0.1165273378,
1872987457,-0.01521173777,-0.1170538282,
1873187477,-0.01512249305,-0.1173259191,
1873387496,-0.01480591242,-0.117966313,
1873587516,-0.01513597097,-0.1184576178,
1873787536,-0.01482667713,-0.1190123387,
1873987556,-0.01508999527,-0.1193510038,
1874187575,-0.01518545027,-0.1198529728,
1874387595,-0.01526663829,-0.1199851178,
1874587615,-0.01540328496,-0.1205299364,
1874787635,-0.01570289219,-0.1209650538,
1874987654,-0.01563292015,-0.1210809773,
1875187674,-0.01583667231,-0.1214154821,
1875387694,-0.01572868055,-0.1212610543,
1875587714,-0.01624176739,-0.1216205138,
1875787733,-0.0161480994,-0.1218069511,
1875987753,-0.01619107929,-0.1217868791,
1876187773,-0.01619079461,-0.1218849352,
1876387793,-0.01624527663,-0.1222390682,
1876587812,-0.01603497897,-0.1222704373,
1876787832,-0.01618687124,-0.1228472247,
1876987852,-0.01573162739,-0.122839274,
1877187872,-0.01564226278,-0.1230383378,
1877387892,-0.01604831783,-0.1231743108,
1877587911,-0.01613902875,-0.1236817696,
1877787931,-0.01613690248,-0.1244057895,
1877987951,-0.01602304339,-0.1247492866,
1878187971,-0.01637030411,-0.125013204,
1878387990,-0.016245564,-0.1256363246,
1878588010,-0.01710921038,-0.1258513812,
1878788030,-0.01729643579,-0.1263484594,
1878988050,-0.01748425668,-0.1262548297,
1879188069,-0.01813376842,-0.1265389378,
1879388089,-0.01801291348,-0.1269446067,
1879588109,-0.01931189905,-0.1269310911,
1879788129,-0.01918677492,-0.1270484725,
1879988148,-0.01962309375,-0.1268743959,
1880188168,-0.02004920103,-0.1266258319,
1880388188,-0.0206438771,-0.1266448449,
1880588208,-0.02090224531,-0.1264124701,
1880788227,-0.0211924373,-0.1260994847,
1880988247,-0.02152186275,-0.1255454023,
1881188267,-0.02199542255,-0.1249504453,
1881388287,-0.02181111902,-0.1246759404,
1881588306,-0.02214204748,-0.1245039437,
1881788326,-0.02208164745,-0.1238600474,
1881988346,-0.02194651393,-0.1234596742,
1882188366,-0.02163992433,-0.1230573915,
1882388385,-0.02143438818,-0.1222882822,
1882588405,-0.02133753404,-0.1221006641,
1882788425,-0.0208674677,-0.1218154978,
1882988445,-0.02041745916,-0.1215417208,
1883188464,-0.0199622625,-0.1215275017,
1883388484,-0.01964503927,-0.1210985528,
1883588504,-0.01921263607,-0.1212922514,
1883788524,-0.0184501168,-0.1211523068,
1883988543,-0.01817841333,-0.121166046,
1884188563,-0.01758198328,-0.121224738,
1884388583,-0.01712143117,-0.121534336,
1884588603,-0.01673135535,-0.1214840343,
1884788622,-0.01634696288,-0.1217557781,
1884988642,-0.01585735023,-0.122112523,
1885188662,-0.01552847695,-0.1224636716,
1885388682,-0.01552078573,-0.1227896996,
1885588701,-0.01496440319,-0.1231054819,
1885788721,-0.01445960727,-0.1234286888,
1885988741,-0.01438267281,-0.1237093259,
1886188761,-0.01413792619,-0.1237759482,
1886388780,-0.01365824789,-0.1239629366,
1886588800,-0.01311323853,-0.1243874745,
1886788820,-0.01311068981,-0.1245921899,
1886988840,-0.01263918396,-0.1248308592,
1887188859,-0.01262162815,-0.1250011695,
1887388879,-0.01197545939,-0.1255639652,
1887588899,-0.0118183731,-0.1257932449,
1887788919,-0.01091728737,-0.1260628105,
1887988938,-0.01071804933,-0.1262353074,
1888188958,-0.009672196763,-0.1269142562,
1888388978,-0.009339332891,-0.1275483105,
1888588998,-0.009305332397,-0.1282283124,
1888789017,-0.008358340797,-0.1283523991,
1888989037,-0.007839632651,-0.1294247832,
1889189057,-0.007337384491,-0.1301760585,
1889389077,-0.00716816162,-0.1312890189,
1889589096,-0.006566061584,-0.1324586351,
1889789116,-0.006182425928,-0.1331018478,
1889989136,-0.00604204709,-0.1344310908,
1890189156,-0.005558787221,-0.1355910468,
1890389175,-0.005684578716,-0.1368411089,
1890589195,-0.005228043999,-0.1377518665,
1890789215,-0.005637123868,-0.1393405626,
1890989235,-0.005613139606,-0.1404783859,
1891189254,-0.005963176088,-0.1417957096,
1891389274,-0.006081034101,-0.143197254,
1891589294,-0.006711815446,-0.1443744241,
1891789314,-0.006972386668,-0.1455727126,
1891989333,-0.007488530029,-0.1466452424,
1892189353,-0.008247079481,-0.1481801819,
1892389373,-0.008941243295,-0.1491612301,
1892589393,-0.009689663284,-0.1502930923,
1892789412,-0.01050849527,-0.1515438884,
1892989432,-0.01122398828,-0.1528742943,
1893189452,-0.01178314498,-0.1535558504,
1893389472,-0.01295617991,-0.1544523093,
1893589491,-0.01371148609,-0.1554406099,
1893789511,-0.01501995951,-0.1565342418,
1893989531,-0.01646734129,-0.1574043887,
1894189551,-0.01748402468,-0.1582359784,
1894389570,-0.01856626044,-0.1591628417,
1894589590,-0.01954896523,-0.1598795706,
1894789610,-0.02137734621,-0.1607188066,
1894989630,-0.02237635755,-0.1612021378,
1895189649,-0.02403341301,-0.1616252091,
1895389669,-0.02549509523,-0.1622001282,
1895589689,-0.02705157286,-0.1630261594,
1895789709,-0.02880155348,-0.1635151544,
1895989728,-0.03022733462,-0.1632178802,
1896189748,-0.03150339846,-0.1639084319,
1896389768,-0.03330072817,-0.1636286523,
1896589788,-0.03506257038,-0.1639186608,
1896789807,-0.03682326538,-0.1638915217,
1896989827,-0.03811680519,-0.1635355805,
1897189847,-0.0395340832,-0.1633144008,
1897389867,-0.04134161741,-0.1632388619,
1897589886,-0.043314882,-0.1626367171,
1897789906,-0.04476914116,-0.1624829669,
1897989926,-0.04652028548,-0.1616835867,
1898189946,-0.04809457175,-0.1613524321,
1898389965,-0.04935941786,-0.1603516951,
1898589985,-0.0510568873,-0.1596041913,
1898790005,-0.0524807527,-0.1589744607,
1898990025,-0.05394264214,-0.1577579238,
1899190044,-0.05555412153,-0.1571537617,
1899390064,-0.05710472196,-0.1558911595,
1899590084,-0.05823274725,-0.1549653829,
1899790104,-0.05942485448,-0.153460065,
1899990123,-0.06042308859,-0.1521862951,
1900190143,-0.06176533649,-0.1509862314,
1900390163,-0.06272171164,-0.1493443175,
1900590183,-0.06392317768,-0.1483944074,
1900790202,-0.06416543375,-0.1470493918,
1900990222,-0.06528584079,-0.1450662924,
1901190242,-0.06614064721,-0.1433974255,
1901390262,-0.06639637388,-0.1418685509,
1901590282,-0.06727445782,-0.1402022252,
1901790301,-0.06723656342,-0.1388459719,
1901990321,-0.06792389602,-0.1373182651,
1902190341,-0.068069202,-0.1357599012,
1902390361,-0.0683813511,-0.1342777251,
1902590380,-0.06852167012,-0.1324092623,
1902790400,-0.06836315347,-0.1314751212,
1902990420,-0.06862542579,-0.1298332053,
1903190440,-0.06857719312,-0.1280275149,
1903390459,-0.06815494918,-0.126713135,
1903590479,-0.06805680054,-0.1253972959,
1903790499,-0.06797867791,-0.1236402654,
1903990519,-0.06757201906,-0.1220924407,
1904190538,-0.06720379158,-0.1206641525,
1904390558,-0.0669579197,-0.1198501873,
1904590578,-0.06643503778,-0.1183797238,
1904790598,-0.06583655568,-0.1169328304,
1904990617,-0.0652016091,-0.1154628016,
1905190637,-0.06475777746,-0.1140258392,
1905390657,-0.06391299625,-0.1129157843,
1905590677,-0.06318678749,-0.1121163493,
1905790696,-0.06262793816,-0.1105612217,
1905990716,-0.06165186204,-0.1095803385,
1906190736,-0.06077219728,-0.1085454103,
1906390756,-0.05991233941,-0.1073179109,
1906590775,-0.05906071213,-0.1065837831,
1906790795,-0.05786100277,-0.1054948913,
1906990815,-0.05686143453,-0.1045696204,
1907190835,-0.05549023647,-0.1039443889,
1907390854,-0.05405329025,-0.1030119586,
1907590874,-0.05337990911,-0.1027511836,
1907790894,-0.05212810463,-0.1023827067,
1907990914,-0.05098011695,-0.1021158723,
1908190933,-0.04995803877,-0.1016877715,
1908390953,-0.0487708778,-0.1015799573,
1908590973,-0.04774806391,-0.1008990375,
1908790993,-0.04653730454,-0.100902738,
1908991012,-0.04569881691,-0.1007855727,
1909191032,-0.04474561763,-0.1010300439,
1909391052,-0.04359142952,-0.1010002191,
1909591072,-0.04290275999,-0.1014130616,
1909791091,-0.04210348435,-0.1013445514,
1909991111,-0.04135794742,-0.1011902131,
1910191131,-0.04065253587,-0.101131344,
1910391151,-0.04015949419,-0.1016393525,
1910591170,-0.03928380357,-0.1013774596,
1910791190,-0.03871155756,-0.1014020968,
1910991210,-0.03782229451,-0.1013797285,
1911191230,-0.03701650269,-0.1015545401,
1911391249,-0.03625706851,-0.1017378324,
1911591269,-0.03611775573,-0.1015427704,
1911791289,-0.03481880522,-0.1016257004,
1911991309,-0.03429618377,-0.1015919047,
1912191328,-0.03345108807,-0.1019152825,
1912391348,-0.03279490321,-0.1018913403,
1912591368,-0.03218804652,-0.1022644643,
1912791388,-0.0315102835,-0.1024040534,
1912991407,-0.03083785663,-0.1026311283,
1913191427,-0.03043650258,-0.1028646051,
1913391447,-0.02942394664,-0.1027920639,
1913591467,-0.02912996713,-0.1033508737,
1913791486,-0.02856026582,-0.1035331174,
1913991506,-0.02798565725,-0.1037205346,
1914191526,-0.02726663455,-0.1039622187,
1914391546,-0.02671355888,-0.1042198422,
1914591565,-0.02600421417,-0.1043782586,
1914791585,-0.02556029247,-0.1050910279,
1914991605,-0.02496074249,-0.1052242858,
1915191625,-0.0242604193,-0.1054199594,
1915391644,-0.02426238711,-0.1060091081,
1915591664,-0.02335818384,-0.1060374525,
1915791684,-0.0225738174,-0.1066014062,
1915991704,-0.02256789422,-0.1071999338,
1916191723,-0.0215614548,-0.1073141277,
1916391743,-0.0212884942,-0.1081280176,
1916591763,-0.02062359247,-0.1083543029,
1916791783,-0.02021372409,-0.1088566117,
1916991802,-0.01957350946,-0.1092347642,
1917191822,-0.019298404,-0.109409102,
1917391842,-0.01900398716,-0.1101954614,
1917591862,-0.01867142493,-0.1107308643,
1917791881,-0.01804991232,-0.1113848104,
1917991901,-0.01787031573,-0.1115329638,
1918191921,-0.01698103681,-0.1120126904,
1918391941,-0.01687471598,-0.1125817794,
1918591960,-0.01664126425,-0.1130641167,
1918791980,-0.01597848925,-0.1133133268,
1918992000,-0.01584434668,-0.1142718043,
1919192020,-0.01534806191,-0.1144601262,
1919392039,-0.01489295056,-0.1150365623,
1919592059,-0.01443046871,-0.1157139744,
1919792079,-0.014384142,-0.116586719,
1919992099,-0.0138009093,-0.1171601052,
1920192118,-0.0135569891,-0.1176703901,
1920392138,-0.01343290671,-0.1184235597,
1920592158,-0.01309409792,-0.1193812669,
1920792178,-0.01295528427,-0.1195857972,
1920992197,-0.01271981347,-0.1205266898,
1921192217,-0.01254954732,-0.1215008863,
1921392237,-0.01269418618,-0.1224463095,
1921592257,-0.01262565744,-0.1233499126,
1921792276,-0.01257202234,-0.1239459475,
1921992296,-0.01262113542,-0.1246466207,
1922192316,-0.01230274887,-0.1252749421,
1922392336,-0.01250412352,-0.1259461003,
1922592355,-0.01296342112,-0.1267316375,
1922792375,-0.01268243053,-0.1273166265,
1922992395,-0.01259199575,-0.128431635,
1923192415,-0.01313258526,-0.1287940905,
1923392434,-0.01345491392,-0.1296695271,
1923592454,-0.01316999024,-0.1302708156,
1923792474,-0.01369555753,-0.1306103953,
1923992494,-0.01370622824,-0.1312701966,
1924192513,-0.01379257706,-0.1319337098,
1924392533,-0.01384453006,-0.1327175738,
1924592553,-0.01429659623,-0.1330655726,
1924792573,-0.01447901341,-0.1337758098,
1924992592,-0.01433963107,-0.1345765076,
1925192612,-0.01484966428,-0.1354940875,
1925392632,-0.01521137138,-0.1359856541,
1925592652,-0.01540929817,-0.1366866923,
1925792671,-0.01586945505,-0.1374173935,
1925992691,-0.01646054663,-0.1380501927,
1926192711,-0.01703181445,-0.1390491409,
1926392731,-0.01701099954,-0.1391078209,
1926592751,-0.01842404627,-0.1399789293,
1926792770,-0.01858533418,-0.1406035477,
1926992790,-0.01945035768,-0.1407953529,
1927192810,-0.02041839439,-0.14112485,
1927392830,-0.02098001968,-0.1414138243,
1927592849,-0.02136205447,-0.1417210827,
1927792869,-0.02266098268,-0.1421111223,
1927992889,-0.0229895158,-0.1423654545,
1928192909,-0.02344077022,-0.1425703608,
1928392928,-0.02450342463,-0.1428721006,
1928592948,-0.02527912888,-0.1424417075,
1928792968,-0.02583427204,-0.1424473194,
1928992988,-0.02642092379,-0.1423264004,
1929193007,-0.02691011573,-0.1426242521,
1929393027,-0.02751033282,-0.1423200959,
1929593047,-0.02804697169,-0.1422176685,
1929793067,-0.0282080128,-0.1424661298,
1929993086,-0.02821899275,-0.1422516158,
1930193106,-0.0289836758,-0.1418144788,
1930393126,-0.02904192247,-0.1420383292,
1930593146,-0.02979731921,-0.1420764273,
1930793165,-0.03023893449,-0.1424921021,
1930993185,-0.03018645228,-0.142221614,
1931193205,-0.03070744072,-0.1418322987,
1931393225,-0.03122790658,-0.1423880937,
1931593244,-0.03125127501,-0.1423085664,
1931793264,-0.0317343032,-0.1423238934,
1931993284,-0.03238620797,-0.1424018723,
1932193304,-0.03280919323,-0.1427762378,
1932393323,-0.03324916005,-0.1421779631,
1932593343,-0.03395100458,-0.1425123101,
1932793363,-0.03422347445,-0.1427747643,
1932993383,-0.03449216693,-0.1426201736,
1933193402,-0.03541919119,-0.1425557634,
1933393422,-0.03585695925,-0.1419866184,
1933593442,-0.03680177875,-0.1422717279,
1933793462,-0.03730446545,-0.1416733507,
1933993481,-0.03768533066,-0.141407105,
1934193501,-0.03846064542,-0.1410291959,
1934393521,-0.03923434245,-0.1407358586,
1934593541,-0.04008996774,-0.1402632193,
1934793560,-0.03992602015,-0.1398681872,
1934993580,-0.04049392218,-0.1392438132,
1935193600,-0.04072743211,-0.1384075365,
1935393620,-0.04128958496,-0.1379867131,
1935593639,-0.04169321743,-0.1373181866,
1935793659,-0.04184069053,-0.1366672382,
1935993679,-0.0419999855,-0.1361243843,
1936193699,-0.04224776336,-0.1354008847,
1936393718,-0.04222764839,-0.1345355891,
1936593738,-0.04191320568,-0.1339522693,
1936793758,-0.04148151221,-0.1329803053,
1936993778,-0.04165169869,-0.1325915949,
1937193797,-0.04183253324,-0.1315235852,
1937393817,-0.04119022959,-0.1310819396,
1937593837,-0.04104938394,-0.1305056222,
1937793857,-0.04031269569,-0.1296354041,
1937993876,-0.03977581654,-0.1290028727,
1938193896,-0.03899190249,-0.1285142597,
1938393916,-0.03844781295,-0.1280685138,
1938593936,-0.03791886473,-0.1277783141,
1938793955,-0.03686598701,-0.1274244428,
1938993975,-0.0358001332,-0.1270967747,
1939193995,-0.03518034734,-0.127152892,
1939394015,-0.03424012277,-0.127257443,
1939594034,-0.03327482002,-0.1277043169,
1939794054,-0.03214432556,-0.1279544663,
1939994074,-0.03186371447,-0.1281453803,
1940194094,-0.03063970718,-0.1286342018,
1940394113,-0.03026435443,-0.1293133672,
1940594133,-0.029592721,-0.1302094274,
1940794153,-0.02868257497,-0.1308852929,
1940994173,-0.02853526541,-0.131431408,
1941194192,-0.02802680044,-0.1324244245,
1941394212,-0.0279167177,-0.1331502586,
1941594232,-0.02776443512,-0.1339310642,
1941794252,-0.02749899333,-0.1348777073,
1941994271,-0.02797608933,-0.1358511161,
1942194291,-0.02787969732,-0.1362536908,
1942394311,-0.02808582161,-0.1374202445,
1942594331,-0.02800992418,-0.1378629816,
1942794350,-0.02829524512,-0.1385137879,
1942994370,-0.02845835577,-0.1391260187,
1943194390,-0.02850687916,-0.1397671298,
1943394410,-0.0286961259,-0.1398034023,
1943594429,-0.02903625342,-0.1406003942,
1943794449,-0.02963077361,-0.1412354014,
1943994469,-0.02956040336,-0.141917489,
1944194489,-0.03001147932,-0.14252246,
1944394508,-0.03063674434,-0.143012782,
1944594528,-0.03093300778,-0.1434180063,
1944794548,-0.03105465307,-0.1441043839,
1944994568,-0.03118774354,-0.1440399764,
1945194587,-0.03215729594,-0.1448778965,
1945394607,-0.03241479332,-0.1450271062,
1945594627,-0.0326046004,-0.1459872483,
1945794647,-0.03307011223,-0.1460194129,
1945994666,-0.03376096183,-0.1464632876,
1946194686,-0.03418522302,-0.1467437673,
1946394706,-0.03454623135,-0.1475348491,
1946594726,-0.03504284238,-0.1478137218,
1946794745,-0.03573694597,-0.1482588609,
1946994765,-0.03620827594,-0.1489035687,
1947194785,-0.03668490704,-0.1494834481,
1947394805,-0.03791860582,-0.1495827954,
1947594824,-0.03823795157,-0.1501197574,
1947794844,-0.0388454348,-0.1500028955,
1947994864,-0.03989382664,-0.1506386021,
1948194884,-0.04079874811,-0.1510294628,
1948394903,-0.0416359365,-0.1512487951,
1948594923,-0.04264692736,-0.1510698396,
1948794943,-0.044111362,-0.1515406963,
1948994963,-0.04488026656,-0.1513219286,
1949194982,-0.04562521556,-0.1510377219,
1949395002,-0.0469701352,-0.151291683,
1949595022,-0.04790249661,-0.1501174148,
1949795042,-0.04938248234,-0.1500459123,
1949995061,-0.05046840928,-0.1495775672,
1950195081,-0.05091234633,-0.1485480999,
1950395101,-0.05160634024,-0.1481294877,
1950595121,-0.05242928012,-0.147014484,
1950795141,-0.05290154868,-0.1463111734,
1950995160,-0.0534977921,-0.1455235436,
1951195180,-0.05363219407,-0.1448198187,
1951395200,-0.05420620595,-0.1433274132,
1951595220,-0.05439849434,-0.142939318,
1951795239,-0.0540893586,-0.1423222686,
1951995259,-0.05380060029,-0.1408872656,
1952195279,-0.05391318138,-0.1403142848,
1952395299,-0.05354076956,-0.1397843808,
1952595318,-0.05340693458,-0.139114642,
1952795338,-0.05283056366,-0.1387709016,
1952995358,-0.05269098228,-0.138287725,
1953195378,-0.05201801573,-0.1378921906,
1953395397,-0.05201492171,-0.1383327813,
1953595417,-0.05120836615,-0.1381183966,
1953795437,-0.05063753244,-0.1377952432,
1953995457,-0.05071091837,-0.1378630212,
1954195476,-0.05028154998,-0.1382928149,
1954395496,-0.05007932436,-0.1388216285,
1954595516,-0.04985098455,-0.138662514,
1954795536,-0.04992268372,-0.1390006809,
1954995555,-0.04988526184,-0.1396621924,
1955195575,-0.04983236388,-0.1398148498,
1955395595,-0.05013579751,-0.1402660168,
1955595615,-0.05007591428,-0.1403569633,
1955795634,-0.05024253456,-0.1406377047,
1955995654,-0.0509853174,-0.1410648541,
1956195674,-0.05138951758,-0.1415823952,
1956395694,-0.05140030013,-0.1413924628,
1956595713,-0.05150004821,-0.142066921,
1956795733,-0.05244870967,-0.1421918584,
1956995753,-0.05270386702,-0.1424296231,
1957195773,-0.05343778078,-0.1424814122,
1957395792,-0.05401339043,-0.1426349727,
1957595812,-0.05455627967,-0.1425717401,
1957795832,-0.05564897454,-0.1427158679,
1957995852,-0.05618086818,-0.1431947182,
1958195871,-0.05711455521,-0.1425085682,
1958395891,-0.0575312632,-0.1421959598,
1958595911,-0.05839380433,-0.1424275841,
1958795931,-0.05912189227,-0.1415427202,
1958995950,-0.05945509709,-0.1415658903,
1959195970,-0.06027587286,-0.1410910293,
1959395990,-0.06111998738,-0.1407281709,
1959596010,-0.06144454317,-0.1398538213,
1959796029,-0.0620110353,-0.1396175095,
1959996049,-0.06236253673,-0.1387738887,
1960196069,-0.06352282046,-0.1377615451,
1960396089,-0.06324624108,-0.1372641133,
1960596108,-0.06369205316,-0.1364876155,
1960796128,-0.06392206565,-0.1360432317,
1960996148,-0.06425565815,-0.1350540291,
1961196168,-0.06408294819,-0.1345502393,
1961396187,-0.06445428038,-0.134438912,
1961596207,-0.06404086127,-0.1330352676,
1961796227,-0.06422826781,-0.1326423686,
1961996247,-0.06434772354,-0.1315257956,
1962196266,-0.06383271612,-0.1313483928,
1962396286,-0.06373812299,-0.1305440761,
1962596306,-0.06345494965,-0.1303152702,
1962796326,-0.06337045549,-0.1295719138,
1962996345,-0.06328110317,-0.1296917746,
1963196365,-0.06293859956,-0.1288405193,
1963396385,-0.06294235998,-0.1289662851,
1963596405,-0.06251926927,-0.1285088495,
1963796424,-0.06220529235,-0.1287408123,
1963996444,-0.06244470764,-0.1281480446,
1964196464,-0.06231405308,-0.1283717246,
1964396484,-0.0620250211,-0.1286209329,
1964596503,-0.06222223766,-0.1276209911,
1964796523,-0.06226400335,-0.1280347916,
1964996543,-0.06255988757,-0.1279658251,
1965196563,-0.06264548134,-0.1284337845,
1965396582,-0.06318665147,-0.1275933196,
1965596602,-0.06337182891,-0.1270746498,
1965796622,-0.06326729678,-0.1272062258,
1965996642,-0.06399808549,-0.1269615249,
1966196661,-0.06404952792,-0.126741595,
1966396681,-0.06496100255,-0.1260013238,
1966596701,-0.06491114774,-0.1256523759,
1966796721,-0.06533084002,-0.1247429666,
1966996740,-0.06565661844,-0.1243126145,
1967196760,-0.06555364126,-0.123455884,
1967396780,-0.06573380627,-0.1230781374,
1967596800,-0.06582235899,-0.122059806,
1967796819,-0.06577619161,-0.1213659326,
1967996839,-0.06587444252,-0.1207448015,
1968196859,-0.0656240422,-0.119954849,
1968396879,-0.06561023087,-0.1191257424,
1968596898,-0.06530037076,-0.1185461369,
1968796918,-0.06498399836,-0.1170427239,
1968996938,-0.06433942285,-0.1167243753,
1969196958,-0.06380304453,-0.1156576125,
1969396977,-0.06300867197,-0.1153924964,
1969596997,-0.06247567022,-0.1149228166,
1969797017,-0.06187791375,-0.1139684829,
1969997037,-0.06137162116,-0.1138127334,
1970197056,-0.06064713672,-0.1134832571,
1970397076,-0.05959727782,-0.1131256563,
1970597096,-0.05883623733,-0.1127398786,
1970797116,-0.05865845228,-0.1124443867,
1970997135,-0.05759183375,-0.112771152,
1971197155,-0.05719752057,-0.1126799261,
1971397175,-0.05621560035,-0.1124395954,
1971597195,-0.05596958966,-0.1123400492,
1971797214,-0.05476177517,-0.1123465187,
1971997234,-0.05441298908,-0.1123283289,
1972197254,-0.05395362892,-0.1124767647,
1972397274,-0.0531874161,-0.112390509,
1972597293,-0.05278076169,-0.1129594039,
1972797313,-0.05185166391,-0.1130711863,
1972997333,-0.05170365317,-0.1129181872,
1973197353,-0.0507090252,-0.1131436854,
1973397372,-0.05022137782,-0.1135711592,
1973597392,-0.04979114926,-0.1135891804,
1973797412,-0.04942724521,-0.114056965,
1973997432,-0.04899744017,-0.1142261962,
1974197451,-0.0483056788,-0.1149991334,
1974397471,-0.04751735066,-0.115493658,
1974597491,-0.04771821246,-0.1159882988,
1974797511,-0.04738311141,-0.1162166411,
1974997530,-0.0469365442,-0.1171151313,
1975197550,-0.0470768008,-0.1174124879,
1975397570,-0.0467583408,-0.1180991525,
1975597590,-0.04641588845,-0.1186490326,
1975797610,-0.0466697894,-0.1190992464,
1975997629,-0.04654253023,-0.1195808802,
1976197649,-0.0462100725,-0.1203742224,
1976397669,-0.04686388272,-0.1207421907,
1976597689,-0.04725805863,-0.1215471028,
1976797708,-0.04670492266,-0.1219790432,
1976997728,-0.04756080214,-0.1222463217,
1977197748,-0.04717508587,-0.1227615492,
1977397768,-0.04779408728,-0.1229104093,
1977597787,-0.04852777881,-0.1236502377,
1977797807,-0.04862055105,-0.1238222823,
1977997827,-0.0491312901,-0.1241051911,
1978197847,-0.04964158388,-0.1244431239,
1978397866,-0.04976488107,-0.124603487,
1978597886,-0.05035815779,-0.1247582976,
1978797906,-0.05013760929,-0.1247263214,
1978997926,-0.05077686806,-0.1245011978,
1979197945,-0.05112554717,-0.1246596533,
1979397965,-0.05163181497,-0.1247535079,
1979597985,-0.05236765271,-0.1246084317,
1979798005,-0.05284263897,-0.1248343871,
1979998024,-0.05279757768,-0.1247971994,
1980198044,-0.0529559897,-0.1244705466,
1980398064,-0.05324372006,-0.1244279172,
1980598084,-0.05351499051,-0.1241914348,
1980798103,-0.05393596097,-0.1241920076,
1980998123,-0.05395074347,-0.1243884463,
1981198143,-0.05450749512,-0.1240994702,
1981398163,-0.05463564487,-0.1241126535,
1981598182,-0.05448346174,-0.1236858983,
1981798202,-0.05482917349,-0.1237881018,
1981998222,-0.05513167226,-0.1236309231,
1982198242,-0.0553160542,-0.1237568758,
1982398261,-0.05604524252,-0.1237092555,
1982598281,-0.05628544332,-0.12327209,
1982798301,-0.05646325796,-0.123089971,
1982998321,-0.05678093694,-0.1229232089,
1983198340,-0.0569362624,-0.122853806,
1983398360,-0.05735915756,-0.1221800471,
1983598380,-0.05721430532,-0.1222353832,
1983798400,-0.05836450597,-0.1218748638,
1983998419,-0.05846538297,-0.1219216992,
1984198439,-0.05848222028,-0.1209949229,
1984398459,-0.05870997825,-0.1207598086,
1984598479,-0.05917172137,-0.1204165176,
1984798498,-0.0597914423,-0.1202316961,
1984998518,-0.05929551556,-0.1193169873,
1985198538,-0.05939122872,-0.1187613279,
1985398558,-0.05967769349,-0.1183231574,
1985598577,-0.05984335625,-0.1175581761,
1985798597,-0.05979840113,-0.1169490275,
1985998617,-0.05980609895,-0.1166605499,
1986198637,-0.05988085206,-0.1158087274,
1986398656,-0.0597837461,-0.115582116,
1986598676,-0.05945086816,-0.1145266037,
1986798696,-0.05925144889,-0.1143880085,
1986998716,-0.05888496075,-0.113808057,
1987198735,-0.05869289451,-0.1130904588,
1987398755,-0.05832055129,-0.1132287217,
1987598775,-0.0579450233,-0.1126958822,
1987798795,-0.05744063893,-0.1127094659,
1987998814,-0.05676334135,-0.1126938006,
1988198834,-0.0561506892,-0.1120740739,
1988398854,-0.05589781914,-0.1122386084,
1988598874,-0.05576535651,-0.1120479393,
1988798893,-0.05538106951,-0.1119241386,
1988998913,-0.05524801842,-0.1116850487,
1989198933,-0.05487482475,-0.1122011217,
1989398953,-0.05420009785,-0.1123331751,
1989598972,-0.05439763891,-0.1119591181,
1989798992,-0.05418403917,-0.1125424991,
1989999012,-0.0542258824,-0.1124403843,
1990199032,-0.05459176962,-0.112498935,
1990399051,-0.05475755775,-0.1123918879,
1990599071,-0.05455526385,-0.1127929637,
1990799091,-0.05508430723,-0.1126611228,
1990999111,-0.05482041372,-0.1126409939,
1991199130,-0.05484565293,-0.1118901238,
1991399150,-0.05537911597,-0.1122105904,
1991599170,-0.05554655744,-0.1117828084,
1991799190,-0.05592736249,-0.1116221571,
1991999209,-0.05604130122,-0.1109617322,
1992199229,-0.05641018901,-0.1107246095,
1992399249,-0.0564794452,-0.1098736189,
1992599269,-0.05627549752,-0.1092072966,
1992799288,-0.0561708727,-0.1086858871,
1992999308,-0.0560376142,-0.1076762078,
1993199328,-0.05578904155,-0.1067090045,
1993399348,-0.05564447396,-0.1063036282,
1993599367,-0.05539481851,-0.1060623993,
1993799387,-0.05469273037,-0.1049163956,
1993999407,-0.05436018264,-0.1043260049,
1994199427,-0.05364206021,-0.1039174489,
1994399446,-0.05312879304,-0.1033650259,
1994599466,-0.05203478496,-0.102748104,
1994799486,-0.05130996746,-0.1023000076,
1994999506,-0.05089724334,-0.1020160227,
1995199525,-0.04996791666,-0.101770561,
1995399545,-0.04878254191,-0.1015270606,
1995599565,-0.04774708124,-0.1012559112,
1995799585,-0.04695402817,-0.1012872662,
1995999604,-0.04635153682,-0.1005866427,
1996199624,-0.04510312721,-0.101093707,
1996399644,-0.04405089363,-0.1010476933,
1996599664,-0.04316869878,-0.101601291,
1996799683,-0.04261682822,-0.1017542163,
1996999703,-0.04190487288,-0.1021476249,
1997199723,-0.04149834351,-0.1021607496,
1997399743,-0.04038434198,-0.1030792284,
1997599762,-0.03956238757,-0.1034888461,
1997799782,-0.03919073977,-0.1039986097,
1997999802,-0.0387596823,-0.1046119354,
1998199822,-0.03836011217,-0.1048179241,
1998399841,-0.03772681401,-0.1056713383,
1998599861,-0.03723050123,-0.1062334324,
1998799881,-0.03708784731,-0.1061403644,
1998999901,-0.03704314329,-0.1074201723,
1999199920,-0.03655528908,-0.1073534794,
1999399940,-0.03639304841,-0.1078797978,
1999599960,-0.03614200116,-0.1080454659,
1999799980,-0.03574062692,-0.1085160936,
2000000000,-0.03512618345,-0.1086651132,
