Frequency_Hz,ADS_Re,ADS_Im,DGV3_Re,DGV3_Im
100000,0.8911443983,-0.447714357,0.8702339727,-0.4339595812
200000,0.5805942024,-0.7955899153,0.5778546913,-0.7670650287
300000,0.1379320573,-0.9502526341,0.1730830126,-0.9349805754
400000,-0.3195085098,-0.8674665007,-0.2600999771,-0.9061078955
500000,-0.6674587959,-0.5769979136,-0.6321852592,-0.6894190373
600000,-0.8228993895,-0.1701419208,-0.8671520053,-0.33244591
700000,-0.7677109098,0.2409037679,-0.9181721326,0.08886918727
800000,-0.5394814084,0.5621763464,-0.7770474784,0.4861653132
900000,-0.2062928584,0.7366748093,-0.4755250021,0.77709727
1000000,0.1559201144,0.7447843325,-0.07830206965,0.902354142
1100000,0.4767908653,0.5971740906,0.3307469511,0.8377362633
1200000,0.6982031911,0.3278614916,0.6661986492,0.5988239109
1300000,0.7790024954,-0.01061944666,0.8588636175,0.2373329217
1400000,0.7008334969,-0.3519541513,0.8700248811,-0.1700107902
1500000,0.4749615785,-0.6242606401,0.6992011356,-0.5376965703
1600000,0.1462485949,-0.7642417686,0.3838767363,-0.7893319923
1700000,-0.2117148178,-0.7354259481,-0.008674120945,-0.8734811379
1800000,-0.5137905351,-0.542840795,-0.3956964457,-0.7741575488
1900000,-0.6884161165,-0.2345779743,-0.6963616245,-0.513832348
2000000,-0.699093521,0.1129586349,-0.8486176413,-0.1483955471
2100000,-0.5519909097,0.418971643,-0.8219739437,0.2448096437
2200000,-0.2886349984,0.619612179,-0.6235892622,0.5833248884
2300000,0.0292843982,0.6795108252,-0.2964489749,0.7968418928
2400000,0.3351656618,0.5937318216,0.08992144791,0.8417842701
2500000,0.5690897898,0.3842475397,0.4542068121,0.7101849195
2600000,0.6860141954,0.09441504963,0.720392259,0.4310525474
2700000,0.6621838859,-0.2175601195,0.8336056015,0.06400310384
2800000,0.5003712252,-0.4871616295,0.7714135326,-0.3134515275
2900000,0.2324169004,-0.6552766493,0.5482485576,-0.6222518924
3000000,-0.08408850591,-0.6822693059,0.2120962173,-0.7983323402
3100000,-0.3773891421,-0.5603053764,-0.1658045069,-0.8058978168
3200000,-0.5798944931,-0.3178886343,-0.5060410061,-0.6446871077
3300000,-0.6468723083,-0.01282361268,-0.737698656,-0.3497509764
3400000,-0.5677013617,0.2842722824,-0.813127422,0.01615114721
3500000,-0.3658092301,0.5088406429,-0.7177311243,0.3758905014
3600000,-0.08941530163,0.6166014992,-0.4727703047,0.6542124052
3700000,0.2015575548,0.5901558061,-0.1306448999,0.7934658367
3800000,0.4478836452,0.4390714081,0.2363010693,0.7655339153
3900000,0.6009235682,0.1960149775,0.5510639025,0.5774983798
4000000,0.6301444697,-0.08933312574,0.7481272617,0.2698992566
4100000,0.5286630903,-0.3583031957,0.7870883683,-0.09199248008
4200000,0.3161461052,-0.5535781867,0.6609313663,-0.4320133281
4300000,0.037174785,-0.6313872205,0.3972555802,-0.6791253241
4400000,-0.2468075132,-0.5730208045,0.05225192013,-0.7822472694
4500000,-0.4716884333,-0.3913569067,-0.3012610038,-0.7208046502
4600000,-0.5872349491,-0.1286515849,-0.5891961012,-0.5088210813
4700000,-0.5699908407,0.1546146878,-0.7517148809,-0.1917403823
4800000,-0.4278343183,0.3957214729,-0.75565436,0.1633051625
4900000,-0.1956098388,0.544589463,-0.6012847241,0.4816985636
5000000,0.07503742863,0.5733425901,-0.3220225611,0.6970107049
5100000,0.327487289,0.4796108536,0.02279211736,0.764851722
5200000,0.5108244187,0.2849094068,0.3604961527,0.6720146079
5300000,0.5883864999,0.0298041663,0.6204071631,0.4390291646
5400000,0.5440933067,-0.2332159775,0.7486096451,0.1156361302
5500000,0.3861903367,-0.4489708734,0.7191317273,-0.2298237109
5600000,0.1472157245,-0.5705350029,0.539197065,-0.5248437001
5700000,-0.1213065841,-0.5702420525,0.2474918126,-0.7079618029
5800000,-0.3598098293,-0.4475704113,-0.09414436745,-0.7415581043
5900000,-0.5151174723,-0.2304511798,-0.4138205131,-0.6195760212
6000000,-0.5538652368,0.03147568662,-0.6447153552,-0.3685839907
6100000,-0.4702250566,0.2796791466,-0.7390381406,-0.0419987804
6200000,-0.2857241198,0.4610765823,-0.677913829,0.2912757106
6300000,-0.04235511933,0.5393908011,-0.4751492824,0.5613792741
6400000,0.2077971896,0.5012061268,-0.1741312653,0.7121329175
6500000,0.4133018968,0.3568033595,0.1614501704,0.7127174586
6600000,0.5326970293,0.1370316862,0.4610709975,0.563966645
6700000,0.5417105013,-0.1126268472,0.6621880547,0.2979912756
6800000,0.4380005436,-0.3402052009,0.7232885605,-0.02874469731
6900000,0.2426109764,-0.4971522644,0.6324527191,-0.3474047922
7000000,-0.003039864735,-0.5488289905,0.4096644848,-0.5912765852
7100000,-0.2453066823,-0.4832394272,0.102425745,-0.7097325815
7200000,-0.4305540133,-0.3149582153,-0.224365746,-0.6787349245
7300000,-0.5182745057,-0.08213354565,-0.5021190952,-0.5057054309
7400000,-0.4908507659,0.1630233385,-0.6729415984,-0.2277759307
7500000,-0.3568736935,0.3671521348,-0.7017002715,0.09617372052
7600000,-0.1476328971,0.4878804517,-0.5832417,0.397984082
7700000,0.09116369218,0.5020559821,-0.3432877378,0.6145518378
7800000,0.3095276956,0.4090163897,-0.03285815054,0.7010186712
7900000,0.4628886307,0.2294512979,0.282572083,0.640057783
8000000,0.5201221818,0.0009270294159,0.5368776542,0.4453366083
8100000,0.4693017071,-0.2290916044,0.6771403794,0.1584657195
8200000,0.3205280547,-0.4121311101,0.6746561878,-0.1598876014
8300000,0.1049009707,-0.5086121494,0.5308031479,-0.4428244851
8400000,-0.1311487992,-0.4969978514,0.2765721917,-0.6312680569
8500000,-0.3358472635,-0.3796187777,-0.03410319436,-0.6862941655
8600000,-0.4642609977,-0.1828140666,-0.335783943,-0.5971664589
8700000,-0.4891302811,0.04929817605,-0.5653047505,-0.3834181501
8800000,-0.4069425338,0.2656678626,-0.6749952318,-0.09057972509
8900000,-0.2376795122,0.4203131879,-0.6425764438,0.2195147457
9000000,-0.01906522044,0.482046517,-0.4756791263,0.481779865
9100000,0.2023433705,0.4399624515,-0.2100687799,0.6415354985
9200000,0.3807681376,0.3044261409,0.09801358542,0.6659030485
9300000,0.479826106,0.1042908712,0.3837558814,0.5505670743
9400000,0.4792131792,-0.1187646036,0.5874056505,0.3205127357
9500000,0.3787922134,-0.3180614373,0.6667611951,0.02461968974
9600000,0.1993044715,-0.4511170273,0.6059126859,-0.274719167
9700000,-0.0210803054,-0.488856177,0.4184235992,-0.5147501904
9800000,-0.234512896,-0.4227244443,0.1443180943,-0.6455109679
9900000,-0.3942569876,-0.2673701289,-0.1584586879,-0.640226157
10000000,-0.4657653225,-0.05750787515,-0.4262862848,-0.5007848769
10100000,-0.4347222218,0.1604513945,-0.6032334303,-0.2571802608
10200000,-0.3097191021,0.339469106,-0.6527347532,0.03893677541
10300000,-0.1192519621,0.4423525309,-0.5651426709,0.3252051832
10400000,0.09542994023,0.4490721441,-0.3595956458,0.5416832429
10500000,0.2893353146,0.3598592277,-0.07984370705,0.6433963085
10600000,0.4226099483,0.194287154,0.2150597004,0.6096769011
10700000,0.4679902528,-0.01290591935,0.463219989,0.4483582088
10800000,0.4160176461,-0.2184718025,0.6128885889,0.1939713977
10900000,0.2772875374,-0.3790160497,0.6332506326,-0.09964165976
11000000,0.08098374482,-0.4599794095,0.5207650268,-0.3707207874
11100000,-0.1307038946,-0.4435237707,0.2997533636,-0.5625752422
11200000,-0.3116807139,-0.333174261,0.01714653874,-0.6354362343
11300000,-0.4225840429,-0.1534557709,-0.2674773381,-0.5746968494
11400000,-0.4400102626,0.05581247272,-0.494449812,-0.3938328469
11500000,-0.3616250838,0.2490176352,-0.6165178713,-0.1314219301
11600000,-0.2059142605,0.3852223521,-0.6086782378,0.1570810157
11700000,-0.00718526994,0.4367850628,-0.4732941174,0.4110599874
11800000,0.1923336321,0.3943920543,-0.2394482947,0.5774706146
11900000,0.3512324613,0.268081919,0.04329995544,0.6219156339
12000000,0.4368996652,0.08471390349,0.3154148765,0.5357511959
12100000,0.4316993414,-0.1173793816,0.5199172149,0.3377566379
12200000,0.3365738156,-0.2957869766,0.6143124525,0.07004771602
12300000,0.1713479024,-0.4125266925,0.5794177906,-0.210878601
12400000,-0.02880684276,-0.4422708945,0.4232549976,-0.4460643007
12500000,-0.2206185075,-0.3784020971,0.179220291,-0.5864610569
12600000,-0.362383481,-0.2350097086,-0.1010539141,-0.6031564432
12700000,-0.4236432638,-0.04383688147,-0.3586204089,-0.4933241419
12800000,-0.3921249418,0.153202795,-0.5396122355,-0.2806743938
12900000,-0.2760448738,0.3137933651,-0.6065055928,-0.01034019157
13000000,-0.1014897923,0.4045244839,-0.5458962375,0.2606988162
13100000,0.09391986807,0.4075332447,-0.3711784658,0.4756235279
13200000,0.2691835987,0.3234353573,-0.1195927767,0.5896840089
13300000,0.3881107156,0.1705568386,0.155708592,0.579514168
13400000,0.4262516092,-0.01895997481,0.3968884178,0.4479142291
13500000,0.3756697199,-0.20543785,0.5535727948,0.2231230425
13600000,0.2468142317,-0.3494866594,0.593369851,-0.04723762807
13700000,0.06687941786,-0.4202086585,0.5085629819,-0.3062490125
13800000,-0.1255340746,-0.4021708634,0.3175962365,-0.499675895
13900000,-0.288742413,-0.2992993792,0.06106839109,-0.5873206188
14000000,-0.387461022,-0.1343010585,-0.2068953256,-0.5513741232
14100000,-0.4009199888,0.05655008311,-0.4300607313,-0.4000296675
14200000,-0.3273492381,0.2318931092,-0.5618834572,-0.1656270416
14300000,-0.1837794656,0.3546292561,-0.5752139285,0.1022546767
14400000,-0.001620461639,0.3997233588,-0.4678854961,0.3472812212
14500000,0.1804613688,0.3588758172,-0.2630362593,0.5182076301
14600000,0.3245682841,0.241562125,-0.004125008522,0.5795932723
14700000,0.4009943208,0.07272272965,0.2542859736,0.5191474528
14800000,0.3939650477,-0.1122567321,0.4580269168,0.3501836974
14900000,0.3048825037,-0.2744936396,0.564673708,0.1086940698
15000000,0.1524095322,-0.3794926337,0.5523792076,-0.1543149067
15100000,-0.03099250814,-0.4045969101,0.4243448641,-0.3835933417
15200000,-0.2058033636,-0.3443055461,0.2080182145,-0.5312520304
15300000,-0.3342057013,-0.2118703459,-0.05078786004,-0.5667627476
15400000,-0.3887274382,-0.03641576274,-0.2975948536,-0.4832669843
15500000,-0.3584131708,0.1438159329,-0.480724156,-0.2988900273
15600000,-0.2509024573,0.2902369973,-0.5621158034,-0.05281101429
15700000,-0.09013364217,0.3723388931,-0.5252360421,0.203059907
15800000,0.08934676714,0.3738110455,-0.3784313026,0.4150298193
15900000,0.2498391773,0.2953352503,-0.1530492149,0.538888066
16000000,0.3580909833,0.1539483944,0.1032522779,0.5491250505
16100000,0.3917711867,-0.02057546146,0.3365801934,0.4441829715
16200000,0.3438862652,-0.191625948,0.4981366383,0.2466583878
16300000,0.2244082373,-0.3230656485,0.5544222439,-0.001559725897
16400000,0.05859774494,-0.3867826625,0.4941798511,-0.2481710736
16500000,-0.1180330995,-0.3689737515,0.3306397068,-0.4414818393
16600000,-0.267365324,-0.2735393158,0.09861974388,-0.5412385646
16700000,-0.3572500804,-0.1214370133,-0.1528846973,-0.5270079803
16800000,-0.3688025593,0.05407958274,-0.3710451107,-0.4023587732
16900000,-0.300455232,0.215121192,-0.5102945071,-0.1939902366
17000000,-0.1678366195,0.3276380717,-0.5418429167,0.05398360315
17100000,0.0001746823958,0.3685811851,-0.4596270686,0.2893713374
17200000,0.1679325829,0.330287249,-0.281465263,0.4628870609
17300000,0.3004437688,0.2215364847,-0.04519985763,0.5384680165
17400000,0.3703048035,0.06545231857,0.1993383718,0.5007674769
17500000,0.3630711457,-0.1051930202,0.400838137,0.3582665148
17600000,0.2802379577,-0.2544938543,0.5172723921,0.1413746521
17700000,0.1392169506,-0.3507428402,0.5246619544,-0.1040569336
17800000,-0.02997501052,-0.3732593067,0.4220109934,-0.3264264521
17900000,-0.1909743798,-0.317168722,0.2313991692,-0.4792289175
18000000,-0.3090805487,-0.194762271,-0.006764324784,-0.5307800415
18100000,-0.359094999,-0.03282704693,-0.2423053599,-0.4707837927
18200000,-0.3309259144,0.1334900386,-0.4258533004,-0.3123827776
18300000,-0.2315284185,0.2686524283,-0.5191875612,-0.08928444564
18400000,-0.08289387484,0.3444551547,-0.5031943502,0.1514095449
18500000,0.0830998864,0.3457247138,-0.3817775875,0.3591458507
18600000,0.2315514257,0.2730066925,-0.1809245,0.4905355076
18700000,0.3316231974,0.1420544799,0.05685381963,0.5184145551
18800000,0.3626195728,-0.01951992683,0.281518119,0.4374575363
18900000,0.3181163112,-0.1777758436,0.4460297854,0.2651843538
19000000,0.207431813,-0.2992805421,0.5161977248,0.03817252285
19100000,0.05399235719,-0.3581081553,0.4777823759,-0.1957070475
19200000,-0.1093866233,-0.3415864954,0.3393812633,-0.3873830768
19300000,-0.2475500888,-0.253346933,0.1305122518,-0.4968781037
19400000,-0.33084504,-0.112690615,-0.1046796464,-0.501644674
19500000,-0.3417796292,0.04975869805,-0.3167506878,-0.4012056307
19600000,-0.2787652476,0.1990306552,-0.4613511882,-0.2171441098
19700000,-0.1560891185,0.3035721726,-0.5084985272,0.01153148009
19800000,-0.0003781800755,0.3418891635,-0.448791842,0.2366527216
19900000,0.1553369673,0.3066998294,-0.2952807028,0.4110358048
20000000,0.2785172142,0.2060192311,-0.0806175997,0.4983693064
20100000,0.3436257667,0.06126192566,0.1498853496,0.4807733996
20200000,0.3371831195,-0.09713620012,0.3478194612,0.3624572274
20300000,0.2605520014,-0.2358245529,0.4718443886,0.1687269911
20400000,0.1298773759,-0.3253804949,0.4963207593,-0.05942426272
20500000,-0.02703602033,-0.3466263408,0.4166082418,-0.2739890147
20600000,-0.1765345978,-0.29500455,0.2499347457,-0.430045459
20700000,-0.2864879737,-0.1817993877,0.03167639371,-0.4951608735
20800000,-0.3334822328,-0.03169078934,-0.1921491609,-0.4561301185
20900000,-0.3079901087,0.1228440729,-0.3745835638,-0.3216496166
21000000,-0.21622856,0.2488319285,-0.4775780619,-0.1203862027
21100000,-0.07840719589,0.3199447091,-0.4799273279,0.1051316092
21200000,0.07595317707,0.3218552083,-0.3816328201,0.3074986472
21300000,0.2143680383,0.2548432926,-0.2037983856,0.4443964514
21400000,0.3080253183,0.1334094353,0.01589807845,0.4874412555
21500000,0.3375178071,-0.01681430723,0.231185794,0.4280669589
21600000,0.2967408526,-0.1642395722,0.3969448297,0.2792241736
21700000,0.1942669146,-0.2777261522,0.4786608562,0.07255959663
21800000,0.05179863747,-0.3331059623,0.4596100188,-0.1483108043
21900000,-0.1002327382,-0.3185020718,0.3442786054,-0.3370053291
22000000,-0.2291907224,-0.2371347166,0.157318906,-0.4541150542
22100000,-0.3074621749,-0.1067463269,-0.06171804125,-0.4754328682
22200000,-0.3186092981,0.04436581314,-0.2667478653,-0.3969550404
22300000,-0.2608806685,0.1837395,-0.4148474023,-0.2356223759
22400000,-0.1472864062,0.2819145067,-0.4752392609,-0.02566629223
22500000,-0.002424803289,0.3186411372,-0.435686088,0.1886527028
22600000,0.1429749859,0.2868436022,-0.3049664438,0.3623740917
22700000,0.2584844005,0.193739919,-0.1109321892,0.459267931
22800000,0.3201094404,0.0591415486,0.1054238741,0.4593891367
22900000,0.3150779754,-0.08862091228,0.2986269385,0.3631806571
23000000,0.2444790215,-0.2184222129,0.4282769683,0.1912819283
23100000,0.1232114991,-0.3027502816,0.4674951974,-0.01989644442
23200000,-0.02293180354,-0.3235959305,0.40849472,-0.2258834453
23300000,-0.1626616064,-0.2765166448,0.2641210703,-0.3835112425
23400000,-0.2660142011,-0.1717838237,0.06505922783,-0.4599603469
23500000,-0.3110110899,-0.0321621045,-0.1466864322,-0.4395913438
23600000,-0.288485975,0.1122139791,-0.3266541948,-0.327141429
23700000,-0.2038961335,0.2305688549,-0.4372596424,-0.1466330261
23800000,-0.07580942104,0.2981365646,-0.4556433596,0.06375604216
23900000,0.06836245829,0.3012275299,-0.3783933867,0.2597658126
24000000,0.1982545765,0.239773584,-0.2221672543,0.4003639549
24100000,0.2867829573,0.1270656448,-0.02010286287,0.4563340867
24200000,0.3155736511,-0.01308466003,0.1852090322,0.4163453178
24300000,0.2786711696,-0.1511841698,0.3507007329,0.2892424585
24400000,0.1838582239,-0.2580677232,0.4418605251,0.1020947892
24500000,0.05122335615,-0.3110099589,0.4399283376,-0.1055671685
24600000,-0.09093302212,-0.2986959718,0.345754146,-0.2901002174
24700000,-0.2121525522,-0.2238524877,0.1795260508,-0.4129195068
24800000,-0.2865256622,-0.1027585472,-0.02355522544,-0.448565105
24900000,-0.2984276433,0.0383724375,-0.2207290955,-0.3899779943
25000000,-0.2458539409,0.1692706093,-0.3706775058,-0.2498925285
25100000,-0.1406020091,0.2622639904,-0.4421819538,-0.05807189225
25200000,-0.005424688087,0.2981178463,-0.4206215558,0.1450139609
25300000,0.1310001978,0.2698401533,-0.3109599133,0.3167253352
25400000,0.2400863356,0.1838436698,-0.1366111889,0.4212041837
25500000,0.2991368116,0.05843651676,0.06555725581,0.4368609402
25600000,0.2959012478,-0.07996195877,0.253019443,0.3608338868
25700000,0.2311066026,-0.2021895083,0.3865349068,0.2095003726
25800000,0.1184445082,-0.2823597823,0.4383614724,0.01495141852
25900000,-0.01813211397,-0.3033892275,0.3980180588,-0.1818119343
26000000,-0.1494246686,-0.2608160549,0.274400741,-0.3395183774
26100000,-0.2473294422,-0.1639148258,0.09382562731,-0.4252818674
26200000,-0.2910466628,-0.03369712791,-0.1055717949,-0.4214579195
26300000,-0.2716295465,0.1017864984,-0.2818892382,-0.3292715003
26400000,-0.1937739978,0.2136763272,-0.3982620162,-0.1684710517
26500000,-0.07452710758,0.2785304395,-0.430569546,0.02690004236
26600000,0.06060648579,0.283144588,-0.3724331783,0.2157095562
26700000,0.1831445913,0.227051751,-0.2364701404,0.3583950148
26800000,0.2674999725,0.1223826928,-0.05155830206,0.4252523302
26900000,0.2961409047,-0.008731833504,0.1432959032,0.4026181883
27000000,0.2631434239,-0.1386829183,0.3071845831,0.2956597225
27100000,0.1754857478,-0.2400312371,0.4058855264,0.1272024654
27200000,0.05174568191,-0.2912571137,0.4190070484,-0.06713903217
27300000,-0.08169877313,-0.2814422513,0.344199114,-0.2464894843
27400000,-0.1963010142,-0.2127744365,0.1975614762,-0.3733089618
27500000,-0.2676006145,-0.1001592065,0.01018109142,-0.4212492594
27600000,-0.280610763,0.03207552905,-0.1784569669,-0.3806265945
27700000,-0.2330171102,0.1556032506,-0.3287887667,-0.2603742253
27800000,-0.1354673576,0.244304989,-0.4094683633,-0.08608202639
27900000,-0.009022542915,0.2797883158,-0.4039025497,0.1054475813
28000000,0.1194876276,0.2550595535,-0.3136614628,0.273969466
28100000,0.2231058787,0.1757329388,-0.1580644666,0.3842512346
28200000,0.2802429143,0.05870572239,0.02995398104,0.4134380364
28300000,0.2790345848,-0.0713497503,0.2108142081,0.3557874595
28400000,0.2197919448,-0.1870224007,0.3466221779,0.2237939084
28500000,0.115046661,-0.2638306614,0.4091080253,0.04548352279
28600000,-0.01293985313,-0.2854368234,0.3855094369,-0.1415352719
28700000,-0.1368390703,-0.2472700147,0.2811757274,-0.2980028988
28800000,-0.2301690125,-0.1576360604,0.118361814,-0.3912490985
28900000,-0.2731158556,-0.03593239203,-0.06851728682,-0.4020132972
29000000,-0.2568529879,0.09166541442,-0.2401598684,-0.3284212695
29100000,-0.1853256738,0.1979913949,-0.3606418894,-0.1862974167
29200000,-0.07416623817,0.2607442225,-0.4049346618,-0.005764192316
29300000,0.05286004758,0.2670926185,-0.364102895,0.1751409969
29400000,0.1689618546,0.2161413894,-0.2471038376,0.3184790586
29500000,0.2498659654,0.1189128077,-0.07882599709,0.3943647236
29600000,0.2787379546,-0.00402087759,0.1052038604,0.3871963036
29700000,0.2496040371,-0.1267599661,0.2663200645,0.2988613169
29800000,0.1686410313,-0.223392314,0.3708409281,0.1482597597
29900000,0.05301153042,-0.2734225076,0.3971089168,-0.03273797249
30000000,-0.07265524314,-0.2662099878,0.3399767816,-0.206034407
30100000,-0.1815120815,-0.2033818205,0.2118107141,-0.3353230012
30200000,-0.2503514113,-0.09855353202,0.0398162446,-0.3936935672
30300000,-0.2646949691,0.02566740625,-0.139735382,-0.3692321521
30400000,-0.2218846725,0.1426975383,-0.2891553173,-0.2674503251
30500000,-0.1314789392,0.2277858956,-0.3772472452,-0.1100490614
30600000,-0.01297793734,0.263250658,-0.3858195626,0.06970666942
30700000,0.1084689927,0.242037197,-0.3134404251,0.2340170417
30800000,0.2073617373,0.168977469,-0.1756609054,0.3484951477
30900000,0.2630706509,0.05964288737,-0.001675716103,0.3893625071
31000000,0.2640180979,-0.0629010619,0.1718618653,0.3483868514
31100000,0.2100685044,-0.1728212474,0.3085607588,0.2345370873
31200000,0.1126443718,-0.2468669449,0.3799224049,0.0720234651
31300000,-0.00755583978,-0.2693113181,0.3712809516,-0.1048494676
31400000,-0.124893074,-0.2354148418,0.284815378,-0.2589231436
31500000,-0.2143187193,-0.1525492065,0.1390153252,-0.3579905665
31600000,-0.256857783,-0.03861786091,-0.03527109289,-0.3815277481
31700000,-0.2437339427,0.08190667233,-0.2013630437,-0.3249442975
31800000,-0.1781604036,0.1833741441,-0.3244660243,-0.2004731474
31900000,-0.07444856969,0.2444804097,-0.3789600113,-0.03452821764
32000000,0.04523438379,0.2526838033,-0.3537303123,0.1378997117
32100000,0.1556303978,0.2066466017,-0.2544321538,0.2806201559
32200000,0.2336341867,0.1163343835,-0.1022281165,0.3638379663
32300000,0.2629976405,0.0008686219043,0.07072070343,0.3703725272
32400000,0.2376414063,-0.1154134589,0.2280494501,0.2992031773
32500000,0.1629550905,-0.2079664966,0.3368348386,0.1656095534
32600000,0.05477353554,-0.2571786372,0.374483894,-0.002107046955
32700000,-0.06387652402,-0.2526010903,0.3334249211,-0.1686181411
32800000,-0.167675371,-0.1952939358,0.2226269808,-0.2990089095
32900000,-0.2345144974,-0.09765974755,0.06564366853,-0.3660984178
33000000,-0.2503277367,0.01927509262,-0.1043927493,-0.3561046437
33100000,-0.2120950546,0.1305064987,-0.25176319,-0.2714738293
33200000,-0.1283431936,0.2125038692,-0.3456643096,-0.1302937097
33300000,-0.0171244766,0.2481945724,-0.3666460763,0.03757080463
33400000,0.09795180113,0.2304226369,-0.3106391752,0.1967942155
33500000,0.192702468,0.1632600092,-0.189738597,0.3140235051
33600000,0.2473408253,0.06103022029,-0.02959380675,0.3648638225
33700000,0.2505022035,-0.0546875928,0.1360318052,0.3389538416
33800000,0.2015895101,-0.1594950331,0.2723784099,0.2420750923
33900000,0.110967585,-0.2312336213,0.350983944,0.09486635379
34000000,-0.002115997847,-0.2546850914,0.35562455,-0.07157190365
34100000,-0.1135618967,-0.2249027878,0.2856615985,-0.2222471462
34200000,-0.1996038046,-0.1483621362,0.1561051175,-0.3256309014
34300000,-0.24199194,-0.04157757396,-0.005604822164,-0.3602551502
34400000,-0.2319515108,0.07253797336,-0.1654089381,-0.319169071
34500000,-0.1719871869,0.1697051885,-0.2898014637,-0.2113311684
34600000,-0.07517326445,0.2295037323,-0.3528544003,-0.05965868012
34700000,0.03780068364,0.239619696,-0.341620882,0.1038415783
34800000,0.1430789117,0.1982690251,-0.2587918082,0.2448266288
34900000,0.2186060843,0.1144113666,-0.1220609982,0.3338302196
35000000,0.2486348936,0.005812717167,0.03965315289,0.352420467
35100000,0.2269431022,-0.1046280255,0.1923229755,0.2970156578
35200000,0.1581542025,-0.1936013569,0.3039707862,0.179568531
35300000,0.05685509712,-0.242268745,0.351365999,0.02498963456
35400000,-0.0554054562,-0.2403110122,0.3248576798,-0.1341352028
35500000,-0.1546942737,-0.188225347,0.2303374692,-0.2644132822
35600000,-0.2198799374,-0.09727235501,0.08793412086,-0.3386517802
35700000,-0.2372360975,0.0129835699,-0.07227187609,-0.3415327776
35800000,-0.2033736243,0.1189820963,-0.2166014877,-0.2727724084
35900000,-0.1258422166,0.1982937729,-0.3148564816,-0.1471129012
36000000,-0.02134498826,0.2343765597,-0.3466370102,0.0088366028
36100000,0.0879300921,0.2199466648,-0.3055759412,0.1622337772
36200000,0.1790012324,0.1583420622,-0.2006112667,0.2809187963
36300000,0.2328319284,0.06270985464,-0.05404302288,0.3401558873
36400000,0.2382164008,-0.04675275565,0.1032033719,0.3277877061
36500000,0.1940921718,-0.1469625494,0.2381014823,0.246728678
36600000,0.1098171289,-0.2167417534,0.3224596395,0.1142863203
36700000,0.003286280336,-0.241302681,0.3388117392,-0.04153292823
36800000,-0.1028151572,-0.215468089,0.2840323161,-0.1879451396
36900000,-0.185880592,-0.1448563714,0.1699279206,-0.2942857957
37000000,-0.2282969334,-0.04468544875,0.02069429151,-0.3384313786
37100000,-0.221257615,0.06357013672,-0.132213392,-0.3114010416
37200000,-0.1665853528,0.1568828478,-0.2567098146,-0.2191814297
37300000,-0.07619276397,0.2156257271,-0.326811392,-0.08140434057
37400000,0.03060429339,0.2276669688,-0.3280584343,0.07283140382
37500000,0.1312424491,0.190779918,-0.2604963081,0.2111049005
37600000,0.2046202289,0.112967399,-0.13860127,0.3044874294
37700000,0.2354250356,0.01072468697,0.01181985776,0.3335939605
37800000,0.2172679214,-0.09438169996,0.1590924815,0.2926061738
37900000,0.1540316223,-0.1801702427,0.272343316,0.1904323106
38000000,0.05912792174,-0.2284886955,0.3279717276,0.04877335662
38100000,-0.04726543421,-0.2291029074,0.3145670394,-0.1024851132
38200000,-0.142484923,-0.1819582662,0.2352474415,-0.231577101
38300000,-0.2062785118,-0.09723883678,0.1069414501,-0.3115266969
38400000,-0.2252054841,0.006850066527,-0.04322380271,-0.3257843509
38500000,-0.1955083852,0.1080781937,-0.1836571365,-0.2716514442
38600000,-0.1238115747,0.1850200145,-0.284948649,-0.160784772
38700000,-0.02555586787,0.2216029677,-0.3260280798,-0.01668809715
38800000,0.07839063533,0.2103993412,-0.2985468174,0.1302697736
38900000,0.1661514306,0.1540414534,-0.2085724204,0.2492545939
39000000,0.2193660662,0.06456557613,-0.07525218537,0.3154355253
39100000,0.2269482888,-0.0391218923,0.07326052127,0.3151662491
39200000,0.1873741367,-0.1351522235,0.2057506931,0.248797441
39300000,0.1090436763,-0.2032378453,0.2945018977,0.1305412564
39400000,0.008586175686,-0.2289620616,0.321093709,-0.01457070443
39500000,-0.09262088498,-0.2069044599,0.2802238683,-0.155985096
39600000,-0.1730301356,-0.141865867,0.1807623071,-0.2640591546
39700000,-0.2155957982,-0.04784984952,0.04382821945,-0.3162736118
39800000,-0.2114577129,0.0550038824,-0.1016933718,-0.3019241585
39900000,-0.1617850442,0.1448204916,-0.2252439485,-0.2243142613
40000000,-0.07739708508,0.2026937909,-0.3010079032,-0.1000004766
40100000,0.02367358249,0.2166408008,-0.3133058988,0.0447384451
40200000,0.1200628242,0.1840014097,-0.2598385672,0.1794558898
40300000,0.1915442074,0.1118687875,-0.1521097422,0.2759413273
40400000,0.2231887623,0.01554328666,-0.01295290151,0.314127049
40500000,0.2084270163,-0.08464981209,0.1283076373,0.2862610848
40600000,0.150428853,-0.1675673555,0.2420355157,0.1984787681
40700000,0.06149749984,-0.2156742838,0.3044993605,0.06945480755
40800000,-0.03946761972,-0.218790056,0.3028239873,-0.07356857915
40900000,-0.1309747859,-0.1763240981,0.2376429494,-0.2005329071
41000000,-0.1935724539,-0.0974443644,0.1229062328,-0.2848800152
41100000,-0.2140651204,0.000913118815,-0.01710405411,-0.3091067524
41200000,-0.1883334865,0.09775191129,-0.152911826,-0.2683961338
41300000,-0.1221254906,0.1725704329,-0.2560519158,-0.1715718661
41400000,-0.02969689507,0.2097180599,-0.3050356876,-0.03918781207
41500000,0.06931656481,0.2016148861,-0.2898272571,0.1008343255
41600000,0.1540631345,0.1502171816,-0.2138980648,0.2190934289
41700000,0.206798905,0.06651076563,-0.09343952947,0.2908818264
41800000,0.2165290385,-0.03180866194,0.04608861925,0.3013467084
41900000,0.1812775103,-0.1240013826,0.1753387243,0.248562034
42000000,0.1085337488,-0.1905960774,0.2672474159,0.1438758201
42100000,0.01373846062,-0.217501581,0.3027016877,0.009471917968
42200000,-0.08294765706,-0.1990497053,0.2745127053,-0.1263301461
42300000,-0.1609533488,-0.1392627422,0.188871329,-0.235041593
42400000,-0.2037455774,-0.05100344358,0.06399111376,-0.293980188
42500000,-0.2023974217,0.04683396711,-0.07376430161,-0.2910020647
42600000,-0.1574538913,0.1334442024,-0.1954461985,-0.2270026076
42700000,-0.07870329918,0.190583231,-0.2756036195,-0.1156716393
42800000,0.01702561858,0.2063931859,-0.2976060191,0.01943373563
42900000,0.1094883923,0.1777935477,-0.2570927191,0.1498729892
43000000,0.1792685784,0.1110129628,-0.1628338937,0.2483084692
43100000,0.2117814787,0.02022503981,-0.03483381614,0.2942342426
43200000,0.200270791,-0.07540717163,0.09991378134,0.2782470848
43300000,0.147222881,-0.1557038721,0.2131177461,0.2039702149
43400000,0.06389344101,-0.203692123,0.2811288216,0.08723654981
43500000,-0.03201545209,-0.2092235758,0.2898794939,-0.04728526902
43600000,-0.1201012126,-0.1711907524,0.2377926792,-0.1713032918
43700000,-0.1816486535,-0.0978014744,0.1360580595,-0.2588518888
43800000,-0.2036776635,-0.004801532387,0.006229581511,-0.2917275446
43900000,-0.1817177281,0.08796413895,-0.1243403262,-0.2632729886
44000000,-0.1206866809,0.1608516472,-0.2282627989,-0.1797231962
44100000,-0.03372443667,0.1985954147,-0.2838571405,-0.05884157452
44200000,0.0606895214,0.1934610181,-0.2796732255,0.07385583673
44300000,0.1426601942,0.1467589155,-0.2168485145,0.1904857402
44400000,0.1950123244,0.06848023384,-0.1088147538,0.266656035
44500000,0.2068230772,-0.02481912307,0.02157260125,0.2865665721
44600000,0.1756777238,-0.1134553242,0.1468689787,0.246285702
44700000,0.108200157,-0.1787125277,0.2408167812,0.1545233332
44800000,0.0187115717,-0.2067906142,0.2838474397,0.03074924001
44900000,-0.07376569289,-0.191774922,0.2671566453,-0.09893719597
45000000,-0.149567228,-0.1369474278,0.1945042333,-0.2073097888
45100000,-0.1926297576,-0.0540963622,0.08137109517,-0.271730807
45200000,-0.1939530101,0.0390517426,-0.04833859192,-0.278879074
45300000,-0.153487681,0.1226907795,-0.1673475105,-0.2275035383
45400000,-0.08004830978,0.1791913746,-0.2507409304,-0.1286333532
45500000,0.01066987542,0.1968045125,-0.2811820575,-0.003211427297
45600000,0.09947355367,0.1720451328,-0.252515411,0.1223410605
45700000,0.1677022906,0.1103204684,-0.1710094523,0.2216899372
45800000,0.2010855518,0.02473906323,-0.05398806218,0.2741109688
45900000,0.1926795823,-0.06662927218,0.07385080156,0.2688122728
46000000,0.1443172595,-0.1445048749,0.1856471435,0.2071548346
46100000,0.06626288399,-0.1924329599,0.2580218891,0.1023144974
46200000,-0.02490751886,-0.2002836257,0.2759653594,-0.02353261816
46300000,-0.1098100854,-0.1664537086,0.2359492282,-0.1439002339
46400000,-0.1704135748,-0.09824292788,0.1466169464,-0.2335657735
46500000,-0.1939316946,-0.01027702155,0.02691828653,-0.2738550958
46600000,-0.1755563628,0.07867960259,-0.09790969514,-0.2565309412
46700000,-0.1194192241,0.1497854729,-0.2016630354,-0.185475566
46800000,-0.03760681073,0.1881315976,-0.2626710765,-0.07582417377
46900000,0.05249090826,0.1858312664,-0.2683221324,0.04925810368
47000000,0.1318778925,0.1435795495,-0.2176696072,0.1634695175
47100000,0.1839089462,0.07042456743,-0.121580241,0.2429017864
47200000,0.1977206038,-0.01815438611,-0.000403985965,0.2710443363
47300000,0.1704756015,-0.1034663639,0.1203350863,0.242215376
47400000,0.1079753186,-0.1675007971,0.2153145345,0.1627069589
47500000,0.02348361424,-0.1967227348,0.2647238537,0.04941371179
47600000,-0.06504736072,-0.1849767516,0.25839584,-0.0737563224
47700000,-0.138801898,-0.1348417096,0.1978975777,-0.1809263925
47800000,-0.1821526659,-0.05709148854,0.09615126764,-0.2496869575
47900000,-0.186024496,0.03164674995,-0.02532494808,-0.2657810034
48000000,-0.1498036846,0.1125060599,-0.1409672185,-0.226059289
48100000,-0.08138378924,0.1684331267,-0.226545206,-0.1390931262
48200000,0.004610695799,0.1877773771,-0.2642384948,-0.02332623895
48300000,0.08997815716,0.1666670998,-0.2463467583,0.09683609239
48400000,0.1567691606,0.1097292816,-0.1768613833,0.1961714756
48500000,0.1910045753,0.02906352413,-0.07057810169,0.2539341413
48600000,0.1855568939,-0.0582929216,0.05005269502,0.2581870142
48700000,0.141635747,-0.1339069065,0.1596676284,0.2082676365
48800000,0.06856590862,-0.18180668,0.235322638,0.1148787446
48900000,-0.01813940538,-0.1918729785,0.2612949793,-0.002205307338
49000000,-0.100054614,-0.1620295885,0.2323500116,-0.1183249944
49100000,-0.1597893943,-0.09871666899,0.1547941763,-0.2091287499
49200000,-0.18473617,-0.01550270579,0.045102801,-0.2556792461
49300000,-0.1697651318,0.06986670132,-0.07357907098,-0.2484021964
49400000,-0.1182634547,0.1393061254,-0.1763197907,-0.18905441
49500000,-0.0413210656,0.1782414222,-0.2416380327,-0.09030679445
49600000,0.04470260983,0.1786393212,-0.2559936212,0.02696001703
49700000,0.1216610388,0.1406098217,-0.2165935313,0.1380704029
49800000,0.1734079925,0.07230613844,-0.1319317356,0.2197455772
49900000,0.1891320567,-0.01181235886,-0.01995936184,0.2549802284
50000000,0.1655915963,-0.09399293892,0.09572090674,0.2365824802
50100000,0.1078064969,-0.1568886491,0.1908295439,0.1686404076
50200000,0.02803962074,-0.1872106329,0.2455055955,0.06561637936
50300000,-0.05676735152,-0.1785717116,0.2484535527,-0.05073068202
50400000,-0.1285982763,-0.1328837188,0.1992759553,-0.1559403064
50500000,-0.1722352488,-0.05996115037,0.1085102253,-0.2279924958
50600000,-0.1785305423,0.02460771311,-0.004628192499,-0.2519159155
50700000,-0.146335795,0.1028435114,-0.1163132306,-0.2228979952
50800000,-0.08267256426,0.1582375684,-0.2031252995,-0.1472510082
50900000,-0.001151051342,0.1792319607,-0.246961731,-0.04104064548
51000000,0.08096689077,0.1615876499,-0.23881108,0.07332529721
51100000,0.1464051298,0.1091907145,-0.1806044917,0.1718239164
51200000,0.1814590503,0.03318317403,-0.08476401598,0.233862813
51300000,0.1788243958,-0.05037653516,0.02844757679,0.2465846706
51400000,0.1391176855,-0.1238560086,0.1352102509,0.2075310937
51500000,0.07077228349,-0.1717385156,0.2131580399,0.1251139683
51600000,-0.0117048958,-0.1839122405,0.2460640598,0.01680481442
51700000,-0.09079428658,-0.1578514497,0.2272179292,-0.09456837951
51800000,-0.1497110224,-0.09918220035,0.160792765,-0.1856320646
51900000,-0.176016249,-0.02047234333,0.06092358395,-0.2373720016
52000000,-0.1642758491,0.06149723558,-0.05129985095,-0.2391029195
52100000,-0.1171722435,0.1293580138,-0.1522861353,-0.1906743183
52200000,-0.0448507062,0.1688543443,-0.2209011093,-0.1024572598
52300000,0.03730738308,0.1718148112,-0.2428902697,0.006875654405
52400000,0.1119624142,0.1377943581,-0.2138394028,0.1143020978
52500000,0.1634421028,0.07409624027,-0.1400586665,0.1972973913
52600000,0.1809839557,-0.005788905025,-0.0372135075,0.2385569111
52700000,0.1609615291,-0.08499879723,0.07300085876,0.2296035535
52800000,0.1076523461,-0.1468153953,0.167435585,0.1725283357
52900000,0.03236964104,-0.1781822715,0.226349807,0.07950696956
53000000,-0.04890266705,-0.1724919789,0.2375368174,-0.02979675932
53100000,-0.1189062098,-0.1310242627,0.1988524647,-0.1323872093
53200000,-0.1628118432,-0.06268476095,0.1186222272,-0.2067743295
53300000,-0.1714046209,0.01792315227,0.0138505744,-0.2374748061
53400000,-0.1430309256,0.09366305906,-0.0933824901,-0.2182342286
53500000,-0.08388599384,0.1485453186,-0.1805742047,-0.1532998554
53600000,-0.006616844902,0.171102518,-0.2295207913,-0.05648527507
53700000,0.07240870159,0.1567486134,-0.2301174949,0.05176749839
53800000,0.1365561036,0.1086664083,-0.1824437736,0.1487037984
53900000,0.1723830855,0.03708760747,-0.0967035325,0.2140388892
54000000,0.172418169,-0.04286023053,0.008957984819,0.2342022461
54100000,0.1367145855,-0.1143061379,0.1122937601,0.2051555783
54200000,0.07285912383,-0.1621661239,0.191638671,0.1331995532
54300000,-0.005596754616,-0.1763362408,0.2304513054,0.03360851545
54400000,-0.08199396596,-0.1538652817,0.2207618793,-0.0726112481
54500000,-0.1401237779,-0.09960793577,0.1648076852,-0.1631518183
54600000,-0.167710112,-0.02518282763,0.07452069638,-0.2190882515
54700000,-0.1590330821,0.05354609176,-0.03101612531,-0.2288338207
54800000,-0.116108247,0.1198939834,-0.1296017005,-0.1905393589
54900000,-0.04818406651,0.1599116814,-0.2005867028,-0.1124400179
55000000,0.03028904752,0.1653001019,-0.2291982371,-0.01108537054
55100000,0.1027414968,0.1350887197,-0.2096136824,0.09216697101
55200000,0.1539548565,0.07577300164,-0.1461442399,0.1756514345
55300000,0.1732157325,-7.861650065e-05,-0.05228791173,0.2219401803
55400000,0.1565333912,-0.07645228019,0.0521404673,0.2214807563
55500000,0.1074803695,-0.1372298356,0.1451920608,0.1745665468
55600000,0.03646739457,-0.1695779379,0.2073968406,0.09123373973
55700000,-0.04143250732,-0.1666822041,0.2258370261,-0.01088483738
55800000,-0.1096829763,-0.1292240964,0.1968290187,-0.1102902459
55900000,-0.1538276735,-0.0652471123,0.1266571574,-0.1861431744
56000000,-0.1645920882,0.01158175416,0.03021359266,-0.222632262
56100000,-0.1398463029,0.08493010344,-0.07216161705,-0.2122694103
56200000,-0.08500204038,0.13930646,-0.1589698176,-0.1574254052
56300000,-0.0117897415,0.1633346779,-0.2120680406,-0.06979115725
56400000,0.06427626375,0.1521026944,-0.2204604317,0.03211370752
56500000,0.1271762306,0.1081260961,-0.1825746091,0.1268541163
56600000,0.1637218406,0.04077001736,-0.106551855,0.1945878845
56700000,0.1662858452,-0.03572580812,-0.008498622873,0.2212209866
56800000,0.1343875678,-0.1052178777,0.09092532183,0.2013396702
56900000,0.07480918121,-0.1530373081,0.1708594935,0.1393095404
57000000,0.0001927665679,-0.1690912647,0.2146190943,0.04831877883
57100000,-0.07362311718,-0.15002736,0.2131771787,-0.05242517961
57200000,-0.1309815505,-0.09996923908,0.1670259387,-0.1417497547
57300000,-0.1597665005,-0.02963329906,0.08603350613,-0.2009665048
57400000,-0.1539916206,0.04599091947,-0.01266527674,-0.2177806803
57500000,-0.115041844,0.1108739017,-0.1082934532,-0.1888432738
57600000,-0.05131313066,0.1513644406,-0.1808052876,-0.1204159639
57700000,0.02363255225,0.1590478348,-0.2150878823,-0.02701739415
57800000,0.09396341145,0.1324571684,-0.2041104944,0.07165679931
57900000,0.1448988228,0.07731984727,-0.1503653878,0.1548869418
58000000,0.1657772814,0.005324671599,-0.06530515804,0.2052796635
58100000,0.1522649111,-0.06832569528,0.03309704986,0.2124023069
58200000,0.1072650204,-0.1280886203,0.124144814,0.1749420702
58300000,0.04032930919,-0.1613479519,0.1887710219,0.1009431793
58400000,-0.03433810763,-0.161097073,0.2135304747,0.006080389225
58500000,-0.1008920682,-0.1274518654,0.1933965549,-0.08966082263
58600000,-0.1452368875,-0.06763712499,0.1327803522,-0.1661943611
58700000,-0.1580479261,0.005572585628,0.04456592172,-0.2075471043
58800000,-0.1367474057,0.07661469817,-0.05262766576,-0.2051921494
58900000,-0.08600383249,0.1304788934,-0.1383757679,-0.1598062361
59000000,-0.01667384681,0.1558833394,-0.1947399094,-0.08108930986
59100000,0.05654550064,0.1476113547,-0.2100200907,0.01430782259
59200000,0.1182265209,0.1075459183,-0.1811828577,0.1063051539
59300000,0.1554295239,0.04422629597,-0.114461372,0.1756197118
59400000,0.1603844009,-0.02895666712,-0.02400925014,0.2078069534
59500000,0.1321054215,-0.09655738348,0.07110133121,0.1962703898
59600000,0.07660957915,-0.1443082195,0.1509006885,0.1436124681
59700000,0.005671604121,-0.1621329082,0.198714151,0.06105028322
59800000,-0.06565514744,-0.1463022235,0.2046459298,-0.0339732425
59900000,-0.1222453338,-0.1002469528,0.1676265357,-0.1214741136
60000000,-0.1521427916,-0.03382451676,0.09560028403,-0.1831296445
60100000,-0.149114525,0.03881182045,0.003821317357,-0.2061148404
60200000,-0.1139495691,0.1022635116,-0.08837654634,-0.1857696014
60300000,-0.05423266986,0.1431716038,-0.1616522321,-0.1265421657
60400000,0.01732396873,0.153019014,-0.2007143694,-0.04101808786
60500000,0.08559806041,0.1298709567,-0.1975118907,0.05275359146
60600000,0.1362340076,0.07872434862,-0.1528926317,0.1350690332
60700000,0.1586270453,0.01042753937,-0.07638841611,0.188709524
60800000,0.1481216813,-0.06059477146,0.01582048936,0.2025428817
60900000,0.1069862683,-0.1193549327,0.1043269992,0.17383317
61000000,0.04395382914,-0.153450865,0.1705814331,0.1087796238
61100000,-0.02760255433,-0.1556994169,0.2007788901,0.02117911548
61200000,-0.09250219966,-0.1256825359,0.1887351908,-0.07049947065
61300000,-0.1370009989,-0.0698469221,0.1371523493,-0.1470086776
61400000,-0.1517349778,-0.0001147937861,0.05701483651,-0.1923630278
61500000,-0.1337063767,0.06869085947,-0.03474895379,-0.1971785431
61600000,-0.08687858195,0.1220270178,-0.1188422954,-0.160613662
61700000,-0.02127395263,0.1487110151,-0.1776576295,-0.09051024907
61800000,0.04919516098,0.1432431715,-0.1989628809,-0.001712601871
61900000,0.1096737246,0.1069071374,-0.1784449032,0.0870753706
62000000,0.1474678059,0.04745437958,-0.1205812967,0.1572294947
62100000,0.1546784355,-0.02253768815,-0.03766467438,0.1941115874
62200000,0.1298431116,-0.0882955132,0.05280828227,0.1901233928
62300000,0.07825086783,-0.1359419237,0.1318285211,0.146271153
62400000,0.0108476788,-0.1554243941,0.1828682214,0.07191881758
62500000,-0.0580668431,-0.1426611078,0.19533736,-0.01721082206
62600000,-0.1138820433,-0.100426282,0.1667804264,-0.1023605241
62700000,-0.1448034763,-0.03775841207,0.10335774,-0.1656856959
62800000,-0.1443716014,0.03199105846,0.01851752402,-0.1939936826
62900000,-0.1128129098,0.09403349474,-0.0698552147,-0.1814917609
63000000,-0.05693960469,0.1352987593,-0.1432086378,-0.1309715361
63100000,0.01135043999,0.1471815017,-0.1862182708,-0.05318778752
63200000,0.07761939882,0.1273070021,-0.1899880877,0.03543045919
63300000,0.1279266067,0.07997735654,-0.1538899024,0.1162495995
63400000,0.1517305034,0.0152367582,-0.08566088204,0.1723491714
63500000,0.1440756987,-0.05323818788,0.0002540547112,0.1920639989
63600000,0.1066285024,-0.1109974221,0.08575998879,0.1714093188
63700000,0.04734091324,-0.1458520296,0.152922712,0.1148848239
63800000,-0.02121059641,-0.1504587318,0.1877299502,0.03449568091
63900000,-0.08448648868,-0.1238961837,0.1830143537,-0.05279674594
64000000,-0.1290876392,-0.07187113645,0.1399285994,-0.1286532322
64100000,-0.1456225537,-0.00549028423,0.06766918102,-0.1772092442
64200000,-0.1307007848,0.06113598395,-0.01848592882,-0.1883924603
64300000,-0.08761675898,0.1139206625,-0.100407153,-0.1600115959
64400000,-0.02559528858,0.1417865133,-0.1609279802,-0.09818346172
64500000,0.04220644549,0.1389725491,-0.1874418502,-0.01601554756
64600000,0.1014894164,0.1061951484,-0.1745276742,0.06917231579
64700000,0.13980455,0.05045376704,-0.1250572746,0.1394983948
64800000,0.1491388144,-0.01645510088,-0.04955872379,0.1802722724
64900000,0.1275806201,-0.08040710685,0.03602366764,0.1830631488
65000000,0.07972631026,-0.1279072465,0.1136962248,0.1474424466
65100000,0.01572877335,-0.1489352377,0.1671987545,0.08104066532
65200000,-0.05083788896,-0.1390807206,0.1854081548,-0.002086477215
65300000,-0.1058635565,-0.1004959374,0.1646504135,-0.08443292048
65400000,-0.1377189434,-0.04143776974,0.1094405334,-0.1487286057
65500000,-0.1397382005,0.02551279414,0.031501667,-0.1815611048
65600000,-0.1116173738,0.08615869885,-0.05272369295,-0.1761731251
65700000,-0.05943252987,0.1277170002,-0.1255421927,-0.1338524845
65800000,0.005700105786,0.1415088238,-0.1717261738,-0.06362879899
65900000,0.07000482908,0.1247468514,-0.1816976972,0.01965251046
66000000,0.1199479942,0.08107234048,-0.1535143453,0.09846820445
66100000,0.1450589648,0.0197591472,-0.09324519899,0.1563039809
66200000,0.1401042166,-0.04623716661,-0.01366475848,0.1811144011
66300000,0.1061796854,-0.1029893315,0.06845429679,0.1678311621
66400000,0.05049166851,-0.1385224518,0.1358758613,0.1193974988
66500000,-0.01514846251,-0.1453500069,0.1745178074,0.04611780734
66600000,-0.07682177973,-0.122077049,0.1763929074,-0.03653414573
66700000,-0.1214695495,-0.07370638754,0.1412591673,-0.1111823296
66800000,-0.1396853206,-0.01056323928,0.07663870818,-0.16220113
66900000,-0.1277126521,0.05393035621,-0.003792049877,-0.1789858249
67000000,-0.08821145821,0.1061342157,-0.08309652125,-0.1581564077
67100000,-0.02964335362,0.1350838799,-0.1446440421,-0.1042368678
67200000,0.0355626795,0.1347786968,-0.175597118,-0.02867371351
67300000,0.09364924167,0.1053987084,-0.1695886643,0.05259355548
67400000,0.1324127885,0.05322516369,-0.1280309855,0.1224944488
67500000,0.1437415879,-0.01069634825,-0.05978754626,0.1664129046
67600000,0.1253020378,-0.07287038537,0.02071688747,0.1752431224
67700000,0.08103133824,-0.1201778374,0.09654489611,0.1472769886
67800000,0.02032246436,-0.1426401788,0.1518095904,0.08853198357
67900000,-0.04395045698,-0.1355422744,0.1750027947,0.01145719593
68000000,-0.09816592517,-0.1004474733,0.1613910659,-0.06770446488
68100000,-0.1308644992,-0.04486600008,0.113980782,-0.1323390283
68200000,-0.1351942607,0.0193628457,0.0428557353,-0.168948004
68300000,-0.1103517575,0.07861749852,-0.03696713978,-0.1699670967
68400000,-0.06171135768,0.1204020298,-0.1087080315,-0.1353285718
68500000,0.0003620157986,0.1359792125,-0.1573512944,-0.07244470349
68600000,0.06273469138,0.1221758612,-0.172787963,0.005377745591
68700000,0.1122738966,0.08200488033,-0.1519161301,0.08175299194
68800000,0.1385885974,0.02400148456,-0.09926288082,0.1406660191
68900000,0.1361888323,-0.03957512075,-0.02600338742,0.1698304456
69000000,0.1056306939,-0.09530777954,0.05241050475,0.163250491
69100000,0.05340808147,-0.1314378628,0.1195090641,0.1224528967
69200000,-0.009403688394,-0.1403527879,0.1612636197,0.05613584019
69300000,-0.06948807935,-0.1202127938,0.1690192858,-0.02168502479
69400000,-0.1141237583,-0.07535088339,0.1412884419,-0.0946383498
69500000,-0.1339024076,-0.01534248538,0.08403342643,-0.1474408827
69600000,-0.1247276804,0.0470567309,0.009385334894,-0.1690989096
69700000,-0.08865790682,0.09864590832,-0.06692592452,-0.1551967934
69800000,-0.03342380351,0.1285815409,-0.1288859574,-0.1087962927
69900000,0.02924902657,0.1306448129,-0.1635563179,-0.03976370412
70000000,0.08613229141,0.1045093323,-0.1637759636,0.03732759614
70100000,0.1252698888,0.05577021646,-0.1296397582,0.1062734086
70200000,0.1384671233,-0.005249953481,-0.0684488884,0.152644471
70300000,0.1229948448,-0.0656664467,0.006850152637,0.1668059668
70400000,0.08216313404,-0.1127314028,0.08040438737,0.1459189759
70500000,0.02463609041,-0.1365183192,0.1367916561,0.09450819585
70600000,-0.03738885387,-0.1320307147,0.164253904,0.02348270992
70700000,-0.09076872641,-0.1002747687,0.1571486481,-0.05217846716
70800000,-0.1242195711,-0.04804697611,0.1171075874,-0.1165851157
70900000,-0.1307235395,0.01352847467,0.05266460476,-0.1562727696
71000000,-0.1090075685,0.07139126141,-0.02256255438,-0.1630172006
71100000,-0.0637770484,0.1133334293,-0.09274959606,-0.135538182
71200000,-0.004673961216,0.1305748325,-0.1431940991,-0.07973967913
71300000,0.05579183337,0.1195825456,-0.1633950136,-0.007442057951
71400000,0.1048837125,0.08277227246,-0.1492382806,0.06612158956
71500000,0.1322996389,0.02797045636,-0.1038337547,0.1255147747
71600000,0.1323147561,-0.03323735011,-0.03683337687,0.1583365082
71700000,0.1049747997,-0.08793316542,0.03762017996,0.1578102326
71800000,0.05609282022,-0.1245779616,0.1038785003,0.1241823754
71900000,-0.003964957494,-0.1354504229,0.1480760932,0.06464200848
72000000,-0.06246808294,-0.1182939103,0.161031647,-0.008215499194
72100000,-0.1070309064,-0.07680411511,0.140154868,-0.07905262457
72200000,-0.1282566802,-0.01983635657,0.08996296819,-0.1330181837
72300000,-0.1217346321,0.04049997659,0.02110412701,-0.1588606452
72400000,-0.08895307973,0.09143722152,-0.05190113919,-0.1512736661
72500000,-0.03694237725,0.1222616026,-0.1137216923,-0.1119849638
72600000,0.02325223813,0.1265574259,-0.1514350537,-0.04936523763
72700000,0.07892058125,0.1035208133,-0.1572283118,0.02335479616
72800000,0.1183568695,0.05809131578,-0.1300162096,0.09087957886
72900000,0.1332994009,-0.0001053939274,-0.07564139851,0.1390656364
73000000,0.1206493356,-0.05877884112,-0.005620629395,0.1578837372
73100000,0.08312030625,-0.1055490745,0.06529419438,0.1435059564
73200000,0.02867674399,-0.1305524207,0.1222236651,0.09908341102
73300000,-0.0311392183,-0.1285340998,0.153282617,0.03405685342
73400000,-0.08365452304,-0.09997361949,0.1520610745,-0.03784929241
73500000,-0.1177670549,-0.05098491735,0.1189465874,-0.1015233088
73600000,-0.1263129911,0.007998195193,0.06101528503,-0.1436417897
73700000,-0.1075785648,0.06446390049,-0.009479675865,-0.1554571992
73800000,-0.06563140529,0.1064940541,-0.07769949051,-0.134614223
73900000,-0.009417227723,0.1252811505,-0.1293429356,-0.08561785083
74000000,0.04916124505,0.1169580523,-0.1536441339,-0.01886048279
74100000,0.09775994897,0.08337322166,-0.1456165311,0.05158200118
74200000,0.1261757522,0.03167263097,-0.1070754343,0.1109178921
74300000,0.1284702204,-0.0272107779,-0.04622958006,0.1467454023
74400000,0.1042072578,-0.08084867213,0.02406677716,0.1516444679
74500000,0.05854908815,-0.1179257934,0.08902915999,0.1247130146
74600000,0.001178044726,-0.1306294483,0.1350520352,0.07172971453
74700000,-0.05574677598,-0.1163132486,0.1525580492,0.003914671449
74800000,-0.1001746882,-0.0780666207,0.1379907101,-0.06444630447
74900000,-0.1227341477,-0.0240527378,0.09453599037,-0.1190108671
75000000,-0.1187248297,0.03424677137,0.03142664297,-0.1483889502
75100000,-0.08909539612,0.08449239226,-0.03801908667,-0.1465200769
75200000,-0.04020485105,0.1161092759,-0.09920779995,-0.11392304
75300000,0.01756043484,0.1225058591,-0.1393373708,-0.0575603851
75400000,0.07199861415,0.1024288404,-0.1500751793,0.01064825642
75500000,0.1116578358,0.06019144672,-0.1292879189,0.07634664944
75600000,0.1282254401,0.004747016428,-0.08146396298,0.125763341
75700000,0.1182581569,-0.05219321151,-0.01674499469,0.1485981269
75800000,0.0839026365,-0.09861488443,0.05122433021,0.1401686557
75900000,0.03245127879,-0.1247283295,0.1081728212,0.1023698778
76000000,-0.0251892602,-0.1250430981,0.1421989621,0.04324988932
76100000,-0.07680841249,-0.0995414137,0.1462578945,-0.02470324927
76200000,-0.111492776,-0.05368430746,0.1196195459,-0.08719912337
76300000,-0.1219522584,0.002761604671,0.06799620071,-0.1311499704
76400000,-0.106060385,0.0578214965,0.002318142362,-0.1474112353
76500000,-0.06727691778,0.09986953201,-0.06358032619,-0.1326838628
76600000,-0.01387654421,0.1200864176,-0.115874669,-0.09018267707
76700000,0.04282974764,0.1142957369,-0.1436500601,-0.02893563891
76800000,0.09088775067,0.08380759852,-0.1411792179,0.03813348277
76900000,0.1202034933,0.0351144504,-0.1091028306,0.09693190514
77000000,0.1246459985,-0.02148372238,-0.05426939399,0.1351588165
77100000,0.1033249779,-0.07403984975,0.01172651696,0.1448784802
77200000,0.06078051561,-0.1114672333,0.07499564976,0.1241672665
77300000,0.006034762539,-0.1258790879,0.122276918,0.07749286123
77400000,-0.04931109623,-0.1142656342,0.1437166546,0.01475123083
77500000,-0.09354138719,-0.07913980119,0.1349218517,-0.050831212
77600000,-0.117323474,-0.02799911209,0.09785961451,-0.1054855925
77700000,-0.1156917488,0.02828534169,0.0404188133,-0.1377910815
77800000,-0.08908447807,0.0777979994,-0.0252687057,-0.1410611706
77900000,-0.04321701121,0.1101123999,-0.08539017921,-0.1147271823
78000000,0.0121629155,0.1184817921,-0.1273562422,-0.06443284702
78100000,0.06535301149,0.1012306906,-0.1424368775,-0.0008253162002
78200000,0.1051595092,0.06207407671,-0.1275771404,0.06269851592
78300000,0.1232348269,0.009316234984,-0.08601508308,0.1128134054
78400000,0.1158159322,-0.04589698748,-0.02657709564,0.1390607299
78500000,0.08451088006,-0.09191532686,0.03819618129,0.1360308416
78600000,0.03596632661,-0.1190345006,0.09469552266,0.104477481
78700000,-0.01952803563,-0.1215505766,0.1311022658,0.05113478997
78800000,-0.07021764754,-0.09897687161,0.1398603108,-0.0127194536
78900000,-0.1053850423,-0.05614983603,0.1192439832,-0.07364793055
79000000,-0.1176332554,-0.002190766025,0.07369651314,-0.1188812676
79100000,-0.1044502478,0.05145197773,0.01287308905,-0.1389940037
79200000,-0.06871664065,0.09344784472,-0.05040555205,-0.1298683065
79300000,-0.01806011086,0.1149812418,-0.1028553247,-0.09353637922
79400000,0.03678572753,0.1115908168,-0.1335172983,-0.03772936711
79500000,0.08425450527,0.08407624668,-0.1360472076,0.0257673962
79600000,0.1143718697,0.03830223307,-0.110027707,0.08360296794
79700000,0.1208350095,-0.01604569868,-0.06103203495,0.1236677679
79800000,0.1023262585,-0.06749426382,0.0005692358445,0.1376288366
79900000,0.06279107951,-0.1051905582,0.06180298869,0.122662649
80000000,0.01061388849,-0.1211908376,0.1098254532,0.08202522233
80100000,-0.04314964645,-0.1121475572,0.1346159597,0.02434460713
80200000,-0.08711948549,-0.08002577644,0.1310676366,-0.03821067614
80300000,-0.1120155723,-0.03168260874,0.1000389114,-0.09249851927
80400000,-0.1126306834,0.02260523771,0.04814942095,-0.1271640064
80500000,-0.08892095726,0.07134261444,-0.01363179891,-0.1350141772
80600000,-0.04598464022,0.1042610434,-0.0723048277,-0.114510168
80700000,0.00704998995,0.1144788992,-0.1155740683,-0.07006727282
80800000,0.05897220032,0.09992497868,-0.1344247018,-0.01110477752
80900000,0.0988508346,0.0637430704,-0.1250005598,0.04995008603
81000000,0.1183193221,0.01361058885,-0.08939229681,0.1002811418
81100000,0.1133189542,-0.03987912394,-0.03517491148,0.1293733283
81200000,0.08494660769,-0.0854389899,0.02620334116,0.1312092287
81300000,0.03922831992,-0.1134616015,0.08183806405,0.1055132834
81400000,-0.01414575211,-0.1180512634,0.1200815752,0.05778651447
81500000,-0.06387131558,-0.09827983575,0.1329812349,-0.001870662763
81600000,-0.09943426969,-0.05838635812,0.1179328527,-0.06089572623
81700000,-0.1133498206,-0.006867585019,0.07820548721,-0.1069092297
81800000,-0.1027467076,0.04534484746,0.02223208711,-0.1303109531
81900000,-0.06995410046,0.08721897552,-0.03818026651,-0.1262826151
82000000,-0.02197564331,0.1099582308,-0.09034073183,-0.0957794175
82100000,0.03101890783,0.1088400854,-0.1233404662,-0.04530648293
82200000,0.0778495099,0.08418082865,-0.1303338648,0.01446803713
82300000,0.1086719724,0.04124218358,-0.1099582796,0.07096757971
82400000,0.1170319915,-0.01088724636,-0.06659785842,0.1123530715
82500000,0.1012105718,-0.06120119698,-0.009440796793,0.1300035033
82600000,0.06458504342,-0.09908608575,0.0494673895,0.1203114835
82700000,0.01492346952,-0.1165581219,0.09776217221,0.0854198595
82800000,-0.03725244878,-0.1099569171,0.1253550543,0.03274913281
82900000,-0.08089933592,-0.08072727104,0.126540751,-0.02658034481
83000000,-0.1068032666,-0.03511005052,0.1011764332,-0.08009597975
83100000,-0.1095384705,0.0171971394,0.05468938277,-0.1165947949
83200000,-0.08860631868,0.06511650562,-0.003083849799,-0.1284884416
83300000,-0.04851351178,0.09854717202,-0.05997858448,-0.1133805524
83400000,0.002212832949,0.1104925482,-0.1040631896,-0.07454862665
83500000,0.05284614691,0.09851145279,-0.1261411058,-0.02023375076
83600000,0.09272264914,0.06520262478,-0.1216690942,0.0381080679
83700000,0.1134725353,0.01763786376,-0.09169164874,0.08822196885
83800000,0.1107649322,-0.03412987703,-0.04259950005,0.1196282049
83900000,0.08521207915,-0.07917624421,0.01523241832,0.1258134225
84000000,0.04224351717,-0.1080021813,0.06963733322,0.105581116
84100000,-0.00903359975,-0.1145414667,0.1092160973,0.0632813313
84200000,-0.05776006605,-0.09745110008,0.1257253761,0.007875923149
84300000,-0.09363266711,-0.06039886627,0.1157942628,-0.04895988691
84400000,-0.1090974286,-0.01127683635,0.08161190592,-0.0952975489
84500000,-0.1009494529,0.03949095067,0.03044602461,-0.1214585172
84600000,-0.07099322251,0.08117461153,-0.02690200746,-0.1220355688
84700000,-0.02563044202,0.1050116942,-0.07837716841,-0.09701001573
84800000,0.02552015164,0.1060416759,-0.1132046558,-0.05173406452
84900000,0.0716636883,0.08412370133,-0.1241450581,0.004213433381
85000000,0.103096665,0.04394040691,-0.1089988675,0.05905330077
85100000,0.11323323,-0.005999779373,-0.07104772604,0.1012858229
85200000,0.09997838662,-0.05515139477,-0.01834409764,0.1221019945
85300000,0.066166913,-0.09314587153,0.03799702253,0.1172206792
85400000,0.01897100167,-0.1119760061,0.08614201213,0.0877685883
85500000,-0.03161073415,-0.1076928122,0.1160239066,0.04002230611
85600000,-0.07487288335,-0.08124752352,0.1214471479,-0.0159289716
85700000,-0.1016810068,-0.0382879988,0.1013717948,-0.06831514812
85800000,-0.1064132598,0.01205268874,0.06011107682,-0.1061610304
85900000,-0.08814277348,0.05911138576,0.006405193106,-0.12158549
86000000,-0.05080939169,0.09296436591,-0.0484298602,-0.1114423782
86100000,-0.002356643799,0.1065195491,-0.0928864088,-0.07796160172
86200000,0.04696612877,0.09699082617,-0.1176799064,-0.02825987029
86300000,0.0867674015,0.06645721951,-0.1176877383,0.02717173694
86400000,0.1086896503,0.02140538401,-0.09300720948,0.07668202797
86500000,0.1081527819,-0.02864061125,-0.04891429365,0.1099084786
86600000,0.08531014118,-0.07311897848,0.005263815032,0.1199459059
86700000,0.04501802923,-0.1026503912,0.05812150039,0.1047812172
86800000,-0.004183604529,-0.1110188408,0.09857565345,0.06769618847
86900000,-0.05187587776,-0.09649226967,0.1181893668,0.01655789588
87000000,-0.08797397023,-0.06219247161,0.112931247,-0.03784990902
87100000,-0.104872948,-0.01542592309,0.08400353466,-0.08410061833
87200000,-0.09905913898,0.03388227385,0.03756902738,-0.1125243731
87300000,-0.07183827332,0.07530789063,-0.01656151738,-0.1172295733
87400000,-0.02903145545,0.1001373917,-0.06700200253,-0.09732373603
87500000,0.02028129206,0.1031948639,-0.1031858171,-0.05708078634
87600000,0.06568934952,0.08390781478,-0.1175792053,-0.005023888993
87700000,0.09764032238,0.04640292479,-0.1072495896,0.04787945667
87800000,0.1094363297,-0.001375455057,-0.0744624216,0.09052789291
87900000,0.09863102306,-0.04933684801,-0.02618522721,0.1140155526
88000000,0.06754140254,-0.087363451,0.02739275929,0.1134915627
88100000,0.02276351427,-0.1074409541,0.07501090408,0.08916149439
88200000,-0.02621676087,-0.1053553637,0.1067036716,0.04622409632
88300000,-0.06903342761,-0.08159021328,0.1158860139,-0.006239174329
88400000,-0.09664462812,-0.04122279572,0.1007213052,-0.05718470296
88500000,-0.103254321,0.007164344172,0.06448771736,-0.09593123665
88600000,-0.08753315444,0.05332019661,0.01487016742,-0.1143991325
88700000,-0.05287804248,0.08750758096,-0.03766935145,-0.108794932
88800000,-0.006665903709,0.1025579426,-0.08209752048,-0.08039008447
88900000,0.0413245388,0.09536463704,-0.1091265176,-0.03523406665
89000000,0.08097891341,0.06751157851,-0.1131554534,0.01713367889
89100000,0.1039671937,0.02492008402,-0.09343064558,0.06569879735
89200000,0.1054824495,-0.02340363295,-0.05418444068,0.1002884616
89300000,0.08524414452,-0.06726037362,-0.003727525512,0.1137020629
89400000,0.04755784556,-0.09740174827,0.04731069653,0.1032099213
89500000,0.000411499408,-0.1074821891,0.08822114627,0.07110813255
89600000,-0.04621185936,-0.09540564472,0.1104619198,0.02421691177
89700000,-0.08245321461,-0.06377239129,0.1094415798,-0.02756812871
89800000,-0.1006744362,-0.01932175825,0.0854666357,-0.07336409316
89900000,-0.09707724895,0.02851177239,0.04365777512,-0.1035877258
90000000,-0.07249381497,0.06961318528,-0.007143481014,-0.111960608
90100000,-0.03218533693,0.0953323191,-0.05624432828,-0.09681310368
90200000,0.01529498495,0.1002999016,-0.09335115843,-0.06141630031
90300000,0.05991998125,0.08353662909,-0.1107273545,-0.01327617427
90400000,0.09229860729,0.04863569304,-0.104806112,0.03745782787
90500000,0.1056400225,0.002992940141,-0.07692211655,0.08013242957
90600000,0.09717053107,-0.04375060575,-0.03301208828,0.105827359
90700000,0.06871340981,-0.08173362008,0.01764889293,0.1092197534
90800000,0.02630764479,-0.1029506232,0.0644063607,0.08968650013
90900000,-0.02106365803,-0.102945569,0.09746702345,0.05141629453
91000000,-0.0633754205,-0.08175940122,0.1099497748,0.002511837178
91100000,-0.09169114672,-0.04392060316,0.09931764795,-0.04672547987
91200000,-0.1000618818,0.002525254167,0.06789277833,-0.08596531798
91300000,-0.08678082939,0.04773692343,0.02234998548,-0.1070155987
91400000,-0.0547252302,0.08217294454,-0.02770073698,-0.1055325491
91500000,-0.01072188352,0.09860681967,-0.07174184529,-0.08191666887
91600000,0.03591471643,0.0936351315,-0.1005582109,-0.04120989434
91700000,0.07535217537,0.06837064,-0.1081651004,0.007980506307
91800000,0.09930283854,0.02818857216,-0.0930508395,0.05530170193
91900000,0.1027547642,-0.01841204616,-0.05847619406,0.09083403379
92000000,0.08501787573,-0.06159470904,-0.01177140562,0.1071702413
92100000,0.04986885929,-0.09225293335,0.03721767827,0.1009593955
92200000,0.004758381065,-0.1039312979,0.07820503597,0.07359377708
92300000,-0.04076207751,-0.09419412373,0.1026240167,0.03089800438
92400000,-0.07706654171,-0.06514394038,0.1054176382,-0.01811041985
92500000,-0.09650096539,-0.02297084482,0.08608553296,-0.06312545204
92600000,-0.09500597578,0.02337322135,0.04877086208,-0.09471961521
92700000,-0.07296466839,0.06408591696,0.001372766581,-0.1063182154
92800000,-0.03509849584,0.09059452646,-0.04612559329,-0.09556728144
92900000,0.01055458107,0.09735787772,-0.08375956138,-0.06481066495
93000000,0.05435007195,0.0830140454,-0.1036733002,-0.02057974199
93100000,0.08706827992,0.05064461877,-0.1017594406,0.02779332219
93200000,0.1018440038,0.007112090595,-0.0785058855,0.070144367
93300000,0.09559958877,-0.03838661387,-0.03887526621,0.09761277174
93400000,0.06968799678,-0.07625224687,0.008753833506,0.1044950807
93500000,0.0296097049,-0.09850368939,0.05435806049,0.08942898118
93600000,-0.01614528979,-0.1004651772,0.08837850568,0.05566191043
93700000,-0.05789429128,-0.08175948111,0.1037241399,0.0103515659
93800000,-0.08681858426,-0.04638743824,0.09724961041,-0.03695111209
93900000,-0.09683698906,-0.001870852981,0.07039946573,-0.07631501091
94000000,-0.08588962874,0.04235643506,0.02888696173,-0.09951370555
94100000,-0.05635673232,0.07695758041,-0.01852135307,-0.1017444623
94200000,-0.01453107934,0.09466616939,-0.0618567661,-0.08262222069
94300000,0.03073080151,0.09180516465,-0.09204439967,-0.04624290347
94400000,0.06988317108,0.06903953285,-0.1028034133,-0.0003064533942
94500000,0.09469523537,0.03121718743,-0.09195355907,0.04551271612
94600000,0.09997131223,-0.01365962744,-0.06185634715,0.08160303417
94700000,0.08463550062,-0.05611719583,-0.01890169495,0.1004318498
94800000,0.05195689071,-0.08720161858,0.02784847701,0.09811742426
94900000,0.008863209756,-0.1003667943,0.06857182386,0.07522882027
95000000,-0.03552140849,-0.092861122,0.0947491245,0.03664893803
95100000,-0.07181103215,-0.06631252659,0.1009463065,-0.009466867914
95200000,-0.09235247392,-0.02637934614,0.08594222645,-0.05341455648
95300000,-0.09284812284,0.01846108604,0.05296820319,-0.08598324394
95400000,-0.07325588344,0.05872239626,0.009012563478,-0.1003855286
95500000,-0.0377771431,0.08592296176,-0.0366602152,-0.09367179235
95600000,0.006054014818,0.09437059725,-0.07446200783,-0.06733382275
95700000,0.0489749573,0.08234434825,-0.0964937315,-0.02697432973
95800000,0.0819470341,0.05243557691,-0.09819576045,0.01888462786
95900000,0.09804879326,0.01098823888,-0.07929127109,0.06060093658
96000000,0.09392141628,-0.03323957547,-0.0438274122,0.0894395879
96100000,0.07047037486,-0.07091610959,0.0006907759229,0.0994015441
96200000,0.03267573903,-0.09409969762,0.0448884262,0.08847143212
96300000,-0.01145613753,-0.09791658267,0.07949489868,0.05902461572
96400000,-0.05258629594,-0.0815951391,0.09728818193,0.01731156663
96500000,-0.08202581759,-0.04862920528,0.09460186021,-0.02786865636
96600000,-0.09358139112,-0.006029765184,0.0720802386,-0.06702434306
96700000,-0.08486378431,0.03717434549,0.03452618015,-0.09196505369
96800000,-0.05777834583,0.07185945776,-0.01012284615,-0.09751469565
96900000,-0.01809962211,0.09073674683,-0.05247226309,-0.08258549091
97000000,0.02576760756,0.0898781164,-0.08364694443,-0.0503900558
97100000,0.06456872591,0.06952355746,-0.09715101122,-0.007750500126
97200000,0.09014386819,0.03401204968,-0.0902211749,0.03634695661
97300000,0.09713432986,-0.009140717043,-0.06439171683,0.07264566378
97400000,0.08410151676,-0.05082383246,-0.02515568892,0.09356148745
97500000,0.0538277089,-0.08224631847,0.01920302965,0.09476723877
97600000,0.01273173998,-0.09679002408,0.05935853968,0.07608761146
97700000,-0.03048540949,-0.09141050236,0.08690343727,0.04151960328
97800000,-0.06668456179,-0.06728364711,0.09610892299,-0.001622417793
97900000,-0.08822963783,-0.0295531478,0.08511605533,-0.04425420549
98000000,-0.09060701863,0.01377040959,0.05631048568,-0.07743432207
98100000,-0.07337271407,0.05351968437,0.01580527728,-0.09423933505
98200000,-0.04022733168,0.08131733602,-0.02785618476,-0.09120828921
98300000,0.001787707277,0.09134047934,-0.0655020157,-0.06905512528
98400000,0.04379068699,0.08153215666,-0.08925840919,-0.03250247464
98500000,0.07693335584,0.05401442559,-0.09419631833,0.01072484491
98600000,0.09425561452,0.01462726222,-0.07935389727,0.05153217851
98700000,0.09213970235,-0.02830482952,-0.04792266987,0.08136832815
98800000,0.07106589307,-0.06572275646,-0.006561661137,0.09401731079
98900000,0.03551157582,-0.08973893268,0.03601319461,0.08689317977
99000000,-0.006991197266,-0.09530273497,0.07086560066,0.06156823382
99100000,-0.04744838662,-0.08127131961,0.0907144493,0.02342682037
99200000,-0.07731244859,-0.05065172449,0.09145476662,-0.01947920184
99300000,-0.0902974358,-0.009956870399,0.07300637795,-0.05813009738
99400000,-0.08370787711,0.03218689353,0.03931490217,-0.08443424963
99500000,-0.0589958952,0.06687726048,-0.002491800598,-0.09292199843
99600000,-0.02143334362,0.08681995993,-0.04361144518,-0.08188277704
99700000,0.02102051151,0.08785781929,-0.07542047655,-0.05370918519
99800000,0.05940637548,0.06982817013,-0.09128244688,-0.01437893504
99900000,0.08564892929,0.03657910384,-0.08793242421,0.02781326312
100000000,0.09424661114,-0.004850124019,-0.06614867365,0.06400489915
100100000,0.08342071313,-0.04571127954,-0.03057350476,0.08662710343
100200000,0.05548705117,-0.07738626118,0.01127578918,0.09098739007
100300000,0.01636938558,-0.0932029475,0.05059523013,0.07624276533
100400000,-0.0256502067,-0.08984651585,0.07914614055,0.0455614544
100500000,-0.0616856768,-0.06806288635,0.09098126451,0.005442506023
100600000,-0.08413376016,-0.03249791185,0.08368340786,-0.03566068271
100700000,-0.08828644329,0.009296714882,0.05885866605,-0.06912142653
100800000,-0.07332059746,0.04847547283,0.0217836956,-0.08795017237
100900000,-0.04245499222,0.07677800645,-0.01971565316,-0.08825436893
101000000,-0.002249518414,0.08827046824,-0.05691608064,-0.0700429054
101100000,0.03879390897,0.08058238228,-0.08203036958,-0.03720893435
101200000,0.07202640059,0.05538702,-0.08983734604,0.003302093218
101300000,0.0904662914,0.01803473932,-0.07876712996,0.04296145061
101400000,0.09025854109,-0.02357824537,-0.05121614508,0.07345253971
101500000,0.07148002842,-0.06067038398,-0.0130288266,0.08841475005
101600000,0.03812287333,-0.08542230731,0.02774197522,0.08477014222
101700000,-0.002745890258,-0.0926270599,0.06253301914,0.06335627555
101800000,-0.04247809801,-0.08079319625,0.08406910889,0.02873514497
101900000,-0.07267869124,-0.0524607572,0.08788426497,-0.01177845999
102000000,-0.08698798224,-0.01365722986,0.07324760259,-0.04966227848
102100000,-0.08242679225,0.02739083808,0.04330201565,-0.07697915085
102200000,-0.06001523957,0.06201027345,0.004389659766,-0.08803981843
102300000,-0.0245378343,0.08291777086,-0.03529107515,-0.08058763083
102400000,0.01648535754,0.08574849599,-0.06741273675,-0.05625850242
102500000,0.0543942513,0.06995896979,-0.08526628807,-0.0202224672
102600000,0.08121121073,0.03892415879,-0.085162219,0.01991476459
102700000,0.09131142786,-0.0007830434453,-0.06719271789,0.05571691238
102800000,0.0825981354,-0.04077675084,-0.03519751557,0.07969018298
102900000,0.05694064043,-0.07262127654,0.004056313062,0.08685166279
103000000,0.01978128455,-0.08960804758,0.04230544594,0.07576482247
103100000,-0.0210123978,-0.08817375028,0.07152969477,0.04882698909
103200000,-0.05681348495,-0.06865591441,0.08563356797,0.01175140834
103300000,-0.08006667437,-0.03521912429,0.08171747673,-0.02764429377
103400000,-0.08589056475,0.005035919034,0.06067351186,-0.06108637186
103500000,-0.07310513588,0.04358797861,0.02698345157,-0.08158245569
103600000,-0.04446596434,0.07230587462,-0.01223550169,-0.08488342944
103700000,-0.006062510961,0.08516395621,-0.04873412093,-0.07036409542
103800000,0.03398176838,0.07950019306,-0.07486615142,-0.04114014756
103900000,0.06722588635,0.05655922482,-0.08519002273,-0.003399904591
104000000,0.08668315754,0.02121600885,-0.0776017832,0.03490593211
104100000,0.08828237704,-0.01905613059,-0.05376341898,0.06573911515
104200000,0.07171837767,-0.05575773087,-0.01873945991,0.08266050072
104300000,0.04051515865,-0.08115126478,0.02007879583,0.08217463177
104400000,0.001284015094,-0.08989339129,0.05453297024,0.06445151981
104500000,-0.03767344824,-0.08016614644,0.0774121155,0.03327664264
104600000,-0.06812527303,-0.05406202805,0.08396176169,-0.004757333639
104700000,-0.0836563239,-0.01713564206,0.07287173052,-0.04164457846
104800000,-0.08102567962,0.0227833666,0.04653752469,-0.06965113083
104900000,-0.06084227917,0.05725828323,0.01054329794,-0.08293631099
105000000,-0.02741849375,0.0790326101,-0.02752208611,-0.07877061056
105100000,0.01215837309,0.08355470472,-0.05966492586,-0.05809614358
105200000,0.04953098096,0.06992168644,-0.07916522942,-0.02531465393
105300000,0.07683200958,0.0410529214,-0.08198149632,0.01264942883
105400000,0.08833245983,0.003065015891,-0.06758810074,0.04781149522
105500000,0.08163905565,-0.03601791806,-0.03907182286,0.07280595723
105600000,0.0581942003,-0.06795169825,-0.002470172207,0.08242902723
105700000,0.02297235568,-0.08600825066,0.03450672469,0.07472195488
105800000,-0.01656896673,-0.08639708529,0.06410013514,0.0513692701
105900000,-0.05206756059,-0.06906848561,0.08013058461,0.01733116228
106000000,-0.07603065999,-0.0377221365,0.0792880575,-0.02020989152
106100000,-0.08342388277,0.0009842586685,0.06181518751,-0.05336458933
106200000,-0.07273208089,0.03885585242,0.03144248474,-0.07519463125
106300000,-0.04626602389,0.06790229733,-0.005407891691,-0.08116456675
106400000,-0.009655855474,0.08202471576,-0.04097992272,-0.07008388989
106500000,0.02935181929,0.07829098141,-0.06781604319,-0.04434373436
106600000,0.06253200006,0.05753692486,-0.08032047281,-0.009401266586
106700000,0.0829089772,0.02417622044,-0.07592586917,0.02737711971
106800000,0.08621595701,-0.01473515048,-0.05562010346,0.05826862394
106900000,0.07178665011,-0.05098398526,-0.02372514617,0.07681556902
107000000,0.0426938624,-0.07692769356,0.01302263265,0.07917519934
107100000,0.00510247146,-0.08710591113,0.04689508275,0.06491563821
107200000,-0.03303285215,-0.07939572914,0.07079740536,0.03709318453
107300000,-0.06365334863,-0.0554612442,0.07975407724,0.001597536498
107400000,-0.08030612093,-0.02039669857,0.07194438423,-0.03409483951
107500000,-0.07950991924,0.01836201508,0.04907208019,-0.06249536074
107600000,-0.06148296054,0.05262149102,0.01599421882,-0.0776743813
107700000,-0.03008057476,0.07516730085,-0.020310087,-0.07649907577
107800000,0.008036095456,0.08128129122,-0.05221206473,-0.05927976136
107900000,0.04481560065,0.06972217082,-0.07303623158,-0.0296913753
108000000,0.07251304479,0.04297102599,-0.0784571082,0.006010593928
108100000,0.08531373347,0.00669829468,-0.06739748906,0.0403124845
108200000,0.08054894557,-0.03143282746,-0.04224176743,0.0660236336
108300000,0.05925346814,-0.06337827816,-0.00832223151,0.0777836271
108400000,0.02594734791,-0.08240685646,0.02721106717,0.07317971432
108500000,-0.01231720915,-0.08452165269,0.05689738489,0.05324148808
108600000,-0.04744786124,-0.06930643684,0.07453166487,0.02221147931
108700000,-0.07202836838,-0.04001220129,0.07646138793,-0.01335738718
108800000,-0.08089117958,-0.002861775475,0.06234288285,-0.0459855118
108900000,-0.07220731891,0.03427809822,0.0352005379,-0.06883935453
109000000,-0.04786090645,0.06356900828,0.0007792066164,-0.07716250952
109100000,-0.01303392986,0.07885684011,-0.03367158315,-0.06926545141
109200000,0.02490194731,0.07696033582,-0.06092434759,-0.04686803586
109300000,0.0579453155,0.05832603408,-0.07528979694,-0.01472542251
109400000,0.07914687565,0.02692037916,-0.07380438991,0.02038131381
109500000,0.08406428751,-0.01061225763,-0.05684143837,0.05107565386
109600000,0.07169066067,-0.04634870328,-0.02801980424,0.07093545387
109700000,0.04466434867,-0.07275385228,0.006567923386,0.07583651806
109800000,0.008713212214,-0.08426909655,0.03964320441,0.06480886232
109900000,-0.0285550452,-0.07848766476,0.06427311053,0.04022793241
110000000,-0.05926442386,-0.05666411174,0.0753234243,0.007303249017
110100000,-0.07694134055,-0.02344483281,0.07052873817,-0.02702551113
110200000,-0.0778850903,0.01412459779,0.05095655043,-0.05555110514
110300000,-0.06194328077,0.04810043612,0.02077035392,-0.07231175693
110400000,-0.03252922155,0.07132499239,-0.01365585505,-0.07383702226
110500000,0.004115307421,0.07893334613,-0.04508336043,-0.05986615812
110600000,0.0402474783,0.06936638478,-0.06693068466,-0.03339034311
110700000,0.06825638394,0.04468405991,-0.07465174865,-1.252045963e-05
110800000,0.0822595676,0.0101208383,-0.06668167219,0.03323818629
110900000,0.07933345247,-0.02701982676,-0.0447534785,0.05938664388
111000000,0.06012420597,-0.05890211085,-0.01352170782,0.07297479992
111100000,0.02871088333,-0.07880747622,0.02042540487,0.07120082169
111200000,-0.008254667037,-0.08255280107,0.04995557881,0.05449656509
111300000,-0.0429546543,-0.06937568564,0.06889087048,0.02642441075
111400000,-0.0680627572,-0.04209450407,0.07330002594,-0.007082245433
111500000,-0.07829747588,-0.006505495727,0.06231448342,-0.03897296143
111600000,-0.07153685804,0.02985400249,0.03829868965,-0.06256368944
111700000,-0.04925632754,0.05930804887,0.006341507867,-0.07293758862
111800000,-0.01620095405,0.07566469015,-0.02682194881,-0.06796965764
111900000,0.02063030156,0.07551401537,-0.05422966036,-0.04876169283
112000000,0.05346672084,0.05893250294,-0.07015413307,-0.01939861311
112100000,0.07540027748,0.02945338418,-0.07129916867,0.01392009292
112200000,0.08183259674,-0.006684630148,-0.05748192935,0.04418915933
112300000,0.07143632342,-0.04185173745,-0.03165920799,0.06507029648
112400000,0.04643194076,-0.06863230338,0.0007050614891,0.07221930343
112500000,0.01211980356,-0.0813876728,0.03279580767,0.06418969206
112600000,-0.02423901664,-0.07744781688,0.05788179128,0.04272489727
112700000,-0.05496028863,-0.05767634949,0.07072741851,0.01238014404
112800000,-0.07356620388,-0.02628436241,0.06868530629,-0.02044409938
112900000,-0.07615694325,0.01006914571,0.05224163103,-0.04885202845
113000000,-0.06222929048,0.04369592839,0.02490197637,-0.0669010877
113100000,-0.03476950295,0.06750910102,-0.007555813449,-0.07084495504
113200000,0.0003929809845,0.07651616678,-0.03830257621,-0.05991095945
113300000,0.03582624592,0.06886039213,-0.06089459304,-0.03645064448
113400000,0.06406437844,0.04619758534,-0.07062391522,-0.005434323014
113500000,0.07917452511,0.013336545,-0.06549930908,0.02660179632
113600000,0.07799837745,-0.02277750085,-0.04665346032,0.05293290696
113700000,0.06081220945,-0.05452456694,-0.01809323596,0.06805712741
113800000,0.0312674946,-0.07521397777,0.0141520567,0.06884499525
113900000,-0.004379071445,-0.08049606395,0.0433033945,0.0551867975
114000000,-0.03858845235,-0.06928222771,0.06325711116,0.03000388132
114100000,-0.06413703219,-0.04397418972,0.06986276362,-0.001375961992
114200000,-0.0756479915,-0.009950067509,0.0617862807,-0.03234553782
114300000,-0.07072681564,0.02558307198,0.04077892257,-0.0564093258
114400000,-0.05045799963,0.05512170697,0.01129792902,-0.06854573873
114500000,-0.01916103286,0.07245284722,-0.02043904746,-0.06625488764
114600000,0.01653523507,0.07395792646,-0.0477651605,-0.05007326236
114700000,0.04909735467,0.05936232408,-0.06496474475,-0.02344941847
114800000,0.07167285179,0.03178006225,-0.06846871841,0.00799077421
114900000,0.07952630043,-0.002949617559,-0.0575950251,0.03763281421
115000000,0.07102964494,-0.03749317343,-0.03468054074,0.05926505149
115100000,0.04800194328,-0.0645658543,-0.004579129696,0.06838026752
115200000,0.01532569001,-0.07846657102,0.02636639277,0.0631146433
115300000,-0.02008395063,-0.07628217534,0.05166068351,0.04462853433
115400000,-0.05074295745,-0.05850370047,0.06601911881,0.01685133122
115500000,-0.07018513863,-0.02891952611,0.06647176772,-0.01435360641
115600000,-0.07433137435,0.006193852414,0.05297749334,-0.04242650979
115700000,-0.06234709554,0.03940898848,0.02842124654,-0.06149006996
115800000,-0.03680644094,0.0637232573,-0.002002492578,-0.06757979678
115900000,-0.003133771968,0.07403522275,-0.03188840255,-0.05946832672
116000000,0.03155173989,0.06821034974,-0.05496877858,-0.03891231971
116100000,0.05993960601,0.04751715783,-0.06642790226,-0.01027238324
116200000,0.0760633696,0.01634920796,-0.0639067139,0.02041181457
116300000,0.07654965531,-0.01870461526,-0.04798821597,0.04669510345
116400000,0.06132331499,-0.05024723409,-0.02206378413,0.06308051295
116500000,0.03362165726,-0.07163043648,0.008389172971,0.06616881539
116600000,-0.000688292181,-0.07835713088,0.03696438862,0.05536353729
116700000,-0.0343499559,-0.06903213381,0.05767430271,0.03298525454
116800000,-0.06025459531,-0.04565638557,0.06620457468,0.003773477834
116900000,-0.07294810975,-0.01319855305,0.06081272079,-0.02611700412
117000000,-0.06978340641,0.02146497867,0.04268372674,-0.05041281206
117100000,-0.05147164635,0.05101246241,0.01567013143,-0.06403852944
117200000,-0.02191819331,0.06922607065,-0.01452651081,-0.0641768455
117300000,0.01261525217,0.07229810142,-0.04155890923,-0.05085087186
117400000,0.04483854928,0.05962153652,-0.05976813386,-0.02690831566
117500000,0.06796846318,0.03390519656,-0.0653681453,0.002586858769
117600000,0.07715097073,0.0005953066095,-0.05723283266,0.03142536635
117700000,0.07047671769,-0.03327327423,-0.037121983,0.0535596767
117800000,0.04937966083,-0.06055750501,-0.009300944126,0.06437210456
117900000,0.01833423411,-0.07551089023,0.02036388562,0.06163803322
118000000,-0.01608917434,-0.07499684035,0.04564195836,0.04598337383
118100000,-0.04661461656,-0.05915194103,0.06124709475,0.0207422443
118200000,-0.06680273641,-0.03135451565,0.06394282824,-0.008752958289
118300000,-0.07241440229,0.002497026518,0.05321346994,-0.03629796321
118400000,-0.06230285774,0.03524079493,0.03136178847,-0.05612159249
118500000,-0.03864503512,0.05997125898,0.003015026716,-0.06409482919
118600000,-0.006467742809,0.07149612451,-0.02585482689,-0.05859070721
118700000,0.0274239482,0.06742249864,-0.04918909945,-0.04081597422
118800000,0.05588481933,0.0486483418,-0.06211382336,-0.01454698734
118900000,0.07293102637,0.01916255181,-0.06195767799,0.01467245183
119000000,0.07499333584,-0.01480006633,-0.04880390704,0.04070095939
119100000,0.06166340506,-0.04607186452,-0.02546222355,0.05809028331
119200000,0.03577781756,-0.06806109125,0.003131165035,0.06322562358
119300000,0.002819706263,-0.07614182093,0.03095733551,0.05507691032
119400000,-0.03024000277,-0.0686315461,0.05218154386,0.03540493015
119500000,-0.05641899834,-0.04714622079,0.06237659296,0.008381160775
119600000,-0.07020334513,-0.01625394951,0.05944618975,-0.02029666894
119700000,-0.06871293084,0.0174995113,0.04405573768,-0.04460580066
119800000,-0.05230301412,0.04698293839,0.01948208823,-0.059463223
119900000,-0.02447641692,0.0659892594,-0.009083986599,-0.06178841897
120000000,0.008868962333,0.0705406785,-0.03563415499,-0.05114190915
120100000,0.04069178022,0.05971622831,-0.05460617481,-0.02980726606
120200000,0.06429112773,0.03583355152,-0.06204908458,-0.002301539969
120300000,0.07471230791,0.003952586357,-0.05644586915,0.02558099159
120400000,0.06978371296,-0.02919243072,-0.03902233288,0.0479893385
120500000,0.05057041356,-0.05661040116,-0.01347936251,0.06024350527
120600000,0.02114875091,-0.07252586281,0.01479302871,0.05981180106
120700000,-0.01225411224,-0.07359800738,0.03985299147,0.04683368681
120800000,-0.04257757685,-0.05962688802,0.05645551789,0.02408022259
120900000,-0.06342371431,-0.03359350318,0.06115011534,-0.00363741949
121000000,-0.07041214642,-0.001022950047,0.05299777623,-0.03048516116
121100000,-0.06210279427,0.03119263704,0.03375829695,-0.05083390115
121200000,-0.04029028346,0.05625702859,0.00751068885,-0.06043966494
121300000,-0.00961166386,0.06890459478,-0.02021150004,-0.05732861983
121400000,0.02344296376,0.06650315517,-0.04358668175,-0.04220242394
121500000,0.0519029002,0.04959672327,-0.0577276601,-0.01828071825
121600000,0.06978254697,0.02178026434,-0.05970332627,0.009384026549
121700000,0.07333556624,-0.01106283737,-0.04914604853,0.03497353668
121800000,0.06183841188,-0.04200032834,-0.02831892651,0.05312731193
121900000,0.03774041637,-0.06451030477,-0.001630880781,0.0600654533
122000000,0.006146903339,-0.07385605823,0.02529656605,0.05437557007
122100000,-0.02625952311,-0.0680866737,0.04681330916,0.03729997321
122200000,-0.05263390119,-0.04844884271,0.05842611925,0.01246482836
122300000,-0.06741931369,-0.01911922218,0.05773683371,-0.01488976194
122400000,-0.06752176388,0.01368653243,0.04493740831,-0.03901530334
122500000,-0.05295788136,0.04303585801,0.02275967747,-0.05486285601
122600000,-0.02683966755,0.0627474173,-0.004107538352,-0.05913957112
122700000,0.005295039475,0.06869188316,-0.03000964209,-0.05099274746
122800000,0.03665862146,0.05965253786,-0.04951626761,-0.03217933218
122900000,0.06064497337,0.03756989377,-0.05855966646,-0.006687285792
123000000,0.07221611418,0.007124619515,-0.05528284834,0.02010964512
123100000,0.06895687366,-0.02525111784,-0.04042065892,0.04258463055
123200000,0.05157955011,-0.05272779202,-0.01713564478,0.05603919728
123300000,0.02377253788,-0.06951682305,0.009654763112,0.05768536268
123400000,-0.00857824571,-0.07209195264,0.03431663919,0.04722318482
123500000,-0.03863423175,-0.05993440398,0.05168427466,0.02689411969
123600000,-0.06005288002,-0.03564066485,0.05814210461,0.001001007372
123700000,-0.06833080639,-0.004367658659,0.05237726641,-0.02500255856
123800000,-0.06175317607,0.02726587308,0.03564617519,-0.04566077958
123900000,-0.04174719977,0.05258457529,0.01150105932,-0.05666024755
124000000,-0.01256824123,0.06626644208,-0.01496409705,-0.05573047485
124100000,0.01960894304,0.06545870182,-0.03818816151,-0.04311237344
124200000,0.04799681842,0.05036792015,-0.05331133466,-0.02149806032
124300000,0.06662307693,0.02420602391,-0.05719200583,0.004543350175
124400000,0.07158257438,-0.007491959987,-0.04905923752,0.02953152749
124500000,0.06185431959,-0.03803457186,-0.03066539282,0.04822816094
124600000,0.03951390942,-0.06098252763,-0.005908806256,0.0567349904
124700000,0.009295256232,-0.0715058492,0.01999230448,0.0533064853
124800000,-0.02240949944,-0.0674037877,0.04159965502,0.03870777425
124900000,-0.04890303436,-0.04956943021,0.0543966539,0.0160444816
125000000,-0.06460170578,-0.02179733324,0.05573241178,-0.009897801496
125100000,-0.06621634371,0.01002594055,0.04537071371,-0.0336639538
125200000,-0.05344206562,0.03917400534,0.02553030144,-0.05027634244
125300000,-0.02901191539,0.05950562127,0.0004099686855,-0.05627726264
125400000,0.001892186282,0.06675801027,-0.02469992081,-0.05044850401
125500000,0.03274070536,0.05943665384,-0.04453150716,-0.03405832379
125600000,0.05703420401,0.0391190099,-0.05494450953,-0.01058582829
125700000,0.06966826943,0.01011378941,-0.05379050031,0.01501740812
125800000,0.06800250663,-0.02144985574,-0.04135598449,0.03737180292
125900000,0.05241245783,-0.0489129927,-0.0202929461,0.05180000914
126000000,0.02620890074,-0.06648917829,0.004946599869,0.05530549644
126100000,-0.005061077473,-0.07048501913,0.02905151947,0.04719475258
126200000,-0.03478701957,-0.06008040063,0.046969098,0.02921393948
126300000,-0.05669510004,-0.03750020076,0.05496407501,0.005173197775
126400000,-0.06617664292,-0.007538676061,0.05139722254,-0.01986061567
126500000,-0.0612603252,0.02346189297,0.03706120251,-0.0406317435
126600000,-0.04302082815,0.04895796026,0.01500494135,-0.05279887672
126700000,-0.01534018337,0.06358753621,-0.01011467085,-0.05384242566
126800000,0.01592206951,0.0642955781,-0.03301593436,-0.04358612584
126900000,0.04416959479,0.0509675902,-0.04890280357,-0.02422502902
127000000,0.06345782624,0.02644352286,-0.05446920454,0.000144099699
127100000,0.06974065279,-0.004086480137,-0.04858691452,0.02438955073
127200000,0.06171716492,-0.03417658035,-0.0325339045,0.04342523949
127300000,0.04110278433,-0.05748226567,-0.009717002338,0.05327756053
127400000,0.01226672932,-0.06909726127,0.0150510012,0.05191475996
127500000,-0.0186909312,-0.06658921539,0.03656643672,0.03966574014
127600000,-0.04523016506,-0.05051320453,0.05032795276,0.01914200816
127700000,-0.06175626093,-0.02429126661,0.05347817982,-0.005318952516
127800000,-0.06480316048,0.006517636607,0.04539688778,-0.02857027552
127900000,-0.05376142863,0.03540019043,0.02782253208,-0.04573859542
128000000,-0.0309971572,0.05626899229,0.004478496641,-0.05324540248
128100000,-0.001340897128,0.06474540719,-0.01971565656,-0.04955283063
128200000,0.02893968701,0.05907481399,-0.03968086607,-0.03547847314
128300000,0.05346306694,0.04048572119,-0.0512447393,-0.01401483126
128400000,0.06707470868,0.01292249241,-0.05201342236,0.0103068278
128500000,0.06692697469,-0.01778917533,-0.04186700303,0.03237299935
128600000,0.05307457091,-0.04516935006,-0.02297595684,0.04756295528
128700000,0.02846117558,-0.06344838229,0.0006629794556,0.05271625867
128800000,-0.001702100287,-0.06878360287,0.02407229516,0.04679021217
128900000,-0.03103838976,-0.06007084074,0.04234171527,0.03107049929
129000000,-0.05335527065,-0.03917635171,0.05165809085,0.008892538564
129100000,-0.06395595962,-0.01053760235,0.05010117491,-0.01506611753
129200000,-0.06063061124,0.01978208512,0.03803923155,-0.03577224587
129300000,-0.04411625475,0.0453812654,0.01804301405,-0.04889425664
129400000,-0.01793022569,0.06087378539,-0.005661997003,-0.05170825062
129500000,0.0123825212,0.06302027098,-0.0280884108,-0.04366332372
129600000,0.04042426789,0.05140143694,-0.04453617006,-0.02648882568
129700000,0.06029204212,0.02849648761,-0.05157749759,-0.003822823982
129800000,0.06781614323,-0.0008454282798,-0.04777115588,0.01955844821
129900000,0.06143303668,-0.03042834476,-0.03395720847,0.03874697581
130000000,0.04251157473,-0.05401405021,-0.01307204904,0.04973314133
130100000,0.0150633198,-0.06663640279,0.01047565979,0.05024348354
130200000,-0.01510480325,-0.06564933397,0.03173553374,0.04021101468
130300000,-0.04161906647,-0.05128543773,0.0462561039,0.02178083239
130400000,-0.05888874435,-0.02660404922,0.05101680292,-0.001148373208
130500000,-0.06328874512,0.003161494477,0.04505619056,-0.02374895241
130600000,-0.05392187966,0.03171721787,0.02966578256,-0.04128066519
130700000,-0.03279943356,0.05304266873,0.008110480194,-0.05008482478
130800000,-0.004405540595,0.06266045746,-0.01506393653,-0.04834773497
130900000,0.0252572123,0.05857330272,-0.03498938874,-0.03647413864
131000000,0.04993582326,0.04167489562,-0.04749802942,-0.01699382155
131100000,0.06444140086,0.01555316169,-0.04999395929,0.005977249478
131200000,0.06573668821,-0.01426958774,-0.04199182323,0.02760650038
131300000,0.05357137634,-0.04150021191,-0.02521056656,0.04336133956
131400000,0.0305327477,-0.0603999107,-0.003204382036,0.04995892633
131500000,0.001499230576,-0.06699413957,0.01938995762,0.04605011753
131600000,-0.02739077262,-0.05991173853,0.03783000996,0.03249511998
131700000,-0.05003829132,-0.04067341316,0.04826300804,0.01217457909
131800000,-0.06167508558,-0.01336608533,0.04853075222,-0.01062248827
131900000,-0.05987044679,0.01622780689,0.03861591431,-0.03110389092
132000000,-0.04503861709,0.04185856483,0.02063749232,-0.04498156496
132100000,-0.02034115178,0.05813111496,-0.00160190805,-0.04936926307
132200000,0.008990442166,0.06163930522,-0.02342027465,-0.04338271966
132300000,0.03676386403,0.0516752137,-0.04024181273,-0.02831751743
132400000,0.05713098397,0.03036869554,-0.04855651965,-0.007368952853
132500000,0.06581542178,0.002232206746,-0.04665249607,0.0150455788
132600000,0.0610080739,-0.02679183193,-0.03496822659,0.03421800057
132700000,0.04374487178,-0.05058241091,-0.01599237483,0.04613839704
132800000,0.0176870798,-0.06412940411,0.006266156631,0.04833361014
132900000,-0.01165205785,-0.06459056355,0.02712508127,0.0403802281
133000000,-0.03807348992,-0.05189145904,0.04221362271,0.02398558845
133100000,-0.05600492515,-0.02873876916,0.0483882947,0.002621450605
133200000,-0.06167965808,-4.266498225e-05,0.044387705,-0.01921110033
133300000,-0.05392937714,0.02812785851,0.03109000474,-0.03692989106
133400000,-0.03442284308,0.0498317817,0.0113204887,-0.04683328961
133500000,-0.007303127792,0.06050956513,-0.01074857174,-0.04687343057
133600000,0.02169488954,0.05793844767,-0.03047839437,-0.03707953629
133700000,0.04645672078,0.04269145739,-0.0437386633,-0.0195438588
133800000,0.06177432888,0.0180082878,-0.04777211122,0.002025138896
133900000,0.06443809636,-0.01089155731,-0.04176774292,0.02308697023
134000000,0.05390841797,-0.03790889922,-0.02702355213,0.03922487493
134100000,0.03242706748,-0.05734923814,-0.006666161019,0.0470719649
134200000,0.004543521432,-0.0651230914,0.0150121088,0.04501357792
134300000,-0.02384655215,-0.05960915873,0.03345819486,0.03351934251
134400000,-0.04674904022,-0.04199574653,0.04481450245,0.01503670087
134500000,-0.05934035873,-0.01602584153,0.04672555957,-0.006530098823
134600000,-0.0589862821,0.01280035825,0.03882645615,-0.02664465443
134700000,-0.04579311114,0.03839389894,0.022811809,-0.04109253995
134800000,-0.0225758115,0.05536544724,0.002072383668,-0.04686424747
134900000,0.00574591719,0.06015923345,-0.0190227429,-0.04278197535
135000000,0.0331913702,0.05179472595,-0.03604652799,-0.02973974197
135100000,0.05397990015,0.032063989,-0.04544296058,-0.01050792464
135200000,0.06374488428,0.005147500506,-0.0452697779,0.01085510862
135300000,0.06044846291,-0.02326895795,-0.0355997927,0.02985933937
135400000,0.04480733326,-0.0471918508,-0.0184979359,0.04252673311
135500000,0.02014013548,-0.06158239952,0.002419551667,0.04622386435
135600000,-0.00833356992,-0.0634193597,0.02274970584,0.04020927454
135700000,-0.03459713965,-0.0523366593,0.03822956313,0.02578181656
135800000,-0.05311055589,-0.0306985909,0.04562998123,0.006000384643
135900000,-0.059982478,-0.003095096719,0.04342916173,-0.01496453751
136000000,-0.05378992886,0.02463482398,0.03212541217,-0.03271006476
136100000,-0.03587155405,0.04664143233,0.01412490595,-0.04352550546
136200000,-0.01003511691,0.05829913958,-0.006770393065,-0.04516821425
136300000,0.01825426403,0.05717661539,-0.02616568663,-0.03732849826
136400000,0.04302996941,0.04354039434,-0.03999761371,-0.02168722632
136500000,0.05907947077,0.02029043604,-0.045385467,-0.001555606162
136600000,0.06303767802,-0.00765547773,-0.04123105079,0.01882570527
136700000,0.0540912989,-0.03439868089,-0.02844228982,0.03517981702
136800000,0.03414766353,-0.05430181704,-0.009735109733,0.04409101934
136900000,0.007431461198,-0.06317693406,0.01094324001,0.04371810864
137000000,-0.02040804171,-0.05916921445,0.02924699455,0.03417467039
137100000,-0.04349235169,-0.04314778815,0.04134511807,0.0174978063
137200000,-0.05695810985,-0.01851867434,0.04472308281,-0.002786566334
137300000,-0.05798459901,0.009500958448,0.03870539679,-0.02240910863
137400000,-0.04638499646,0.03499125072,0.02459031906,-0.03725558365
137500000,-0.02463713614,0.0525826826,0.005369975923,-0.04422941975
137600000,0.002648949637,0.058586626,-0.01490382496,-0.04189748798
137700000,0.02970970964,0.05176583203,-0.03197368424,-0.03078443696
137800000,0.05084400645,0.03358628692,-0.04227058242,-0.01325517242
137900000,0.06161093219,0.007901612743,-0.0436600295,0.006988295856
138000000,0.05976043346,-0.01986156431,-0.0358844157,0.02568861227
138100000,0.04570369055,-0.04384682351,-0.02060991574,0.03892836883
138200000,0.02242470313,-0.05900151014,-0.001069610912,0.04395067215
138300000,-0.0051501251,-0.06214220546,0.018620763,0.0397331163
138400000,-0.03119364983,-0.05262649356,0.03432964272,0.02719568223
138500000,-0.05021135344,-0.03248676794,0.04277648759,0.009000339697
138600000,-0.05820379033,-0.005996151374,0.04221679046,-0.01101405231
138700000,-0.05350959083,0.02124074378,0.03280222804,-0.02864160337
138800000,-0.03714981377,0.0434766707,0.01654162806,-0.04019317138
138900000,-0.0126030585,0.0560355808,-0.003127539807,-0.04326836901
139000000,0.01493679551,0.05629420602,-0.02206576813,-0.03725425759
139100000,0.03965971848,0.04422676323,-0.03630263842,-0.02344714326
139200000,0.05636278187,0.02240226132,-0.04286916115,-0.004773356235
139300000,0.0615419323,-0.004561651046,-0.04041685438,0.01483088256
139400000,0.05412568234,-0.03097275101,-0.02949449101,0.03124910939
139500000,0.03569815343,-0.05126305773,-0.01242575549,0.04104892604
139600000,0.01016383963,-0.06116214392,0.00718500588,0.04219950767
139700000,-0.01707746221,-0.05859806385,0.02521383504,0.03449233744
139800000,-0.04027299545,-0.04413405611,0.03788433286,0.01957802672
139900000,-0.05453464717,-0.02084648941,0.0425586172,0.0006129557073
140000000,-0.05687190416,0.006330725357,0.03828641742,-0.01840864942
140100000,-0.04681959944,0.03165452425,0.02599802601,-0.0334958789
140200000,-0.0265281512,0.04978868167,0.008301980086,-0.04149840981
140300000,-0.0003005579603,0.05692806054,-0.0110685797,-0.04076424245
140400000,0.02632171976,0.05159444259,-0.02804338556,-0.03148059351
140500000,0.04772846604,0.03493959393,-0.0390702558,-0.01562763151
140600000,0.05941995872,0.01049580442,-0.04185836609,0.003443768706
140700000,0.05895025383,-0.01657139672,-0.035854068,0.02172023817
140800000,0.04643875363,-0.04055171226,-0.02235044508,0.03537042562
140900000,0.02454310293,-0.05639282753,-0.004209013199,0.04154811496
141000000,-0.002102400472,-0.06076560279,0.01474657541,0.03898561383
141100000,-0.02786656373,-0.05276648218,0.03053637948,0.02825371833
141200000,-0.0473129809,-0.03410665307,0.03985974511,0.01163498028
141300000,-0.05635017593,-0.008746292541,0.0407851966,-0.007361666587
141400000,-0.0530944648,0.01794814473,0.03315045762,-0.02474172955
141500000,-0.03826195566,0.04034247635,0.01858977986,-0.03686503639
141600000,-0.01500861063,0.05372526509,0.0001842605071,-0.04120809081
141700000,0.01174383808,0.05529764733,-0.01819005764,-0.03688925803
141800000,0.03635003612,0.04475569329,-0.03267838941,-0.02484749796
141900000,0.05363017784,0.02434652036,-0.04025585276,-0.007638463377
142000000,0.05995736891,-0.001610269241,-0.03935893338,0.01110780652
142100000,0.05401729098,-0.0276342082,-0.03020796118,0.02745253847
142200000,0.03708225229,-0.04823830992,-0.01475411638,0.03797574372
142300000,0.01274156301,-0.05908518536,0.003736491984,0.04049175663
142400000,-0.01385692263,-0.05790190594,0.02137303865,0.03450310001
142500000,-0.03709565744,-0.04495915514,0.03445864022,0.02129844994
142600000,-0.05207624154,-0.02301130757,0.04026521876,0.003675497881
142700000,-0.05565472157,0.003290657175,0.03760217253,-0.01465172443
142800000,-0.04710231496,0.02838752496,0.02706033017,-0.02983551804
142900000,-0.02825198663,0.04698924833,0.01088123895,-0.03870226433
143000000,-0.003102820795,0.05519011156,-0.007519368647,-0.03941568811
143100000,0.02303013232,0.0512865186,-0.0242726429,-0.0318570332
143200000,0.0446383708,0.0361280075,-0.03587001337,-0.01764346407
143300000,0.05717833533,0.01293145228,-0.03989791503,0.0002177952249
143400000,0.05802422521,-0.01340008614,-0.03553999833,0.01796564249
143500000,0.04701741432,-0.03731081055,-0.02374234216,0.031877029
143600000,0.02649777018,-0.05376239799,-0.007008286193,0.039047905
143700000,0.0008090523764,-0.05929606378,0.01113266953,0.03799938004
143800000,-0.02461931475,-0.05276221049,0.02686923831,0.02898258949
143900000,-0.04442103067,-0.03556170653,0.03690901717,0.01391944897
144000000,-0.05442819964,-0.01134611164,0.03916726148,-0.004006893442
144100000,-0.05255069484,0.01475943251,0.03319968427,-0.02102465724
144200000,-0.03921240447,0.03724374015,0.02028944999,-0.03356697453
144300000,-0.01725355178,0.05137453117,0.003171422127,-0.03901943744
144400000,0.008676622421,0.05419338794,-0.01454710844,-0.03626498813
144500000,0.03310489032,0.04513238806,-0.02914653394,-0.02591260244
144600000,0.05088751858,0.02612608177,-0.03757572406,-0.01016298792
144700000,0.05829049807,0.001198601787,-0.03808961664,0.007659152294
144800000,0.05377190519,-0.02438603697,-0.03061038159,0.02380689607
144900000,0.03830377919,-0.04523284538,-0.01673743386,0.03489880138
145000000,0.01516566754,-0.05695249826,0.0005944750614,0.03862694434
145100000,-0.01074840258,-0.05708697534,0.01773602238,0.03423705279
145200000,-0.03396492209,-0.04562777979,0.03109164404,0.02268086741
145300000,-0.04958911204,-0.02501527561,0.03787367643,0.006410006653
145400000,-0.05433958473,0.0003816164184,0.03668414562,-0.01114406009
145500000,-0.0472386065,0.02519394171,0.02780279849,-0.02629364141
145600000,-0.02981188513,0.04419011376,0.01312205947,-0.03586946785
145700000,-0.005758186374,0.05337933967,-0.004256104126,-0.03788363852
145800000,0.01983755555,0.05084806835,-0.020675551,-0.03194220802
145900000,0.04157872402,0.03715572311,-0.03269511872,-0.01932180151
146000000,0.05489239847,0.01521006114,-0.03780976254,-0.00269545601
146100000,0.05698867521,-0.01034913209,-0.03497256795,0.01443346613
146200000,0.04744464791,-0.03412830454,-0.02480887331,0.02846942227
146300000,0.02829126452,-0.05111620764,-0.009478745296,0.03647938007
146400000,0.00358382208,-0.05774010133,0.00778200956,0.03680565784
146500000,-0.02145520933,-0.05261932707,0.02334478537,0.02940887845
146600000,-0.04154100849,-0.03685550218,0.03395094187,0.01587010677
146700000,-0.0524443988,-0.01379634058,0.03739406471,-0.0009469880369
146800000,-0.0518844628,0.01167687516,0.0329788883,-0.01750178104
146900000,-0.04000567973,0.03418524749,0.02166144474,-0.03032207328
147000000,-0.01933979145,0.04898966661,0.005842241832,-0.0367322978
147100000,0.005736240215,0.05298788998,-0.01114282619,-0.03541183819
147200000,0.02992813162,0.04536212578,-0.02572588535,-0.02666696764
147300000,0.04814059283,0.027743934,-0.03485649715,-0.01236043943
147400000,0.05654782043,0.003865036102,-0.0366396816,0.004485204615
147500000,0.05339535997,-0.02123109095,-0.03072911306,0.02032614792
147600000,0.03936666191,-0.04225184166,-0.01839392244,0.03184276128
147700000,0.01743733061,-0.05477048564,-0.00224632539,0.03663521152
147800000,-0.007753736945,-0.05615953636,0.0143114979,0.0337234673
147900000,-0.03088525598,-0.04614471592,0.02780416535,0.0237475408
148000000,-0.0470794122,-0.02686067495,0.03541250335,0.00882708837
148100000,-0.05293302815,-0.002395684069,0.03556252728,-0.007888886404
148200000,-0.04723400497,0.02207733052,0.02825095561,-0.02288658372
148300000,-0.03121120842,0.04139692125,0.01503996085,-0.03302598039
148400000,-0.008267146994,0.05150228085,-0.001276490968,-0.03619819273
148500000,0.0167464581,0.05028514332,-0.01726346919,-0.03176402233
148600000,0.03855442414,0.03802703772,-0.02956814848,-0.020682505
148700000,0.0525684366,0.01733327408,-0.03562292029,-0.00530366534
148800000,0.05584995083,-0.007419887768,-0.03418110918,0.01112977443
148900000,0.0477255133,-0.03100825671,-0.02557353353,0.02516609007
149000000,0.02992627723,-0.04846016799,-0.01163313929,0.03386951611
149100000,0.006221650236,-0.05610421966,0.004695227204,0.03543421943
149200000,-0.01837741136,-0.05234354098,0.0199768484,0.02955889378
149300000,-0.03867831836,-0.03799173187,0.03100958945,0.01750428998
149400000,-0.05040527183,-0.01609786246,0.03549482712,0.001822809596
149500000,-0.05110198289,0.008702588401,0.03251628787,-0.01418186767
149600000,-0.04064639753,0.03117166273,0.02272706058,-0.02715073352
149700000,-0.02126937885,0.04657689471,0.008206651204,-0.03437437985
149800000,0.002923630399,0.05168762116,-0.007980684751,-0.03435897916
149900000,0.02682347727,0.04545025838,-0.02243254193,-0.02713509898
150000000,0.04539510367,0.02920319149,-0.03212346683,-0.01424553231
150100000,0.05473581663,0.006389259593,-0.03503827476,0.001584090668
150200000,0.05289354094,-0.01817207774,-0.03059102115,0.01702160616
150300000,0.04027493994,-0.03930036692,-0.01974253663,0.0288296951
150400000,0.01955788009,-0.05254550151,-0.004793005003,0.03454471504
150500000,-0.004874602217,-0.05512587624,0.01110567189,0.03299065202
150600000,-0.02786099274,-0.04651484083,0.02461435888,0.02452098781
150700000,-0.04455321661,-0.02854992846,0.03290794548,0.01093876606
150800000,-0.05144157851,-0.005040693221,0.0342661145,-0.004887157989
150900000,-0.04709410622,0.01904109969,0.02843009535,-0.01962802663
151000000,-0.03245344174,0.03861521182,0.01665143829,-0.03019528968
151100000,-0.01063035028,0.04956543555,0.001423739194,-0.03438767671
151200000,0.01375915473,0.04960383316,-0.01404520455,-0.03134967612
151300000,0.0355702497,0.03874635157,-0.02650908599,-0.02174594382
151400000,0.05021267754,0.01930288079,-0.0333643103,-0.007616122362
151500000,0.05461441077,-0.004613547177,-0.03319380513,0.008058264434
151600000,0.04786515188,-0.02795459102,-0.02605984665,0.02198288988
151700000,0.03140563663,-0.04580010225,-0.01348541326,0.03124295562
151800000,0.008722442293,-0.05439490448,0.001870846065,0.03391328603
151900000,-0.01538892825,-0.05194061779,0.01677668137,0.02945849817
152000000,-0.03583824839,-0.03897420823,0.02810653288,0.01884008344
152100000,-0.04831726687,-0.01825172034,0.03349687277,0.00430904065
152200000,-0.05020949558,0.00583852264,0.03183920074,-0.01107124791
152300000,-0.04113927092,0.02820751472,0.02350787521,-0.02407077948
152400000,-0.02304450974,0.04414236169,0.01027598106,-0.03197121563
152500000,0.0002395673021,0.05029904639,-0.005061938859,-0.03313426213
152600000,0.02379449687,0.04540220926,-0.01928003193,-0.02734131188
152700000,0.04265665451,0.030507099,-0.029399548,-0.01583395634
152800000,0.05286093684,0.008771660009,-0.03331285167,-0.001047993859
152900000,0.05227237934,-0.0152115454,-0.03022232185,0.01390210452
153000000,0.04103276592,-0.03638336568,-0.02080275508,0.02587917165
153100000,0.02152880191,-0.05028383884,-0.007054242713,0.03238160996
153200000,-0.002112504536,-0.05399229787,0.008122445048,0.03206583309
153300000,-0.02489631924,-0.04674312205,0.02153783766,0.02502378698
153400000,-0.04201650799,-0.03008560558,0.03038400589,0.01275824952
153500000,-0.04987174547,-0.007553032095,0.03282222993,-0.002137770217
153600000,-0.04682456755,0.01608849644,0.02836511232,-0.0165291558
153700000,-0.03354219676,0.03585041061,0.01797374255,-0.02739847642
153800000,-0.01284860791,0.04757525781,0.003850601991,-0.0324786033
153900000,0.0108777936,0.04881025982,-0.01102719582,-0.03072552863
154000000,0.03263084536,0.03931816864,-0.02353542487,-0.02253279154
154100000,0.04783127611,0.0211208241,-0.0310587666,-0.009643497786
154200000,0.05328841728,-0.001931133782,-0.03203758945,0.005220469402
154300000,0.04786878511,-0.02497107925,-0.02629118472,0.01893319
154400000,0.03273231194,-0.04314173213,-0.01505048581,0.02862205037
154500000,0.01108627672,-0.05261861296,-0.000694500346,0.03226946679
154600000,-0.01249259832,-0.05141637475,0.0137531319,0.02913295666
154700000,-0.03302595744,-0.03980686591,0.02526092976,0.0198961104
154800000,-0.04618677045,-0.0202591244,0.03142560842,0.006519803343
154900000,-0.04921326064,0.003086451513,0.03097392609,-0.008174007723
155000000,-0.04148910886,0.02529718347,0.02402555683,-0.02109757666
155100000,-0.02466753157,0.04169212429,0.01206273852,-0.02954618163
155200000,-0.002315349563,0.04882861893,-0.002385832254,-0.03176413714
155300000,0.02084459924,0.04522346992,-0.01627946337,-0.02730956648
155400000,0.03993073595,0.03165903448,-0.02670533573,-0.01714216238
155500000,0.05092959018,0.01101279529,-0.03148913518,-0.003416566592
155600000,0.05153784623,-0.01235187038,-0.02964844701,0.01097417453
155700000,0.04164440576,-0.03350564557,-0.02159438189,0.02300835426
155800000,0.02335174591,-0.04799171783,-0.009040079866,0.03017004801
155900000,0.0005312306994,-0.05276511185,0.005363608725,0.03097505448
156000000,-0.02199526277,-0.04683461488,0.01858780413,0.02527840085
156100000,-0.03947516485,-0.03147042583,0.02786248306,0.01429971902
156200000,-0.04823001223,-0.009932502609,0.03125665968,0.000362230542
156300000,-0.04643110314,0.01322259479,0.02808035266,-0.0135988209
156400000,-0.034481213,0.03310781399,0.01902467535,-0.02465429068
156500000,-0.01492290273,0.04553814435,0.006011643544,-0.03049564935
156600000,0.008104345019,0.04791057098,-0.008213696814,-0.02991698122
156700000,0.0297407088,0.03974709573,-0.02066228056,-0.02306383984
156800000,0.04543030204,0.02278920491,-0.02872905187,-0.01139762734
156900000,0.05187832748,0.0006265091645,-0.03073806495,0.002615959222
157000000,0.0477417111,-0.02206132862,-0.02629060599,0.01602801226
157100000,0.03390941567,-0.0404906653,-0.01634404072,0.02602691669
157200000,0.01331341258,-0.05078176361,-0.00300585793,0.0305277153
157300000,-0.009691079617,-0.05077667512,0.01091281012,0.028606804
157400000,-0.03024646263,-0.04049376152,0.02248961393,0.0206913388
157500000,-0.04402009631,-0.02212145739,0.02930451906,0.00846453908
157600000,-0.04811954965,0.0004479619213,0.02994564521,-0.005492177187
157700000,-0.04170081409,0.02244488786,0.02430169122,-0.01824415639
157800000,-0.02614094708,0.03923213776,0.0135803971,-0.02712053292
157900000,-0.004740704147,0.0472827713,5.019960426e-05,-0.0302735902
158000000,0.01797702056,0.04491959567,-0.01343967697,-0.02706332105
158100000,0.03722271323,0.0326625104,-0.02405917652,-0.01818716322
158200000,0.04894813406,0.0131134003,-0.0295910903,-0.005528648899
158300000,0.05069594597,-0.009595246829,-0.02889392854,0.008242221523
158400000,0.04211423746,-0.03067186495,-0.02213736473,0.02023210637
158500000,0.02502853017,-0.04567527432,-0.01076171077,0.02793219082
158600000,0.003055467772,-0.05145062813,0.002829037856,0.02974309648
158700000,-0.01916167946,-0.04679445892,0.01577518614,0.02530701723
158800000,-0.03693494949,-0.03270726091,0.02536302161,0.01557812291
158900000,-0.04652282572,-0.01217909475,0.02959360847,0.002617443537
159000000,-0.04591947869,0.01044628475,0.02759948334,-0.01084369731
159100000,-0.03527435787,0.03039257747,0.01982240059,-0.02197923799
159200000,-0.01685439425,0.04346042373,0.007915733484,-0.02846164847
159300000,0.005440591581,0.04691093275,-0.005606958066,-0.02894837876
159400000,0.02690417874,0.04003784032,-0.01790250866,-0.02335982931
159500000,0.04301572827,0.02431028564,-0.02639588775,-0.01289130806
159600000,0.05039048446,0.003058726854,-0.02931943988,0.0002425358233
159700000,0.04748930018,-0.01922877049,-0.0260807109,0.01327617818
159800000,0.0349402045,-0.03785238337,-0.0173823333,0.02347550177
159900000,0.01540429565,-0.04889072597,-0.005069749437,0.0287113025
160000000,-0.006986839938,-0.05002742168,0.008260257439,0.02790373014
160100000,-0.02750462764,-0.04103907226,0.01980719528,0.02124490377
160200000,-0.04182347435,-0.02384027874,0.02715517793,0.01015382949
160300000,-0.04693463801,-0.002075554559,0.02877834,-0.003025916266
160400000,-0.04177937979,0.01965467428,0.02435762621,-0.01552134538
160500000,-0.02746741649,0.03676824424,0.01484320005,-0.02471344961
160600000,-0.007036271048,0.04566790577,0.002250333224,-0.02868609703
160700000,0.01519481375,0.04449620036,-0.01076740088,-0.02662540326
160800000,0.03453781429,0.03352117378,-0.02147724916,-0.01898634972
160900000,0.04692286358,0.01507439213,-0.02764091444,-0.007392565596
161000000,0.04975270897,-0.006943677244,-0.02798230045,0.005708699152
161100000,0.04244674872,-0.02788652135,-0.0224516296,0.01756310371
161200000,0.02656114402,-0.04334054853,-0.01223128507,0.02568823651
161300000,0.005459268211,-0.05005514728,0.0005168793141,0.02839341143
161400000,-0.01639924361,-0.04662787358,0.01310877648,0.02513140784
161500000,-0.03440149658,-0.03379913542,0.02290317392,0.01660898917
161600000,-0.04475658681,-0.01429299237,0.02785567061,0.004633917876
161700000,-0.04529550512,0.007762262681,0.02694537908,-0.00826844802
161800000,-0.03592562549,0.0277097042,0.02038527122,-0.01938767363
161900000,-0.01864442275,0.04134834554,0.00957286831,-0.02639759807
162000000,0.002888119674,0.04581752192,-0.003207405557,-0.02784292822
162100000,0.02412542378,0.04019520741,-0.01526682822,-0.02344129725
162200000,0.04059341953,0.0256864923,-0.0240779971,-0.01413810729
162300000,0.04883120789,0.005365059763,-0.02780448053,-0.00190357737
162400000,0.04711698955,-0.01647665017,-0.02568351536,0.01068445703
162500000,0.03582807903,-0.03523223052,-0.01818201115,0.02098365953
162600000,0.01735956313,-0.04695181034,-0.006893980674,0.02684180456
162700000,-0.004382148106,-0.04917454959,0.005798114262,0.02704648306
162800000,-0.02480515169,-0.04144709344,0.01722616618,0.02157594618
162900000,-0.03960303975,-0.02541732722,0.0249972696,0.01159920474
163000000,-0.04566479639,-0.00448290897,0.02749472818,-0.0007736962901
163100000,-0.04172988529,0.0169304063,0.02421433293,-0.01293789895
163200000,-0.02864975832,0.03430616152,0.01586597709,-0.02234209395
163300000,-0.009202021325,0.04399038476,0.004220167932,-0.02702359253
163400000,0.01250083888,0.04395895029,-0.008267406,-0.0260178985
163500000,0.03188111859,0.03423880504,-0.01897365368,-0.01955732184
163600000,0.04486000092,0.01689687396,-0.0256590416,-0.009017754466
163700000,0.04871418396,-0.004398964322,-0.02693601765,0.003374281385
163800000,0.04264653362,-0.02515394086,-0.02255693167,0.01501195179
163900000,0.02795174956,-0.04099347401,-0.01346172225,0.02345645813
164000000,0.007741897065,-0.0485849513,-0.001576265291,0.02694807529
164100000,-0.01371143811,-0.04634015273,0.01059537465,0.02477280361
164200000,-0.03188030216,-0.03474922636,0.02049847118,0.01740825091
164300000,-0.04293764025,-0.01627457766,0.0260638158,0.00641896505
164400000,-0.04456503174,0.005173022759,0.02614002602,-0.005875884695
164500000,-0.03643913436,0.02506403428,0.02073167142,-0.01689190354
164600000,-0.02029451207,0.0392080698,0.0109939855,-0.02432267914
164700000,0.0004483121886,0.04463651758,-0.001013815587,-0.02662263358
164800000,0.02140843217,0.04022409529,-0.01276394893,-0.02332844148
164900000,0.03816912133,0.02692041523,-0.02179215696,-0.01515218449
165000000,0.04720678455,0.007545249202,-0.02621447916,-0.0038275527
165100000,0.04663027717,-0.01380801781,-0.02512034069,0.008257714743
165200000,0.03657658229,-0.03263540261,-0.01875994951,0.01856523445
165300000,0.01918004702,-0.0449712574,-0.008487456019,0.02493910443
165400000,-0.001879066378,-0.04822401871,0.003527285434,0.02605678796
165500000,-0.02215255942,-0.041722235,0.01475701322,0.02170346663
165600000,-0.03736482232,-0.02685452235,0.02284862481,0.01281296342
165700000,-0.04431628189,-0.006773121028,0.0261162141,0.001267523681
165800000,-0.04155749091,0.01427575528,0.0238922833,-0.0105006366
165900000,-0.02969094903,0.0318514723,0.01666397457,-0.02002167688
166000000,-0.01123812702,0.042256521,0.005966544543,-0.02530645441
166100000,0.009897754747,0.04331355754,-0.005942660627,-0.02526205459
166200000,0.02925754646,0.0348193157,-0.01656050696,-0.01991773462
166300000,0.04276568483,0.01858213769,-0.02366415913,-0.01041458601
166400000,0.0475864297,-0.001962704009,-0.0257763907,0.001238030954
166500000,0.04271828819,-0.02247826825,-0.02247272193,0.01258730721
166600000,0.02920268216,-0.03863986698,-0.01446653842,0.02125325257
166700000,0.009902827958,-0.04704629428,-0.003455163099,0.02542775423
166800000,-0.01110154578,-0.04593665852,0.008239929535,0.0242517862
166900000,-0.02937671324,-0.03556086147,0.01816250246,0.01799208586
167000000,-0.04107226462,-0.01812443437,0.02423738814,0.007980980298
167100000,-0.04373393868,0.002680849598,0.0252044413,-0.003667126834
167200000,-0.03681912397,0.02246023473,0.02087987386,-0.01450229058
167300000,-0.02180637112,0.03704565638,0.01219078866,-0.02225428763
167400000,-0.001877657563,0.04337409248,0.0009765151078,-0.02530824585
167500000,0.01875700245,0.04012949048,-0.01040070085,-0.02304100003
167600000,0.03574844931,0.02801480871,-0.0195532607,-0.01594812588
167700000,0.0455234586,0.009599241627,-0.02456923585,-0.005535782923
167800000,0.04603471497,-0.01122572025,-0.02441171919,0.00599906244
167900000,0.03718939715,-0.03006693695,-0.01913310081,0.01623215222
168000000,0.02086677641,-0.04295522796,-0.009860003682,0.02302140572
168100000,0.0005205560569,-0.04718180537,0.001447102488,0.02495528176
168200000,-0.01955119141,-0.041869017,0.01240833298,0.02164619479
168300000,-0.03511473608,-0.02815396464,0.02072526549,0.01380800418
168400000,-0.04289532882,-0.008945424011,0.02466285403,0.003102126393
168500000,-0.04126743193,0.01169419178,0.02341134301,-0.00821457881
168600000,-0.0305941215,0.02940961384,0.01725269893,-0.01776553246
168700000,-0.01314496447,0.0404725676,0.007497372405,-0.02355350001
168800000,0.007388011432,0.04256577247,-0.003794483525,-0.02437820179
168900000,0.02667184918,0.03526674501,-0.01424804385,-0.02008515853
169000000,0.04064596027,0.02013166539,-0.02167323582,-0.01159419375
169100000,0.04637550631,0.0003637203414,-0.02452353515,-0.000702436576
169200000,0.04266680522,-0.01986345798,-0.02221802883,0.01029600164
169300000,0.03031644965,-0.03628541592,-0.01525968539,0.01909319859
169400000,0.01194174698,-0.04544539279,-0.005125780454,0.02385168471
169500000,-0.008572641626,-0.04542281455,0.006045682001,0.02358819462
169600000,-0.02689591781,-0.0362375166,0.01590700048,0.01837676948
169700000,-0.03916666227,-0.01984334987,0.02239411733,0.009329273225
169800000,-0.04280812882,0.0002878118535,0.02415860761,-0.001641758003
169900000,-0.03706995051,0.01990279011,0.02084791161,-0.01222736497
170000000,-0.0231818942,0.03486705476,0.0131755839,-0.02020807589
170100000,-0.004088830807,0.0420364039,0.002767604752,-0.02391922725
170200000,0.01617473497,0.03991646179,-0.008182165341,-0.0225981457
170300000,0.033336879,0.02897258944,-0.01737438814,-0.01654079196
170400000,0.0437874217,0.0115271918,-0.02288705307,-0.007035713786
170500000,0.04533590139,-0.00873239389,-0.02357731481,0.003910003559
170600000,0.03767034285,-0.02753170266,-0.01931835818,0.0139945158
170700000,0.02242097845,-0.04090979273,-0.01102221102,0.02110525765
170800000,0.002815088514,-0.04605389369,-0.000444518149,0.02376146203
170900000,-0.01700519549,-0.04189206431,0.01018695054,0.02142247318
171000000,-0.03285856911,-0.0293179347,0.01864145894,0.01459766918
171100000,-0.04140813927,-0.01099926854,0.02315333467,0.004735672483
171200000,-0.04086501186,0.009188977964,0.02279067941,-0.006083083874
171300000,-0.03136256248,0.02698586812,0.01764777346,-0.01558519906
171400000,-0.01492311648,0.03864470808,0.008821465256,-0.0217819949
171500000,0.004973843892,0.04172137583,-0.001822694353,-0.02338568736
171600000,0.02412859971,0.03558525575,-0.01204472234,-0.02007695399
171700000,0.03850676812,0.02154712957,-0.01970155988,-0.01256831525
171800000,0.04508746621,0.002579142735,-0.02319633474,-0.002450793891
171900000,0.04249696822,-0.0173132659,-0.02181135462,0.008143167364
172000000,0.03129573059,-0.03393567159,-0.01585540214,0.01698912274
172100000,0.0138585555,-0.04378841615,-0.006595120853,0.02223766618
172200000,-0.006127586068,-0.04480409839,0.004014306345,0.02280104654
172300000,-0.02444293546,-0.03678281197,0.01374193287,0.01857854162
172400000,-0.03722694924,-0.02143231607,0.02055014072,0.01047390803
172500000,-0.04179351924,-0.00200424314,0.02302142162,0.0002020216309
172600000,-0.03719608161,0.0173959939,0.02065346416,-0.01007393748
172700000,-0.02442316032,0.03267809391,0.01396112762,-0.01819800308
172800000,-0.00618446719,0.04062958435,0.004364628093,-0.02247372834
172900000,0.01366502422,0.03959015374,-0.006111806492,-0.02201839508
173000000,0.03093973602,0.029796834,-0.01526688221,-0.01694517774
173100000,0.04200480311,0.01332946486,-0.02118474201,-0.008335684973
173200000,0.04453947339,-0.006330458463,-0.02263585782,0.001990578697
173300000,0.03802337048,-0.02503439155,-0.01933243258,0.01186070562
173400000,0.02384407843,-0.03884092228,-0.01198527015,0.01920558989
173500000,0.005003123253,-0.04484626659,-0.00215092175,0.02249364931
173600000,-0.01451851879,-0.04179610052,0.008098039662,0.02105015519
173700000,-0.03060197372,-0.03034889136,0.0166097797,0.01519559945
173800000,-0.03986087346,-0.0129343253,0.02160496402,0.006174743668
173900000,-0.04035559511,0.006763160839,0.02204868335,-0.004107983844
174000000,-0.03199970908,0.02458535243,0.01786480792,-0.01349050596
174100000,-0.01657337338,0.03677904641,0.009948386226,-0.02000767224
174200000,0.002657266503,0.04078617027,-2.576070307e-05,-0.02230282378
174300000,0.02163218395,0.03577912906,-0.009957331777,-0.01991015961
174400000,0.03635393522,0.02283039241,-0.01776278585,-0.01334914409
174500000,0.04372834479,0.004682618278,-0.02181241725,-0.004011848804
174600000,0.04221374473,-0.01483124185,-0.02127058557,0.00613236328
174700000,0.03214337149,-0.03159603736,-0.01626807848,0.01495217182
174800000,0.01565337191,-0.04208147652,-0.007871070865,0.02060206504
174900000,-0.003769018988,-0.04408603351,0.002146049702,0.02190847317
175000000,-0.02202260849,-0.03720050768,0.01167559765,0.01861348622
175100000,-0.03525914533,-0.02289252936,0.01872003504,0.01142555354
175200000,-0.04069603233,-0.004193693766,0.02181065555,0.001867247239
175300000,-0.03720209043,0.01494394056,0.02031375708,-0.008047214594
175400000,-0.02553243141,0.03048447253,0.01456048555,-0.01623639326
175500000,-0.008164047633,0.03915973198,0.005773764674,-0.02098857716
175600000,0.01123105198,0.03915577925,-0.004191601713,-0.02131953123
175700000,0.0285621867,0.03049077541,-0.01324043126,-0.01717628542
175800000,0.04018165974,0.01500663733,-0.01947763926,-0.009444779779
175900000,0.04365109795,-0.00402211175,-0.02160509278,0.0002395073232
176000000,0.03825255777,-0.02257950969,-0.01919174324,0.009837483007
176100000,0.02513769872,-0.03675447708,-0.01276083394,0.01733575599
176200000,0.007083478942,-0.04356489642,-0.003676567327,0.02116896171
176300000,-0.01209490051,-0.04158594113,0.006145243719,0.02054651652
176400000,-0.02835045696,-0.03124946882,0.01464117804,0.01561560188
176500000,-0.03825964003,-0.01475048676,0.02003367329,0.00742679349
176600000,-0.03974459898,0.004419566293,0.02120290445,-0.00228971871
176700000,-0.03250914433,0.02221301051,0.01791928097,-0.01148966436
176800000,-0.01809673316,0.03488159707,0.01088830224,-0.0182447615
176900000,0.0004400685385,0.03976597157,0.001599059023,-0.02114684955
177000000,0.01918679284,0.03585275857,-0.007991103086,-0.01960139354
177100000,0.03419316452,0.02398350405,-0.015868989,-0.01394919265
177200000,0.04230415088,0.006673425944,-0.02038814204,-0.005391397472
177300000,0.04182217891,-0.01242072295,-0.02061291534,0.004265700404
177400000,0.03286238314,-0.02927175999,-0.01651213073,0.01299189095
177500000,0.01732653243,-0.04033061911,-0.008962254349,0.01895982897
177600000,-0.001499354678,-0.04327418082,0.00043986861,0.02092766705
177700000,-0.01963959361,-0.03749449834,0.009714721969,0.01849742389
177800000,-0.0332691643,-0.02422538952,0.01691685665,0.01219534328
177900000,-0.03952158653,-0.006279147594,0.02054293072,0.003358046375
178000000,-0.03709264892,0.01255051821,0.01984547472,-0.00615091437
178100000,-0.02651214964,0.02829174947,0.01498690319,-0.01433399999
178200000,-0.01002727621,0.0376329009,0.007002054283,-0.01947927914
178300000,0.008875781306,0.03861861179,-0.002422170844,-0.0205185392
178400000,0.02620922914,0.03105779871,-0.01130315559,-0.01724900929
178500000,0.03832396626,0.01655949718,-0.01777963284,-0.01037268375
178600000,0.04267646328,-0.00180932516,-0.02050173881,-0.001345674362
178700000,0.03836210304,-0.0201713695,-0.01891232066,0.007930095581
178800000,0.02630365685,-0.03465619783,-0.01336088253,0.01550758437
178900000,0.009055203191,-0.04221573547,-0.005026885652,0.01980330101
179000000,-0.009737865365,-0.04126648611,0.004330796215,0.01992817943
179100000,-0.02610937148,-0.03202247288,0.01274505391,0.01587152787
179200000,-0.03661048614,-0.01644786792,0.01845402886,0.008500005967
179300000,-0.03903748531,0.002160794007,0.02026999882,-0.0006274679712
179400000,-0.03289459197,0.01987360418,0.01782643476,-0.009589361514
179500000,-0.01949440049,0.03295827526,0.01165184795,-0.01650602579
179600000,-0.001676189441,0.03866659939,0.003055577511,-0.01993390189
179700000,0.01679641493,0.03581064376,-0.006149819862,-0.01916676748
179800000,0.0320300256,0.02500869992,-0.01403072632,-0.0143811658
179900000,0.040820857,0.008551070392,-0.01893859813,-0.006596084424
180000000,0.04132738366,-0.0100848277,-0.01985478103,0.002543966084
180100000,0.03345593611,-0.02696792085,-0.01660188918,0.01111630592
180200000,0.01887859089,-0.0385418122,-0.009877895241,0.01732451034
180300000,0.000679222389,-0.04237412972,-0.001106437996,0.01987484191
180400000,-0.01729835419,-0.03766880695,0.007864562944,0.01824581674
180500000,-0.03126280417,-0.02543249776,0.01515218924,0.01279474548
180600000,-0.03827608679,-0.008259443938,0.01923370231,0.004679501671
180700000,-0.03687252049,0.0102194021,0.0192646854,-0.004387382294
180800000,-0.02736493383,0.02610533462,0.01525368736,-0.01250007645
180900000,-0.01177408106,0.03605509134,0.00805725993,-0.01796002697
181000000,0.006601951287,0.03798397704,-0.0008029029167,-0.01963155379
181100000,0.02388568489,0.03150143589,-0.009461697383,-0.01717803262
181200000,0.03643760525,0.01798904295,-0.01610319659,-0.01112955249
181300000,0.04162126949,0.0003061598053,-0.01934146133,-0.002768480043
181400000,0.03835631846,-0.01781408259,-0.01850972204,0.006142383828
181500000,0.02734396265,-0.03255169601,-0.01379760021,0.01373143582
181600000,0.01091757419,-0.04080470619,-0.006208143735,0.01841134909
181700000,-0.007450717878,-0.04084271192,0.002655640284,0.01921104921
181800000,-0.02388390678,-0.03267087641,0.01092933533,0.0159771634
181900000,-0.03491938765,-0.01802680614,0.01687925328,0.009403162432
182000000,-0.03823975154,-1.078683737e-05,0.01926568841,0.0008807210746
182100000,-0.03315991051,0.01757170551,0.0176011816,-0.007794857323
182200000,-0.02076778498,0.03101488715,0.01224999935,-0.01480280633
182300000,-0.003690178327,0.03749386781,0.004348545767,-0.01867900011
182400000,0.01446482977,0.03565738273,-0.004435929606,-0.01862181277
182500000,0.02986994543,0.02590839722,-0.0122571029,-0.01465784531
182600000,0.03928438957,0.01031528289,-0.01747761207,-0.007633269744
182700000,0.0407345322,-0.007826450811,-0.01901181093,0.0009667460915
182800000,0.03392735546,-0.02468942757,-0.0165514971,0.00933200899
182900000,0.02031031774,-0.03672093743,-0.01062768909,0.01570829784
183000000,0.002764760951,-0.0413914888,-0.002496099967,0.01876520356
183100000,-0.0150031531,-0.03772757813,0.006129009811,0.01787368503
183200000,-0.02924573779,-0.02651565381,0.01343619795,0.0132354432
183300000,-0.03696541487,-0.01013365555,0.01789725419,0.005837519636
183400000,-0.03654655213,0.007954048726,0.01858677834,-0.002757706154
183500000,-0.02809357507,0.02393048006,0.01537409865,-0.01074244995
183600000,-0.01340461447,0.03443223979,0.008947738623,-0.01644371924
183700000,0.004412072594,0.03725724405,0.0006679201272,-0.01867381861
183800000,0.02159619092,0.03182535994,-0.007721312986,-0.01697773594
183900000,0.03452835748,0.01929648193,-0.01445943171,-0.01172588862
184000000,0.0404912192,0.002322834266,-0.01813885445,-0.00403334492
184100000,0.03823962278,-0.01551155305,-0.01799895823,0.004476887862
184200000,0.02826081462,-0.03044644467,-0.01408326265,0.01201626625
184300000,0.01267010148,-0.03933769135,-0.007227316108,0.01700657383
184400000,-0.005236537255,-0.04031966302,0.001119546262,0.01841026208
184500000,-0.02167908092,-0.03319781397,0.009200560181,0.01594613002
184600000,-0.03319223931,-0.01948786013,0.01532125429,0.01014551673
184700000,-0.03735692153,-0.002093041054,0.01820473138,0.00223780895
184800000,-0.0333090865,0.01531168955,0.01725802192,-0.006110082117
184900000,-0.02191849845,0.02905712045,0.01269395693,-0.0131450734
185000000,-0.005600802346,0.03625357568,0.005483526126,-0.01739603908
185100000,0.01219560184,0.03539766439,-0.002850654201,-0.01798141789
185200000,0.02771819952,0.02668519059,-0.01055584274,-0.01479198485
185300000,0.03770061897,0.01196602138,-0.01601776434,-0.008510903702
185400000,0.0400488492,-0.005648258771,-0.01809878336,-0.0004674560744
185500000,0.03428011476,-0.02244100615,-0.01637482076,0.007644247115
185600000,0.02162269809,-0.03487377997,-0.01122168346,0.01412205519
185700000,0.004755545558,-0.04033187636,-0.003733251848,0.01761293128
185800000,-0.01275804611,-0.0376750707,0.004510686403,0.0173955352
185900000,-0.02722350369,-0.0274768523,0.01177768877,0.01352922432
186000000,-0.03559541952,-0.01190108945,0.01654670302,0.006838705938
186100000,-0.03611966598,0.005757690594,0.01782641175,-0.001261829264
186200000,-0.02870103153,0.02177227163,0.01536125469,-0.009067599944
186300000,-0.014919252,0.03277020919,0.009682320159,-0.01494198698
186400000,0.002308423799,0.03644381614,0.001993003347,-0.01765965578
186500000,0.01934519232,0.0320333783,-0.006085966652,-0.01666211649
186600000,0.03260189239,0.02048322762,-0.01285811456,-0.0121724281
186700000,0.03929200772,0.004239423851,-0.01690743293,-0.00514550281
186800000,0.03801653335,-0.01326747151,-0.01739443191,0.002934953641
186900000,0.02905659545,-0.02834576957,-0.01423013438,0.01036969409
187000000,0.01431252589,-0.03782052411,-0.008091963213,0.0156012435
187100000,-0.003098173056,-0.03970244295,-0.0002787732798,0.01754014385
187200000,-0.01949973263,-0.03360657585,0.007563960562,0.01579179673
187300000,-0.03143484501,-0.02083180807,0.01379066079,0.01073667891
187400000,-0.036394536,-0.004084070169,0.01710090238,0.003447644052
187500000,-0.03334622729,0.0130977276,0.01681097336,-0.004537735051
187600000,-0.02294835154,0.02709053509,0.01299503844,-0.0115414825
187700000,-0.007407200126,0.03495149672,0.006466771419,-0.01609779165
187800000,0.009992075192,0.0350362601,-0.001394098917,-0.0172597768
187900000,0.02557990336,0.02734184703,-0.008933363111,-0.01479621525
188000000,0.03607534973,0.01350346966,-0.01457041359,-0.009237409039
188100000,0.03927560156,-0.003552686195,-0.01712959584,-0.001761103265
188200000,0.03451782942,-0.0202271936,-0.01608537029,0.00605701171
188300000,0.02281692902,-0.03300601905,-0.01167016713,0.01257536603
188400000,0.006650098383,-0.03920091057,-0.004822813957,0.01643116849
188500000,-0.01056687596,-0.03751564976,0.003011053254,0.01682529863
188600000,-0.02520149713,-0.02831827828,0.01018417248,0.01368788139
188700000,-0.03417190646,-0.013561287,0.01519401071,0.007690247449
188800000,-0.03559685044,0.003633331768,0.01699747143,0.0001013386405
188900000,-0.02919042259,0.01963562094,0.01522804363,-0.007480738581
189000000,-0.01631859085,0.03107477909,0.01027019402,-0.01346522709
189100000,0.0002930484542,0.03554912133,0.003175922889,-0.0166024454
189200000,0.0171369354,0.03212942567,-0.004558424925,-0.01624471822
189300000,0.03066375872,0.0215508963,-0.01130774986,-0.01248003563
189400000,0.03802931326,0.006054889794,-0.01565963308,-0.006110869099
189500000,0.03769165782,-0.01108530977,-0.01670988616,0.001516837898
189600000,0.02973386688,-0.02625484069,-0.01425037604,0.008798071009
189700000,0.01584481868,-0.03625897809,-0.008810117095,0.01420644874
189800000,-0.001038241546,-0.03899620506,-0.001541551652,0.01661417862
189900000,-0.01735051391,-0.0339006013,0.006023548731,0.01552720218
190000000,-0.02965290814,-0.02205964497,0.01229686502,0.0111865074
190100000,-0.03535814276,-0.005982214364,0.01596698217,0.004514847604
190200000,-0.0332755532,0.01093378109,0.01627351013,-0.003079382223
190300000,-0.02385934936,0.02512055424,0.01316458111,-0.009999435043
190400000,-0.009108744951,0.03359336962,0.007305110584,-0.01479591918
190500000,0.007857368795,0.03457801489,-6.535929029e-05,-0.01647034744
190600000,0.02346000435,0.02788130012,-0.007394851523,-0.01468295978
190700000,0.03441431061,0.01492803587,-0.01314572763,-0.00982157102
190800000,0.03842008891,-0.001541932856,-0.01611724379,-0.002917512674
190900000,0.03464424943,-0.01805233108,-0.01569623071,0.004573129225
191000000,0.02389441613,-0.03112321854,-0.01198356825,0.0110765841
191100000,0.00844718027,-0.03800419954,-0.005770379016,0.01523202224
191200000,-0.008433266919,-0.03725377822,0.001630508585,0.01617628058
191300000,-0.02318496154,-0.02904230209,0.008661932097,0.013723121
191400000,-0.03270062851,-0.01511402309,0.01385000428,0.008399801276
191500000,-0.03498315101,0.001583744031,0.01611303902,0.001333813438
191600000,-0.02956502228,0.0175252578,0.01498704782,-0.005985893031
191700000,-0.01760344746,0.02935163599,0.01072080446,-0.01202264186
191800000,-0.001632247085,0.03457860264,0.004221014684,-0.01551461407
191900000,0.01497546139,0.03211755627,-0.003140350929,-0.01573857195
192000000,0.02871937543,0.02250130289,-0.009815628129,-0.01265960922
192100000,0.03670878684,0.007768429257,-0.01440682161,-0.006935929829
192200000,0.03726968522,-0.008968316079,-0.01595836297,0.0002218111475
192300000,0.03029536387,-0.02417866403,-0.0141559615,0.007306555505
192400000,0.01726717992,-0.03465875748,-0.009390174552,0.01283213122
192500000,0.0009408772483,-0.03820614287,-0.002671859833,0.0156449868
192600000,-0.01523588311,-0.03408347129,0.004582203982,0.01516498678
192700000,-0.02785202218,-0.02317257922,0.01084806986,0.0115050097
192800000,-0.03425328674,-0.007786053679,0.01481475566,0.005444703855
192900000,-0.03310138911,0.008823596013,0.01565851236,-0.001735553857
193000000,-0.02465368665,0.02315245557,0.01321385307,-0.008525142561
193100000,-0.01070504425,0.03218488799,0.008005840955,-0.01350098955
193200000,0.005794372481,0.03402783831,0.001137374689,-0.0156258197
193300000,0.02136327406,0.02830664361,-0.005944344495,-0.0144643592
193400000,0.03272314487,0.01624035012,-0.01175272036,-0.01027243534
193500000,0.03748763377,0.0003820385332,-0.01507380803,-0.003940748185
193600000,0.03466325157,-0.01592055754,-0.01522000283,0.003194351721
193700000,0.02485676929,-0.0292308178,-0.01217236114,0.009632887843
193800000,0.01014579103,-0.03674733125,-0.006582104623,0.01402657034
193900000,-0.006360620107,-0.03689400792,0.0003684875604,0.01546111871
194000000,-0.02117898031,-0.02965147353,0.007216093048,0.01364648257
194100000,-0.03118727551,-0.01655930466,0.01252440234,0.008975390922
194200000,-0.03428366061,-0.0003885362384,0.01518536939,0.002438432076
194300000,-0.02982825221,0.01544572313,0.01465047696,-0.004585988775
194400000,-0.01877485429,0.0276063638,0.01104375374,-0.01062228355
194500000,-0.003465895098,0.03353770812,0.005133268141,-0.01440763164
194600000,0.01286460072,0.03200193557,-0.001832397875,-0.0151561451
194700000,0.02677402286,0.02333645611,-0.008387886899,-0.01272199357
194800000,0.0353360423,0.009379474904,-0.01315931164,-0.007627637155
194900000,0.03675537682,-0.006919511056,-0.01515217097,-0.000951741807
195000000,0.03074398809,-0.0221220739,-0.01395860419,0.005899188248
195100000,0.01858003611,-0.03302548719,-0.009840797795,0.0114871182
195200000,0.00283704178,-0.03733748025,-0.00367350235,0.01464431167
195300000,-0.0131600985,-0.03415890071,0.00324175965,0.01471733433
195400000,-0.02603766147,-0.0241720285,0.009451340557,0.0117022515
195500000,-0.03308549989,-0.009494408474,0.01365501756,0.006243055859
195600000,-0.0328281557,0.006770697956,0.01497822477,-0.0005058399288
195700000,-0.02533374205,0.02119136288,0.01315397376,-0.007123693689
195800000,-0.01219593835,0.03073169038,0.008576627364,-0.01222250141
195900000,0.003805743601,0.03339069488,0.002216717607,-0.01473809227
196000000,0.01929430104,0.02862112439,-0.004584807422,-0.01415220602
196100000,0.03100740068,0.01744126143,-0.01039929385,-0.01059921387
196200000,0.0364835716,0.002217503848,-0.01401045035,-0.004835517449
196300000,0.03457883112,-0.01383580394,-0.01466875342,0.001921446825
196400000,0.02570579781,-0.0273341228,-0.01224698172,0.008250338468
196500000,0.01174516901,-0.03543586339,-0.007264611809,0.01282487567
196600000,-0.00435210931,-0.03644097033,-0.0007764407559,0.01469175065
196700000,-0.01918846891,-0.03014851539,0.005850695297,0.01346926609
196800000,-0.02963746451,-0.01789736845,0.01122584734,0.009425309655
196900000,-0.03350350982,-0.002281210508,0.01422587644,0.003418751901
197000000,-0.02998367384,0.01340136232,0.01423011053,-0.003282933171
197100000,-0.01983405598,0.02584443447,0.01124871345,-0.009271103394
197200000,-0.005206567218,0.03243188078,0.005918225126,-0.01329201545
197300000,0.01080796784,0.03178683157,-0.0006343011714,-0.01450930046
197400000,0.02483283427,0.02405855301,-0.007029574562,-0.01267790227
197500000,0.0339166462,0.01088769375,-0.01192638511,-0.008193311333
197600000,0.0361535565,-0.004941684266,-0.01430286177,-0.002006224353
197700000,0.0310828009,-0.02008972561,-0.01366969256,0.004578968647
197800000,0.01978403708,-0.03136470319,-0.01017082265,0.01017916213
197900000,0.004648350542,-0.03639546133,-0.004550917657,0.01362301389
198000000,-0.01112721241,-0.03413072999,0.002003089636,0.01419592273
198100000,-0.02421517218,-0.02505961497,0.008112660015,0.01178827404
198200000,-0.03186029102,-0.01110633918,0.01249758497,0.006916207043
198300000,-0.03246036022,0.004778387776,0.01424422398,0.0006110163209
198400000,-0.02590207191,0.01924223807,0.01299584319,-0.00579912314
198500000,-0.01358149846,0.02923935029,0.009025408164,-0.01096891435
198600000,0.001893904334,0.03267159432,0.003175991289,-0.01381825757
198700000,0.01725748396,0.02882813496,-0.003318214823,-0.01375788772
198800000,0.02927252163,0.01853183397,-0.009092284699,-0.01081119817
198900000,0.03541324063,0.003962978372,-0.0129374164,-0.005607073986
199000000,0.03439509309,-0.011801788,-0.01405397416,0.0007542864463
199100000,0.0264435049,-0.02543829756,-0.01221775132,0.00693394097
199200000,0.01324478997,-0.03407531326,-0.007824889831,0.01163600667
199300000,-0.002410677494,-0.03589936701,-0.001806479237,0.01387938986
199400000,-0.0172181675,-0.03053631646,0.004568766707,0.01320246867
199500000,-0.02805672994,-0.01912867806,0.009961942821,0.009758031119
199600000,-0.03264785677,-0.004092219863,0.01324512645,0.004278954221
199700000,-0.03003498026,0.01139631917,0.01373724899,-0.002077698659
199800000,-0.02078250472,0.02407119885,0.01134534384,-0.007975004175
199900000,-0.006853174448,0.03126654834,0.00658188448,-0.01217734133
200000000,0.008808956679,0.03147660572,0.0004550313907,-0.01380926348
200100000,0.02290078764,0.0246699728,-0.005744716352,-0.01253784836
200200000,0.03245610777,0.01229298529,-0.01071632075,-0.008640549332
200300000,0.035469101,-0.003037391425,-0.0134212142,-0.002944733976
200400000,0.03131501573,-0.01808608856,-0.01330023407,0.003347931883
200500000,0.02088005228,-0.02968184294,-0.01038917425,0.008914984484
200600000,0.006373142939,-0.0353853403,-0.005309083272,0.01259107306
200700000,-0.009141065885,-0.03400291638,0.0008661938395,0.01361188308
200800000,-0.02238976362,-0.02583715982,0.006836986912,0.01177301961
200900000,-0.03058313554,-0.01262114532,0.01135131612,0.00747082875
201000000,-0.03200258697,0.002849737847,0.01346739407,0.001617027471
201100000,-0.02636140342,0.01730987354,0.01275007952,-0.004554482009
201200000,-0.01486202403,0.02771336628,0.009360308198,-0.009747683838
201300000,6.10396553e-05,0.03187558149,0.004019131475,-0.0128765943
201400000,0.01525702539,0.02893120529,-0.002145630334,-0.01329233845
201500000,0.02752383753,0.01951334263,-0.007837513963,-0.01091768073
201600000,0.03428197162,0.005617216927,-0.01186404519,-0.006261124575
201700000,0.03411624311,-0.009822009542,-0.01338654889,-0.0003080662679
201800000,0.02707208154,-0.02354835587,-0.01209480865,0.00568770716
201900000,0.01464436525,-0.03267114758,-0.008270207323,0.01046806332
202000000,-0.0005390339158,-0.03527395964,-0.002724511742,0.01303450927
202100000,-0.01527263387,-0.03081792395,0.003372396987,0.01285672939
202200000,-0.02645051396,-0.0202539203,0.008739294854,0.009982127142
202300000,-0.0317218769,-0.005819746101,0.01225283858,0.005023752418
202400000,-0.02998598763,0.009434530289,0.01318267316,-0.0009704050265
202500000,-0.02162185509,0.0222918779,0.01134322093,-0.006738895601
202600000,-0.008404866482,0.03004711303,0.007130612237,-0.01107226058
202700000,0.006870736619,0.03107570341,0.001437431874,-0.01306659745
202800000,0.0209826979,0.02517327018,-0.004536381684,-0.01231208307
202900000,0.03095986897,0.01359547899,-0.009536426916,-0.008977140111
203000000,0.03470692978,-0.001208952253,-0.01251722593,-0.003770971954
203100000,0.03144399006,-0.01611543989,-0.01286080745,0.002207225823
203200000,0.02186916633,-0.02798223606,-0.0105047901,0.007700323227
203300000,0.008009999497,-0.03431237105,-0.005953425963,0.01155759583
203400000,-0.007205283859,-0.03377952478,-0.0001697180085,0.01297576698
203500000,-0.02056649987,-0.02650667723,0.00562831597,0.01166626487
203600000,-0.02925946527,-0.01403836392,0.01022413444,0.007913873865
203700000,-0.03145948743,0.0009875889372,0.01265790965,0.002514874022
203800000,-0.02671462723,0.01539888495,0.01242696478,-0.00339190873
203900000,-0.01603803933,0.02615915228,0.009589558688,-0.008565300408
204000000,-0.001690904025,0.0310077262,0.00475059881,-0.01192256667
204100000,0.01329692595,0.02893399437,-0.001067285913,-0.0127659988
204200000,0.02576655539,0.020387268,-0.006639839953,-0.01092788369
204300000,0.03309507757,0.007179213341,-0.01079878448,-0.006803742082
204400000,0.03374657794,-0.007899746387,-0.01267672851,-0.001267272216
204500000,0.02759389981,-0.0216691534,-0.01188804969,0.004514720162
204600000,0.01594383925,-0.03122877249,-0.008608029837,0.009328207977
204700000,0.001260348121,-0.03456955997,-0.003534015747,0.01216683209
204800000,-0.01335623698,-0.03099653541,0.002262811618,0.01244228214
204900000,-0.02482415703,-0.02127400096,0.007563557098,0.01010619267
205000000,-0.03073075264,-0.007462212168,0.01125789159,0.005658304846
205100000,-0.02984062605,0.00751972005,0.0125766115,3.959978712e-05
205200000,-0.02235395824,0.02051155404,0.01125177123,-0.005566751891
205300000,-0.009861030349,0.0287789413,0.00757105767,-0.009984522356
205400000,0.004996249165,0.03058864424,0.002315387256,-0.01229118604
205500000,0.01908320954,0.02557116809,-0.00340675224,-0.01201054238
205600000,0.02943329466,0.01479553104,-0.008393078635,-0.009210986561
205700000,0.03387199484,0.000541551025,-0.01160011175,-0.004489157149
205800000,0.03147321683,-0.01418185854,-0.01236152277,0.001157187249
205900000,0.02275267403,-0.02627109526,-0.01052655048,0.006539983065
206000000,0.009557741405,-0.0331817968,-0.006489737127,0.0105308298
206100000,-0.005323270948,-0.03346471822,-0.001106144585,0.01229752114
206200000,-0.01875029174,-0.02707036776,0.004489739698,0.01147756187
206300000,-0.02789465832,-0.01535776717,0.009123057458,0.008252496576
206400000,-0.03083577018,-0.0008054522941,0.01182522585,0.003307819872
206500000,-0.0269647896,0.01351370446,0.0120363983,-0.002312700127
206600000,-0.01711028955,0.02458202792,0.009721423991,-0.007427332403
206700000,-0.003360219582,0.03007311288,0.005375294388,-0.01096482998
206800000,0.01138097911,0.02884028122,-8.265971752e-05,-0.01218878301
206900000,0.02400575077,0.02115529065,-0.005503213231,-0.01085089492
207000000,0.03185784337,0.008648199246,-0.009749211448,-0.007241283877
207100000,0.03329047566,-0.006038050846,-0.01193411304,-0.002125634273
207200000,0.02801150565,-0.01980538024,-0.01160707509,0.003417199733
207300000,0.01714338635,-0.02975352358,-0.008845943792,0.00822270028
207400000,0.002985232893,-0.03379101945,-0.004238978855,0.01128532906
207500000,-0.01147315084,-0.03107549028,0.001240445219,0.01196891603
207600000,-0.02318288864,-0.0221900399,0.006439478662,0.01013877769
207700000,-0.02967966293,-0.009018281932,0.01026833629,0.006188132699
207800000,-0.0296029302,0.005655396115,0.01192871461,0.0009536607901
207900000,-0.02298085548,0.01873516296,0.01108021383,-0.004461670891
208000000,-0.0112212884,0.02746735365,0.007910075229,-0.008921000621
208100000,0.003188205151,0.03002001197,0.003091957671,-0.01149222265
208200000,0.01720678968,0.02586655,-0.002357190234,-0.01164280109
208300000,0.02788166291,0.01589372055,-0.007291758075,-0.009350034046
208400000,0.03296927028,0.00221227455,-0.01067830789,-0.005103944131
208500000,0.03140631554,-0.01228921989,-0.01181198883,0.0001974169147
208600000,0.02353207473,-0.02455350755,-0.01046321581,0.005437887972
208700000,0.01101542941,-0.03199883971,-0.006924093518,0.009518182514
208800000,-0.00349820779,-0.03306274809,-0.001945213693,0.0115864691
208900000,-0.01694588906,-0.02753061122,0.003423511047,0.01121618629
209000000,-0.026494029,-0.01657935948,0.008054229701,0.008493978292
209100000,-0.0301361906,-0.002527015177,0.01097807474,0.003999631482
209200000,-0.02711508399,0.01165857446,0.01158785749,-0.001317382006
209300000,-0.01807973607,0.02298720927,0.009764135096,-0.006338471526
209400000,-0.004945439246,0.02907683011,0.005898480055,-0.01001124165
209500000,0.009512766401,0.02865395564,0.0008094477672,-0.01157005345
209600000,0.02224635938,0.02181928497,-0.00443073318,-0.01069561126
209700000,0.03057551558,0.01002364224,-0.008722057867,-0.007580315894
209800000,0.03275238567,-0.004239746803,-0.01116764037,-0.002886018227
209900000,0.02832761114,-0.01796155376,-0.01126114483,0.002396567845
210000000,0.01824340712,-0.02825065609,-0.008991586773,0.007156935537
210100000,0.004633623257,-0.03294321885,-0.004843819439,0.01039822171
210200000,-0.009627348938,-0.03105826096,0.0003050138668,0.01144594286
210300000,-0.0215318184,-0.02300336559,0.005370954228,0.01008832605
210400000,-0.02857377279,-0.01048685932,0.00929141301,0.006619042997
210500000,-0.0292770296,0.003844845505,0.01124803653,0.001773739356
210600000,-0.0235047714,0.01696748579,0.01083750959,-0.003425934144
210700000,-0.01248549567,0.02611761448,0.008154652386,-0.007887725199
210800000,0.001449082586,0.0293744443,0.003770698153,-0.01067820596
210900000,0.01535772155,0.02606245167,-0.00138830634,-0.01121803395
211000000,0.02631015553,0.01689084512,-0.006237097916,-0.009402205441
211100000,0.03200374188,0.003801613064,-0.009759481794,-0.005620345847
211200000,0.03124702298,-0.01044119086,-0.01122128741,-0.0006731470178
211300000,0.02420906617,-0.02283442567,-0.01032337102,0.004397135322
211400000,0.0123823621,-0.03076869049,-0.007262783384,0.008526245017
211500000,-0.001733047961,-0.03257794404,-0.002689605801,0.01085129933
211600000,-0.01515787349,-0.02788995902,0.002431106404,0.01089109283
211700000,-0.02506281795,-0.01770337394,0.007022959073,0.008645659667
211800000,-0.02936554044,-0.004174966295,0.01012446751,0.004594500959
211900000,-0.02716884238,0.0098375417,0.01109036551,-0.000405778834
212000000,-0.01894755134,0.02137979963,0.009725829724,-0.005302580677
212100000,-0.006445334033,0.02802396015,0.006325703591,-0.009068877284
212200000,0.00769565329,0.02837900853,0.001610839765,-0.01091860151
212300000,0.02049316904,0.02238131239,-0.003424705602,-0.01047068856
212400000,0.02925329217,0.01130524339,-0.00772323935,-0.007827542368
212500000,0.03213681844,-0.002507427396,-0.01038558098,-0.003551777014
212600000,0.02854508639,-0.01614201201,-0.01085913986,0.001453514022
212700000,0.01924452395,-0.02672533537,-0.009052584093,0.006135485962
212800000,0.006203761016,-0.03203105766,-0.005353311612,0.009512990953
212900000,-0.007822599259,-0.03094844353,-0.0005444140681,0.01088217141
213000000,-0.01987592734,-0.02371550907,0.004361075843,0.009963120797
213100000,-0.02741822287,-0.01186708683,0.008333573587,0.00695705676
213200000,-0.0288671386,0.002091131251,0.01054302235,0.002502339298
213300000,-0.02392810639,0.01521314155,0.01053231712,-0.002461067392
213400000,-0.01365373658,0.02473492207,0.008311843359,-0.006889916175
213500000,-0.000218874897,0.02865662244,0.004355584094,-0.009856941115
213600000,0.01354009847,0.02616205259,-0.0005000268008,-0.01074498357
213700000,0.02472384883,0.01778791579,-0.005232926981,-0.009375342545
213800000,0.03098039654,0.005308199521,-0.008850546802,-0.006043660955
213900000,0.03099918359,-0.008641225599,-0.01059795403,-0.001456157549
214000000,0.02478553779,-0.02111865999,-0.01011537647,0.00342005109
214100000,0.01365807351,-0.02949649813,-0.007512238062,0.007560819308
214200000,-3.051549173e-05,-0.03201470369,-0.003342480715,0.01010005927
214300000,-0.01339065165,-0.02815112611,0.001513288433,0.01051087717
214400000,-0.02360618239,-0.01873026814,0.006033756044,0.008714878664
214500000,-0.02852863725,-0.00574741013,0.009271701905,0.005096973272
214600000,-0.0271295261,0.008054452028,0.01055246547,0.0004229179488
214700000,-0.01971511308,0.01976478075,0.009614498842,-0.004322743476
214800000,-0.007858912547,0.02691956849,0.006662728874,-0.008144051049
214900000,0.005932785542,0.02801952205,0.00232385174,-0.0102426348
215000000,0.01875081204,0.02284361414,-0.002486700806,-0.01018449829
215100000,0.0278963125,0.01249293419,-0.006757887888,-0.007989741227
215200000,0.03144833506,-0.0008434532875,-0.009595538288,-0.004126678503
215300000,0.02866695092,-0.01435090752,-0.01040953011,0.0005880599851
215400000,0.02014757615,-0.02518262747,-0.009036491498,0.005162144194
215500000,0.007694126687,-0.03105944354,-0.005772514659,0.008636390364
215600000,-0.006062459702,-0.03074974817,-0.001309348953,0.01028588789
215700000,-0.01822005957,-0.02432819741,0.003412185816,0.009771236086
215800000,-0.02621811904,-0.0131583434,0.007400507099,0.007208342412
215900000,-0.02837754616,0.0003970896235,0.009821501535,0.003142435899
216000000,-0.02425342885,0.01347658015,0.01017295523,-0.00156790101
216100000,-0.01472632108,0.02332439881,0.008388708651,-0.005932021152
216200000,-0.001813658979,0.02787126065,0.004850940654,-0.009035546117
216300000,0.01175781828,0.02616866695,0.0003083406904,-0.01023193459
216400000,0.02312770463,0.01858615149,-0.004282317582,-0.009277153685
216500000,0.0299042118,0.006730904079,-0.007957681078,-0.006379405926
216600000,0.03066673958,-0.00689256168,-0.009949964579,-0.002153789759
216700000,0.02526356354,-0.01941087068,-0.009847325269,0.002508245625
216800000,0.01484233019,-0.02818735964,-0.007678969006,0.006626949127
216900000,0.001606897036,-0.03137748223,-0.00390740761,0.009340154815
217000000,-0.01164844876,-0.02831698246,0.0006701683225,0.01008374433
217100000,-0.02212918663,-0.01966071944,0.005090375141,0.008708914543
217200000,-0.02763031379,-0.007242689091,0.008426374308,0.005511877736
217300000,-0.02700071637,0.006312945571,0.009982200694,0.001170083339
217400000,-0.02038399795,0.01814700428,0.009437939378,-0.003401314957
217500000,-0.009185419174,0.02576869338,0.006915471065,-0.007242339902
217600000,0.004227086177,0.02757965945,0.002951282718,-0.009549769809
217700000,0.0170237579,0.02320860355,-0.001617611718,-0.009845090539
217800000,0.02650964731,0.01358687287,-0.005830387237,-0.008073705087
217900000,0.03069153674,0.0007500484582,-0.008804453907,-0.004614837025
218000000,0.02869636473,-0.01259220162,-0.009920348787,-0.0002003768365
218100000,0.02095361443,-0.02362749004,-0.008950743856,0.004239968552
218200000,0.009103438645,-0.03003328167,-0.006106707044,0.007774463795
218300000,-0.004350274124,-0.03046598928,-0.00199181312,0.009664842185
218400000,-0.01656891433,-0.02484334666,0.002525930248,0.009520495131
218500000,-0.02497852215,-0.01436024168,0.006497168992,0.007379154421
218600000,-0.02781260548,-0.001234672056,0.009090686622,0.003697408137
218700000,-0.02448346677,0.01176207574,0.009767371496,-0.0007466299325
218800000,-0.01570378019,0.02189108147,0.0083922603,-0.005017754785
218900000,-0.00333349699,0.02702309554,0.005261376237,-0.008220462695
219000000,0.01001457835,0.02608573433,0.001038042714,-0.009686693814
219100000,0.02152656163,0.01928697289,-0.003387634078,-0.009115167319
219200000,0.02878014528,0.008068832493,-0.007086350312,-0.006633251979
219300000,0.03025372083,-0.005198216893,-0.009284727524,-0.002768674359
219400000,0.02564539429,-0.01771556031,-0.00952700668,0.001662669505
219500000,0.01593512765,-0.02684631009,-0.007769510207,0.005728953547
219600000,0.003176929798,-0.03067078179,-0.004388298641,0.008578354592
219700000,-0.009935302708,-0.02839054419,-9.87329794e-05,0.009617482927
219800000,-0.02063679278,-0.02049561964,0.004195858194,0.008634937618
219900000,-0.02667540732,-0.008659382937,0.007594395986,0.005844263871
220000000,-0.02678610453,0.004616452486,0.009387100702,0.001837594246
220100000,-0.02095597479,0.01653118362,0.009203712913,-0.002539972923
220200000,-0.01042433166,0.02457633553,0.007089936821,-0.006368611052
220300000,0.002581253003,0.02706365475,0.003496329651,-0.008847029877
220400000,0.01531630653,0.02347885789,-0.0008177115724,-0.009460162814
220500000,0.02509828906,0.01458744011,-0.004944410586,-0.008086187745
220600000,0.02987105416,0.002271184909,-0.008018617495,-0.005020648806
220700000,0.02863661901,-0.01086965916,-0.009399172354,-0.0009129212587
220800000,0.02166389493,-0.02206476355,-0.008802609642,0.003371329534
220900000,0.01043065168,-0.02895746424,-0.00636132504,0.006932566604
221000000,-0.002689168917,-0.0301010754,-0.002594276585,0.009026239563
221100000,-0.01492703836,-0.02526305433,0.001703312724,0.009218434118
221200000,-0.0237044378,-0.01547262475,0.005627812939,0.007475777123
221300000,-0.02717672337,-0.002801777014,0.008357176628,0.004170974316
221400000,-0.02462109912,0.01007372056,0.009323116712,3.127312853e-06
221500000,-0.01658686099,0.02043991188,0.008329412705,-0.004150140101
221600000,-0.00477685164,0.02611687554,0.005591720164,-0.007417471317
221700000,0.008313871015,0.02591681005,0.001690817773,-0.00911657582
221800000,0.01992512706,0.01989199583,-0.002550582153,-0.008896691412
221900000,0.02761312437,0.009321323907,-0.006241333635,-0.00681096683
222000000,0.02976423456,-0.003560986574,-0.008609081085,-0.00330383412
222100000,0.02593344969,-0.01603706688,-0.009161875299,0.0008836690733
222200000,0.01693668627,-0.0254783127,-0.007790365923,0.004870462837
222300000,0.004677556443,-0.02989914079,-0.004789346271,0.007820798765
222400000,-0.008255058686,-0.02837496433,-0.0007944248905,0.009119445135
222500000,-0.01913385181,-0.0212360692,0.003352578854,0.008499964624
222600000,-0.02566874906,-0.009996307604,0.006781012972,0.006099341699
222700000,-0.02648948205,0.002968189239,0.008774172308,0.002427767307
222800000,-0.02143299732,0.01492188607,0.008919110067,-0.001739769555
222900000,-0.01157535813,0.0233474478,0.007192169503,-0.005527052187
223000000,0.0009977567212,0.02647580224,0.003962525004,-0.008140847734
223100000,0.01363258188,0.02365710986,-8.67108029e-05,-0.009037034591
223200000,0.02366714237,0.01549523429,-0.004102960007,-0.008033856062
223300000,0.02899153683,0.003718297199,-0.007243680538,-0.005348731408
223400000,0.02849112657,-0.009186843928,-0.008853105852,-0.001551180105
223500000,0.0222798727,-0.02049916278,-0.008599151008,0.002557957095
223600000,0.01167495493,-0.02783685987,-0.006541906002,0.006115390097
223700000,-0.00108205013,-0.02965899881,-0.003119595494,0.008376737177
223800000,-0.01329881873,-0.02558959144,0.0009447477559,0.008872271691
223900000,-0.02240080644,-0.01649556222,0.004796024988,0.007504473666
224000000,-0.02647434967,-0.004302080034,0.007626964806,0.004567131248
224100000,-0.02466934673,0.008415419243,0.008847324662,0.0006822708358
224200000,-0.01737652109,0.01897572776,0.008206938865,-0.003331551102
224300000,-0.006142420153,0.02515735017,0.005846964602,-0.006631709754
224400000,0.006658979661,0.02566555529,0.002268836151,-0.008528393688
224500000,0.01832796867,0.02040302421,-0.001772258399,-0.008628778342
224600000,0.02640803581,0.01048794807,-0.005426752271,-0.006918361263
224700000,0.02920245484,-0.001983441517,-0.007929295021,-0.003762623388
224800000,0.02613030978,-0.01437955726,-0.00875902569,0.0001710412605
224900000,0.01784744658,-0.02408824923,-0.007747963602,0.004054456134
225000000,0.006106984226,-0.02906712323,-0.005114964443,0.007073011681
225100000,-0.006611364231,-0.02827352331,-0.001418389002,0.008596531736
225200000,-0.01762509488,-0.02188337091,0.002562287935,0.008310819483
225300000,-0.02461515354,-0.01125251343,0.005990829077,0.006282426503
225400000,-0.02611473025,0.001371155447,0.008149895596,0.002943299293
225500000,-0.02181719643,0.01332352547,0.008591120334,-0.001001182831
225600000,-0.01263843346,0.02208692521,0.007228199313,-0.004721203958
225700000,-0.0005211603824,0.02582044591,0.004353677751,-0.007437072317
225800000,0.01197652599,0.02374623867,0.0005761872153,-0.008582627082
225900000,0.02222101477,0.01631106614,-0.003308407238,-0.007923247071
226000000,0.02805764241,0.00508995988,-0.006484673664,-0.005603867249
226100000,0.02826341196,-0.007547114379,-0.008288773225,-0.002117184047
226200000,0.02280319473,-0.01893526871,-0.008347189211,0.001800988271
226300000,0.01283576931,-0.02667630329,-0.006654036265,0.005326988662
226400000,0.0004683988304,-0.02914382513,-0.003570953489,0.007722445108
226500000,-0.01168847609,-0.02582539419,0.0002501136052,0.00848888375
226600000,-0.02107249352,-0.0174293458,0.004004759511,0.00747143996
226700000,-0.0257099665,-0.005733667884,0.00690545024,0.004890097103
226800000,-0.02463136294,0.006790883664,0.00834669704,0.001292163172
226900000,-0.01807392256,0.01750325391,0.008031431844,-0.002563756251
227000000,-0.00742913281,0.02414925952,0.006032210776,-0.00586769474
227100000,0.005052975232,0.02533572696,0.002774642217,-0.007928454367
227200000,0.01673950718,0.0208220425,-0.001053199789,-0.008318195072
227300000,0.02516971563,0.01156850196,-0.004646100434,-0.006961240444
227400000,0.02857261203,-0.0004679264493,-0.007251076546,-0.004148670823
227500000,0.02623870612,-0.01274702113,-0.008325172159,-0.0004759126439
227600000,0.01866806413,-0.02268091055,-0.007648611852,0.00328330046
227700000,0.00746365355,-0.02817930796,-0.005369733653,0.006339917999
227800000,-0.005007664857,-0.02808961914,-0.001972522841,0.008055182071
227900000,-0.01611512501,-0.02243902306,0.001826159163,0.008074099262
228000000,-0.02351940817,-0.01242728281,0.005227831589,0.006398888031
228100000,-0.02566580995,-0.0001718687238,0.00752022423,0.003387210292
228200000,-0.02211087204,0.01174035516,0.008226407046,-0.0003241674193
228300000,-0.01361371523,0.020799595,0.007203998265,-0.003953994291
228400000,-0.001973485167,0.02510196872,0.004673817865,-0.006740979347
228500000,0.01035189362,0.02374926082,0.00117223188,-0.008103447961
228600000,0.02076460777,0.01703595291,-0.002562535362,-0.007760730141
228700000,0.02707402608,0.006384979686,-0.005746027017,-0.005790951241
228800000,0.0279571014,-0.005953620059,-0.007712312175,-0.002613331753
228900000,0.02323569253,-0.01737752075,-0.00805327514,0.001101014775
229000000,0.0139127443,-0.02548058502,-0.006703303615,0.004570809155
229100000,0.001959718935,-0.0285596827,-0.003951806174,0.007068931432
229200000,-0.01010005837,-0.02597305523,-0.0003811958489,0.008074783235
229300000,-0.01972428002,-0.01827448433,0.003256376525,0.007382763515
229400000,-0.02488807749,-0.007094859151,0.00619745284,0.005144258017
229500000,-0.02451042393,0.005203628238,0.007827493045,0.001834574912
229600000,-0.0186804254,0.01602709369,0.007809271259,-0.001847962401
229700000,-0.008636150919,0.02309732367,0.006152619458,-0.005129346284
229800000,0.003498713375,0.02493116738,0.003211099376,-0.007322558338
229900000,0.01516400908,0.02115120777,-0.0003934326978,-0.007971398317
230000000,0.02390293914,0.01256300594,-0.003902278053,-0.006945359895
230100000,0.02787898206,0.0009834409096,-0.006579579937,-0.004465825507
230200000,0.02626151268,-0.01114326534,-0.007866633321,-0.001058334569
230300000,0.01939940378,-0.02126098761,-0.007498463308,0.002558790668
230400000,0.008746236932,-0.02724027796,-0.005558349987,0.005625861827
230500000,-0.003447200196,-0.02782675734,-0.002459085816,0.007501368428
230600000,-0.01460840915,-0.0229047122,0.001144834946,0.007796145067
230700000,-0.02238626287,-0.01352012728,0.00449541919,0.006454104113
230800000,-0.02514675085,-0.001658324596,0.00689058973,0.003762789836
230900000,-0.0223164846,0.01017646146,0.007831287192,0.0002917953029
231000000,-0.01450157897,0.01949020702,0.00712543987,-0.003227774063
231100000,-0.003357433784,0.02432478196,0.004927144416,-0.006057285242
231200000,0.008762247309,0.0236693206,0.0017030728,-0.007605580656
231300000,0.01930250816,0.01767111203,-0.001866580989,-0.007552474003
231400000,0.02604532997,0.007602393731,-0.00503159324,-0.00591494254
231500000,0.02757591252,-0.004409298492,-0.007129373199,-0.003042336558
231600000,0.02357937431,-0.01583020939,-0.007723664697,0.0004581302096
231700000,0.01490575419,-0.02425444132,-0.006695254267,0.003849722091
231800000,0.003389676697,-0.02791075183,-0.004265828781,0.006421230914
231900000,-0.008537434958,-0.02603531462,-0.0009502204951,0.007636104569
232000000,-0.01836085314,-0.01903169832,0.002552679971,0.007244386992
232100000,-0.02401319712,-0.008384203502,0.005507231294,0.005334118483
232200000,-0.02430991881,0.003656965783,0.00729552332,0.002311632389
232300000,-0.01919758053,0.01455172088,0.007546594562,-0.001184858814
232400000,-0.009762864212,0.02200623232,0.006213365703,-0.004420014193
232500000,0.00199883211,0.02445579385,0.00358133782,-0.006716003135
232600000,0.0136055799,0.02139284137,0.0002074788642,-0.007594514411
232700000,0.02261241119,0.01347169923,-0.00319762488,-0.006876386029
232800000,0.02712587577,0.002368770222,-0.005919419416,-0.004718106487
232900000,0.02620173638,-0.009571908816,-0.007389321134,-0.001577758854
233000000,0.02004253349,-0.01983306256,-0.007303482196,0.001882189938
233100000,0.0099536374,-0.02625460976,-0.005685578104,0.004934628439
233200000,-0.001933000671,-0.02748854079,-0.002880647552,0.006940594486
233300000,-0.01310927059,-0.02328230549,0.0005184718416,0.007483017645
233400000,-0.02122041987,-0.01453078405,0.003796431692,0.006453418613
233500000,-0.02456164094,-0.003085876448,0.006265909293,0.004073546097
233600000,-0.02243664623,0.008635757618,0.007411715769,0.0008476483827
233700000,-0.01530261305,0.01816342427,0.006998263389,-0.002544353783
233800000,-0.004671451252,0.02349331446,0.005117977295,-0.005390163946
233900000,0.007210952964,0.02350968032,0.00217070918,-0.007094677884
234000000,0.01783917974,0.01821795434,-0.00122127658,-0.007304418415
234100000,0.02497617273,0.008741467135,-0.00434467266,-0.005980820383
234200000,0.02712364393,-0.002916872647,-0.006545122405,-0.003407175796
234300000,0.02383641678,-0.0142974693,-0.007364298733,-0.0001280234315
234400000,0.01581489387,-0.02300254432,-0.006635354222,0.003166054249
234500000,0.004756264766,-0.02720125413,-0.004516867133,0.005783856912
234600000,-0.00700429134,-0.02601505051,-0.001458384885,0.007178592455
234700000,-0.01698679736,-0.01970191397,0.001894956583,0.007062076318
234800000,-0.02308983997,-0.009600480374,0.004838503577,0.005464255552
234900000,-0.02403333949,0.002154003914,0.00675614786,0.002725767641
235000000,-0.01962712243,0.01308147194,0.00724927287,-0.0005746609299
235100000,-0.01080888769,0.02088063453,0.006219597768,-0.003742506398
235200000,0.000555750066,0.02391358803,0.003888705212,-0.006113590344
235300000,0.01206815787,0.0215494203,0.0007503860803,-0.007193323586
235400000,0.02130275664,0.01429503503,-0.002533955624,-0.006759861086
235500000,0.02631762814,0.003686398333,-0.005274684912,-0.004909655809
235600000,0.02606250743,-0.008036377976,-0.006898734046,-0.002036063283
235700000,0.02059871773,-0.01840160037,-0.007069416396,0.00125427046
235800000,0.01108498633,-0.02522686283,-0.00575620816,0.00426946817
235900000,-0.0004678847306,-0.02707865923,-0.003240038768,0.006377897471
236000000,-0.01162188191,-0.02357384264,-5.321461368e-05,0.007140477422
236100000,-0.02002652376,-0.01545921198,0.003133181186,0.006402103613
236200000,-0.02391461575,-0.004452412408,0.005650596774,0.004323158239
236300000,-0.02247411158,0.007121978135,0.00697327436,0.00134471184
236400000,-0.01601761295,0.01682381388,0.006828042489,-0.001905040885
236500000,-0.005914210457,0.02261200196,0.005250712609,-0.004743266278
236600000,0.005701175998,0.0232737103,0.002577441351,-0.006575959051
236700000,0.01637895541,0.01867807691,-0.0006268925833,-0.007022250256
236800000,0.02387113917,0.009801690112,-0.003688040264,-0.005993543961
236900000,0.02660416466,-0.001478848951,-0.005964247731,-0.003711042931
237000000,0.02400915658,-0.01278327281,-0.006980787281,-0.0006582102324
237100000,0.01664047403,-0.02172949241,-0.006528954901,0.002521622315
237200000,0.006057701954,-0.02643544171,-0.004708891959,0.005160816115
237300000,-0.005504124288,-0.02591526947,-0.001907450864,0.006707594675
237400000,-0.01560658583,-0.02028625674,0.001284014987,0.006841393155
237500000,-0.02212251019,-0.01074269709,0.004194469614,0.00553927682
237600000,-0.02368427038,0.0006976419634,0.006214277539,0.003079670779
237700000,-0.01997096123,0.01162053862,0.006922891115,-1.715358668e-05
237800000,-0.01177405793,0.01972512867,0.00617640012,-0.003099118713
237900000,-0.0008283347147,0.02330858532,0.004136720388,-0.005519635702
238000000,0.01055550813,0.02162356816,0.001236509478,-0.006773248367
238100000,0.01997851117,0.01503367506,-0.001912595728,-0.006601172342
238200000,0.02545858764,0.004934888511,-0.004648960297,-0.005044695074
238300000,0.02584706936,-0.006539902607,-0.006399953932,-0.002435422146
238400000,0.02106941041,-0.01697094072,-0.006801773795,0.0006753539955
238500000,0.01213964071,-0.02416156926,-0.005775016616,0.003633122104
238600000,0.000945543375,-0.02660087882,-0.003540304818,0.005817853638
238700000,-0.01015025817,-0.02378152746,-0.000570905966,0.006773968696
238800000,-0.0188091517,-0.01630558711,0.002507484249,0.006305325737
238900000,-0.02320984762,-0.005756044788,0.005048576444,0.004515431979
239000000,-0.02243176833,0.00563867372,0.006521163626,0.001784636846
239100000,-0.01664757515,0.01547583824,0.00662015812,-0.00131067731
239200000,-0.007084610589,0.02168527652,0.005329781703,-0.004119741415
239300000,0.004235877981,0.02296487871,0.002925824611,-0.006054211191
239400000,0.01492602958,0.01905325538,-8.327908444e-05,-0.006711383785
239500000,0.02273477019,0.01078277451,-0.003063974117,-0.005958016234
239600000,0.02602140358,-9.75158689e-05,-0.005390968202,-0.003957302588
239700000,0.0241000814,-0.01129142395,-0.006578397787,-0.00113355606
239800000,0.01738301588,-0.02043980082,-0.006381262897,0.001917767198
239900000,0.007292432695,-0.02561758646,-0.004845956585,0.004555625721
240000000,-0.004040237527,-0.0257390967,-0.002299472122,0.00622805859
240100000,-0.01422457205,-0.02078604449,0.0007202247412,0.006587671517
240200000,-0.02111569098,-0.01181008643,0.003577835725,0.005563782155
240300000,-0.02326637796,-0.0007094315316,0.005674378896,0.003376244918
240400000,-0.02023117458,0.01017296107,0.006572732236,0.0004882665882
240500000,-0.01265842884,0.01854425251,0.00608876043,-0.002491665655
240600000,-0.002151445414,0.02264486417,0.004329030144,-0.004937981923
240700000,0.009071217392,0.02161804594,0.001667394613,-0.006339345772
240800000,0.01864411233,0.01568848359,-0.001334417478,-0.0064055254
240900000,0.02455310555,0.006113029121,-0.004045343741,-0.005127485491
241000000,0.02555876894,-0.005085512331,-0.005897646475,-0.002778261495
241100000,0.02145624737,-0.01554529026,-0.00650580269,0.0001453520113
241200000,0.01311717993,-0.02306322347,-0.00574673085,0.0030278492
241300000,0.002304895253,-0.02605903146,-0.003784662011,0.005264586732
241400000,-0.008698250777,-0.02390771914,-0.001035638054,0.006388607738
241500000,-0.01757280396,-0.01707029753,0.00192069486,0.006168116444
241600000,-0.02245153496,-0.006995109842,0.004463299155,0.004654258393
241700000,-0.02231262755,0.00418920666,0.006060199388,0.002169361729
241800000,-0.01719369049,0.01412384657,0.006379775418,-0.0007616770609
241900000,-0.008181775029,0.02071755597,0.005359613805,-0.003522260147
242000000,0.002817813841,0.02258674125,0.003218625486,-0.005533793089
242100000,0.01348445112,0.019345436,0.0004100932906,-0.006376944852
242200000,0.02157155276,0.01168464982,-0.002474284853,-0.005879051596
242300000,0.02537933869,0.001225056972,-0.004829045875,-0.004149448524
242400000,0.0241118208,-0.009825552831,-0.006162047052,-0.00155550571
242500000,0.0180432454,-0.01913789266,-0.006197313686,0.001355388722
242600000,0.008459125947,-0.02475196938,-0.004932157999,0.003971332708
242700000,-0.002615737946,-0.02548976595,-0.002636750836,0.005744531
242800000,-0.01284498202,-0.02120278019,0.0002035550002,0.006305998336
242900000,-0.02007383431,-0.01280210366,0.002990840511,0.005542329105
243000000,-0.02278340022,-0.002064740797,0.005140481836,0.003618563741
243100000,-0.0204099991,0.008742621348,0.006203765152,0.0009425498455
243200000,-0.013462267,0.01734247369,0.005961540417,-0.001921512009
243300000,-0.003411826507,0.02192653538,0.004469369132,-0.004372013897
243400000,0.007618689059,0.0215357424,0.002044869479,-0.005896303026
243500000,0.01730389096,0.01626052115,-0.0007998761402,-0.006177921381
243600000,0.02360552548,0.007219831753,-0.003466469824,-0.005162291412
243700000,0.0252010459,-0.003676033582,-0.00539606467,-0.003067216721
243800000,0.02176103857,-0.01412871539,-0.006186476021,-0.0003361948631
243900000,0.01401740194,-0.02193627219,-0.005675997496,0.002455454501
244000000,0.003607999474,-0.02545700416,-0.003976456751,0.004721779082
244100000,-0.00726954164,-0.02395492317,-0.001448759573,0.005989174497
244200000,-0.01632189465,-0.01775393798,0.001373737713,0.005995346164
244300000,-0.02164389152,-0.008168166972,0.003897760578,0.004743575971
244400000,-0.02211981376,0.002776746754,0.005594812014,0.00250106995
244500000,-0.01765733719,0.0127720669,0.006111824432,-0.000258063459
244600000,-0.009205048685,0.01971323358,0.005344602208,-0.002953039568
244700000,0.001449529611,0.02214293065,0.003458780529,-0.005018642271
244800000,0.01205811665,0.01955672728,0.0008540934599,-0.006023758775
244900000,0.02038591029,0.01250745873,-0.00192034593,-0.005761347273
245000000,0.02468198644,0.002487019086,-0.004281800111,-0.004291064601
245100000,0.02404713677,-0.008389110679,-0.005736296597,-0.001925781682
245200000,0.01862208717,-0.01782809009,-0.005981949118,0.0008349803797
245300000,0.009556673547,-0.02384286996,-0.004971601257,0.003410534852
245400000,-0.001233532335,-0.02517060931,-0.002921796511,0.005261161068
245500000,-0.01147190674,-0.02153814425,-0.0002663874228,0.00600119773
245600000,-0.01900135076,-0.01371842301,0.002435281833,0.005479401895
245700000,-0.02223913604,-0.003366024228,0.004616189926,0.003809831789
245800000,-0.02050982149,0.007333237385,0.005820636262,0.001346953254
245900000,-0.01418604635,0.01612418031,0.005799450409,-0.001389604819
246000000,-0.004607943276,0.02115773139,0.004561522884,-0.003824675935
246100000,0.006201138928,0.02137966441,0.002371003798,-0.005448436482
246200000,0.01596206298,0.01675103764,-0.0003090458397,-0.005923137832
246300000,0.02262017293,0.008254528809,-0.002914533083,-0.00515334728
246400000,0.02477742256,-0.002314087126,-0.004899055132,-0.003305092542
246500000,0.02198575986,-0.01272513536,-0.005848479176,-0.0007700782905
246600000,0.01484031904,-0.02078510467,-0.005567354378,0.001917318137
246700000,0.004852902124,-0.02479872833,-0.004119127552,0.004192684998
246800000,-0.005867637944,-0.02392578205,-0.001811892179,0.005580107641
246900000,-0.0150607429,-0.0183573038,0.0008671416491,0.00579170209
247000000,-0.02079113585,-0.009273997377,0.003354521166,0.004787335887
247100000,-0.02185655484,0.001404267755,0.005129048781,0.002782150192
247200000,-0.01804007339,0.01142459828,0.005820984452,0.000200494152
247300000,-0.0101539948,0.01867666787,0.00528907392,-0.002413868876
247400000,0.0001333607347,0.02163714621,0.003649357714,-0.004512284529
247500000,0.01065076429,0.01968939132,0.00124989116,-0.00565634165
247600000,0.01918219317,0.01325155209,-0.001403124352,-0.005609458299
247700000,0.02393339107,0.003686738882,-0.00375212387,-0.004385788753
247800000,0.02390891411,-0.00698536525,-0.005305351159,-0.002246344737
247900000,0.01912065771,-0.016514606,-0.005739798502,0.0003566638976
248000000,0.01058418801,-0.02289455575,-0.0049683672,0.002875403171
248100000,0.0001036753359,-0.02478504689,-0.003157287142,0.004781705974
248200000,-0.01010929515,-0.02179398646,-0.0006903208412,0.005677818752
248300000,-0.01790259964,-0.0145589337,0.001912544604,0.005379383898
248400000,-0.02163743457,-0.004611235246,0.004104692943,0.003953347492
248500000,-0.02053316945,0.005948357486,0.005427664195,0.001703002094
248600000,-0.01483044258,0.01489367195,0.005607027447,-0.0008965055328
248700000,-0.005738480772,0.02034259574,0.004609293932,-0.003298490726
248800000,0.004821591368,0.02115292692,0.002648070307,-0.00499969347
248900000,0.01462272149,0.01716146523,0.0001383450419,-0.005645713118
249000000,0.02160134508,0.009216570558,-0.002391312671,-0.00510482793
249100000,0.02429149331,-0.001002086134,-0.004410066892,-0.003494825488
249200000,0.02213254448,-0.01133831589,-0.005496201135,-0.001157384795
249300000,0.01558615303,-0.01961404311,-0.005425205922,0.001414424807
249400000,0.00603786679,-0.02408816911,-0.004216169941,0.003680146155
249500000,-0.004495867353,-0.02382306571,-0.002126892278,0.005165502663
249600000,-0.01379356425,-0.01888138457,0.0004010729369,0.005561669469
249700000,-0.0198974807,-0.01031160215,0.002835727545,0.004789470457
249800000,-0.02152617181,7.454436198e-05,0.004666578919,0.003015158658
249900000,-0.01834362939,0.0100854036,0.00551167172,0.0006146444786
250000000,-0.01102839126,0.01761217264,0.00519726268,-0.001906135991
250100000,-0.001128569089,0.02107314315,0.003793520477,-0.004017845671
250200000,0.00926596798,0.0197458349,0.001598919589,-0.005278894829
250300000,0.01796466962,0.01391748353,-0.0009232115715,-0.005427775947
250400000,0.023137614,0.004822802875,-0.003242501704,-0.004437279944
250500000,0.02370015049,-0.005617396821,-0.004873060047,-0.00251935637
250600000,0.01954025846,-0.015201536,-0.005475263098,-7.977664355e-05
250700000,0.01154099983,-0.02191127203,-0.004926483384,0.002367705489
250800000,0.001393386092,-0.02433657634,-0.003346032755,0.004309539024
250900000,-0.008760947473,-0.02197231767,-0.00106925252,0.00534012639
251000000,-0.0167818793,-0.01532373536,0.001423629084,0.005246533485
251100000,-0.0209821845,-0.00579854259,0.003608781399,0.004052468986
251200000,-0.02048270225,0.004591355272,0.005028837535,0.002012452848
251300000,-0.01539632698,0.01365515097,0.005388616775,-0.0004424220469
251400000,-0.006802342225,0.01948527248,0.004616470998,-0.002795579711
251500000,0.003482876043,0.02085874289,0.002878508169,-0.004553656758
251600000,0.0132898294,0.01749341069,0.0005428791874,-0.005349934115
251700000,0.02055330072,0.01010562167,-0.001898197852,-0.005020822142
251800000,0.02374691409,0.0002577652056,-0.003932162383,-0.003639448915
251900000,0.02220367421,-0.009971863177,-0.005133728694,-0.00149945962
252000000,0.01625533003,-0.01842733341,-0.005253801897,0.0009473934939
252100000,0.007161374014,-0.0233293147,-0.004271104227,0.00318660866
252200000,-0.003157373758,-0.02364966173,-0.002395814645,0.004749112763
252300000,-0.0125244625,-0.01932735725,-2.463183321e-05,0.005309516178
252400000,-0.01896712271,-0.01128019985,0.002343135024,0.004753864712
252500000,-0.02113206846,-0.001209850251,0.004210701061,0.003202783642
252600000,-0.01856989947,0.008758302708,0.005188030298,0.0009853193188
252700000,-0.01182822634,0.01652400717,0.005073285229,-0.001430854711
252800000,-0.002334348495,0.02045472208,0.003894494419,-0.003538065206
252900000,0.007907132134,0.01972860022,0.001902839569,-0.004895302304
253000000,0.0167375169,0.01450600353,-0.0004808543352,-0.005220509423
253100000,0.02229872331,0.005894014341,-0.002755029154,-0.00444918808
253200000,0.02342394651,-0.004288094688,-0.00444292106,-0.002747143287
253300000,0.01988236838,-0.0138928508,-0.00519250379,-0.0004748613343
253400000,0.01242665421,-0.0208972317,-0.004849898168,0.001888830854
253500000,0.002633307581,-0.02382876234,-0.003490941382,0.003847659903
253600000,-0.007430509107,-0.02207530106,-0.001404443714,0.004992095564
253700000,-0.01564341773,-0.01601313311,0.0009691794365,0.005084963082
253800000,-0.02027730352,-0.006926330065,0.003130862708,0.004110582689
253900000,-0.02036120113,0.003265425154,0.004627815283,0.002277257934
254000000,-0.01588475988,0.01241271413,0.005148356528,-2.724041386e-05
254100000,-0.007798646924,0.01858989585,0.004586801192,-0.002317684585
254200000,0.002187625167,0.02050041304,0.003064888553,-0.004113551379
254300000,0.01196721233,0.01774864752,0.0009054165661,-0.00503982697
254400000,0.01948025045,0.01092155728,-0.001436214054,-0.004905309334
254500000,0.02314739184,0.00146347252,-0.003468030328,-0.003742060588
254600000,0.02220157028,-0.008629218491,-0.004764843537,-0.001797872028
254700000,0.01684847473,-0.01722913622,-0.00505721934,0.000516507152
254800000,0.008222120183,-0.02252616585,-0.004287446134,0.002714141516
254900000,-0.001855113528,-0.02340856543,-0.002620877956,0.004334352262
255000000,-0.01125742193,-0.01969657898,-0.0004104334449,0.005039280409
255100000,-0.01800423221,-0.01217922355,0.001878130968,0.004684331001
255200000,-0.02067772091,-0.00244654636,0.003764352803,0.003347812442
255300000,-0.01872093346,0.007446965996,0.004853925865,0.001313699747
255400000,-0.01255369406,0.01541636679,0.004921120699,-0.0009886921548
255500000,-0.003482278503,0.01978571834,0.003955536675,-0.003075311675
255600000,0.006577486932,0.01964035547,0.002163505359,-0.004509130757
255700000,0.01550481279,0.01501805312,-7.598524691e-05,-0.004991670677
255800000,0.02142078331,0.006899391451,-0.002291433284,-0.004425126825
255900000,0.02308349548,-0.003000154203,-0.004018086712,-0.002932163981
256000000,0.02014863614,-0.012592389,-0.004895431757,-0.0008293818046
256100000,0.01324090733,-0.01985660535,-0.004742457837,0.00143981452
256200000,0.003821355157,-0.02326522609,-0.003594987494,0.003398706804
256300000,-0.006121464903,-0.02210524325,-0.001697376069,0.004637407902
256400000,-0.01449136349,-0.01662763203,0.0005495123023,0.004898621323
256500000,-0.01952672766,-0.007993195736,0.002672978765,0.004131074625
256600000,-0.02017155954,0.001973578317,0.004227929765,0.002499532256
256700000,-0.0162969837,0.01117034463,0.00489016544,0.0003494439878
256800000,-0.008726727569,0.01766058001,0.004523965144,-0.001866189658
256900000,0.0009382713,0.02008131556,0.003209882463,-0.003682253523
257000000,0.01065855208,0.01792910767,0.001227061731,-0.004719150706
257100000,0.01838634709,0.01166445848,-0.001006049231,-0.004762139286
257200000,0.02249667391,0.002613251542,-0.003020000257,-0.00380579282
257300000,0.02212878409,-0.007313653167,-0.004393021897,-0.002054382164
257400000,0.0173664043,-0.01602351832,-0.004839347485,0.0001217421555
257500000,0.009219015901,-0.02168272536,-0.004268680214,0.002264456217
257600000,-0.0005918523084,-0.02310286978,-0.002804432319,0.003924302253
257700000,-0.00999629987,-0.01999057951,-0.0007570585341,0.004754761266
257800000,-0.01701294318,-0.01300831735,0.001441758758,0.004584586551
257900000,-0.02016666716,-0.003633379073,0.003330122103,0.003453100631
258000000,-0.01879892801,0.006154908522,0.004512942212,0.001601183588
258100000,-0.01320518899,0.01429337363,0.004744592996,-0.0005799962498
258200000,-0.004570872018,0.01906999156,0.003979907923,-0.002631599355
258300000,0.005280084032,0.01948388523,0.002382932207,-0.00412363201
258400000,0.0142705275,0.01545475713,0.0002917471623,-0.004745062139
258500000,0.02050784427,0.007838164867,-0.00185309407,-0.004368649247
258600000,0.02268207322,-0.001756074334,-0.003601372497,-0.003076977448
258700000,0.02034087205,-0.01130385036,-0.004587701912,-0.001144369599
258800000,0.01398372212,-0.01879351157,-0.004607886658,0.001021363275
258900000,0.004955652413,-0.02264963472,-0.003661182903,0.002964970167
259000000,-0.004837133975,-0.02206458505,-0.001949719511,0.004279451039
259100000,-0.01332977695,-0.01716793134,0.0001646451726,0.004691278117
259200000,-0.01873440091,-0.008997950593,0.002236824631,0.004117304452
259300000,-0.01991677313,0.0007186392309,0.00383219176,0.002681521683
259400000,-0.01663441563,0.009931904569,0.004617733369,0.0006882960078
259500000,-0.009586127106,0.01670140899,0.004431554977,-0.001442144836
259600000,-0.000262954311,0.01960489565,0.003316230825,-0.003262301246
259700000,0.009367380484,0.01803687302,0.001509132332,-0.00439139347
259800000,0.01727567639,0.01233460747,-0.0006080803183,-0.004595014757
259900000,0.02179853759,0.003705527856,-0.002590058387,-0.00383378516
260000000,0.02198798761,-0.006028264154,-0.004021436571,-0.002270909581
260100000,0.01781012181,-0.01481444437,-0.004603875549,-0.0002372026919
260200000,0.01015118382,-0.0208029878,-0.004218236018,0.00183892721
260300000,0.0006298376645,-0.02273575518,-0.002948928863,0.003521718267
260400000,-0.008744819769,-0.02021105326,-0.001065469011,0.004459512052
260500000,-0.01599734353,-0.01376733243,0.001034742114,0.004458233847
260600000,-0.01960249657,-0.00476838916,0.002910260277,0.003521543704
260700000,-0.01880621752,0.004885484539,0.004168380212,0.001849354298
260800000,-0.01378330064,0.01315906774,0.004547356012,-0.0002048230708
260900000,-0.005598852791,0.01831141511,0.003970847003,-0.002208606087
261000000,0.004017792839,0.01926208059,0.002563265737,-0.003741747642
261100000,0.01303851595,0.01581741714,0.0006229490307,-0.004484267201
261200000,0.0195639324,0.008709774837,-0.001441066431,-0.004283226219
261300000,0.02222302767,-0.0005581557744,-0.003195266938,-0.003184214077
261400000,0.02046103966,-0.0100307895,-0.004272708915,-0.001421065701
261500000,0.01465526357,-0.01771200763,-0.004449769733,0.0006338808868
261600000,0.006034531175,-0.0219856908,-0.003692550113,0.002548407762
261700000,-0.003580665005,-0.02195589207,-0.002163301719,0.003921320226
261800000,-0.01216262186,-0.01763491802,-0.0001856756309,0.004466512487
261900000,-0.01790426482,-0.009939616673,0.00182376811,0.004072582122
262000000,-0.01959992971,-0.0004967573102,0.003443297587,0.00282557348
262100000,-0.01689863991,0.008701127752,0.004334514462,0.0009902111614
262200000,-0.01037659507,0.0157164269,0.004313055032,-0.001046288972
262300000,-0.001414022855,0.01907465518,0.003386716862,-0.00285590675
262400000,0.008097073752,0.01807416651,0.001753128969,-0.004059771185
262500000,0.01615224804,0.01293248217,-0.000242399556,-0.00440747685
262600000,0.0210567796,0.00473893611,-0.002179864621,-0.003829159592
262700000,0.02178196374,-0.004775970052,-0.003652961058,-0.002449503517
262800000,0.01818080936,-0.01360576902,-0.004354283178,-0.0005608777642
262900000,0.01101795596,-0.01989092934,-0.00413946691,0.001438613005
263000000,0.001807579699,-0.0223104792,-0.003056891417,0.003129039687
263100000,-0.007506564682,-0.0203598511,-0.001336832567,0.004156836065
263200000,-0.01496146557,-0.01445632262,0.0006575095719,0.004308743736
263300000,-0.01898883935,-0.005849823338,0.002506696319,0.003556051076
263400000,-0.01874526499,0.003641882551,0.003823259035,0.002059951364
263500000,-0.01428880746,0.01201739854,0.004332881527,0.0001370361774
263600000,-0.006565153848,0.01751386583,0.003931548086,-0.001807691992
263700000,0.002793297283,0.01897792928,0.002706753216,-0.003366115529
263800000,0.01181251044,0.01610750396,0.0009184525887,-0.004212643264
263900000,0.01859303989,0.009513867781,-0.001056102651,-0.004172227474
264000000,0.02170976857,0.0005915004118,-0.002801943175,-0.003256548741
264100000,0.02051124706,-0.008776610017,-0.003953585533,-0.001660891331
264200000,0.01525589351,-0.01661608025,-0.004271538526,0.0002774934553
264300000,0.007056530956,-0.02127712187,-0.003692098094,0.002150660895
264400000,-0.002355032048,-0.02178184513,-0.002340079269,0.003565822005
264500000,-0.01099375728,-0.01802966017,-0.0005019475424,0.004227702993
264600000,-0.0170402483,-0.01081742467,0.001434869968,0.004000147128
264700000,-0.01922419907,-0.001670168614,0.003063637919,0.002934108757
264800000,-0.0170913999,0.007481612983,0.004043722751,0.00125628709
264900000,-0.01109808343,0.01470962831,0.004171825216,-0.0006790734041
265000000,-0.002513108531,0.01849414219,0.003424140739,-0.002464969978
265100000,0.006850847317,0.01804334314,0.001960706485,-0.003727228402
265200000,0.01501998698,0.01345875039,9.115948759e-05,-0.004202892989
265300000,0.02027520583,0.005712318693,-0.001790770429,-0.003794998202
265400000,0.02151359642,-0.003559507679,-0.00329017558,-0.002592314977
265500000,0.01847982074,-0.01240122945,-0.004093833388,-0.0008500549919
265600000,0.01181887054,-0.01895049783,-0.004035631455,0.001064277704
265700000,0.002939194254,-0.02183036627,-0.003130890294,0.002748400687
265800000,-0.00628497121,-0.02043897183,-0.001572494387,0.003849784687
265900000,-0.01390927679,-0.01507553946,0.0003102188924,0.00413944112
266000000,-0.01832935618,-0.006876134026,0.002121052346,0.003559522428
266100000,-0.01861865249,0.002427120866,0.003480319396,0.002234842293
266200000,-0.01472267033,0.01087221662,0.004104449626,0.0004460286949
266300000,-0.007468915406,0.0166812138,0.003865140324,-0.001429918839
266400000,0.001609093134,0.01863450555,0.002815716753,-0.002999078086
266500000,0.01059611376,0.01632664988,0.001179288546,-0.00393331715
266600000,0.01759911532,0.0102502924,-0.000698675002,-0.004038905206
266700000,0.02114575707,0.001690993611,-0.002423271869,-0.003296676066
266800000,0.02049373798,-0.007544559154,-0.003633203148,-0.001865420109
266900000,0.01578616511,-0.01550963695,-0.004076458923,-4.792549629e-05
267000000,0.008020397878,-0.02052767009,-0.003662800435,0.001773071495
267100000,-0.00116303086,-0.0215452305,-0.002482110509,0.003215479742
267200000,-0.009826929996,-0.01835339988,-0.0007848850571,0.003978020593
267300000,-0.01614625766,-0.01163081104,0.001070904597,0.003903150219
267400000,-0.0187928227,-0.002799345976,0.002695308092,0.00300959694
267500000,-0.01721458971,0.006276817799,0.003748329983,0.001487796165
267600000,-0.011750742,0.01368494896,0.004011086864,-0.0003406854578
267700000,-0.003558588593,0.0178669406,0.003431296459,-0.002091093316
267800000,0.005631751152,0.01794688065,0.002133646784,-0.003396441137
267900000,0.01388272512,0.01391426368,0.0003929963708,-0.003984447334
268000000,0.01945762105,0.0066247239,-0.001423837404,-0.003734323236
268100000,0.02118586071,-0.002381429161,-0.002935374769,-0.00270157066
268200000,0.01870867384,-0.01120443831,-0.003825567821,-0.001105701148
268300000,0.01255366829,-0.01798560306,-0.003909877282,0.0007164127416
268400000,0.004022699996,-0.0212987973,-0.003173518183,0.002381642463
268500000,-0.005083323923,-0.02045055342,-0.001773950164,0.003541157571
268600000,-0.01284467097,-0.01562542689,-7.218748909e-06,0.003953493097
268700000,-0.0176277278,-0.007845978555,0.001754659908,0.003534826342
268800000,-0.01842907166,0.001244043659,0.003142028615,0.002375996259
268900000,-0.01508602582,0.009727265936,0.00386514148,0.0007228142912
269000000,-0.008309482264,0.0158173123,0.003774669907,-0.001076069867
269100000,0.0004674858409,0.01823496011,0.002892528437,-0.002642691974
269200000,0.00939279274,0.01647664055,0.001406659557,-0.003649182702
269300000,0.01658605424,0.0109190953,-0.0003689983765,-0.003886380108
269400000,0.02053449538,0.002738623939,-0.002060835194,-0.003307287881
269500000,0.02041088264,-0.006337722922,-0.003314174206,-0.002036351677
269600000,0.01624681679,-0.01439649749,-0.003867621657,-0.0003427303671
269700000,0.008925083073,-0.01974108197,-0.003607575818,0.001416699868
269800000,-7.275750588e-06,-0.02124893001,-0.002591530201,0.002872540786
269900000,-0.008665767224,-0.01860754581,-0.001035393891,0.003720423738
270000000,-0.01522616678,-0.01237941459,0.0007323809134,0.003784637517
270100000,-0.01830910359,-0.003882236034,0.002340119697,0.003054532265
270200000,-0.01727024564,0.005090052661,0.003451065509,0.001686159328
270300000,-0.01233491334,0.01264625671,0.003833910979,-3.107176077e-05
270400000,-0.004549042851,0.01719665979,0.003410950976,-0.001735597174
270500000,0.004442665599,0.01778737013,0.002273833226,-0.003069821487
270600000,0.01274419337,0.01430005069,0.0006637188545,-0.003755133501
270700000,0.01860781889,0.007475403576,-0.001079856273,-0.003650079494
270800000,0.02080181266,-0.001244099548,-0.002590576808,-0.002779548754
270900000,0.01886904272,-0.0100188771,-0.003552304122,-0.001328952155
271000000,0.01322228832,-0.01700010727,-0.003765227292,0.0003952586719
271100000,0.005056314337,-0.0207191994,-0.003187368133,0.002030326549
271200000,-0.003904750268,-0.02039686397,-0.001942820504,0.003233504724
271300000,-0.01177145954,-0.01610661546,-0.0002951149698,0.003753899419
271400000,-0.01688764478,-0.008758217857,0.001408576999,0.003484781172
271500000,-0.01817931384,9.531755704e-05,0.002810587281,0.00248545944
271600000,-0.01538017895,0.008586176385,0.00361783431,0.0009682403905
271700000,-0.009086400708,0.01492598799,0.003663084435,-0.0007466698742
271800000,-0.0006294110856,0.01778250988,0.002939587427,-0.002298739082
271900000,0.008205872252,0.01655940662,0.001601914873,-0.003362900385
272000000,0.0155576901,0.0115205162,-6.705275242e-05,-0.003717629716
272100000,0.01987951647,0.003732891997,-0.001715941715,-0.003291052797
272200000,0.02026516842,-0.005159021719,-0.002998856412,-0.00217548683
272300000,0.01663876586,-0.01328038584,-0.00364793498,-0.0006074793998
272400000,0.009769740567,-0.0189210983,-0.003529270734,0.001082342948
272500000,0.001109803045,-0.02089591109,-0.002670525957,0.002538985068
272600000,-0.007513769821,-0.01879366548,-0.001254546104,0.003457655555
272700000,-0.01428380755,-0.01306307262,0.0004195633172,0.003647536915
272800000,-0.01777639589,-0.00491698158,0.001999613244,0.003071412292
272900000,-0.01726053742,0.003924475634,0.003154418021,0.001852921256
273000000,-0.0128511273,0.0115973429,0.003643208722,0.0002500387993
273100000,-0.005483252655,0.01648692444,0.003365825469,-0.001399536261
273200000,0.003286297715,0.01756750636,0.002383226656,-0.002749523817
273300000,0.01160801407,0.01461731025,0.0009041187301,-0.003517749411
273400000,0.01772957197,0.008263810268,-0.0007593661984,-0.003545118959
273500000,0.0203645793,-0.0001496949576,-0.002257533822,-0.002828556611
273600000,0.01896274937,-0.008847889993,-0.00327663527,-0.001521088519
273700000,0.01382486353,-0.015997816,-0.003604568119,0.0001008268157
273800000,0.006038453423,-0.02009503557,-0.003175013595,0.001695749009
273900000,-0.002752215967,-0.02028029257,-0.002080826771,0.002929130293
274000000,-0.0106933634,-0.01651991617,-0.0005539809213,0.003543485118
274100000,-0.0161127974,-0.009611914638,0.001083605542,0.003412138098
274200000,-0.01787226034,-0.001016571259,0.002487937323,0.002565332094
274300000,-0.0156065957,0.007452456813,0.003365198387,0.001183317952
274400000,-0.009799414926,0.0140110313,0.003533219502,-0.0004420053824
274500000,-0.001679677167,0.01728042786,0.002959298985,-0.001968738562
274600000,0.00703852969,0.01657701511,0.001766526242,-0.003076898698
274700000,0.01451778543,0.01205498265,0.0002073946561,-0.003535478936
274800000,0.01918437389,0.004672498091,-0.00138964195,-0.003250597874
274900000,0.0200591904,-0.004011206469,-0.002689358461,-0.002284704211
275000000,0.01696310178,-0.0121649225,-0.003420119401,-0.000842911306
275100000,0.01055372467,-0.01807144423,-0.003430644372,0.0007705528244
275200000,0.002185961459,-0.0204892167,-0.002721316488,0.002216534924
275300000,-0.00637430592,-0.01891347719,-0.001443556294,0.00319224293
275400000,-0.01332296062,-0.01368181657,0.0001324925558,0.003494646648
275500000,-0.01719809469,-0.005901921844,0.001675071704,0.003062718406
275600000,-0.0171877591,0.002783087545,0.002860638957,0.001989726912
275700000,-0.01330009509,0.01054191392,0.003441724007,0.0005031126092
275800000,-0.006360199359,0.01574136441,0.003298578719,-0.001083716347
275900000,0.002165178131,0.01729007813,0.002463843082,-0.002437452333
276000000,0.01047769387,0.01486740407,0.001115148511,-0.003274894109
276100000,0.01682662227,0.008989593893,-0.0004626741803,-0.003422187569
276200000,0.01987734844,0.0008997987437,-0.001937743314,-0.00285091029
276300000,0.01899175527,-0.007694678122,-0.003000930689,-0.001683511951
276400000,0.01436171554,-0.01498246917,-0.003430640704,-0.0001670793717
276500000,0.006967731606,-0.01942979447,-0.003138990486,0.001378955327
276600000,-0.001628520929,-0.02010333985,-0.002189768438,0.002630097878
276700000,-0.009614005048,-0.01686631393,-0.0007845046878,0.003324895152
276800000,-0.01530686569,-0.01040633104,0.0007803091901,0.003319566271
276900000,-0.0175108724,-0.002089319416,0.002175771298,0.002617747353
277000000,-0.01576689521,0.006329488455,0.003109695874,0.0013691984
277100000,-0.01044846295,0.01307618707,0.003387787391,-0.0001621447345
277200000,-0.002681585518,0.01673203291,0.002954055429,-0.001653959744
277300000,0.005893789922,0.01653166056,0.001902065146,-0.002793377217
277400000,0.0134700234,0.0125231044,0.0004547677029,-0.003342592627
277500000,0.01845263161,0.005556340949,-0.001082744441,-0.003188492332
277600000,0.01979564169,-0.002896855266,-0.002387547141,-0.002365938594
277700000,0.01722107899,-0.01105361716,-0.003186704351,-0.001049922707
277800000,0.01127658687,-0.01719581955,-0.003314355593,0.0004816554088
277900000,0.003219143158,-0.02003195531,-0.002746131645,0.00190666596
278000000,-0.005250605013,-0.01896884174,-0.001603758927,0.002926497322
278100000,-0.01234734634,-0.01423586725,-0.0001289936695,0.003328625927
278200000,-0.01657762587,-0.006835592246,0.001367534742,0.003030898262
278300000,-0.01705431993,0.001668727651,0.0025717474,0.002098299524
278400000,-0.01368270301,0.009483583264,0.003232028064,0.0007287894808
278500000,-0.007179062272,0.01496360475,0.003211792521,-0.0007887113633
278600000,0.001081658434,0.01695795842,0.00251773303,-0.002135269854
278700000,0.009356616991,0.01505184913,0.00129789908,-0.003028966393
278800000,0.01590267168,0.009652597931,-0.0001898744106,-0.00328391404
278900000,0.01934335859,0.00190258674,-0.001632460478,-0.002848915946
279000000,0.01895815263,-0.006562294368,-0.002727338946,-0.001817723272
279100000,0.01483334929,-0.0139577325,-0.003246032861,-0.0004088433502
279200000,0.007842960398,-0.01872698034,-0.003081781213,0.001080755811
279300000,-0.0005362956593,-0.01986860854,-0.002271501952,0.002338237165
279400000,-0.00853690112,-0.01714696064,-0.0009875294541,0.00310059092
279500000,-0.0144735097,-0.01114092581,0.000499031282,0.003209639981
279600000,-0.01709818125,-0.003120808192,0.001875542702,0.002644851767
279700000,-0.01586284165,0.005220518824,0.002853581372,0.001527151642
279800000,-0.01103367218,0.01212514548,0.003229367767,9.304203076e-05
279900000,-0.003633602876,0.01614067966,0.002926218955,-0.001355435742
280000000,0.004774520738,0.016425656,0.002010181397,-0.002514311103
280100000,0.01241799969,0.01292566732,0.0006756601891,-0.00314147008
280200000,0.01768785413,0.00638351592,-0.0007958321733,-0.00310723321
280300000,0.01947730376,-0.001818370538,-0.002095055599,-0.002421160768
280400000,0.01741410953,-0.009949861825,-0.002950026609,-0.00122954648
280500000,0.01193807226,-0.01629788924,-0.003182951872,0.0002157690771
280600000,0.004207480577,-0.01952729075,-0.002747194246,0.001610618778
280700000,-0.004145752522,-0.01896175385,-0.001736586881,0.002662517144
280800000,-0.01136061613,-0.01472562961,-0.0003652404751,0.003151987501
280900000,-0.01591843594,-0.007716723631,0.001077813472,0.002978350137
281000000,-0.01686273491,0.0005840698011,0.00228953628,0.00218042003
281100000,-0.01400000581,0.008425863905,0.003016515824,0.0009278615253
281200000,-0.00793921612,0.01415725597,0.003107959039,-0.0005148806564
281300000,3.79090672e-05,0.0165740945,0.002546962561,-0.001844407592
281400000,0.008248038941,0.01517230979,0.001453578377,-0.002782165109
281500000,0.01496137287,0.01025285517,5.913255984e-05,-0.003132800625
281600000,0.01876588887,0.002857065537,-0.001342711196,-0.002824853041
281700000,0.01886415554,-0.005453638601,-0.002457791887,-0.001925301611
281800000,0.01524044713,-0.01292718928,-0.003053173707,-0.0006250150811
281900000,0.008663146906,-0.01799010301,-0.003005800604,0.0008017413373
282000000,0.0005220018029,-0.0195787938,-0.002327921149,0.002055151732
282100000,-0.007465455334,-0.01736316795,-0.001164032534,0.002872848509
282200000,-0.01361635991,-0.01181535099,0.000239912787,0.003084827738
282300000,-0.01663727811,-0.004109104828,0.001588477143,0.002648787553
282400000,-0.01589633588,0.004128656063,0.002598903994,0.001658545241
282500000,-0.01155535439,0.01116153323,0.003060400244,0.000323863651
282600000,-0.004534389115,0.01550974844,0.002878106309,-0.001073977587
282700000,0.003683428796,0.01626142372,0.002092583145,-0.002241456895
282800000,0.01136521477,0.013263627,0.0008708154225,-0.002934441294
282900000,0.01689359664,0.007153312675,-0.0005292791592,-0.003009232933
283000000,0.01910703664,-0.0007779767281,-0.001813292626,-0.002452359034
283100000,0.01754375528,-0.00885692441,-0.002712230349,-0.001382931097
283200000,0.0125381155,-0.0153812742,-0.003038860142,-2.717685338e-05
283300000,0.005149295439,-0.01897843222,-0.002726703657,0.001329411405
283400000,-0.003062684833,-0.0188943334,-0.001843551243,0.002402191539
283500000,-0.01036634409,-0.01515168716,-0.0005767560664,0.00296709203
283600000,-0.01522398211,-0.008544240985,0.0008065055773,0.002907409111
283700000,-0.01661561536,-0.0004683808813,0.002015579728,0.002237908002
283800000,-0.01425321965,0.007372161075,0.002797403988,0.001101252841
283900000,-0.008640228019,0.01332590444,0.002989470033,-0.0002623862751
284000000,-0.0009640822359,0.01614149807,0.002553595947,-0.001566075794
284100000,0.007155080689,0.0152305896,0.001583491187,-0.002536490921
284200000,0.01400632044,0.010790583,0.0002846209726,-0.002971215701
284300000,0.01814824897,0.003761822713,-0.001069305579,-0.002780959319
284400000,0.01871209087,-0.004371453427,-0.002194010032,-0.002007884963
284500000,0.01558386263,-0.01189433254,-0.002854329816,-0.0008162912523
284600000,0.00942749178,-0.01722266809,-0.002913383663,0.0005422993104
284700000,0.00154408844,-0.01923667353,-0.002360939212,0.001782227841
284800000,-0.006402951873,-0.01751639978,-0.001315105336,0.002643758505
284900000,-0.012739008,-0.01242944817,2.910120288e-06,0.002947483189
285000000,-0.01613130418,-0.005052463315,0.001315584204,0.002631676545
285100000,-0.01586940688,0.003056863769,0.002347510805,0.001764824791
285200000,-0.01201400044,0.01018890513,0.002883178725,0.0005307885762
285300000,-0.00538279625,0.01484263533,0.00281197523,-0.0008101887323
285400000,0.002623056066,0.01604148596,0.002151018308,-0.001976359421
285500000,0.01031506653,0.01353810195,0.001041106549,-0.002723664877
285600000,0.01607339542,0.007865212434,-0.0002832670814,-0.002896808673
285700000,0.01868776907,0.0002222815015,-0.00154345278,-0.002461522292
285800000,0.01761171999,-0.007777942699,-0.002475268647,-0.001511321005
285900000,0.01307683633,-0.01444954236,-0.00288437939,-0.0002474239314
286000000,0.006043098741,-0.01838862423,-0.00268682108,0.001063852241
286100000,-0.002004184834,-0.01876881651,-0.001926222399,0.002147205406
286200000,-0.009368019001,-0.01551479592,-0.0007641926098,0.002776144154
286300000,-0.01449772241,-0.009317261655,0.000554010637,0.002820335031
286400000,-0.0163156593,-0.001486290808,0.001751241403,0.002272604067
286500000,-0.01444371484,0.006325765473,0.00257673063,0.001250000097
286600000,-0.00928185398,0.01247310307,0.002858607855,-3.12101376e-05
286700000,-0.001922511507,0.01566323529,0.002539679978,-0.001301275064
286800000,0.006080723298,0.01522862296,0.001689020071,-0.002293749447
286900000,0.01304104239,0.01126617832,0.0004870214416,-0.002801388066
287000000,0.01749376922,0.00461563616,-0.0008128518718,-0.002719417511
287100000,0.01850438903,-0.003318320437,-0.001937509082,-0.002067152112
287200000,0.01586461399,-0.01086255754,-0.002651602978,-0.0009834962331
287300000,0.01013538666,-0.01642816731,-0.002806775081,0.0003026296697
287400000,0.002527858284,-0.0188450986,-0.002372472165,0.001520644069
287500000,-0.005352549197,-0.01760826441,-0.001441934333,0.002415227248
287600000,-0.01184499776,-0.0129832442,-0.0002121873013,0.002799837747
287700000,-0.0155834407,-0.005949324657,0.001057669843,0.002595605791
287800000,-0.01578420297,0.002007956298,0.002101051488,0.001847495529
287900000,-0.0124102745,0.009210735941,0.002699847368,0.0007144264675
288000000,-0.006177866923,0.01414274231,0.002730012607,-0.000564479782
288100000,0.001595776797,0.01576845542,0.002187257433,-0.001720359688
288200000,0.009270843389,0.01375036652,0.00118751773,-0.00251112745
288300000,0.01523075852,0.008518884712,-5.780183779e-05,-0.002772173433
288400000,0.01822248869,0.001180540546,-0.001286527189,-0.002450624707
288500000,0.01761984102,-0.006715918823,-0.002240906306,-0.001616038116
288600000,0.01355453469,-0.0135062,-0.002721674939,-0.0004453667765
288700000,0.006887590238,-0.01776113674,-0.002629656513,0.0008145534062
288800000,-0.0009728779445,-0.01858754641,-0.001986212438,0.001899045503
288900000,-0.00836903671,-0.01581587807,-0.0009283277931,0.002581190098
289000000,-0.01374310607,-0.01003509306,0.0003205455374,0.002719302163
289100000,-0.01596564183,-0.002467500213,0.001497683644,0.002286353793
289200000,-0.01457300821,0.005289846903,0.0023563562,0.001375234063
289300000,-0.009864034962,0.01160236218,0.002717538118,0.0001788290277
289400000,-0.002835759072,0.01514241694,0.00250722987,-0.001050808227
289500000,0.005027803035,0.0151684665,0.001771607498,-0.002055555571
289600000,0.01206899185,0.01168021201,0.0006669030607,-0.002625402836
289700000,0.01680579081,0.005417472819,-0.0005737706147,-0.002642343697
289800000,0.01824357463,-0.002296656957,-0.001689607369,-0.002104805927
289900000,0.01608387711,-0.00983515468,-0.002446929414,-0.001127563834
290000000,0.01078641116,-0.01561006911,-0.002688120413,8.27608372e-05
290100000,0.00347138393,-0.0184069831,-0.002364423892,0.001271381619
290200000,-0.004317274317,-0.01764050649,-0.001545783081,0.002188979362
290300000,-0.01093781639,-0.01347694661,-0.0004057398696,0.002643994851
290400000,-0.01499689902,-0.006798316627,0.0008153491863,0.002542614764
290500000,-0.01564298283,0.000984594568,0.001860984067,0.001908105211
290600000,-0.01274500794,0.008230412654,0.002512398078,0.0008755103472
290700000,-0.006918832408,0.01341346766,0.002634324287,-0.0003370833202
290800000,0.0006037949803,0.01544502577,0.00220307798,-0.001474603578
290900000,0.008235717704,0.01390184351,0.001311126233,-0.002298644424
291000000,0.01436915655,0.009114183615,0.0001472701151,-0.00263742876
291100000,0.01771423219,0.002095118621,-0.001043314909,-0.002421611913
291200000,0.0175700809,-0.005673714188,-0.002010723842,-0.001698464426
291300000,0.0139716854,-0.01255468348,-0.002552774268,-0.0006215357775
291400000,0.007681657408,-0.0170992553,-0.002557257308,0.0005819443386
291500000,2.877135881e-05,-0.01835296419,-0.002025158879,0.001659007497
291600000,-0.007372692895,-0.01605601528,-0.001070047151,0.002384116728
291700000,-0.01296356404,-0.01069722997,0.000106159834,0.002606390468
291800000,-0.01556840539,-0.00341002493,0.001255877311,0.002280993059
291900000,-0.01464275524,0.00426744835,0.002137965788,0.001478162158
292000000,-0.01038689249,0.01071714075,0.002568303942,0.0003680590794
292100000,-0.003702389567,0.01458218858,0.002458216722,-0.0008152926006
292200000,0.003999006968,0.01505229027,0.001832739175,-0.001823338816
292300000,0.01109353928,0.01203342305,0.0008249561261,-0.002445198812
292400000,0.0160876561,0.006166486919,-0.0003523089001,-0.002551777255
292500000,0.01793225705,-0.00130871331,-0.001451434128,-0.002122558036
292600000,0.01624297841,-0.008815302865,-0.002242080337,-0.001249519933
292700000,0.01138032938,-0.01477180944,-0.002559458832,-0.0001174345182
292800000,0.004372917534,-0.0179252945,-0.002338672638,0.001035235173
292900000,-0.003300017525,-0.01761499868,-0.001627975329,0.001966561439
293000000,-0.01002088607,-0.0139109385,-0.0005782410568,0.002481925731
293100000,-0.01437491086,-0.007598253003,0.0005890595884,0.002474684128
293200000,-0.01544810648,-1.071764624e-05,0.001628581575,0.001948228259
293300000,-0.01301919285,0.007251227088,0.002322669389,0.001014879473
293400000,-0.007605110131,0.0126581964,0.002526926445,-0.0001280687093
293500000,-0.0003508576629,0.015073962,0.002200250028,-0.00124005123
293600000,0.007212739746,0.01399409649,0.001413085478,-0.002087861999
293700000,0.01349201386,0.009651143691,0.000332245728,-0.002494558979
293800000,0.01716607552,0.002964516008,-0.0008144346729,-0.002376388727
293900000,0.01746451866,-0.004654044884,-0.001786122519,-0.001760025806
294000000,0.01432893251,-0.0115983512,-0.00237956428,-0.0007765803695
294100000,0.008424373937,-0.01640627137,-0.002471598286,0.0003662855087
294200000,0.0009984624997,-0.01806759949,-0.002044709721,0.001428203812
294300000,-0.006382176236,-0.01623644162,-0.001190327215,0.002186651893
294400000,-0.01216249971,-0.01130335121,-8.924904194e-05,0.002483578405
294500000,-0.01512685008,-0.004312057642,0.001026612159,0.002258334845
294600000,-0.01465474196,0.00326148052,0.001923072513,0.001560052031
294700000,-0.01085072384,0.009820837871,0.00241282166,0.0005369382913
294800000,-0.004521151451,0.01398572078,0.002394556485,-0.0005951725246
294900000,0.002996869048,0.01488236884,0.001873928606,-0.001598349626
295000000,0.01011796494,0.01232671228,0.0009619755442,-0.002262567219
295100000,0.01534269914,0.006862017742,-0.0001485546303,-0.002449672344
295200000,0.01757312098,-0.0003565705819,-0.001223938429,-0.002122114862
295300000,0.0163433873,-0.007806063248,-0.002038663705,-0.001350466022
295400000,0.011917086,-0.01391678285,-0.002422717373,-0.0002982239974
295500000,0.00523089129,-0.01740304396,-0.002297058968,0.0008128241584
295600000,-0.002303527609,-0.01753373319,-0.001689879244,0.001749346742
295700000,-0.009097555873,-0.0142857731,-0.0007303012323,0.002315466572
295800000,-0.0137207186,-0.008348132316,0.0003790738222,0.002393725997
295900000,-0.01520202601,-0.0009756369163,0.00140493949,0.001969451181
296000000,-0.01323397527,0.006276368925,0.002132346624,0.001133462999
296100000,-0.008236300714,0.01188029108,0.002409738446,6.264324512e-05
296200000,-0.001266323187,0.01465809091,0.002180523362,-0.001017486951
296300000,0.006204832041,0.01402882189,0.00149460909,-0.001880260277
296400000,0.01260269998,0.01012997537,0.000497549726,-0.002345426867
296500000,0.0165811242,0.003787414799,-0.0006003369295,-0.002316808315
296600000,0.01730534107,-0.003659477582,-0.001568330266,-0.001802176954
296700000,0.01462708319,-0.01064047608,-0.002203789894,-0.0009112529628
296800000,0.009114997699,-0.01568547288,-0.00237457331,0.0001676821505
296900000,0.001934061259,-0.0177340611,-0.002046509811,0.001207572141
297000000,-0.005400562014,-0.01635853632,-0.001290219541,0.001990365958
297100000,-0.01134327997,-0.01185331607,-0.000265920835,0.002352737181
297200000,-0.01464392398,-0.00517196863,0.0008105076292,0.002220157442
297300000,-0.01461087666,0.002274716843,0.001713021905,0.001622216218
297400000,-0.01125599687,0.008916784587,0.002252877908,0.0006860396925
297500000,-0.005290976009,0.01335619952,0.002318100376,-0.000390732052
297600000,0.002023766691,0.01466107222,0.001896702881,-0.001381666427
297700000,0.009145451816,0.0125611358,0.001078844989,-0.002079151676
297800000,0.01457423638,0.007503586902,3.75493419e-05,-0.002337890819
297900000,0.01716891683,0.000557861095,-0.001007898656,-0.002105164998
298000000,0.0163867084,-0.006810373443,-0.001838127066,-0.001431563706
298100000,0.0123968019,-0.01304833381,-0.002279706561,-0.0004600003611
298200000,0.00604391741,-0.01684327662,-0.002241375135,0.0006046043004
298300000,-0.001330407536,-0.01739881306,-0.001732892768,0.001538540776
298400000,-0.008171094043,-0.01460216793,-0.0008626320952,0.002146316979
298500000,-0.01303756579,-0.009047136094,0.0001855133002,0.002301575623
298600000,-0.01490727632,-0.001907982856,0.001190983844,0.001973359261
298700000,-0.0133906481,0.005308919147,0.0019429632,0.001232264472
298800000,-0.008812184574,0.01108308274,0.00228457711,0.000235265863
298900000,-0.002140918414,0.0142002914,0.002145615919,-0.0008075295571
299000000,0.005214784201,0.01400784084,0.001556955972,-0.001677157342
299100000,0.0117045213,0.01055105998,0.0006437194577,-0.002191770652
299200000,0.0159625037,0.004562678137,-0.0004013160386,-0.002244662758
299300000,0.01709483364,-0.002692425914,-0.001358408374,-0.001826387549
299400000,0.01486710139,-0.00968423824,-0.002027053845,-0.001026393582
299500000,0.009752968281,-0.01494013481,-0.002267988273,-1.390210587e-05
299600000,0.002833601722,-0.01735502746,-0.002032188496,0.0009978844943
299700000,-0.004430806138,-0.01642381613,-0.001370835654,0.001796674389
299800000,-0.01050922644,-0.01234716016,-0.0004242178632,0.002215626357
299900000,-0.01412261353,-0.005988306007,0.0006080239339,0.002168194017
300000000,-0.0145131813,0.001309788952,0.001508997159,0.001665997881
300100000,-0.01160334439,0.008008236034,0.002090127955,0.0008160359911
300200000,-0.006010975874,0.01269681664,0.002230626678,-0.0002021076744
300300000,0.00108191786,0.01439085671,0.001902589679,-0.001174203343
300400000,0.008179078888,0.01273789813,0.001176521859,-0.001896449301
300500000,0.01378555759,0.008090895181,0.0002061912838,-0.002218196515
300600000,0.01672245125,0.001432843759,-0.000803932399,-0.002073367893
300700000,0.01637467363,-0.005831042178,-0.001641761357,-0.00149402019
300800000,0.01281976943,-0.01216974837,-0.002132117343,-0.0006032668733
300900000,0.006810787595,-0.01624906199,-0.002173355806,0.0004108793421
301000000,-0.0003831106384,-0.01721244341,-0.001758430112,0.001335187636
301100000,-0.007244680609,-0.01486099865,-0.0009760317848,0.001976039619
301200000,-0.01232868778,-0.009694626645,8.361216629e-06,0.002199984448
301300000,-0.01456646576,-0.002805740312,0.0009874798708,0.001961524495
301400000,-0.01349064368,0.004351843893,0.001755902978,0.001312347208
301500000,-0.009332718074,0.01026986207,0.002153152288,0.0003901324794
301600000,-0.002973135422,0.01370348501,0.00209720355,-0.0006106430067
301700000,0.004245248213,0.01393309088,0.001601416424,-0.001479714204
301800000,0.01080071321,0.01091494441,0.0007713902957,-0.002035202238
301900000,0.01531334995,0.005289348969,-0.0002175225231,-0.002161674972
302000000,0.01683537162,-0.001755147361,-0.001157258834,-0.001834129561
302100000,0.01505010114,-0.00873271825,-0.001850817598,-0.001122915267
302200000,0.01033790403,-0.01417351017,-0.002153555404,-0.0001786317891
302300000,0.003695287714,-0.01693323726,-0.002003348553,0.0007997566794
302400000,-0.003475739628,-0.01643392753,-0.001433332931,0.001606841282
302500000,-0.009663607038,-0.01278509087,-0.0005646108395,0.002073890706
302600000,-0.01356593392,-0.006759795448,0.0004194733238,0.002104123491
302700000,-0.01436378294,0.0003691826466,0.001312025136,0.001692757647
302800000,-0.01189355828,0.007098363966,0.001926095206,0.0009276851412
302900000,-0.006680443066,0.01201076054,0.002133833861,-2.930099014e-05
303000000,0.0001733786433,0.01407425567,0.001893105478,-0.0009767184463
303100000,0.007221814874,0.012858345,0.001256023066,-0.001715812827
303200000,0.01297991707,0.008623818922,0.0003576769489,-0.002092250811
303300000,0.01623657762,0.002266812328,-0.0006125066594,-0.002028343813
303400000,0.01630913396,-0.004870744422,-0.001450705544,-0.001539074768
303500000,0.01318644723,-0.01128424616,-0.001981519211,-0.0007286231645
303600000,0.007530472016,-0.0156234845,-0.002094670088,0.0002318128387
303700000,0.0005360627189,-0.01697692242,-0.001767909377,0.001140176986
303800000,-0.006321400427,-0.01506329251,-0.001071370716,0.001806060947
303900000,-0.01159730259,-0.01029014436,-0.0001525244779,0.002090614441
304000000,-0.01418226679,-0.003667061051,0.0007950410644,0.001935494749
304100000,-0.01353552625,0.003407988766,0.001572403528,0.001374820565
304200000,-0.009798029266,0.009443870983,0.00201706367,0.0005276827314
304300000,-0.003761641531,0.01317062635,0.002036911065,-0.0004271472246
304400000,0.003298734211,0.01380661739,0.001629299318,-0.001288940472
304500000,0.009894432445,0.0112223354,0.0008812816476,-0.001877206563
304600000,0.01463680001,0.005966648313,-4.897527685e-05,-0.002069491894
304700000,0.01652941085,-0.0008497406289,-0.0009656322131,-0.001826865732
304800000,0.01517733953,-0.007788890652,-0.001676403245,-0.001201790279
304900000,0.01086959867,-0.01338882107,-0.002032888815,-0.0003267864162
305000000,0.004517493741,-0.01647147994,-0.001961556343,0.0006136580772
305100000,-0.002538063551,-0.01639063869,-0.001478901455,0.001421983715
305200000,-0.008809627897,-0.0131674825,-0.0006876651863,0.001929058245
305300000,-0.01297691968,-0.007485339431,0.0002450314347,0.002029562686
305400000,-0.01416490489,-0.0005447656591,0.001122982998,0.001703861533
305500000,-0.01212758316,0.006190249648,0.001762171748,0.001021816602
305600000,-0.007298846559,0.01130120701,0.002029334946,0.0001278087767
305700000,-0.0006999586596,0.01371387026,0.001869744949,-0.0007898224319
305800000,0.006276512365,0.01292395593,0.001318411701,-0.001538453627
305900000,0.01216052506,0.009102405989,0.0004924163156,-0.001961609381
306000000,0.01571418658,0.003058374805,-0.0004339482472,-0.001971665039
306100000,0.01619205105,-0.003932016973,-0.001265951985,-0.001567986321
306200000,0.01349745476,-0.01039497266,-0.001829359425,-0.0008367516753
306300000,0.008202117815,-0.01496963414,-0.002006914796,6.743992066e-05
306400000,0.001424967972,-0.01669463238,-0.001762741302,0.0009542515669
306500000,-0.005404236604,-0.01521022162,-0.001149578181,0.001637672897
306600000,-0.010846602,-0.01083340457,-0.0002973983541,0.001975033635
306700000,-0.01375740655,-0.004490264939,0.0006141385629,0.001896784114
306800000,-0.01352698401,0.002480073579,0.001393560209,0.001420827151
306900000,-0.01020841321,0.008608294382,0.001877798725,0.0006484493094
307000000,-0.004505278794,0.01260469369,0.001966304484,-0.0002572290216
307100000,0.002377606724,0.01363056502,0.001641920314,-0.00110570066
307200000,0.008988749936,0.01147409344,0.0009741836273,-0.001719141982
307300000,0.01393598289,0.006593973066,0.0001044263571,-0.00196967889
307400000,0.01617947862,2.185647565e-05,-0.000784135946,-0.001806039204
307500000,0.01525020945,-0.006855617987,-0.001504996289,-0.001264037127
307600000,0.01134801748,-0.01258925012,-0.001907501219,-0.0004587476687
307700000,0.005298765418,-0.01597258629,-0.001908333163,0.0004399216345
307800000,-0.001620344421,-0.01629583123,-0.001508751833,0.001243076815
307900000,-0.007950425529,-0.01349487092,-0.0007940278993,0.001782539341
308000000,-0.0123586153,-0.008164015987,8.474862248e-05,0.00194605967
308100000,-0.01391885784,-0.001429871994,0.00094260537,0.001700669952
308200000,-0.01230650989,0.005286877147,0.001599619846,0.001099318326
308300000,-0.007865829399,0.01057131027,0.001918653053,0.0002694524885
308400000,-0.001536366956,0.01331236015,0.001833971499,-0.0006139876056
308500000,0.005345902415,0.01293633658,0.001364784579,-0.001365445526
308600000,0.01133053949,0.00952687133,0.0006109107628,-0.001827720061
308700000,0.01515819666,0.003806311997,-0.0002684542857,-0.00190484824
308800000,0.01602548876,-0.003017254523,-0.00108835242,-0.001582021834
308900000,0.01375356637,-0.009504991936,-0.001676963246,-0.0009284047286
309000000,0.008825047126,-0.0142905973,-0.001911608898,-8.232105521e-05
309100000,0.002281618695,-0.01636803055,-0.001744319111,0.0007780151286
309200000,-0.004496064345,-0.01530309579,-0.001211629745,0.001472035447
309300000,-0.01007974286,-0.01132429398,-0.0004266151052,0.00185471281
309400000,-0.01329465755,-0.005273840627,0.0004451107404,0.001846864405
309500000,-0.01346682114,0.001570687567,0.001220330959,0.001451530959
309600000,-0.01056432694,0.007766252272,0.001736731696,0.0007530452298
309700000,-0.005203063002,0.01200867969,0.001886884471,-0.0001009530128
309800000,0.001484081409,0.01340716887,0.001640591129,-0.0009307210122
309900000,0.008086643936,0.01167122645,0.001050944424,-0.001562241583
310000000,0.01321401065,0.007170893348,0.0002428907197,-0.001863715301
310100000,0.01578816442,0.0008578686691,-0.0006132429542,-0.001773064243
310200000,0.01527023212,-0.005935645223,-0.001337649217,-0.001310708461
310300000,0.01177329306,-0.01177793212,-0.001778801712,-0.0005749869808
310400000,0.006037819413,-0.01543941912,-0.00184514774,0.0002787539663
310500000,-0.000725010075,-0.01615149187,-0.001524103996,0.001070959446
310600000,-0.007089059407,-0.01376794793,-0.0008844150087,0.00163562679
310700000,-0.01171406609,-0.008795076977,-6.143880019e-05,0.001855088248
310800000,-0.01362803084,-0.002284107398,0.0007714919221,0.001684527787
310900000,-0.01243156858,0.004391127022,0.001439574295,0.001161124518
311000000,-0.008381205382,0.009824194315,0.001803218039,0.0003959591069
311100000,-0.00233428528,0.01287243426,0.001787208928,-0.0004495570973
311200000,0.004432589586,0.01289721083,0.001396260684,-0.001197729317
311300000,0.01049305806,0.009897592149,0.0007137407402,-0.00169192173
311400000,0.01457154502,0.004509576746,-0.0001161027278,-0.001829347985
311500000,0.01581160449,-0.002128706214,-0.0009186244756,-0.001582445908
311600000,0.01395570518,-0.008617279629,-0.001525535074,-0.001004392268
311700000,0.009398754651,-0.01358944776,-0.001810189072,-0.0002176570469
311800000,0.003104188439,-0.01599964006,-0.001714009439,0.0006119406875
311900000,-0.003599645224,-0.01534335526,-0.001258535467,0.001310179946
312000000,-0.009299838706,-0.01176286665,-0.0005406175355,0.00173102321
312100000,-0.01279682838,-0.006016445733,0.0002881729229,0.001787157786
312200000,-0.01335694953,0.0006822850624,0.001053541676,0.001468106445
312300000,-0.01086638404,0.006920792233,0.001595123541,0.0008421516765
312400000,-0.005854182215,0.01138558222,0.001800080867,4.17275452e-05
312500000,0.0006202222774,0.01313874569,0.001626609827,-0.00076459675
312600000,0.007190993604,0.01181488309,0.001112458402,-0.001407615332
312700000,0.0124739696,0.007697149407,0.000366722249,-0.001752991059
312800000,0.01535811076,0.001656684322,-0.0004533004872,-0.001729318065
312900000,0.01523904931,-0.005031594643,-0.001175285747,-0.001342879815
313000000,0.01214572074,-0.01095794599,-0.001648094568,-0.0006760535959
313100000,0.006733542898,-0.014874864,-0.001773409828,0.0001302454834
313200000,0.000145653977,-0.01595970387,-0.001526176965,0.0009063403962
313300000,-0.006228504887,-0.01398755529,-0.0009595996793,0.001489496793
313400000,-0.01104630919,-0.009377945907,-0.0001936974999,0.001758043523
313500000,-0.01329488235,-0.00310559999,0.0006101152761,0.001656755496
313600000,-0.01250412159,0.003505770443,0.001283045526,0.001208204163
313700000,-0.008844955307,0.009062944414,0.001684364168,0.0005077440712
313800000,-0.003092319217,0.01239684154,0.001730834175,-0.0002967542015
313900000,0.003539047439,0.01280841279,0.001413970526,-0.001036117872
314000000,0.009651110551,0.0102151027,0.0008015539791,-0.001555444132
314100000,0.01395717829,0.005167292681,2.313719443e-05,-0.001746551328
314200000,0.01555264044,-0.001268472661,-0.000757358581,-0.001570511272
314300000,0.01410493655,-0.007734716442,-0.001376160399,-0.001065570296
314400000,0.009922904777,-0.01286923796,-0.0017040063,-0.0003388491283
314500000,0.003891012082,-0.01559204078,-0.001673144297,0.0004563790112
314600000,-0.002717621897,-0.01533256308,-0.001291328937,0.001153013121
314700000,-0.008509951634,-0.01214933963,-0.0006399249923,0.001605235243
314800000,-0.01226675445,-0.006716906545,0.0001434271403,0.001719030442
314900000,-0.01319938044,-0.0001828183593,0.0008938921185,0.001471728538
315000000,-0.01111534886,0.006074882232,0.001454122754,0.0009165064508
315100000,-0.006457994824,0.01073839536,0.001707248274,0.0001709600738
315200000,-0.000212060594,0.01282768492,0.001601252116,-0.0006077996424
315300000,0.00630457298,0.0119063458,0.001159654953,-0.001256252959
315400000,0.01171891185,0.008172648099,0.0004763102353,-0.001638804299
315500000,0.01489200405,0.002416856098,-0.0003045391031,-0.001676133684
315600000,0.01515841548,-0.004145961174,-0.001018705674,-0.00136163923
315700000,0.01246575351,-0.01013230712,-0.00151657893,-0.0007625631369
315800000,0.007384992528,-0.01428182011,-0.001694464846,-5.619532404e-06
315900000,0.0009895077186,-0.01572263845,-0.001516179574,0.0007498049912
316000000,-0.005371646523,-0.01415467842,-0.001020400977,0.001345210726
316100000,-0.01035836472,-0.009912215291,-0.0003122862996,0.001656238481
316200000,-0.01292193114,-0.003892636551,0.0004588291495,0.001618641241
316300000,-0.01252565603,0.002633463734,0.001130923364,0.001241550369
316400000,-0.009257222823,0.008290598968,0.001563328716,0.0006052980946
316500000,-0.003809240843,0.0118883618,0.001666171075,-0.0001556917669
316600000,0.002667614505,0.01267187853,0.001419046383,-0.0008813017466
316700000,0.008807651607,0.01048008876,0.0008750542841,-0.001419408542
316800000,0.01331804361,0.005778752506,0.00014939466,-0.001657773415
316900000,0.01525091484,-0.0004385034769,-0.0006050252236,-0.001547450261
317000000,0.0142024613,-0.00686008197,-0.001229808486,-0.001112830032
317100000,0.01039732827,-0.01213299042,-0.001594323427,-0.0004462616107
317200000,0.004640586681,-0.0151478602,-0.001623014055,0.0003115672513
317300000,-0.001852513265,-0.0152723974,-0.001311057164,0.001001321657
317400000,-0.007713084517,-0.01248408817,-0.0007251222863,0.001478518066
317500000,-0.01170728894,-0.007374217239,1.087183831e-05,0.001643787278
317600000,-0.01299621599,-0.001022449253,0.0007419622175,0.00146356357
317700000,-0.01131213049,0.005231403811,0.001314766959,0.0009768930606
317800000,-0.007014027168,0.01007010062,0.001609662621,0.0002869822142
317900000,-0.001011012862,0.01247643983,0.00156576362,-0.0004606858198
318000000,0.005430045388,0.01194702363,0.001193488113,-0.001109027497
318100000,0.01095184709,0.008597458959,0.0005721179727,-0.001522359889
318200000,0.01439256542,0.003137101108,-0.0001670817063,-0.001614793777
318300000,0.01503018966,-0.003281108186,-0.0008685902001,-0.001368077738
318400000,0.01273399675,-0.009303959929,-0.001385349342,-0.0008351867307
318500000,0.007991392946,-0.01366319128,-0.001609589503,-0.0001289529786
318600000,0.00180455931,-0.01544254602,-0.001495302126,0.0006018220332
318700000,-0.004521271765,-0.0142704398,-0.00106767333,0.001203717625
318800000,-0.009653227246,-0.01039764358,-0.0004175456564,0.001550901511
318900000,-0.01251174728,-0.004643663612,0.0003178766508,0.001571433984
319000000,-0.01249777628,0.00177674336,0.0009839813685,0.001262170503
319100000,-0.009618309892,0.007510141629,0.001441251455,0.0006891764246
319200000,-0.004483988185,0.01134979663,0.001594485117,-2.638155704e-05
319300000,0.001820490714,0.01248963775,0.001412613448,-0.0007338552093
319400000,0.007965553788,0.01069338174,0.000934990936,-0.001284829197
319500000,0.01265707979,0.006343415841,0.0002628871544,-0.001564254036
319600000,0.01490881305,0.0003594047244,-0.0004619824396,-0.00151446724
319700000,0.01424960873,-0.005996048962,-0.001087335689,-0.001147087809
319800000,0.01082201855,-0.01138368954,-0.001482313633,-0.0005403315386
319900000,0.005351571842,-0.01466976438,-0.001564861385,0.0001776376411
320000000,-0.001006710087,-0.01516464349,-0.00131877129,0.0008557772676
320100000,-0.006912173524,-0.01276764056,-0.0007968491396,0.001351939976
320200000,-0.01112129376,-0.007987538625,-0.0001095885193,0.001562667571
320300000,-0.01274964061,-0.001834579201,0.0005982187139,0.001444761122
320400000,-0.01145777635,0.004393145657,0.001177985209,0.001024130472
320500000,-0.007521970701,0.009383658312,0.001508518648,0.0003901116503
320600000,-0.001775037227,0.01208751849,0.001521353099,-0.000323503744
320700000,0.004569958264,0.01193844482,0.001214926955,-0.0009666993799
320800000,0.01017573466,0.008971809879,0.00065467235,-0.00140476882
320900000,0.01386254175,0.003816300585,-4.095256934e-05,-0.001546525486
321000000,0.01485632724,-0.002439263752,-0.0007255076839,-0.001363280707
321100000,0.01295120249,-0.008475770885,-0.001255397024,-0.0008946407169
321200000,0.008552134832,-0.01302187716,-0.001519988356,-0.0002399531697
321300000,0.002588967289,-0.01512174748,-0.001464708972,0.0004627509862
321400000,-0.003680065082,-0.01433609213,-0.001102296689,0.001065857295
321500000,-0.008933857457,-0.01083415168,-0.0005098874912,0.001443174801
321600000,-0.01206694314,-0.005357288055,0.00018739865,0.001516337521
321700000,-0.01242219612,0.0009380213634,0.0008428816528,0.001271077137
321800000,-0.009928671878,0.006724493745,0.001319174925,0.0007599886071
321900000,-0.00511566421,0.0107839605,0.001516979125,9.125648476e-05
322000000,0.0009997343086,0.01226380532,0.001395781841,-0.0005942425886
322100000,0.007127601045,0.0108559525,0.0009821487292,-0.001152615419
322200000,0.01197720873,0.006860906607,0.0003639106277,-0.001467155085
322300000,0.01452877875,0.001123609842,-0.0003284834714,-0.001472731945
322400000,0.01424782933,-0.005145178016,-0.0009494893285,-0.001169275712
322500000,0.01119712759,-0.01062427352,-0.001369059713,-0.0006215586027
322600000,0.006022789613,-0.01416044895,-0.00149987613,5.462618924e-05
322700000,-0.0001824710614,-0.01501118568,-0.001315518138,0.0007169421808
322800000,-0.006110080995,-0.01300067268,-0.0008557901926,0.001226469546
322900000,-0.0105116308,-0.00855619644,-0.0002181340212,0.001476841525
323000000,-0.01246191233,-0.002617327228,0.000463022049,0.001416446738
323100000,-0.01155346554,0.003562797584,0.001044600894,0.001059063541
323200000,-0.007981678747,0.00868199923,0.001404928248,0.0004807362635
323300000,-0.002502694265,0.01166347492,0.001469186578,-0.0001964022618
323400000,0.003726738436,0.01188224921,0.001224946757,-0.0008299210178
323500000,0.009393475894,0.009296082413,0.0007245539217,-0.00128704835
323600000,0.01330469676,0.004453499085,7.391372918e-05,-0.001472496138
323700000,0.01463887165,-0.001622517378,-0.0005899197157,-0.001348320031
323800000,0.01311826346,-0.007650521859,-0.001127611821,-0.0009416769641
323900000,0.009066772516,-0.01236076458,-0.001426791231,-0.0003388953208
324000000,0.003341042287,-0.01476262543,-0.00142553197,0.0003328493304
324100000,-0.002850602493,-0.01435301124,-0.001125167417,0.0009323639656
324200000,-0.008203174094,-0.01122181903,-0.0005897854154,0.001334113541
324300000,-0.01159016443,-0.006032277239,6.744215332e-05,0.001454505421
324400000,-0.01230073088,0.0001195812547,0.0007081801066,0.001269279789
324500000,-0.01018891229,0.005936507146,0.001198045418,0.0008183887831
324600000,-0.005703535351,0.01019367192,0.001434789814,0.000197385128
324700000,0.0002072592254,0.0119965728,0.001369639481,-0.000462824879
324800000,0.006296482566,0.01096890493,0.001017338661,-0.001023574329
324900000,0.01128132705,0.007331010006,0.0004528299648,-0.001367558837
325000000,0.01411330504,0.001852625316,-0.0002046845148,-0.001423373704
325100000,0.01419868732,-0.004309912698,-0.0008169120312,-0.001180332964
325200000,0.0115229614,-0.009857626743,-0.001255554127,-0.0006904955101
325300000,0.006653223895,-0.0136226302,-0.001429191059,-5.751869866e-05
325400000,0.0006180806332,-0.01481399909,-0.001302332573,0.000585274942
325500000,-0.005309588681,-0.01318400219,-0.0009026655931,0.001102977406
325600000,-0.009881153216,-0.009079679183,-0.0003150201071,0.001387407673
325700000,-0.01213535416,-0.003368961737,0.0003366334261,0.001379715513
325800000,-0.01160050196,0.002742944914,0.0009153351937,0.001082554129
325900000,-0.008393162843,0.007968016522,0.001299919582,0.0005593046636
326000000,-0.003192702771,0.01120690017,0.001410382347,-7.94386727e-05
326100000,0.002902687843,0.01178018043,0.001224520937,-0.0006992417794
326200000,0.008607906891,0.009570806729,0.0007823874884,-0.001170122866
326300000,0.01272180217,0.005047903237,0.0001776635091,-0.001393809812
326400000,0.01437994596,-0.0008328172062,-0.0004621874433,-0.001324247145
326500000,0.01323620674,-0.006830903848,-0.00100278474,-0.0009770738126
326600000,0.009535021152,-0.01168271917,-0.001331051463,-0.0004261223241
326700000,0.004059248264,-0.01436761532,-0.001378864796,0.0002122800131
326800000,-0.002035346533,-0.01432268879,-0.001137189884,0.0008038704145
326900000,-0.00746404619,-0.01156087937,-0.0006577653913,0.001224685865
327000000,-0.01108408137,-0.006667558651,-4.203137994e-05,0.00138703681
327100000,-0.01213528929,-0.0006764256348,0.0005803319486,0.001257777456
327200000,-0.01039977721,0.005148957268,0.001078714614,0.000865066544
327300000,-0.006247029587,0.009581744819,0.001348985178,0.0002922409593
327400000,-0.0005551670427,0.0116901998,0.001335245783,-0.0003398665196
327500000,0.005474787041,0.01103346921,0.001041389284,-0.000898414103
327600000,0.0105722979,0.00775366907,0.0005300698123,-0.001266467001
327700000,0.01366492568,0.002545120683,-9.065248965e-05,-0.0013674765
327800000,0.01410385304,-0.003492575112,-0.0006901464765,-0.001181198054
327900000,0.01179997518,-0.009086572337,-0.001142699724,-0.0007477388396
328000000,0.007242019406,-0.01305903635,-0.001353878442,-0.0001589277268
328100000,0.001392960322,-0.01457514141,-0.001280230659,0.0004611364779
328200000,-0.004513391353,-0.01331858244,-0.0009382221852,0.0009822386071
328300000,-0.009232697054,-0.009557635531,-0.0004005686426,0.001295391065
328400000,-0.01177234534,-0.004087901962,0.000219221976,0.001335626492
328500000,-0.01160030716,0.001936063288,0.0007908109809,0.001095472919
328600000,-0.008756588688,0.007244557879,0.001194436932,0.0006263171321
328700000,-0.003843939642,0.01072041354,0.001346006783,2.741325098e-05
328800000,0.00209997972,0.01163407801,0.001214613756,-0.0005751132938
328900000,0.007821791494,0.00979665623,0.000828833211,-0.001054825366
329000000,0.01211662914,0.00559888003,0.00027051539,-0.001311504704
329100000,0.01408174433,-7.196768896e-05,-0.0003425780812,-0.001292086843
329200000,0.0133061873,-0.006019511118,-0.0008816110119,-0.001001627652
329300000,0.009956753484,-0.01099057715,-0.00123374487,-0.0005020358637
329400000,0.004742203271,-0.01393919678,-0.001325758077,0.0001011189326
329500000,-0.00123664166,-0.01424672479,-0.001139268783,0.0006809124814
329600000,-0.006719285606,-0.01185171606,-0.0007143968567,0.001115773458
329700000,-0.01055137992,-0.007262219086,-0.0001411378381,0.001314972959
329800000,-0.01192786538,-0.001447983337,0.0004596975319,0.001237551917
329900000,-0.01056214938,0.004364536657,0.0009619417795,0.0009007383617
330000000,-0.006745734085,0.008950980096,0.001260562637,0.0003761257465
330100000,-0.001285925111,0.01134700542,0.001293626158,-0.0002255422846
330200000,0.004664997325,0.01105099485,0.001055138719,-0.0007777476718
330300000,0.009852943145,0.008128980831,0.0005961057974,-0.001164800471
330400000,0.01318620628,0.003199921657,1.362722668e-05,-0.001306074838
330500000,0.0139650951,-0.002695361919,-0.0005696404612,-0.001172801603
330600000,0.01202876813,-0.008313865168,-0.001031311095,-0.0007939204095
330700000,0.007788480176,-0.0124723989,-0.001274947403,-0.0002498023984
330800000,0.002140324351,-0.01429674442,-0.001250203599,0.000344796342
330900000,-0.003724090804,-0.01340549607,-0.0009632253096,0.0008649355068
331000000,-0.008569073004,-0.009989871317,-0.0004751593125,0.001201742188
331100000,-0.0113753127,-0.004772718954,0.000110871963,0.001285197875
331200000,-0.01155441305,0.001144513906,0.0006715571225,0.001098691911
331300000,-0.009072271724,0.006514418005,0.00108934119,0.0006823170091
331400000,-0.004455439288,0.01020665387,0.001277070959,0.0001242553483
331500000,0.001320655227,0.01144586932,0.001196173757,-0.0004578950104
331600000,0.007037814719,0.009974441861,0.0008645782762,-0.0009418995038
331700000,0.01149193977,0.00610595467,0.0003527519354,-0.001226551239
331800000,0.01374652358,0.0006583722611,-0.0002312715334,-0.001252831871
331900000,0.01332948115,-0.005218835736,-0.0007646935982,-0.001016145139
332000000,0.01033199621,-0.01028713743,-0.001135769423,-0.0005670879016
332100000,0.005388679737,-0.01347988486,-0.001267215301,-6.376062103e-07
332200000,-0.0004567100967,-0.01412681989,-0.00113230216,0.0005639339065
332300000,-0.005971639896,-0.01209485708,-0.0007602843391,0.001008172776
332400000,-0.009994753176,-0.007815503385,-0.0002300624253,0.001239294638
332500000,-0.01168053013,-0.002193213962,0.0003465483372,0.001209561781
332600000,-0.01067704206,0.003585848841,0.0008483964736,0.0009261396061
332700000,-0.007199392419,0.008304157399,0.001170447895,0.0004493981033
332800000,-0.001983544893,0.01096935962,0.00124576728,-0.00011994422
332900000,0.00386948554,0.01102294355,0.001059427342,-0.0006620968098
333000000,0.009126035777,0.008457192109,0.0006514561692,-0.001063399717
333100000,0.01267973568,0.00381600975,0.0001082431589,-0.001240150369
333200000,0.01378427255,-0.001920340804,-0.0004557522216,-0.001156059939
333300000,0.01221007793,-0.007542185131,-0.0009221164591,-0.0008296991734
333400000,0.008292067612,-0.01186544417,-0.001193342005,-0.0003304069327
333500000,0.002858472135,-0.01398100563,-0.001213212415,0.0002364390805
333600000,-0.002944190249,-0.01344594843,-0.0009784512204,0.0007516610812
333700000,-0.007893058442,-0.01037634612,-0.0005392213684,0.00110733655
333800000,-0.01094672195,-0.005422136085,1.158997155e-05,0.001229402965
333900000,-0.01146445435,0.0003705392025,0.0005580130956,0.00109307761
334000000,-0.009340672367,0.005780331398,0.0009854109515,0.0007278825472
334100000,-0.005026392592,0.00966827095,0.001204527985,0.0002112573087
334200000,0.0005666205537,0.0112175614,0.001170127933,-0.0003478599478
334300000,0.006258576523,0.01010510613,0.0008903291269,-0.0008320021275
334400000,0.01085047891,0.006568808012,0.0004247115822,-0.001139850882
334500000,0.01337659461,0.001356690655,-0.0001283670707,-0.00120743826
334600000,0.01330747833,-0.004431262533,-0.000652547077,-0.001021436061
334700000,0.01066092597,-0.009575153986,-0.001037945537,-0.0006217725685
334800000,0.005997604294,-0.01299222139,-0.001204189459,-9.306551791e-05
334900000,0.0003023518635,-0.01396476765,-0.001117175128,0.0004532914234
335000000,-0.005223785509,-0.01229096977,-0.0007960595758,0.0009025967893
335100000,-0.009416892923,-0.008326812715,-0.0003090518427,0.001160920165
335200000,-0.01139542321,-0.002910379951,0.0002410730899,0.001174737271
335300000,-0.01074559256,0.002815402604,0.0007386616844,0.0009420171557
335400000,-0.007607901382,0.007644027121,0.001079494451,0.000512465491
335500000,-0.002646706326,0.01055967469,0.001192613088,-2.308857085e-05
335600000,0.003090508594,0.01095088187,0.001055091121,-0.0005518965416
335700000,0.008394292607,0.008738694944,0.0006966738878,-0.0009630257525
335800000,0.01214811738,0.004392521436,0.0001933502351,-0.001170629233
335900000,0.01356332676,-0.001169447411,-0.0003487559471,-0.00113186939
336000000,0.01234477495,-0.006774130813,-0.0008157600485,-0.0008557536576
336100000,0.008752398136,-0.01124088506,-0.001109940008,-0.0004010604498
336200000,0.003545847732,-0.01363017981,-0.001170183361,0.0001361706586
336300000,-0.002176089144,-0.01344126072,-0.000984680119,0.0006429226219
336400000,-0.007207389735,-0.01071716947,-0.0005932257605,0.001012974879
336500000,-0.01048906916,-0.006035029096,-7.868797724e-05,0.001169166843
336600000,-0.01133216099,-0.0003837410278,0.0004505338607,0.001079484877
336700000,-0.009562390897,0.005044965467,0.0008833441284,0.0007636192519
336800000,-0.005556145419,0.009107917102,0.001129271043,0.0002886491099
336900000,-0.0001603555233,0.01095123283,0.001137376602,-0.0002452005713
337000000,0.005486585958,0.01018971685,0.0009068042625,-0.000725706244
337100000,0.01019496609,0.006987273581,0.0004867808878,-0.001052235575
337200000,0.01297431394,0.002021623343,-3.389000712e-05,-0.001156821381
337300000,0.01324167575,-0.003659064485,-0.0005456018466,-0.001018306826
337400000,0.01094386496,-0.008857328465,-0.0009410169272,-0.0006666184805
337500000,0.006568057146,-0.01247876649,-0.001137580393,-0.000176305692
337600000,0.00103857711,-0.01376244657,-0.001094754266,0.000349260046
337700000,-0.004478321348,-0.01244085514,-0.0008223741553,0.0007996772154
337800000,-0.008820481353,-0.008795702433,-0.0003784067223,0.001080704118
337900000,-0.0110747446,-0.003597885855,0.0001433839439,0.001133975698
338000000,-0.0107690556,0.002055606656,0.0006332373391,0.0009491226031
338100000,-0.007971307409,0.006973302661,0.0009884837102,0.0005657765849
338200000,-0.003274239625,0.01012039668,0.001135061477,6.507735241e-05
338300000,0.002330204151,0.0108364737,0.001042955607,-0.0004474998023
338400000,0.007660367326,0.008974021687,0.000732339178,-0.0008643616242
338500000,0.01159396114,0.00492874687,0.0002691624735,-0.001098380069
338600000,0.01330427338,-0.0004444827245,-0.000248847426,-0.001101101241
338700000,0.01243385616,-0.006012213547,-0.0007128049055,-0.000872774948
338800000,0.009169240401,-0.010601413,-0.00102555224,-0.0004621294585
338900000,0.004201040958,-0.01324657056,-0.001122004014,4.402489357e-05
339000000,-0.00142207841,-0.01339286293,-0.0009826898013,0.0005391457424
339100000,-0.00651475482,-0.01101259667,-0.0006376776775,0.0009193838669
339200000,-0.01000487223,-0.006610425683,-0.0001600894282,0.001105363709
339300000,-0.01115935029,-0.001116333061,0.0003493949302,0.001058751444
339400000,-0.009738162046,0.004310913993,0.0007837600319,0.0007901527204
339500000,-0.006044196702,0.008528238894,0.00105213205,0.000356713694
339600000,-0.0008586436151,0.01064902541,0.001098788953,-0.0001500347423
339700000,0.004724255719,0.01022946067,0.0009147276123,-0.000623504351
339800000,0.009528087808,0.007361334197,0.0005393871267,-0.0009644677616
339900000,0.01254207521,0.002651954469,5.220167659e-05,-0.001101852659
340000000,0.01313366981,-0.002904398527,-0.000444208582,-0.001007554585
340100000,0.01118127622,-0.008136303195,-0.0008456519676,-0.0007021815021
340200000,0.007099270985,-0.01194209013,-0.001068232786,-0.0002505569216
340300000,0.001750130505,-0.01352181214,-0.001065882679,0.000252038491
340400000,-0.003737762694,-0.01254544202,-0.0008398926852,0.000699967158
340500000,-0.008208183001,-0.009221879516,-0.0004384743487,0.0009994366538
340600000,-0.01072074624,-0.004254279655,5.35226798e-05,0.00108813761
340700000,-0.01074879644,0.001308764717,0.0005325441229,0.0009482060508
340800000,-0.008289802621,0.006294652956,0.0008981256258,0.0006098140318
340900000,-0.00386512509,0.009653997007,0.001073961655,0.0001446684155
341000000,0.00159058703,0.01068147264,0.001023830558,-0.0003491822956
341100000,0.006926843877,0.009163839783,0.0007590525629,-0.0007680143514
341200000,0.01101987469,0.005424128173,0.0003359458936,-0.001024212645
341300000,0.01300919416,0.0002528890823,-0.0001561497692,-0.001064597355
341400000,0.01247843879,-0.005258851834,-0.0006137360444,-0.0008814602277
341500000,0.00954251212,-0.009949690118,-0.0009409225446,-0.0005140206757
341600000,0.004822788032,-0.01283252187,-0.001069520027,-4.003015592e-05
341700000,-0.0006843361009,-0.01330228659,-0.0009732499092,0.0004406786391
341800000,-0.005817786096,-0.01126302425,-0.0006731095136,0.0008272174206
341900000,-0.009496662499,-0.007147504638,-0.0002327986549,0.001038814866
342000000,-0.01094791913,-0.001825372221,0.0002547975747,0.001031693062
342100000,-0.009868849289,0.003580690942,0.0006872018617,0.0008081219887
342200000,-0.0064901961,0.007931869078,0.0009738809241,0.0004157799147
342300000,-0.001526755237,0.01031313593,0.001055199243,-6.241168881e-05
342400000,0.003973897101,0.01022563632,0.0009148224782,-0.0005258120752
342500000,0.008852489948,0.007691118228,0.0005829912589,-0.0008772409381
342600000,0.01208230081,0.003246616468,0.0001300108057,-0.001043356938
342700000,0.01298514887,-0.002169301808,-0.0003486428893,-0.0009899619722
342800000,0.01137375861,-0.007414654458,-0.0007524455076,-0.0007290379692
342900000,0.007590629487,-0.01138476393,-0.0009969347602,-0.0003160690426
343000000,0.00243531122,-0.01324488876,-0.001031375685,0.0001617546823
343100000,-0.003004535521,-0.01260578088,-0.0008492864919,0.0006039441055
343200000,-0.007582636899,-0.009605199605,-0.0004896416942,0.0009178433739
343300000,-0.0103357237,-0.004878253624,-2.853313302e-05,0.001038043569
343400000,-0.01068628378,0.0005770710242,0.0004369275506,0.0009400104916
343500000,-0.008563720518,0.005610695302,0.0008090598372,0.0006450876155
343600000,-0.00441849246,0.009162964083,0.001010112107,0.0002158550508
343700000,0.0008735460633,0.01048771426,0.0009985051756,-0.000257147492
343800000,0.006196230179,0.009308946242,0.0007774283846,-0.0006745172726
343900000,0.01042845569,0.005878257295,0.000394011684,-0.0009488770697
344000000,0.01268022879,0.0009211423416,-7.071915957e-05,-0.001023166428
344100000,0.01247975378,-0.004516366177,-0.0005189639163,-0.0008825068642
344200000,0.009872276506,-0.009288341707,-0.0008567282423,-0.0005571742007
344300000,0.005409971778,-0.01239040982,-0.001013532504,-0.0001160858871
344400000,3.507651022e-05,-0.01317115746,-0.0009571167742,0.0003477965494
344500000,-0.005119053627,-0.01146898518,-0.0007000742761,0.0007370583435
344600000,-0.008966976552,-0.007645594549,-0.0002970500206,0.0009702872828
344700000,-0.01069983595,-0.002509125404,0.0001668741167,0.0009990992634
344800000,-0.009955438864,0.002856724664,0.0005941395474,0.0008181733888
344900000,-0.00689394125,0.007321418721,0.0008952253806,0.0004662157851
345000000,-0.002163343866,0.009945807905,0.001007403614,1.768205181e-05
345100000,0.003237715362,0.01017964775,0.0009078060413,-0.0004329720621
345200000,0.008170770609,0.007976895477,0.00061808129,-0.0007911806822
345300000,0.01159743359,0.003804689617,0.0001996946225,-0.0009821104421
345400000,0.01279788565,-0.001455688383,-0.0002591101038,-0.0009662924262
345500000,0.01152204141,-0.006694886126,-0.0006619210747,-0.0007477783806
345600000,0.008041665361,-0.01080935299,-0.0009244170368,-0.0003731363154
345700000,0.003092554613,-0.01293376164,-0.0009920171203,7.847128831e-05
345800000,-0.002280971186,-0.01262303741,-0.0008512278494,0.0005120132285
345900000,-0.006946448978,-0.009945663651,-0.000532328795,0.0008365857038
346000000,-0.009922007874,-0.005468644723,-0.0001028640511,0.0009844715418
346100000,-0.01058308253,-0.0001373937347,0.0003466622366,0.0009252667607
346200000,-0.008793531335,0.004923988493,0.0007218572333,0.000672127846
346300000,-0.004933619827,0.008649795107,0.0009442591369,0.0002788568328
346400000,0.0001808413922,0.01025710825,0.0009677439449,-0.0001715317181
346500000,0.005470952221,0.009410261855,0.0007880888167,-0.0005843327361
346600000,0.009822283814,0.006290873473,0.0004437096552,-0.0008730635245
346700000,0.0123195667,0.001558891133,7.449416712e-06,-0.0009775808276
346800000,0.01243913901,-0.003786974319,-0.000428828124,-0.0008766070406
346900000,0.01015873835,-0.008619948939,-0.0007735810565,-0.0005920570641
347000000,0.005961621365,-0.01192263429,-0.0009547959461,-0.0001842869781
347100000,0.000734218396,-0.01300118796,-0.0009350288386,0.0002607063564
347200000,-0.004421058684,-0.01163114364,-0.0007191394441,0.0006494204093
347300000,-0.008418348092,-0.008104172073,-0.000353121568,0.0009004927148
347400000,-0.0104171328,-0.003165993149,8.569326185e-05,0.000961729715
347500000,-0.00999903356,0.002141352462,0.0005049728865,0.0008209549169
347600000,-0.007255374636,0.006699469579,0.0008168112298,0.0005084220484
347700000,-0.002767205546,0.009549323367,0.0009561574865,9.031675856e-05
347800000,0.002517805514,0.01009299703,0.0008943844212,-0.0003452580642
347900000,0.007485473147,0.008219072732,0.0006451660358,-0.0007068461025
348000000,0.01108992864,0.004325401151,0.0002614585709,-0.0009188392882
348100000,0.0125737295,-0.0007653463529,-0.0001757501816,-0.0009372861047
348200000,0.01162697875,-0.005979423657,-0.0005745334221,-0.0007590015623
348300000,0.008452058011,-0.01021840809,-0.0008513526129,-0.0004220910784
348400000,0.003720433657,-0.01259056868,-0.0009485562193,2.191247014e-06
348500000,-0.001569301538,-0.01259848594,-0.0008463847326,0.0004245109269
348600000,-0.006302184725,-0.01024341419,-0.0005669824845,0.0007562617213
348700000,-0.009481956753,-0.006024434563,-0.0001696027895,0.0009281548442
348800000,-0.01044084648,-0.00083266606,0.0002619563119,0.0009046890457
348900000,-0.008979837075,0.004237026268,0.0006370218979,0.0006914799802
349000000,-0.005409932126,0.008116988004,0.0008770959448,0.0003339362706
349100000,-0.0004858977813,0.009991630565,0.000932283039,-9.240928947e-05
349200000,0.004753348522,0.009468825134,0.0007916583695,-0.000497855084
349300000,0.009203913157,0.006661860292,0.0004854220012,-0.0007974024838
349400000,0.01192943892,0.002164890071,7.841650087e-05,-0.0009285740141
349500000,0.01235803236,-0.003072786894,-0.0003436013346,-0.0008644429203
349600000,0.01040223974,-0.007947041863,-0.0006920284543,-0.0006191571663
349700000,0.006476911615,-0.01143161079,-0.0008940167557,-0.0002448253753
349800000,0.001411271806,-0.01279416958,-0.0009077026342,0.0001795512898
349900000,-0.003726227636,-0.0117502896,-0.0007308812816,0.0005647507711
350000000,-0.007853300058,-0.008522859799,-0.0004013288671,0.0008300873184
350100000,-0.0101018973,-0.003794511257,1.126542488e-05,0.0009203111391
350200000,-0.01000084626,0.001436815561,0.0004200349287,0.0008171111073
350300000,-0.007574580075,0.006068566718,0.0007392231149,0.0005428260916
350400000,-0.003337279045,0.009125994686,0.0009021735145,0.0001556137604
350500000,0.001816148538,0.009967277093,0.0008752482749,-0.0002628791782
350600000,0.00679907957,0.008418188992,0.0006647693041,-0.0006247316631
350700000,0.01056224527,0.004808123941,0.0003155502854,-0.0008542185272
350800000,0.01231459862,-9.993544823e-05,-9.864264067e-05,-0.0009036563428
350900000,0.01168954368,-0.005270608451,-0.0004906713652,-0.0007633093064
351000000,0.008821630783,-0.009614457952,-0.0007783569055,-0.000463297694
351100000,0.004317659912,-0.01221749242,-0.0009017050481,-6.713676226e-05
351200000,-0.0008716544209,-0.01253350261,-0.000835416087,0.0003417085738
351300000,-0.005652362132,-0.01049873128,-0.0005940704994,0.0006774073948
351400000,-0.009017947318,-0.006544748914,-0.0002289284055,0.0008697806237
351500000,-0.01026131075,-0.001506902838,0.0001829559426,0.0008789709374
351600000,-0.009123366256,0.003552231114,0.0005549933871,0.0007036984817
351700000,-0.005846999205,0.007567033526,0.0008092621893,0.0003813928446
351800000,-0.001125174998,0.009693315479,0.0008928272749,-1.979764356e-05
351900000,0.00404566499,0.009485786047,0.0007887588818,-0.0004154138812
352000000,0.00857586478,0.006991242374,0.0005195573882,-0.0007224653676
352100000,0.01151210995,0.00273803465,0.0001422925898,-0.0008768384884
352200000,0.01223796462,-0.002375803497,-0.0002634933437,-0.0008466823338
352300000,0.01060325549,-0.007272092726,-0.0006125553554,-0.0006389776134
352400000,0.006955161884,-0.01091976243,-0.0008318522356,-0.0002979344729
352500000,0.002064544852,-0.0125519652,-0.0008758292992,0.0001044156818
352600000,-0.003036906194,-0.01182733312,-0.0007358796078,0.0004834326563
352700000,-0.007274336922,-0.008901423702,-0.000442019142,0.0007596717306
352800000,-0.009756264629,-0.004393351963,-5.64519899e-05,0.0008755347643
352900000,-0.009962193322,0.0007452544778,0.0003395955584,0.0008072784052
353000000,-0.00785177885,0.005431211407,0.0006629856506,0.0005698762155
353100000,-0.003872645572,0.008678156494,0.0008461200449,0.0002137398109
353200000,0.001134608023,0.00980416444,0.0008510689188,-0.0001859841855
353300000,0.006114004254,0.00857491039,0.0006774244959,-0.0005452693333
353400000,0.01001683912,0.005252374765,0.0003622538116,-0.0007888716585
353500000,0.01202247219,0.0005390149447,-2.781150717e-05,-0.0008660866469
353600000,0.01171082206,-0.004570692591,-0.000410660861,-0.0007613014802
353700000,0.00915034784,-0.009000001837,-0.0007059883238,-0.0004971468093
353800000,0.004883084059,-0.01181675195,-0.0008521364583,-0.0001296129363
353900000,-0.0001900496042,-0.01242955844,-0.0008189676024,0.0002638164123
354000000,-0.004999444937,-0.01071202807,-0.0006140759685,0.0006004981801
354100000,-0.008532367509,-0.007028856788,-0.0002810606642,0.0008099888302
354200000,-0.01004628431,-0.002158384103,0.0001097499047,0.0008487820015
354300000,-0.009224968373,0.00287194841,0.0004761492877,0.0007093419196
354400000,-0.006244533493,0.007002407548,0.0007413440025,0.0004215573099
354500000,-0.001735627901,0.009364247666,0.0008500475879,4.633756517e-05
354600000,0.003350050156,0.009462399526,0.0007800049959,-0.0003372773413
354700000,0.007940619578,0.007279181696,0.0005465453855,-0.0006487655856
354800000,0.01106986978,0.003277361147,0.0001992326964,-0.000823024244
354900000,0.01208055225,-0.001697909182,-0.0001886552443,-0.0008239749723
355000000,0.01076238822,-0.00659750961,-0.0005355861606,-0.0006520314593
355100000,0.007395834513,-0.01038951205,-0.0007689100598,-0.0003438835127
355200000,0.002692473654,-0.01227650133,-0.0008400716086,3.532973255e-05
355300000,-0.00235535404,-0.01186329834,-0.0007347130212,0.0004057883014
355400000,-0.006683937221,-0.009239770223,-0.000475565698,0.0006897915625
355500000,-0.009382409517,-0.004961324662,-0.0001175493896,0.0008280542848
355600000,-0.009884487727,6.870480174e-05,0.000263865229,0.0007920810263
355700000,-0.008087325502,0.0047898543,0.0005885649149,0.0005900362732
355800000,-0.004372528063,0.008208157711,0.0007886200633,0.0002649016343
355900000,0.0004749272428,0.009605411642,0.0008224949551,-0.0001146659542
356000000,0.005432587997,0.00869002484,0.0006836696316,-0.0004688310167
356100000,0.009456154437,0.005657812169,0.0004018840806,-0.0007233705831
356200000,0.0116993826,0.001150107311,3.676976898e-05,-0.0008252281908
356300000,0.01169200626,-0.003881833969,-0.0003347682832,-0.0007535716008
356400000,0.00943831067,-0.008377502326,-0.0006347492231,-0.0005240499424
356500000,0.005415695983,-0.01139059492,-0.0008004825274,-0.0001853810879
356600000,0.000473604875,-0.01228821219,-0.0007976679767,0.0001909875588
356700000,-0.004345836175,-0.01088384612,-0.0006274922919,0.0005259509336
356800000,-0.00802760836,-0.007476169102,-0.0003262546118,0.0007493716429
356900000,-0.009797642231,-0.002785515359,4.237417657e-05,0.000814764848
357000000,-0.00928560811,0.002198440938,0.0004008080149,0.0007089683058
357100000,-0.006602387282,0.006425563576,0.0006738744108,0.0004547862843
357200000,-0.002316029146,0.009006554285,0.0008045789966,0.0001060774439
357300000,0.002668550831,0.009400018804,0.0007660001023,-0.0002636559056
357400000,0.007300611412,0.007525973577,0.0005668312487,-0.0005767599275
357500000,0.01060502589,0.003782046096,0.0002494310698,-0.000767737685
357600000,0.01188749003,-0.001040871392,-0.0001191836612,-0.0007969490688
357700000,0.01088036316,-0.0059256304,-0.0004614870548,-0.0006588368556
357800000,0.00779853288,-0.009843274478,-0.0007057481701,-0.0003829722249
357900000,0.003293624041,-0.01196976035,-0.0008010614952,-2.772574795e-05
358000000,-0.001683739823,-0.01185931735,-0.0007279545723,0.0003320820834
358100000,-0.006084546315,-0.009537942968,-0.0005023626608,0.0006209382683
358200000,-0.00898253833,-0.005497376194,-0.0001721599069,0.0007784842923
358300000,-0.009769232144,-0.000590906613,0.0001929988078,0.0007721272911
358400000,-0.008281703303,0.004146888919,0.00051637025,0.000603780682
358500000,-0.004836290046,0.007718353697,0.0007302505807,0.0003093406675
358600000,-0.0001612733288,0.009372839838,0.0007901493817,-4.896586221e-05
358700000,0.004757092437,0.008764436417,0.0006840427984,-0.000395731215
358800000,0.008882616591,0.006024233937,0.0004347816554,-0.0006582359556
358900000,0.01134740752,0.001732077096,9.517346501e-05,-0.0007816977895
359000000,0.01163438856,-0.003206091809,-0.0002632038514,-0.0007407028645
359100000,0.009685754246,-0.007749378412,-0.000565087199,-0.0005444344088
359200000,0.005914624439,-0.01094128965,-0.0007473334546,-0.0002346235366
359300000,0.001117515939,-0.01211110313,-0.0007721256528,0.0001233220758
359400000,-0.003693872065,-0.01101485035,-0.0006348184117,0.0004541260951
359500000,-0.007506056283,-0.007886236925,-0.0003647953786,0.0006884733143
359600000,-0.009517318116,-0.003386829467,-1.918348861e-05,0.0007775326773
359700000,-0.009306359327,0.00153388377,0.0003292318028,0.0007031308645
359800000,-0.006920549631,0.005838925484,0.0006073341221,0.0004814571377
359900000,-0.002865286884,0.008622397107,0.0007570190289,0.000159544945
360000000,0.00200310816,0.009300088586,0.0007473327436,-0.0001947059338
360100000,0.006658220531,0.00773204233,0.0005808710635,-0.000506850258
360200000,0.01011989544,0.004251405334,0.0002931161027,-0.0007115409765
360300000,0.01166054367,-0.0004063373081,-5.51250109e-05,-0.0007662085487
360400000,0.01095802272,-0.005258717107,-0.0003905685444,-0.0006599126078
360500000,0.008162999061,-0.009283449047,-0.0006428750626,-0.0004155257286
360600000,0.00386669282,-0.01163377276,-0.0007593980329,-8.481465769e-05
360700000,-0.001024136561,-0.01181662375,-0.0007161678771,0.0002625238037
360800000,-0.005478569421,-0.009796119059,-0.0005228200414,0.0005535503472
360900000,-0.008558881195,-0.006000590702,-0.000220454456,0.0007273991516
361000000,-0.009618011815,-0.001231765033,0.0001270994915,0.0007480064172
361100000,-0.008435519426,0.003504645453,0.0004467563311,0.0006115898145
361200000,-0.005263434091,0.007211098555,0.0006715424275,0.0003473280206
361300000,-0.0007724980769,0.009108331157,0.000754627164,1.112179265e-05
361400000,0.004089694833,0.008799159507,0.0006790780163,-0.000326229885
361500000,0.008298624782,0.006351574188,0.0004613077658,-0.0005939378945
361600000,0.01096866218,0.00228379336,0.0001475128328,-0.0007360763216
361700000,0.01153935451,-0.002545422594,-0.0001961251734,-0.0007232646199
361800000,0.009893042856,-0.007117998862,-0.0004973966807,-0.0005587385925
361900000,0.006379136284,-0.01047111731,-0.0006932368771,-0.0002775561748
362000000,0.001740008272,-0.01189994375,-0.0007429260106,6.0871074e-05
362100000,-0.003045816231,-0.01110582375,-0.0006365544758,0.0003853301021
362200000,-0.006970085543,-0.008258749336,-0.0003969932298,0.0006277903941
362300000,-0.00920729634,-0.003960988087,-7.497904178e-05,0.0007376672752
362400000,-0.009288398827,0.0008803595314,0.0002616298501,0.0006923742279
362500000,-0.007199142917,0.005244880505,0.0005421526405,0.0005019631921
362600000,-0.003382444806,0.008213964704,0.0007079265799,0.0002069000818
362700000,0.00135555409,0.009164138089,0.0007245734626,-0.0001305334685
362800000,0.006015767308,0.007897936616,0.0005891272524,-0.0004393854753
362900000,0.009616797633,0.004684892647,0.0003305454448,-0.000654951792
363000000,0.01140154231,0.000204168356,3.520245943e-06,-0.0007323306282
363100000,0.01099632073,-0.004598950548,-0.0003230881844,-0.0006557741357
363200000,0.008489111099,-0.008712412265,-0.000580750424,-0.0004418897081
363300000,0.0044105086,-0.01127060939,-0.000715645857,-0.0001360410093
363400000,-0.0003785174252,-0.01173654613,-0.0006999036585,0.000197272087
363500000,-0.004868364915,-0.01001460515,-0.0005373591327,0.0004880148395
363600000,-0.008113684228,-0.00647018906,-0.0002626369539,0.000675332286
363700000,-0.009432487366,-0.001852170808,6.622275615e-05,0.0007202857526
363800000,-0.008549499839,0.0028653849,0.0003800254624,0.0006139457662
363900000,-0.005653599864,0.006688737599,0.0006129804196,0.0003791596748
364000000,-0.001357377866,0.008813821122,0.0007164932425,6.564542884e-05
364100000,0.003432483218,0.008795312732,0.0006693015144,-0.0002605354497
364200000,0.007706545001,0.006639900107,0.00048183964,-0.0005308970128
364300000,0.01056529152,0.002804258999,0.0001939374705,-0.0006889075706
364400000,0.01140837607,-0.001901676402,-0.0001336408637,-0.0007018092712
364500000,0.01006066562,-0.006485675885,-0.0004320207834,-0.0005674075676
364600000,0.006808635297,-0.009982364259,-0.0006386975745,-0.0003144237317
364700000,0.002339526695,-0.01165651238,-0.0007106289919,3.640811748e-06
364800000,-0.002403854278,-0.01115766186,-0.0006331978905,0.0003198179934
364900000,-0.006422050926,-0.008593530891,-0.0004231788795,0.0005677722972
365000000,-0.008869604398,-0.004506782698,-0.0001251076993,0.0006957174318
365100000,-0.009232999948,0.0002398540679,0.0001981615805,0.0006772310467
365200000,-0.007438419039,0.004645772482,0.000478709669,0.0005167092407
365300000,-0.003866681763,0.007783464724,0.0006578211683,0.000248335301
365400000,0.0007276082568,0.008993773966,0.0006982720769,-7.119803768e-05
365500000,0.005375506297,0.008024324503,0.0005920644467,-0.0003746636937
365600000,0.009098046142,0.005082098003,0.0003620013429,-0.0005984434245
365700000,0.011112371,0.0007892451415,5.679339251e-05,-0.0006958638363
365800000,0.0109963166,-0.003948425395,-0.0002592534606,-0.0006469298296
365900000,0.008776879925,-0.008132510749,-0.0005197860837,-0.0004624258743
366000000,0.004924032197,-0.01088237372,-0.0006703339918,-0.0001815444526
366100000,0.0002512480566,-0.01162050133,-0.0006796967048,0.0001364378595
366200000,-0.004256237926,-0.01019383312,-0.0005464082433,0.0004246690778
366300000,-0.007649201892,-0.00690552789,-0.0002989397291,0.0006227758407
366400000,-0.009214387524,-0.002450541913,1.03803089e-05,0.0006895084292
366500000,-0.00862448393,0.002231293536,0.0003164300615,0.0006113285001
366600000,-0.006006561799,0.006153600029,0.0005550038592,0.0004051519301
366700000,-0.001914671231,0.008491291046,0.0006762809531,0.0001146918917
366800000,0.002787451944,0.008754112693,0.0006552284091,-0.000198807926
366900000,0.007108703244,0.006889408341,0.0004967661442,-0.0004694857325
367000000,0.01013946258,0.003292610551,0.0002346288411,-0.0006406974557
367100000,0.01124300466,-0.001276593652,-7.581420346e-05,-0.0006768695949
367200000,0.01018923172,-0.005854659112,-0.0003692533823,-0.0005708890709
367300000,0.007202660604,-0.009477314547,-0.0005841775267,-0.0003454952507
367400000,0.002914638112,-0.01138264571,-0.0006757671388,-4.84032396e-05
367500000,-0.001770088732,-0.01117136698,-0.0006252397563,0.0002577961667
367600000,-0.005864280637,-0.008890538728,-0.0004436990789,0.0005088221781
367700000,-0.008506305249,-0.005023135184,-0.0001696996117,0.0006521977585
367800000,-0.009141525987,-0.0003857475024,0.0001389399849,0.0006582190024
367900000,-0.007638755305,0.00404389541,0.000417336764,0.0005261073912
368000000,-0.004317310983,0.007333116281,0.0006071825623,0.0002840710327
368100000,0.0001208752958,0.008790673146,0.0006689553615,-1.671646352e-05
368200000,0.004739620625,0.008111988271,0.0005901457193,-0.0003129346131
368300000,0.008565941806,0.005442745407,0.0003877862203,-0.0005424452246
368400000,0.01079496319,0.001347618197,0.0001047733116,-0.0006573264378
368500000,0.01095916912,-0.003309145604,-0.0001992247888,-0.000633877796
368600000,0.009026445916,-0.007546054393,-0.0004603472419,-0.0004775077212
368700000,0.005406356611,-0.01047119421,-0.0006239550577,-0.0002214959357
368800000,0.0008633974004,-0.01146998762,-0.0006560632285,8.00878709e-05
368900000,-0.003644434246,-0.01033435549,-0.0005503987685,0.0003638026569
369000000,-0.007167689488,-0.007306098176,-0.0003296191349,0.0005701806923
369100000,-0.008965501793,-0.00302541606,-4.045598923e-05,0.000656191417
369200000,-0.008661418907,0.001604477756,0.0002561752967,0.0006042123601
369300000,-0.006322226387,0.005607991796,0.0004980073384,0.0004256371168
369400000,-0.002443265144,0.008142760463,0.000634490834,0.0001583822647
369500000,0.002156497611,0.00867686753,0.0006373597717,-0.0001411621351
369600000,0.006507379003,0.007100421055,0.0005064837331,-0.0004100298449
369700000,0.009693356896,0.003748117575,0.0002697959602,-0.0005919136225
369800000,0.01104486408,-0.0006718022708,-2.266681085e-05,-0.0006489564522
369900000,0.01027946536,-0.005227129904,-0.0003093413724,-0.0005696298233
370000000,0.007560884702,-0.008958242546,-0.0005300962945,-0.0003710597979
370100000,0.003464033029,-0.01108023141,-0.0006388440199,-9.533239229e-05
370200000,-0.001146534349,-0.01114804221,-0.0006131616793,0.0001994252536
370300000,-0.005299069432,-0.009149859313,-0.0004589124863,0.0004512980795
370400000,-0.008119489728,-0.005509097993,-0.0002089156638,0.0006075878727
370500000,-0.009015423488,-0.0009946643262,8.403501e-05,0.0006358382095
370600000,-0.007800650016,0.003441487271,0.0003583192045,0.0005305732347
370700000,-0.004733778866,0.006865142466,0.000556450743,0.0003143514347
370800000,-0.0004631574351,0.008556575607,0.0006371251209,3.293335284e-05
370900000,0.004110216735,0.008161818959,0.0005838291765,-0.0002544020416
371000000,0.008022765482,0.005766690379,0.0004082185086,-0.0004873433356
371100000,0.01045129325,0.001878139212,0.0001475724347,-0.0006172052317
371200000,0.0108861302,-0.002683020226,-0.0001431185981,-0.0006171029791
371300000,0.009238075132,-0.006955309816,-0.0004027539425,-0.0004875165808
371400000,0.005856706586,-0.01003921679,-0.000576964829,-0.0002560935262
371500000,0.001456278149,-0.01128657774,-0.0006294986097,2.824823049e-05
371600000,-0.003035134552,-0.0104368405,-0.0005497615993,0.000305659587
371700000,-0.006671395812,-0.00767152348,-0.0003549513817,0.0005179567726
371800000,-0.008687673089,-0.003575452393,-8.63502563e-05,0.0006208239567
371900000,-0.008661353967,0.0009869592659,0.0001994218432,0.0005930629485
372000000,-0.006600629123,0.005054188717,0.0004423418091,0.0004409595779
372100000,-0.002942175355,0.00777027959,0.0005915897916,0.0001968678034
372200000,0.001541415399,0.008564970351,0.0006161800724,-8.767096238e-05
372300000,0.005904799046,0.007273381694,0.0005113927136,-0.0003528102853
372400000,0.009229163024,0.00417018164,0.0002996712679,-0.000542985363
372500000,0.01081564342,-8.881526696e-05,2.581770756e-05,-0.0006185568792
372600000,0.01033220046,-0.004605196008,-0.0002524870791,-0.000564072197
372700000,0.007883111121,-0.008427405814,-0.0004768316873,-0.0003914224102
372800000,0.003986526653,-0.01075120064,-0.0006003330233,-0.0001372508253
372900000,-0.0005351138049,-0.01108888525,-0.0005974329476,0.0001448230806
373000000,-0.004728672007,-0.009371704856,-0.0004691858258,0.0003955143189
373100000,-0.007711269031,-0.00596385389,-0.0002429434247,0.0005623319263
373200000,-0.008856215414,-0.001585222948,3.347696533e-05,0.0006105689886
373300000,-0.007924717759,0.002840724181,0.0003018980443,0.0005305223388
373400000,-0.005115663396,0.006381763014,0.0005060261747,0.0003394403466
373500000,-0.001023121708,0.008293277112,0.0006032566278,7.780869633e-05
373600000,0.00348931948,0.008174810703,0.0005735648989,-0.0001992265357
373700000,0.007470771131,0.00605391707,0.0004236287383,-0.0004334816891
373800000,0.01008336894,0.002379786924,0.0001853328068,-0.0005759547003
373900000,0.01077853842,-0.002071859616,-9.101046707e-05,-0.0005970746474
374000000,0.009412155235,-0.006362494073,-0.0003472827541,-0.0004928379813
374100000,0.006274437772,-0.009588597396,-0.0005297821136,-0.0002855584076
374200000,0.002028350441,-0.01107191184,-0.0006004755044,-1.909207025e-05
374300000,-0.002430448963,-0.01050206704,-0.0005449238637,0.0002504405978
374400000,-0.00616255599,-0.008001557785,-0.0003752285999,0.0004664736747
374500000,-0.008382790375,-0.004099432754,-0.0001273988024,0.0005838663469
374600000,-0.008625434285,0.0003806706588,0.0001462887257,0.0005783343553
374700000,-0.006841931101,0.004494429821,0.000388315889,0.0004514719278
374800000,-0.003410546327,0.007375921868,0.0005480106004,0.0002303260125
374900000,0.0009438957948,0.00841989252,0.000592154985,-3.836863975e-05
375000000,0.005303131496,0.007408850445,0.0005118938226,-0.0002980650861
375100000,0.008749069244,0.004558334906,0.0003245067015,-0.0004943038359
375200000,0.01055708985,0.0004709712687,6.969015004e-05,-0.0005861325336
375300000,0.01034837513,-0.003990886557,-0.0001988507883,-0.000554651221
375400000,0.008169271709,-0.007887038152,-0.0004247206897,-0.0004069002935
375500000,0.004481059572,-0.01039752064,-0.0005606764894,-0.0001742917754
375600000,6.234622319e-05,-0.01099518211,-0.0005785080599,9.406768553e-05
375700000,-0.004155296666,-0.009556409404,-0.0004748903363,0.0003417430822
375800000,-0.007283767307,-0.006386715296,-0.0002719932663,0.0005168384463
375900000,-0.008665494225,-0.002155860036,-1.274007958e-05,0.0005828699959
376000000,-0.008011684438,0.002243714864,0.0002482723123,0.0005263670633
376100000,-0.005462672176,0.005885187149,0.0004562703526,0.0003596174643
376200000,-0.00155776986,0.008002621923,0.0005677974077,0.0001179983769
376300000,0.00287886759,0.008152054859,0.0005597922256,-0.0001475281296
376400000,0.00691217914,0.00630453504,0.0004343558971,-0.0003811632328
376500000,0.009693224021,0.002851667221,0.0002182222856,-0.0005339964828
376600000,0.01063781239,-0.001477372029,-4.293828442e-05,-0.0005742442306
376700000,0.009549191116,-0.005769768682,-0.0002941686303,-0.0004938583061
376800000,0.006659035481,-0.00912149465,-0.0004827889257,-0.0003101310671
376900000,0.002578189172,-0.01082769045,-0.0005694423009,-6.197767523e-05
377000000,-0.001832411946,-0.0105309192,-0.0005363059958,0.0001983055613
377100000,-0.005643384525,-0.008296082968,-0.0003907551422,0.0004160615118
377200000,-0.008052781307,-0.004596262543,-0.0001637264438,0.0005457490644
377300000,-0.008554894817,-0.0002125486373,9.68562187e-05,0.0005604667304
377400000,-0.007046415292,0.003930910965,0.0003361973696,0.0004575315912
377500000,-0.003847650754,0.00696177659,0.0005041517081,0.0002589568813
377600000,0.0003655217266,0.008243176858,0.0005657295369,6.745978958e-06
377700000,0.004704480231,0.007507499431,0.000508385114,-0.0002459914787
377800000,0.008255256396,0.004912238334,0.0003445699783,-0.0004462225574
377900000,0.01027100144,0.001006279755,0.0001090321809,-0.0005521184774
378000000,0.01032902597,-0.003386147429,-0.0001485533651,-0.0005417919176
378100000,0.008419423578,-0.007339342894,-0.0003740606139,-0.0004178192765
378200000,0.004946698016,-0.0100211874,-0.0005202851614,-0.0002066138563
378300000,0.0006441185912,-0.0108683006,-0.0005568245941,4.720036067e-05
378400000,-0.003581099263,-0.009704424635,-0.0004763985118,0.0002902161926
378500000,-0.006839114366,-0.00677712323,-0.0002962946629,0.000471480463
378600000,-0.008444914895,-0.002705124691,-5.465493303e-05,0.0005531766886
378700000,-0.008062382069,0.001652495461,0.0001976013331,0.0005185136916
378800000,-0.005774640076,0.005377606609,0.0004075065966,0.0003751747437
378900000,-0.002065975816,0.007686495529,0.0005311663464,0.0001536191635
379000000,0.00228070951,0.008094733957,0.0005429373673,-9.938912307e-05
379100000,0.0063491699,0.006518775706,0.0004407440563,-0.0003306513581
379200000,0.009282910948,0.003293012829,0.0002464308923,-0.0004917191475
379300000,0.01046544412,-0.0009011606261,1.094592592e-06,-0.0005490434899
379400000,0.009649800245,-0.005179233944,-0.0002436069156,-0.0004909617527
379500000,0.007010113066,-0.008640062739,-0.0004363309233,-0.0003300676851
379600000,0.003104485737,-0.01055566732,-0.000536821902,-0.0001004834435
379700000,-0.001242977568,-0.01052438075,-0.0005243191244,0.0001493760051
379800000,-0.005116068546,-0.008555105925,-0.0004018441316,0.0003670119984
379900000,-0.007699604922,-0.005064971151,-0.000195482938,0.0005068721915
380000000,-0.008451053968,-0.0007909560206,5.116877655e-05,0.0005398841837
380100000,-0.007214482511,0.003365778728,0.0002862148991,0.0004594976225
380200000,-0.004252888689,0.006529941642,0.0004603773219,0.0002829792932
380300000,-0.0001922338944,0.008036430763,0.0005373265854,4.770617202e-05
380400000,0.004110879611,0.007570107663,0.0005012591524,-0.0001967481146
380500000,0.00774989091,0.005231679514,0.0003601410995,-0.0003990581349
380600000,0.009959219937,0.001515952295,0.0001439528802,-0.0005169222745
380700000,0.0102752821,-0.002792836977,-0.0001016789338,-0.0005259069586
380800000,0.008633745721,-0.00678648644,-0.0003251104497,-0.0004245105234
380900000,0.005382633726,-0.009624218287,-0.0004795379257,-0.0002343975202
381000000,0.001208578823,-0.01070968378,-0.0005328014005,4.228697916e-06
381100000,-0.003008177464,-0.009816315368,-0.0004740811297,0.0002411270258
381200000,-0.006379438533,-0.007134645872,-0.0003160926842,0.0004265958974
381300000,-0.008196187877,-0.003231680357,-9.233597585e-05,0.0005219001082
381400000,-0.008077743335,0.001069024683,0.0001500071369,0.0005073598711
381500000,-0.006051526552,0.004861188889,0.000360021065,0.0003864130411
381600000,-0.002546735698,0.007346817397,0.0004937530985,0.0001848123309
381700000,0.001696599614,0.008004115494,0.00052341134,-5.485690229e-05
381800000,0.005783877645,0.006696988479,0.0004431392673,-0.0002821714989
381900000,0.008854493608,0.003703182613,0.0002701673268,-0.0004494782378
382000000,0.0102629922,-0.000344720873,4.111620522e-05,-0.0005218830072
382100000,0.009714707763,-0.004592923589,-0.000195755471,-0.0004845275872
382200000,0.007327409922,-0.008146444411,-0.0003907180833,-0.0003456367352
382300000,0.003606049362,-0.01025764228,-0.0005030108134,-0.0001347111116
382400000,-0.000664015115,-0.0104835293,-0.000509362772,0.000103737687
382500000,-0.004582761315,-0.008778755354,-0.0004088142583,0.0003195797259
382600000,-0.007325244391,-0.005504712003,-0.0002228395538,0.000467605129
382700000,-0.008315307121,-0.001352908987,9.237968798e-06,0.0005169930003
382800000,-0.007346647105,0.002801124599,0.0002385598088,0.0004577278034
382900000,-0.004625786281,0.006082516375,0.0004170177469,0.0003026276194
383000000,-0.0007280102307,0.007801319268,0.0005073456033,8.45741561e-05
383100000,0.003524289546,0.00759755575,0.000490900505,-0.0001504573766
383200000,0.007235118029,0.005516570148,0.0003715090799,-0.0003530912146
383300000,0.009623623608,0.001998951447,0.0001745854004,-0.0004809233805
383400000,0.01018835911,-0.002212722134,-5.827759258e-05,-0.000507394631
383500000,0.008812535309,-0.006230592059,-0.0002780923831,-0.0004273075068
383600000,0.005788183405,-0.009208644932,-0.0004387818209,-0.0002578416776
383700000,0.001754207846,-0.01052084326,-0.0005068371023,-3.487038771e-05
383800000,-0.002438565304,-0.009892754818,-0.0004683045659,0.0001946325427
383900000,-0.00590685967,-0.007458976738,-0.0003316446899,0.0003824881801
384000000,-0.007921072046,-0.003734306313,-0.000125877933,0.0004894259621
384100000,-0.008058795955,0.0004951793251,0.0001055769345,0.0004932923545
384200000,-0.006293412602,0.004338070709,0.000314063958,0.0003936389923
384300000,-0.002999168031,0.006985533779,0.0004559177722,0.0002117403361
384400000,0.00112819481,0.007881545589,0.0005016082027,-1.394676864e-05
384500000,0.005218384592,0.006839636615,0.0004418867279,-0.0002359128735
384600000,0.008410040229,0.004081660477,0.0002896556606,-0.0004075965655
384700000,0.01003207496,0.0001905616532,7.718290752e-05,-0.0004931509731
384800000,0.009744741344,-0.004012799761,-0.0001507368904,-0.0004749276866
384900000,0.007610789136,-0.007642764203,-0.0003462255871,-0.0003571158024
385000000,0.004081808035,-0.009935454152,-0.0004683785174,-0.0001647860563
385100000,-9.730508258e-05,-0.01040953037,-0.0004918228525,6.144320843e-05
385200000,-0.00404557597,-0.008967278228,-0.0004119868272,0.0002739836043
385300000,-0.006931699851,-0.005914762192,-0.0002459857918,0.0004282865682
385400000,-0.008149120072,-0.001896868011,-2.895460236e-05,0.0004921801557
385500000,-0.007443532362,0.002238979466,0.0001933880577,0.0004525760164
385600000,-0.004965994138,0.005621594634,0.0003743699533,0.0003181485063
385700000,-0.001240560167,0.007539558085,0.000476161754,0.0001174379639
385800000,0.002946590905,0.007590820409,0.0004776835245,-0.0001072077567
385900000,0.006713055259,0.005766943185,0.0003789689077,-0.0003085676172
386000000,0.009266120067,0.00245436059,0.0002010837452,-0.0004444728024
386100000,0.01006955286,-0.001647474898,-1.836813997e-05,-0.0004866370981
386200000,0.008956203692,-0.005673733957,-0.0002331934571,-0.0004265432403
386300000,0.006162787802,-0.008776506083,-0.0003983322876,-0.0002771604848
386400000,0.002279594333,-0.01030335244,-0.0004793088888,-7.01476772e-05
386500000,-0.001874228085,-0.009934519598,-0.0004594283875,0.0001508554147
386600000,-0.005423482376,-0.007749932505,-0.0003432172341,0.0003394270779
386700000,-0.007621367654,-0.004211898764,-0.0001553987397,0.0004561139811
386800000,-0.008006656868,-6.72498643e-05,6.436563081e-05,0.0004766850301
386900000,-0.006500497417,0.003810351723,0.0002698508864,0.0003971621339
387000000,-0.003422513555,0.006604610589,0.0004179908688,0.000234583637
387100000,0.0005770515297,0.007728442539,0.0004779035862,2.335524623e-05
387200000,0.004654715359,0.006947292783,0.0004373282134,-0.0001920303439
387300000,0.007951616418,0.0044280539,0.0003051322135,-0.0003663647272
387400000,0.009774363604,0.0007034130584,0.000109376347,-0.0004632122572
387500000,0.00974082584,-0.003440748336,-0.0001086407839,-0.0004625243642
387600000,0.007860234781,-0.00713112185,-0.000303094891,-0.000364788622
387700000,0.00453080903,-0.00959097362,-0.0004332671093,-0.0001908541734
387800000,0.0004554644668,-0.01030363131,-0.0004720699566,2.251464034e-05
387900000,-0.003506579543,-0.009121035961,-0.0004116830562,0.0002304084444
388000000,-0.00652098134,-0.006294521723,-0.0002651262659,0.0003892247014
388100000,-0.007954022379,-0.002421399025,-6.345442272e-05,0.0004658121128
388200000,-0.007505865683,0.001681308422,0.000150822269,0.0004443898883
388300000,-0.005273285325,0.005149257955,0.0003326983455,0.000329797863
388400000,-0.00172875156,0.007252906621,0.0004441252363,0.0001464084106
388500000,0.002379581289,0.007550968787,0.0004619704124,-6.705627356e-05
388600000,0.006185786049,0.005982949629,0.0003828187381,-0.0002656996352
388700000,0.008888639222,0.002881383891,0.0002236196833,-0.0004078930076
388800000,0.009920233053,-0.001098669196,1.805920985e-05,-0.000463998943
388900000,0.00906527213,-0.005117931645,-0.0001905673485,-0.0004225477674
389000000,0.006506010396,-0.008329840676,-0.0003584736374,-0.00029258031
389100000,0.002783436638,-0.01005883974,-0.0004505715817,-0.000101678728
389200000,-0.001317057597,-0.009942484506,-0.0004478032187,0.0001098862161
389300000,-0.004931389382,-0.008007450484,-0.0003510831814,0.0002976497009
389400000,-0.007298909291,-0.00466347153,-0.0001810365168,0.0004222975359
389500000,-0.007922526249,-0.0006165619396,2.639835522e-05,0.0004578972311
389600000,-0.006673094714,0.003280088494,0.0002275643778,0.0003972922651
389700000,-0.003816134639,0.006206026376,0.0003802734545,0.0002535376644
389800000,4.462310975e-05,0.007546290266,0.0004526534968,5.708959963e-05
389900000,0.004094831706,0.00702063439,0.0004297997697,-0.0001506463672
390000000,0.007481278362,0.004742092094,0.0003168426237,-0.0003260418198
390100000,0.009491575296,0.001192672525,0.0001378005282,-0.0004324077417
390200000,0.009703977731,-0.002878574593,-6.95261035e-05,-0.0004476684647
390300000,0.008075848891,-0.006613585945,-0.0002615349555,-0.0003689423432
390400000,0.004952219032,-0.009226096219,-0.000397991177,-0.0002130788848
390500000,0.00099270116,-0.01016715501,-0.0004504579102,-1.305385688e-05
390600000,-0.002967787266,-0.00924050029,-0.0004082216217,0.000189006656
390700000,-0.006095101868,-0.006643512385,-0.0002804777543,0.0003506976443
390800000,-0.007731600655,-0.00292517551,-9.433124337e-05,0.0004382338867
390900000,-0.007534473511,0.001130005911,0.0001109538349,0.0004335086964
391000000,-0.005547553008,0.00466756896,0.0002922357098,0.0003378380536
391100000,-0.002191568084,0.006943161025,0.0004115608803,0.0001716161633
391200000,0.001824971164,0.007479152613,0.0004441095523,-3.00309102e-05
391300000,0.00565535372,0.006164855043,0.000383357318,-0.0002246674679
391400000,0.008493126272,0.003279345884,0.0002423798103,-0.0003714780583
391500000,0.00974183689,-0.0005677781402,5.104014154e-05,-0.0004398259798
391600000,0.009140367255,-0.004565144604,-0.0001503362369,-0.0004156459029
391700000,0.006817535733,-0.007870681039,-0.0003194597162,-0.000304336882
391800000,0.003264544338,-0.009788981747,-0.0004209569584,-0.0001295610321
391900000,-0.0007688676928,-0.009917617114,-0.0004337688702,7.178566013e-05
392000000,-0.00443263518,-0.008231585752,-0.0003555190391,0.0002573616675
392100000,-0.006955558908,-0.005088156344,-0.000202946669,0.000388283488
392200000,-0.007807681409,-0.001151149142,-8.327012105e-06,0.0004372723103
392300000,-0.006811628787,0.002749288733,0.0001873554994,0.0003943370493
392400000,-0.004179514324,0.005791765415,0.0003430375394,0.0002688099569
392500000,-0.0004677424359,0.007336631718,0.0004261933798,8.732050898e-05
392600000,0.003540627592,0.007060438661,0.0004196296603,-0.0001118530153
392700000,0.007001066215,0.005023623823,0.0003250391137,-0.0002868563302
392800000,0.009185466268,0.001657293309,0.0001625789743,-0.0004010538983
392900000,0.009635299401,-0.002327999245,-3.342349053e-05,-0.0004306977229
393000000,0.008257848115,-0.006092187825,-0.0002217236102,-0.0003698650161
393100000,0.005345323881,-0.008842735372,-0.0003628379007,-0.0002316382857
393200000,0.001512911189,-0.01000149359,-0.0004273225933,-4.529344071e-05
393300000,-0.002431157158,-0.009326248893,-0.0004019164477,0.0001499000374
393400000,-0.005656070618,-0.006961376248,-0.0002922664273,0.0003129540506
393500000,-0.007483491825,-0.003406980189,-0.0001216763307,0.0004097683584
393600000,-0.007530276068,0.0005868911897,7.384506702e-05,0.0004202615307
393700000,-0.005788807766,0.004178564949,0.0002531843161,0.0003425352971
393800000,-0.002628109686,0.006612147258,0.0003787679735,0.0001932089277
393900000,0.00128438036,0.007376602214,0.0004244341011,3.86694991e-06
394000000,0.005123755665,0.006313035753,0.0003808816425,-0.0001856207696
394100000,0.008081534831,0.003647690673,0.0002575627639,-0.0003354939502
394200000,0.009535862496,-5.617166734e-05,8.063360094e-05,-0.0004144443157
394300000,0.009182216295,-0.004017267267,-0.0001125927434,-0.0004061552205
394400000,0.007097167392,-0.007401046265,-0.0002815147395,-0.0003126726298
394500000,0.003721839381,-0.009495496384,-0.0003907733119,-0.0001539112669
394600000,-0.000231390207,-0.009860972167,-0.0004176527208,3.658686016e-05
394700000,-0.003929239867,-0.008422507979,-0.0003568025056,0.0002187384024
394800000,-0.006593198899,-0.005485202749,-0.0002212991159,0.0003543522577
394900000,-0.007663470558,-0.001669499906,-3.983733683e-05,0.0004151364668
395000000,-0.006916630284,0.002219905833,0.0001493455705,0.0003885998511
395100000,-0.004512254991,0.005363810931,0.0003065266453,0.0002806174654
395200000,-0.0009588042514,0.007101062214,0.0003988374244,0.0001141332911
395300000,0.002993924562,0.007067577516,0.0004071365606,-7.571404255e-05
395400000,0.006512997684,0.005272614869,0.0003299779566,-0.0002490071779
395500000,0.008857824955,0.002096343345,0.0001838519989,-0.0003694425905
395600000,0.009535973272,-0.001790654828,-3.37624465e-07,-0.0004119353711
395700000,0.008406560077,-0.005568915724,-0.0001838090328,-0.0003678433017
395800000,0.005709527924,-0.008442815533,-0.0003280673535,-0.0002467224409
395900000,0.002014701804,-0.009808102011,-0.0004029810032,-7.425803714e-05
396000000,-0.001898584933,-0.00937896076,-0.0003930747337,0.0001131816356
396100000,-0.005205886325,-0.007247873799,-0.0003007252569,0.0002762138945
396200000,-0.007211376376,-0.003865706322,-0.0001455998038,0.0003807158193
396300000,-0.007494281892,5.370415711e-05,3.953137252e-05,0.0004049657011
396400000,-0.005997174582,0.003684251731,0.0002157171527,0.0003441572749
396500000,-0.003037592655,0.00626171423,0.0003460202971,0.000211348761
396600000,0.0007593349466,0.007244620404,0.0004032608251,3.466010641e-05
396700000,0.004592937824,0.006427974782,0.0003756848381,-0.0001486802897
396800000,0.007655820166,0.003985980758,0.0002693766036,-0.0003001791352
396900000,0.00930386237,0.0004348854286,0.0001069192209,-0.0003881596502
397000000,0.009191642085,-0.00347612432,-7.74019181e-05,-0.0003943842796
397100000,0.007344825619,-0.00692293578,-0.0002448342772,-0.0003178342126
397200000,0.00415435684,-0.009180136121,-0.000360305231,-0.0001748626504
397300000,0.0002937287603,-0.009773685838,-0.0003997683435,4.297593378e-06
397400000,-0.003423183255,-0.008580497941,-0.0003552102333,0.0001819265471
397500000,-0.006213725273,-0.005853977631,-0.0002362756658,0.0003207580873
397600000,-0.007491306495,-0.002170201485,-6.818176697e-05,0.0003917978111
397700000,-0.00698873173,0.001693833699,0.0001136279475,0.0003803778029
397800000,-0.004814076668,0.004924138477,0.0002709565382,0.0002891840313
397900000,-0.001427430086,0.006841222764,0.0003708780956,0.0001376317836
398000000,0.002456467474,0.007043012244,0.0003926279906,-4.226698074e-05
398100000,0.006019061824,0.005489145187,0.0003319171422,-0.0002126648876
398200000,0.008510465179,0.002509005465,0.0002017740992,-0.000337841082
398300000,0.009407255798,-0.001268082466,2.975044469e-05,-0.000391688985
398400000,0.008522419458,-0.00504570919,-0.0001479113172,-0.0003631604021
398500000,0.006044353007,-0.008028265443,-0.0002939129804,-0.0002585308362
398600000,0.002496783417,-0.009588491527,-0.0003777305474,-0.0001000218506
398700000,-0.001371899217,-0.009399411342,-0.0003819952137,7.891765581e-05
398800000,-0.004746530829,-0.007502881746,-0.0003060916108,0.0002406694011
398900000,-0.0069169716,-0.00430035862,-0.0001662280704,0.0003513537311
399000000,-0.007427582215,-0.0004678984797,8.02343688e-06,0.0003879253797
399100000,-0.006172889522,0.003186597684,0.0001799792711,0.0003429709466
399200000,-0.003419349306,0.005893727012,0.0003135663553,0.000226209521
399300000,0.0002512644809,0.00708457627,0.0003808891669,6.239316157e-05
399400000,0.004064789451,0.006510257525,0.0003680542695,-0.0001139395838
399500000,0.007217932587,0.004293895504,0.0002780363565,-0.0002657452057
399600000,0.009047436789,0.0009042350814,0.0001299948242,-0.0003612567933
399700000,0.009169557871,-0.002943466342,-4.480325529e-05,-0.0003806310828
399800000,0.007560544629,-0.006438323125,-0.0002095863679,-0.0003200702443
399900000,0.004561245283,-0.008844681189,-0.0003298135812,-0.0001925624116
400000000,0.0008049322009,-0.009656969828,-0.0003804143608,-2.509744796e-05
400100000,-0.002916399233,-0.00870594376,-0.0003510158037,0.0001470454607
400200000,-0.00581904093,-0.006193964358,-0.000248067538,0.0002877294796
400300000,-0.00729266022,-0.002651942192,-9.342932425e-05,0.0003675456535
400400000,-0.007028662827,0.001172901887,8.026985798e-05,0.0003699600967
400500000,-0.005084814996,0.004474709487,0.0002365161056,0.0002947380429
400600000,-0.001872597351,0.006558793403,0.0003425858733,0.0001579358599
400700000,0.001929920569,0.006987788008,0.0003763989751,-1.152524227e-05
400800000,0.005521213077,0.005673405741,0.0003311142439,-0.0001779728719
400900000,0.0081452194,0.002894577235,0.0002165114786,-0.0003064922308
401000000,0.009250471362,-0.0007617289955,5.688099652e-05,-0.0003702495544
401100000,0.008605963811,-0.004524453796,-0.0001141241148,-0.0003560942051
401200000,0.006349437098,-0.007601011528,-0.0002605822377,-0.0002672699904
401300000,0.002957971324,-0.009344223217,-0.0003518485508,-0.0001226769461
401400000,-0.0008528570958,-0.009388467484,-0.000368966639,4.714940124e-05
401500000,-0.004279962831,-0.007726390475,-0.0003086050328,0.0002064861032
401600000,-0.00660202489,-0.004710053769,-0.0001837013739,0.0003219366803
401700000,-0.007331345193,-0.0009763466741,-2.069060417e-05,0.0003694304684
401800000,-0.00631629613,0.002687528075,0.0001460892218,0.0003392405694
401900000,-0.003772827292,0.005510060145,0.0002816297744,0.000237974458
402000000,-0.000238500365,0.00689789889,0.0003576005306,8.713019087e-05
402100000,0.003541138183,0.006560567185,0.0003582698626,-8.146677596e-05
402200000,0.006769811001,0.004571229264,0.0002837617343,-0.0002323777222
402300000,0.008768227203,0.001350827151,0.000149974016,-0.0003339993877
402400000,0.009116961935,-0.002420965783,-1.481272119e-05,-0.0003651817544
402500000,0.0077444696,-0.005949149955,-0.0001759127401,-0.0003196292097
402600000,0.00494176676,-0.008490932876,-0.0002995356679,-0.0002071693855
402700000,0.001300755187,-0.009512105371,-0.0003598735198,-5.16344349e-05
402800000,-0.002410770414,-0.008799336864,-0.0003444879113,0.0001141887929
402900000,-0.005411049077,-0.006504761579,-0.0002568730396,0.0002554697937
403000000,-0.007069054495,-0.003113513269,-0.0001156665636,0.0003426500006
403100000,-0.007037245526,0.0006588710636,4.931426726e-05,0.0003576264916
403200000,-0.005324418859,0.004017465021,0.0002033683592,0.0002975102711
403300000,-0.0022933938,0.006255486534,0.0003142091839,0.0001751790495
403400000,0.001415863897,0.006903028199,0.000358730922,1.651978405e-05
403500000,0.005021365553,0.005825695052,0.0003278244821,-0.0001450488032
403600000,0.007763932059,0.003252470422,0.000228239706,-0.0002756148537
403700000,0.009067006078,-0.0002729444763,8.111338756e-05,-0.0003478907646
403800000,0.008657829139,-0.004006976137,-8.251632656e-05,-0.0003469156395
403900000,0.00662453256,-0.007162971451,-0.0002282573718,-0.000273151232
404000000,0.003397187048,-0.009076901428,-0.0003255919611,-0.0001423309165
404100000,-0.0003431399936,-0.009347082182,-0.0003542664749,1.789522637e-05
404200000,-0.003808111865,-0.007918501206,-0.0003085052088,0.0001738040056
404300000,-0.006268307068,-0.005094020577,-0.0001981714569,0.0002926965127
404400000,-0.007206810015,-0.001470160149,-4.664301865e-05,0.0003497556774
404500000,-0.00642784155,0.002188919653,0.0001141405604,0.0003332259198
404600000,-0.004097588554,0.005112591068,0.0002504098571,0.0002468339548
404700000,-0.0007087298004,0.006686070986,0.0003336577693,0.0001089524774
404800000,0.003023745421,0.006579679996,0.0003466026377,-5.130635392e-05
404900000,0.006313376646,0.004817889164,0.0002867750232,-0.0002002371634
405000000,0.00846790964,0.001773720242,0.0001669838745,-0.0003066298172
405100000,0.009034932068,-0.001910213285,1.257522467e-05,-0.0003483094309
405200000,0.007896853364,-0.005457320279,-0.0001439301247,-0.0003167575725
405300000,0.005295296422,-0.008120706898,-0.0002696855656,-0.000218851738
405400000,0.001779827491,-0.009340437131,-0.0003384119716,-7.536822358e-05
405500000,-0.001908123064,-0.008861267708,-0.0003358887498,8.342610815e-05
405600000,-0.004991646774,-0.006786081654,-0.0002628954005,0.0002241579776
405700000,-0.006822057389,-0.003553810362,-0.0001349953125,0.0003173612459
405800000,-0.007015388918,0.0001534287935,2.078176e-05,0.0003436460299
405900000,-0.005532947693,0.00355431971,0.0001716515435,0.0002977318839
406000000,-0.002689017821,0.005933040316,0.0002859745061,0.0001895062703
406100000,0.0009157900989,0.006789928661,0.0003398907069,4.18966605e-05
406200000,0.004521387567,0.00594641547,0.000322298984,-0.0001139860574
406300000,0.00736845303,0.003582210094,0.0002371415176,-0.0002454042394
406400000,0.008858301538,0.0001970199333,0.0001025238584,-0.0003248684768
406500000,0.008678745244,-0.003495039142,-5.313382978e-05,-0.0003358872333
406600000,0.006869504094,-0.006716047836,-0.0001970963194,-0.0002763886421
406700000,0.003813459292,-0.008788167244,-0.0002991972363,-0.0001591046429
406800000,0.0001556501028,-0.009276289168,-0.0003381598035,-8.847513235e-06
406900000,-0.0033328725,-0.008079422839,-0.0003060301174,0.0001427388378
407000000,-0.005917605797,-0.005451599743,-0.0002097993519,0.0002638426285
407100000,-0.007055280908,-0.001947951138,-6.988437245e-05,0.0003291598046
407200000,-0.006508072391,0.001692595513,8.420340833e-05,0.0003251807116
407300000,-0.004393307922,0.004703193691,0.0002200822709,0.0002529834178
407400000,-0.001158296535,0.006450622547,0.0003093048606,0.0001279563215
407500000,0.002514302039,0.006568460237,0.0003333134437,-2.348098159e-05
407600000,0.005850527026,0.005033892569,0.0002872991458,-0.0001694599812
407700000,0.008148188149,0.002172082143,0.000181162751,-0.0002793692863
407800000,0.008924619899,-0.001412714362,3.738562808e-05,-0.0003302733509
407900000,0.008018052825,-0.004964694958,-0.0001137316365,-0.0003116980711
408000000,0.005621321774,-0.007735826874,-0.0002404545928,-0.0002277848282
408100000,0.002240875831,-0.009143367031,-0.0003162787445,-9.637023311e-05
408200000,-0.00141022234,-0.008892421261,-0.0003254725953,5.480454707e-05
408300000,-0.004562718662,-0.00703774875,-0.0002663407677,0.0001939494204
408400000,-0.006553275807,-0.003971834631,-0.0001515304998,0.0002919100371
408500000,-0.006964083948,-0.0003418143359,-5.327579334e-06,0.0003282759516
408600000,-0.005710568495,0.003087155932,0.0001414803325,0.000295632639
408700000,-0.00305877837,0.00559321212,0.0002580866347,0.0002010716812
408800000,0.0004311015458,0.006649751798,0.0003201299517,6.465186461e-05
408900000,0.004023096458,0.006036069184,0.0003147832316,-8.485521112e-05
409000000,0.006960631204,0.003883433375,0.000243404764,-0.0002160327951
409100000,0.008625848512,0.0006470137227,0.0001212034123,-0.0003014203902
409200000,0.008669530875,-0.002990337693,-2.600122353e-05,-0.000323261867
409300000,0.00708432635,-0.00626212219,-0.0001672337115,-0.0002771971631
409400000,0.004205924528,-0.008479691981,-0.0002728803988,-0.000173130159
409500000,0.0006419940745,-0.009177197352,-0.0003208984201,-3.310052841e-05
409600000,-0.00285609879,-0.008209468515,-0.0003014143623,0.0001133833781
409700000,-0.005551719084,-0.005782243272,-0.0002187533009,0.0002355624214
409800000,-0.006878121062,-0.002408426765,-9.048147574e-05,0.0003078852018
409900000,-0.006557630363,0.00120032026,5.632604902e-05,0.0003153512037
410000000,-0.004659771365,0.00428373211,0.0001907998544,0.0002566213235
410100000,-0.001586177023,0.006193124439,0.0002847667568,0.000144250936
410200000,0.00201442441,0.006527855078,0.0003186518865,2.006687682e-06
410300000,0.005383130058,0.005219364237,0.0002855558959,-0.0001401597433
410400000,0.0078107883,0.0025451899,0.0001926581829,-0.0002524180534
410500000,0.008787245112,-0.0009298864297,5.96610723e-05,-0.0003113181345
410600000,0.00810852511,-0.004473086465,-8.538821185e-05,-0.0003046881982
410700000,0.005919441572,-0.007338117922,-0.0002120119187,-0.0002341492093
410800000,0.002682725753,-0.008922348039,-0.0002937053942,-0.0001147263905
410900000,-0.0009187678226,-0.008893572282,-0.0003134845793,2.83505064e-05
411000000,-0.004126130863,-0.007259696614,-0.0002674163606,0.0001649769069
411100000,-0.006264349048,-0.004366693477,-0.0001653980825,0.0002665073067
411200000,-0.006884397976,-0.0008253282501,-2.90323008e-05,0.0003117607983
411300000,-0.005857552537,0.002617818223,0.0001129470965,0.0002914392522
411400000,-0.003402094528,0.005237772065,0.0002307290854,0.00021003666
411500000,-3.689215511e-05,0.006483820608,0.0002996844858,8.484780229e-05
411600000,0.003528253687,0.006095253997,0.0003055156955,-5.770557656e-05
411700000,0.006542308218,0.004155887846,0.0002472205058,-0.0001876508087
411800000,0.008371180627,0.001075988405,0.0001372557735,-0.0002777658747
411900000,0.008631088689,-0.002494494576,-1.12357696e-06,-0.0003092817149
412000000,0.007269081231,-0.005803049022,-0.0001387819632,-0.0002757908741
412100000,0.004573827209,-0.008153170724,-0.0002468372408,-0.000184548624
412200000,0.001114458749,-0.009050985145,-0.0003027201138,-5.490269463e-05
412300000,-0.002379598983,-0.008309051916,-0.0002948876821,8.580883178e-05
412400000,-0.005172448888,-0.006085513522,-0.000225206811,0.0002080218467
412500000,-0.006676746502,-0.002850391048,-0.0001085153927,0.0002861574148
412600000,-0.006577247688,0.000713795476,3.053654576e-05,0.0003039749925
412700000,-0.004896873925,0.003856054511,0.0001626935243,0.0002579474174
412800000,-0.001991452337,0.00591518202,0.0002602493923,0.000157956434
412900000,0.001525650782,0.006458889259,0.0003028554394,2.517221015e-05
413000000,0.004913018454,0.005374533191,0.0002817643417,-0.0001124283458
413100000,0.007457450754,0.002892429522,0.0002016249275,-0.0002259558038
413200000,0.008624089565,-0.0004630561993,7.945975586e-05,-0.0002916732399
413300000,0.008168823472,-0.003984253926,-5.895008299e-05,-0.0002959588585
413400000,0.006189364377,-0.006929400392,-0.0001845052828,-0.0002381287736
413500000,0.003104303129,-0.008678877911,-0.000270905821,-0.0001305351521
413600000,-0.0004353893854,-0.008865580409,-0.000300159643,4.07132461e-06
413700000,-0.003683725077,-0.007451966027,-0.0002663287859,0.0001373516569
413800000,-0.005956942392,-0.004737600908,-0.0001767330774,0.0002413444509
413900000,-0.006777469209,-0.001295666576,-5.036775116e-05,0.0002943316954
414000000,-0.005974271817,0.002148107936,8.612322429e-05,0.0002853739376
414100000,-0.003718494711,0.004868496656,0.0002040646252,0.0002165679101
414200000,-0.0004869762932,0.006293512635,0.0002787739763,0.0001025608804
414300000,0.003038560234,0.006124658874,0.0002947266458,-3.256675851e-05
414400000,0.006115312348,0.004399429622,0.0002487812575,-0.0001603873101
414500000,0.008095868049,0.001482998521,0.0001507954362,-0.0002541059582
414600000,0.008564400049,-0.002009056757,2.151183248e-05,-0.0002941773641
414700000,0.007423954904,-0.005340650193,-0.0001118324339,-0.0002723814291
414800000,0.004916519622,-0.007810315941,-0.0002212436654,-0.0001935084116
414900000,0.001571699625,-0.008898894669,-0.0002838481201,-7.430819246e-05
415000000,-0.001905130497,-0.00837868331,-0.0002866736331,6.006624829e-05
415100000,-0.004781594869,-0.006361081918,-0.0002293368459,0.0001813661004
415200000,-0.00645261991,-0.003272746543,-0.0001240795237,0.000264184985
415300000,-0.006567742316,0.0002346554922,6.844366352e-06,0.00029127998
415400000,-0.005104617319,0.003421987254,0.0001358732667,0.0002571610697
415500000,-0.002373308669,0.005618428786,0.0002359398373,0.0001692019173
415600000,0.001049437984,0.006362659637,0.0002861487285,4.604757592e-05
415700000,0.004441984339,0.005499729303,0.0002761393958,-8.633728048e-05
415800000,0.007089924931,0.003213295333,0.0002082231202,-0.0002001421439
415900000,0.008436491338,-1.345742578e-05,9.685362618e-05,-0.0002715525848
416000000,0.008199592974,-0.003499898447,-3.444827711e-05,-0.0002857331996
416100000,0.006430906782,-0.006511483761,-0.0001580618127,-0.0002399090395
416200000,0.003504635308,-0.008414492939,-0.0002480762366,-0.0001439056096
416300000,3.835662667e-05,-0.008809385067,-0.0002857216647,-1.804304057e-05
416400000,-0.003237312907,-0.007614701961,-0.0002632825108,0.0001111644358
416500000,-0.005632740743,-0.005083877535,-0.0001856777026,0.0002165936399
416600000,-0.00664450102,-0.001751469479,-6.938427528e-05,0.0002762058022
416700000,-0.006061195245,0.001679778168,6.106048494e-05,0.0002776531147
416800000,-0.00400761553,0.004487162547,0.0001782359135,0.0002208356993
416900000,-0.0009180328221,0.006080253884,0.0002576017157,0.0001178796478
417000000,0.002555652298,0.006125059289,0.0002826371343,-9.450220202e-06
417100000,0.00568145259,0.004614021115,0.0002482793809,-0.0001343510165
417200000,0.007801511185,0.001867202283,0.0001619458072,-0.000230623455
417300000,0.008470519673,-0.001535491996,4.193380342e-05,-0.000278167102
417400000,0.007549234526,-0.004876709496,-8.645664278e-05,-0.0002671766569
417500000,0.005233461379,-0.00745285117,-0.0001962561477,-0.0002001633167
417600000,0.002012463237,-0.008722225896,-0.000264490735,-9.138470061e-05
417700000,-0.001434395187,-0.00841896536,-0.0002769884394,3.618796361e-05
417800000,-0.004380948277,-0.006608727322,-0.000231322156,0.0001557203947
417900000,-0.006207244445,-0.003674495616,-0.0001372777679,0.0002421593983
418000000,-0.006530012967,-0.0002355365137,-1.475799825e-05,0.0002774835095
418100000,-0.005283107258,0.002983329163,0.0001104291987,0.0002544597814
418200000,-0.002731037479,0.005304520069,0.0002120065795,0.0001781236699
418300000,0.0005871584839,0.00624032961,0.0002687429798,6.467946941e-05
418400000,0.003971774129,0.005595379628,0.0002688905473,-6.193894326e-05
418500000,0.006709962792,0.003507388981,0.0002126165584,-0.0001751172056
418600000,0.008225838724,0.0004177709786,0.0001119265783,-0.0002511543214
418700000,0.00820156596,-0.003021658745,-1.189612494e-05,-0.0002742256085
418800000,0.006643991307,-0.006086160697,-0.0001327889246,-0.000239675583
418900000,0.00388285188,-0.008130761708,-0.0002253952702,-0.0001549556878
419000000,0.0005009908781,-0.008726000235,-0.0002703827508,-3.80183549e-05
419100000,-0.002788670394,-0.007748150455,-0.0002584784916,8.648671832e-05
419200000,-0.005293442363,-0.005404950213,-0.0001923796337,0.0001924082478
419300000,-0.006486756177,-0.00219146615,-8.614546683e-05,0.0002575859182
419400000,-0.006118884597,0.00121452896,3.779241505e-05,0.0002684862779
419500000,-0.004269200318,0.00409554044,0.0001533662372,0.0002230122318
419600000,-0.001329041766,0.00584551271,0.0002363545535,0.0001309030135
419700000,0.002081097311,0.006097312388,0.0002694581398,1.164915505e-05
419800000,0.005242512931,0.004799728482,0.0002459056258,-0.0001096313465
419900000,0.007489734426,0.002227861852,0.0001708374506,-0.0002074832217
420000000,0.008350570167,-0.001075185803,6.018552839e-05,-0.0002614563625
420100000,0.007645304716,-0.00441296749,-6.270752477e-05,-0.0002603793168
420200000,0.00552421857,-0.007082504819,-0.000172012303,-0.000204670885
420300000,0.002435589165,-0.00852233072,-0.0002448410777,-0.0001062116505
420400000,-0.0009690348971,-0.008430588728,-0.0002660400034,1.418905371e-05
420500000,-0.003972286012,-0.006828334083,-0.0002313417473,0.0001311908162
420600000,-0.005942157554,-0.004054741361,-0.0001482227731,0.0002202551692
420700000,-0.006465034009,-0.0006952920973,-3.429343319e-05,0.0002627916612
420800000,-0.005432550459,0.002541846044,8.643268369e-05,0.0002500378422
420900000,-0.003064035283,0.004975126799,0.0001885999239,0.0001848634618
421000000,0.0001400977911,0.006093123448,0.0002508356204,8.11275761e-05
421100000,0.003504083684,0.005662004495,0.0002602207499,-3.926796844e-05
421200000,0.006319312748,0.003774418101,0.0002149711146,-0.0001510023426
421300000,0.007993564196,0.0008295864731,0.0001247727261,-0.0002306607518
421400000,0.008175557332,-0.002551107085,8.709232792e-06,-0.0002616408654
421500000,0.006828644,-0.005655201316,-0.0001087752924,-0.0002376126111
421600000,0.004238185099,-0.007829278879,-0.0002030241985,-0.0001638104379
421700000,0.000951114191,-0.008616509075,-0.0002543426818,-5.589448111e-05
421800000,-0.002339532809,-0.007852655217,-0.0002521129536,6.337189532e-05
421900000,-0.004940752686,-0.005700351344,-0.0001969903765,0.0001689233864
422000000,-0.006305551012,-0.002614476932,-0.0001007264771,0.0002386602355
422100000,-0.006147990249,0.0007540027827,1.633571904e-05,0.0002580750213
422200000,-0.00450309733,0.003695389144,0.0001295603273,0.0002232701528
422300000,-0.001719082264,0.005590793703,0.0002152029599,0.0001417385475
422400000,0.00161639027,0.006042351987,0.0002553898673,3.075151787e-05
422500000,0.00480024684,0.004956718796,0.0002418478156,-8.629948926e-05
422600000,0.007162179946,0.002564343262,0.0001776064377,-0.0001848325265
422700000,0.008205736446,-0.0006294387352,7.6322955e-05,-0.0002442373216
422800000,0.007712643766,-0.003951116595,-4.062071387e-05,-0.0002521860066
422900000,0.005788462573,-0.006701004092,-0.0001486315466,-0.0002071908657
423000000,0.002840011688,-0.008300606991,-0.0002250769909,-0.0001188785497
423100000,-0.0005106273167,-0.008414327474,-0.0002540270695,-5.931212438e-06
423200000,-0.003557364867,-0.007019889782,-0.0002295734872,0.0001078652512
423300000,-0.005658924818,-0.004412688151,-0.0001570342785,0.0001986300464
423400000,-0.0063738502,-0.001143200795,-5.179862717e-05,0.0002473986972
423500000,-0.005553251405,0.002099265426,6.393748959e-05,0.0002440851341
423600000,-0.003371803091,0.004631929355,0.0001658524931,0.0001895669644
423700000,-0.0002905477881,0.005922320546,0.0002326100198,9.546294408e-05
423800000,0.003040553723,0.005700213366,0.0002503254619,-1.834257743e-05
423900000,0.005919713729,0.004014194667,0.000215453277,-0.0001279009076
424000000,0.007741138348,0.00122104406,0.0001354947537,-0.0002102383721
424100000,0.008122459664,-0.002089745523,2.738535239e-05,-0.0002481734486
424200000,0.006984991739,-0.005220347645,-8.609187159e-05,-0.0002339016758
424300000,0.00456996994,-0.007511659039,-0.000181107287,-0.000170600433
424400000,0.001387410352,-0.008482058454,-0.0002377885017,-7.172379285e-05
424500000,-0.001891589692,-0.007928653983,-0.0002443763184,4.185650734e-05
424600000,-0.004576378258,-0.005969717826,-0.0001996637592,0.0001462565294
424700000,-0.006102249523,-0.003019415104,-0.0001132123893,0.0002196022246
424800000,-0.006149246704,0.0002997803183,-3.308329528e-06,0.0002466122129
424900000,-0.004709257632,0.003288449809,0.0001069052427,0.0002217811871
425000000,-0.002087333263,0.005317631588,0.0001943012082,0.0001505008699
425100000,0.0011629504,0.005961183428,0.0002406211942,4.78905327e-05
425200000,0.004356371978,0.005085256929,0.0002362896745,-6.440951518e-05
425300000,0.006820501594,0.002876116004,0.0001823928044,-0.0001628015193
425400000,0.008037260078,-0.0001994640449,9.041319872e-05,-0.0002266886291
425500000,0.00775181964,-0.003492796454,-2.021584207e-05,-0.0002427862166
425600000,0.006025968534,-0.006310069053,-0.0001262158326,-0.0002078837878
425700000,0.00322476108,-0.008058492531,-0.0002053610664,-0.0001294833815
425800000,-6.068214764e-05,-0.008371034282,-0.0002411385346,-2.418793134e-05
425900000,-0.00313791596,-0.007183482677,-0.0002261928455,8.581436574e-05
426000000,-0.005359133836,-0.004747641838,-0.0001638375527,0.000177425328
426100000,-0.006257571314,-0.001577933037,-6.732253772e-05,0.0002314866478
426200000,-0.005645608832,0.001657271563,4.298097496e-05,0.0002367860778
426300000,-0.00365394551,0.004276611528,0.0001438798182,0.0001923822808
426400000,-0.000703673047,0.005729249624,0.0002142353626,0.0001077664079
426500000,0.002582765547,0.005710700497,0.00023939183,8.34070024e-07
426600000,0.005512889403,0.004226633017,0.0002142288195,-0.0001058990958
426700000,0.00747006386,0.0015912971,0.0001442023498,-0.0001900380328
426800000,0.008043238164,-0.001639002485,4.416301795e-05,-0.0002340069813
426900000,0.007113259253,-0.004783308306,-6.479296487e-05,-0.0002287205246
427000000,0.004877643818,-0.007179530608,-0.0001597722307,-0.0001754602663
427100000,0.001808648575,-0.008323853373,-0.0002208942428,-8.556963738e-05
427200000,-0.001446480161,-0.007976674634,-0.0002354522727,2.196149542e-05
427300000,-0.004202020809,-0.006212789686,-0.0002005545431,0.0001245082148
427400000,-0.005878257471,-0.003405288297,-0.0001236966654,0.000200570643
427500000,-0.006123467948,-0.0001466234546,-2.115249637e-05,0.0002342813101
427600000,-0.004887732692,0.002876440345,8.547130875e-05,0.0002187149073
427700000,-0.002433073851,0.005027585158,0.0001737876643,0.0001573101334
427800000,0.0007221181392,0.005854878304,0.0002253292524,6.311189284e-05
427900000,0.00391256516,0.005185702189,0.0002294097936,-4.399951673e-05
428000000,0.00646635887,0.00316275226,0.000185339119,-0.0001415037897
428100000,0.007846433562,0.0002136143301,0.0001025330149,-0.0002089752699
428200000,0.007763485749,-0.003039589587,-1.497842053e-06,-0.0002323615245
428300000,0.006236613542,-0.005911406844,-0.0001048504591,-0.0002069096601
428400000,0.003588964552,-0.007797459146,-0.0001858407852,-0.000138131085
428500000,0.0003793624153,-0.008301635535,-0.0002275528956,-4.060914499e-05
428600000,-0.00271563939,-0.007319298865,-0.0002213717692,6.509262868e-05
428700000,-0.005044388175,-0.005059009613,-0.0001687619334,0.0001567662727
428800000,-0.006117366665,-0.00199824272,-8.092490232e-05,0.000215225028
428900000,-0.00571011199,0.00121750068,2.358529302e-05,0.0002283187166
429000000,-0.00391016952,0.0039108546,0.0001227810062,0.0001934585909
429100000,-0.001098265424,0.005515282885,0.0001958666415,0.0001181270813
429200000,0.002132237044,0.005694240409,0.0002275980114,1.827253253e-05
429300000,0.005100542592,0.004411747587,0.0002114615964,-8.506684284e-05
429400000,0.007181869483,0.001939597782,0.0001510107328,-0.0001701952045
429500000,0.007938925503,-0.001200229659,5.908480467e-05,-0.0002193138105
429600000,0.007213765886,-0.004345753425,-4.49173186e-05,-0.0002222420852
429700000,0.005160745961,-0.006834529849,-0.0001391306805,-0.0001785271561
429800000,0.002213685626,-0.008143151329,-0.0002038207746,-9.750485433e-05
429900000,-0.001005788492,-0.007997331104,-0.0002255169735,3.69345684e-06
430000000,-0.00381937147,-0.006429408391,-0.0001998171531,0.000103762813
430100000,-0.005635016451,-0.003771199574,-0.0001322796697,0.0001817096554
430200000,-0.006071542629,-0.000583762867,-3.722221423e-05,0.0002212558091
430300000,-0.005038671691,0.002461050049,6.531309722e-05,0.0002142376308
430400000,-0.002755683253,0.00472223127,0.0001537851717,0.0001622906008
430500000,0.0002951524657,0.005724569087,0.0002096791381,7.647187863e-05
430600000,0.00347045755,0.005258504704,0.0002213807288,-2.509276698e-05
430700000,0.006101411027,0.003423925819,0.000186589161,-0.0001210370006
430800000,0.007634594561,0.0006087634264,0.000112767336,-0.0001912485406
430900000,0.00774837654,-0.002593017327,1.554175629e-05,-0.0002210849231
431000000,0.00642037449,-0.005506706089,-8.460492679e-05,-0.0002044267935
431100000,0.003931846848,-0.007519006663,-0.0001666487599,-0.00014493212
431200000,0.000808142881,-0.008207126242,-0.0002134378267,-5.523445117e-05
431300000,-0.002292199113,-0.007427619178,-0.000215277685,4.573936432e-05
431400000,-0.004716301401,-0.005346299517,-0.0001719394674,0.0001367625973
431500000,-0.005954459555,-0.002402969441,-9.267480262e-05,0.0001987706754
431600000,-0.005747336675,0.0007815364994,5.758602075e-06,0.0002188539319
431700000,-0.004140282926,0.003536331574,0.0001026394715,0.0001929449116
431800000,-0.001473406198,0.005281830166,0.000177644758,0.0001266409231
431900000,0.001690419008,0.005651683186,0.0002151126249,3.399576118e-05
432000000,0.004684349876,0.004569650352,0.0002073124627,-6.545876466e-05
432100000,0.006878104071,0.00226529724,0.0001560392662,-0.0001508303366
432200000,0.007810616532,-0.0007746992253,7.220368287e-05,-0.0002042547115
432300000,0.007286922116,-0.003909309798,-2.648923772e-05,-0.0002146335788
432400000,0.005418916457,-0.00647829498,-0.0001192788443,-0.0001799396564
432500000,0.002601467593,-0.00794125662,-0.0001867157664,-0.0001076103566
432600000,-0.0005710399927,-0.007991319083,-0.0002147383826,-1.295410366e-05
432700000,-0.003430105165,-0.006619514853,-0.0001976045263,8.408934727e-05
432800000,-0.005373997987,-0.004116348149,-0.0001390672738,0.000163149054
432900000,-0.005994429102,-0.001010264848,-5.155423873e-05,0.000207698821
433000000,-0.005162318551,0.002043934447,4.647043853e-05,0.0002085114419
433100000,-0.003054640482,0.004403158911,0.0001344015191,0.000165569321
433200000,-0.0001167714431,0.005571443666,0.0001938237406,8.803596592e-05
433300000,0.003031630141,0.005304201586,0.0002123682278,-7.6988862e-06
433400000,0.005727311305,0.003659410662,0.0001862867098,-0.0001014835853
433500000,0.007403120123,0.00098504257,0.0001212078796,-0.0001736461332
433600000,0.007707302905,-0.002154536063,3.092354489e-05,-0.0002091202748
433700000,0.006577325656,-0.005097631476,-6.553384001e-05,-0.0002005907429
433800000,0.004252730497,-0.007224657008,-0.0001479030683,-0.0001500011206
433900000,0.001224373334,-0.008088564853,-0.0001989498778,-6.811365178e-05
434000000,-0.001869218054,-0.007508815835,-0.0002080726285,2.777982564e-05
434100000,-0.004376491216,-0.00560911963,-0.0001735036537,0.0001175090465
434200000,-0.005770121665,-0.002791040391,-0.0001026492878,0.0001822677003
434300000,-0.005757941062,0.0003509060436,-1.050372724e-05,0.0002085547848
434400000,-0.004344192507,0.003154701552,8.352372126e-05,0.000190988971
434500000,-0.001828271345,0.005030333087,0.0001596967228,0.0001334093819
434600000,0.001258691762,0.005583949629,0.0002020943262,4.803779955e-05
434700000,0.004265956412,0.004700547997,0.0002019383147,-4.711512949e-05
434800000,0.006560330684,0.002567845343,0.0001594101691,-0.0001320492976
434900000,0.007659462911,-0.0003636014099,8.358166934e-05,-0.0001889787065
435000000,0.007333225832,-0.003475556308,-9.519709832e-06,-0.000206055758
435100000,0.005651894976,-0.006112460417,-0.0001002981516,-0.0001798364754
435200000,0.002971031325,-0.007719514633,-0.0001697137541,-0.0001159737784
435300000,-0.0001436971605,-0.007959411542,-0.000203275724,-2.799953653e-05
435400000,-0.003035875175,-0.006783147144,-0.0001940670755,6.55423583e-05
435500000,-0.005096697651,-0.004440029777,-0.0001441695472,0.0001450045689
435600000,-0.005893150342,-0.001424831895,-6.419533987e-05,0.0001937627648
435700000,-0.005259008723,0.001626710373,2.896945385e-05,0.0002016933353
435800000,-0.003329523662,0.004071963355,0.000115729981,0.0001672749033
435900000,-0.0005125642137,0.00539673982,0.0001779036782,9.787749073e-05
436000000,0.002597609489,0.005323412881,0.0002025305785,8.184993418e-06
436100000,0.005345701315,0.003869079251,0.0001845744449,-8.291149818e-05
436200000,0.007153420884,0.001341604348,0.0001279518304,-0.0001562923154
436300000,0.007641147439,-0.001725533781,4.467898045e-05,-0.0001966218855
436400000,0.006707635997,-0.004685818551,-4.76778402e-05,-0.0001955533664
436500000,0.004551035724,-0.006915948336,-0.0001297076679,-0.0001534556391
436600000,0.001626847976,-0.007947067979,-0.000184234285,-7.930544616e-05
436700000,-0.001448273473,-0.007563348846,-0.0001999124918,1.122627711e-05
436800000,-0.004026573704,-0.005847176927,-0.0001735882903,9.908602527e-05
436900000,-0.005565667411,-0.003161471906,-0.0001109320621,0.000165847536
437000000,-0.005742661346,-7.292427827e-05,-2.521791678e-05,0.0001975759771
437100000,-0.004521901868,0.002767604301,6.548818285e-05,0.0001877361937
437200000,-0.002162132045,0.004762259226,0.0001421359427,0.0001385381214
437300000,0.0008383621018,0.005492026274,0.0001886914963,6.044251715e-05
437400000,0.003846970971,0.00480473883,0.0001954912475,-3.006285067e-05
437500000,0.006230120775,0.002846790141,0.0001612473214,-0.0001139438872
437600000,0.007486667665,3.195761744e-05,9.328853231e-05,-0.0001736229895
437700000,0.007353258414,-0.003046019602,5.992471286e-06,-0.000196662262
437800000,0.00585951919,-0.005738651159,-8.225597043e-05,-0.0001783553996
437900000,0.003321505519,-0.007479306106,-0.000152936302,-0.0001226881954
438000000,0.000274843851,-0.007902454098,-0.000191279058,-4.147183188e-05
438100000,-0.002638307907,-0.00692043793,-0.0001893517673,4.816279939e-05
438200000,-0.00480462924,-0.004741636795,-0.0001476995335,0.0001273782572
438300000,-0.005768788759,-0.001826244715,-7.520103595e-05,0.0001795891703
438400000,-0.005329165727,0.001210951284,1.282359816e-05,0.0001939344753
438500000,-0.00358000903,0.003730240432,9.784991976e-05,0.0001675363918
438600000,-0.000891223942,0.005201739653,0.0001620473353,0.0001060763752
438700000,0.002169863739,0.005316837339,0.0001920180739,2.257307352e-05
438800000,0.004958205593,0.004052900511,0.0001815929525,-6.537500727e-05
438900000,0.0068869353,0.001677695244,0.0001331006012,-0.0001392981962
439000000,0.007550859559,-0.001307326924,5.684915852e-05,-0.0001837341897
439100000,0.006811566196,-0.004272868723,-3.106456055e-05,-0.0001894619982
439200000,0.004826280036,-0.006594429251,-0.0001121528805,-0.0001554149816
439300000,0.002014443343,-0.007783805023,-0.0001694248844,-8.887617506e-05
439400000,-0.001030892591,-0.007591762212,-0.000190946388,-3.92092158e-06
439500000,-0.003668157726,-0.006060275838,-0.0001723264224,8.156028387e-05
439600000,-0.005342448271,-0.00351337068,-0.0001176122408,0.0001496290829
439700000,-0.005702307223,-0.0004885522845,-3.841060576e-05,0.000186063425
439800000,-0.004673509013,0.002376654994,4.857406366e-05,0.0001833287973
439900000,-0.00247435486,0.00447909634,0.000125062586,0.0001421358299
440000000,0.0004306605561,0.005376960302,0.0001750420374,7.126238286e-05
440100000,0.00342896122,0.004882609451,0.0001881178266,-1.431649126e-05
440200000,0.005889048477,0.003101777005,0.0001616751653,-9.659240885e-05
440300000,0.007293479688,0.0004109575192,0.0001014005547,-0.0001583129488
440400000,0.007347680604,-0.002622170057,2.005959105e-05,-0.0001865990864
440500000,0.006041722886,-0.005358477328,-6.52063659e-05,-0.0001756323228
440600000,0.003652111476,-0.007222041411,-0.0001364922473,-0.0001278509183
440700000,0.0006832564637,-0.007821360234,-0.0001788889625,-5.340943316e-05
440800000,-0.002238997867,-0.007031611641,-0.0001836013092,3.197895485e-05
440900000,-0.004499319017,-0.005020657835,-0.0001497721156,0.0001103589611
441000000,-0.005622480923,-0.002213364544,-8.46343757e-05,0.0001653085818
441100000,-0.005373297473,0.0007981828314,-1.965294556e-06,0.0001853795676
441200000,-0.003805869619,0.003379580928,8.082743925e-05,0.000166482238
441300000,-0.001251837522,0.00498776399,0.0001463709882,0.0001127179188
441400000,0.001749798938,0.005285247996,0.0001809725864,3.548975361e-05
441500000,0.004566426328,0.004210937537,0.0001774798401,-4.891551921e-05
441600000,0.006605123909,0.001992655929,0.0001367586729,-0.0001227620683
441700000,0.007437450508,-0.0009011575601,6.748362542e-05,-0.00017059154
441800000,0.006889465449,-0.003860344504,-1.570959351e-05,-0.0001824587306
441900000,0.005078077475,-0.006261653105,-9.53159363e-05,-0.0001559991359
442000000,0.002386120178,-0.007599992765,-0.0001546441215,-9.689862034e-05
442100000,-0.0006185484853,-0.007594679913,-0.0001813161237,-1.767223939e-05
442200000,-0.003302839451,-0.00624831649,-0.0001698493929,6.498564417e-05
442300000,-0.005101847129,-0.00384593464,-0.0001227831778,0.0001337189334
442400000,-0.005637757212,-0.0008946433357,-5.011770281e-05,0.0001741539385
442500000,-0.004799203647,0.001983439159,3.281023373e-05,0.000177904994
442600000,-0.002764401576,0.004182346642,0.0001085640156,0.0001443131137
442700000,3.6738971e-05,0.005239854353,0.0001612732673,8.055728408e-05
442800000,0.003013449244,0.004934631196,0.0001799584669,1.207281742e-07
442900000,0.005538685015,0.003332547434,0.0001608177015,-8.006029347e-05
443000000,0.007081188216,0.0007724652288,0.0001079993601,-0.0001431622768
443100000,0.007317228207,-0.002205418022,3.270391612e-05,-0.0001760041578
443200000,0.006198533797,-0.004973528892,-4.919089221e-05,-0.0001718003773
443300000,0.00396216352,-0.006949154863,-0.0001204780209,-0.000131562365
443400000,0.001080286594,-0.007717106395,-0.0001662363168,-6.385908637e-05
443500000,-0.001839502862,-0.007116981391,-0.0001769534435,1.70073714e-05
443600000,-0.004182300043,-0.005276677221,-0.0001505029701,9.402282553e-05
443700000,-0.005455412219,-0.002585135136,-9.256477337e-05,0.0001510405543
443800000,-0.005391992371,0.0003898786986,-1.54059725e-05,0.0001761663369
443900000,-0.00400697365,0.003021565123,6.471607999e-05,0.0001642393716
444000000,-0.001593581642,0.004756166784,0.000130979012,0.0001178916586
444100000,0.00133875564,0.005229487612,0.0001695272447,4.696852038e-05
444200000,0.004171938292,0.004343345021,0.0001723689525,-3.356242768e-05
444300000,0.006309463648,0.00228592124,0.0001390325173,-0.0001067698167
444400000,0.007301988255,-0.0005081908763,7.663923334e-05,-0.0001573180917
444500000,0.006941768033,-0.003449764987,-1.617462319e-06,-0.0001746798018
444600000,0.005306137569,-0.005919172426,-7.926156933e-05,-0.0001553277911
444700000,0.002740924989,-0.007396889898,-0.0001400031451,-0.0001034508644
444800000,-0.0002126562633,-0.00757280172,-0.0001711557762,-3.004791281e-05
444900000,-0.002932197068,-0.006411292677,-0.0001662859909,4.940375901e-05
445000000,-0.004845272628,-0.004158453492,-0.0001265413672,0.0001182116717
445100000,-0.005549953859,-0.001289933342,-6.038327144e-05,0.000161974999
445200000,-0.004899264227,0.00158950785,1.821412246e-05,0.0001715982959
445300000,-0.003031828729,0.003873521162,9.271528037e-05,0.0001451814773
445400000,-0.0003423315821,0.005081861273,0.0001475019032,8.839339636e-05
445500000,0.002601907327,0.004961356371,0.0001711469154,1.325592683e-05
445600000,0.005180593247,0.00353893758,0.0001587975807,-6.440076482e-05
445700000,0.006851117282,0.001115636059,0.0001131708038,-0.0001282731597
445800000,0.00726270763,-0.001797110349,4.395661987e-05,-0.0001650070092
445900000,0.006330071164,-0.00458537057,-3.423940773e-05,-0.0001669891655
446000000,0.00425106909,-0.006662099068,-0.000104978033,-0.0001339250103
446100000,0.001464755255,-0.007590726981,-0.0001534421782,-7.287473024e-05
446200000,-0.001441339432,-0.007176945664,-0.0001695403426,3.253794729e-06
446300000,-0.003855106612,-0.005509374044,-0.0001500076101,7.843386526e-05
446400000,-0.005268811467,-0.002940584424,-9.906690097e-05,0.000136893734
446500000,-0.005385915263,-1.254329338e-05,-2.751674062e-05,0.000166425105
446600000,-0.004183282625,0.002657757493,4.95575474e-05,0.0001609323665
446700000,-0.001915723449,0.004508329518,0.0001159641602,0.0001216902998
446800000,0.0009380058207,0.005150463974,0.0001578062072,5.70508684e-05
446900000,0.003776283979,0.004450366434,0.0001663896887,-1.933397647e-05
447000000,0.006001442246,0.002557019816,0.0001400296018,-9.13953855e-05
447100000,0.007145592323,-0.0001295129855,8.437904368e-05,-0.0001440277769
447200000,0.006968989649,-0.003042601574,1.121741115e-05,-0.0001662550829
447300000,0.005510263974,-0.005568533465,-6.404265341e-05,-0.0001535194494
447400000,0.003077991267,-0.007175791546,-0.0001256019806,-0.0001086152128
447500000,0.0001854304793,-0.00752689884,-0.0001605913667,-4.107690642e-05
447600000,-0.002557785673,-0.006549289545,-0.0001617616977,3.484489548e-05
447700000,-0.004574153563,-0.004450308939,-0.0001289854203,0.0001031902372
447800000,-0.00543989882,-0.001673231463,-6.925845435e-05,0.0001496446291
447900000,-0.004974054773,0.001196373033,4.792621212e-06,0.0001645369187
448000000,-0.003276286809,0.003554134205,7.757965597e-05,0.0001448523887
448100000,-0.0007055625736,0.004904178797,0.0001338341289,9.484210758e-05
448200000,0.002195754004,0.004963414291,0.0001618098313,2.510557282e-05
448300000,0.004816322367,0.003720876467,0.0001557352868,-4.965553749e-05
448400000,0.006604620183,0.00143971448,0.0001170039335,-0.0001137365367
448500000,0.007184991275,-0.001398527227,5.385673735e-05,-0.0001537285491
448600000,0.006436543029,-0.004195536942,-2.037090556e-05,-0.0001613240873
448700000,0.004518328505,-0.006362339349,-9.006511554e-05,-0.0001350424155
448800000,0.00183556085,-0.007443309253,-0.0001406177451,-8.051643225e-05
448900000,-0.001045978526,-0.007211984781,-0.0001614881023,-9.285896572e-06
449000000,-0.003519268806,-0.005718520931,-0.0001484005157,6.364457347e-05
449100000,-0.005063945501,-0.003278825852,-0.0001042196408,0.0001229660144
449200000,-0.005355803172,-0.0004077247965,-3.832445524e-05,0.0001562784642
449300000,-0.004334849143,0.00228970158,3.53824642e-05,0.0001566827016
449400000,-0.002217620887,0.004245655654,0.0001014079068,0.0001242087198
449500000,0.0005487500855,0.00504914507,0.0001459245238,6.57852576e-05
449600000,0.00338096896,0.004532330957,0.0001596664139,-6.238129293e-06
449700000,0.005682552699,0.002805573439,0.000139857477,-7.67012928e-05
449800000,0.00696942855,0.0002338709395,9.077128227e-05,-0.0001308243576
449900000,0.006971723579,-0.002640273972,2.280974922e-05,-0.0001573076614
450000000,0.00569035282,-0.005211270891,-4.970087141e-05,-0.0001506906259
450100000,0.003396540377,-0.006938023786,-0.0001115297711,-0.0001124771817
450200000,0.0005744229052,-0.007457809408,-0.0001497406258,-5.07959011e-05
450300000,-0.002181132347,-0.006662481015,-0.0001563980258,2.132873401e-05
450400000,-0.004289933339,-0.004720974571,-0.0001302151195,8.872634412e-05
450500000,-0.005308647854,-0.002043422488,-7.680044124e-05,0.000137271345
450600000,-0.005024021458,0.0008055032225,-7.45701546e-06,0.0001568432804
450700000,-0.003497519164,0.003225697919,6.320922622e-05,0.0001434364296
450800000,-0.001052049459,0.004708044213,0.0001203657356,9.99789999e-05
450900000,0.001796350377,0.004941507146,0.0001520664585,3.569451098e-05
451000000,0.004447402767,0.003878383934,0.0001517484114,-3.585553953e-05
451100000,0.006343073971,0.001744034576,0.000119590018,-9.963242317e-05
451200000,0.007085012821,-0.001010879312,6.245015495e-05,-0.0001422809165
451300000,0.006518243294,-0.003805527771,-7.594351647e-06,-0.0001549257614
451400000,0.004763534428,-0.006051348244,-7.580101291e-05,-0.0001350183378
451500000,0.002191681131,-0.00727598817,-0.0001278643984,-8.684937423e-05
451600000,-0.0006548414393,-0.007222657163,-0.0001529163266,-2.062476634e-05
451700000,-0.003176307196,-0.005903982525,-0.0001457943518,4.969656284e-05
451800000,-0.004842113747,-0.00359905939,-0.0001081051009,0.0001093447606
451900000,-0.005302460908,-0.0007943702616,-4.786354464e-05,0.0001458410383
452000000,-0.004461814457,0.001918915062,2.221113914e-05,0.0001516081106
452100000,-0.002498722715,0.003969565122,8.738084384e-05,0.0001255430455
452200000,0.0001721152,0.004926554179,0.0001339880799,7.322611208e-05
452300000,0.002987457476,0.004589650191,0.0001523179638,5.726560778e-06
452400000,0.005354287857,0.003031296053,0.0001386229461,-6.273918666e-05
452500000,0.006774703814,0.000581038212,9.588835004e-05,-0.0001178015524
452600000,0.006950636653,-0.002244146447,3.318247819e-05,-0.0001479535123
452700000,0.005846390779,-0.004848902647,-3.626740903e-05,-0.0001469551376
452800000,0.00369588213,-0.006684938179,-9.786508041e-05,-0.0001151245534
452900000,0.000953099888,-0.007366433859,-0.000138712843,-5.924831515e-05
453000000,-0.001803731456,-0.006751126961,-0.0001503119485,8.86517581e-06
453100000,-0.003994064496,-0.004970015448,-0.0001303305489,7.488094831e-05
453200000,-0.005157305742,-0.00239946891,-8.307148405e-05,0.0001249541871
453300000,-0.005049688989,0.0004183193578,-1.854627679e-05,0.0001486335887
453400000,-0.003695360604,0.002889716996,4.964549748e-05,0.0001410425297
453500000,-0.001380972797,0.004494728991,0.0001071823296,0.0001038828919
453600000,0.001404996728,0.004896405705,0.0001420283842,4.505501472e-05
453700000,0.004075341081,0.004011568315,0.0001469510156,-2.302165182e-05
453800000,0.00606787398,0.00202802018,0.0001210216486,-8.603028592e-05
453900000,0.006963762384,-0.0006353051663,6.978863946e-05,-0.0001307674169
454000000,0.006575548543,-0.003416803558,4.090476519e-06,-0.0001479095347
454100000,0.004986371002,-0.00573060011,-6.223691275e-05,-0.0001339559185
454200000,0.002532174858,-0.007089941185,-0.000115273814,-9.194289097e-05
454300000,-0.0002692960096,-0.007209595412,-0.0001439378002,-3.078391182e-05
454400000,-0.002827727683,-0.006065713679,-0.0001422992704,3.662123162e-05
454500000,-0.004604642811,-0.003900572213,-0.0001108076948,9.610709364e-05
454600000,-0.005226756531,-0.001171249971,-5.617506055e-05,0.0001352193271
454700000,-0.004564405775,0.001546885008,1.005434474e-05,0.0001458220207
454800000,-0.002758568211,0.00368148888,7.394312577e-05,0.000125789805
454900000,-0.0001908480776,0.004783764871,0.0001220936158,7.943286411e-05
455000000,0.002597168268,0.004622814656,0.0001444572353,1.657008884e-05
455100000,0.005018135138,0.003233992496,0.0001364313154,-4.955043322e-05
455200000,0.006562660735,0.0009111498581,9.980589131e-05,-0.000105043228
455300000,0.006906465057,-0.001855524364,4.236581078e-05,-0.0001383012551
455400000,0.005978452862,-0.004482924978,-2.376366584e-05,-0.0001424234765
455500000,0.003975415032,-0.006417906345,-8.467624877e-05,-0.0001166464997
455600000,0.001320310662,-0.007253730184,-0.0001276087938,-6.648336253e-05
455700000,-0.001427040151,-0.006815570153,-0.0001436154156,-2.544848219e-06
455800000,-0.003688003329,-0.005197087374,-0.0001294313013,6.170475438e-05
455900000,-0.004987021154,-0.002740412675,-8.813796273e-05,0.000112782819
456000000,-0.005051656803,3.619094481e-05,-2.849451694e-05,0.0001400175142
456100000,-0.003869735724,0.002547683521,3.692003789e-05,0.0001377772825
456200000,-0.001691599056,0.004265533435,9.435959823e-05,0.0001066349428
456300000,0.001022929402,0.004828944887,0.000131799378,5.322586722e-05
456400000,0.00370161543,0.004120623861,0.0001414530769,-1.116545712e-05
456500000,0.005780428423,0.00229118469,0.0001213919107,-7.29894665e-05
456600000,0.006822281609,-0.0002728690008,7.592891007e-05,-0.0001192825305
456700000,0.006608914653,-0.003030781324,1.469215713e-05,-0.0001403850769
456800000,0.005186612708,-0.005401565837,-4.941400917e-05,-0.0001319569496
456900000,0.002856183125,-0.006886383001,-0.0001029281396,-9.586956406e-05
457000000,0.0001093469152,-0.00717350222,-0.0001346582422,-3.979157566e-05
457100000,-0.002475016517,-0.006203757376,-0.0001380222947,2.444044725e-05
457200000,-0.00435288109,-0.004182739075,-0.0001124132874,8.332022648e-05
457300000,-0.005129616704,-0.001537202776,-6.330576508e-05,0.000124511626
457400000,-0.004642933321,0.001175063357,-1.085902661e-06,0.0001394330737
457500000,-0.002996786567,0.003382863558,6.114495326e-05,0.0001250451525
457600000,-0.0005391668477,0.004621895946,0.000110328813,8.446904655e-05
457700000,0.002211470663,0.004632390092,0.0001361908603,2.631014862e-05
457800000,0.00467557137,0.003413556943,0.0001333857242,-3.716673011e-05
457900000,0.006334572368,0.001223451525,0.0001026019218,-9.262364882e-05
458000000,0.00684001,-0.001475651008,5.039635602e-05,-0.0001284519874
458100000,0.006086699965,-0.004114807653,-1.220197656e-05,-0.0001372022646
458200000,0.004234626226,-0.006138314583,-7.202179469e-05,-0.0001171327736
458300000,0.001674977167,-0.007120709094,-0.0001165207386,-7.255515231e-05
458400000,-0.001052474119,-0.006856232982,-0.0001364149511,-1.290857345e-05
458500000,-0.003373204616,-0.005401935865,-0.0001276157604,4.923875467e-05
458600000,-0.004798981479,-0.003065376624,-9.206950415e-05,0.0001008376896
458700000,-0.005030595081,-0.0003395675423,-3.732809574e-05,0.0001310979426
458800000,-0.004020656949,0.002201071975,2.505513444e-05,0.0001337443414
458900000,-0.001983281088,0.004021781335,8.196362806e-05,0.0001083178198
459000000,0.0006513179943,0.0047400192,0.0001214753043,6.025147605e-05
459100000,0.003327670864,0.004205827922,0.0001353600169,-2.899921784e-07
459200000,0.00548215306,0.002533130591,0.0001207936272,-6.05596425e-05
459300000,0.006661658681,7.544126891e-05,8.093175668e-05,-0.0001079119876
459400000,0.006618873204,-0.002648830645,2.422680293e-05,-0.0001324560545
459500000,0.005364122925,-0.0050657077,-3.73640912e-05,-0.0001291212173
459600000,0.003162930378,-0.006666560327,-9.090022732e-05,-9.870437315e-05
459700000,0.0004798367298,-0.007115146133,-0.0001251761361,-4.768228381e-05
459800000,-0.002119635492,-0.006318242391,-0.000133066784,1.316724079e-05
459900000,-0.004088193436,-0.004445022365,-0.0001130084065,7.104184606e-05
460000000,-0.005012021941,-0.001891138531,-6.930725665e-05,0.0001138080159
460100000,-0.004697787184,0.0008048626212,-1.121556666e-05,0.0001325447281
460200000,-0.003213095987,0.003075126205,4.902708905e-05,0.0001234041668
460300000,-0.0008719476098,0.004442106338,9.877244312e-05,8.840143608e-05
460400000,0.00183168092,0.004619013587,0.000127618956,3.497130114e-05
460500000,0.004328057796,0.003569971072,0.0001295865517,-2.561073804e-05
460600000,0.006091736916,0.001517274073,0.0001043560174,-8.060777648e-05
460700000,0.006752133243,-0.001105704685,5.7316261e-05,-0.0001184991918
460800000,0.006171376161,-0.003745989375,-1.586336146e-06,-0.0001313937888
460900000,0.004473091118,-0.005847558568,-5.995085516e-05,-0.0001166729707
461000000,0.002016096093,-0.006968429112,-0.0001055324872,-7.752183224e-05
461100000,-0.0006814035594,-0.006873613979,-0.0001288113288,-2.224060794e-05
461200000,-0.003051116475,-0.005584394843,-0.000124980458,3.751479366e-05
461300000,-0.004594407629,-0.003373565612,-9.493815599e-05,8.919025079e-05
461400000,-0.004987240612,-0.0007076999838,-4.507954381e-05,0.0001219708003
461500000,-0.004148222321,0.001851334418,1.406446154e-05,0.0001290438922
461600000,-0.002255458313,0.00376481468,7.005126708e-05,0.0001090149299
461700000,0.0002912628315,0.004630578084,0.0001111441042,6.618102515e-05
461800000,0.002954915029,0.004267537907,0.0001287723067,9.609502963e-06
461900000,0.005174465959,0.002753548665,0.0001193186722,-4.878132111e-05
462000000,0.006483023291,0.0004087156601,8.486120701e-05,-9.673290382e-05
462100000,0.006606027711,-0.002272269942,3.271725694e-05,-0.000124219881
462200000,0.005518852216,-0.004724474356,-2.611014971e-05,-0.0001255459198
462300000,0.003451725115,-0.006431746635,-7.925391672e-05,-0.0001005239056
462400000,0.0008409860412,-0.007035357173,-0.0001155826311,-5.449601353e-05
462500000,-0.001763017338,-0.00640938071,-0.0001275319736,2.806505905e-06
462600000,-0.003811955878,-0.004686971856,-0.0001126795217,5.932053282e-05
462700000,-0.004875001782,-0.002232040227,-7.423513826e-05,0.0001031904166
462800000,-0.004729433946,0.0004376518176,-2.034782398e-05,0.0001252549359
462900000,-0.003407302496,0.002759709149,3.762139914e-05,0.0001209602211
463000000,-0.00118837749,0.004245589984,8.74945701e-05,9.129924926e-05
463100000,0.001459058839,0.004583389541,0.0001188349479,4.25841662e-05
463200000,0.003977035241,0.003703301971,0.0001251308982,-1.489672418e-05
463300000,0.005835472474,0.001792033863,0.0001051485647,-6.905161402e-05
463400000,0.006643752526,-0.000746796126,6.317238797e-05,-0.0001085287091
463500000,0.006232805772,-0.00337787342,8.086877073e-06,-0.0001250956095
463600000,0.004690472712,-0.005547038136,-4.850365763e-05,-0.0001153558581
463700000,0.002342740606,-0.006797991608,-9.471952113e-05,-8.144477898e-05
463800000,-0.0003151494186,-0.006868284154,-0.0001208993213,-3.056215451e-05
463900000,-0.002723175353,-0.005744385034,-0.0001216195025,2.6556151e-05
464000000,-0.004374548858,-0.003664267328,-9.681761686e-05,7.790322376e-05
464100000,-0.004922392519,-0.00106701166,-5.178675608e-05,0.0001127249502
464200000,-0.004252613033,0.001499895854,3.953754603e-06,0.0001237722005
464300000,-0.002507656576,0.003495988405,5.86705247e-05,0.0001088097144
464400000,-5.620725449e-05,0.00450162116,0.0001008858386,7.106766699e-05
464500000,0.002584714058,0.00430618803,0.0001217851459,1.854484413e-05
464600000,0.004858782378,0.002952216919,0.0001170573538,-3.768635787e-05
464700000,0.006287541578,0.0007261234508,8.778374422e-05,-8.581396836e-05
464800000,0.006571049684,-0.001902363028,4.019230963e-05,-0.0001157675361
464900000,0.005650836347,-0.004379295999,-1.566699646e-05,-0.0001213251579
465000000,0.003721960283,-0.006183236945,-6.804436099e-05,-0.0001014056256
465100000,0.001191673351,-0.006935022353,-0.0001059615066,-6.027739508e-05
465200000,-0.001406561315,-0.006477464713,-0.0001215125885,-6.644303408e-06
465300000,-0.003525550426,-0.004908224156,-0.0001115123876,4.819621193e-05
465400000,-0.004719629897,-0.002558965826,-7.814823039e-05,9.27326977e-05
465500000,-0.004738413134,7.475264764e-05,-2.850231202e-05,0.0001176558908
465600000,-0.003579298466,0.002438034995,2.695141279e-05,0.0001178044229
465700000,-0.001487725163,0.004033570696,7.655680125e-05,9.32333927e-05
465800000,0.001094804652,0.004526285489,0.0001099254601,4.918464083e-05
465900000,0.003623919462,0.003813699789,0.0001201121392,-5.03121132e-06
466000000,0.00556711182,0.002047232729,0.0001050600724,-5.800258672e-05
466100000,0.006515836903,-0.0003999661786,6.801552996e-05,-9.86187718e-05
466200000,0.006271390229,-0.003011823482,1.682818564e-05,-0.0001184002422
466300000,0.004886520648,-0.005238152167,-3.771201714e-05,-0.0001132687698
466400000,0.002654061782,-0.006610535794,-8.414916843e-05,-8.438783703e-05
466500000,4.502012286e-05,-0.006840883158,-0.000112767517,-3.790025276e-05
466600000,-0.002390801173,-0.005881912113,-0.0001176240785,1.637813719e-05
466700000,-0.004140677586,-0.003936852791,-9.778252355e-05,6.703090802e-05
466800000,-0.004836907859,-0.00141637201,-5.749221741e-05,0.0001034421499
466900000,-0.004334090736,0.0011481498,-5.278516668e-06,0.0001180212293
467000000,-0.002739487721,0.003216665229,4.786100293e-05,0.0001077850081
467100000,-0.0003901368464,0.00435419342,9.07727874e-05,7.496775759e-05
467200000,0.002218388703,0.004322285865,0.0001144882107,2.653417526e-05
467300000,0.004536509757,0.003128999228,0.0001140978651,-2.729849455e-05
467400000,0.006076411047,0.001026914201,8.976757674e-05,-7.521567996e-05
467500000,0.00651467455,-0.001540315931,4.668594152e-05,-0.0001071834515
467600000,0.005760194057,-0.004031579689,-6.041889629e-06,-0.0001165494949
467700000,0.003973113365,-0.00592234265,-5.731838953e-05,-0.0001014272021
467800000,0.001530845448,-0.00681508109,-9.638919784e-05,-6.507495011e-05
467900000,-0.001051629026,-0.006522864141,-0.0001150985265,-1.519448135e-05
468000000,-0.003230359973,-0.005108501865,-0.0001095914528,3.770062966e-05
468100000,-0.004547019154,-0.002871049783,-8.110783051e-05,8.25008404e-05
468200000,-0.004725333486,-0.0002825640723,-3.570439514e-05,0.0001098338435
468300000,-0.003729060878,0.002111511764,1.703289556e-05,0.0001140251219
468400000,-0.00176934146,0.003807297034,6.601257971e-05,9.427576813e-05
468500000,0.0007400561815,0.004448527791,0.0001009702666,5.481314812e-05
468600000,0.003270096687,0.003901395152,0.0001146195474,3.986372622e-06
468700000,0.005287997274,0.002282457665,0.0001041705452,-4.749995408e-05
468800000,0.006369401996,-6.618379639e-05,7.189966735e-05,-8.884009321e-05
468900000,0.006287604725,-0.002649159764,2.465430928e-05,-0.000111394905
469000000,0.005061069965,-0.004922293589,-2.759985272e-05,-0.0001104970686
469100000,0.002949289725,-0.00640723371,-7.38808254e-05,-8.641660753e-05
469200000,0.0003978928961,-0.006792115296,-0.0001044982012,-4.428704525e-05
469300000,-0.002055392651,-0.005997064586,-0.000113082013,6.988696142e-06
469400000,-0.003894084268,-0.004190776559,-9.790779544e-05,5.661952662e-05
469500000,-0.004731697126,-0.001754717112,-6.224226321e-05,9.419706784e-05
469600000,-0.004392994615,0.0007974540598,-1.364048049e-05,0.0001118783243
469700000,-0.002950648866,0.002928210574,3.765435269e-05,0.0001060224603
469800000,-0.0007096455637,0.004189380357,8.086959977e-05,7.794013625e-05
469900000,0.001857210715,0.004316408715,0.0001069654662,3.36012583e-05
470000000,0.004209042865,0.003283843713,0.0001105258005,-1.763391016e-05
470100000,0.005850855496,0.001310418467,9.088196079e-05,-6.499062369e-05
470200000,0.006437697428,-0.001187273988,5.223659471e-05,-9.854545615e-05
470300000,0.005847124583,-0.003682704873,2.764839706e-06,-0.0001113055832
470400000,0.00420474617,-0.005650386406,-4.711490144e-05,-0.0001006658969
470500000,0.001857519502,-0.006676520535,-8.693487421e-05,-6.894036926e-05
470600000,-0.0006995404566,-0.00654602286,-0.0001083746066,-2.285938999e-05
470700000,-0.002927763306,-0.005287612454,-0.0001069993322,2.785784905e-05
470800000,-0.004358316659,-0.00316750427,-8.317702071e-05,7.255314539e-05
470900000,-0.004690869061,-0.0006330817213,-4.198445367e-05,0.0001018689783
471000000,-0.003856649319,0.001781528199,7.874429624e-06,0.0001097074834
471100000,-0.002032659685,0.00356803722,5.59075129e-05,9.449863271e-05
471200000,0.0003958862923,0.004350997224,9.204230011e-05,5.951391953e-05
471300000,0.002916919363,0.003966696358,0.0001087379804,1.21630497e-05
471400000,0.004999475641,0.002497380207,0.0001025589171,-3.757524678e-05
471500000,0.006205505205,0.0002536556721,7.48812673e-05,-7.925600527e-05
471600000,0.00628199469,-0.002291155296,3.158747761e-05,-0.0001041613298
471700000,0.005214039586,-0.004600844523,-1.818371731e-05,-0.0001071236713
471800000,0.00322773439,-0.006189285194,-6.396621828e-05,-8.759778808e-05
471900000,0.0007423157207,-0.006722745399,-9.61672959e-05,-4.975907103e-05
472000000,-0.001718322789,-0.00609001143,-0.0001080774072,-1.610990635e-06
472100000,-0.003636072308,-0.004425576628,-9.726803613e-05,4.670760174e-05
472200000,-0.004607719655,-0.002081051861,-6.608637751e-05,8.505735262e-05
472300000,-0.004429738265,0.0004491267264,-2.114620523e-05,0.0001054259627
472400000,-0.003140921393,0.002631987587,2.807474953e-05,0.0001036020177
472500000,-0.001013929384,0.00400830307,7.12334882e-05,8.004545147e-05
472600000,0.001502399469,0.004289199827,9.929504092e-05,3.977478433e-05
472700000,0.00387775909,0.00341678085,0.000106423736,-8.701779879e-06
472800000,0.005612119973,0.001576048221,9.119657621e-05,-5.51837832e-05
472900000,0.006340968805,-0.0008443192144,5.688647619e-05,-8.992477739e-05
473000000,0.005911904963,-0.003334019102,1.075916484e-05,-0.0001056758553
473100000,0.004416504334,-0.005368697089,-3.746528381e-05,-9.919801017e-05
473200000,0.00217078487,-0.00652037085,-7.766056607e-05,-7.192783087e-05
473300000,-0.0003515702506,-0.006547455441,-0.0001014203784,-2.96597941e-05
473400000,-0.002619130248,-0.005445446869,-0.0001038163403,1.868475934e-05
473500000,-0.004154698784,-0.003447620101,-8.442002424e-05,6.294048011e-05
473600000,-0.004635755209,-0.0009756409194,-4.737719883e-05,9.383534774e-05
473700000,-0.003962203745,0.001449449239,-5.220034983e-07,0.0001049331243
473800000,-0.002277195628,0.003317074088,4.627973094e-05,9.397401439e-05
473900000,6.330062364e-05,0.004234624468,8.320771141e-05,6.333431289e-05
474000000,0.002565702118,0.004009986356,0.0001025476304,1.951165612e-05
474100000,0.004702893248,0.002691755542,0.0001003025445,-2.82527231e-05
474200000,0.006025240866,0.0005587318986,7.701862754e-05,-6.992264052e-05
474300000,0.006255172099,-0.001939032521,3.765476285e-05,-9.677563286e-05
474400000,0.005345430546,-0.004275171565,-9.473335922e-06,-0.0001032286353
474500000,0.003488786097,-0.005957912879,-5.444969987e-05,-8.799856374e-05
474600000,0.001077197106,-0.006633594581,-8.78443534e-05,-5.435658947e-05
474700000,-0.001380934563,-0.006160999506,-0.0001026903295,-9.425902759e-06
474800000,-0.003367953047,-0.004640874045,-9.593699144e-05,3.732635507e-05
474900000,-0.004465978978,-0.002394451864,-6.907653048e-05,7.608374888e-05
475000000,-0.004444806375,0.000104442405,-2.781505587e-05,9.874156186e-05
475100000,-0.003310169672,0.002329352291,1.91393833e-05,0.0001006014665
475200000,-0.001302261667,0.00381211335,6.19144623e-05,8.134553392e-05
475300000,0.001155118859,0.004241364453,9.1549155e-05,4.508770942e-05
475400000,0.003544013907,0.003527921346,0.0001018708698,-5.048369381e-07
475500000,0.00536146576,0.001823296967,9.07809555e-05,-4.583288262e-05
475600000,0.006225390108,-0.0005124679619,6.068089539e-05,-8.138609163e-05
475700000,0.00595488712,-0.002986833951,1.795274893e-05,-9.973827357e-05
475800000,0.004608116534,-0.005078604857,-2.839384958e-05,-9.709838395e-05
475900000,0.002469804602,-0.006347700431,-6.862133465e-05,-7.40933622e-05
476000000,-8.944228443e-06,-0.00652774356,-9.430998953e-05,-3.562121495e-05
476100000,-0.002305816936,-0.00558197787,-0.000100120085,1.019159413e-05
476200000,-0.003937366206,-0.003710767357,-8.490161148e-05,5.370656051e-05
476300000,-0.004560784417,-0.001309142302,-5.192101663e-05,8.580085948e-05
476400000,-0.004045941998,0.001116611684,-8.160442581e-06,9.977980919e-05
476500000,-0.002502547286,0.003055700098,3.716026969e-05,9.277318188e-05
476600000,-0.0002567643893,0.004100385532,7.452597566e-05,6.632416828e-05
476700000,0.002217717944,0.004031719536,9.612383185e-05,2.605021956e-05
476800000,0.004399591103,0.002865421339,9.74767571e-05,-1.954983955e-05
476900000,0.005829735397,0.0008483006935,7.837126549e-05,-6.088915242e-05
477000000,0.006207811628,-0.001593960115,4.288743603e-05,-8.930823919e-05
477100000,0.00545532397,-0.003946621235,-1.472147264e-06,-9.888880424e-05
477200000,0.00373191576,-0.005714357219,-4.536857564e-05,-8.76860494e-05
477300000,0.001401509677,-0.006525535887,-7.959259913e-05,-5.812293682e-05
477400000,-0.001044536811,-0.006210350752,-9.69965672e-05,-1.646658712e-05
477500000,-0.003091040837,-0.004836372237,-9.398706297e-05,2.850012766e-05
477600000,-0.004307518108,-0.002694065044,-7.126655673e-05,6.733025579e-05
477700000,-0.004438751235,-0.0002353713179,-3.367106805e-05,9.189734403e-05
477800000,-0.003458339514,0.00202164886,1.085895687e-05,9.709603272e-05
477900000,-0.001573993878,0.003601988773,5.295559611e-05,8.190281706e-05
478000000,0.0008164744554,0.004173665786,8.379410162e-05,4.957661792e-05
478100000,0.003209136513,0.003617453766,9.694272166e-05,6.960067247e-06
478200000,0.005100165421,0.002051739575,8.970396539e-05,-3.696875297e-05
478300000,0.006091909194,-0.0001926688582,6.366763793e-05,-7.298762098e-05
478400000,0.005976494751,-0.002642421168,2.436234257e-05,-9.356613791e-05
478500000,0.004779393429,-0.004781436304,-1.991828967e-05,-9.443996146e-05
478600000,0.002753816656,-0.006159611107,-5.98654797e-05,-7.549424435e-05
478700000,0.0003271638421,-0.006487532251,-8.711210617e-05,-4.07733061e-05
478800000,-0.001989161261,-0.005697258119,-9.598511836e-05,2.382453457e-06
478900000,-0.003707538975,-0.003956395712,-8.468655538e-05,4.488826186e-05
479000000,-0.004466802044,-0.001632549021,-5.565734292e-05,7.782731135e-05
479100000,-0.004108157114,0.0007843200514,-1.505037282e-05,9.432120348e-05
479200000,-0.002708394302,0.002785212434,2.857347333e-05,9.096616823e-05
479300000,-0.0005634432049,0.003949297115,6.605003967e-05,6.853520307e-05
479400000,0.001874194615,0.004032418334,8.953692349e-05,3.180135312e-05
479500000,0.004090900171,0.003018296312,9.415446466e-05,-1.147773083e-05
479600000,0.005620142438,0.00112169483,7.899935322e-05,-5.219796893e-05
479700000,0.006140646674,-0.001257050086,4.732034914e-05,-8.182385733e-05
479800000,0.005543878813,-0.003616515602,5.822155614e-06,-9.417751077e-05
479900000,0.003956674821,-0.005459871562,-3.675345406e-05,-8.672678292e-05
480000000,0.00171429231,-0.006399489866,-7.146901889e-05,-6.110391743e-05
480100000,-0.0007104003423,-0.006238459176,-9.106743309e-05,-2.274857516e-05
480200000,-0.00280664821,-0.005011856063,-9.148887573e-05,2.024681433e-05
480300000,-0.004133414802,-0.002979112942,-7.271157565e-05,5.884432248e-05
480400000,-0.004412189082,-0.0005691371636,-3.87423432e-05,8.496025236e-05
480500000,-0.00358545637,0.001710205049,3.238189313e-06,9.31580377e-05
480600000,-0.001828556028,0.003379127803,4.439332421e-05,8.177980549e-05
480700000,0.0004875109322,0.004086920777,7.609027442e-05,5.328111563e-05
480800000,0.002874425665,0.003685641951,9.171088731e-05,1.370140859e-05
480900000,0.004829497918,0.002261031821,8.803334043e-05,-2.861571805e-05
481000000,0.005941515781,0.0001141989679,6.589637697e-05,-6.478127008e-05
481100000,0.005977220039,-0.002302009046,3.000919702e-05,-8.722794547e-05
481200000,0.004930226334,-0.004478509753,-1.205013491e-05,-9.129340064e-05
481300000,0.003022134818,-0.005957233335,-5.143477987e-05,-7.618846126e-05
481400000,0.000655635219,-0.006427526015,-7.988988201e-05,-4.514925417e-05
481500000,-0.00167047847,-0.005791418034,-9.148264198e-05,-4.744174559e-06
481600000,-0.003466451623,-0.004184034483,-8.383913605e-05,3.651595359e-05
481700000,-0.004354701962,-0.001944888966,-5.863007159e-05,6.997046981e-05
481800000,-0.004149214422,0.0004538426475,-2.120616224e-05,8.862667959e-05
481900000,-0.002894497133,0.002506908191,2.05374116e-05,8.862134685e-05
482000000,-0.0008559425755,0.003782411927,5.782650575e-05,7.002044732e-05
482100000,0.00153631135,0.00401266968,8.285216129e-05,3.679166902e-05
482200000,0.003778136802,0.003150378535,9.040581796e-05,-4.041694671e-06
482300000,0.005397638006,0.001378324576,7.896319838e-05,-4.388507457e-05
482400000,0.006054465262,-0.0009293551296,5.099134593e-05,-7.438150017e-05
482500000,0.005611329374,-0.003286148089,1.241708968e-05,-8.916433208e-05
482600000,0.0041626949,-0.005195717292,-2.862861636e-05,-8.518626856e-05
482700000,0.002014652,-0.006256420066,-6.352448573e-05,-6.334723104e-05
482800000,-0.0003797542579,-0.006245787662,-8.496962364e-05,-2.829181481e-05
482900000,-0.00251608117,-0.005167190594,-8.851089846e-05,1.257830802e-05
483000000,-0.003944776809,-0.003248891744,-7.346745422e-05,5.066707581e-05
483100000,-0.004365796301,-0.0008957311959,-4.306046713e-05,7.799191525e-05
483200000,-0.0036916233,0.001396327788,-3.72368074e-06,8.885660737e-05
483300000,-0.002065456813,0.003144744945,3.625776174e-05,8.103859066e-05
483400000,0.0001692097672,0.003981995867,6.84922377e-05,5.624325456e-05
483500000,0.002541145716,0.003732822213,8.62428447e-05,1.973244531e-05
483600000,0.004550743817,0.002450909661,8.583526726e-05,-2.079199503e-05
483700000,0.005775236838,0.0004073273743,6.741812339e-05,-5.681279877e-05
483800000,0.005957620182,-0.001966779027,3.491849603e-05,-8.078730006e-05
483900000,0.005060585637,-0.004171130666,-4.795223128e-06,-8.772673999e-05
484000000,0.003274149331,-0.00574172139,-4.336476113e-05,-7.623419311e-05
484100000,0.0009754088965,-0.00634848481,-7.270097255e-05,-4.87852066e-05
484200000,-0.001351056948,-0.005864663409,-8.668026484e-05,-1.119489626e-05
484300000,-0.003215348327,-0.00439329238,-8.24226938e-05,2.861385358e-05
484400000,-0.004225422133,-0.002245256708,-6.088499753e-05,6.228018729e-05
484500000,-0.004169548451,0.0001264078487,-2.664651178e-05,8.276117367e-05
484600000,-0.003060695938,0.00222207967,1.306430718e-05,8.580505841e-05
484700000,-0.00113354266,0.003600813992,4.989584731e-05,7.083372004e-05
484800000,0.001205195714,0.003973121288,7.612967757e-05,4.105121472e-05
484900000,0.003462598308,0.003261743504,8.629792108e-05,2.75832254e-06
485000000,0.005163415673,0.001617677946,7.832277104e-05,-3.598031603e-05
485100000,0.005950105842,-0.0006118662592,5.394070292e-05,-6.703454711e-05
485200000,0.005657982606,-0.002956779478,1.832485489e-05,-8.391489668e-05
485300000,0.004349687171,-0.004923159054,-2.101240119e-05,-8.312856934e-05
485400000,0.002301765429,-0.006097328481,-5.580392196e-05,-6.490193737e-05
485500000,-5.378251257e-05,-0.006232864603,-7.876512526e-05,-3.312011992e-05
485600000,-0.002220634608,-0.005302319647,-8.511911453e-05,5.500949759e-06
485700000,-0.003742737106,-0.003502773003,-7.359031252e-05,4.283357577e-05
485800000,-0.004300305502,-0.001214085599,-4.66599546e-05,7.104865415e-05
485900000,-0.003777018694,0.001081298937,-1.003239542e-05,8.425743163e-05
486000000,-0.002284283485,0.002900065937,2.857304368e-05,7.974041355e-05
486100000,-0.0001375127795,0.003859802624,6.104883457e-05,5.850699116e-05
486200000,0.002210522858,0.003759400353,8.060180933e-05,2.507068563e-05
486300000,0.004265180599,0.002621188231,8.317401811e-05,-1.351010554e-05
486400000,0.005594131935,0.0006859804081,6.828471526e-05,-4.912202605e-05
486500000,0.005918313784,-0.001637862558,3.911880897e-05,-7.430286692e-05
486600000,0.005170518975,-0.00386058722,1.845832479e-06,-8.380511457e-05
486700000,0.003509327248,-0.005514248593,-3.568498869e-05,-7.56893539e-05
486800000,0.001285484049,-0.006251219925,-6.559758978e-05,-5.171972861e-05
486900000,-0.001032154194,-0.00591727282,-8.164181022e-05,-1.698090294e-05
487000000,-0.002955478156,-0.004583856991,-8.049922964e-05,2.120039732e-05
487100000,-0.004079940121,-0.002532815162,-6.246929526e-05,5.480055402e-05
487200000,-0.004169659661,-0.0001967993874,-3.13939219e-05,7.678508898e-05
487300000,-0.003206909218,0.001932009797,6.160969115e-06,8.25812869e-05
487400000,-0.001395597851,0.003405613943,4.229265169e-05,7.102914676e-05
487500000,0.0008819207817,0.003914477819,6.942448301e-05,4.461293372e-05
487600000,0.003145558713,0.00335254198,8.189459303e-05,8.927243236e-06
487700000,0.004918681804,0.001839320656,7.713727567e-05,-2.850772708e-05
487800000,0.00582845301,-0.0003055107055,5.621060239e-05,-5.983084364e-05
487900000,0.005684215219,-0.002629634122,2.356181904e-05,-7.849073852e-05
488000000,0.004517441467,-0.004643460068,-1.391759982e-05,-8.061594727e-05
488100000,0.002574880259,-0.005923250966,-4.834649191e-05,-6.581795858e-05
488200000,0.0002663792912,-0.006200280374,-7.251116482e-05,-3.726063998e-05
488300000,-0.001921587863,-0.005417264061,-8.137674154e-05,-9.840195938e-07
488400000,-0.003528449169,-0.003740204093,-7.313607206e-05,3.537309404e-05
488500000,-0.004216501483,-0.001523191193,-4.957772164e-05,6.418153122e-05
488600000,-0.003841893794,0.00076637124,-1.569818499e-05,7.942257187e-05
488700000,-0.002484701433,0.002646323021,2.135767912e-05,7.79452731e-05
488800000,-0.0004318074111,0.003721293331,5.380332913e-05,6.011767868e-05
488900000,0.001883741588,0.003765848481,7.484663511e-05,2.973737107e-05
489000000,0.003974078078,0.002771760589,8.011163208e-05,-6.777293023e-06
489100000,0.005399288596,0.0009494952234,6.854834717e-05,-4.174306089e-05
489200000,0.005859977097,-0.00131633819,4.264156751e-05,-6.782836916e-05
489300000,0.00526014917,-0.003548146037,7.877177362e-06,-7.959051965e-05
489400000,0.003727212487,-0.005276002567,-2.841937796e-05,-7.461117278e-05
489500000,0.001584922205,-0.006136589776,-5.862659347e-05,-5.399329062e-05
489600000,-0.0007149929951,-0.00594959484,-7.642716886e-05,-2.211747226e-05
489700000,-0.0026880904,-0.004755493995,-7.812905204e-05,1.428861789e-05
489800000,-0.003919268563,-0.002806796967,-6.343103411e-05,4.757008005e-05
489900000,-0.004150111015,-0.0005146407785,-3.547417837e-05,7.075424249e-05
490000000,-0.003333132204,0.001637967681,-1.707716075e-07,7.90113829e-05
490100000,-0.001641537317,0.00319794433,3.504588605e-05,7.066071824e-05
490200000,0.0005675025539,0.003837496931,6.278650757e-05,4.751215296e-05
490300000,0.002828264672,0.003422997603,7.725617587e-05,1.447438248e-05
490400000,0.00466465084,0.002042895822,7.546476759e-05,-2.148586843e-05
490500000,0.005690433158,-1.115009341e-05,5.784463831e-05,-5.281283407e-05
490600000,0.005690470604,-0.002305896366,2.814801723e-05,-7.294919543e-05
490700000,0.004665825126,-0.004357877561,-7.351858018e-06,-7.770854966e-05
490800000,0.002833316144,-0.005735252634,-4.118582122e-05,-6.614562006e-05
490900000,0.0005796468621,-0.006148683671,-6.626020096e-05,-4.074335219e-05
491000000,-0.001620200437,-0.005512119742,-7.734399721e-05,-6.880009509e-06
491100000,-0.003303082263,-0.003960708366,-7.216004618e-05,2.830941162e-05
491200000,-0.004115217096,-0.001822099684,-5.185258711e-05,5.743643267e-05
491300000,-0.003886569999,0.0004527644662,-2.073528546e-05,7.441031343e-05
491400000,-0.002666453502,0.002384750288,1.462491647e-05,7.571157958e-05
491500000,-0.0007128932606,0.00356745652,4.679357815e-05,6.112159478e-05
491600000,0.001561941409,0.003752701689,6.903175727e-05,3.375697794e-05
491700000,0.003678693959,0.002902596207,7.670764204e-05,-5.95942723e-07
491800000,0.005191817644,0.001197282719,6.826113915e-05,-3.47045558e-05
491900000,0.005783340154,-0.001003228929,4.552056759e-05,-6.141262229e-05
492000000,0.005329671947,-0.003235048081,1.330725542e-05,-7.514161966e-05
492100000,0.003927425626,-0.005028180556,-2.158652052e-05,-7.305581834e-05
492200000,0.001872849153,-0.006005495624,-5.1829615e-05,-5.564778737e-05
492300000,-0.0004007578107,-0.005962045049,-7.109219541e-05,-2.662348355e-05
492400000,-0.002414430006,-0.004908046111,-7.537046844e-05,7.886532804e-06
492500000,-0.003744450623,-0.003066505585,-6.381873023e-05,4.062190347e-05
492600000,-0.004111524403,-0.0008260277349,-3.891585939e-05,6.471985133e-05
492700000,-0.003439435009,0.001341204322,-5.933627778e-06,7.515383182e-05
492800000,-0.001870865268,0.002978954949,2.8179182e-05,6.978188993e-05
492900000,0.0002628976382,0.003742985219,5.626067638e-05,4.978609815e-05
493000000,0.00251193159,0.003473404301,7.24393866e-05,1.941298125e-05
493100000,0.004402540672,0.002228123372,7.336181278e-05,-1.49281787e-05
493200000,0.005537010071,0.0002704211071,5.888735608e-05,-4.601772352e-05
493300000,0.005677255591,-0.001986707201,3.21066686e-05,-6.734334877e-05
493400000,0.004794781584,-0.004067658319,-1.318080947e-06,-7.446413989e-05
493500000,0.00307646546,-0.005534423254,-3.435023852e-05,-6.593522947e-05
493600000,0.0008849899297,-0.006078777717,-6.00599525e-05,-4.360057775e-05
493700000,-0.001317707879,-0.005587055482,-7.307790931e-05,-1.219463502e-05
493800000,-0.003067816788,-0.004163885049,-7.071657215e-05,2.16611314e-05
493900000,-0.003997329033,-0.002109925643,-5.352480476e-05,5.085418417e-05
494000000,-0.003911435985,0.0001416617551,-2.516146915e-05,6.92750601e-05
494100000,-0.002829359053,0.00211657913,8.383115843e-06,7.309585122e-05
494200000,-0.00098005908,0.003399312481,4.005222869e-05,6.156550468e-05
494300000,0.001246213756,0.003720554557,6.320717421e-05,3.715673898e-05
494400000,0.003380269538,0.003013739225,7.301884532e-05,5.035999175e-06
494500000,0.004972848579,0.001428827896,6.74747451e-05,-2.802997905e-05
494600000,0.005689182786,-0.0006994998529,4.779149834e-05,-5.509960293e-05
494700000,0.005379353445,-0.002922504755,1.814835748e-05,-7.051359978e-05
494800000,0.004109663422,-0.004771984813,-1.520002135e-05,-7.107806484e-05
494900000,0.002148456568,-0.005858877231,-4.524320989e-05,-5.672608958e-05
495000000,-9.059137606e-05,-0.005955102894,-6.568864488e-05,-3.052094925e-05
495100000,-0.002135733136,-0.005041431799,-7.227951981e-05,1.997534291e-06
495200000,-0.003556555438,-0.003311316132,-6.368093565e-05,3.398402071e-05
495300000,-0.004054576935,-0.00112992413,-4.174986578e-05,5.872855539e-05
495400000,-0.003525960549,0.00104294847,-1.113442622e-05,7.106406487e-05
495500000,-0.002083160944,0.002749808226,2.171113531e-05,6.844522172e-05
495600000,-3.099880691e-05,0.003631794079,4.98870169e-05,5.147343843e-05
495700000,0.002197739935,0.00350412351,6.749721007e-05,2.375975189e-05
495800000,0.004133568099,0.002394799208,7.088318966e-05,-8.843332782e-06
495900000,0.005369180491,0.0005384768545,5.938382646e-05,-3.947766515e-05
496000000,0.005645137049,-0.001673161141,3.546371223e-05,-6.172200091e-05
496100000,0.004904328734,-0.003774034382,4.18516237e-06,-7.093787052e-05
496200000,0.003303793752,-0.005321872654,-2.786303576e-05,-6.523669396e-05
496300000,0.001181434699,-0.005991316358,-5.395346036e-05,-4.586652391e-05
496400000,-0.001015317847,-0.005642310572,-6.863216697e-05,-1.693928002e-05
496500000,-0.002823839689,-0.004349408862,-6.885868375e-05,1.544200212e-05
496600000,-0.003863753561,-0.002385848221,-5.463562644e-05,4.447069427e-05
496700000,-0.003916944654,-0.000165793821,-2.899759058e-05,6.406726777e-05
496800000,-0.002973312762,0.001843033795,2.636125114e-06,7.015245257e-05
496900000,-0.001232664154,0.003217908758,3.36069374e-05,6.149625984e-05
497000000,0.0009375991662,0.003670057537,5.741846476e-05,3.996618725e-05
497100000,0.003080025551,0.003105306475,6.909911588e-05,1.012461033e-05
497200000,0.004743524983,0.001643689947,6.624000004e-05,-2.173790192e-05
497300000,0.005578330557,-0.000406055981,4.949149893e-05,-4.892854827e-05
497400000,0.005409527528,-0.002611694175,2.241618121e-05,-6.575805729e-05
497500000,0.004273698064,-0.004508618072,-9.268843638e-06,-6.873099914e-05
497600000,0.002411003373,-0.005697708484,-3.889903529e-05,-5.727162845e-05
497700000,0.0002144084683,-0.005929308368,-6.026414612e-05,-3.383456481e-05
497800000,-0.001853222848,-0.005155643716,-6.890975635e-05,-3.379220424e-06
497900000,-0.003356673564,-0.003540675914,-6.306586405e-05,2.767953533e-05
498000000,-0.003979997118,-0.001425348823,-4.400897589e-05,5.28224729e-05
498100000,-0.003592922252,0.0007444026725,-1.578368542e-05,6.679431031e-05
498200000,-0.002278078338,0.002511674647,1.565561701e-05,6.670205684e-05
498300000,-0.0003133548616,0.003504815506,4.370079384e-05,5.261386098e-05
498400000,0.001886831759,0.003515581209,6.247882993e-05,2.753443798e-05
498500000,0.003858944398,0.002542794107,6.808163139e-05,-3.235604203e-06
498600000,0.005187969666,0.0007923605359,5.937925391e-05,-3.32199691e-05
498700000,0.005594738347,-0.00136630334,3.824736425e-05,-5.612968738e-05
498800000,0.004994557044,-0.003478218879,9.163237925e-06,-6.718209684e-05
498900000,0.003514839921,-0.005098726176,-2.174274344e-05,-6.409917483e-05
499000000,0.001468066049,-0.005887100076,-4.797917966e-05,-4.757685284e-05
499100000,-0.0007142063578,-0.005678192206,-6.405701084e-05,-2.112867112e-05
499200000,-0.002572339949,-0.004517029377,-6.663782334e-05,9.661250025e-06
499300000,-0.003715442192,-0.002649112588,-5.52268971e-05,3.831712251e-05
499400000,-0.003903609907,-0.0004685024761,-3.226714981e-05,5.88334141e-05
499500000,-0.003098283182,0.001565327075,-2.616343471e-06,6.693337293e-05
499600000,-0.00147013894,0.003024315644,2.748060829e-05,6.096043228e-05
499700000,0.0006370847013,0.003601913213,5.170683753e-05,4.221672347e-05
499800000,0.002779158199,0.003177485292,6.499925572e-05,1.467958378e-05
499900000,0.004504999988,0.001841502068,6.460660534e-05,-1.584229743e-05
500000000,0.005451650624,-0.0001237404133,5.065874437e-05,-4.293408267e-05
500100000,0.005420592913,-0.00230375766,2.612940461e-05,-6.092293018e-05
500200000,0.004419376181,-0.004239279126,-3.797657887e-06,-6.606576688e-05
500300000,0.002659816823,-0.005522992992,-3.282404872e-05,-5.732801346e-05
500400000,0.0005131917146,-0.005885258564,-5.486220911e-05,-3.659127857e-05
500500000,-0.001568104929,-0.00525074694,-6.53120524e-05,-8.24842166e-06
500600000,-0.003145912462,-0.003754104712,-6.202105276e-05,2.172692167e-05
500700000,-0.003888560943,-0.001711377922,-4.572742621e-05,4.703928536e-05
500800000,-0.003640601571,0.0004467394921,-1.9895203e-05,6.239348258e-05
500900000,-0.002455345654,0.00226572827,1.002209239e-05,6.460223905e-05
501000000,-0.000583403366,0.003362977828,3.773266811e-05,5.324767617e-05
501100000,0.001580307437,0.003508264795,5.742959482e-05,3.075939084e-05
501200000,0.003579871006,0.002672052383,6.500760688e-05,1.894771571e-06
501300000,0.004994426888,0.001031485694,5.891861918e-05,-2.726732946e-05
501400000,0.005526735698,-0.00106712695,4.048769736e-05,-5.060672037e-05
501500000,0.005065627468,-0.003181402037,1.362505175e-05,-6.324622844e-05
501600000,0.003709216134,-0.004866120154,-1.600341729e-05,-6.257077898e-05
501700000,0.001744029468,-0.005766971907,-4.217109837e-05,-4.876827832e-05
501800000,-0.0004155142369,-0.005695072705,-5.939915942e-05,-2.478046448e-05
501900000,-0.002314504166,-0.004666570121,-6.410359194e-05,4.323915195e-06
502000000,-0.003553377344,-0.002899031107,-5.534068172e-05,3.242006847e-05
502100000,-0.003872003287,-0.0007654107006,-3.499587491e-05,5.361600126e-05
502200000,-0.00320431107,0.001284656128,-7.378339119e-06,6.348804274e-05
502300000,-0.001691985437,0.002819621704,2.169164516e-05,6.000398383e-05
502400000,0.0003456016111,0.003516872457,4.610920912e-05,4.39412081e-05
502500000,0.002478835344,0.003230531117,6.076688296e-05,1.871382869e-05
502600000,0.004258431801,0.002021971018,6.262285094e-05,-1.035284709e-05
502700000,0.005310047542,0.0001466672688,5.133206068e-05,-3.7146368e-05
502800000,0.005413010136,-0.001999796423,2.930927529e-05,-5.605245995e-05
502900000,0.004546617596,-0.003965158512,1.212807669e-06,-6.313135629e-05
503000000,0.002894293318,-0.005335759674,-2.704072487e-05,-5.693868307e-05
503100000,0.000804758888,-0.005823604094,-4.952226297e-05,-3.881988323e-05
503200000,-0.001281563882,-0.005326876978,-6.153445846e-05,-1.261822541e-05
503300000,-0.002925392013,-0.003951194789,-6.059306043e-05,1.614030005e-05
503400000,-0.003781087876,-0.001987146797,-4.694051865e-05,4.141234868e-05
503500000,-0.0036693453,0.0001510979235,-2.348565547e-05,5.790710659e-05
503600000,-0.00261476451,0.002013142322,4.81594498e-06,6.219386668e-05
503700000,-0.0008404431747,0.003207241423,3.200887666e-05,5.341545359e-05
503800000,0.001279222628,0.003482719806,5.239101672e-05,3.345916422e-05
503900000,0.003297535342,0.002782590312,6.170913889e-05,6.551235802e-06
504000000,0.004789621055,0.001255336489,5.804635576e-05,-2.163806602e-05
504100000,0.005441854384,-0.0007765707267,4.221624415e-05,-4.518926059e-05
504200000,0.005117769142,-0.002884747351,1.758266353e-05,-5.917661662e-05
504300000,0.003886607474,-0.004625197474,-1.065493334e-05,-6.069828622e-05
504400000,0.002008532728,-0.005631813313,-3.655887935e-05,-4.947819068e-05
504500000,-0.0001203437708,-0.005693386573,-5.470176888e-05,-2.791484748e-05
504600000,-0.00205151225,-0.004797927435,-6.130353588e-05,-5.688105162e-07
504700000,-0.003378567969,-0.003134984233,-5.501892415e-05,2.680177862e-05
504800000,-0.003822750476,-0.001055514018,-3.721132507e-05,4.845358867e-05
504900000,-0.003291507489,0.00100219845,-1.165730332e-05,5.986318602e-05
505000000,-0.001897777288,0.002604929321,1.625421569e-05,5.867196989e-05
505100000,6.402325709e-05,0.003415730498,4.065830808e-05,4.517357908e-05
505200000,0.002180192894,0.00326476491,5.644635443e-05,2.224308255e-05
505300000,0.004004979321,0.002184876419,6.033537336e-05,-5.275252869e-06
505400000,0.005154459026,0.0004044523364,5.155056969e-05,-3.159127447e-05
505500000,0.005387298353,-0.001700868493,3.197921707e-05,-5.118718605e-05
505600000,0.004655413853,-0.003687434325,5.765418173e-06,-5.997441794e-05
505700000,0.003113898956,-0.005137058353,-2.156728687e-05,-5.614658831e-05
505800000,0.001088163503,-0.005745045394,-4.427972165e-05,-4.055063012e-05
505900000,-0.0009947590765,-0.005384237557,-5.762208794e-05,-1.649987944e-05
506000000,-0.002696240094,-0.004131610633,-5.882719933e-05,1.092972031e-05
506100000,-0.003658436793,-0.00225185183,-4.768425509e-05,3.597082724e-05
506200000,-0.003679562716,-0.00014141999,-2.657421194e-05,5.337727464e-05
506300000,-0.002756208897,0.001755084899,3.880233042e-08,5.952308206e-05
506400000,-0.001083840145,0.003038594402,2.655142972e-05,5.315768877e-05
506500000,0.0009845854641,0.003439546501,4.740079881e-05,3.566012874e-05
506600000,0.003013106768,0.002874494333,5.823165705e-05,1.074054964e-05
506700000,0.004574636256,0.001463467888,5.680605964e-05,-1.634637758e-05
506800000,0.005340864903,-0.0004955168871,4.346562495e-05,-3.990941421e-05
506900000,0.005151276892,-0.002589387944,2.105091096e-05,-5.501647523e-05
507000000,0.004046771338,-0.004377103196,-5.703288199e-06,-5.852691118e-05
507100000,0.0022608473,-0.005482539999,-3.116802257e-05,-4.97443103e-05
507200000,0.0001702444213,-0.005673627384,-5.000442357e-05,-3.055415693e-05
507300000,-0.001784533236,-0.004911069095,-5.828296829e-05,-5.019246664e-06
507400000,-0.003192045199,-0.003356421155,-5.430313759e-05,2.148036769e-05
507500000,-0.003756527685,-0.001337859504,-3.894251547e-05,4.338085286e-05
507600000,-0.003360051704,0.0007191080113,-1.546370807e-05,5.610270676e-05
507700000,-0.002087159625,0.002381350305,1.117852396e-05,5.700827671e-05
507800000,-0.0002068367115,0.003299322918,3.538280128e-05,4.594849567e-05
507900000,0.001884331389,0.003280570388,5.207871987e-05,2.528553671e-05
508000000,0.003745797843,0.002330069809,5.778894801e-05,-6.115513392e-07
508100000,0.004985851692,0.0006489659828,5.135336362e-05,-2.629056872e-05
508200000,0.00534403201,-0.001407985848,3.416445547e-05,-4.636396889e-05
508300000,0.004745826508,-0.003407268175,9.866287265e-06,-5.663911848e-05
508400000,0.003318169813,-0.004927955381,-1.641794932e-05,-5.499390845e-05
508500000,0.001362514276,-0.005650328934,-3.916607428e-05,-4.181486693e-05
508600000,-0.00070882108,-0.005423098226,-5.361703653e-05,-1.990735946e-05
508700000,-0.002459588226,-0.004295088454,-5.67673012e-05,6.101450989e-06
508800000,-0.003521501856,-0.002504751902,-4.799499941e-05,3.073984785e-05
508900000,-0.003671722562,-0.0004297523303,-2.918216364e-05,4.884263344e-05
509000000,-0.002879623897,0.001492714776,-4.311138806e-06,5.66338949e-05
509100000,-0.001313027862,0.002858048293,2.137832258e-05,5.251450051e-05
509200000,0.0006973539788,0.003379396331,4.249288976e-05,3.739010712e-05
509300000,0.002727732708,0.002947919035,5.461788387e-05,1.447244411e-05
509400000,0.0043505674,0.001655505601,5.524023152e-05,-1.140260383e-05
509500000,0.005224579025,-0.0002247892135,4.426920089e-05,-3.4795352e-05
509600000,0.005166508555,-0.002296423118,2.404704677e-05,-5.080583255e-05
509700000,0.004189536583,-0.004122980276,-1.150901875e-06,-5.610009863e-05
509800000,0.002500309503,-0.005320097706,-2.602004444e-05,-4.960436984e-05
509900000,0.0004552342978,-0.005636344533,-4.534315469e-05,-3.272251529e-05
510000000,-0.001514721225,-0.0050060327,-5.508482364e-05,-9.032890923e-06
510100000,-0.002994858001,-0.003562860169,-5.323412616e-05,1.647005159e-05
510200000,-0.003674057932,-0.001611548058,-4.021956476e-05,3.842867157e-05
510300000,-0.003410188874,0.000436511561,-1.881070352e-05,5.224760694e-05
510400000,-0.002259848653,0.002150001555,6.471088748e-06,5.505539122e-05
510500000,-0.0004662259234,0.003168521598,3.030743998e-05,4.63010089e-05
510600000,0.001592312781,0.003278391088,4.770170564e-05,2.786147693e-05
510700000,0.003482034881,0.002457473456,5.502631449e-05,3.639572525e-06
510800000,0.004805216784,0.0008796261304,5.077920914e-05,-2.126211638e-05
510900000,0.005283837387,-0.001122111794,3.589166308e-05,-4.161603892e-05
511000000,0.004817985213,-0.00312580129,1.352443848e-05,-5.316702643e-05
511100000,0.003506711968,-0.004709529296,-1.160316984e-05,-5.352179814e-05
511200000,0.001626977082,-0.005540243348,-3.420899734e-05,-4.26446998e-05
511300000,-0.0004248481747,-0.005443791767,-4.955833186e-05,-2.285701725e-05
511400000,-0.002216567298,-0.004441435427,-5.445551553e-05,1.658271114e-06
511500000,-0.00337120836,-0.002745169634,-4.790916724e-05,2.574067062e-05
511600000,-0.003646349884,-0.0007128802621,-3.133257068e-05,4.433839849e-05
511700000,-0.002985024171,0.001227177353,-8.238790448e-06,5.35680377e-05
511800000,-0.001527508099,0.002666633741,1.650375888e-05,5.152535828e-05
511900000,0.0004184337698,0.003302968294,3.769756174e-05,3.867803122e-05
512000000,0.002442534937,0.003003084946,5.090775168e-05,1.775927891e-05
512100000,0.004118515908,0.001831145764,5.339005065e-05,-6.813493132e-06
512200000,0.005093845797,3.484858246e-05,4.466075253e-05,-2.987144778e-05
512300000,0.005163882135,-0.002006915098,2.659038988e-05,-4.658151174e-05
512400000,0.004314802432,-0.003863965388,3.00307934e-06,-5.345935058e-05
512500000,0.002726321393,-0.005145457984,-2.113267135e-05,-4.909582493e-05
512600000,0.0007336570782,-0.00558213986,-4.075048427e-05,-3.444548599e-05
512700000,-0.001243211478,-0.005082923855,-5.174954349e-05,-1.261809157e-05
512800000,-0.002788068866,-0.00375388879,-5.185173695e-05,1.178138913e-05
512900000,-0.003576107246,-0.001875736434,-4.107336591e-05,3.362422914e-05
513000000,-0.003442227557,0.0001555051152,-2.171377696e-05,4.833593406e-05
513100000,-0.002415630993,0.001912000805,2.135024747e-06,5.285420221e-05
513200000,-0.0007134545949,0.003024230611,2.545322252e-05,4.626625867e-05
513300000,0.001305157441,0.003258727291,4.334972505e-05,2.999294026e-05
513400000,0.003214826104,0.002567078941,5.208803294e-05,7.482474196e-06
513500000,0.004613565915,0.001095917979,4.986628049e-05,-1.652009599e-05
513600000,0.005207389024,-0.0008441585616,3.718862587e-05,-3.697306889e-05
513700000,0.004872085595,-0.002844150777,1.675147492e-05,-4.959702817e-05
513800000,0.003679201273,-0.004482866532,-7.129906707e-06,-5.177016518e-05
513900000,0.001880776668,-0.005415615496,-2.943248574e-05,-4.307267992e-05
514000000,-0.0001439030695,-0.00544671144,-4.548191093e-05,-2.536724236e-05
514100000,-0.001968303404,-0.004570528691,-5.193213869e-05,-2.400237509e-06
514200000,-0.003208508557,-0.002972492347,-4.746294313e-05,2.099087389e-05
514300000,-0.003604022728,-0.0009898307676,-3.304992697e-05,3.98963933e-05
514400000,-0.003072492236,0.0009596007342,-1.175185662e-05,5.036485157e-05
514500000,-0.001726851024,0.002465396232,1.19383827e-05,5.022883911e-05
514600000,0.0001486759061,0.003211005203,3.304150946e-05,3.95536214e-05
514700000,0.002158606035,0.003040276125,4.713834823e-05,2.061571194e-05
514800000,0.003879585472,0.001990154364,5.129517895e-05,-2.582473527e-06
514900000,0.004949547498,0.0002826942439,4.467418416e-05,-2.515843323e-05
515000000,0.005143872805,-0.001721885994,2.870199237e-05,-4.237713749e-05
515100000,0.004422537158,-0.003601184858,6.762482325e-06,-5.064408387e-05
515200000,0.002938351395,-0.004959613968,-1.652004472e-05,-4.825559296e-05
515300000,0.001004593693,-0.00551166415,-3.625549196e-05,-3.574974877e-05
515400000,-0.0009711166636,-0.005141914139,-4.831499156e-05,-1.57857277e-05
515500000,-0.002572749544,-0.003929163619,-5.019464165e-05,7.421529775e-06
515600000,-0.00346348079,-0.002129639023,-4.153528071e-05,2.899114059e-05
515700000,-0.003456537044,-0.0001228493657,-2.419042459e-05,4.440275595e-05
515800000,-0.002554362776,0.001668462465,-1.829675444e-06,5.044383159e-05
515900000,-0.0009478965818,0.002867382103,2.083757101e-05,4.587919734e-05
516000000,0.00102384137,0.003222132804,3.905391314e-05,3.170338948e-05
516100000,0.002945291409,0.002658945525,4.901237005e-05,1.092424327e-05
516200000,0.004411926823,0.001297394294,4.865192116e-05,-1.207522185e-05
516300000,0.005115406063,-0.0005749851617,3.808393097e-05,-3.246126674e-05
516400000,0.004908386936,-0.002563406069,1.956125898e-05,-4.596527171e-05
516500000,0.003835382877,-0.004249057202,-3.001879989e-06,-4.977747762e-05
516600000,0.002123198111,-0.005277306477,-2.485700019e-05,-4.313151502e-05
516700000,0.0001329901853,-0.005432308066,-4.142062328e-05,-2.74581386e-05
516800000,-0.001715913772,-0.004682314126,-4.923547261e-05,-6.077400009e-06
516900000,-0.003034377473,-0.003186172789,-4.6692025e-05,1.650455061e-05
517000000,-0.003545368723,-0.001259679154,-3.435984442e-05,3.554511098e-05
517100000,-0.003142176523,0.0006910919596,-1.48605238e-05,4.706120054e-05
517200000,-0.001910695151,0.002255391854,7.689516894e-06,4.866241306e-05
517300000,-0.0001111249193,0.00310428988,2.854796756e-05,4.00470888e-05
517400000,0.001877006042,0.003059837589,4.334388884e-05,2.305838099e-05
517500000,0.003634877907,0.002132366431,4.899359438e-05,1.290075274e-06
517600000,0.004792595565,0.0005181080978,4.434325377e-05,-2.067356665e-05
517700000,0.005107009767,-0.001442314966,3.0404323e-05,-3.822316639e-05
517800000,0.004512776532,-0.003335750737,1.013381094e-05,-4.769151632e-05
517900000,0.003135934681,-0.004763576175,-1.219293485e-05,-4.71198195e-05
518000000,0.001267177001,-0.00542561354,-3.188390205e-05,-3.666279566e-05
518100000,-0.000699523269,-0.005183238875,-4.481639597e-05,-1.854889889e-05
518200000,-0.002349976849,-0.004088409952,-4.830014671e-05,3.394465231e-06
518300000,-0.003337018931,-0.002372529381,-4.163685814e-05,2.454959183e-05
518400000,-0.003453544528,-0.0003975271007,-2.625983758e-05,4.048016041e-05
518500000,-0.002675968512,0.001420493559,-5.42586097e-06,4.786149426e-05
518600000,-0.001168990177,0.002698932157,1.647451933e-05,4.51743397e-05
518700000,0.0007492936381,0.003169211614,3.484218317e-05,3.301740587e-05
518800000,0.002674531145,0.002733198305,4.583521273e-05,1.397440386e-05
518900000,0.004201339165,0.00148367545,4.717243325e-05,-7.934973256e-06
519000000,0.005008648501,-0.0003153954663,3.860667646e-05,-2.810348649e-05
519100000,0.004927209687,-0.00228462553,2.196960366e-05,-4.230513657e-05
519200000,0.003975070502,-0.004009190954,7.801661735e-07,-4.758059932e-05
519300000,0.00235358802,-0.005126207601,-2.049962822e-05,-4.285380545e-05
519400000,0.000404849073,-0.00540108697,-3.740425726e-05,-2.915121669e-05
519500000,-0.001460502835,-0.0047768049,-4.640171133e-05,-9.379162086e-06
519600000,-0.002849808743,-0.003385729588,-4.563139515e-05,1.229251363e-05
519700000,-0.00347106156,-0.001521551328,-3.528875698e-05,3.13097956e-05
519800000,-0.003194289248,0.0004227333968,-1.757716028e-05,4.369141237e-05
519900000,-0.002078747045,0.002037683124,3.761405343e-06,4.686225648e-05
520000000,-0.000360231991,0.002983641283,2.423684373e-05,4.018886051e-05
520100000,0.001598759293,0.003062172561,3.955571306e-05,2.510559889e-05
520200000,0.003385489099,0.002257684996,4.652145208e-05,4.80655116e-06
520300000,0.004623926503,0.000740513931,4.37013284e-05,-1.643081294e-05
520400000,0.005053872985,-0.001169135619,3.172096848e-05,-3.414693877e-05
520500000,0.004585622073,-0.003068757006,1.312595605e-05,-4.463657993e-05
520600000,0.003318673291,-0.004558368326,-8.158961316e-06,-4.572367149e-05
520700000,0.001520593765,-0.005324725843,-2.765818822e-05,-3.721264818e-05
520800000,-0.0004294881905,-0.005207194731,-4.128631684e-05,-2.092262587e-05
520900000,-0.002120828528,-0.004231421153,-4.620403105e-05,-2.987176374e-07
521000000,-0.003197593274,-0.00260374151,-4.140957671e-05,2.03164932e-05
521100000,-0.003433732127,-0.0006675434069,-2.794260334e-05,3.659727773e-05
521200000,-0.002780439729,0.00116918979,-8.658945893e-06,4.514238508e-05
521300000,-0.001376238657,0.002519856661,1.237491014e-05,4.418553862e-05
521400000,0.0004823940604,0.003100614443,3.073930268e-05,3.396040116e-05
521500000,0.002403622484,0.002790026166,4.259000764e-05,1.664462336e-05
521600000,0.003982850365,0.001654449216,4.546289377e-05,-4.103827689e-06
521700000,0.00488791338,-6.613654239e-05,3.878620327e-05,-2.39193548e-05
521800000,0.0049289328,-0.002008833272,2.399397672e-05,-3.864722732e-05
521900000,0.004098145491,-0.003764352932,4.218202143e-06,-4.521465237e-05
522000000,0.002571355492,-0.004963236353,-1.637425644e-05,-4.227180494e-05
522100000,0.0006707352696,-0.005353604788,-3.345958727e-05,-3.046910369e-05
522200000,-0.001203158422,-0.004854079801,-4.346485379e-05,-1.231380941e-05
522300000,-0.002655810463,-0.003570747468,-4.431511741e-05,8.362507485e-06
522400000,-0.003381817378,-0.001774625837,-3.586364501e-05,2.721254102e-05
522500000,-0.00322910409,0.000155579305,-1.99160259e-05,4.028724405e-05
522600000,-0.002230780782,0.001813334875,1.554568531e-07,4.486309189e-05
522700000,-0.0005979679254,0.002849910597,2.012486532e-05,4.000932786e-05
522800000,0.001324851462,0.003047739582,3.580230335e-05,2.677706342e-05
522900000,0.003132505066,0.002366079821,4.391297186e-05,7.971862044e-06
523000000,0.004444497797,0.000949399615,4.278116441e-05,-1.244103255e-05
523100000,0.004985089811,-0.0009032336171,3.267635308e-05,-3.017274958e-05
523200000,0.004641239093,-0.002801275931,1.574991345e-05,-4.151185928e-05
523300000,0.003486236012,-0.004345023214,-4.422817509e-06,-4.410115663e-05
523400000,0.001764086384,-0.005209776795,-2.359769359e-05,-3.742759582e-05
523500000,-0.0001620355057,-0.005214137138,-3.775463707e-05,-2.292356342e-05
523600000,-0.001886379225,-0.004358057793,-4.39404099e-05,-3.659584427e-06
523700000,-0.003046102662,-0.002822670893,-4.088461035e-05,1.630564436e-05
523800000,-0.003397633774,-0.0009319564071,-2.926042307e-05,3.27803236e-05
523900000,-0.002867833401,0.000915631727,-1.153663769e-05,4.231959139e-05
524000000,-0.001569210572,0.002331147204,8.546598392e-06,4.294578599e-05
524100000,0.0002239710908,0.003017035203,2.676698663e-05,3.455834893e-05
524200000,0.002133615959,0.002829679556,3.93077248e-05,1.894843101e-05
524300000,0.00375751152,0.00180947031,4.355699669e-05,-5.834960152e-07
524400000,0.004754030932,0.0001721027725,3.865184936e-05,-1.992541064e-05
524500000,0.004913990915,-0.001737016151,2.565321884e-05,-3.501938889e-05
524600000,0.004204555631,-0.003515619834,7.316654182e-06,-4.271290524e-05
524700000,0.002775972817,-0.004789332337,-1.249175174e-05,-4.141720542e-05
524800000,0.0009297570827,-0.005290466163,-2.961043983e-05,-3.143527004e-05
524900000,-0.0009449481018,-0.004914281375,-4.045664118e-05,-1.489169443e-05
525000000,-0.002453401086,-0.003740877212,-4.277615944e-05,4.719424577e-06
525100000,-0.003278391081,-0.002018135668,-3.611178026e-05,2.327240484e-05
525200000,-0.003246953704,-0.0001093474229,-2.189299347e-05,3.687787001e-05
525300000,-0.002366637178,0.001583410233,-3.129511236e-06,4.269805324e-05
525400000,-0.0008237157774,0.002703977286,1.622573692e-05,3.953861761e-05
525500000,0.001056226808,0.00301704947,3.210932398e-05,2.809358264e-05
525600000,0.002876998141,0.002457585918,4.120035057e-05,1.079316319e-05
525700000,0.00425528384,0.001144317483,4.161471218e-05,-8.712177005e-06
525800000,0.004901331504,-0.0006454445242,3.329547691e-05,-2.632193607e-05
525900000,0.004679854544,-0.002534354589,1.801851103e-05,-3.83475533e-05
526000000,0.003638358014,-0.004124578634,-9.86497325e-07,-4.228496761e-05
526100000,0.001996954395,-0.005081576255,-1.971876394e-05,-3.7335956e-05
526200000,0.0001018465609,-0.005204477559,-3.424857432e-05,-2.45697266e-05
526300000,-0.00164769655,-0.004468246556,-4.154162356e-05,-6.692103293e-06
526400000,-0.002883469177,-0.003028775272,-4.009261775e-05,1.252790796e-05
526500000,-0.003345831983,-0.001189869519,-3.02358461e-05,2.905266046e-05
526600000,-0.002938270173,0.000660881135,-1.406867267e-05,3.942402946e-05
526700000,-0.001747539804,0.002133806995,4.994659384e-06,4.148703805e-05
526800000,-2.520003954e-05,0.002919207375,2.294400543e-05,3.483753592e-05
526900000,0.001865532187,0.002852468073,3.601684326e-05,2.090094763e-05
527000000,0.003526373392,0.00194855971,4.148691979e-05,2.626842424e-06
527100000,0.00460786068,0.0003986930494,3.823272602e-05,-1.613525602e-05
527200000,0.004882871403,-0.001470120978,2.696727663e-05,-3.14467415e-05
527300000,0.004294313753,-0.003264056094,1.008215036e-05,-4.0106685e-05
527400000,0.002966975932,-0.004605453243,-8.860149149e-06,-4.03209454e-05
527500000,0.001181071664,-0.005212320338,-2.587777599e-05,-3.207377479e-05
527600000,-0.0006869156847,-0.004957613864,-3.740651712e-05,-1.71249719e-05
527700000,-0.002243605375,-0.003895835382,-4.104623932e-05,1.365523641e-06
527800000,-0.003161572593,-0.002251369813,-3.606049151e-05,1.950553523e-05
527900000,-0.003248227068,-0.0003710583299,-2.352528289e-05,3.348989097e-05
528000000,-0.002486222789,0.001348966687,-6.097031587e-06,4.039857546e-05
528100000,-0.001036919902,0.002546745134,1.255030688e-05,3.880638564e-05
528200000,0.0007937856395,0.002970662171,2.849967783e-05,2.907681641e-05
528300000,0.002620023297,0.002532301855,3.841369773e-05,1.327960104e-05
528400000,0.00405727188,0.001324884462,4.023294446e-05,-5.249489176e-06
528500000,0.004803309675,-0.0003965518819,3.36036735e-05,-2.261298021e-05
528600000,0.004701754705,-0.002269011551,1.994614657e-05,-3.517145869e-05
528700000,0.003774840251,-0.003898073384,2.150477958e-06,-4.030635054e-05
528800000,0.002218555716,-0.004940964359,-1.603489168e-05,-3.696585538e-05
528900000,0.0003612084731,-0.005178680607,-3.07927123e-05,-2.588023124e-05
529000000,-0.001405837251,-0.004561978939,-3.903814971e-05,-9.402399179e-06
529100000,-0.002710634131,-0.003221575195,-3.906355449e-05,8.991390086e-06
529200000,-0.003278954517,-0.001440433726,-3.089202171e-05,2.543487494e-05
529300000,-0.002991932386,0.0004059774576,-1.62665597e-05,3.648440313e-05
529400000,-0.001910925369,0.001928846838,1.721599298e-06,3.984006429e-05
529500000,-0.0002643989506,0.002807900323,1.928630571e-05,3.482433326e-05
529600000,0.001600358759,0.002858757903,3.274335705e-05,2.25186274e-05
529700000,0.003290482482,0.002071603747,3.92832149e-05,5.53030652e-06
529800000,0.004450287528,0.000613065203,3.75575159e-05,-1.255971551e-05
529900000,0.004836111285,-0.001209051932,2.795695113e-05,-2.795173327e-05
530000000,0.004367496132,-0.003010710194,1.252327252e-05,-3.742531228e-05
530100000,0.00314396464,-0.004412570828,-5.484844453e-06,-3.901304139e-05
530200000,0.001423886996,-0.005119857659,-2.227978834e-05,-3.240902906e-05
530300000,-0.0004300778823,-0.004984340971,-3.434160889e-05,-1.902734453e-05
530400000,-0.002027450415,-0.004035403814,-3.915569548e-05,-1.699351341e-06
530500000,-0.003032183063,-0.002473674589,-3.573695081e-05,1.592530853e-05
530600000,-0.003233366683,-0.0006286022702,-2.483120893e-05,3.014736166e-05
530700000,-0.002589508693,0.001111052271,-8.752749171e-06,3.799430681e-05
530800000,-0.001237086569,0.002379138287,9.106740543e-06,3.784163276e-05
530900000,0.0005383819936,0.002909183487,2.499357918e-05,2.974903467e-05
531000000,0.002362614608,0.002590387877,3.558099277e-05,1.544206482e-05
531100000,0.003851458029,0.001490781966,3.866570755e-05,-2.055706064e-06
531200000,0.004691772658,-0.0001572855172,3.362638643e-05,-1.906162355e-05
531300000,0.004707282686,-0.00200623375,2.154853702e-05,-3.200897312e-05
531400000,0.003895548635,-0.003666543353,4.990834324e-06,-3.819499605e-05
531500000,0.002428307656,-0.004788807651,-1.255686871e-05,-3.634503223e-05
531600000,0.0006151420136,-0.005137261036,-2.740904921e-05,-2.687504931e-05
531700000,-0.001161843525,-0.004639309728,-3.645853771e-05,-1.179851369e-05
531800000,-0.00252855409,-0.003400654301,-3.78265074e-05,5.701625531e-06
531900000,-0.003197670951,-0.001682849615,-3.125246862e-05,2.194486964e-05
532000000,-0.003029061927,0.0001519344576,-1.814333343e-05,3.352718307e-05
532100000,-0.002059130995,0.00171728117,-1.272433604e-06,3.803431894e-05
532200000,-0.0004929615039,0.002683915557,1.580714173e-05,3.454498756e-05
532300000,0.001339047333,0.002848969095,2.95107996e-05,2.381901277e-05
532400000,0.003050877218,0.002178552966,3.697472051e-05,8.132083548e-06
532500000,0.004282217838,0.0008147111843,3.665429253e-05,-9.207002593e-06
532600000,0.004774294033,-0.0009546681883,2.864366248e-05,-2.455420833e-05
532700000,0.004424240685,-0.002756611116,1.46503156e-05,-3.46960573e-05
532800000,0.003306602579,-0.004211666942,-2.368789607e-06,-3.752244136e-05
532900000,0.001657463643,-0.005013806007,-1.883201026e-05,-3.246557819e-05
533000000,-0.0001754211474,-0.004994783447,-3.1286728e-05,-2.061381956e-05
533100000,-0.001805961711,-0.004159428872,-3.713337876e-05,-4.477553473e-06
533200000,-0.002891071049,-0.002684454718,-3.516798011e-05,1.254247561e-05
533300000,-0.003202865641,-0.0008810680832,-2.582994322e-05,2.687183541e-05
533400000,-0.002676529062,0.0008707018583,-1.110418883e-05,3.55130427e-05
533500000,-0.001423784342,0.0022020973,5.900698494e-06,3.667254206e-05
533600000,0.0002908215354,0.002833261717,2.160864036e-05,3.013289278e-05
533700000,0.002105781875,0.00263206383,3.272806246e-05,1.729294721e-05
533800000,0.003638843306,0.001641755551,3.694159449e-05,8.687374414e-07
533900000,0.004567501828,7.167991302e-05,3.33889653e-05,-1.568099275e-05
534000000,0.004696835787,-0.001746973539,2.284248031e-05,-2.888311635e-05
534100000,0.004000412989,-0.003431017703,7.539322773e-06,-3.597895211e-05
534200000,0.002625687685,-0.004625995206,-9.292946086e-06,-3.550065952e-05
534300000,0.0008627827035,-0.00508078062,-2.411706156e-05,-2.75747797e-05
534400000,-0.0009167394486,-0.004700355287,-3.382936352e-05,-1.38901719e-05
534500000,-0.002338196923,-0.003565659386,-3.64095504e-05,2.661766034e-06
534600000,-0.003102689174,-0.001916369199,-3.13408623e-05,1.859796704e-05
534700000,-0.003049957903,-0.0001002629729,-1.971331801e-05,3.057660488e-05
534800000,-0.002191984467,0.001500124167,-3.989438773e-06,3.609783405e-05
534900000,-0.0007102809552,0.002548082966,1.251721553e-05,3.402543177e-05
535000000,0.00108251092,0.002823572706,2.634028456e-05,2.482050294e-05
535100000,0.002808584245,0.002269420789,3.458849514e-05,1.043920419e-05
535200000,0.004104575518,0.001003184433,3.555036056e-05,-6.082891009e-06
535300000,0.004698046273,-0.0007077817704,2.904923086e-05,-2.12714888e-05
535400000,0.004464744983,-0.002502764945,1.64750555e-05,-3.194411549e-05
535500000,0.003454616966,-0.004003729599,4.873107773e-07,-3.587689958e-05
535600000,0.001881116272,-0.004894927174,-1.554743568e-05,-3.22679023e-05
535700000,7.610130672e-05,-0.004989316532,-2.826438834e-05,-2.190047733e-05
535800000,-0.001580159382,-0.00426782049,-3.500656552e-05,-6.97341808e-06
535900000,-0.002739108679,-0.002883174176,-3.437987788e-05,9.365315137e-06
536000000,-0.003157264573,-0.001127587061,-2.654129118e-05,2.368242384e-05
536100000,-0.002747379532,0.0006289335927,-1.316052936e-05,3.298067961e-05
536200000,-0.001596644214,0.002016575222,2.935517764e-06,3.532633709e-05
536300000,5.185968547e-05,0.002743584213,1.835997055e-05,3.025122401e-05
536400000,0.001850507408,0.002657606926,2.987857661e-05,1.8845915e-05
536500000,0.003420429773,0.00177761435,3.508783905e-05,3.525505591e-06
536600000,0.004431307884,0.0002897261426,3.291648059e-05,-1.248173367e-05
536700000,0.00467086272,-0.001492145934,2.384563023e-05,-2.581456767e-05
536800000,0.004089425786,-0.003192515166,9.802501595e-06,-3.36845571e-05
536900000,0.002810233964,-0.00445343475,-6.248998741e-06,-3.445918815e-05
537000000,0.001103312007,-0.005009844914,-2.093378152e-05,-2.800043482e-05
537100000,-0.0006715275734,-0.004745291655,-3.117520368e-05,-1.56885573e-05
537200000,-0.002140537895,-0.003716300222,-3.483962094e-05,-1.272302557e-07
537300000,-0.002994751813,-0.002140297497,-3.118084028e-05,1.540702368e-05
537400000,-0.003054974159,-0.0003496618239,-2.099190225e-05,2.765468432e-05
537500000,-0.002309376752,0.001278385943,-6.433355666e-06,3.405713292e-05
537600000,-0.0009158088696,0.002401257022,9.424823931e-06,3.329111528e-05
537700000,0.0008316213688,0.002783087818,2.325056149e-05,2.554213672e-05
537800000,0.002564614851,0.002344281966,3.214977033e-05,1.246032369e-05
537900000,0.003918298135,0.001178100095,3.427211628e-05,-3.190889273e-06
538000000,0.004608034406,-0.0004691556168,2.919567414e-05,-1.811846849e-05
538100000,0.004489264092,-0.002250151632,1.801052653e-05,-2.919260104e-05
538200000,0.003587798107,-0.003789749119,3.084803454e-06,-3.410287171e-05
538300000,0.002094214944,-0.004764013188,-1.243664746e-05,-3.184023533e-05
538400000,0.0003235722979,-0.004968367244,-2.52948402e-05,-2.290425238e-05
538500000,-0.001351054448,-0.004360550996,-3.280089051e-05,-9.193052023e-06
538600000,-0.002577187814,-0.003069356791,-3.339826533e-05,6.399791833e-06
538700000,-0.003097148484,-0.001367335203,-2.698548401e-05,2.059586968e-05
538800000,-0.002802215382,0.0003867454618,-1.493238529e-05,3.042118752e-05
538900000,-0.001755359514,0.001823533715,2.12394553e-07,3.382915998e-05
539000000,-0.0001778000275,0.002640873868,1.526028464e-05,3.012684932e-05
539100000,0.001597742992,0.002667349332,2.705406072e-05,2.011569067e-05
539200000,0.003197216731,0.001898230275,3.313022969e-05,5.918161009e-06
539300000,0.004284027098,0.0004962922812,3.223355736e-05,-9.472152396e-06
539400000,0.004629860692,-0.001242626061,2.457628504e-05,-2.282171766e-05
539500000,0.00416264069,-0.002952040459,1.17885244e-05,-3.133639199e-05
539600000,0.002981545632,-0.004272048804,-3.428693486e-06,-3.324620975e-05
539700000,0.001335959317,-0.004925099943,-1.787388585e-05,-2.817324321e-05
539800000,-0.00042718566,-0.004774352464,-2.851862683e-05,-1.720609573e-05
539900000,-0.001936555826,-0.003852349151,-3.314241628e-05,-2.666409578e-06
540000000,-0.002874632618,-0.002353993892,-3.079582508e-05,1.2382553e-05
540100000,-0.003044516643,-0.0005953437951,-2.199532675e-05,2.47812482e-05
540200000,-0.002411260911,0.001053068846,-8.609859892e-06,3.193716286e-05
540300000,-0.001109055801,0.002244312985,6.536010651e-06,3.236685305e-05
540400000,0.0005872070644,0.002728078448,2.025808454e-05,2.600338988e-05
540500000,0.002319961526,0.002403270841,2.96819217e-05,1.420551029e-05
540600000,0.003724333058,0.001339135004,3.284492751e-05,-5.324168144e-07
540700000,0.00450496115,-0.000239501876,2.910502212e-05,-1.510771676e-05
540800000,0.004498108241,-0.001999721925,1.927080922e-05,-2.646255695e-05
540900000,0.003705998686,-0.003570714346,5.426892513e-06,-3.222542919e-05
541000000,0.002296186166,-0.004621882617,-9.507952549e-06,-3.120640208e-05
541100000,0.0005661132709,-0.004932411545,-2.239611845e-05,-2.364272769e-05
541200000,-0.001119645245,-0.004437653735,-3.054029825e-05,-1.114412841e-05
541300000,-0.00240621622,-0.003242586618,-3.224795148e-05,3.649718244e-06
541400000,-0.003023143498,-0.001599535257,-2.718298618e-05,1.762663124e-05
541500000,-0.002841249541,0.0001451120162,-1.643159723e-05,2.785659954e-05
541600000,-0.001899685582,0.001623939229,-2.269433155e-06,3.220596885e-05
541700000,-0.0003975073855,0.00252588555,1.23200207e-05,2.978240435e-05
541800000,0.001348407017,0.002661675618,2.427392368e-05,2.111784543e-05
541900000,0.00297019703,0.002003537012,3.109304218e-05,8.051967479e-06
542000000,0.00412651756,0.0006908755663,3.136422721e-05,-6.658361387e-06
542100000,0.004574372385,-0.0009992468042,2.505319009e-05,-1.992073291e-05
542200000,0.004220170896,-0.002710580834,1.350693504e-05,-2.89572501e-05
542300000,0.003139282876,-0.004082770858,-8.336588025e-07,-3.188633832e-05
542400000,0.001560003719,-0.0048272288,-1.494979484e-05,-2.811446811e-05
542500000,-0.0001846635861,-0.004787826689,-2.588020134e-05,-1.845624934e-05
542600000,-0.00172722932,-0.003973640457,-3.134230836e-05,-4.958635069e-06
542700000,-0.00274313281,-0.002556873253,-3.020886473e-05,9.532854922e-06
542800000,-0.00301904065,-0.0008364279326,-2.274048371e-05,2.197397906e-05
542900000,-0.002497650801,0.0008251638679,-1.052616442e-05,2.976124587e-05
543000000,-0.001289591741,0.002078143113,3.854721979e-06,3.127669301e-05
543100000,0.0003500508364,0.002659150356,1.737709243e-05,2.622398741e-05
543200000,0.002075594665,0.002446579434,2.720645676e-05,1.568604184e-05
543300000,0.003523633657,0.001486027438,3.129303211e-05,1.893019776e-06
543400000,0.004389562035,-1.948042606e-05,2.879914734e-05,-1.224959078e-05
543500000,0.004491640347,-0.001752394482,2.027082913e-05,-2.37729799e-05
543600000,0.003809132842,-0.003347608948,7.518448607e-06,-3.026819191e-05
543700000,0.002486513714,-0.004469376846,-6.767522411e-06,-3.038967307e-05
543800000,0.0008028866937,-0.00488197138,-1.958410332e-05,-2.413394244e-05
543900000,-0.0008869139628,-0.004499221496,-2.824701167e-05,-1.283568779e-05
544000000,-0.002227113775,-0.003402508078,-3.095281658e-05,1.116918346e-06
544100000,-0.002935913526,-0.001823458544,-2.715431838e-05,1.478697659e-05
544200000,-0.002864750412,-9.50187489e-05,-1.76710318e-05,2.53070172e-05
544300000,-0.002029439221,0.001418759248,-4.512504432e-06,3.048045331e-05
544400000,-0.0006066666712,0.002399402504,9.547464161e-06,2.924018319e-05
544500000,0.001103381814,0.002641020067,2.155549924e-05,2.186860441e-05
544600000,0.00274035347,0.002093528811,2.899898977e-05,9.933697455e-06
544700000,0.003959655425,0.0008730318821,3.033179799e-05,-4.044429255e-06
544800000,0.004504982826,-0.0007627966685,2.529535473e-05,-1.71256317e-05
544900000,0.004262187296,-0.00246910276,1.496847023e-05,-2.65681232e-05
545000000,0.003283166758,-0.003886541584,1.536345083e-06,-3.040310995e-05
545100000,0.001774775536,-0.004716948193,-1.217177961e-05,-2.784524216e-05
545200000,5.511957679e-05,-0.004786056247,-2.327851737e-05,-1.945332105e-05
545300000,-0.001513533074,-0.004080069528,-2.946227653e-05,-7.008402239e-06
545400000,-0.002601077403,-0.002748406826,-2.944249043e-05,6.864150684e-06
545500000,-0.002979047927,-0.001072073068,-2.324472967e-05,1.924847225e-05
545600000,-0.002568619588,0.0005956471733,-1.219082689e-05,2.755104628e-05
545700000,-0.001457046332,0.001903652892,1.382964428e-06,3.004380125e-05
545800000,0.0001208880809,0.002576947772,1.461969813e-05,2.622373067e-05
545900000,0.001832459427,0.002474455347,2.474301804e-05,1.691421142e-05
546000000,0.003317155562,0.001618576656,2.963945416e-05,4.087651729e-06
546100000,0.004262601843,0.0001903023796,2.829961222e-05,-9.552354496e-06
546200000,0.004470273398,-0.001509053153,2.102616734e-05,-2.114085849e-05
546300000,0.003897175033,-0.003121407834,9.365822585e-06,-2.825327787e-05
546400000,0.002664739222,-0.004307356367,-4.219537105e-06,-2.941263659e-05
546500000,0.001033098247,-0.004817611619,-1.68725921e-05,-2.43962135e-05
546600000,-0.0006538233166,-0.004545404751,-2.594151662e-05,-1.427794675e-05
546700000,-0.0020408087,-0.003548825873,-2.953571301e-05,-1.198608348e-06
546800000,-0.002836156865,-0.002038426555,-2.691989584e-05,1.208708599e-05
546900000,-0.002873039554,-0.0003327283447,-1.86643915e-05,2.279062996e-05
547000000,-0.002144497943,0.001208958608,-6.520956954e-06,2.867496726e-05
547100000,-0.0008047376296,0.002262232716,6.94887731e-06,2.852199889e-05
547200000,0.0008635111681,0.002605863861,1.891409946e-05,2.238466433e-05
547300000,0.002508655331,0.002168259072,2.686918977e-05,1.157144533e-05
547400000,0.00378433117,0.001042376051,2.915874074e-05,-1.632532664e-06
547500000,0.004422316179,-0.0005340178463,2.532188363e-05,-1.444836937e-05
547600000,0.004288916463,-0.00222854877,1.618487093e-05,-2.418820265e-05
547700000,0.003412978832,-0.003684305114,3.68325714e-06,-2.881889969e-05
547800000,0.001979657642,-0.004595004938,-9.548076036e-06,-2.738641777e-05
547900000,0.0002912783069,-0.004769433451,-2.073022214e-05,-2.021227016e-05
548000000,-0.001296434294,-0.004171591797,-2.752385683e-05,-8.821658557e-06
548100000,-0.002449311528,-0.002928122903,-2.851859085e-05,4.380721441e-06
548200000,-0.002925083685,-0.001301480055,-2.352571148e-05,1.661830367e-05
548300000,-0.002624298065,0.0003654767602,-1.361356395e-05,2.532655371e-05
548400000,-0.001611108859,0.001721757303,-8.790369482e-07,2.869036414e-05
548500000,-9.959489829e-05,0.002482150052,1.199598669e-05,2.602233948e-05
548600000,0.001591472761,0.002487199521,2.230940014e-05,1.790314273e-05
548700000,0.003105852994,0.00173664221,2.790593694e-05,6.055275534e-06
548800000,0.004124871027,0.0003892947397,2.762753232e-05,-7.022302947e-06
548900000,0.004434467699,-0.001270544469,2.155288286e-05,-1.85812233e-05
549000000,0.00397015871,-0.002893073665,1.097666456e-05,-2.620126883e-05
549100000,0.002830462552,-0.004136697065,-1.866331616e-06,-2.829708734e-05
549200000,0.001255998806,-0.004739936904,-1.427338025e-05,-2.444797081e-05
549300000,-0.0004213133679,-0.004576409721,-2.364256104e-05,-1.548211468e-05
549400000,-0.001848233859,-0.003681304672,-2.801838292e-05,-3.298523504e-06
549500000,-0.002724602741,-0.002243812334,-2.649988207e-05,9.535161132e-06
549600000,-0.002866489203,-0.0005671305656,-1.942603545e-05,2.032374755e-05
549700000,-0.002244798991,0.0009954959136,-8.300352361e-06,2.681047788e-05
549800000,-0.0009912362021,0.00211520528,4.52863254e-06,2.764906006e-05
549900000,0.0006295980391,0.002556732149,1.636307881e-05,2.268302387e-05
550000000,0.002276055022,0.00222783875,2.472314521e-05,1.297444736e-05
550100000,0.003601445892,0.001198581898,2.786659314e-05,5.768909624e-07
550200000,0.004327032453,-0.0003136045046,2.515182247e-05,-1.189893171e-05
550300000,0.00430063848,-0.001989834455,1.716870282e-05,-2.183489403e-05
550400000,0.003528560538,-0.003477005383,5.610548683e-06,-2.715485471e-05
550500000,0.002174086556,-0.004462172421,-7.085004105e-06,-2.675843311e-05
550600000,0.0005229631903,-0.004738398334,-1.825006677e-05,-2.074853945e-05
550700000,-0.001076889204,-0.004248221498,-2.554710683e-05,-1.040562814e-05
550800000,-0.002288696758,-0.003095607255,-2.745830266e-05,2.085049197e-06
550900000,-0.002857733506,-0.001523893805,-2.360120573e-05,1.409510699e-05
551000000,-0.002664872803,0.0001355892641,-1.480507342e-05,2.310608047e-05
551100000,-0.001751528022,0.001533377132,-2.93268087e-06,2.723750675e-05
551200000,-0.0003107623299,0.00237546828,9.514119793e-06,2.563930891e-05
551300000,0.001353520597,0.002485163834,1.992157927e-05,1.866661558e-05
551400000,0.002890675185,0.001840143061,2.611289162e-05,7.801083912e-06
551500000,0.003977182111,0.0005770002066,2.680345518e-05,-4.663890405e-06
551600000,0.004384728019,-0.001037675313,2.186734735e-05,-1.610720747e-05
551700000,0.00402817479,-0.002663553503,1.235974926e-05,-2.413119077e-05
551800000,0.002983341928,-0.003958286539,2.914568712e-07,-2.70639312e-05
551900000,0.00147088621,-0.004649588417,-1.179635057e-05,-2.430760667e-05
552000000,-0.0001902984992,-0.004592496282,-2.136716743e-05,-1.646021949e-05
552100000,-0.001650323113,-0.003799768591,-2.642139166e-05,-5.185988657e-06
552200000,-0.002602007821,-0.002439041637,-2.591405745e-05,7.137539512e-06
552300000,-0.002845519674,-0.0007973740833,-1.997081099e-05,1.792084371e-05
552400000,-0.002330338173,0.0007793200521,-9.857506424e-06,2.490652967e-05
552500000,-0.001165735036,0.001959166754,2.289348092e-06,2.664186311e-05
552600000,0.0004024024815,0.002494191025,1.391390741e-05,2.278082696e-05
552700000,0.002043484869,0.002272434574,2.257874048e-05,1.415290906e-05
552800000,0.003411907639,0.001341382098,2.647587866e-05,2.584991175e-06
552900000,0.004219824159,-0.0001022012867,2.480401791e-05,-9.485434973e-06
553000000,0.004297684611,-0.001753845629,1.793318668e-05,-1.952384411e-05
553100000,0.003629812388,-0.003265582555,7.323059794e-06,-2.543084283e-05
553200000,0.00235755331,-0.004319247041,-4.787091051e-06,-2.598119324e-05
553300000,0.0007493632881,-0.00469343585,-1.585096332e-05,-2.107789411e-05
553400000,-0.0008558396861,-0.004310030219,-2.355058485e-05,-1.176864243e-05
553500000,-0.002120107453,-0.003250503348,-2.628191647e-05,-2.204117162e-08
553600000,-0.002777620174,-0.001738605106,-2.348897146e-05,1.168865856e-05
553700000,-0.002690584123,-9.310308882e-05,-1.577686491e-05,2.090627186e-05
553800000,-0.001878111485,0.001339435346,-4.780833897e-06,2.57052266e-05
553900000,-0.0005120301954,0.00225764182,7.180445482e-06,2.509378068e-05
554000000,0.001119455219,0.00246874857,1.759375405e-05,1.921890206e-05
554100000,0.002672562897,0.00192905648,2.427936067e-05,9.331501297e-06
554200000,0.003820366088,0.0007529782652,2.58472544e-05,-2.479861052e-06
554300000,0.004321600622,-0.0008112107956,2.198609227e-05,-1.373011615e-05
554400000,0.004071369963,-0.002433775584,1.352480853e-05,-2.206050784e-05
554500000,0.003123093858,-0.003773020459,2.254741961e-06,-2.573310523e-05
554600000,0.001677106818,-0.00454724059,-9.449568815e-06,-2.399333874e-05
554700000,3.833544852e-05,-0.004593975708,-1.913065725e-05,-1.722494252e-05
554800000,-0.001448007755,-0.003904100456,-2.476407615e-05,-6.865506929e-06
554900000,-0.002469152694,-0.002623593863,-2.518170268e-05,4.898812876e-06
555000000,-0.002810596629,-0.001022644855,-2.031389681e-05,1.559460998e-05
555100000,-0.002401168499,0.0005613668254,-1.120032486e-05,2.298122267e-05
555200000,-0.001327863771,0.001794977543,2.320249768e-07,2.552009959e-05
555300000,0.0001826397696,0.002418844416,1.157625209e-05,2.2695219e-05
555400000,0.00181185405,0.002302267104,2.045224966e-05,1.511784063e-05
555500000,0.0032166278,0.0014705678,2.500604071e-05,4.394353788e-06
555600000,0.004101412909,9.959796812e-05,2.429699161e-05,-7.214231153e-06
555700000,0.004280434841,-0.001521435671,1.849203893e-05,-1.726897882e-05
555800000,0.003716692953,-0.003050969545,8.826839976e-06,-2.366541535e-05
555900000,0.002529604099,-0.004167044637,-2.657197179e-06,-2.507396595e-05
556000000,0.0009697083075,-0.004635072982,-1.354405082e-05,-2.121627267e-05
556100000,-0.0006342100419,-0.004357145283,-2.155134248e-05,-1.291997758e-05
556200000,-0.001944427144,-0.003392512336,-2.500879777e-05,-1.941240005e-06
556300000,-0.002685400436,-0.001944952237,-2.320661628e-05,9.406968983e-06
556400000,-0.002701723923,-0.0003197153698,-1.654109935e-05,1.87421283e-05
556500000,-0.00199072522,0.001140853537,-6.427677285e-06,2.411234192e-05
556600000,-0.0007028672291,0.002129434851,4.999611974e-06,2.440442876e-05
556700000,0.0008900928179,0.002438399759,1.53383962e-05,1.95746137e-05
556800000,0.002452445049,0.002003416768,2.242299506e-05,1.065402467e-05
556900000,0.003655268825,0.0009168446898,2.477803828e-05,-4.713809817e-07
557000000,0.004245670217,-0.0005918723292,2.192566842e-05,-1.145950382e-05
557100000,0.004099944812,-0.002204646235,1.448237145e-05,-2.000512887e-05
557200000,0.003249492838,-0.003581798972,4.025842393e-06,-2.432351219e-05
557300000,0.001874056846,-0.004433597752,-7.239384741e-06,-2.352308673e-05
557400000,0.0002637338685,-0.00458120828,-1.694668625e-05,-1.778946345e-05
557500000,-0.001242213032,-0.003994240867,-2.306450721e-05,-8.342768703e-06
557600000,-0.002326838346,-0.002797002774,-2.432149629e-05,2.82194829e-06
557700000,-0.002762228246,-0.001242168338,-2.047065748e-05,1.335601827e-05
557800000,-0.002457398633,0.0003425557012,-1.233764558e-05,2.105120348e-05
557900000,-0.001477309107,0.001623508299,-1.643816044e-06,2.430257797e-05
558000000,-2.902126773e-05,0.002331330896,9.358063897e-06,2.244321596e-05
558100000,0.001582045686,0.002317608626,1.835835638e-05,1.588090101e-05
558200000,0.003016517561,0.001585988052,2.347539089e-05,6.008852718e-06
558300000,0.003972545996,0.0002912512873,2.364882798e-05,-5.090017319e-06
558400000,0.004249315282,-0.001293423041,1.885932267e-05,-1.508255086e-05
558500000,0.003789217652,-0.00283408864,1.012899386e-05,-2.187578329e-05
558600000,0.002689840704,-0.004006396937,-6.966430925e-07,-2.405529171e-05
558700000,0.001183270573,-0.004563875738,-1.13387688e-05,-2.117964985e-05
558800000,-0.0004129038923,-0.004389747947,-1.956492923e-05,-1.386969925e-05
558900000,-0.001762544955,-0.003521392843,-2.365732189e-05,-3.674612113e-06
559000000,-0.002581761702,-0.002142322363,-2.277147558e-05,7.256379875e-06
559100000,-0.002698633356,-0.0005433926701,-1.711043807e-05,1.662703796e-05
559200000,-0.002089292648,0.0009385484489,-7.87855754e-06,2.24764536e-05
559300000,-0.0008827956999,0.001991632871,2.974684171e-06,2.358935865e-05
559400000,0.0006662112376,0.002394606404,1.316630972e-05,1.974855956e-05
559500000,0.002231235458,0.002063313782,2.056004395e-05,1.177707048e-05
559600000,0.003482747503,0.001068271682,2.361407247e-05,1.361829604e-06
559700000,0.004157556829,-0.0003803359145,2.1702518e-05,-9.303257851e-06
559800000,0.004114151789,-0.001977046939,1.524361276e-05,-1.7979425e-05
559900000,0.003362370844,-0.003385523171,5.608338733e-06,-2.285296885e-05
560000000,0.002061183495,-0.004309390753,-5.170537022e-06,-2.291436231e-05
560100000,0.0004850759049,-0.004554600763,-1.482728915e-05,-1.816731519e-05
560200000,-0.00103385477,-0.004070187063,-2.133946491e-05,-9.624502075e-06
560300000,-0.00217588263,-0.002958856988,-2.335142608e-05,9.084107551e-07
560400000,-0.002700962283,-0.001455211508,-2.045650965e-05,1.121439086e-05
560500000,-0.002499191174,0.000123786699,-1.327908788e-05,1.913166825e-05
560600000,-0.001613814656,0.001445636372,-3.339998469e-06,2.300715907e-05
560700000,-0.000231959702,0.002232320448,7.265670793e-06,2.204158608e-05
560800000,0.001354914089,0.002318780904,1.631018396e-05,1.645425095e-05
560900000,0.002812484444,0.00168754901,2.190107049e-05,7.433505287e-06
561000000,0.003833992938,0.0004722694097,2.287707533e-05,-3.115947704e-06
561100000,0.004204795467,-0.001070588986,1.904930939e-05,-1.297519582e-05
561200000,0.003847457358,-0.002615848236,1.123753269e-05,-2.007780586e-05
561300000,0.002837920703,-0.00383814801,1.094662746e-06,-2.294290731e-05
561400000,0.001389366796,-0.004480446089,-9.242937227e-06,-2.098391151e-05
561500000,-0.0001928012235,-0.00440807145,-1.760540817e-05,-1.462851522e-05
561600000,-0.001575352088,-0.003636960525,-2.224482235e-05,-5.225458157e-06
561700000,-0.002467418714,-0.002330152728,-2.220050463e-05,5.241664675e-06
561800000,-0.002681700374,-0.0007633126506,-1.749790143e-05,1.457281873e-05
561900000,-0.002173793585,0.0007334286053,-9.139841481e-06,2.081391967e-05
562000000,-0.001051391974,0.001845039213,1.107261806e-06,2.266602019e-05
562100000,0.0004485479103,0.002337897618,1.108669763e-05,1.975561571e-05
562200000,0.002009829716,0.002108891294,1.870535608e-05,1.270982826e-05
562300000,0.003303667078,0.001206987798,2.237271598e-05,3.021365021e-06
562400000,0.004057912608,-0.0001772306286,2.133285888e-05,-7.267687413e-06
562500000,0.004114293032,-0.001751831564,1.582020991e-05,-1.599625757e-05
562600000,0.00346161662,-0.003185091641,7.006933268e-06,-2.133816711e-05
562700000,0.002237985856,-0.00417537355,-3.24626113e-06,-2.218417201e-05
562800000,0.000701576787,-0.004514603762,-1.278293274e-05,-1.837224906e-05
562900000,-0.0008238361025,-0.004131991604,-1.960442595e-05,-1.071832878e-05
563000000,-0.002017116758,-0.003108800259,-2.228871356e-05,-8.417137171e-07
563100000,-0.002627383065,-0.001661084679,-2.028679979e-05,9.177476797e-06
563200000,-0.002526760773,-9.40625824e-05,-1.403490931e-05,1.72363764e-05
563300000,-0.001737180588,0.00126224231,-4.859556009e-06,2.165070454e-05
563400000,-0.0004256037492,0.002122511167,5.303874493e-06,2.15067442e-05
563500000,0.001131282182,0.002306152791,1.431933479e-05,1.685041541e-05
563600000,0.002605428933,0.001775212963,2.029902434e-05,8.674331759e-06
563700000,0.00368654203,0.0006422164152,2.199865995e-05,-1.293747541e-06
563800000,0.004147385543,-0.0008536754322,1.907635156e-05,-1.095599558e-05
563900000,0.003891536826,-0.002397139705,1.21612322e-05,-1.828599035e-05
564000000,0.002973557464,-0.003663150762,2.71809711e-06,-2.175368236e-05
564100000,0.001587359635,-0.004385418821,-7.262841567e-06,-2.064474144e-05
564200000,2.524441304e-05,-0.004412398896,-1.568538152e-05,-1.520763636e-05
564300000,-0.001383738378,-0.003739087443,-2.078755173e-05,-6.598179037e-06
564400000,-0.00234311018,-0.002507931615,-2.151018325e-05,3.366132385e-06
564500000,-0.002651357155,-0.0009786879143,-1.771673743e-05,1.258976846e-05
564600000,-0.002244262992,0.0005263910342,-1.02187765e-05,1.913984168e-05
564700000,-0.001208286865,0.001690471559,-6.024018223e-07,2.165113299e-05
564800000,0.0002377979911,0.002268839661,9.107234799e-06,1.96106057e-05
564900000,0.001789102202,0.002140345174,1.687239169e-05,1.346212143e-05
565000000,0.003118896806,0.001332777659,2.107036978e-05,4.510004475e-06
565100000,0.003947418586,1.686267476e-05,2.083258096e-05,-5.357616343e-06
565200000,0.004100718047,-0.001529823747,1.622420907e-05,-1.406701488e-05
565300000,0.003547174777,-0.002981397087,8.227313918e-06,-1.979464727e-05
565400000,0.002404015607,-0.004032319792,-1.468398974e-06,-2.134893265e-05
565500000,0.0009124899775,-0.004461708978,-1.082257618e-05,-1.84181104e-05
565600000,-0.0006130443262,-0.004179760873,-1.787356206e-05,-1.163262622e-05
565700000,-0.001851381814,-0.003246531544,-2.114975114e-05,-2.429595537e-06
565800000,-0.002542108401,-0.001859143118,-1.997669344e-05,7.251533305e-06
565900000,-0.002540372095,-0.0003101397887,-1.461587034e-05,1.537767405e-05
566000000,-0.001847263066,0.001074206424,-6.206601307e-06,2.024903754e-05
566100000,-0.0006094318022,0.002002625948,3.476050198e-06,2.085465807e-05
566200000,0.0009119390933,0.002280137724,1.239593774e-05,1.708215549e-05
566300000,0.002396241198,0.00184899716,1.868398607e-05,9.738219817e-06
566400000,0.003530996888,0.0008007101397,2.102981257e-05,3.761724157e-07
566500000,0.004077633367,-0.0006433830758,1.895476584e-05,-9.032547892e-06
566600000,0.00392163295,-0.002178834386,1.290949735e-05,-1.651350224e-05
566700000,0.003096519936,-0.003482263473,4.17619668e-06,-2.050356814e-05
566800000,0.001776659057,-0.004279458347,-5.40332198e-06,-2.017751973e-05
566900000,0.0002404085404,-0.004403061014,-1.381602508e-05,-1.561864616e-05
567000000,-0.001188588926,-0.003827701222,-1.930065433e-05,-7.79814402e-06
567100000,-0.002209595387,-0.002675199117,-2.071643254e-05,1.631733168e-06
567200000,-0.002608077416,-0.001188768194,-1.778030039e-05,1.068672217e-05
567300000,-0.00230078956,0.0003183181142,-1.11233566e-05,1.74680617e-05
567400000,-0.00135316577,0.001528758487,-2.155281491e-06,2.056062416e-05
567500000,3.461269095e-05,0.002188032909,7.234145937e-06,1.932819226e-05
567600000,0.001569903231,0.002157921431,1.507324383e-05,1.404427578e-05
567700000,0.002929306814,0.00144548147,1.972243733e-05,5.831585011e-06
567800000,0.003826781402,0.000201412456,2.021715428e-05,-3.576479064e-06
567900000,0.004073821264,-0.001311814459,1.646790032e-05,-1.220165697e-05
568000000,0.003619044689,-0.002775323061,9.276022793e-06,-1.823678231e-05
568100000,0.00255887749,-0.003881019402,1.624906517e-07,-2.042439883e-05
568200000,0.001117109129,-0.00439644636,-8.953737359e-06,-1.83187246e-05
568300000,-0.0004023478788,-0.004213653409,-1.615974852e-05,-1.237639603e-05
568400000,-0.00167952531,-0.003371804862,-1.995005116e-05,-3.857540374e-06
568500000,-0.002445786434,-0.002048788456,-1.954107566e-05,5.441411367e-06
568600000,-0.002540337636,-0.0005236204759,-1.50331074e-05,1.356652613e-05
568700000,-0.001943973491,0.0008824054288,-7.386198196e-06,1.881691484e-05
568800000,-0.000782973251,0.001873409136,1.784248281e-06,2.010076654e-05
568900000,0.0006976379271,0.002241191096,1.05487025e-05,1.716235001e-05
569000000,0.002185797936,0.001908972458,1.706947402e-05,1.063279454e-05
569100000,0.003368173023,0.0009474223799,1.998600671e-05,1.894601608e-06
569200000,0.003996121534,-0.0004403696662,1.869872717e-05,-7.211040953e-06
569300000,0.003937972872,-0.001961780722,1.349223445e-05,-1.47721847e-05
569400000,0.003206632229,-0.003296346382,5.472535089e-06,-1.920755796e-05
569500000,0.001956723482,-0.004163255471,-3.667865488e-06,-1.959723268e-05
569600000,0.0004518982277,-0.004380433768,-1.200713035e-05,-1.587337911e-05
569700000,-0.0009907808242,-0.003902784034,-1.779814965e-05,-8.831563303e-06
569800000,-0.002067650824,-0.002831547671,-1.983454345e-05,3.91648471e-08
569900000,-0.00255237363,-0.001392842354,-1.770193952e-05,8.87111538e-06
570000000,-0.002343514108,0.0001100745421,-1.186219477e-05,1.581116932e-05
570100000,-0.001485768596,0.001360736045,-3.553462931e-06,1.940957766e-05
570200000,-0.0001604021872,0.002096108767,5.472287671e-06,1.892277979e-05
570300000,0.001353056374,0.002161914093,1.331866833e-05,1.446699583e-05
570400000,0.002735764759,0.001544994325,1.834329618e-05,6.99087777e-06
570500000,0.003696729996,0.0003759373714,1.950154854e-05,-1.92641849e-06
570600000,0.004034039474,-0.001098559742,1.656370214e-05,-1.040876721e-05
570700000,0.00367727922,-0.002567740795,1.016033002e-05,-1.667777261e-05
570800000,0.002702229588,-0.00372227517,1.647021731e-06,-1.94256019e-05
570900000,0.001314769847,-0.00431938119,-7.182564232e-06,-1.808779342e-05
571000000,-0.0001925934586,-0.004233878081,-1.447458174e-05,-1.295913976e-05
571100000,-0.001502397795,-0.003484428948,-1.870420617e-05,-5.128870184e-06
571200000,-0.00233909246,-0.002229469897,-1.899446262e-05,3.750644311e-06
571300000,-0.002527015418,-0.0007337106134,-1.529801438e-05,1.181255606e-05
571400000,-0.002027277549,0.0006877091733,-8.404238136e-06,1.73680095e-05
571500000,-0.000945809095,0.001735623182,2.292969743e-07,1.925990906e-05
571600000,0.000489093725,0.002189807542,8.784979965e-06,1.710388677e-05
571700000,0.001974959332,0.001955261806,1.546779658e-05,1.136629442e-05
571800000,0.00319889444,0.00108207889,1.888190831e-05,3.263416471e-06
571900000,0.003903464333,-0.0002452484912,1.83221733e-05,-5.496332136e-06
572000000,0.003940831936,-0.001746801548,1.391973078e-05,-1.307258631e-05
572100000,0.003303772996,-0.003106258357,6.611603069e-06,-1.787965836e-05
572200000,0.002127060725,-0.004037524126,-2.058700227e-06,-1.891839364e-05
572300000,0.0006589543894,-0.00434493587,-1.026715353e-05,-1.598380805e-05
572400000,-0.0007911799906,-0.00396437139,-1.629292593e-05,-9.705365556e-06
572500000,-0.001918066802,-0.002976622408,-1.887911636e-05,-1.412020582e-06
572600000,-0.002484794165,-0.001590240198,-1.749489766e-05,7.149052342e-06
572700000,-0.002372627836,-9.749556483e-05,-1.244440202e-05,1.418051745e-05
572800000,-0.001605889489,0.001187244375,-4.800027719e-06,1.821219456e-05
572900000,-0.0003466875106,0.001993726523,3.825233654e-06,1.840842763e-05
573000000,0.001139355916,0.002152662969,1.161812115e-05,1.47412494e-05
573100000,0.002539132555,0.001631265334,1.694627996e-05,7.993468198e-06
573200000,0.003558012299,0.0005400069459,1.870016361e-05,-4.083850057e-07
573300000,0.003981849175,-0.0008907786221,1.652405523e-05,-8.695609763e-06
573400000,0.003721983269,-0.002359506152,1.08881133e-05,-1.512964994e-05
573500000,0.002833783382,-0.003556899381,2.98687163e-06,-1.836679996e-05
573600000,0.001504851256,-0.004231111087,-5.513910313e-06,-1.773880156e-05
573700000,1.539671207e-05,-0.004240692112,-1.282840505e-05,-1.339074168e-05
573800000,-0.001320849524,-0.003584266706,-1.742585983e-05,-6.247807137e-06
573900000,-0.002222725703,-0.002400685215,-1.835092383e-05,2.181538513e-06
574000000,-0.002500806547,-0.0009396489164,-1.542213275e-05,1.012409222e-05
574100000,-0.002097194082,0.0004909774685,-9.267321393e-06,1.591490337e-05
574200000,-0.001097572345,0.001590045297,-1.189094838e-06,1.834626604e-05
574300000,0.0002869816101,0.002126518121,7.11082743e-06,1.691956351e-05
574400000,0.001764566137,0.001988038552,1.389006644e-05,1.194745376e-05
574500000,0.00302399028,0.001204459175,1.7731336e-05,4.485469075e-06
574600000,0.00380030465,-5.858706186e-05,1.783871966e-05,-3.892029754e-06
574700000,0.003930531506,-0.001534691532,1.420254217e-05,-1.142399624e-05
574800000,0.00338787463,-0.002912853626,7.598692335e-06,-1.653287043e-05
574900000,0.002287228733,-0.003902998096,-5.768908418e-07,-1.815497457e-05
575000000,0.0008608539057,-0.004297026171,-8.603270249e-06,-1.596194052e-05
575100000,-0.0005906381042,-0.004012550758,-1.479674284e-05,-1.042708095e-05
575200000,-0.001761644108,-0.003110121276,-1.786401146e-05,-2.723311243e-06
575300000,-0.002405920338,-0.001780334085,-1.717221974e-05,5.525378363e-06
575400000,-0.00238837041,-0.000303571426,-1.287947345e-05,1.258624616e-05
575500000,-0.00171337636,0.001009124401,-5.898940876e-06,1.698176353e-05
575600000,-0.0005237318742,0.00188157017,2.295361856e-06,1.779877362e-05
575700000,0.0009295644995,0.002130551277,9.979802308e-06,1.487816045e-05
575800000,0.002340263206,0.001704296558,1.554366987e-05,8.845640764e-06
575900000,0.003411391918,0.00069324204,1.782677063e-05,9.777643261e-07
576000000,0.003917763807,-0.0006891512188,1.636132571e-05,-7.068192e-06
576100000,0.003753312156,-0.002151456697,1.146774359e-05,-1.360329008e-05
576200000,0.002953303621,-0.003385710473,4.184673381e-06,-1.726143813e-05
576300000,0.001686777365,-0.004132262961,-3.951413193e-06,-1.728493323e-05
576400000,0.0002208274713,-0.004234398965,-1.123034164e-05,-1.368135934e-05
576500000,-0.001135727204,-0.003671234476,-1.612768751e-05,-7.219361066e-06
576600000,-0.002097406075,-0.002561981553,-1.76240147e-05,7.352653368e-07
576700000,-0.002462152677,-0.001140709005,-1.54170504e-05,8.508219996e-06
576800000,-0.002153793771,0.0002930570216,-9.982643443e-06,1.446908859e-05
576900000,-0.001237948224,0.001437464129,-2.47223548e-06,1.737330953e-05
577000000,9.193512515e-05,0.002051887439,5.531077919e-06,1.662199835e-05
577100000,0.001555436906,0.002007524613,1.234622254e-05,1.238539181e-05
577200000,0.002844291517,0.001314396087,1.654723136e-05,5.564478296e-06
577300000,0.003687310839,0.0001190940003,1.726158436e-05,-2.400577032e-06
577400000,0.00390743666,-0.00132621478,1.435138857e-05,-9.834485816e-06
577500000,0.003458922269,-0.002716978606,8.43978374e-06,-1.517918043e-05
577600000,0.00243683611,-0.003760427737,7.775657782e-07,-1.732034784e-05
577700000,0.001056911561,-0.004237200965,-7.021435113e-06,-1.581972409e-05
577800000,-0.0003899896691,-0.004047460017,-1.332024259e-05,-1.100473007e-05
577900000,-0.00159919068,-0.003231794975,-1.680230915e-05,-3.897131201e-06
578000000,-0.002316363425,-0.001962540352,-1.674667103e-05,4.003755223e-06
578100000,-0.002391027923,-0.0005073582059,-1.317718155e-05,1.103731362e-05
578200000,-0.001808130214,0.0008272145755,-6.85494179e-06,1.573064102e-05
578300000,-0.0006910724553,0.001760345209,8.839431455e-07,1.710696777e-05
578400000,0.0007244109271,0.00209600316,8.410705463e-06,1.488891035e-05
578500000,0.002139997729,0.001764141774,1.4146695e-05,9.554268656e-06
578600000,0.003257644842,0.0008353151124,1.689446312e-05,2.233167097e-06
578700000,0.003842330928,-0.0004943170344,1.608771745e-05,-5.531330812e-06
578800000,0.003771469849,-0.001944408906,1.190797728e-05,-1.210843303e-05
578900000,0.003060607979,-0.00320952975,5.243910316e-06,-1.61221186e-05
579000000,0.001860018241,-0.004023489922,-2.497575325e-06,-1.67389984e-05
579100000,0.0004229331421,-0.004215346101,-9.688333939e-06,-1.384132169e-05
579200000,-0.0009478708227,-0.003745301112,-1.482138612e-05,-8.049220975e-06
579300000,-0.001963870932,-0.00271295601,-1.682671912e-05,-5.880465078e-07
579400000,-0.002411533372,-0.001336201383,-1.529430912e-05,6.970838685e-06
579500000,-0.00219719767,9.477848721e-05,-1.0557887e-05,1.304097716e-05
579600000,-0.001366674161,0.001278676464,-3.622349735e-06,1.635376375e-05
579700000,-9.545523672e-05,0.001966510691,4.04941257e-06,1.62235496e-05
579800000,0.001348365354,0.002013988488,1.084505907e-05,1.268950892e-05
579900000,0.002660627722,0.001411775228,1.534163853e-05,6.504924114e-06
580000000,0.003565173553,0.0002873218753,1.660352287e-05,-1.023337454e-06
580100000,0.003871953775,-0.001122102609,1.437705759e-05,-8.310955668e-06
580200000,0.003516952625,-0.002519468834,9.141440182e-06,-1.382955891e-05
580300000,0.002575542447,-0.003610576705,2.005645199e-06,-1.642723779e-05
580400000,0.001246481797,-0.00416599121,-5.526445298e-06,-1.556896065e-05
580500000,-0.0001900492056,-0.004069285758,-1.187296848e-05,-1.144671896e-05
580600000,-0.001431518338,-0.003341446686,-1.57062798e-05,-4.936738461e-06
580700000,-0.002216761605,-0.002136320528,-1.623066472e-05,2.586738855e-06
580800000,-0.002380930711,-0.000708089467,-1.334747699e-05,9.541533274e-06
580900000,-0.001890104304,0.0006423477199,-7.673438988e-06,1.447024017e-05
581000000,-0.0008482956659,0.001630775435,-4.087696151e-07,1.634561551e-05
581100000,0.0005245881443,0.002049481112,6.916672242e-06,1.478464752e-05
581200000,0.001939162205,0.00181090506,1.276554059e-05,1.012670885e-05
581300000,0.003097556164,0.0009659502817,1.591561759e-05,3.35985813e-06
581400000,0.00375612931,-0.0003068734377,1.57151935e-05,-4.088722135e-06
581500000,0.003776707052,-0.001739155513,1.221785503e-05,-1.065371009e-05
581600000,0.003155566527,-0.003029178156,6.16881365e-06,-1.496057977e-05
581700000,0.002024090968,-0.003905468158,-1.153846222e-06,-1.61133686e-05
581800000,0.0006209797935,-0.004183922618,-8.209188374e-06,-1.388103504e-05
581900000,-0.0007581105719,-0.003806486877,-1.351767222e-05,-8.743651076e-06
582000000,-0.001822871831,-0.002853256037,-1.597140141e-05,-1.789218921e-06
582100000,-0.002349463375,-0.001525475233,-1.506532074e-05,5.516722368e-06
582200000,-0.002227575564,-0.0001030463555,-1.100111996e-05,1.1639918e-05
582300000,-0.001483539593,0.001114483976,-4.642480122e-06,1.529957481e-05
582400000,-0.0002746433057,0.00187101067,2.668435343e-06,1.573624473e-05
582500000,0.001144117889,0.002007743147,9.394260513e-06,1.286938978e-05
582600000,0.002473823903,0.001496534168,1.412569243e-05,7.311945551e-06
582700000,0.003434602577,0.0004456722552,1.5876772e-05,2.39319311e-07
582800000,0.003824527993,-0.0009230514895,1.429031633e-05,-6.859187552e-06
582900000,0.003562052647,-0.002321145997,9.710704646e-06,-1.249396776e-05
583000000,0.002703058446,-0.003454218705,3.10920125e-06,-1.548768149e-05
583100000,0.001428960276,-0.004083959679,-4.122007221e-06,-1.522122941e-05
583200000,8.391421437e-06,-0.004078261428,-1.046339019e-05,-1.176174071e-05
583300000,-0.00125943957,-0.003438931614,-1.45873626e-05,-5.846125738e-06
583400000,-0.00210777689,-0.002301182367,-1.563619876e-05,1.27585852e-06
583500000,-0.002358451059,-0.0009050294621,-1.340039682e-05,8.105616363e-06
583600000,-0.001959303099,0.0004553479443,-8.36040921e-06,1.321102799e-05
583700000,-0.0009950376038,0.001493599726,-1.583452685e-06,1.55267302e-05
583800000,0.0003307514025,0.001991483301,5.502450462e-06,1.457640535e-05
583900000,0.00173856494,0.001844739238,1.140936349e-05,1.057070288e-05
584000000,0.002931916848,0.001084923191,1.490186315e-05,4.360673937e-06
584100000,0.003659765989,-0.00012737434,1.525540643e-05,-2.743012758e-06
584200000,0.003769319151,-0.001536463011,1.240660749e-05,-9.24667701e-06
584300000,0.003238101022,-0.002845473119,6.964263508e-06,-1.378768383e-05
584400000,0.002178560425,-0.003778893794,7.929466894e-08,-1.541992163e-05
584500000,0.0008142673301,-0.004140556786,-6.798624843e-06,-1.381089686e-05
584600000,-0.0005672638796,-0.003854862176,-1.222628774e-05,-9.309391724e-06
584700000,-0.001675171304,-0.002982579619,-1.506976739e-05,-2.869933356e-06
584800000,-0.002276489816,-0.00170792003,-1.474129172e-05,4.149583861e-06
584900000,-0.002245144189,-0.0002996272923,-1.132069956e-05,1.027422043e-05
585000000,-0.001588385568,0.0009456900204,-5.536390762e-06,1.4221889e-05
585100000,-0.0004451283135,0.001766034725,1.389749243e-06,1.517171822e-05
585200000,0.0009434312815,0.001989143794,8.000442094e-06,1.293471389e-05
585300000,0.002284697428,0.001568661477,1.290961499e-05,7.991242722e-06
585400000,0.003296323638,0.000593769856,1.509300292e-05,1.38793158e-06
585500000,0.003765640617,-0.000729721174,1.410183104e-05,-5.483900077e-06
585600000,0.003594358017,-0.002122815092,1.01550037e-05,-1.118137417e-05
585700000,0.002819145849,-0.003292134279,4.09087356e-06,-1.451299834e-05
585800000,0.001603785253,-0.003991698051,-2.810805566e-06,-1.478781851e-05
585900000,0.0002045655301,-0.004074665349,-9.098934946e-06,-1.195868355e-05
586000000,-0.001083764382,-0.003524156333,-1.345615236e-05,-6.629924496e-06
586100000,-0.00199009201,-0.002456680669,-1.497480135e-05,7.169671017e-08
586200000,-0.002324000793,-0.001097475259,-1.334598029e-05,6.735219093e-06
586300000,-0.002015781078,0.0002670276739,-8.922301172e-06,1.196252995e-05
586400000,-0.001130984306,0.001349568846,-2.641623427e-06,1.466169431e-05
586500000,0.0001435166046,0.001922540826,4.171755495e-06,1.427502836e-05
586600000,0.001538993756,0.001865844146,1.008631407e-05,1.08942835e-05
586700000,0.002761520545,0.001192060681,1.386405957e-05,5.239159593e-06
586800000,0.003553873262,4.367093516e-05,1.471963712e-05,-1.495873712e-06
586900000,0.003749644042,-0.001337069298,1.248356802e-05,-7.893852242e-06
587000000,0.003308184005,-0.002659225478,7.635693856e-06,-1.261341205e-05
587100000,0.002323039849,-0.003644479741,1.202255113e-06,-1.466999513e-05
587200000,0.001002131409,-0.004085713486,-5.46132999e-06,-1.364121728e-05
587300000,-0.0003761325507,-0.003890546121,-1.095601268e-05,-9.753565576e-06
587400000,-0.001521539665,-0.003100675276,-1.413283381e-05,-3.83264135e-06
587500000,-0.002193189346,-0.001882966959,-1.433315607e-05,2.872141058e-06
587600000,-0.002250165308,-0.0004941982237,-1.152518287e-05,8.95118359e-06
587700000,-0.00168110417,0.0007730964982,-6.30847434e-06,1.313103918e-05
587800000,-0.0006064557756,0.001652251691,2.140333658e-07,1.454115789e-05
587900000,0.0007470105138,0.001958585522,6.669194658e-06,1.289517336e-05
588000000,0.002094055049,0.001628195596,1.170271864e-05,8.548983345e-06
588100000,0.003151075242,0.0007312887311,1.426328262e-05,2.42386059e-06
588200000,0.003695806409,-0.0005427329954,1.382209485e-05,-4.188807536e-06
588300000,0.003614051502,-0.001925261696,1.048205667e-05,-9.899771004e-06
588400000,0.002923617177,-0.003125107632,4.953997367e-06,-1.351376775e-05
588500000,0.001770438763,-0.003889823957,-1.594573928e-06,-1.427966492e-05
588600000,0.0003977339972,-0.0040588186,-7.786023895e-06,-1.204654571e-05
588700000,-0.0009052972301,-0.003597077965,-1.232239415e-05,-7.293312687e-06
588800000,-0.001864407309,-0.002602417909,-1.425748503e-05,-1.026030874e-06
588900000,-0.002278028775,-0.001284758694,-1.319419211e-05,5.434993577e-06
589000000,-0.002059641366,7.818478311e-05,-9.365944334e-06,1.07333413e-05
589100000,-0.001255871807,0.001199442272,-3.585553747e-06,1.376122896e-05
589200000,-3.65411643e-05,0.001843214909,2.927333996e-06,1.389110642e-05
589300000,0.001341213429,0.001874464789,8.803563855e-06,1.110568754e-05
589400000,0.002587160457,0.001287240275,1.281228302e-05,5.999478544e-06
589500000,0.003439105668,0.0002057985881,1.411874196e-05,-3.480745299e-07
589600000,0.003718059837,-0.001141681489,1.245809235e-05,-6.600759784e-06
589700000,0.003365837732,-0.002471236506,8.189001705e-06,-1.144686729e-05
589800000,0.002457191217,-0.00350295256,2.216247877e-06,-1.387434826e-05
589900000,0.001183945179,-0.004019891568,-4.20101361e-06,-1.33821483e-05
590000000,-0.000185500032,-0.003913704944,-9.714683912e-06,-1.008358922e-05
590100000,-0.001362751852,-0.003207341862,-1.317090585e-05,-4.680477179e-06
590200000,-0.002100165233,-0.00205009015,-1.385151623e-05,1.686184918e-06
590300000,-0.002242943664,-0.000686019566,-1.162324373e-05,7.677130838e-06
590400000,-0.001761637754,0.000597500793,-6.963662581e-06,1.203653855e-05
590500000,-0.0007582181783,0.001530348816,-8.588799167e-07,1.385525943e-05
590600000,0.0005555267855,0.001916500861,5.405133405e-06,1.276039789e-05
590700000,0.00190269003,0.001675223531,1.051341643e-05,8.991714045e-06
590800000,0.002999605523,0.0008579523919,1.339804342e-05,3.349206763e-06
590900000,0.003615570826,-0.0003626683552,1.346136324e-05,-2.976681125e-06
591000000,0.003621361154,-0.001729249386,1.069979072e-05,-8.656202744e-06
591100000,0.003016335278,-0.002953923514,5.702516088e-06,-1.249981446e-05
591200000,0.001928447603,-0.003778977994,-4.741663875e-07,-1.370730238e-05
591300000,0.0005871874779,-0.004031082789,-6.530112822e-06,-1.203435702e-05
591400000,-0.0007248340406,-0.003657703172,-1.11949847e-05,-7.841926569e-06
591500000,-0.001731437623,-0.002738044676,-1.349470867e-05,-2.018395884e-06
591600000,-0.002221018315,-0.001466248154,-1.295485314e-05,4.208641893e-06
591700000,-0.002091034212,-0.0001104001523,-9.698462898e-06,9.531144511e-06
591800000,-0.001369486005,0.001043985056,-4.418185517e-06,1.283537112e-05
591900000,-0.000208888918,0.001754094022,1.771029323e-06,1.343491668e-05
592000000,0.001145963257,0.001870889344,7.567338086e-06,1.121327488e-05
592100000,0.002409626291,0.001370389483,1.175581918e-05,6.646325752e-06
592200000,0.003316136936,0.000358591086,1.346310794e-05,7.004422597e-07
592300000,0.003674982477,-0.0009509738964,1.233948531e-05,-5.371975704e-06
592400000,0.003411132943,-0.002282295027,8.63046089e-06,-1.029628291e-05
592500000,0.00258072542,-0.00335504933,3.123209735e-06,-1.304313129e-05
592600000,0.001359120838,-0.003943621135,-3.02046744e-06,-1.304362052e-05
592700000,3.871193748e-06,-0.003924550264,-8.509219531e-06,-1.030709044e-05
592800000,-0.001199584328,-0.003302428183,-1.219356198e-05,-5.417173118e-06
592900000,-0.001998044412,-0.002208807722,-1.330659189e-05,5.926484275e-07
593000000,-0.002223824802,-0.0008743805004,-1.162359625e-05,6.457448543e-06
593100000,-0.001829978007,0.0004196927902,-7.507340623e-06,1.094708117e-05
593200000,-0.0009000554722,0.001401028677,-1.829928208e-06,1.31241888e-05
593300000,0.0003696156974,0.001863357247,4.211949663e-06,1.253988694e-05
593400000,0.001711379385,0.0017098794,9.349238012e-06,9.326276691e-06
593500000,0.002842669121,0.0009735337366,1.250706003e-05,4.166727811e-06
593600000,0.003525507206,-0.0001900673945,1.302959702e-05,-1.849411882e-06
593700000,0.003616558385,-0.001535517289,1.081626189e-05,-7.4567963e-06
593800000,0.003097212699,-0.002779364172,6.340897059e-06,-1.148020093e-05
593900000,0.002077384135,-0.003659820711,5.503706175e-07,-1.308081708e-05
594000000,0.0007722484633,-0.003991857718,-5.335736616e-06,-1.193110732e-05
594100000,-0.0005431593246,-0.003706086989,-1.008198023e-05,-8.281776906e-06
594200000,-0.001591909182,-0.002863259911,-1.269634712e-05,-2.907178989e-06
594300000,-0.002153484505,-0.001641350175,-1.263757838e-05,3.058972529e-06
594400000,-0.002110155324,-0.0002979664776,-9.927195251e-06,8.362732033e-06
594500000,-0.001471662341,0.0008839647377,-5.143048447e-06,1.18934581e-05
594600000,-0.0003730368627,0.001655790989,7.038479895e-07,1.291637312e-05
594700000,0.0009539547891,0.001855447052,6.382952635e-06,1.122545379e-05
594800000,0.002229701273,0.001441484928,1.070316289e-05,7.184844545e-06
594900000,0.003185656939,0.0005016777126,1.276261529e-05,1.650486996e-06
595000000,0.003620863249,-0.0007655861683,1.213693443e-05,-4.211177744e-06
595100000,0.003444187467,-0.002093174654,8.966640675e-06,-9.169037468e-06
595200000,0.002693402257,-0.003201514551,3.925722187e-06,-1.218586252e-05
595300000,0.001527111006,-0.00385746077,-1.921625699e-06,-1.263528717e-05
595400000,0.0001912420767,-0.003923337223,-7.345648e-06,-1.043183126e-05
595500000,-0.001032812032,-0.003385832425,-1.120964574e-05,-6.046977709e-06
595600000,-0.001887474511,-0.002358682631,-1.270817617e-05,-4.083240468e-07
595700000,-0.0021931928,-0.001058601062,-1.153492483e-05,5.296628519e-06
595800000,-0.001886164851,0.0002404519909,-7.945265569e-06,9.870548713e-06
595900000,-0.001031655374,0.0012650061,-2.700743328e-06,1.23575519e-05
596000000,0.0001898756088,0.001799654402,3.092465088e-06,1.224294895e-05
596100000,0.001520881249,0.001732342827,8.216851052e-06,9.559729938e-06
596200000,0.002681024117,0.001077854793,1.159943365e-05,4.879759153e-06
596300000,0.003426213899,-2.542785176e-05,1.253641269e-05,-8.080746983e-07
596400000,0.003599955913,-0.001344777776,1.083958225e-05,-6.306796096e-06
596500000,0.003166210874,-0.002602206375,6.874050807e-06,-1.046322622e-05
596600000,0.002216866889,-0.003533029594,1.479726679e-06,-1.240981061e-05
596700000,0.000952273172,-0.00394157895,-4.206556762e-06,-1.174568141e-05
596800000,-0.0003610434026,-0.003742331494,-8.990609945e-06,-8.61916979e-06
596900000,-0.001446556536,-0.002977810961,-1.187166795e-05,-3.694793132e-06
597000000,-0.002075971491,-0.001809510863,-1.225172202e-05,1.987958604e-06
597100000,-0.002117244059,-0.0004837759475,-1.005961895e-05,7.234033864e-06
597200000,-0.001562285299,0.0007201483122,-5.76418081e-06,1.094411875e-05
597300000,-0.0005285393016,0.001548940047,-2.739734451e-07,1.23449834e-05
597400000,0.0007658697033,0.001828505995,5.254854499e-06,1.115061258e-05
597500000,0.002048159263,0.001500551311,9.66202388e-06,7.620547475e-06
597600000,0.003048368643,0.0006347349285,1.202660737e-05,2.503549635e-06
597700000,0.003556186216,-0.0005861216108,1.185945039e-05,-3.121197326e-06
597800000,0.003465164676,-0.001904631132,9.204329368e-06,-8.071674701e-06
597900000,0.00279503024,-0.003043097089,4.626934343e-06,-1.131141198e-05
598000000,0.001687409921,-0.003761994713,-9.05626743e-07,-1.216647527e-05
598100000,0.000375899326,-0.003910362489,-6.22914147e-06,-1.046563688e-05
598200000,-0.0008632054157,-0.003457501419,-1.022726381e-05,-6.574577385e-06
598300000,-0.001769120864,-0.002499323336,-1.206559901e-05,-1.317307606e-06
598400000,-0.002151467885,-0.001238034067,-1.136582059e-05,4.198313496e-06
598500000,-0.001930285172,6.054472837e-05,-8.283489477e-06,8.814022785e-06
598600000,-0.001152753479,0.001123005113,-3.473577038e-06,1.156437129e-05
598700000,1.686617253e-05,0.001725921659,2.048687627e-06,1.18786474e-05
598800000,0.001331932362,0.001742837199,7.122087149e-06,9.699276133e-06
598900000,0.002515429001,0.001170786277,1.068358261e-05,5.492137032e-06
599000000,0.00331831137,0.0001307958935,1.199103985e-05,1.47007164e-07
599100000,0.003571905598,-0.001157714324,1.077785305e-05,-5.210602712e-06
599200000,0.003223339152,-0.002423218528,7.307254149e-06,-9.456430723e-06
599300000,0.002346560984,-0.003399296043,2.315256598e-06,-1.170337005e-05
599400000,0.001126653271,-0.003880715298,-3.145411241e-06,-1.148680083e-05
599500000,-0.0001792397418,-0.003766584329,-7.927294606e-06,-8.860632279e-06
599600000,-0.001296119512,-0.003081493446,-1.1029315e-05,-4.384208815e-06
599700000,-0.001989049695,-0.001970217135,-1.180632941e-05,9.967972474e-07
599800000,-0.002112581495,-0.0006671150756,-1.010328136e-05,6.150149175e-06
599900000,-0.001641287726,0.0005532992653,-6.286053368e-06,9.995270778e-06
600000000,-0.0006749953518,0.001434193894,-1.162901595e-06,1.172981255e-05
600100000,0.0005823578477,0.001790470778,4.186665318e-06,1.09970574e-05
600200000,0.001865761969,0.001547660206,8.639337954e-06,7.959241419e-06
600300000,0.002904985078,0.0007574865428,1.126386726e-05,3.261727854e-06
600400000,0.003481465589,-0.0004131456798,1.151581411e-05,-2.104073361e-06
600500000,0.003474271812,-0.001717399822,9.350463086e-06,-7.009927986e-06
600600000,0.002885466215,-0.002880547165,5.230488371e-06,-1.042799165e-05
600700000,0.001839554442,-0.003657829998,2.712472137e-08,-1.164614359e-05
600800000,0.0005571575865,-0.003885962153,-5.16405264e-06,-1.041633033e-05
600900000,-0.0006915275526,-0.003517429722,-9.253789856e-06,-7.005021761e-06
601000000,-0.001643663523,-0.002630384271,-1.138769729e-05,-2.135528352e-06
601100000,-0.002099103979,-0.001412066872,-1.112472423e-05,3.165344988e-06
601200000,-0.001962471409,-0.0001192785051,-8.528286975e-06,7.783802202e-06
601300000,-0.00126313319,0.0009757559223,-4.151228657e-06,1.07530694e-05
601400000,-0.0001488929497,0.001642715222,1.081868703e-06,1.14557536e-05
601500000,0.001145245705,0.001741627796,6.06997189e-06,9.752193626e-06
601600000,0.002346639727,0.001252246982,9.767239051e-06,6.00812468e-06
601700000,0.003202439283,0.0002781935896,1.140228529e-05,1.016197594e-06
601800000,0.003532796179,-0.0009749795127,1.0639104e-05,-4.171814513e-06
601900000,0.003268653657,-0.002243157873,7.646077358e-06,-8.466606282e-06
602000000,0.002466178354,-0.003259322367,3.058910816e-06,-1.097004448e-05
602100000,0.001294817425,-0.003809766239,-2.154366253e-06,-1.116297184e-05
602200000,1.517583272e-06,-0.003779037079,-6.897669616e-06,-9.012842982e-06
602300000,-0.001141340215,-0.003174150942,-1.0177298e-05,-4.978881812e-06
602400000,-0.001893312994,-0.002122997774,-1.13100956e-05,8.596957931e-08
602500000,-0.00209648838,-0.000847297338,-1.00657359e-05,5.115381444e-06
602600000,-0.00170864998,0.0003841746889,-6.71349679e-06,9.054123771e-06
602700000,-0.000812049474,0.001312220727,-1.964040069e-06,1.107945336e-05
602800000,0.000404035445,0.001741780116,3.181227274e-06,1.077295627e-05
602900000,0.001683256259,0.00158292871,7.64128306e-06,8.206957127e-06
603000000,0.002756226337,0.0008697036995,1.048260077e-05,3.927656955e-06
603100000,0.003397243034,-0.0002471846516,1.111453029e-05,-1.161107291e-06
603200000,0.003471758163,-0.001532193304,9.412059738e-06,-5.988748828e-06
603300000,0.002964614808,-0.002714613407,5.740447839e-06,-9.543151481e-06
603400000,0.00198312487,-0.003545593577,8.76895386e-07,-1.108284722e-05
603500000,0.0007343614612,-0.003850509516,-4.153954562e-06,-1.029167314e-05
603600000,-0.0005185313413,-0.003565658545,-8.295873656e-06,-7.343652812e-06
603700000,-0.001511794275,-0.002751566133,-1.068279148e-05,-2.864796074e-06
603800000,-0.002036586153,-0.001580122963,-1.081987511e-05,2.199812985e-06
603900000,-0.001982899993,-0.0002982856118,-8.686087627e-06,6.785424714e-06
604000000,-0.001362625461,0.0008239919284,-4.736974983e-06,9.931457765e-06
604100000,-0.0003069231914,0.001550615392,1.92561037e-07,1.098270582e-05
604200000,0.0009615082706,0.001729019794,5.06475832e-06,9.725774553e-06
604300000,0.002175406824,0.001322202985,8.857451099e-06,6.432341807e-06
604400000,0.00307925357,0.0004163996961,1.077850357e-05,1.800483674e-06
604500000,0.00348305091,-0.0007971932037,1.043123841e-05,-3.193271654e-06
604600000,0.003302255995,-0.002062767806,7.896315596e-06,-7.499811105e-06
604700000,0.002575477794,-0.003113818802,3.713167516e-06,-1.021782776e-05
604800000,0.001456232668,-0.003729259263,-1.234769183e-06,-1.078243983e-05
604900000,0.0001805163014,-0.003779923519,-5.906612e-06,-9.082567677e-06
605000000,-0.0009829600952,-0.003255674489,-9.322988012e-06,-5.482683632e-06
605100000,-0.001789375874,-0.0022674243,-1.077133034e-05,-7.446991982e-07
605200000,-0.002069322977,-0.001023665225,-9.954483972e-06,4.133276516e-06
605300000,-0.001764398926,0.0002135224822,-7.0516328e-06,8.12718731e-06
605400000,-0.0009393918166,0.001183701293,-2.679064348e-06,1.040200291e-05
605500000,0.0002314834653,0.001682904347,2.240650839e-06,1.048628922e-05
605600000,0.001501371602,0.001606517943,6.673299696e-06,8.369883333e-06
605700000,0.002602816607,0.0009712046844,9.690425266e-06,4.504441916e-06
605800000,0.003304084934,-8.872447256e-05,1.066378723e-05,-2.929188307e-07
605900000,0.003457913136,-0.001349699128,9.396158271e-06,-5.012338746e-06
606000000,0.003032427701,-0.002546039973,6.161229232e-06,-8.663780761e-06
606100000,0.002117745584,-0.003425929415,1.644561537e-06,-1.04847083e-05
606200000,0.0009068873748,-0.003804412779,-3.201682827e-06,-1.009931163e-05
606300000,-0.0003449568092,-0.003602274522,-7.359454842e-06,-7.59603815e-06
606400000,-0.001374213679,-0.002862615987,-9.958668149e-06,-3.5074385e-06
606500000,-0.001964428034,-0.00174166337,-1.04592664e-05,1.303106938e-06
606600000,-0.001991789651,-0.0004757653171,-8.763413159e-06,5.823692564e-06
606700000,-0.001451108369,0.0006684468021,-5.234502814e-06,9.106731937e-06
606800000,-0.000456788004,0.001450223752,-6.193233613e-07,1.046757472e-05
606900000,0.0007813789803,0.001705356171,4.109963317e-06,9.627268044e-06
607000000,0.0020024726,0.001380666703,7.960590071e-06,6.769697676e-06
607100000,0.002949423503,0.0005450937841,1.012757363e-05,2.501412677e-06
607200000,0.003423125121,-0.0006249408712,1.016198426e-05,-2.277101947e-06
607300000,0.003324291819,-0.001882775293,8.063924736e-06,-6.561388907e-06
607400000,0.002674264829,-0.002963500559,4.280966769e-06,-9.454147079e-06
607500000,0.0016104056,-0.003639747181,-3.873023349e-07,-1.03531497e-05
607600000,0.0003570682187,-0.003769517736,-4.958270765e-06,-9.076600008e-06
607700000,-0.0008217170724,-0.003326001931,-8.473118156e-06,-5.899835011e-06
607800000,-0.001677870565,-0.002403111663,-1.019792902e-05,-1.495980084e-06
607900000,-0.002031478808,-0.001195592138,-9.77692244e-06,3.206663027e-06
608000000,-0.001808606759,4.207864983e-05,-7.305809249e-06,7.220283684e-06
608100000,-0.001056758379,0.001049325943,-3.310158114e-06,9.705045054e-06
608200000,6.52461685e-05,0.001614342879,1.366363827e-06,1.01448041e-05
608300000,0.001320817618,0.001618631411,5.740115103e-06,8.454305549e-06
608400000,0.002445481261,0.001061854554,8.894364062e-06,4.995591926e-06
608500000,0.003202579614,6.179021129e-05,1.017142255e-05,5.004980754e-07
608600000,0.003433064205,-0.001170577707,9.309763175e-06,-4.084184016e-06
608700000,0.003088902742,-0.002375563753,6.497536895e-06,-7.796114487e-06
608800000,0.0022430855,-0.003299495594,2.331548119e-06,-9.859392671e-06
608900000,0.001074145275,-0.003748112656,-2.309379605e-06,-9.84672894e-06
609000000,-0.0001715285227,-0.003627408332,-6.449780881e-06,-7.767908518e-06
609100000,-0.001231628139,-0.002963327188,-9.222568195e-06,-4.066237455e-06
609200000,-0.001883169142,-0.001896187909,-1.00506061e-05,4.759675265e-07
609300000,-0.00198939959,-0.000651029465,-8.766819565e-06,4.902701365e-06
609400000,-0.001528506511,0.0005098516175,-5.64784437e-06,8.285471453e-06
609500000,-0.0005980935978,0.00134216034,-1.354455494e-06,9.918034499e-06
609600000,0.0006054867609,0.001671015497,3.208406318e-06,9.463828828e-06
609700000,0.001828568434,0.001427695781,7.082362167e-06,7.025327929e-06
609800000,0.002813628781,0.0006640007537,9.456881038e-06,3.121030428e-06
609900000,0.003353503714,-0.0004587721066,9.83885091e-06,-1.424768043e-06
610000000,0.003334949248,-0.001703888416,8.154961689e-06,-5.65599179e-06
610100000,0.002762391396,-0.002809084927,4.765647017e-06,-8.685856775e-06
610200000,0.001756883407,-0.003541805387,3.879630842e-07,-9.88271209e-06
610300000,0.0005305113514,-0.003748132135,-4.056100078e-06,-9.001707244e-06
610400000,-0.0006583427394,-0.003385117083,-7.633789055e-06,-6.23484268e-06
610500000,-0.001559444166,-0.002529718749,-9.597349426e-06,-2.169181344e-06
610600000,-0.001983382313,-0.001362484126,-9.540296575e-06,2.337694688e-06
610700000,-0.001841389691,-0.0001294352972,-7.481539247e-06,6.338564699e-06
610800000,-0.001163930991,0.0009097917287,-3.859951389e-06,8.99563827e-06
610900000,-9.417017992e-05,0.001536621572,5.591612682e-07,9.755978351e-06
611000000,0.001142281764,0.001619513247,4.845770723e-06,8.466549564e-06
611100000,0.00228494399,0.001141564594,8.100845747e-06,5.404957686e-06
611200000,0.003093334548,0.0002039568457,9.644894777e-06,1.219719515e-06
611300000,0.003397574768,-0.0009954603624,9.159794185e-06,-3.207092766e-06
611400000,0.003134082896,-0.002203911658,6.754301575e-06,-6.945744066e-06
611500000,0.002358858339,-0.003166961421,2.939769053e-06,-9.214092101e-06
611600000,0.00123558017,-0.003682079908,-1.478539032e-06,-9.541202513e-06
611700000,1.046885749e-06,-0.003641233182,-5.571428681e-06,-7.865099618e-06
611800000,-0.001084747012,-0.003053539134,-8.481180238e-06,-4.544367266e-06
611900000,-0.001793372202,-0.00204323625,-9.601283695e-06,-2.814612567e-07
612000000,-0.001976027558,-0.0008234151747,-8.702844117e-06,4.025871781e-06
612100000,-0.001594790238,0.0003489320589,-5.981315839e-06,7.473644546e-06
612200000,-0.0007304895032,0.001227060805,-2.014032387e-06,9.341339784e-06
612300000,0.000434428772,0.001626409654,2.362249899e-06,9.242471127e-06
612400000,0.001654412174,0.001463391837,6.227824184e-06,7.204535319e-06
612500000,0.002672556638,0.0007728908732,8.773305713e-06,3.661821351e-06
612600000,0.003274698586,-0.0002991992925,9.469091376e-06,-6.371154789e-07
612700000,0.003334457167,-0.001526794034,8.175529272e-06,-4.787606349e-06
612800000,0.002839755368,-0.002651288418,5.170884205e-06,-7.919237106e-06
612900000,0.001895254699,-0.003436029095,1.091513127e-06,-9.378375134e-06
613000000,0.0007002119109,-0.003716115349,-3.202894779e-06,-8.864581078e-06
613100000,-0.000493559651,-0.003433048745,-6.810478655e-06,-6.492439584e-06
613200000,-0.001434755786,-0.002646948705,-8.976593832e-06,-2.76609074e-06
613300000,-0.001925490438,-0.001523781458,-9.251658351e-06,1.527893924e-06
613400000,-0.001862906493,-0.0003003148271,-7.584444466e-06,5.486532092e-06
613500000,-0.001260737124,0.0007657995206,-4.331460786e-06,8.280308672e-06
613600000,-0.0002462984194,0.00145029009,-1.807443467e-07,9.326985997e-06
613700000,0.0009664271584,0.001609446333,3.993652438e-06,8.412929674e-06
613800000,0.002121924026,0.001210291609,7.315708144e-06,5.736671685e-06
613900000,0.002976973543,0.0003374155803,9.09126018e-06,1.865836505e-06
614000000,0.003351841901,-0.0008249475173,8.953041111e-06,-2.383233918e-06
614100000,0.003168055051,-0.00203179801,6.936622723e-06,-6.117631989e-06
614200000,0.002464822722,-0.003029004558,3.471569158e-06,-8.55551167e-06
614300000,0.00139067349,-0.003606812821,-7.100534804e-07,-9.189766986e-06
614400000,0.0001720830689,-0.003643963158,-4.728329394e-06,-7.89349832e-06
614500000,-0.0009342797696,-0.003133136835,-7.740638804e-06,-4.945335663e-06
614600000,-0.001695620409,-0.0021823888,-9.118342177e-06,-9.695801138e-07
614700000,-0.001952007807,-0.000992286854,-8.577957231e-06,3.195983517e-06
614800000,-0.001649974725,0.0001864057089,-6.239459235e-06,6.676617061e-06
614900000,-0.0008536689528,0.00110557357,-2.599721174e-06,8.744307655e-06
615000000,0.0002687687972,0.00157198146,1.573041744e-06,8.970027723e-06
615100000,0.001480705635,0.001487899061,5.401402773e-06,7.31273445e-06
615200000,0.002526898985,0.0008715796426,8.083214434e-06,4.126650527e-06
615300000,0.003187246019,-0.0001466964476,9.059669854e-06,8.55788633e-08
615400000,0.003323083397,-0.001352155586,8.131725633e-06,-3.959582501e-06
615500000,0.002906299901,-0.002490823987,5.500633748e-06,-7.159997476e-06
615600000,0.002025150173,-0.003323030559,1.724337833e-06,-8.847001505e-06
615700000,0.0008655661383,-0.003673850041,-2.400827748e-06,-8.671793376e-06
615800000,-0.0003280787056,-0.003469869565,-6.008055888e-06,-6.677528712e-06
615900000,-0.001304473688,-0.002754549099,-8.342196218e-06,-3.288919262e-06
616000000,-0.00185828815,-0.001678960034,-8.917829928e-06,7.781964382e-07
616100000,-0.001873356905,-0.0004698747542,-7.620202657e-06,4.668061063e-06
616200000,-0.001347049522,0.0006180511862,-4.728032142e-06,7.565047644e-06
616300000,-0.0003907114305,0.0013559192,-8.536728656e-07,8.864670049e-06
616400000,0.000793890536,0.001588750304,3.186523083e-06,8.299701607e-06
616500000,0.00195713342,0.001268037061,6.544206388e-06,5.995091659e-06
616600000,0.002854133933,0.0004618497029,8.517154843e-06,2.440400878e-06
616700000,0.003296294041,-0.0006596070556,8.696123675e-06,-1.614177524e-06
616800000,0.003190948668,-0.001859922032,7.04971464e-06,-5.31612997e-06
616900000,0.002560782094,-0.002886308176,3.929667957e-06,-7.889861987e-06
617000000,0.001538944293,-0.003522834623,-4.260288813e-09,-8.799182191e-06
617100000,0.0003409161866,-0.003635851457,-3.923795902e-06,-7.858993272e-06
617200000,-0.0007809332208,-0.00320205033,-7.006526879e-06,-5.272927401e-06
617300000,-0.001590514685,-0.002313267422,-8.608455258e-06,-1.589282943e-06
617400000,-0.001917708947,-0.001157038063,-8.398519132e-06,2.415211155e-06
617500000,-0.001694118893,2.297942591e-05,-6.426987716e-06,5.899165168e-06
617600000,-0.000967369087,0.0009783570026,-3.113604587e-06,8.133304649e-06
617700000,0.0001090357976,0.001508202235,8.417575394e-07,8.653114058e-06
617800000,0.001308132222,0.001501402683,4.60691676e-06,7.355400589e-06
617900000,0.002377349592,0.0009599274862,7.392458017e-06,4.51870802e-06
618000000,0.003091704022,-1.69824594e-06,8.617234378e-06,7.435582917e-07
618100000,0.003301132764,-0.001180611026,8.029598226e-06,-3.174664601e-06
618200000,0.002962012624,-0.002328398324,5.759075554e-06,-6.413283722e-06
618300000,0.002146243099,-0.00320343629,2.287878861e-06,-8.295050418e-06
618400000,0.001026001983,-0.003621750639,-1.651488666e-06,-8.429756777e-06
618500000,-0.0001625966288,-0.003495694755,-5.23079775e-06,-6.795130621e-06
618600000,-0.001169272468,-0.002852311887,-7.70021413e-06,-3.740246641e-06
618700000,-0.001782285901,-0.001827532621,-8.545372125e-06,8.899626324e-08
618800000,-0.001872979919,-0.0006374514806,-7.594499421e-06,3.886426484e-06
618900000,-0.001422785672,0.0004672468184,-5.053285757e-06,6.855313755e-06
619000000,-0.0005270228964,0.001254098068,-1.460426696e-06,8.375519802e-06
619100000,0.0006252803602,0.00155777947,2.42655682e-06,8.133020085e-06
619200000,0.001791274425,0.001314846038,5.79102472e-06,6.18474737e-06
619300000,0.00272546377,0.0005769858983,7.928781476e-06,2.94537248e-06
619400000,0.003231388592,-0.0004999728374,8.395456218e-06,-9.009360635e-07
619500000,0.003202934315,-0.001688965456,7.098856549e-06,-4.545000119e-06
619600000,0.002646584471,-0.00273955816,4.317105647e-06,-7.222855857e-06
619700000,0.001679950285,-0.003430690873,6.390114494e-07,-8.375906113e-06
619800000,0.0005069069927,-0.003617188504,-3.160552571e-06,-7.767429885e-06
619900000,-0.0006254088057,-0.003260253932,-6.283882433e-06,-5.531150801e-06
620000000,-0.001478670922,-0.002435535968,-8.077909354e-06,-2.141906172e-06
620100000,-0.001873531728,-0.001317093228,-8.170741207e-06,1.685161402e-06
620200000,-0.001727324184,-0.0001406531797,-6.548734466e-06,5.145491414e-06
620300000,-0.001071370986,0.0008460766137,-3.558128132e-06,7.514238331e-06
620400000,-4.427736898e-05,0.001435569309,1.68844411e-07,8.298097167e-06
620500000,0.001137354667,0.001504127316,3.847602117e-06,7.338022569e-06
620600000,0.002224601333,0.001037839278,6.706372622e-06,4.841455675e-06
620700000,0.00298864965,0.0001354007925,8.148094299e-06,1.337538195e-06
620800000,0.003268945058,-0.001012770904,7.87510225e-06,-2.435024382e-06
620900000,0.003006924678,-0.002164709222,5.950562221e-06,-5.683689031e-06
621000000,0.002258249634,-0.003077884274,2.783978357e-06,-7.728564319e-06
621100000,0.001180980621,-0.003560260982,-9.559237635e-07,-8.144690012e-06
621200000,2.206433873e-06,-0.003510680669,-4.482409357e-06,-6.850334752e-06
621300000,-0.00102983027,-0.002940073223,-7.056224912e-06,-4.12296892e-06
621400000,-0.001698017053,-0.001969049925,-8.140557686e-06,-5.398090765e-07
621500000,-0.001862051958,-0.0008024051053,-7.512984205e-06,3.144331329e-06
621600000,-0.001487907111,0.0003140820331,-5.311064414e-06,6.156038567e-06
621700000,-0.0006548878904,0.001145431526,-2.002241791e-06,7.865652866e-06
621800000,0.0004611750778,0.001516920634,1.715374911e-06,7.918900929e-06
621900000,0.001625036962,0.001350806097,5.060291567e-06,6.310290808e-06
622000000,0.002591619043,0.0006825943343,7.331900708e-06,3.383067971e-06
622100000,0.003157609476,-0.0003465433786,8.057217109e-06,-2.440063114e-07
622200000,0.003204222055,-0.001519590245,7.089346619e-06,-3.807438708e-06
622300000,0.002722122018,-0.002589440352,4.637191429e-06,-6.559709039e-06
622400000,0.001813288678,-0.00333094681,1.220394398e-06,-7.926072533e-06
622500000,0.0006694427822,-0.003588299966,-2.440766822e-06,-7.624569666e-06
622600000,-0.0004683999667,-0.003307765323,-5.577208511e-06,-5.724187346e-06
622700000,-0.001360717225,-0.002548900644,-7.532590147e-06,-2.629179238e-06
622800000,-0.001819906737,-0.001471909192,-7.900651933e-06,1.006911341e-06
622900000,-0.0017497332,-0.0003038141644,-6.60960522e-06,4.419243718e-06
623000000,-0.00116549953,0.0007094022835,-3.93604922e-06,6.892553107e-06
623100000,-0.0001907150614,0.001354603481,-4.457354927e-07,7.911069276e-06
623200000,0.000969012904,0.001496335177,3.126139132e-06,7.266059779e-06
623300000,0.002069343485,0.001105263708,6.029784869e-06,5.098576596e-06
623400000,0.00287867631,0.0002642469373,7.658202339e-06,1.868658623e-06
623500000,0.003226892911,-0.0008492165915,7.674063502e-06,-1.742295326e-06
623600000,0.003041109602,-0.002000443046,6.079570544e-06,-4.975268088e-06
623700000,0.002360928957,-0.002947021211,3.214829317e-06,-7.153159907e-06
623800000,0.001329997816,-0.003489851916,-3.146761692e-07,-7.82258778e-06
623900000,0.0001656692088,-0.003515023255,-3.766046568e-06,-6.848254541e-06
624000000,-0.0008868260409,-0.003017713097,-6.415325921e-06,-4.440248275e-06
624100000,-0.001606035259,-0.002103101495,-7.709349125e-06,-1.108773647e-06
624200000,-0.001840884934,-0.000964121397,-7.381230492e-06,2.443936935e-06
624300000,-0.001542418577,0.0001592453418,-5.505384341e-06,5.471635923e-06
624400000,-0.0007740032907,0.001030537345,-2.480739691e-06,7.340801612e-06
624500000,0.0003021215299,0.00146659084,1.054082529e-06,7.66318759e-06
624600000,0.001459096193,0.001376045949,4.355597513e-06,6.376449901e-06
624700000,0.002453260922,0.0007784885773,6.731826512e-06,3.75611146e-06
624800000,0.003075464629,-0.0001997806966,7.687322667e-06,3.565886088e-07
624900000,0.003195059729,-0.001352436445,7.026459929e-06,-3.106102131e-06
625000000,0.002787330478,-0.002436637865,4.893454399e-06,-5.905144698e-06
625100000,0.001938596872,-0.003224184688,1.740937114e-06,-7.455473144e-06
625200000,0.0008279391935,-0.003549544675,-1.766082134e-06,-7.436053793e-06
625300000,-0.000310589609,-0.003344644498,-4.890486484e-06,-5.856344446e-06
625400000,-0.001237291174,-0.002653110203,-6.977973381e-06,-3.053176482e-06
625500000,-0.00175729203,-0.001620976618,-7.594067223e-06,3.810473057e-07
625600000,-0.001761528206,-0.0004658435571,-6.614534448e-06,3.723536889e-06
625700000,-0.001249623095,0.0005690055344,-4.250388437e-06,6.273229931e-06
625800000,-0.0003298598012,0.00126584644,-1.002461605e-06,7.497825832e-06
625900000,0.0008037220663,0.001478324213,2.444681385e-06,7.144903207e-06
626000000,0.001912259106,0.001162192485,5.367020375e-06,5.293927432e-06
626100000,0.002762391059,0.0003845277126,7.153140962e-06,2.338437867e-06
626200000,0.003175379582,-0.0006904986602,7.432145514e-06,-1.09760806e-06
626300000,0.003064682084,-0.001836272293,6.150656374e-06,-4.291554066e-06
626400000,0.002454083241,-0.002811499773,3.582927705e-06,-6.574023209e-06
626500000,0.001472585114,-0.00341101883,2.721735155e-07,-7.469195009e-06
626600000,0.000327151463,-0.00350895639,-3.08434077e-06,-6.79398635e-06
626700000,-0.0007409368477,-0.003085154811,-5.782138363e-06,-4.695465284e-06
626800000,-0.001506911838,-0.002229316449,-7.257380884e-06,-1.618858751e-06
626900000,-0.001809824226,-0.001122013624,-7.204700113e-06,1.786894674e-06
627000000,-0.001586367016,3.415608518e-06,-5.640389206e-06,4.806014347e-06
627100000,-0.0008841080249,0.0009100435174,-2.897880914e-06,6.806303763e-06
627200000,0.0001486335193,0.001407235049,4.433062022e-07,7.371521972e-06
627300000,0.001294110203,0.001390734029,3.680015756e-06,6.387985762e-06
627400000,0.002311053042,0.0008645253421,6.133425438e-06,4.067387201e-06
627500000,0.002985483459,-6.01093212e-05,7.291405399e-06,9.012573052e-07
627600000,0.003175731125,-0.001188120165,6.915410351e-06,-2.44313465e-06
627700000,0.00284218843,-0.002281828453,5.089597129e-06,-5.26340122e-06
627800000,0.002055552972,-0.003111001104,2.202059104e-06,-6.969543842e-06
627900000,0.0009818418623,-0.003501312464,-1.137652086e-06,-7.207370855e-06
628000000,-0.000152647655,-0.003370992577,-4.227192091e-06,-5.932011445e-06
628100000,-0.001109037101,-0.002747955969,-6.419119597e-06,-3.416270702e-06
628200000,-0.001686170711,-0.001763821219,-7.256565036e-06,-1.922959775e-07
628300000,-0.00176292952,-0.0006261015457,-6.568445234e-06,3.060976282e-06
628400000,-0.001323653089,0.0004255568544,-4.504383161e-06,5.660789561e-06
628500000,-0.00046133305,0.001169858167,-1.502212049e-06,7.063847743e-06
628600000,0.0006420706351,0.001450426113,1.804886158e-06,6.979840467e-06
628700000,0.001754022483,0.001208659406,4.721915329e-06,5.431493585e-06
628800000,0.002640411904,0.0004959721921,6.638112761e-06,2.74872728e-06
628900000,0.003114836684,-0.0005371354145,7.15482084e-06,-5.016264333e-07
629000000,0.003077796579,-0.001672853263,6.16841291e-06,-3.635578057e-06
629100000,0.002537557456,-0.002671975906,3.891026528e-06,-5.995908354e-06
629200000,0.001608310875,-0.003324279147,8.049667304e-07,-7.089985306e-06
629300000,0.0004860360448,-0.0034927501,-2.439425442e-06,-6.692572174e-06
629400000,-0.0005928352596,-0.003142364304,-5.16081442e-06,-4.89217378e-06
629500000,-0.00140123312,-0.002347364043,-6.789945584e-06,-2.071389418e-06
629600000,-0.001769246559,-0.001275524241,-6.988711571e-06,1.174378698e-06
629700000,-0.001619840435,-0.0001527404013,-5.720307246e-06,4.162592184e-06
629800000,-0.000984983146,0.0007845855549,-3.255919902e-06,6.26709681e-06
629900000,1.190536729e-06,0.001339323758,-1.167684265e-07,7.04931938e-06
630000000,0.001130717794,0.001395076927,3.036124672e-06,6.349653485e-06
630100000,0.002165658839,0.0009406040797,5.541119305e-06,4.319994518e-06
630200000,0.002888214283,7.208452776e-05,6.874796324e-06,1.390798646e-06
630300000,0.003146554044,-0.001027231695,6.76131629e-06,-1.820197576e-06
630400000,0.002886716405,-0.002125681975,5.229452065e-06,-4.63824301e-06
630500000,0.002163876129,-0.00299200432,2.605507056e-06,-6.473354949e-06
630600000,0.001130627924,-0.003444021931,-5.561751054e-07,-6.943828614e-06
630700000,4.771296511e-06,-0.003386950466,-3.590313898e-06,-5.95561892e-06
630800000,-0.0009766034033,-0.00283327169,-5.860672484e-06,-3.721088571e-06
630900000,-0.001607048467,-0.001900004833,-6.893464033e-06,-7.133962877e-07
631000000,-0.001754193786,-0.0007839705388,-6.476212796e-06,2.433683219e-06
631100000,-0.001387543322,0.0002797230828,-4.701443647e-06,5.059299018e-06
631200000,-0.0005847958197,0.001067214317,-1.946221533e-06,6.614287592e-06
631300000,0.0004846187223,0.001413004247,1.207945906e-06,6.77602472e-06
631400000,0.001595296684,0.00124473926,4.097830767e-06,5.515347427e-06
631500000,0.002513365129,0.000598351126,6.117934595e-06,3.101667594e-06
631600000,0.00304572184,-0.0003896115807,6.847346359e-06,4.541606734e-08
631700000,0.003080645797,-0.001510823843,6.137432405e-06,-3.009890601e-06
631800000,0.002611239012,-0.002529106171,4.142092034e-06,-5.423139747e-06
631900000,0.001736781137,-0.003230169796,1.28442686e-06,-6.690143381e-06
632000000,0.000641730791,-0.003466708675,-1.832964145e-06,-6.548966082e-06
632100000,-0.0004431868004,-0.003189349316,-4.555047298e-06,-5.034058394e-06
632200000,-0.001289597805,-0.00245695406,-6.311984091e-06,-2.46801201e-06
632300000,-0.00171955782,-0.00142412642,-6.738412285e-06,6.071193891e-07
632400000,-0.001642966638,-0.0003085703721,-5.749411555e-06,3.544315114e-06
632500000,-0.001076451743,0.0006548038175,-3.557361748e-06,5.727715975e-06
632600000,-0.0001397633532,0.001263350574,-6.26358845e-07,6.701747412e-06
632700000,0.0009695364102,0.001389317722,2.426032148e-06,6.266166475e-06
632800000,0.002017738936,0.001006666409,4.958891043e-06,4.517205096e-06
632900000,0.002784221734,0.0001964535962,6.442511168e-06,1.826361011e-06
633000000,0.003107878288,-0.0008703337625,6.569170186e-06,-1.238499516e-06
633100000,0.002920975858,-0.001968857923,5.316940803e-06,-4.032973932e-06
633200000,0.002263326722,-0.002867811611,2.953312477e-06,-5.971605079e-06
633300000,0.001273807359,-0.003378118143,-2.192957654e-08,-6.650529655e-06
633400000,0.0001610302028,-0.003392697412,-2.982373819e-06,-5.931601281e-06
633500000,-0.0008406398974,-0.002908933241,-5.306860557e-06,-3.970468085e-06
633600000,-0.001520451064,-0.002029126335,-6.509806125e-06,-1.182905155e-06
633700000,-0.001735612141,-0.0009388570959,-6.342631621e-06,1.843321837e-06
633800000,-0.001441289237,0.0001321648657,-4.845111708e-06,4.472380929e-06
633900000,-0.0006999491152,0.0009585035978,-2.336040271e-06,6.153959566e-06
634000000,0.0003318965049,0.001366451517,6.546204674e-07,6.538447383e-06
634100000,0.001436731195,0.00127054662,3.497669186e-06,5.549609567e-06
634200000,0.002381882634,0.0006914769043,5.597035175e-06,3.399646915e-06
634300000,0.002968516293,-0.0002483771539,6.514742403e-06,5.436798722e-07
634400000,0.003073459086,-0.001350801404,6.062271281e-06,-2.416584948e-06
634500000,0.002675057242,-0.002383545143,4.339262188e-06,-4.859617308e-06
634600000,0.001857640322,-0.003129244651,1.711619805e-06,-6.274551231e-06
634700000,0.0007936702968,-0.003431168703,-1.266179592e-06,-6.368004306e-06
634800000,-0.0002926474856,-0.003226158415,-3.968083873e-06,-5.124894888e-06
634900000,-0.00117261432,-0.002557837042,-5.82807914e-06,-2.810653139e-06
635000000,-0.001661190794,-0.001567325438,-6.458754587e-06,8.54372137e-08
635100000,-0.001655911819,-0.0004634386831,-5.731983572e-06,2.953675708e-06
635200000,-0.001158378692,0.0005213408806,-3.80492086e-06,5.192295409e-06
635300000,-0.0002738204634,0.001179829742,-1.086048214e-06,6.33370862e-06
635400000,0.00081116018,0.001373734195,1.851401313e-06,6.142164265e-06
635500000,0.001867948607,0.001062695395,4.390293347e-06,4.662422768e-06
635600000,0.002674084169,0.0003126900864,5.999240177e-06,2.209402504e-06
635700000,0.003060083548,-0.0007179599381,6.343811697e-06,-6.988273776e-07
635800000,0.002945068001,-0.001812003066,5.356036318e-06,-3.450453062e-06
635900000,0.002353706367,-0.00273904662,3.24775093e-06,-5.468618382e-06
636000000,0.001410924186,-0.003304070279,4.651909728e-07,-6.33235076e-06
636100000,0.0003155116928,-0.003388449425,-2.405449357e-06,-5.864362674e-06
636200000,-0.0007017952257,-0.002974858156,-4.761501828e-06,-4.167418186e-06
636300000,-0.001426921821,-0.002150822379,-6.110342658e-06,-1.601809706e-06
636400000,-0.001707508289,-0.001090193723,-6.172386127e-06,1.291127015e-06
636500000,-0.001484926987,-1.646580922e-05,-4.939022066e-06,3.903225407e-06
636600000,-0.0008065342135,0.0008443251545,-2.673494165e-06,5.687332857e-06
636700000,0.0001844028078,0.001311188143,1.452696966e-07,6.271914489e-06
636800000,0.001278959663,0.001286234486,2.923893168e-06,5.538413198e-06
636900000,0.002246599317,0.0007752033589,5.079455817e-06,3.645260577e-06
637000000,0.002883722472,-0.0001138464059,6.161775541e-06,9.936831244e-07
637100000,0.003056500693,-0.001193380832,5.947418626e-06,-1.857321734e-06
637200000,0.002728982736,-0.002235942872,4.485807538e-06,-4.308824482e-06
637300000,0.001970571768,-0.003022071961,2.08791545e-06,-5.847777857e-06
637400000,0.000941317542,-0.003386497006,-7.398834913e-07,-6.154378887e-06
637500000,-0.0001418614487,-0.003252879889,-3.402739608e-06,-5.168513317e-06
637600000,-0.001050898204,-0.002649804352,-5.342452249e-06,-3.101480118e-06
637700000,-0.001594602855,-0.001704659904,-6.154475348e-06,-3.907233159e-07
637800000,-0.001658879041,-0.0006167285398,-5.672279739e-06,2.392734687e-06
637900000,-0.001230670246,0.0003848389492,-4.001481706e-06,4.66457233e-06
638000000,-0.0004006102747,0.001089293658,-1.496748456e-06,5.949826719e-06
638100000,0.0006561580991,0.001348636954,1.313477373e-06,5.982183751e-06
638200000,0.00171693531,0.001108714683,3.838459834e-06,4.759145866e-06
638300000,0.002558391077,0.0004205259835,5.549341311e-06,2.541652354e-06
638400000,0.003003577239,-0.0005706131835,6.089904418e-06,-2.015778262e-07
638500000,0.002959132506,-0.001655749174,5.350728156e-06,-2.893112406e-06
638600000,0.002434857778,-0.002606336757,3.491303041e-06,-4.968344867e-06
638700000,0.001541557496,-0.003222369237,9.056428886e-07,-5.993925829e-06
638800000,0.0004676200608,-0.003374457599,-1.861197248e-06,-5.758246136e-06
638900000,-0.0005607143218,-0.003031005022,-4.228011193e-06,-4.315080682e-06
639000000,-0.001327019073,-0.002264767985,-5.69952404e-06,-1.971395354e-06
639100000,-0.001670236496,-0.00123744053,-5.970024782e-06,7.779330914e-07
639200000,-0.001518532376,-0.0001655279917,-4.986866431e-06,3.354604169e-06
639300000,-0.0009043327787,0.000725285969,-2.960646426e-06,5.218528271e-06
639400000,4.260383897e-05,0.001247659389,-3.201137621e-07,5.98102656e-06
639500000,0.001122597751,0.001291992823,2.378545688e-06,5.485871511e-06
639600000,0.002108150499,0.0008494254083,4.568854071e-06,3.841272983e-06
639700000,0.002791861535,1.360294738e-05,5.792944827e-06,1.396265976e-06
639800000,0.003030067939,-0.001039132682,5.797267998e-06,-1.333354743e-06
639900000,0.00277302653,-0.002086942416,4.585094538e-06,-3.77383869e-06
640000000,0.002075298107,-0.002909231787,2.414950244e-06,-5.414072265e-06
640100000,0.001084165374,-0.003333088516,-2.545068512e-07,-5.912614754e-06
640200000,8.541335782e-06,-0.003269640497,-2.86141542e-06,-5.16876405e-06
640300000,-0.0009250695131,-0.002732688085,-4.858963648e-06,-3.342863093e-06
640400000,-0.001520273604,-0.001835702827,-5.830079046e-06,-8.217598433e-07
640500000,-0.00165210661,-0.0007678439871,-5.574501318e-06,1.863143569e-06
640600000,-0.001293273478,0.0002459373303,-4.150061765e-06,4.147893813e-06
640700000,-0.0005198000639,0.0009922903508,-1.859664129e-06,5.554436143e-06
640800000,0.0005050723462,0.001314367469,8.131152301e-07,5.790633772e-06
640900000,0.001565336301,0.001144787496,3.306118389e-06,4.810932202e-06
641000000,0.002437740498,0.0005197332202,5.096836565e-06,2.825073678e-06
641100000,0.002938792262,-0.0004287645527,5.811916009e-06,2.532110954e-07
641200000,0.00296334609,-0.001500710867,5.304990592e-06,-2.362976308e-06
641300000,0.002506664457,-0.002470310629,3.686617412e-06,-4.474363549e-06
641400000,0.00166532232,-0.003133525204,1.300197858e-06,-5.639632167e-06
641500000,0.0006167831331,-0.003351006328,-1.350878201e-06,-5.617505959e-06
641600000,-0.0004180359455,-0.003077372711,-3.709410218e-06,-4.416694532e-06
641700000,-0.001221313624,-0.002370676958,-5.28149258e-06,-2.293209533e-06
641800000,-0.001624179497,-0.001380086742,-5.739937539e-06,3.042030635e-07
641900000,-0.001542219672,-0.0003143940538,-4.992360338e-06,2.828886577e-06
642000000,-0.0009931668183,0.0006019982857,-3.199760804e-06,4.751317782e-06
642100000,-9.30679207e-05,0.00117633324,-7.418718222e-07,5.67016183e-06
642200000,0.000968241107,0.001288046974,1.863271811e-06,5.396048163e-06
642300000,0.001967169402,0.0009140785499,4.068509942e-06,3.990581552e-06
642400000,0.002693470884,0.0001336304182,5.412471291e-06,1.752555612e-06
642500000,0.0029944893,-0.0008886014679,5.616092456e-06,-8.45557478e-07
642600000,0.002807239148,-0.00193717746,4.640551415e-06,-3.257343947e-06
642700000,0.002171581475,-0.002791313437,2.694591086e-06,-4.97735953e-06
642800000,0.00122173784,-0.003271364075,1.898695061e-07,-5.647050117e-06
642900000,0.0001579472244,-0.003276604106,-2.346116197e-06,-5.129486657e-06
643000000,-0.0007957502686,-0.002806360809,-4.381114963e-06,-3.537338991e-06
643100000,-0.001438702474,-0.001960062539,-5.489824098e-06,-1.208378771e-06
643200000,-0.001635866337,-0.0009162117972,-5.442767311e-06,1.366168423e-06
643300000,-0.001346175572,0.0001052699695,-4.253776744e-06,3.645225941e-06
643400000,-0.0006310953721,0.0008893809703,-2.176257278e-06,5.151574726e-06
643500000,0.0003584167401,0.001271296027,3.50807621e-07,5.571772909e-06
643600000,0.001413776343,0.001171015491,2.795606415e-06,4.8213667e-06
643700000,0.002312736466,0.0006101236824,4.645411175e-06,3.061827783e-06
643800000,0.002866184722,-0.0002928520449,5.514101577e-06,6.658284248e-07
643900000,0.002957920981,-0.00134748356,5.22275373e-06,-1.861682218e-06
644000000,0.00256905024,-0.002331595532,3.836475547e-06,-3.989888134e-06
644100000,0.001781870353,-0.003038065202,1.649909049e-06,-5.273579937e-06
644200000,0.0007624540029,-0.003318411435,-8.753824516e-07,-5.446283182e-06
644300000,-0.0002743902947,-0.003113999487,-3.208339049e-06,-4.475562568e-06
644400000,-0.00111038621,-0.002468302153,-4.860078301e-06,-2.569026665e-06
644500000,-0.001569746345,-0.001517652065,-5.486336493e-06,-1.299419773e-07
644600000,-0.001556140289,-0.0004624518742,-4.959212755e-06,2.328057311e-06
644700000,-0.001072898483,0.0004750770703,-3.393266556e-06,4.289126777e-06
644800000,-0.0002222146725,0.001097698043,-1.120648661e-06,5.343462643e-06
644900000,0.0008164634571,0.001274655979,1.379341486e-06,5.272930738e-06
645000000,0.001824284693,0.0009691382056,3.581334431e-06,4.096182864e-06
645100000,0.002589101675,0.0002459332592,5.024290489e-06,2.063932191e-06
645200000,0.002950122405,-0.0007423040934,5.40802273e-06,-3.944502633e-07
645300000,0.00283170952,-0.00178727001,4.655636589e-06,-2.761645342e-06
645400000,0.00225922357,-0.002668912928,2.928900664e-06,-4.541239663e-06
645500000,0.001353591371,-0.003201768193,5.934844832e-07,-5.361820011e-06
645600000,0.0003057609677,-0.003273970206,-1.858470686e-06,-5.054481643e-06
645700000,-0.0006635619513,-0.002870735168,-3.912054388e-06,-3.687577416e-06
645800000,-0.001350406309,-0.002077383447,-5.137712291e-06,-1.551562484e-06
645900000,-0.001610461713,-0.001061283229,-5.281090406e-06,9.027144368e-07
646000000,-0.001389402977,-3.653693808e-05,-4.315808153e-06,3.159165035e-06
646100000,-0.0007342403121,0.0007811372676,-2.448213462e-06,4.744979288e-06
646200000,0.000216675341,0.001219819624,-7.328649797e-08,5.329690408e-06
646300000,0.001262865517,0.001187537498,2.308887689e-06,4.794031712e-06
646400000,0.002183986481,0.000691549058,4.198415448e-06,3.254240124e-06
646500000,0.002786231595,-0.000163279611,5.200490149e-06,1.036859056e-06
646600000,0.002943103281,-0.001196641541,5.107877512e-06,-1.39050256e-06
646700000,0.002621978695,-0.002190814991,3.943758892e-06,-3.517774971e-06
646800000,0.001890890502,-0.002936530625,1.956078113e-06,-4.899604578e-06
646900000,0.0009041126297,-0.003277018213,-4.352558573e-07,-5.248584124e-06
647000000,-0.0001303967011,-0.003140961965,-2.727070162e-06,-4.49502069e-06
647100000,-0.0009948249752,-0.002557435571,-4.438797493e-06,-2.800814512e-06
647200000,-0.001507370201,-0.001649687911,-5.213239602e-06,-5.246934297e-07
647300000,-0.001560481356,-0.000609106915,-4.891098431e-06,1.853735398e-06
647400000,-0.001143429712,0.0003451375139,-3.543725271e-06,3.835038743e-06
647500000,-0.0003444740993,0.001012260112,-1.457358995e-06,5.004824855e-06
647600000,0.0006678148213,0.001252110794,9.276731564e-07,5.120407146e-06
647700000,0.001680118087,0.001014618924,3.109880117e-06,4.161141051e-06
647800000,0.002479316323,0.0003502468181,4.632047874e-06,2.331995902e-06
647900000,0.002897351964,-0.0006007284209,5.177028409e-06,1.977238228e-08
648000000,0.002846563765,-0.001637828196,4.633809672e-06,-2.288685117e-06
648100000,0.002338065546,-0.002542630472,3.120104378e-06,-4.108989051e-06
648200000,0.001479315816,-0.003124766751,9.568665216e-07,-5.060842853e-06
648300000,0.000451407656,-0.003261972325,-1.399752466e-06,-4.947484985e-06
648400000,-0.0005291230503,-0.002925763324,-3.454584078e-06,-3.796348557e-06
648500000,-0.001255916927,-0.002187346636,-4.777481084e-06,-1.852537384e-06
648600000,-0.001576225994,-0.001202535655,-5.093355864e-06,4.733510415e-07
648700000,-0.001423020421,-0.0001788672558,-4.339373243e-06,2.691950702e-06
648800000,-0.0008290177202,0.0006681390936,-2.677409094e-06,4.338083902e-06
648900000,8.030119751e-05,0.001160359791,-4.59313547e-07,5.068290077e-06
649000000,0.001113197123,0.001194528138,1.847570566e-06,4.732479973e-06
649100000,0.002052099021,0.0007639005346,3.758868981e-06,3.404768046e-06
649200000,0.002699428377,-4.041631367e-05,4.874874066e-06,1.367153041e-06
649300000,0.002919171234,-0.001048736164,4.964128564e-06,-9.503674332e-07
649400000,0.002665452374,-0.002048586375,4.011418036e-06,-3.060533018e-06
649500000,0.001992109293,-0.002829474768,2.220223239e-06,-4.521261989e-06
649600000,0.001041267299,-0.003227199399,-3.072629567e-08,-5.028261838e-06
649700000,1.333858174e-05,-0.003158373951,-2.267523682e-06,-4.478409541e-06
649800000,-0.0008752229775,-0.002637908315,-4.020853789e-06,-2.990702048e-06
649900000,-0.001437506078,-0.001775778458,-4.924457326e-06,-8.805260039e-07
650000000,-0.001555464175,-0.0007537841854,-4.791632963e-06,1.407194324e-06
650100000,-0.001204701734,0.0002127925881,-3.653799637e-06,3.391802122e-06
650200000,-0.0004595200088,0.000920541323,-1.753157121e-06,4.657890054e-06
650300000,0.0005228198631,0.001220732422,5.088579614e-07,4.942244878e-06
650400000,0.001535282045,0.00105057345,2.65635353e-06,4.188558482e-06
650500000,0.002364686019,0.0004463447346,4.239096786e-06,2.558535261e-06
650600000,0.002836587638,-0.000464331986,4.926902024e-06,3.972143229e-07
650700000,0.002851963858,-0.001489444166,4.578505029e-06,-1.840060068e-06
650800000,0.002407987764,-0.002413068,3.270558975e-06,-3.683564232e-06
650900000,0.001598535315,-0.003040844674,1.280803896e-06,-4.747809835e-06
651000000,0.0005943345455,-0.003240876336,-9.709017638e-07,-4.812145425e-06
651100000,-0.0003930466763,-0.002971436263,-3.01116952e-06,-3.866493179e-06
651200000,-0.001155778669,-0.00228967031,-4.412598617e-06,-2.112742916e-06
651300000,-0.00153352022,-0.001339474048,-4.88330326e-06,7.833736489e-08
651400000,-0.001447129798,-0.0003211171248,-4.327697358e-06,2.245480429e-06
651500000,-0.0009152491521,0.0005509719173,-2.865880229e-06,3.934020608e-06
651600000,-5.028475826e-05,0.001093360372,-8.07697121e-07,4.791277027e-06
651700000,0.0009653457077,0.001192196331,1.412927263e-06,4.640210194e-06
651800000,0.00191768111,0.0008271083482,3.32946701e-06,3.515970379e-06
651900000,0.002606286695,7.540435685e-05,4.540801112e-06,1.657795599e-06
652000000,0.002886433395,-0.0009042941736,4.795159802e-06,-5.418878969e-07
652100000,0.002699511933,-0.001905518577,4.042444121e-06,-2.620335559e-06
652200000,0.00208529111,-0.002717460366,2.444048387e-06,-4.141826261e-06
652300000,0.001173455939,-0.003169353074,3.382698657e-07,-4.789000387e-06
652400000,0.0001562244921,-0.003166385155,-1.831284026e-06,-4.429048665e-06
652500000,-0.0007521757211,-0.002709590379,-3.609141511e-06,-3.140948956e-06
652600000,-0.001360628546,-0.001895541574,-4.623582036e-06,-1.19816898e-06
652700000,-0.001541342582,-0.0008959300871,-4.664350528e-06,9.893829918e-07
652800000,-0.001256694422,7.865066154e-05,-3.726224206e-06,2.961839116e-06
652900000,-0.0005670628221,0.0008230766933,-2.009406881e-06,4.306040391e-06
653000000,0.0003819763723,0.001180869965,1.231842596e-07,4.742073009e-06
653100000,0.001390377542,0.001077091658,2.222629043e-06,4.181548765e-06
653200000,0.002245788269,0.0005340389849,3.848498841e-06,2.745496801e-06
653300000,0.002768261853,-0.0003335408579,4.661245887e-06,7.382505518e-07
653400000,0.002848106189,-0.001342692092,4.493107884e-06,-1.417040036e-06
653500000,0.002468909387,-0.002280826735,3.382722961e-06,-3.267607759e-06
653600000,0.001710909031,-0.002950503584,1.566315672e-06,-4.426176982e-06
653700000,0.0007340127572,-0.00321097868,-5.725478596e-07,-4.652004437e-06
653800000,-0.0002559382476,-0.003007782968,-2.583950629e-06,-3.900894746e-06
653900000,-0.001050545968,-0.00238411009,-4.046261197e-06,-2.333801713e-06
654000000,-0.001482731152,-0.001471632334,-4.654510939e-06,-2.823522228e-07
654100000,-0.001461868937,-0.0004626970882,-4.283988668e-06,1.821325486e-06
654200000,-0.0009927947277,0.0004302243748,-3.015792911e-06,3.535622366e-06
654300000,-0.000174694666,0.001019285266,-1.119110184e-06,4.502147094e-06
654400000,0.0008198651973,0.001180783697,1.005913989e-06,4.520645224e-06
654500000,0.001781335933,0.0008811411887,2.912588663e-06,3.590478967e-06
654600000,0.00250733192,0.0001838850143,4.201569205e-06,1.910078004e-06
654700000,0.002845226734,-0.000763816163,4.604492724e-06,-1.653796121e-07
654800000,0.002724235116,-0.001762209795,4.039842484e-06,-2.199033432e-06
654900000,0.002170238288,-0.002601057144,2.629413852e-06,-3.764289748e-06
655000000,0.001300247299,-0.00310390052,6.720614345e-07,-4.53430179e-06
655100000,0.0002976871692,-0.003165179799,-1.419617614e-06,-4.350213112e-06
655200000,-0.0006262787376,-0.002772390302,-3.206251075e-06,-3.253916844e-06
655300000,-0.00127722941,-0.002008629584,-4.313980012e-06,-1.478578085e-06
655400000,-0.00151840121,-0.001035014137,-4.512684209e-06,6.009472849e-07
655500000,-0.001299425513,-5.668681437e-05,-3.763778216e-06,2.547256182e-06
655600000,-0.0006668499079,0.0007204119614,-2.227652701e-06,3.952395851e-06
655700000,0.0002457538856,0.001132898615,-2.293377134e-07,4.52336686e-06
655800000,0.001245991938,0.001094299372,1.81026407e-06,4.143212053e-06
655900000,0.002123204452,0.0006131797734,3.463026499e-06,2.894956242e-06
656000000,0.002692827574,-0.0002087486477,4.383461548e-06,1.043500296e-06
656100000,0.002835220006,-0.00119812629,4.380932916e-06,-1.020587231e-06
656200000,0.002520787837,-0.002146504815,3.459128871e-06,-2.863455935e-06
656300000,0.001816131719,-0.002854259424,1.814623484e-06,-4.099159709e-06
656400000,0.0008699388468,-0.003172604503,-2.050318709e-07,-4.470478788e-06
656500000,-0.0001183932545,-0.003034869449,-2.174754328e-06,-3.902453695e-06
656600000,-0.0009407809097,-0.002470459139,-3.681393083e-06,-2.51749101e-06
656700000,-0.001424269168,-0.001598574596,-4.410383081e-06,-6.09002665e-07
656800000,-0.00146741025,-0.0006030341133,-4.211415276e-06,1.42074789e-06
656900000,-0.001061552828,0.0003064858588,-3.129415168e-06,3.145428018e-06
657000000,-0.0002925745429,0.0009386161342,-1.394447839e-06,4.204178792e-06
657100000,0.0006772871539,0.00116056287,6.271916831e-07,4.377112731e-06
657200000,0.001643660526,0.0009260054681,2.510306891e-06,3.630972166e-06
657300000,0.002403100767,0.0002847647543,3.860223451e-06,2.125469489e-06
657400000,0.002795914661,-0.0006277751636,4.395502258e-06,1.791133689e-07
657500000,0.002739735619,-0.001619245378,4.006608529e-06,-1.798169536e-06
657600000,0.00224679105,-0.002480839397,2.778308243e-06,-3.39136528e-06
657700000,0.001421241969,-0.003031284026,9.712163805e-07,-4.267475516e-06
657800000,0.0004371718525,-0.003154975109,-1.033491422e-06,-4.245112465e-06
657900000,-0.0004981252162,-0.002826254665,-2.814476224e-06,-3.332042234e-06
658000000,-0.001187815367,-0.002114729878,-3.998785873e-06,-1.722908142e-06
658100000,-0.001486953669,-0.001170530561,-4.339948829e-06,2.422520139e-07
658200000,-0.00133294969,-0.0001926275442,-3.769260476e-06,2.149855995e-06
658300000,-0.0007586657651,0.000613101178,-2.409591829e-06,3.599813754e-06
658400000,0.0001145924476,0.001077217579,-5.489512662e-07,4.289435177e-06
658500000,0.001102696941,0.001102357059,1.420515309e-06,4.076612647e-06
658600000,0.001997517425,0.0006836552775,3.085167603e-06,3.00909125e-06
658700000,0.002610756041,-9.031566445e-05,4.096741705e-06,1.313800651e-06
658800000,0.002813565778,-0.001056279452,4.245205287e-06,-6.513761823e-07
658900000,0.002563618111,-0.002010694981,3.502357433e-06,-2.473148182e-06
659000000,0.001913934149,-0.002752640093,2.027124283e-06,-3.76972968e-06
659100000,0.001001636242,-0.003126105725,1.315702961e-07,-4.270845594e-06
659200000,1.900488902e-05,-0.003052797657,-1.785108397e-06,-3.874063859e-06
659300000,-0.0008270508315,-0.002548548159,-3.320648346e-06,-2.665715411e-06
659400000,-0.0013585661,-0.00171989614,-4.15413924e-06,-9.021330625e-07
659500000,-0.001463959278,-0.0007415735061,-4.11308467e-06,1.044718221e-06
659600000,-0.001121459648,0.000180344156,-3.209090709e-06,2.765689037e-06
659700000,-0.0004036049385,0.0008518500876,-1.634800825e-06,3.900427633e-06
659800000,0.0005381191577,0.001131835722,2.771471661e-07,4.212828319e-06
659900000,0.001505243533,0.0009617444547,2.124399825e-06,3.640150343e-06
660000000,0.002294138906,0.0003778193813,3.519555391e-06,2.305590291e-06
660100000,0.002738884984,-0.0004966153759,4.171404078e-06,4.917948612e-07
660200000,0.002746161838,-0.001477195791,3.945705815e-06,-1.418994385e-06
660300000,0.002314827299,-0.002357383599,2.892821979e-06,-3.025490294e-06
660400000,0.001536073269,-0.002951964654,1.236516315e-06,-3.991630368e-06
660500000,0.0005741446644,-0.003136019716,-6.735921752e-07,-4.116872218e-06
660600000,-0.0003683036941,-0.002871167464,-2.435822868e-06,-3.377811384e-06
660700000,-0.001092905663,-0.002213565382,-3.68089926e-06,-1.932486635e-06
660800000,-0.001447340659,-0.00130199976,-4.149326217e-06,-8.659694269e-08
660900000,-0.001357357548,-0.000328590543,-3.745466339e-06,1.771150658e-06
661000000,-0.0008423320555,0.0005017043151,-2.557047876e-06,3.250890295e-06
661100000,-1.109848638e-05,0.001014247953,-8.361289265e-07,4.043409729e-06
661200000,0.0009610466817,0.001101458425,1.054355834e-06,3.984758861e-06
661300000,0.001869309162,0.0007453912489,2.717131677e-06,3.090155825e-06
661400000,0.002522534487,2.14317789e-05,3.804064428e-06,1.550180902e-06
661500000,0.002783433457,-0.0009176610114,4.089044039e-06,-3.098141095e-07
661600000,0.002597431962,-0.001873982336,3.515013662e-06,-2.098437838e-06
661700000,0.002004083376,-0.002646183073,2.205364172e-06,-3.440613804e-06
661800000,0.001128656541,-0.003071859037,4.374250189e-07,-4.056229766e-06
661900000,0.0001556869009,-0.003061704281,-1.41625636e-06,-3.818591032e-06
662000000,-0.000709925943,-0.002618245224,-2.966414626e-06,-2.780481112e-06
662100000,-0.001286073038,-0.00183522441,-3.88880621e-06,-1.16247197e-06
662200000,-0.001451753135,-0.0008777807138,-3.992025443e-06,6.939340651e-07
662300000,-0.00117248861,5.238314082e-05,-3.257214387e-06,2.398377873e-06
662400000,-0.0005075014411,0.0007594973634,-1.841429877e-06,3.593722643e-06
662500000,0.0004028433164,0.001094931508,-4.408551327e-08,4.030880993e-06
662600000,0.001366663048,0.0009884372827,1.756363384e-06,3.620713376e-06
662700000,0.002180998588,0.0004628614862,3.182104227e-06,2.452185938e-06
662800000,0.002674547826,-0.0003707510397,3.935244251e-06,7.730930288e-07
662900000,0.002743695505,-0.001336614665,3.860046328e-06,-1.06248251e-06
663000000,0.002374262271,-0.002231266058,2.975122361e-06,-2.6688327e-06
663100000,0.001644407977,-0.002866419988,1.468931609e-06,-3.709668613e-06
663200000,0.0007080942747,-0.003108591968,-3.403459528e-07,-3.96851745e-06
663300000,-0.0002373958142,-0.002907149337,-2.072019338e-06,-3.393736962e-06
663400000,-0.0009930297396,-0.00230489487,-3.3629836e-06,-2.108788309e-06
663500000,-0.001399928004,-0.001428969636,-3.943852777e-06,-3.857304979e-07
663600000,-0.001372774432,-0.000464008201,-3.695166735e-06,1.412375951e-06
663700000,-0.0009177074892,0.0003867849018,-2.671945743e-06,2.907963934e-06
663800000,-0.0001309410037,0.0009444305587,-1.091548533e-06,3.788237156e-06
663900000,0.0008215758888,0.001091828901,7.124928326e-07,3.870585089e-06
664000000,0.001739158459,0.0007983504753,2.360857779e-06,3.140456388e-06
664100000,0.002428663841,0.0001262019123,3.508189517e-06,1.753837661e-06
664200000,0.002745140669,-0.0007827556197,3.915447768e-06,3.938492674e-09
664300000,0.00262229696,-0.00173694218,3.499704886e-06,-1.74080417e-06
664400000,0.002086382862,-0.002535433071,2.351013416e-06,-3.114295178e-06
664500000,0.001250580677,-0.003010263853,7.129182218e-07,-3.829593716e-06
664600000,0.0002910995872,-0.003061759424,-1.069173215e-06,-3.738853653e-06
664700000,-0.000589976989,-0.002679455476,-2.620818575e-06,-2.863871634e-06
664800000,-0.001207258105,-0.00194421976,-3.617212077e-06,-1.390933292e-06
664900000,-0.00143105886,-0.001011143009,-3.851171248e-06,3.688388981e-07
665000000,-0.001214649646,-7.681946612e-05,-3.276209444e-06,2.045197663e-06
665100000,-0.0006040150343,0.0006620789982,-2.015741073e-06,3.286664905e-06
665200000,0.0002719149075,0.001050204951,-3.366036972e-07,3.834220875e-06
665300000,0.001228484543,0.00100619784,1.407424898e-06,3.575340156e-06
665400000,0.002064236296,0.0005397403779,2.850159865e-06,2.567102872e-06
665500000,0.002603333492,-0.0002505654461,3.689891089e-06,1.023637248e-06
665600000,0.002732550218,-0.001198036967,3.752472901e-06,-7.293494944e-07
665700000,0.002425048037,-0.002103060618,3.027430269e-06,-2.323298266e-06
665800000,0.001745946918,-0.002775141861,1.669597283e-06,-3.424282204e-06
665900000,0.0008385334392,-0.003072998159,-3.393804496e-08,-3.802958705e-06
666000000,-0.0001059741572,-0.002934256666,-1.724527822e-06,-3.382336592e-06
666100000,-0.0008887248954,-0.002388513128,-3.04746677e-06,-2.2534109e-06
666200000,-0.001345104638,-0.001551016792,-3.726409283e-06,-6.554943789e-07
666300000,-0.001379359166,-0.0005983282515,-3.62108926e-06,1.07450641e-06
666400000,-0.0009846875674,0.0002689076973,-2.756287997e-06,2.573120438e-06
666500000,-0.0002445895432,0.000868223747,-1.316069886e-06,3.526672955e-06
666600000,0.0006847981889,0.00107372404,3.953857761e-07,3.736936033e-06
666700000,0.00160763869,0.0008425321071,2.01802371e-06,3.162329592e-06
666800000,0.002329656421,0.0002237379071,3.211656845e-06,1.926110937e-06
666900000,0.00269903083,-0.0006520217673,3.72728248e-06,2.89947213e-07
667000000,0.002638315422,-0.001600137933,3.459020708e-06,-1.401465401e-06
667100000,0.002160672455,-0.002420939686,2.465842745e-06,-2.793015793e-06
667200000,0.001367019938,-0.002941740206,9.58632989e-07,-3.593729224e-06
667300000,0.0004247076932,-0.00305316519,-7.44581805e-07,-3.637605557e-06
667400000,-0.000467772959,-0.002732120684,-2.285732799e-06,-2.918025117e-06
667500000,-0.001122604206,-0.002046576084,-3.341982307e-06,-1.58859291e-06
667600000,-0.001402171691,-0.001141171053,-3.693346886e-06,6.964122464e-08
667700000,-0.001247988347,-0.000206694268,-3.268506562e-06,1.707593137e-06
667800000,-0.0006929323073,0.0005601245089,-2.159262256e-06,2.981627965e-06
667900000,0.0001457611543,0.000998034254,-6.007148795e-07,3.625649062e-06
668000000,0.001091258889,0.001015173543,1.078557565e-06,3.506670071e-06
668100000,0.001944410426,0.0006083418715,2.525767582e-06,2.652265455e-06
668200000,0.002525690299,-0.0001364100922,3.438029075e-06,1.244235493e-06
668300000,0.002712969889,-0.001061977271,3.625743704e-06,-4.200694733e-07
668400000,0.002467172882,-0.001973336423,3.051998521e-06,-1.990539345e-06
668500000,0.001840425402,-0.002678634068,1.839789792e-06,-3.13795093e-06
668600000,0.0009650004121,-0.003029570681,2.456671263e-07,-3.622979999e-06
668700000,2.539984412e-05,-0.002952580565,-1.394556829e-06,-3.346113256e-06
668800000,-0.0007805339686,-0.002464250978,-2.736543494e-06,-2.368052085e-06
668900000,-0.001283280537,-0.001667747579,-3.49971274e-06,-8.964274677e-07
669000000,-0.00137730268,-0.000731015637,-3.525901258e-06,7.582710552e-07
669100000,-0.001043204185,0.0001486364072,-2.812132763e-06,2.248199402e-06
669200000,-0.0003517315596,0.000786101179,-1.51071209e-06,3.261277454e-06
669300000,0.0005512045197,0.001047427831,1.032648724e-07,3.586553009e-06
669400000,0.001475315636,0.0008779708567,1.690056396e-06,3.158121867e-06
669500000,0.002226033635,0.0003138181285,2.916786519e-06,2.068461239e-06
669600000,0.002645471202,-0.0005258905285,3.527271532e-06,5.484831984e-07
669700000,0.002645623235,-0.001464119141,3.395514869e-06,-1.081392567e-06
669800000,0.002226828217,-0.002303255099,2.551700977e-06,-2.47878084e-06
669900000,0.001477616849,-0.002866726616,1.175327664e-06,-3.351251306e-06
670000000,0.000555995645,-0.003036154159,-4.429696562e-07,-3.517520747e-06
670100000,-0.0003438788523,-0.002776218663,-1.962784114e-06,-2.945113222e-06
670200000,-0.001032606776,-0.00214202129,-3.065537721e-06,-1.75666615e-06
670300000,-0.001365413259,-0.001267400334,-3.521256461e-06,-2.036661947e-07
670400000,-0.00127258499,-0.0003366822832,-3.236524709e-06,1.38676252e-06
670500000,-0.0007740755203,0.0004541695887,-2.273620632e-06,2.680759932e-06
670600000,2.47801387e-05,0.0009388190736,-8.369157509e-07,3.407809522e-06
670700000,0.0009555204727,0.001015544007,7.704955566e-07,3.417286417e-06
670800000,0.001822079014,0.0006685879368,2.21073413e-06,2.709654432e-06
670900000,0.00244208239,-2.860398002e-05,3.182154727e-06,1.43585237e-06
671000000,0.002685227088,-0.0009289281575,3.482518769e-06,-1.348929118e-07
671100000,0.002500660548,-0.001842655742,3.051091907e-06,-1.671964747e-06
671200000,0.00192761352,-0.002577410094,1.980904782e-06,-2.852942343e-06
671300000,0.001087060227,-0.002978666122,4.987061752e-07,-3.431228846e-06
671400000,0.000156177903,-0.002962245741,-1.083074453e-06,-3.287537558e-06
671500000,-0.0006690030422,-0.002531975157,-2.432179297e-06,-2.454487715e-06
671600000,-0.001214884618,-0.001778799019,-3.266310225e-06,-1.109240594e-06
671700000,-0.001366826532,-0.0008615542676,-3.412194871e-06,4.641695926e-07
671800000,-0.0010932251,2.653145369e-05,-2.841573143e-06,1.934802053e-06
671900000,-0.0004520880438,0.0006985495932,-1.67663169e-06,2.994413616e-06
672000000,0.0004212616683,0.001013250934,-1.638503815e-07,3.422062245e-06
672100000,0.001342745391,0.0009047360725,1.378143253e-06,3.1301707e-06
672200000,0.002118323696,0.0003962562442,2.625680691e-06,2.182447794e-06
672300000,0.002584850897,-0.0004047644434,3.317987553e-06,7.800028862e-07
672400000,0.00264438857,-0.001329419591,3.311689005e-06,-7.813240199e-07
672500000,0.002284762125,-0.002182931815,2.610494038e-06,-2.173364425e-06
672600000,0.001582045908,-0.002785677921,1.36391456e-06,-3.104593984e-06
672700000,0.0006844691764,-0.003010987789,-1.646061087e-07,-3.381180127e-06
672800000,-0.0002188535064,-0.002811762564,-1.653362945e-06,-2.947321639e-06
672900000,-0.000937771519,-0.00223031764,-2.790094206e-06,-1.896486186e-06
673000000,-0.001321129717,-0.001389392473,-3.3374735e-06,-4.512871822e-07
673100000,-0.001288553454,-0.0004662369509,-3.182653784e-06,1.083670241e-06
673200000,-0.0008473025272,0.0003447538275,-2.360521586e-06,2.385987102e-06
673300000,-9.066014771e-05,0.0008729784459,-1.045871669e-06,3.183182892e-06
673400000,0.0008217854292,0.001007519614,4.837496049e-07,3.309701725e-06
673500000,0.00169779751,0.000720436212,1.906635121e-06,2.741286871e-06
673600000,0.002352987522,7.256694285e-05,2.924574248e-06,1.599587913e-06
673700000,0.002649621326,-0.0007993587234,3.325348442e-06,1.261354934e-07
673800000,0.002525569355,-0.001711571874,3.026968898e-06,-1.368750595e-06
673900000,0.002007316294,-0.00247199084,2.094435921e-06,-2.571313306e-06
674000000,0.001204305846,-0.002920663301,7.255971477e-07,-3.230208205e-06
674100000,0.0002858267821,-0.002963409255,-7.908223098e-07,-3.209031792e-06
674200000,-0.000554679187,-0.002591588054,-2.136115853e-06,-2.514551389e-06
674300000,-0.001140362602,-0.001883839575,-3.028574559e-06,-1.294795902e-06
674400000,-0.001348181351,-0.0009894486674,-3.282473978e-06,1.924889164e-07
674500000,-0.001134753266,-9.685219578e-05,-2.846718196e-06,1.634300181e-06
674600000,-0.0005454138992,0.0006060665685,-1.815101702e-06,2.728246543e-06
674700000,0.0002954109354,0.0009715288471,-4.061326901e-07,3.2459651e-06
674800000,0.001210472349,0.000922930697,1.083244357e-06,3.080787654e-06
674900000,0.002007059353,0.0004709011903,2.340226871e-06,2.269707947e-06
675000000,0.002517578834,-0.0002890165362,3.10184622e-06,9.851281254e-07
675100000,0.002634810494,-0.001196555516,3.209978229e-06,-5.017804179e-07
675200000,0.002334421623,-0.002060520435,2.644165415e-06,-1.878316538e-06
675300000,0.001680014187,-0.002699063102,1.525439387e-06,-2.856007791e-06
675400000,0.0008096568371,-0.002977954724,9.044041252e-08,-3.231060109e-06
675500000,-9.324749506e-05,-0.002838800045,-1.35863367e-06,-2.926832222e-06
675600000,-0.0008386121545,-0.002311261944,-2.517664002e-06,-2.009483469e-06
675700000,-0.001269689813,-0.001506736406,-3.144432935e-06,-6.736031867e-07
675800000,-0.001296040022,-0.0005948260456,-3.109239003e-06,7.990603003e-07
675900000,-0.0009125065603,0.0002324184652,-2.421728794e-06,2.099018943e-06
676000000,-0.0002002226139,0.0008009486806,-1.228396658e-06,2.954082073e-06
676100000,0.0006905499713,0.0009913399956,2.186228964e-07,3.186344907e-06
676200000,0.001572116611,0.0007638793863,1.614823501e-06,2.749197602e-06
676300000,0.002258894852,0.000166850199,2.66740284e-06,1.736657219e-06
676400000,0.002606477255,-0.0006737132231,3.156663699e-06,3.631589352e-07
676500000,0.002541991201,-0.001580627127,2.981865031e-06,-1.081851974e-06
676600000,0.002079373684,-0.002362902371,2.181954859e-06,-2.294913001e-06
676700000,0.001316359173,-0.002855961259,9.269202804e-07,-3.022270245e-06
676800000,0.0004138300976,-0.002956259176,-5.183299371e-07,-3.112955795e-06
676900000,-0.0004381082484,-0.002643027315,-1.84987755e-06,-2.550115385e-06
677000000,-0.001060174854,-0.001982569785,-2.788701686e-06,-1.454086896e-06
677100000,-0.001321645184,-0.001114225505,-3.139142966e-06,-5.668023076e-08
677200000,-0.00116782605,-0.0002209671311,-2.829675489e-06,1.347846019e-06
677300000,-0.0006314981763,0.0005091582917,-1.927491625e-06,2.464744528e-06
677400000,0.0001740669288,0.000922620014,-6.239286288e-07,3.060630089e-06
677500000,0.001079027277,0.0009326901139,8.061052774e-07,3.012243076e-06
677600000,0.001892775661,0.0005376370001,2.062102572e-06,2.33193779e-06
677700000,0.002444081666,-0.000178989471,2.881101776e-06,1.164626803e-06
677800000,0.00261711749,-0.001066023914,3.092738496e-06,-2.430800354e-07
677900000,0.002375789055,-0.001936567494,2.654678039e-06,-1.594971104e-06
678000000,0.001771261782,-0.002607363083,1.661061488e-06,-2.607558902e-06
678100000,0.0009311113788,-0.002937369043,3.222851324e-07,-3.069523032e-06
678200000,3.23988955e-05,-0.002857412311,-1.079545787e-06,-2.885806728e-06
678300000,-0.0007356481848,-0.002384685606,-2.250058427e-06,-2.09716623e-06
678400000,-0.001211482918,-0.001619049429,-2.944424858e-06,-8.711546576e-07
678500000,-0.001295222078,-0.0007219334945,-3.018567021e-06,5.334701271e-07
678600000,-0.000969615878,0.0001177041859,-2.459045643e-06,1.821354289e-06
678700000,-0.0003036017403,0.0007231812317,-1.385434063e-06,2.722649487e-06
678800000,0.0005622888415,0.0009672724211,-2.477285926e-08,3.049550188e-06
678900000,0.001445580154,0.0007989444573,1.336438978e-06,2.735422171e-06
679000000,0.002160302726,0.0002540270563,2.412565517e-06,1.848371025e-06
679100000,0.002556142812,-0.000552409834,2.978768217e-06,5.764907754e-07
679200000,0.002550050459,-0.001450350884,2.917977934e-06,-8.120152379e-07
679300000,0.002143660466,-0.002250673696,2.245092373e-06,-2.025387245e-06
679400000,0.001422871932,-0.002784977213,1.10339923e-06,-2.809611799e-06
679500000,0.0005396900184,-0.002941013144,-2.659295465e-07,-3.001594532e-06
679600000,-0.0003198326845,-0.002686265316,-1.574779136e-06,-2.563073006e-06
679700000,-0.0009747942231,-0.002074722761,-2.548709628e-06,-1.588219257e-06
679800000,-0.001287521784,-0.001235435003,-2.984497248e-06,-2.834265859e-07
679900000,-0.001192514322,-0.0003452755284,-2.792535191e-06,1.076382909e-06
680000000,-0.0007101641671,0.0004083373378,-2.015248478e-06,2.205681499e-06
680100000,5.761648764e-05,0.0008669038827,-8.177406192e-07,2.868286632e-06
680200000,0.0009489254918,0.0009341808902,5.472703843e-07,2.926752477e-06
680300000,0.001776007774,0.0005963824958,1.792781137e-06,2.370874061e-06
680400000,0.002364801674,-7.499484544e-05,2.657844178e-06,1.319394076e-06
680500000,0.002591565891,-0.0009383009799,2.962235697e-06,-5.354255823e-09
680600000,0.002408880961,-0.001811613357,2.643997642e-06,-1.324454959e-06
680700000,0.00185556213,-0.002511068545,1.772034964e-06,-2.361129736e-06
680800000,0.001048411016,-0.002889568433,5.312097933e-07,-2.898809288e-06
680900000,0.0001575576083,-0.002867713055,-8.168457006e-07,-2.826372162e-06
681000000,-0.0006294026814,-0.002450454547,-1.988891885e-06,-2.161102132e-06
681100000,-0.001146917002,-0.001725978106,-2.739589916e-06,-1.044622862e-06
681200000,-0.001286306712,-0.0008470610925,-2.912853726e-06,2.872447709e-07
681300000,-0.001018593283,1.148960359e-06,-2.474298006e-06,1.554288583e-06
681400000,-0.0004005241103,0.0006401405523,-1.518037926e-06,2.49085587e-06
681500000,0.0004374538779,0.0009356101232,-2.465013324e-07,2.901547736e-06
681600000,0.001318723087,0.0008256918674,1.072418218e-06,2.701981293e-06
681700000,0.002057716473,0.0003339126634,2.161799305e-06,1.936117276e-06
681800000,0.002498987314,-0.0004358395513,2.793832127e-06,7.665971002e-07
681900000,0.002549902754,-0.001321257764,2.837453966e-06,-5.597908062e-07
682000000,0.00220008596,-0.002135834574,2.285520729e-06,-1.764183976e-06
682100000,0.001523526408,-0.002708144479,1.255882876e-06,-2.594271405e-06
682200000,0.0006629288558,-0.002917916844,-3.377095786e-08,-2.877147338e-06
682300000,-0.0002003894629,-0.002721308508,-1.311934269e-06,-2.555322313e-06
682400000,-0.00088470386,-0.002160064537,-2.310438883e-06,-1.698392506e-06
682500000,-0.001246138821,-0.001352652228,-2.820715452e-06,-4.880018067e-07
682600000,-0.001208921434,-0.0004692510983,-2.737355726e-06,8.206566175e-07
682700000,-0.000781269362,0.0003041204719,-2.079878938e-06,1.952640735e-06
682800000,-5.358226063e-05,0.0008047789194,-9.882093146e-07,2.671020404e-06
682900000,0.0008206651235,0.0009275994225,3.070965199e-07,2.826464542e-06
683000000,0.001657288805,0.0006470908501,1.533538604e-06,2.38827734e-06
683100000,0.002280194646,2.268737776e-05,2.433997741e-06,1.450434305e-06
683200000,0.002558438241,-0.0008138406478,2.82063639e-06,2.11436888e-07
683300000,0.002433747265,-0.001686190183,2.614077556e-06,-1.067697612e-06
683400000,0.001932722189,-0.002410677732,1.859690753e-06,-2.1184209e-06
683500000,0.001161160561,-0.002834912318,7.176457784e-07,-2.721031077e-06
683600000,0.0002817146668,-0.002869847284,-5.710890255e-07,-2.750607672e-06
683700000,-0.0005204001065,-0.002508468978,-1.73558701e-06,-2.20290108e-06
683800000,-0.001076416594,-0.001827199046,-2.531916263e-06,-1.194812243e-06
683900000,-0.001269529237,-0.0009697301102,-2.794233644e-06,6.055130341e-08
684000000,-0.001059435512,-0.0001167140546,-2.469318363e-06,1.298922024e-06
684100000,-0.0004907488034,0.0005523019439,-1.627355175e-06,2.26050048e-06
684200000,0.0003164727022,0.0008966705464,-4.467855705e-07,2.744455902e-06
684300000,0.001192069513,0.0008442145265,8.235056981e-07,2.650866796e-06
684400000,0.001951646224,0.0004063560481,1.916656659e-06,2.001343734e-06
684500000,0.002435399497,-0.0003243652145,2.603887325e-06,9.340796623e-07
684600000,0.002541733657,-0.00119384588,2.742376433e-06,-3.25546313e-07
684700000,0.002248593638,-0.002018913373,2.304937295e-06,-1.512559749e-06
684800000,0.001618036052,-0.002625910379,1.385327784e-06,-2.37812781e-06
684900000,0.0007830905401,-0.002887242403,1.78163401e-07,-2.741718773e-06
685000000,-8.030802432e-05,-0.002748196643,-1.062264843e-06,-2.528751276e-06
685100000,-0.0007903950556,-0.00223839429,-2.075554137e-06,-1.785882577e-06
685200000,-0.001197846045,-0.001465478246,-2.649853184e-06,-6.708041426e-07
685300000,-0.001217182091,-0.0005923809473,-2.666150921e-06,5.812271461e-07
685400000,-0.0008447052716,0.0001970264804,-2.122932604e-06,1.707019691e-06
685500000,-0.0001592007091,0.0007366605901,-1.136096498e-06,2.470770196e-06
685600000,0.0006947254946,0.0009131704927,8.576687427e-08,2.713450693e-06
685700000,0.001537147717,0.0006897490202,1.285461457e-06,2.385916554e-06
685800000,0.002190727754,0.0001138093015,2.211321156e-06,1.558843749e-06
685900000,0.002518041578,-0.0006930732552,2.670000117e-06,4.074892498e-07
686000000,0.002450470334,-0.00156081997,2.566844956e-06,-8.254416286e-07
686100000,0.002002582469,-0.002306694289,1.925419708e-06,-1.880954345e-06
686200000,0.001268992426,-0.002773779933,8.821575899e-07,-2.538167688e-06
686300000,0.0004043719321,-0.002863990049,-3.426532369e-07,-2.660532971e-06
686400000,-0.000409164174,-0.00255866305,-1.49138082e-06,-2.224199248e-06
686500000,-0.001000420708,-0.001922419545,-2.323237929e-06,-1.322633402e-06
686600000,-0.001245151622,-0.001089482791,-2.664750912e-06,-1.466067064e-07
686700000,-0.001092172506,-0.0002353585542,-2.44593128e-06,1.056168472e-06
686800000,-0.0005740676513,0.0004601494072,-1.714608684e-06,2.033212581e-06
686900000,0.0001997475313,0.0008507935408,-6.259922006e-07,2.580275011e-06
687000000,0.001066130821,0.0008546367265,5.902650384e-07,2.584029036e-06
687100000,0.001842604751,0.0004712399813,1.678509992e-06,2.04554168e-06
687200000,0.00236578553,-0.0002183206655,2.410824246e-06,1.079659302e-06
687300000,0.002525757279,-0.001068595192,2.634755322e-06,-1.094799841e-07
687400000,0.002289160602,-0.001900434973,2.305049414e-06,-1.271587111e-06
687500000,0.001706145948,-0.00253873413,1.49278141e-06,-2.162899817e-06
687600000,0.0008997419802,-0.002849286714,3.700435517e-07,-2.597311004e-06
687700000,3.989168207e-05,-0.002767001882,-8.265109417e-07,-2.485224303e-06
687800000,-0.0006923650841,-0.002309544418,-1.845547158e-06,-1.852025358e-06
687900000,-0.001143013386,-0.001573541163,-2.47383828e-06,-8.323624376e-07
688000000,-0.001217461124,-0.0007141673466,-2.58087864e-06,3.584809049e-07
688100000,-0.0009003971177,8.757404045e-05,-2.145986416e-06,1.47003581e-06
688200000,-0.0002589404468,0.0006629793161,-1.262268575e-06,2.269326163e-06
688300000,0.0005715656025,0.0008911457413,-1.166950445e-07,2.589696181e-06
688400000,0.001416107293,0.0007243770597,1.049455137e-06,2.36555478e-06
688500000,0.002096877416,0.000198155389,1.991408771e-06,1.645794103e-06
688600000,0.002470705664,-0.0005764043291,2.51227321e-06,5.831392903e-07
688700000,0.002459163937,-0.001436012669,2.504188522e-06,-5.982535281e-07
688800000,0.002065016946,-0.002199625113,1.97065672e-06,-1.650077592e-06
688900000,0.001371567498,-0.002706568364,1.025426782e-06,-2.352062201e-06
689000000,0.0005250487597,-0.002850345079,-1.317505607e-07,-2.558098239e-06
689100000,-0.0002962157584,-0.002601004371,-1.257331722e-06,-2.226644311e-06
689200000,-0.0009193807592,-0.002011378088,-2.115234508e-06,-1.429086788e-06
689300000,-0.001213460855,-0.001205883733,-2.526351723e-06,-3.343747562e-07
689400000,-0.001116866559,-0.0003542670532,-2.40594024e-06,8.267649842e-07
689500000,-0.0006503053582,0.000364173504,-1.781081258e-06,1.810454092e-06
689600000,8.765411486e-05,0.0007983395028,-7.84615943e-07,2.410882588e-06
689700000,0.0009414039064,0.0008571129531,3.73090721e-07,2.503365725e-06
689800000,0.001731105348,0.0005284807095,1.448557162e-06,2.070230721e-06
689900000,0.002290566996,-0.0001180100401,2.216390008e-06,1.204159933e-06
690000000,0.00250221478,-0.0009459659767,2.516518505e-06,8.836588641e-08
690100000,0.00232179694,-0.001780918727,2.287560534e-06,-1.042162723e-06
690200000,0.001787633148,-0.00244708474,1.579366088e-06,-1.950147369e-06
690300000,0.001012474303,-0.002804369697,5.421771884e-07,-2.445817633e-06
690400000,0.0001597010834,-0.002777827793,-6.052412908e-07,-2.426570152e-06
690500000,-0.0005911150704,-0.002373380488,-1.621740746e-06,-1.898201226e-06
690600000,-0.001082029032,-0.001676497027,-2.294467451e-06,-9.733205583e-07
690700000,-0.001209952164,-0.0008341294041,-2.483430847e-06,1.526431291e-07
690800000,-0.0009483033959,-2.372036642e-05,-2.150630244e-06,1.242733188e-06
690900000,-0.0003525337988,0.0005841784142,-1.36768073e-06,2.06832936e-06
691000000,0.0004516227156,0.0008618020664,-3.00411467e-07,2.457092607e-06
691100000,0.001294682162,0.0007510273134,8.262531646e-07,2.328936364e-06
691200000,0.00199912718,0.0002755426231,1.775693004e-06,1.712516916e-06
691300000,0.002416781158,-0.0004642134957,2.349284001e-06,7.388490834e-07
691400000,0.0024599721,-0.0013122644,2.427947477e-06,-3.86535041e-07
691500000,0.00211993283,-0.002089978239,1.996865917e-06,-1.426968918e-06
691600000,0.00146857588,-0.002633690557,1.148236426e-06,-2.164419523e-06
691700000,0.0006432835522,-0.002829143332,6.15590271e-08,-2.445175443e-06
691800000,-0.0001820708595,-0.002635493411,-1.034327269e-06,-2.211881899e-06
691900000,-0.0008337584756,-0.002093844723,-1.909432043e-06,-1.515247141e-06
692000000,-0.001174767237,-0.001318521154,-2.380878194e-06,-5.030331209e-07
692100000,-0.001133611364,-0.0004729327774,-2.351115789e-06,6.11281845e-07
692200000,-0.0007193194878,0.0002648692375,-1.828100578e-06,1.593523276e-06
692300000,-1.945920005e-05,0.0007396874744,-9.232645193e-07,2.238029943e-06
692400000,0.000818369483,0.000851826603,1.722200458e-07,2.410712167e-06
692500000,0.001617659751,0.0005780275602,1.2278278e-06,2.076944735e-06
692600000,0.002210178858,-2.370719217e-05,2.022187799e-06,1.308493162e-06
692700000,0.00247137281,-0.0008263974036,2.389504339e-06,2.680914676e-07
692800000,0.002346544956,-0.001660876494,2.254157606e-06,-8.25016094e-07
692900000,0.001862306866,-0.002351438897,1.646263881e-06,-1.741273729e-06
693000000,0.001120903972,-0.002752832504,6.949951639e-07,-2.289018903e-06
693100000,0.0002786247836,-0.002780808248,-3.988640893e-07,-2.354571178e-06
693200000,-0.0004871478866,-0.002429801047,-1.405293621e-06,-1.92582062e-06
693300000,-0.001015297461,-0.001774030602,-2.113404213e-06,-1.094422327e-06
693400000,-0.001194876233,-0.0009518046336,-2.375625046e-06,-3.620958073e-08
693500000,-0.0009884153158,-0.0001363444872,-2.138453659e-06,1.025989967e-06
693600000,-0.000439744234,0.0005007120278,-1.453361814e-06,1.869272448e-06
693700000,0.0003353110859,0.0008254399553,-4.656365443e-07,2.31743182e-06
693800000,0.001173376903,0.0007697835001,6.164267697e-07,2.277775308e-06
693900000,0.001897965616,0.0003458205335,1.565447768e-06,1.760288934e-06
694000000,0.002356637745,-0.0003568535163,2.182739358e-06,8.751916948e-07
694100000,0.00245306786,-0.001190055754,2.339901983e-06,-1.905346284e-07
694200000,0.002167270215,-0.001978260767,2.00552694e-06,-1.21264336e-06
694300000,0.001559737501,-0.002555573305,1.251456179e-06,-1.976805643e-06
694400000,0.0007586352034,-0.002800641471,2.373547929e-07,-2.323551019e-06
694500000,-6.723862819e-05,-0.002662162773,-8.230925144e-07,-2.181543267e-06
694600000,-0.0007440238101,-0.002169621294,-1.707205003e-06,-1.582248753e-06
694700000,-0.001129402624,-0.001427008033,-2.230063562e-06,-6.52982804e-07
694800000,-0.001142530944,-0.0005908614723,-2.283184992e-06,4.101329778e-07
694900000,-0.0007810003202,0.0001627339593,-1.857025138e-06,1.383559333e-06
695000000,-0.0001212722749,0.0006752332071,-1.042644041e-06,2.063340013e-06
695100000,0.0006974905008,0.0008389886132,-1.225477583e-08,2.307832816e-06
695200000,0.001502776105,0.0006198624235,1.017190359e-06,2.067218944e-06
695300000,0.002125067408,6.434474899e-05,1.829677412e-06,1.393643603e-06
695400000,0.00243352187,-0.000710306222,2.255455606e-06,4.29926034e-07
695500000,0.002363478302,-0.001540810731,2.206499716e-06,-6.20718817e-07
695600000,0.00193000855,-0.00225227888,1.694702311e-06,-1.53752867e-06
695700000,0.001224673778,-0.002695035684,8.290373232e-07,-2.128578184e-06
695800000,0.0003961822735,-0.002776106219,-2.076380979e-07,-2.270953881e-06
695900000,-0.0003809660851,-0.002478737319,-1.197206117e-06,-1.936310658e-06
696000000,-0.0009432374538,-0.001865856013,-1.932178019e-06,-1.196497028e-06
696100000,-0.001172480256,-0.001066750418,-2.25919705e-06,-2.081367e-07
696200000,-0.001020756122,-0.0002497922717,-2.11103387e-06,8.20526326e-07
696300000,-0.0005203666391,0.0004130430587,-1.520400008e-06,1.673501469e-06
696400000,0.0002230207796,0.0007823817578,-6.127427534e-07,2.172401119e-06
696500000,0.001052684227,0.0007807596908,4.203948933e-07,2.213744927e-06
696600000,0.001793884235,0.0004088710932,1.361792801e-06,1.790418397e-06
696700000,0.00229066223,-0.0002546494495,2.014222443e-06,9.928370125e-07
696800000,0.002438651935,-0.001069850187,2.241764821e-06,-1.035914315e-08
696900000,0.0022070016,-0.001864976837,1.998122329e-06,-1.007959431e-06
697000000,0.001644802596,-0.002472655223,1.336028019e-06,-1.790648005e-06
697100000,0.0008706844308,-0.002765120263,3.958423329e-07,-2.194919854e-06
697200000,4.778053821e-05,-0.002681076362,-6.241988655e-07,-2.137234162e-06
697300000,-0.0006506528645,-0.002238541546,-1.509779236e-06,-1.631271577e-06
697400000,-0.001077718616,-0.001530983136,-2.075528633e-06,-7.847318161e-07
697500000,-0.001143778493,-0.0007075731253,-2.203822141e-06,2.235866207e-07
697600000,-0.0008352705808,5.826531124e-05,-1.869231193e-06,1.181547803e-06
697700000,-0.0002174938569,0.0006053872003,-1.143544945e-06,1.888306377e-06
697800000,0.0005792106632,0.0008188360084,-1.803744951e-07,2.196414126e-06
697900000,0.001386956991,0.0006539991149,8.173597573e-07,2.042578124e-06
698000000,0.002035688221,0.0001459336903,1.64017683e-06,1.460654938e-06
698100000,0.002388974624,-0.0005980855692,2.11601471e-06,5.742148091e-07
698200000,0.002372700994,-0.001421212675,2.14620793e-06,-4.296941813e-07
698300000,0.001990611811,-0.002150090491,1.725941007e-06,-1.340012537e-06
698400000,0.001323453707,-0.002631357294,9.449387661e-07,-1.966039659e-06
698500000,0.0005119095458,-0.002763912484,-3.168388237e-08,-2.177380725e-06
698600000,-0.0002730698772,-0.00252015276,-9.983265778e-07,-1.931102815e-06
698700000,-0.0008662800914,-0.001951717257,-1.752184481e-06,-1.28044555e-06
698800000,-0.001143035495,-0.001178545365,-2.135795001e-06,-3.633212987e-07
698900000,-0.001045380304,-0.0003635657801,-2.069924833e-06,6.269129729e-07
699000000,-0.0005942274624,0.0003216411068,-1.56992931e-06,1.482218566e-06
699100000,0.0001151166293,0.0007329699073,-7.422076054e-07,2.023579661e-06
699200000,0.0009330832495,0.0007840991853,2.384344667e-07,2.138468721e-06
699300000,0.001687375441,0.0004646084881,1.165698782e-06,1.804232311e-06
699400000,0.002219256596,-0.0001578979433,1.845191618e-06,1.092538095e-06
699500000,0.002416951307,-0.0009520925271,2.135174335e-06,1.540144651e-07
699600000,0.002239131295,-0.001750625655,1.976125991e-06,-8.136264293e-07
699700000,0.00172355205,-0.002385384718,1.402952689e-06,-1.607236904e-06
699800000,0.000979034993,-0.00272288292,5.373408428e-07,-2.060880491e-06
699900000,0.0001624968263,-0.002692328447,-4.380733234e-07,-2.080524873e-06
700000000,-0.0005541258326,-0.002300471105,-1.318235781e-06,-1.663528226e-06
700100000,-0.001020084708,-0.001630111908,-1.918779395e-06,-8.98881854e-07
700200000,-0.001137535123,-0.0008226035931,-2.114640695e-06,5.177616441e-08
700300000,-0.0008820850461,-4.80407912e-05,-1.866100726e-06,9.88326659e-07
700400000,-0.0003078621264,0.0005305727218,-1.226828526e-06,1.714293331e-06
700500000,0.000463953053,0.0007916303756,-3.323007634e-07,2.078058627e-06
700600000,0.00127069752,0.0006804826241,6.289055164e-07,2.004525937e-06
700700000,0.001942504108,0.0002208787558,1.454864733e-06,1.510616765e-06
700800000,0.002338064148,-0.0004901038955,1.972720066e-06,7.014060926e-07
700900000,0.002374346326,-0.001302560599,2.074856335e-06,-2.522270629e-07
701000000,0.00204402224,-0.002045361013,1.741259291e-06,-1.149681094e-06
701100000,0.001416941685,-0.002562190997,1.043416599e-06,-1.802827122e-06
701200000,0.0006253606102,-0.00274444425,1.290048883e-07,-2.075443151e-06
701300000,-0.0001639551623,-0.002554042509,-8.093583443e-07,-1.911621653e-06
701400000,-0.0007848667459,-0.002031388591,-1.57468659e-06,-1.347227206e-06
701500000,-0.001106835927,-0.001286790543,-2.006974591e-06,-5.020577263e-07
701600000,-0.00106237269,-0.0004771770188,-2.016647484e-06,4.455800153e-07
701700000,-0.0006611847282,0.0002269804271,-1.603116858e-06,1.296485572e-06
701800000,1.193730818e-05,0.0006775651002,-8.546007324e-07,1.872436016e-06
701900000,0.0008150378453,0.0007799732979,7.069085537e-08,2.053512434e-06
702000000,0.001578930516,0.0005129787627,9.779931249e-07,1.8030647e-06
702100000,0.002142836056,-6.686665317e-05,1.67698038e-06,1.175118098e-06
702200000,0.002388217736,-0.000837207579,2.021688544e-06,3.027274942e-07
702300000,0.002263694708,-0.001635699581,1.94099276e-06,-6.302122303e-07
702400000,0.001795797621,-0.002294217964,1.453276897e-06,-1.4277278e-06
702500000,0.00108331479,-0.002674253382,6.622706538e-07,-1.922931492e-06
702600000,0.0002764327562,-0.002696042614,-2.650079963e-07,-2.012941424e-06
702700000,-0.0004549249698,-0.002355307322,-1.133515449e-06,-1.680251863e-06
702800000,-0.0009568864038,-0.001724087246,-1.76120572e-06,-9.961154475e-07
702900000,-0.00112400852,-0.0009355061337,-2.01718639e-06,-1.05288945e-07
703000000,-0.0009214300289,-0.0001556921265,-1.849010437e-06,8.045929728e-07
703100000,-0.0003921451157,0.0004512238182,-1.293414133e-06,1.542536946e-06
703200000,0.0003521188703,0.0007576562714,-4.683042204e-07,1.954280156e-06
703300000,0.001154483489,0.000699388255,4.52260279e-07,1.954535366e-06
703400000,0.001845983089,0.0002890303389,1.27478385e-06,1.544652251e-06
703500000,0.00228114214,-0.0003867040113,1.827003593e-06,8.120387441e-07
703600000,0.0023685757,-0.001185318159,1.993964226e-06,-8.847399056e-08
703700000,0.002090177086,-0.001938577206,1.741944716e-06,-9.67351032e-07
703800000,0.001504864184,-0.002487944128,1.125257237e-06,-1.640243788e-06
703900000,0.0007361089056,-0.002717943698,2.745501818e-07,-1.966655762e-06
704000000,-5.411161621e-05,-0.002580432716,-6.308672189e-07,-1.879274603e-06
704100000,-0.0006994470701,-0.002104674783,-1.400816834e-06,-1.397847282e-06
704200000,-0.001064196561,-0.001391110611,-1.874195409e-06,-6.247395415e-07
704300000,-0.001071847453,-0.0005901496981,-1.952681104e-06,2.768261157e-07
704400000,-0.0007211279248,0.000129537909,-1.621151136e-06,1.117228328e-06
704500000,-8.620547179e-05,0.0006165444395,-9.505714184e-07,1.720326776e-06
704600000,0.0006989951047,0.0007685800543,-8.281161875e-08,1.960377261e-06
704700000,0.001469037663,0.0005539593457,7.993663468e-07,1.788245845e-06
704800000,0.002061827078,1.820621006e-05,1.510798263e-06,1.241457821e-06
704900000,0.002352726197,-0.00072559884,1.902780409e-06,4.360279675e-07
705000000,0.002280757527,-0.001520682289,1.894149023e-06,-4.581514701e-07
705100000,0.001861382025,-0.002199616884,1.488081297e-06,-1.253144446e-06
705200000,0.001183176842,-0.002619574558,7.711410989e-07,-1.782468882e-06
705300000,0.0003891248457,-0.002692370629,-1.051697994e-07,-1.935957887e-06
705400000,-0.0003535325965,-0.002402979002,-9.564240661e-07,-1.682685013e-06
705500000,-0.0008885233112,-0.001812630147,-1.604081057e-06,-1.077183629e-06
705600000,-0.001103431529,-0.001045852835,-1.912931473e-06,-2.477123263e-07
705700000,-0.0009533227487,-0.0002642020786,-1.819321746e-06,6.30910069e-07
705800000,-0.0004701409995,0.0003677833246,-1.344267049e-06,1.374146994e-06
705900000,0.0002440862836,0.000717219572,-5.887528061e-07,1.826500189e-06
706000000,0.001038789618,0.0007108206624,2.877286148e-07,1.89404023e-06
706100000,0.001746596387,0.000350270029,1.100845048e-06,1.563906636e-06
706200000,0.00221857709,-0.000288202256,1.680189239e-06,9.067300856e-07
706300000,0.002355577352,-0.001069932837,1.904989395e-06,6.152670428e-08
706400000,0.002129044829,-0.001830223349,1.729282548e-06,-7.937060504e-07
706500000,0.001586976714,-0.002409035744,1.191304303e-06,-1.479473045e-06
706600000,0.0008437486038,-0.002684676462,4.051784569e-07,-1.852451596e-06
706700000,5.597915631e-05,-0.00259937976,-4.632893166e-07,-1.835442784e-06
706800000,-0.0006104769982,-0.00217141124,-1.231580119e-06,-1.433345331e-06
706900000,-0.0010154517,-0.001491154822,-1.73881833e-06,-7.318477549e-07
707000000,-0.001073947003,-0.0007020209061,-1.879455748e-06,1.208278335e-07
707100000,-0.000773977769,2.979108947e-05,-1.62523105e-06,9.452416631e-07
707200000,-0.0001790276368,0.0005502995515,-1.030836625e-06,1.568496138e-06
707300000,0.0005853838865,0.0007501428108,-2.22159171e-07,1.860494136e-06
707400000,0.001358180089,0.0005875584604,6.303789162e-07,1.761092503e-06
707500000,0.001976665417,9.711220613e-05,1.347732593e-06,1.292483919e-06
707600000,0.002310773262,-0.0006176473288,1.779834142e-06,5.542593189e-07
707700000,0.002290414794,-0.001406046991,1.836984393e-06,-2.977540106e-07
707800000,0.001920178902,-0.002102047153,1.508469278e-06,-1.084382741e-06
707900000,0.001278300151,-0.002559206523,8.645387805e-07,-1.640784593e-06
708000000,0.0005001251834,-0.002681491211,4.13897544e-08,-1.85098977e-06
708100000,-0.0002504291432,-0.002443446004,-7.876382671e-07,-1.672069295e-06
708200000,-0.0008154072149,-0.001895490226,-1.448563038e-06,-1.142894174e-06
708300000,-0.001076060664,-0.001153235942,-1.803270001e-06,-3.756998877e-07
708400000,-0.0009778105921,-0.0003730914866,-1.778371792e-06,4.677150573e-07
708500000,-0.0005416782587,0.0002807008799,-1.380387096e-06,1.210109681e-06
708600000,0.000140209397,0.0006706457711,-6.941003699e-07,1.696045192e-06
708700000,0.0009240778662,0.0007149127912,1.354960189e-07,1.824427743e-06
708800000,0.001644816441,0.0004045104147,9.338320561e-07,1.569536573e-06
708900000,0.002150752424,-0.0001948877903,1.533492457e-06,9.861642783e-07
709000000,0.002335565017,-0.0009568344752,1.809322485e-06,1.978447379e-07
709100000,0.002160624622,-0.001720779328,1.704546201e-06,-6.29303406e-07
709200000,0.001663064182,-0.002325894674,1.242447162e-06,-1.321580041e-06
709300000,0.0009478958049,-0.00264493004,5.212097135e-07,-1.734178439e-06
709400000,0.0001658453976,-0.002610969366,-3.069392071e-07,-1.781472825e-06
709500000,-0.0005184167614,-0.002231464009,-1.067857403e-06,-1.454784245e-06
709600000,-0.0009609531754,-0.001586597915,-1.6021039e-06,-8.239394486e-07
709700000,-0.001068840801,-0.0008123426946,-1.798345727e-06,-2.235093117e-08
709800000,-0.0008196858507,-7.178379725e-05,-1.616555898e-06,7.811949289e-07
709900000,-0.0002662733037,0.0004792346842,-1.096169566e-06,1.418076369e-06
710000000,0.0004746134749,0.0007249087993,-3.475381321e-07,1.755219062e-06
710100000,0.001246834157,0.000613814424,4.714684782e-07,1.722899096e-06
710200000,0.001887794145,0.000169672865,1.188751021e-06,1.329157814e-06
710300000,0.002262675435,-0.0005137105275,1.654142528e-06,6.578493562e-07
710400000,0.002292789884,-0.001292254748,1.770844393e-06,-1.492136057e-07
710500000,0.00197209266,-0.002001976232,1.515556569e-06,-9.222152182e-07
710600000,0.001368390439,-0.002493524683,9.431162865e-07,-1.499065846e-06
710700000,0.0006090029064,-0.002663608724,1.747247531e-07,-1.759388426e-06
710800000,-0.0001460912438,-0.002476698736,-6.277117679e-07,-1.649636061e-06
710900000,-0.0007379601442,-0.001972446108,-1.295694909e-06,-1.194100449e-06
711000000,-0.001042174555,-0.001257269067,-1.689514158e-06,-4.895492268e-07
711100000,-0.0009949702662,-0.0004818904256,-1.727465418e-06,3.153266581e-07
711200000,-0.0006066157198,0.0001904309562,-1.402797984e-06,1.051291054e-06
711300000,4.081733508e-05,0.0006182782356,-7.848756323e-07,1.564144935e-06
711400000,0.0008107958348,0.0007118247247,-4.361981601e-09,1.74703209e-06
711500000,0.001541114971,0.0004516947662,7.74406734e-07,1.562700332e-06
711600000,0.002078064621,-0.0001070220123,1.388020547e-06,1.051081219e-06
711700000,0.002308776498,-0.0008464339166,1.70828235e-06,3.206478014e-07
711800000,0.002184945635,-0.001610718789,1.668988605e-06,-4.745808467e-07
711900000,0.001732941127,-0.002238957565,1.279610122e-06,-1.167514034e-06
712000000,0.001048189618,-0.002599012153,6.230467986e-07,-1.613096112e-06
712100000,0.0002750268973,-0.002615315623,-1.620182568e-07,-1.718669681e-06
712200000,-0.0004237289281,-0.00228472966,-9.104099447e-07,-1.463240117e-06
712300000,-0.0009010685356,-0.001677140875,-1.465211607e-06,-9.016368238e-07
712400000,-0.001056724089,-0.0009206835718,-1.710664087e-06,-1.52749473e-07
712500000,-0.0008582341608,-0.0001747137225,-1.596316218e-06,6.256379895e-07
712600000,-0.0003477152081,0.0004037647939,-1.147388861e-06,1.270089094e-06
712700000,0.0003670723423,0.0006931476079,-4.592246918e-07,1.645829425e-06
712800000,0.001135467602,0.0006327948403,3.229573764e-07,1.674929843e-06
712900000,0.001795661695,0.000235739762,1.034704735e-06,1.352465312e-06
713000000,0.002208767427,-0.0004141214413,1.526905174e-06,7.472995578e-07
713100000,0.002288033389,-0.001179752865,1.697024125e-06,-1.261668259e-08
713200000,0.00201705819,-0.00189987143,1.510461666e-06,-7.672960635e-07
713300000,0.00145318076,-0.002422917923,1.007581403e-06,-1.358395366e-06
713400000,0.0007153455801,-0.00263895179,2.949851492e-07,-1.66243645e-06
713500000,-4.098988408e-05,-0.00250275753,-4.7708201e-07,-1.616597945e-06
713600000,-0.0006566124384,-0.002043305705,-1.146407702e-06,-1.231690899e-06
713700000,-0.001002072339,-0.001357588302,-1.572891504e-06,-5.896392722e-07
713800000,-0.001004906854,-0.0005901399138,-1.667868102e-06,1.739532351e-07
713900000,-0.0006648424709,9.743091012e-05,-1.412537426e-06,8.984410373e-07
714000000,-5.378655197e-05,0.0005604764249,-8.61671556e-07,1.431931685e-06
714100000,0.0006993752608,0.000701742448,-1.318706889e-07,1.663128969e-06
714200000,0.001435961075,0.0004917966028,6.23114808e-07,1.544548851e-06
714300000,0.002000921325,-2.483809663e-05,1.244773794e-06,1.102265997e-06
714400000,0.002275472189,-0.0007391217471,1.603112375e-06,4.301916349e-07
714500000,0.002202066284,-0.001500507342,1.623834492e-06,-3.298638372e-07
714600000,0.00179645183,-0.002148666942,1.303742323e-06,-1.018111408e-06
714700000,0.001144293129,-0.002547249061,7.111650292e-07,-1.490374662e-06
714800000,0.0003830766105,-0.002612559903,-2.862309629e-08,-1.648290389e-06
714900000,-0.000326876476,-0.00233113504,-7.598840891e-07,-1.459792897e-06
715000000,-0.0008361792154,-0.001762511587,-1.3292e-06,-9.656167223e-07
715100000,-0.001037816535,-0.001026629898,-1.617658038e-06,-2.705008712e-07
715200000,-0.0008896345072,-0.0002785307145,-1.565685514e-06,4.790075956e-07
715300000,-0.0004231550083,0.0003243136292,-1.185348308e-06,1.125447294e-06
715400000,0.0002631270217,0.0006551496029,-5.575748657e-07,1.533521225e-06
715500000,0.001024537817,0.0006445956924,1.850603832e-07,1.61841182e-06
715600000,0.001700719923,0.0002951944716,8.86332276e-07,1.36340696e-06
715700000,0.002149400409,-0.0003191877744,1.399227618e-06,8.231747568e-07
715800000,0.002276321919,-0.001068973363,1.616762877e-06,1.120488384e-07
715900000,0.002055040478,-0.001796198007,1.494297094e-06,-6.201665965e-07
716000000,0.001532431995,-0.002347786733,1.058686861e-06,-1.219752387e-06
716100000,0.0008187604736,-0.002607771835,4.024071546e-07,-1.561344006e-06
716200000,6.441138958e-05,-0.002521671909,-3.360771032e-07,-1.574141301e-06
716300000,-0.0005718008196,-0.002107906355,-1.001523068e-06,-1.256579201e-06
716400000,-0.0009560720034,-0.001453853207,-1.454543127e-06,-6.764202227e-07
716500000,-0.001007752772,-0.00069739354,-1.600799819e-06,4.370095535e-08
716600000,-0.0007162776592,2.159062752e-06,-1.41064801e-06,7.521979843e-07
716700000,-0.0001433253648,0.0004976140838,-9.251351666e-07,1.300440202e-06
716800000,0.0005902306055,0.0006848765323,-2.471471423e-07,1.573931058e-06
716900000,0.001329819381,0.0005248191464,4.803919746e-07,1.516217641e-06
717000000,0.001919739445,5.145934274e-05,1.104647312e-06,1.140538934e-06
717100000,0.002235933522,-0.0006352671463,1.494977684e-06,5.268103101e-07
717200000,0.00221207336,-0.001390600853,1.57027358e-06,-1.953729989e-07
717300000,0.001853470305,-0.002055469282,1.315808333e-06,-8.740992871e-07
717400000,0.00123589425,-0.002489983834,7.861021813e-07,-1.367093397e-06
717500000,0.0004895621897,-0.002602869696,9.324586813e-08,-1.571538753e-06
717600000,-0.0002283209015,-0.002370636919,-6.168165007e-07,-1.445517842e-06
717700000,-0.0007666786859,-0.001842465354,-1.195027551e-06,-1.016600658e-06
717800000,-0.001012360814,-0.001129787181,-1.520505287e-06,-3.758226985e-07
717900000,-0.000913927823,-0.0003827736507,-1.525812844e-06,3.416340511e-07
718000000,-0.0004924234674,0.0002413118191,-1.210927286e-06,9.849579643e-07
718100000,0.0001631210904,0.0006112243003,-6.430147424e-07,1.419407174e-06
718200000,0.0009144902152,0.0006493403401,5.789256526e-08,1.554528914e-06
718300000,0.001603422198,0.0003479484007,7.442638688e-07,1.362989143e-06
718400000,0.002084940227,-0.0002291912254,1.272121235e-06,8.860932558e-07
718500000,0.002257856819,-0.0009603315607,1.531239638e-06,2.248847561e-07
718600000,0.002086034091,-0.001691417328,1.468161474e-06,-4.812611194e-07
718700000,0.001605933222,-0.002268541329,1.097220652e-06,-1.084014343e-06
718800000,0.0009188757312,-0.002570341575,4.973038324e-07,-1.45724602e-06
718900000,0.0001696581933,-0.002533519758,-2.049229844e-07,-1.523419509e-06
719000000,-0.0004839664793,-0.002166114852,-8.617566885e-07,-1.269695091e-06
719100000,-0.0009045086833,-0.001545747685,-1.335522594e-06,-7.504038345e-07
719200000,-0.001003666648,-0.0008032190074,-1.527429788e-06,-7.541799595e-08
719300000,-0.0007608701709,-9.492718428e-05,-1.39816885e-06,6.130936741e-07
719400000,-0.0002275492098,0.0004300774142,-9.759578643e-07,1.170608495e-06
719500000,0.0004837577416,0.0006614607493,-3.503911293e-07,1.480584365e-06
719600000,0.00122314825,0.000550794668,3.465703037e-07,1.478819516e-06
719700000,0.001834943259,0.000121694469,9.68433527e-07,1.166746245e-06
719800000,0.002190461372,-0.0005352168478,1.384963201e-06,6.109067774e-07
719900000,0.002215081067,-0.001281443791,1.50945462e-06,-7.123168827e-08
720000000,0.001903900167,-0.001959813109,1.316779454e-06,-7.360996493e-07
720100000,0.001322706454,-0.002427574593,8.48448891e-07,-1.244240696e-06
720200000,0.0005940674256,-0.002586437369,2.036759639e-07,-1.489560891e-06
720300000,-0.0001285203754,-0.002403221519,-4.816397664e-07,-1.421477765e-06
720400000,-0.0006929705947,-0.001916785305,-1.063554209e-06,-1.055345393e-06
720500000,-0.0009806211285,-0.001229781266,-1.420311228e-06,-4.690079094e-07
720600000,-0.0009311833726,-0.0004869899853,-1.477816244e-06,2.137480987e-07
720700000,-0.0005553805144,0.0001551949733,-1.225021814e-06,8.493253357e-07
720800000,6.737426698e-05,0.0005616986939,-7.160310597e-07,1.304515593e-06
720900000,0.0008057566784,0.0006471784279,-5.852279087e-08,1.484416639e-06
721000000,0.001504221525,0.0003939425063,6.090261958e-07,1.35221592e-06
721100000,0.002015765593,-0.0001443869023,1.14650386e-06,9.367174094e-07
721200000,0.002232862821,-0.000854224741,1.441569455e-06,3.260738956e-07
721300000,0.002110062563,-0.001585985073,1.433132405e-06,-3.509130627e-07
721400000,0.001673501968,-0.002185599777,1.123996922e-06,-9.519591876e-07
721500000,0.001015341435,-0.002526953446,5.800559334e-07,-1.351200198e-06
721600000,0.0002743069571,-0.002538406394,-8.375071763e-08,-1.465547118e-06
721700000,-0.0003935531871,-0.002217827351,-7.277221915e-07,-1.271975882e-06
721800000,-0.0008477329305,-0.001632980749,-1.216795682e-06,-8.121540999e-07
721900000,-0.0009928321036,-0.0009071995877,-1.448872063e-06,-1.834772132e-07
722000000,-0.0007985981987,-0.0001933731902,-1.376127994e-06,4.815586779e-07
722100000,-0.0003062356347,0.0003582632357,-1.014866254e-06,1.043279224e-06
722200000,0.000380332742,0.0006317506196,-4.41876365e-07,1.384165404e-06
722300000,0.001116398051,0.0005697837305,2.218848608e-07,1.433438142e-06
722400000,0.001746962529,0.0001857203182,8.368252198e-07,1.181751321e-06
722500000,0.00213937441,-0.0004392942116,1.274072478e-06,6.829437246e-07
722600000,0.002211229962,-0.001173467669,1.442480287e-06,4.252635631e-08
722700000,0.00194767439,-0.00186214713,1.307625751e-06,-6.046338837e-07
722800000,0.001404469387,-0.002360392729,8.988395014e-07,-1.122714521e-06
722900000,0.0006961935935,-0.002563478843,3.028338457e-07,-1.403441618e-06
723000000,-2.792794921e-05,-0.002428903934,-3.546882944e-07,-1.388716049e-06
723100000,-0.000615466904,-0.001985282674,-9.355435584e-07,-1.082634075e-06
723200000,-0.0009428816648,-0.001326259423,-1.31810692e-06,-5.504159617e-07
723300000,-0.000941497859,-0.0005907374069,-1.42277697e-06,9.548795358e-08
723400000,-0.0006119151863,6.640180179e-05,-1.228536281e-06,7.191545922e-07
723500000,-2.381837692e-05,0.0005069155482,-7.771621548e-07,1.189790045e-06
723600000,0.0006987540885,0.0006382847098,-1.642462563e-07,1.409157776e-06
723700000,0.001403568704,0.0004331468997,4.81047531e-07,1.332081598e-06
723800000,0.001942266271,-6.500285563e-05,1.02320107e-06,9.757447024e-07
723900000,0.002201586619,-0.0007510309216,1.348800607e-06,4.15871569e-07
724000000,0.002127177676,-0.001480349496,1.390260131e-06,-2.293613535e-07
724100000,0.001734984333,-0.002099386115,1.139847484e-06,-8.242682612e-07
724200000,0.001107830556,-0.002477917991,6.511030305e-07,-1.244185807e-06
724300000,0.0003779264979,-0.002536463547,2.739612987e-08,-1.401594805e-06
724400000,-0.0003010054285,-0.002262969161,-5.999354923e-07,-1.264358676e-06
724500000,-0.0007861089539,-0.001715287161,-1.099240778e-06,-8.622783518e-07
724600000,-0.0009754564729,-0.001008935483,-1.36618194e-06,-2.806279418e-07
724700000,-0.0008294687004,-0.0002927288669,-1.345535592e-06,3.579280187e-07
724800000,-0.0003791899443,0.000282577141,-1.042613515e-06,9.19201716e-07
724900000,0.0002803107742,0.0005960219042,-5.219418877e-07,1.285679148e-06
725000000,0.001010009494,0.0005818743335,1.064804805e-07,1.381122374e-06
725100000,0.00165623063,0.0002434187765,7.104190513e-07,1.186426649e-06
725200000,0.002083007422,-0.0003477984088,1.163227255e-06,7.434347904e-07
725300000,0.002200685816,-0.001067089561,1.370402863e-06,1.45949363e-07
725400000,0.001984754945,-0.001762918398,1.289308786e-06,-4.801277034e-07
725500000,0.00148094937,-0.002288821102,9.379433857e-07,-1.003323572e-06
725600000,0.0007955607014,-0.002534232207,3.909572285e-07,-1.314201612e-06
725700000,7.301018008e-05,-0.002447727449,-2.362044357e-07,-1.348250442e-06
725800000,-0.0005345860329,-0.002047796966,-8.116655207e-07,-1.099267957e-06
725900000,-0.0008994450078,-0.00141889132,-1.214847815e-06,-6.204642173e-07
726000000,-0.0009449944408,-0.00069358542,-1.361734533e-06,-1.309358272e-08
726100000,-0.0006619454548,-2.462773958e-05,-1.222375826e-06,5.949560126e-07
726200000,-0.0001101870892,0.0004472316624,-8.269893204e-07,1.076089643e-06
726300000,0.0005938829513,0.0006228577978,-2.594143994e-07,1.329778801e-06
726400000,0.001301910545,0.0004655603417,3.606631694e-07,1.303564042e-06
726500000,0.001864841249,8.760269209e-06,9.02948052e-07,1.003899353e-06
726600000,0.002164295393,-0.000651107729,1.253912532e-06,4.945972393e-07
726700000,0.00213745864,-0.001374949764,1.340561973e-06,-1.16756939e-07
726800000,0.001790255011,-0.002010328501,1.145613932e-06,-7.015296384e-07
726900000,0.001196039795,-0.002423562199,7.109349893e-07,-1.137103151e-06
727000000,0.0004800995108,-0.002527848254,1.285540967e-07,-1.332585114e-06
727100000,-0.0002067665773,-0.002301494418,-4.788194977e-07,-1.24777326e-06
727200000,-0.0007200128408,-0.001792427962,-9.836499191e-07,-9.014188258e-07
727300000,-0.0009517694473,-0.001108045093,-1.280353119e-06,-3.670910773e-07
727400000,-0.0008535167522,-0.0003925504161,-1.307377796e-06,2.424470553e-07
727500000,-0.0004462453981,0.000203431654,-1.059971339e-06,7.990345046e-07
727600000,0.0001840251011,0.0005545690455,-5.909837211e-07,1.186057703e-06
727700000,0.0009044120404,0.0005871809654,4.186270722e-10,1.322881358e-06
727800000,0.001563182708,0.0002947004424,5.897195144e-07,1.18164639e-06
727900000,0.002021709598,-0.0002610037223,1.053267673e-06,7.929361666e-07
728000000,0.002183638396,-0.000962710715,1.294220692e-06,2.391599285e-07
728100000,0.002015132329,-0.001662570523,1.262775067e-06,-3.629163527e-07
728200000,0.001551939774,-0.002213252235,9.664567702e-07,-8.867890228e-07
728300000,0.0008918086361,-0.00249895627,4.683468139e-07,-1.222795321e-06
728400000,0.0001738563421,-0.002459762754,-1.263447651e-07,-1.301067581e-06
728500000,-0.0004507510128,-0.002104196007,-6.924995286e-07,-1.106058717e-06
728600000,-0.0008506305119,-0.001507369891,-1.111413167e-06,-6.796196624e-07
728700000,-0.000941821661,-0.0007951168469,-1.295682477e-06,-1.120219881e-07
728800000,-0.0007054179398,-0.0001174542695,-1.207439404e-06,4.771494662e-07
728900000,-0.0001914879941,0.0003830161141,-8.661285997e-07,9.64189975e-07
729000000,0.0004915261138,0.0006011188394,-3.442320446e-07,1.247247052e-06
729100000,0.00119968813,0.0004912096325,2.481210828e-07,1.267618693e-06
729200000,0.001783896908,7.672946209e-05,7.863919918e-07,1.021924449e-06
729300000,0.00212127528,-0.0005547913767,1.157814456e-06,5.626264345e-07
729400000,0.002141011177,-0.001270214358,1.285017508e-06,-1.316940003e-08
729500000,0.001839217178,-0.001918857373,1.142140393e-06,-5.84241888e-07
729600000,0.001279690313,-0.00236422782,7.600838089e-07,-1.030773699e-06
729700000,0.0005804239729,-0.002512741671,2.198324852e-07,-1.259488929e-06
729800000,-0.0001112771112,-0.002333385655,-3.647090953e-07,-1.223135686e-06
729900000,-0.0006498307686,-0.001864190881,-8.707303925e-07,-9.302447015e-07
730000000,-0.0009220216582,-0.001204166178,-1.192315594e-06,-4.431493439e-07
730100000,-0.0008708048025,-0.0004924020042,-1.262611389e-06,1.352775285e-07
730200000,-0.0005072632906,0.0001212443983,-1.06772243e-06,6.833483369e-07
730300000,9.17861908e-05,0.0005077035656,-6.494468375e-07,1.086159657e-06
730400000,0.0008000223938,0.0005858435676,-9.631571774e-08,1.259680369e-06
730500000,0.001468253864,0.0003395043755,4.751432278e-07,1.16827958e-06
730600000,0.001955842799,-0.0001791589607,9.449530887e-07,8.320386189e-07
730700000,0.002160300178,-0.000860715254,1.21487535e-06,3.223475265e-07
730800000,0.002038824999,-0.001561541941,1.228950181e-06,-2.532500396e-07
730900000,0.001617261284,-0.002134086502,9.850950775e-07,-7.73746756e-07
731000000,0.0009845982066,-0.002457929058,5.353584482e-07,-1.130109548e-06
731100000,0.0002741829962,-0.002465107073,-2.51864575e-08,-1.248118243e-06
731200000,-0.0003643876622,-0.002154375868,-5.785381047e-07,-1.103821368e-06
731300000,-0.0007967726376,-0.001591412089,-1.008606076e-06,-7.283909833e-07
731400000,-0.0009321522973,-0.0008949292446,-1.225564887e-06,-2.013939214e-07
731500000,-0.0007423075129,-0.0002116407622,-1.184613495e-06,3.66069198e-07
731600000,-0.0002675035332,0.0003146484899,-8.952230404e-07,8.547845786e-07
731700000,0.0003920475802,0.0005733101321,-4.189646959e-07,1.162468596e-06
731800000,0.001097335131,0.0005101489016,1.435877366e-07,1.225173286e-06
731900000,0.001699845213,0.0001387594621,6.740949177e-07,1.030574642e-06
732000000,0.002072829798,-0.000462395752,1.061344681e-06,6.203829492e-07
732100000,0.002137966529,-0.001166559549,1.22456445e-06,8.140640007e-08
732200000,0.001881802282,-0.00182540365,1.13026688e-06,-4.728181797e-07
732300000,0.001358528339,-0.002300269656,7.991158647e-07,-9.25940796e-07
732400000,0.0006785144572,-0.002491347824,3.014061125e-07,-1.183222657e-06
732500000,-1.497287545e-05,-0.002358653265,-2.578563743e-07,-1.191342528e-06
732600000,-0.000575957211,-0.001930390631,-7.611068358e-07,-9.494446426e-07
732700000,-0.0008864832052,-0.001296956924,-1.102934201e-06,-5.091396928e-07
732800000,-0.0008814218306,-0.0005918573716,-1.212159104e-06,3.650370669e-08
732900000,-0.0005621329177,3.64362825e-05,-1.066653587e-06,5.726295796e-07
733000000,3.880937066e-06,0.0004557524279,-6.978174612e-07,9.867700405e-07
733100000,0.00069724307,0.0005780264181,-1.838071957e-07,1.192437346e-06
733200000,0.001371877378,0.0003777977358,3.670235226e-07,1.147183987e-06
733300000,0.001885779804,-0.0001024869878,8.389634311e-07,8.613599495e-07
733400000,0.002130904985,-0.0007614689715,1.1332495e-06,3.957611702e-07
733500000,0.002055878686,-0.001460264229,1.188733609e-06,-1.512995357e-07
733600000,0.001676762044,-0.002051730325,9.945857986e-07,-6.64750059e-07
733700000,0.001073612081,-0.002411446272,5.923955563e-07,-1.036962686e-06
733800000,0.0003735742607,-0.002463883189,6.726629576e-08,-1.190313284e-06
733900000,-0.0002759227874,-0.002198260691,-4.701907859e-07,-1.093367774e-06
734000000,-0.0007382192617,-0.001670759526,-9.071540991e-07,-7.673210238e-07
734100000,-0.0009161821368,-0.0009926362327,-1.152273586e-06,-2.813702112e-07
734200000,-0.0007726167955,-0.0003067542823,-1.154766474e-06,2.619688402e-07
734300000,-0.0003380427907,0.0002425171098,-9.149354274e-07,7.48486908e-07
734400000,0.0002957914277,0.0005396936804,-4.839311677e-07,1.076286751e-06
734500000,0.0009952762003,0.0005224588009,4.715401492e-08,1.177123252e-06
734600000,0.001613101901,0.0001947327569,5.665369417e-07,1.030609392e-06
734700000,0.002019278232,-0.000374211611,9.652704684e-07,6.683313691e-07
734800000,0.002128480364,-0.001064387966,1.160095226e-06,1.670436877e-07
734900000,0.001917969715,-0.001730396949,1.110823284e-06,-3.675906768e-07
735000000,0.001432325674,-0.002232053824,8.286245735e-07,-8.232709091e-07
735100000,0.0007740033516,-0.002463892276,3.735082049e-07,-1.104646069e-06
735200000,8.171659863e-05,-0.002377334859,-1.584360118e-07,-1.153265783e-06
735300000,-0.0004987931492,-0.001990869086,-6.553237813e-07,-9.597198473e-07
735400000,-0.0008454421353,-0.001386096904,-1.013007799e-06,-5.654459606e-07
735500000,-0.0008854824152,-0.0006905013692,-1.156905619e-06,-5.386142218e-08
735600000,-0.0006107714298,-5.057028978e-05,-1.057549369e-06,4.672839653e-07
735700000,-7.942800911e-05,0.0003990563707,-7.366157363e-07,8.886008484e-07
735800000,0.0005964610554,0.0005639169392,-2.622032901e-07,1.122020091e-06
735900000,0.001274482975,0.0004095753164,2.656152544e-07,1.119200586e-06
736000000,0.001811902553,-3.118436721e-05,7.3590104e-07,8.815379204e-07
736100000,0.00209570658,-0.0006653182306,1.050165382e-06,4.597022707e-07
736200000,0.002066365635,-0.001359160487,1.142994197e-06,-5.716188279e-08
736300000,0.001730317693,-0.001966594384,9.956619009e-07,-5.602727028e-07
736400000,0.001158555614,-0.002359819692,6.399018827e-07,-9.441045306e-07
736500000,0.0004716273631,-0.002456238403,1.51075884e-07,-1.12852024e-06
736600000,-0.0001857824167,-0.002235802393,-3.677883285e-07,-1.07550076e-06
736700000,-0.0006753299686,-0.001745179004,-8.077103893e-07,-7.969796501e-07
736800000,-0.0008941286837,-0.001087868729,-1.076645957e-06,-3.521689753e-07
736900000,-0.0007963755544,-0.000402367667,-1.118743611e-06,1.65026594e-07
737000000,-0.0004029417047,0.0001670172524,-9.259415096e-07,6.458327361e-07
737100000,0.0002030808256,0.0005005497037,-5.394964635e-07,9.894812103e-07
737200000,0.0008939254258,0.0005282456089,-4.115880664e-08,1.124327756e-06
737300000,0.001524084706,0.0002445594704,4.641198353e-07,1.022786774e-06
737400000,0.001960953993,-0.0002905058843,8.702884771e-07,7.069699447e-07
737500000,0.002112731624,-0.0009640872338,1.092454184e-06,2.438772191e-07
737600000,0.00194770638,-0.001634263865,1.084623956e-06,-2.688151551e-07
737700000,0.001500880075,-0.002159956022,8.492235033e-07,-7.233553394e-07
737800000,0.0008665419811,-0.002430620749,4.364234766e-07,-1.024560767e-06
737900000,0.0001783697156,-0.002389494533,-6.655077008e-08,-1.109748421e-06
738000000,-0.0004187442923,-0.002045495347,-5.53848582e-07,-9.617776164e-07
738100000,-0.0007992028817,-0.001471287929,-9.232690128e-07,-6.124918204e-07
738200000,-0.0008831257189,-0.0007879314188,-1.09769419e-06,-1.358699648e-07
738300000,-0.0006531235755,-0.0001393531798,-1.041186331e-06,3.676406201e-07
738400000,-0.0001579027961,0.0003379682194,-7.663887862e-07,7.922920727e-07
738500000,0.0004980465551,0.0005437244368,-3.317076637e-07,1.049244102e-06
738600000,0.001176495147,0.000434858975,1.710997858e-07,1.085148649e-06
738700000,0.00173460039,3.457888085e-05,6.362929319e-07,8.932236484e-07
738800000,0.0020549772,-0.0005725889607,9.663838938e-07,5.145177274e-07
738900000,0.002070383734,-0.001258643789,1.092566256e-06,2.913384378e-08
739000000,0.001777831283,-0.001879091841,9.890557797e-07,-4.607123532e-07
739100000,0.001239157571,-0.002303375562,6.78354564e-07,-8.522166307e-07
739200000,0.000567954008,-0.002442343402,2.263649322e-07,-1.063560554e-06
739300000,-9.439007434e-05,-0.002266980275,-2.71587142e-07,-1.051008812e-06
739400000,-0.0006084743285,-0.00181446293,-7.108552901e-07,-8.179570391e-07
739500000,-0.0008662298057,-0.001180276092,-9.994633926e-07,-4.140589133e-07
739600000,-0.0008136400009,-0.0004980611509,-1.077362684e-06,7.535052537e-08
739700000,-0.0004620631651,8.854938961e-05,-9.289237221e-07,5.472829317e-07
739800000,0.0001142171586,0.0004561751005,-5.860649311e-07,9.027677307e-07
739900000,0.0007936848606,0.0005276402477,-1.21393086e-07,1.067606375e-06
740000000,0.001433211602,0.0002881771401,3.671708848e-07,1.007857844e-06
740100000,0.001898202949,-0.0002115210926,7.770256954e-07,7.368238397e-07
740200000,0.002090921293,-0.0008660287085,1.022435421e-06,3.120968326e-07
740300000,0.00197102616,-0.001537426286,1.052462893e-06,-1.76675794e-07
740400000,0.001564015531,-0.002084359785,8.615399342e-07,-6.267123587e-07
740500000,0.0009558016308,-0.002391797684,4.904814281e-07,-9.437092153e-07
740600000,0.0002745743718,-0.002395222037,1.776294266e-08,-1.061600533e-06
740700000,-0.0003362193157,-0.0020941657,-4.570746655e-07,-9.563254433e-07
740800000,-0.0007480846676,-0.001552254794,-8.343845134e-07,-6.507340515e-07
740900000,-0.0008745143939,-0.0008837588932,-1.035323898e-06,-2.096329885e-07
741000000,-0.0006891613395,-0.0002294922359,-1.018327829e-06,2.739563161e-07
741100000,-0.0002313308166,0.0002728511839,-7.877041783e-07,6.984131872e-07
741200000,0.0004023518355,0.0005176787763,-3.925736603e-07,9.748709852e-07
741300000,0.00107833152,0.0004536969667,8.359008793e-08,1.045821442e-06
741400000,0.001654268308,9.465940882e-05,5.405934365e-07,8.970754832e-07
741500000,0.002009006046,-0.0004835857592,8.826042201e-07,5.605932837e-07
741600000,0.002068055568,-0.001159115709,1.038246268e-06,1.076207647e-07
741700000,0.001819233093,-0.001789636601,9.754937442e-07,-3.663942593e-07
741800000,0.001315170734,-0.002242452946,7.082575638e-07,-7.61913131e-07
741900000,0.000662181658,-0.002422391062,2.93310061e-07,-9.96207404e-07
742000000,-2.165099136e-06,-0.002291800515,-1.817738944e-07,-1.020661349e-06
742100000,-0.0005380301714,-0.001878429617,-6.17098348e-07,-8.308574067e-07
742200000,-0.0008327423253,-0.00126952716,-9.214502875e-07,-4.673528079e-07
742300000,-0.0008244919964,-0.0005934239267,-1.031410195e-06,-7.016072855e-09
742400000,-0.000515297001,7.517435252e-06,-9.245654154e-07,4.532265633e-07
742500000,2.947925719e-05,0.0004068818768,-6.240737231e-07,8.167983317e-07
742600000,0.0006949431332,0.0005207972222,-1.936488835e-07,1.007736359e-06
742700000,0.00134089909,0.0003255503892,2.759469686e-07,9.865615533e-07
742800000,0.001831381743,-0.0001374748742,6.860408192e-07,7.584387691e-07
742900000,0.002063271102,-0.0007705663047,9.507811786e-07,3.719411515e-07
743000000,0.001987969281,-0.001440299763,1.0151095e-06,-9.12900886e-08
743100000,0.00162158242,-0.002005654744,8.662088869e-07,-5.337897093e-07
743200000,0.001041474466,-0.002347704762,5.360498963e-07,-8.627743218e-07
743300000,0.0003699294412,-0.002394631859,9.452950155e-08,-1.009596083e-06
743400000,-0.0002516281243,-0.002136803454,-3.653250619e-07,-9.440656234e-07
743500000,-0.0006924198833,-0.001628745915,-7.469557632e-07,-6.80656152e-07
743600000,-0.000859833415,-0.0009776104098,-9.705474761e-07,-2.753144807e-07
743700000,-0.0007188834767,-0.0003205709725,-9.897193904e-07,1.864198985e-07
743800000,-0.0002995250407,0.0002040771492,-8.011438128e-07,6.074650381e-07
743900000,0.0003097101625,0.0004860290028,-4.450980024e-07,8.996074228e-07
744000000,0.0009804012957,0.000466163184,3.135909272e-09,1.001982485e-06
744100000,0.001571305212,0.0001489405612,4.491871518e-07,8.937533692e-07
744200000,0.001958097732,-0.0003985910976,7.994639591e-07,5.983471738e-07
744300000,0.002059527393,-0.001060964911,9.807901705e-07,1.783884636e-07
744400000,0.001854480329,-0.001698641592,9.556910387e-07,-2.775751659e-07
744500000,0.001386372407,-0.002177402062,7.301354785e-07,-6.737420456e-07
744600000,0.0007539547243,-0.002396595184,3.521357858e-07,-9.271840825e-07
744700000,9.04789845e-05,-0.002310295572,-9.847024189e-08,-9.852045634e-07
744800000,-0.0004643818622,-0.00193692348,-5.268806802e-07,-8.362931805e-07
744900000,-0.0007939405637,-0.001355311194,-8.432735642e-07,-5.124012633e-07
745000000,-0.0008290381708,-0.0006880556384,-9.816381485e-07,-8.208930204e-08
745100000,-0.0005625598585,-7.567298331e-05,-9.135455832e-07,3.639842703e-07
745200000,-5.08772658e-05,0.0003529955457,-6.539865858e-07,7.3216196e-07
745300000,0.0005980741399,0.0005078934842,-2.580781169e-07,9.454504576e-07
745400000,0.001247560516,0.0003566704943,1.906388134e-07,9.596201993e-07
745500000,0.001760856101,-6.85596218e-05,5.978260268e-07,7.723750442e-07
745600000,0.00203002218,-0.000678035414,8.781807789e-07,4.236914727e-07
745700000,0.001998601589,-0.001343291943,9.733049174e-07,-1.271383351e-08
745800000,0.001673457564,-0.001924234899,8.638676172e-07,-4.449674196e-07
745900000,0.001123274351,-0.002298639377,5.735288815e-07,-7.823794941e-07
746000000,0.0004640461859,-0.002387862231,1.638285236e-07,-9.544702079e-07
746100000,-0.0001653801451,-0.002173358685,-2.788561527e-07,-9.25690378e-07
746200000,-0.000632552443,-0.001700533859,-6.615201969e-07,-7.027623128e-07
746300000,-0.0008392888461,-0.001069129038,-9.04069672e-07,-3.331254405e-07
746400000,-0.0007423149478,-0.0004121781995,-9.560846188e-07,1.051568376e-07
746500000,-0.000362324239,0.0001320249664,-8.072982383e-07,5.198820873e-07
746600000,0.0002204348388,0.0004490419119,-4.896147138e-07,8.241046449e-07
746700000,0.0008831037458,0.0004723563084,-7.027102989e-08,9.543623793e-07
746800000,0.001486112196,0.0001973322852,3.623921682e-07,8.839136926e-07
746900000,0.001902570716,-0.0003178646335,7.175397087e-07,6.28224083e-07
747000000,0.002044968027,-0.000964565839,9.209111907e-07,2.415773313e-07
747100000,0.001883556732,-0.0016065171,9.30347384e-07,-1.944473989e-07
747200000,0.001452564805,-0.002108582608,7.445277367e-07,-5.881869243e-07
747300000,0.0008429356646,-0.00236518917,4.031085922e-07,-8.571628983e-07
747400000,0.000183136039,-0.002322523498,-2.173763213e-08,-9.453577968e-07
747500000,-0.0003879185854,-0.001989815117,-4.40577655e-07,-8.34879625e-07
747600000,-0.0007501148435,-0.001437338723,-7.655426708e-07,-5.495867105e-07
747700000,-0.0008274089585,-0.0007815678009,-9.287613851e-07,-1.499393016e-07
747800000,-0.0006037949724,-0.0001606162256,-8.965340906e-07,2.798118582e-07
747900000,-0.00012662057,0.0002948535047,-6.762879944e-07,6.493855744e-07
748000000,0.0005034358237,0.0004891272293,-3.148788389e-07,8.814352782e-07
748100000,0.001153604448,0.0003815548548,1.113753729e-07,9.277354118e-07
748200000,0.001686999138,-4.942230462e-06,5.12809103e-07,7.792020306e-07
748300000,0.001991433648,-0.0005887519231,8.052700485e-07,4.676658701e-07
748400000,0.002003013731,-0.001246801062,9.277588794e-07,5.905386409e-08
748500000,0.001719544167,-0.00184049691,8.551505795e-07,-3.605608835e-07
748600000,0.001200937557,-0.002244913082,6.033446778e-07,-7.030891506e-07
748700000,0.0005565495878,-0.002375074057,2.257893944e-07,-8.969170605e-07
748800000,-7.788265771e-05,-0.00220380787,-1.978615979e-07,-9.01877485e-07
748900000,-0.0005688361286,-0.00176741576,-5.785527789e-07,-7.175717648e-07
749000000,-0.0008131065465,-0.001157975413,-8.365461273e-07,-3.833181338e-07
749100000,-0.0007595062601,-0.0005039095972,-9.181216323e-07,3.023385909e-08
749200000,-0.0004195930961,5.707874963e-05,-8.067614076e-07,4.360349624e-07
749300000,0.0001348183424,0.0004070005774,-5.264892969e-07,7.489583691e-07
749400000,0.0007868267881,0.0004723988785,-1.366918629e-07,9.036561558e-07
749500000,0.001399090854,0.000239770935,2.804635127e-07,8.682046106e-07
749600000,0.001842755689,-0.0002416426296,6.373480616e-07,6.506894403e-07
749700000,0.002024567679,-0.0008702774743,8.592781895e-07,2.973730233e-07
749800000,0.001906472077,-0.001513669132,9.001430333e-07,-1.171430817e-07
749900000,0.001513575335,-0.002036362084,7.519831956e-07,-5.056688595e-07
750000000,0.0009288059844,-0.002328424652,4.465312135e-07,-7.867645628e-07
750100000,0.0002754088238,-0.002328567148,4.841785644e-08,-9.018104463e-07
750200000,-0.0003090326453,-0.002037001284,-3.58501833e-07,-8.2722992e-07
750300000,-0.0007015699564,-0.00151534227,-6.888100169e-07,-5.793176988e-07
750400000,-0.000819757557,-0.0008735851428,-8.734554227e-07,-2.106849558e-07
750500000,-0.000638971835,-0.0002469083036,-8.741873899e-07,2.009040673e-07
750600000,-0.0001975430348,0.0002328033984,-6.914776477e-07,5.689356053e-07
750700000,0.0004113690433,0.0004647166322,-3.642896676e-07,8.16330136e-07
750800000,0.001059433093,0.0004002463671,3.822829178e-08,8.915846428e-07
750900000,0.001610189668,5.323604683e-05,4.313558626e-07,7.79493027e-07
751000000,0.001947781176,-0.0005030113303,7.326312052e-07,5.042135401e-07
751100000,0.00200132026,-0.001151214511,8.791470925e-07,1.240655839e-07
751200000,0.001759771657,-0.001754838413,8.406848551e-07,-2.808241599e-07
751300000,0.001274223376,-0.002186850011,6.259443165e-07,-6.254096293e-07
751400000,0.0006470795973,-0.002356449766,2.805859025e-07,-8.375881449e-07
751500000,1.046083292e-05,-0.002228153423,-1.224763899e-07,-8.732864043e-07
751600000,-0.0005016329271,-0.001829213636,-4.984679019e-07,-7.256135112e-07
751700000,-0.0007815308229,-0.001243828757,-7.685827235e-07,-4.261805423e-07
751800000,-0.0007705327178,-0.0005953692312,-8.765000063e-07,-3.833638745e-08
751900000,-0.0004712222166,-2.037381321e-05,-8.001258648e-07,3.56233265e-07
752000000,5.31315667e-05,0.0003602028434,-5.561131855e-07,6.74709168e-07
752100000,0.0006919456318,0.0004664362806,-1.962354562e-07,8.505211331e-07
752200000,0.001310641616,0.000276218973,2.035967669e-07,8.472618539e-07
752300000,0.001778993962,-0.000170137479,5.593469676e-07,6.662240566e-07
752400000,0.001998536714,-0.0007784421934,7.965144915e-07,3.460010626e-07
752500000,0.001923261581,-0.001420497846,8.657353195e-07,-4.573843387e-08
752600000,0.001569256772,-0.001961114115,7.530551412e-07,-4.265487904e-07
752700000,0.001011267142,-0.002286570065,4.827371394e-07,-7.165580223e-07
752800000,0.0003669104385,-0.002328533316,1.120406851e-07,-8.552193646e-07
752900000,-0.0002281177875,-0.002078404761,-2.809061273e-07,-8.139506871e-07
753000000,-0.0006486236047,-0.001589076995,-6.135718015e-07,-6.020234924e-07
753100000,-0.0008062588153,-0.0009637468676,-8.16354793e-07,-2.64488697e-07
753200000,-0.0006680857642,-0.0003341485064,-8.471447193e-07,1.273984734e-07
753300000,-0.0002634615992,0.0001672014726,-7.000653308e-07,4.912197438e-07
753400000,0.0003221965339,0.0004348985265,-4.065844024e-07,7.507263646e-07
753500000,0.0009654407837,0.0004128127072,-2.878359111e-08,8.518181531e-07
753600000,0.001530810527,0.0001058596358,3.537728318e-07,7.738205654e-07
753700000,0.001899355496,-0.0004210879638,6.607931575e-07,5.337094068e-07
753800000,0.001993658652,-0.001056907474,8.281091002e-07,1.824206402e-07
753900000,0.001794095417,-0.001667656357,8.210860408e-07,-2.059534455e-07
754000000,0.001342914615,-0.002124785277,6.417903477e-07,-5.4979046e-07
754100000,0.0007352922952,-0.002332192108,3.284310088e-07,-7.77091128e-07
754200000,9.925217444e-05,-0.002246423131,-5.278099555e-08,-8.405548841e-07
754300000,-0.0004313113692,-0.001885774586,-4.216215745e-07,-7.274214497e-07
754400000,-0.0007448230344,-0.001326387804,-7.007353642e-07,-4.620310312e-07
754500000,-0.0007754935871,-0.0006861710014,-8.318582033e-07,-1.005906615e-07
754600000,-0.0005171280258,-9.994312968e-05,-7.879783716e-07,2.807285949e-07
754700000,-2.437683601e-05,0.000308959787,-5.788984858e-07,6.018432201e-07
754800000,0.0005988215049,0.0004546356669,-2.490533783e-07,7.955752466e-07
754900000,0.001221162127,0.000306664571,1.319318188e-07,8.217049942e-07
755000000,0.001711635836,-0.0001035373382,4.839374223e-07,6.753191193e-07
755100000,0.001967104359,-0.00068938471,7.331971625e-07,3.877216158e-07
755200000,0.001933985217,-0.001327396023,8.27755683e-07,1.974188335e-08
755300000,0.001619487327,-0.001883216787,7.482966984e-07,-3.511300603e-07
755400000,0.001090041351,-0.002239909189,5.120853747e-07,-6.470606964e-07
755500000,0.0004572656943,-0.002322551789,1.692210646e-07,-8.062067394e-07
755600000,-0.0001455675497,-0.002113974121,-2.07987135e-07,-7.956379614e-07
755700000,-0.000591604821,-0.001658321213,-5.402691976e-07,-6.181489873e-07
755800000,-0.0007871080556,-0.00105170783,-7.580518316e-07,-3.115514373e-07
755900000,-0.0006911573767,-0.0004219409787,-8.160247625e-07,5.937947747e-08
756000000,-0.0003242179945,9.841092704e-05,-7.025661588e-07,4.165890198e-07
756100000,0.0002362219642,0.0003999270355,-4.42066846e-07,6.851670512e-07
756200000,0.0008720125218,0.0004193455281,-8.968973574e-08,8.090564682e-07
756300000,0.001449246912,0.0001528385726,2.803101409e-07,7.627521312e-07
756400000,0.001846460887,-0.000343234301,5.902321844e-07,5.56549011e-07
756500000,0.001980188258,-0.0009642416412,7.752466136e-07,2.342602127e-07
756600000,0.001822496415,-0.001579345395,7.969545842e-07,-1.360906811e-07
756700000,0.001406817994,-0.002059063359,6.513559597e-07,-4.766259527e-07
756800000,0.0008208609656,-0.002302522889,3.695717782e-07,-7.159890843e-07
756900000,0.0001881000917,-0.002258669507,1.119445283e-08,-8.042960293e-07
757000000,-0.0003582448747,-0.001936970892,-3.483138587e-07,-7.235298872e-07
757100000,-0.0007032601562,-0.001405371625,-6.335101544e-07,-4.912132557e-07
757200000,-0.0007745111806,-0.0007759400225,-7.848014651e-07,-1.566105016e-07
757300000,-0.0005572525667,-0.0001812393457,-7.7089596e-07,2.097177473e-07
757400000,-9.748100688e-05,0.0002535941584,-5.952730294e-07,5.307934097e-07
757500000,0.000507800463,0.0004371848073,-2.953349892e-07,7.393958251e-07
757600000,0.001131045671,0.0003311211147,6.555670371e-08,7.921341618e-07
757700000,0.001641038967,-4.200586567e-05,4.114654366e-07,6.784715479e-07
757800000,0.001930517362,-0.0006034111128,6.69856701e-07,4.228244671e-07
757900000,0.001938726944,-0.001234747613,7.86807158e-07,7.932041426e-08
758000000,0.001664170606,-0.001803050995,7.382566457e-07,-2.796611846e-07
758100000,0.001164872287,-0.002188739658,5.349554672e-07,-5.78739087e-07
758200000,0.0005461124099,-0.002310774326,2.200902422e-07,-7.553584217e-07
758300000,-6.177364679e-05,-0.002143683395,-1.398886042e-07,-7.72873598e-07
758400000,-0.0005308523744,-0.001722876822,-4.692898464e-07,-6.281499559e-07
758500000,-0.0007625198369,-0.001137139628,-6.990958969e-07,-3.52107654e-07
758600000,-0.0007082319672,-0.0005098962469,-7.814227636e-07,-3.117653212e-09
758700000,-0.0003796788716,2.680027414e-05,-6.994961939e-07,3.453401256e-07
758800000,0.0001537290891,0.0003600721609,-4.710658561e-07,6.201471628e-07
758900000,0.0007795225889,0.0004199595753,-1.445634226e-07,7.63888287e-07
759000000,0.001365884744,0.0001941083324,2.111645925e-07,7.468462983e-07
759100000,0.001789413639,-0.0002696803913,5.213729527e-07,5.731436908e-07
759200000,0.001961089182,-0.0008735640046,7.211222724e-07,2.797625875e-07
759300000,0.001844980747,-0.001490296301,7.688725613e-07,-7.132725097e-08
759400000,0.001465764435,-0.00199003649,6.551204497e-07,-4.062570664e-07
759500000,0.0009034770772,-0.002267681654,4.042845025e-07,-6.548001484e-07
759600000,0.0002766216519,-0.002264969048,6.946595373e-08,-7.650958171e-07
759700000,-0.0002828101113,-0.00198270001,-2.787915192e-07,-7.144694474e-07
759800000,-0.0006571333093,-0.001480520353,-5.673639433e-07,-5.140913252e-07
759900000,-0.0007677298668,-0.0008643139298,-7.35900142e-07,-2.065176635e-07
760000000,-0.0005915631978,-0.0002638739563,-7.494424095e-07,1.433460447e-07
760100000,-0.000165978329,0.0001944388053,-6.056757383e-07,4.619407309e-07
760200000,0.000419212285,0.0004142908803,-3.353026743e-07,6.825187822e-07
760300000,0.001040679638,0.000349626616,4.51150186e-09,7.591272019e-07
760400000,0.001567566743,1.431793498e-05,3.422242514e-07,6.761797176e-07
760500000,0.001889038601,-0.0005208079986,6.069771106e-07,4.516242105e-07
760600000,0.001937593854,-0.001142926332,7.434622935e-07,1.330625812e-07
760700000,0.001703235473,-0.001720998812,7.234756284e-07,-2.123387919e-07
760800000,0.001235525685,-0.002133371439,5.517428164e-07,-5.120097188e-07
760900000,0.0006331026283,-0.002293373564,2.64815892e-07,-7.032226772e-07
761000000,2.287560393e-05,-0.002167531639,-7.670499584e-08,-7.462221024e-07
761100000,-0.00046671317,-0.001782569617,-4.009696282e-07,-6.324886296e-07
761200000,-0.000732726665,-0.001219731595,-6.399929828e-07,-3.86420655e-07
761300000,-0.0007193788012,-0.0005976326883,-7.439080691e-07,-6.010272664e-08
761400000,-0.0004297358241,-4.725829148e-05,-6.913684451e-07,2.777179476e-07
761500000,7.498100126e-05,0.0003156183351,-4.939306418e-07,5.56114023e-07
761600000,0.0006883332322,0.0004147917265,-1.935173401e-07,7.168688113e-07
761700000,0.001281109065,0.0002296295585,1.464828604e-07,7.266492734e-07
761800000,0.00172854049,-0.000200633382,4.545898362e-07,5.83916068e-07
761900000,0.001936561104,-0.0007852057419,6.662588137e-07,3.191385367e-07
762000000,0.001861579078,-0.001400894443,7.374008711e-07,-1.170774009e-08
762100000,0.001519609248,-0.001918063038,6.535650482e-07,-3.389735174e-07
762200000,0.0009828511693,-0.002227924324,4.32870029e-07,-5.93997536e-07
762300000,0.0003644436658,-0.002265421412,1.220914547e-07,-7.235110357e-07
762400000,-0.0002053853751,-0.002022884463,-2.132508404e-07,-7.00763366e-07
762500000,-0.0006067462624,-0.001551595812,-5.027051926e-07,-5.310452383e-07
762600000,-0.0007553150093,-0.0009509441082,-6.856884345e-07,-2.504696549e-07
762700000,-0.0006200521929,-0.0003474613775,-7.241651306e-07,8.171076384e-08
762800000,-0.0002296897718,0.0001318350886,-6.105523181e-07,3.956159646e-07
762900000,0.0003333694576,0.00038617921,-3.69207249e-07,6.254381929e-07
763000000,0.0009504440612,0.0003622430366,-5.120774449e-08,7.232372488e-07
763100000,0.001491586659,6.531976699e-05,2.764567569e-07,6.689395472e-07
763200000,0.001842945664,-0.0004418417021,5.449963177e-07,4.744556767e-07
763300000,0.001930715241,-0.001052294345,6.982614916e-07,1.810724135e-07
763400000,0.001736635807,-0.001637441892,7.044827738e-07,-1.493106985e-07
763500000,0.001301789843,-0.002074125292,5.628542758e-07,-4.47240376e-07
763600000,0.00071790375,-0.00227054187,3.03597636e-07,-6.503093313e-07
763700000,0.0001079968115,-0.002185542411,-1.848510452e-08,-7.162278726e-07
763800000,-0.0003995406467,-0.001837249504,-3.355946684e-07,-6.316296204e-07
763900000,-0.0006979776549,-0.001299191713,-5.812056943e-07,-4.147780415e-07
764000000,-0.0007246903239,-0.0006847779384,-7.04022086e-07,-1.116265839e-07
764100000,-0.0004743053092,-0.0001233905046,-6.786892407e-07,2.139182664e-07
764200000,2.194823137e-07,0.0002668629449,-5.110263219e-07,4.934681109e-07
764300000,0.0005987934241,0.0004039999607,-2.36699259e-07,6.68518482e-07
764400000,0.001195302467,0.0002593876932,8.636479075e-08,7.026918373e-07
764500000,0.001664177062,-0.0001362771475,3.902085015e-07,5.892958462e-07
764600000,0.001906822039,-0.0006994811816,6.111386152e-07,3.526268594e-07
764700000,0.001872345992,-0.001311518309,7.030768445e-07,4.276628509e-08
764800000,0.00156823221,-0.001843505899,6.471690938e-07,-2.750160898e-07
764900000,0.001058713644,-0.002183521797,4.556493149e-07,-5.340099067e-07
765000000,0.0004512040213,-0.002260148519,1.691667194e-07,-6.800676271e-07
765100000,-0.0001263489958,-0.002057471627,-1.51840581e-07,-6.829241693e-07
765200000,-0.0005524139125,-0.001618382039,-4.398951329e-07,-5.42466599e-07
765300000,-0.0007374518427,-0.001035496839,-6.346635195e-07,-2.886553935e-07
765400000,-0.0006427362482,-0.0004316204748,-6.955924523e-07,2.486462711e-08
765500000,-0.0002884601326,6.613129508e-05,-6.10351275e-07,3.32101586e-07
765600000,0.0002505662503,0.0003530919544,-3.973235531e-07,5.686062268e-07
765700000,0.000860710194,0.0003690555277,-1.016451244e-07,6.849907012e-07
765800000,0.001413468718,0.0001109099915,2.143580795e-07,6.572409493e-07
765900000,0.001792529391,-0.0003667576243,4.843069031e-07,4.916696103e-07
766000000,0.001918241597,-0.0009632010122,6.517117334e-07,2.234883594e-07
766100000,0.001764350166,-0.001552759906,6.817926842e-07,-9.067908211e-08
766200000,0.001363476016,-0.002011331222,5.687040578e-07,-3.84751602e-07
766300000,0.0008001995815,-0.002242490129,3.366627156e-07,-5.970892832e-07
766400000,0.0001932129887,-0.002197763153,3.476429236e-08,-6.834128348e-07
766500000,-0.0003296931824,-0.001886790614,-2.734035438e-07,-6.26036184e-07
766600000,-0.0006585371541,-0.001375247419,-5.231535538e-07,-4.374873861e-07
766700000,-0.0007242812902,-0.0007709702319,-6.622766316e-07,-1.577771017e-07
766800000,-0.0005133284683,-0.000201221617,-6.619549744e-07,1.540905938e-07
766900000,-7.033554614e-05,0.0002141148309,-5.22729753e-07,4.325641433e-07
767000000,0.000511237702,0.0003877622621,-2.742878241e-07,6.193220862e-07
767100000,0.001108843564,0.0002833925159,3.086676324e-08,6.754866729e-07
767200000,0.001596666287,-7.677201989e-05,3.285077213e-07,5.897159249e-07
767300000,0.001872107054,-0.0006166868619,5.562035858e-07,3.804901013e-07
767400000,0.001877359272,-0.001222538089,6.664122367e-07,9.213250239e-08
767500000,0.001611537548,-0.001766730903,6.364065616e-07,-2.145791145e-07
767600000,0.001130815457,-0.002134758511,4.729592212e-07,-4.752220303e-07
767700000,0.0005365529436,-0.002249293579,2.108212728e-07,-6.352594084e-07
767800000,-4.607777488e-05,-0.002086433427,-9.466502637e-08,-6.614507245e-07
767900000,-0.0004944607514,-0.001680685707,-3.792491796e-07,-5.487546225e-07
768000000,-0.0007143442899,-0.001117654364,-5.832850339e-07,-3.212910077e-07
768100000,-0.0006596558991,-0.0005159760424,-6.642312894e-07,-2.718067715e-08
768200000,-0.0003421581756,-2.318945648e-06,-6.055202668e-07,2.716338717e-07
768300000,0.0001710778848,0.0003152867514,-4.199462479e-07,5.124334017e-07
768400000,0.0007718391691,0.0003701715903,-1.468809923e-07,6.448855797e-07
768500000,0.001333583852,0.0001510234787,1.560783046e-07,6.415646404e-07
768600000,0.001738092397,-0.0002957796606,4.252571126e-07,5.036286074e-07
768700000,0.001900343551,-0.0008759817153,6.042856713e-07,2.604792063e-07
768800000,0.001786381357,-0.001467329009,6.559028122e-07,-3.650372313e-08
768900000,0.001420418714,-0.001945326919,5.697099401e-07,-3.248184215e-07
769000000,0.0008796912947,-0.002209446484,3.642618372e-07,-5.439943562e-07
769100000,0.0002781549736,-0.002204264499,8.307478847e-08,-6.482744604e-07
769200000,-0.0002575325102,-0.001931091306,-2.14589657e-07,-6.161668238e-07
769300000,-0.0006146833302,-0.001447646326,-4.662136087e-07,-4.54872141e-07
769400000,-0.000718287822,-0.0008558596729,-6.1915265e-07,-1.986752665e-07
769500000,-0.0005467708517,-0.0002803779547,-6.416492097e-07,9.834110815e-08
769600000,-0.0001364864708,0.0001576927725,-5.294256347e-07,3.737124086e-07
769700000,0.0004259850903,0.0003662754641,-3.064884797e-07,5.697282141e-07
769800000,0.001022105515,0.0003016775911,-1.999491026e-08,6.455260671e-07
769900000,0.00152635684,-2.225462284e-05,2.697213855e-07,5.856088335e-07
770000000,0.001832666934,-0.0005371006797,5.018553714e-07,4.03010473e-07
770100000,0.00187671908,-0.001134314322,6.278915955e-07,1.364640947e-07
770200000,0.00164945382,-0.001688105243,6.217429366e-07,-1.578130813e-07
770300000,0.001198928719,-0.002081930987,4.851485557e-07,-4.179757275e-07
770400000,0.0006201541804,-0.002233020053,2.472144466e-07,-5.895471502e-07
770500000,3.505453784e-05,-0.002109765939,-4.178711016e-08,-6.368256563e-07
770600000,-0.0004332193236,-0.001738336449,-3.210385691e-07,-5.503124353e-07
770700000,-0.0006862137265,-0.001197115861,-5.319748896e-07,-3.486158022e-07
770800000,-0.0006708748519,-0.000600160228,-6.305651791e-07,-7.44509726e-08
770900000,-0.0003906766701,-7.315823392e-05,-5.96502777e-07,2.144051709e-07
771000000,9.515979761e-05,0.0002730353296,-4.373858379e-07,4.572891334e-07
771100000,0.0006841807166,0.0003657201618,-1.870281669e-07,6.033902422e-07
771200000,0.001252302363,0.0001856193613,1.017253007e-07,6.22379302e-07
771300000,0.001679947568,-0.0002291097269,3.681521139e-07,5.10703319e-07
771400000,0.001877210731,-0.0007909567672,5.564210623e-07,2.922401297e-07
771500000,0.001802755909,-0.001381520367,6.272911898e-07,1.319471928e-08
771600000,0.001472475896,-0.001876456204,5.662897807e-07,-2.676722579e-07
771700000,0.0009560982962,-0.002171655028,3.866652032e-07,-4.914174572e-07
771800000,0.0003624627899,-0.002205139489,1.265127326e-07,-6.112841401e-07
771900000,-0.0001834221532,-0.001970074082,-1.59303742e-07,-6.024722266e-07
772000000,-0.0005667067313,-0.001516156834,-4.107213058e-07,-4.672677854e-07
772100000,-0.0007068663967,-0.000939109431,-5.750992791e-07,-2.344713425e-07
772200000,-0.0005746220473,-0.0003604884388,-6.182401393e-07,4.673566191e-08
772300000,-0.0001980583347,9.792396139e-05,-5.315028999e-07,3.17180321e-07
772400000,0.0003433381078,0.0003397540404,-3.335295535e-07,5.201490393e-07
772500000,0.0009354545938,0.0003142996296,-6.624058517e-08,6.132799668e-07
772600000,0.001453601572,2.716219556e-05,2.140406743e-07,5.774034787e-07
772700000,0.001788766821,-0.000460981134,4.48455849e-07,4.204859765e-07
772800000,0.001870547082,-0.001047196604,5.879709742e-07,1.758660705e-07
772900000,0.001681933694,-0.001607995929,6.036324279e-07,-1.048273539e-07
773000000,0.001262847187,-0.002025346348,4.925743751e-07,-3.625710551e-07
773100000,0.0007016861072,-0.002211510547,2.785315484e-07,-5.433579872e-07
773200000,0.0001166787252,-0.00212748889,6.768424458e-09,-6.095131111e-07
773300000,-0.0003690286827,-0.001791187078,-2.654921869e-07,-5.475436709e-07
773400000,-0.0006532976997,-0.001273598333,-4.81117389e-07,-3.708884026e-07
773500000,-0.0006764792337,-0.0006838138985,-5.95052667e-07,-1.170060987e-07
773600000,-0.00043393233,-0.0001460269564,-5.837351179e-07,1.605663105e-07
773700000,2.304699993e-05,0.0002266220895,-4.499649185e-07,4.035025468e-07
773800000,0.0005980719577,0.0003558506328,-2.222282187e-07,5.609424399e-07
773900000,0.001169992414,0.0002146806948,5.136761308e-08,6.001390798e-07
774000000,0.001618416559,-0.0001669273869,3.132554698e-07,5.132689298e-07
774100000,0.001849050589,-0.0007084304031,5.085205146e-07,3.189888908e-07
774200000,0.001813523472,-0.001295698723,5.964145118e-07,5.843142207e-08
774300000,0.001519529062,-0.001805067473,5.588583402e-07,-2.135030138e-07
774400000,0.001029159004,-0.002129374463,4.041587471e-07,-4.397130195e-07
774500000,0.0004457869423,-0.002200502715,1.651756677e-07,-5.728859005e-07
774600000,-0.0001077258847,-0.0020036854,-1.076564739e-07,-5.853925309e-07
774700000,-0.0005149088252,-0.001580568656,-3.56971604e-07,-4.750182209e-07
774800000,-0.0006901927731,-0.00102039686,-5.305332395e-07,-2.653411558e-07
774900000,-0.0005968952202,-0.0004411860661,-5.921783814e-07,-6.971713442e-10
775000000,-0.0002548990855,3.514247226e-05,-5.293513907e-07,2.631941619e-07
775100000,0.0002635818626,0.0003084288481,-3.556585104e-07,4.709603936e-07
775200000,0.0008492488178,0.0003213377691,-1.079239042e-07,5.791943779e-07
775300000,0.001378755965,7.138933069e-05,1.616163638e-07,5.655222092e-07
775400000,0.001740684811,-0.000388566663,3.963278782e-07,4.332267555e-07
775500000,0.001858985484,-0.0009615223765,5.470769789e-07,2.104716675e-07
775600000,0.001708953645,-0.001526768269,5.825155127e-07,-5.569295756e-08
775700000,0.001322386664,-0.001965320825,4.955985477e-07,-3.092677012e-07
775800000,0.0007808427504,-0.002184965661,3.049801693e-07,-4.970851333e-07
775900000,0.0001984315344,-0.002139645091,5.10118543e-08,-5.799568599e-07
776000000,-0.000302232853,-0.001839113708,-2.127985562e-07,-5.408493618e-07
776100000,-0.0006158486068,-0.001346837403,-4.310596171e-07,-3.883830925e-07
776200000,-0.0006765767665,-0.0007665879427,-5.581260251e-07,-1.549364645e-07
776300000,-0.0004718656567,-0.00022056482,-5.67643748e-07,1.10229102e-07
776400000,-4.504646681e-05,0.0001763426607,-4.580146639e-07,3.513635228e-07
776500000,0.0005138362742,0.0003407318005,-2.526478663e-07,5.179486854e-07
776600000,0.001087018542,0.0002382140258,5.037404686e-09,5.75281417e-07
776700000,0.001553828272,-0.0001093895774,2.607907977e-07,5.117019118e-07
776800000,0.001816087164,-0.0006286898588,4.609515233e-07,3.409621967e-07
776900000,0.001818756119,-0.001210221023,5.637065439e-07,9.925413112e-08
777000000,0.001561483253,-0.001731512167,5.478244054e-07,-1.624612805e-07
777100000,0.001098631532,-0.002082876718,4.170405785e-07,-3.891976951e-07
777200000,0.000527789643,-0.002190489396,1.991888462e-07,-5.334954412e-07
777300000,-3.080621707e-05,-0.002031895392,-5.972115253e-08,-5.653549134e-07
777400000,-0.0004596005228,-0.001640693243,-3.052202986e-07,-4.784724206e-07
777500000,-0.0006684608602,-0.001099414534,-4.858385218e-07,-2.914825113e-07
777600000,-0.0006136265637,-0.0005221093417,-5.638951085e-07,-4.396303457e-08
777700000,-0.0003068797254,-3.031226363e-05,-5.233588191e-07,2.119409804e-07
777800000,0.0001869832369,0.0002725458289,-3.731383905e-07,4.22502111e-07
777900000,0.0007638366414,0.0003228927762,-1.451284617e-07,5.436900858e-07
778000000,0.001302176607,0.0001103612928,1.125612366e-07,5.503781866e-07
778100000,0.001688710532,-0.0003200750781,3.457562817e-07,4.415516719e-07
778200000,0.001842196021,-0.0008776157825,5.056061191e-07,2.404388584e-07
778300000,0.001730513544,-0.001444784398,5.58816801e-07,-1.044541176e-08
778400000,0.001377385305,-0.001902178258,4.945845851e-07,-2.582865651e-07
778500000,0.0008573347258,-0.002153602775,3.267866489e-07,-4.510878818e-07
778600000,0.0002799570557,-0.002146299766,9.098531712e-08,-5.48578723e-07
778700000,-0.0002331793006,-0.001882015782,-1.631079556e-07,-5.306251236e-07
778800000,-0.0005741323389,-0.001416588017,-3.821120791e-07,-4.013863544e-07
778900000,-0.0006712958688,-0.0008481445067,-5.201902822e-07,-1.883596737e-07
779000000,-0.000504440687,-0.0002964123574,-5.486429029e-07,6.346892473e-08
779100000,-0.0001089279782,0.0001225024438,-4.618715605e-07,3.011239484e-07
779200000,0.000431782257,0.0003205507634,-2.784755001e-07,4.747839158e-07
779300000,0.001003740231,0.0002562488732,-3.726659015e-08,5.482252017e-07
779400000,0.001486517348,-5.663043192e-05,2.109435853e-07,5.063770529e-07
779500000,0.001778559805,-0.0005520045371,4.140467701e-07,3.584122372e-07
779600000,0.001818547583,-0.001125435101,5.29576848e-07,1.357399345e-07
779700000,0.001598266949,-0.001656143243,5.335882118e-07,-1.146606523e-07
779800000,0.001164294278,-0.002032445551,4.256176511e-07,-3.401512747e-07
779900000,0.0006081459647,-0.002175254384,2.287018439e-07,-4.934994706e-07
780000000,4.697707252e-05,-0.00205469749,-1.553643282e-08,-5.427714863e-07
780100000,-0.000401100693,-0.001696364102,-2.556855224e-07,-4.779813347e-07
780200000,-0.0006418815343,-0.001175871206,-4.413663518e-07,-3.131117592e-07
780300000,-0.000624874668,-0.0006029036606,-5.33800482e-07,-8.309873551e-08
780400000,-0.0003538943623,-9.809697633e-05,-5.13908011e-07,1.635706239e-07
780500000,0.0001137901624,0.0002323646752,-3.862444428e-07,3.750786135e-07
780600000,0.0006795557105,0.0003190861772,-1.779645361e-07,5.071616796e-07
780700000,0.001224219688,0.0001440359843,6.6952565e-08,5.323730562e-07
780800000,0.001633143703,-0.0002557030925,2.969890302e-07,4.45785121e-07
780900000,0.001820358872,-0.0007957866003,4.63924446e-07,2.659469766e-07
781000000,0.001746636178,-0.001362401838,5.329432081e-07,3.091241693e-08
781100000,0.001427703809,-0.001836248593,4.898947386e-07,-2.09811492e-07
781200000,0.00093089009,-0.002117654803,3.441927087e-07,-4.056918613e-07
781300000,0.0003609080429,-0.002147539818,1.267596909e-07,-5.157772969e-07
781400000,-0.0001622174229,-0.001919815998,-1.165346435e-07,-5.172586298e-07
781500000,-0.0005284268976,-0.00148262506,-3.345495622e-07,-4.101936235e-07
781600000,-0.0006607846909,-0.0009281581575,-4.816225446e-07,-2.174172407e-07
781700000,-0.0005316446502,-0.0003732123992,-5.271325269e-07,2.032735721e-08
781800000,-0.0001684266771,6.541514035e-05,-4.618743832e-07,2.52999147e-07
781900000,0.0003522027366,0.0002955117638,-2.999178458e-07,4.317914229e-07
782000000,0.000920510523,0.0002688371257,-7.557611554e-08,5.193692206e-07
782100000,0.001416822654,-8.761202019e-06,1.638631356e-07,4.976647617e-07
782200000,0.001736721864,-0.0004786252642,3.681046585e-07,3.716034103e-07
782300000,0.001813012414,-0.001041678429,4.944098018e-07,1.679920972e-07
782400000,0.001629831872,-0.001579313689,5.165391585e-07,-7.018011847e-08
782500000,0.001225946416,-0.001978375122,4.302026542e-07,-2.928178059e-07
782600000,0.0006865449182,-0.002154971115,2.538852841e-07,-4.532553201e-07
782700000,0.0001252683759,-0.00207210797,2.489092233e-08,-5.180374955e-07
782800000,-0.0003397346752,-0.001747437034,-2.085494026e-07,-4.738950522e-07
782900000,-0.0006106814104,-0.001249492669,-3.974354053e-07,-3.304605216e-07
783000000,-0.0006307198092,-0.0006832226335,-5.022823886e-07,-1.18169227e-07
783100000,-0.0003958601668,-0.00016786606,-5.013744321e-07,1.181978718e-07
783200000,4.423098923e-05,0.0001881574661,-3.952609641e-07,3.289597151e-07
783300000,0.0005967316899,0.0003100593203,-2.065659066e-07,4.699768609e-07
783400000,0.001145239535,0.0001723943857,2.483464827e-08,5.118949131e-07
783500000,0.001574292681,-0.0001956259468,2.502385989e-07,4.462540815e-07
783600000,0.001793671528,-0.000716329261,4.223674515e-07,2.871934774e-07
783700000,0.001757366669,-0.001279972119,5.05282422e-07,6.840746561e-08
783800000,0.001473225534,-0.00176786639,4.818873598e-07,-1.639911352e-07
783900000,0.001001255103,-0.002077368896,3.57452265e-07,-3.611895239e-07
784000000,0.0004409471715,-0.002143473013,1.584315286e-07,-4.819269736e-07
784100000,-8.969705898e-05,-0.001952460143,-7.315915632e-08,-5.011273679e-07
784200000,-0.0004790209894,-0.001544743866,-2.886121891e-07,-4.15106258e-07
784300000,-0.0006452100885,-0.001006316973,-4.427715896e-07,-2.422714146e-07
784400000,-0.0005534875371,-0.0004506115063,-5.034964917e-07,-1.918516667e-08
784500000,-0.000223393728,5.40127911e-06,-4.583614267e-07,2.071694585e-07
784600000,0.0002753738978,0.0002658349826,-3.171967838e-07,3.89283031e-07
784700000,0.0008376746923,0.0002760523596,-1.099504742e-07,4.890908994e-07
784800000,0.001345085795,3.412972666e-05,1.19664616e-07,4.859286405e-07
784900000,0.00169083935,-0.0004087836372,3.233900636e-07,3.808092418e-07
785000000,0.001802285065,-0.0009592769289,4.585638965e-07,1.961369766e-07
785100000,0.001656152708,-0.001501375052,4.97053806e-07,-2.906650536e-08
785200000,0.0012834083,-0.001920968553,4.311111356e-07,-2.474068829e-07
785300000,0.0007626904513,-0.002129830495,2.74927694e-07,-4.130908157e-07
785400000,0.0002037176413,-0.002084165402,6.158328879e-08,-4.915298022e-07
785500000,-0.0002758327947,-0.001793790258,-1.639598437e-07,-4.665602215e-07
785600000,-0.0005751015739,-0.001320022546,-3.543322508e-07,-3.437725924e-07
785700000,-0.0006312631637,-0.0007627293517,-4.697054542e-07,-1.492646398e-07
785800000,-0.0004327172342,-0.0002392730548,-4.861239846e-07,7.590464754e-08
785900000,-2.148605358e-05,0.000140207281,-4.004783439e-07,2.843816164e-07
786000000,0.0005156771613,0.000295972376,-2.310867711e-07,4.324760168e-07
786100000,0.001065587179,0.0001954401525,-1.377862496e-08,4.893165479e-07
786200000,0.001512473002,-0.0001399971301,2.056834769e-07,4.432854078e-07
786300000,0.001762347615,-0.0006395219465,3.812402098e-07,3.043908464e-07
786400000,0.001762771823,-0.001197839437,4.762016528e-07,1.020936506e-07
786500000,0.001513856503,-0.001697369333,4.709145251e-07,-1.209409222e-07
786600000,0.0010681949,-0.002033005125,3.668284305e-07,-3.178408423e-07
786700000,0.0005197482317,-0.002134227098,1.86120068e-07,-4.47377225e-07
786800000,-1.596702986e-05,-0.001979916835,-3.303066205e-08,-4.825966694e-07
786900000,-0.0004262126045,-0.001602760645,-2.445066442e-07,-4.164287312e-07
787000000,-0.0006247565407,-0.001082323553,-4.039577097e-07,-2.631021252e-07
787100000,-0.0005700015833,-0.0005282613586,-4.781010991e-07,-5.508669877e-08
787200000,-0.0002737024751,-5.721325621e-05,-4.516679779e-07,1.637819462e-07
787300000,0.0002015544805,0.000231755294,-3.305463335e-07,3.475394957e-07
787400000,0.0007555689708,0.0002779890811,-1.40473654e-07,4.577453164e-07
787500000,0.001271649636,7.197672428e-05,7.843118357e-08,4.715233252e-07
787600000,0.001641189556,-0.0003426914638,2.801352698e-07,3.863095073e-07
787700000,0.001786518924,-0.0008785438682,4.223712915e-07,2.203210327e-07
787800000,0.001677226725,-0.00142267601,4.754941464e-07,8.663051285e-09
787900000,0.00133652176,-0.001860536491,4.286588567e-07,-2.040950851e-07
788000000,0.0008363023647,-0.002100039747,2.920324992e-07,-3.733043832e-07
788100000,0.0002819817106,-0.002090930029,9.458945094e-08,-4.636056413e-07
788200000,-0.000209728888,-0.001835324454,-1.220324141e-07,-4.563177207e-07
788300000,-0.0005353962786,-0.001387222975,-3.123119988e-07,-3.533010176e-07
788400000,-0.0006266259531,-0.0008410975876,-4.364103222e-07,-1.764973853e-07
788500000,-0.0004644283553,-0.0003119721031,-4.685110707e-07,3.674228473e-08
788600000,-8.317330279e-05,8.880679511e-05,-4.021903285e-07,2.415480676e-07
788700000,0.0004366905985,0.0002770032795,-2.516987823e-07,3.949720385e-07
788800000,0.0009856089649,0.0002131991284,-4.890120967e-08,4.649939627e-07
788900000,0.001448005916,-8.894819547e-05,1.634697991e-07,4.372033605e-07
789000000,0.001726615666,-0.0005656257732,3.408177349e-07,3.177636654e-07
789100000,0.001762939402,-0.001116339386,4.460466448e-07,1.320490868e-07
789200000,0.001549525324,-0.001625096768,4.573199154e-07,-8.074509923e-08
789300000,0.001131494075,-0.001984835126,3.725907089e-07,-2.758741928e-07
789400000,0.0005969972501,-0.002119948855,2.099643343e-07,-4.124521435e-07
789500000,5.862628903e-05,-0.00200217718,3.830654406e-09,-4.62018007e-07
789600000,-0.0003703075865,-0.001656512807,-2.024075438e-07,-4.14466048e-07
789700000,-0.0005996250164,-0.001155895953,-3.654727849e-07,-2.801040634e-07
789800000,-0.0005812406727,-0.0006058200943,-4.512938442e-07,-8.742113617e-08
789900000,-0.0003192485065,-0.0001220986916,-4.421240372e-07,1.229522055e-07
790000000,0.0001309850684,0.0001935209835,-3.402098106e-07,3.068111054e-07
790100000,0.000674519342,0.0002747618986,-1.672515219e-07,4.256644718e-07
790200000,0.001196856849,0.0001047367156,4.021616847e-08,4.547925816e-07
790300000,0.001588059682,-0.000280540295,2.385410713e-07,3.883875597e-07
790400000,0.00176588528,-0.000799778816,3.861376083e-07,2.407079509e-07
790500000,0.001693073318,-0.001343560987,4.522061379e-07,4.301862703e-08
790600000,0.001385150319,-0.00179739565,4.231593768e-07,-1.630275384e-07
790700000,0.0009071171466,-0.002065821211,3.054151713e-07,-3.341653679e-07
790800000,0.0003597256006,-0.002092483063,1.239819105e-07,-4.346016341e-07
790900000,-0.0001417588431,-0.001871962704,-8.285231043e-08,-4.435005794e-07
791000000,-0.0004918316162,-0.001450875216,-2.715991291e-07,-3.593053619e-07
791100000,-0.0006169485231,-0.0009180129272,-4.027131756e-07,-1.999993446e-07
791200000,-0.0004909786992,-0.0003856193729,-4.488769153e-07,7.338264058e-10
791300000,-0.0001406640128,3.425686398e-05,-4.006914931e-07,2.006316728e-07
791400000,0.0003600554211,0.0002533466228,-2.685882109e-07,3.57750363e-07
791500000,0.000905645213,0.0002257187754,-8.057235034e-08,4.392651448e-07
791600000,0.001381216941,-4.258867065e-05,1.237130813e-07,4.283273734e-07
791700000,0.001686717862,-0.0004948840622,3.013455369e-07,3.27545846e-07
791800000,0.001757977317,-0.001035797736,4.151409402e-07,1.583733686e-07
791900000,0.001580183014,-0.001551388253,4.414369456e-07,-4.345883182e-08
792000000,0.001190957168,-0.001933140736,3.750123886e-07,-2.354873984e-07
792100000,0.0006723935397,-0.00210080309,2.301203445e-07,-3.774502115e-07
792200000,0.0001337403558,-0.002019254337,3.743119888e-08,-4.397275448e-07
792300000,-0.0003116181978,-0.0017058592,-1.624589295e-07,-4.095213833e-07
792400000,-0.0005700317966,-0.001226768533,-3.275805654e-07,-2.934839065e-07
792500000,-0.0005872796631,-0.0006829535965,-4.234024319e-07,-1.162556167e-07
792600000,-0.0003599496259,-0.0001889228137,-4.300522789e-07,8.476625236e-08
792700000,6.388746677e-05,0.0001513924381,-3.464371636e-07,2.673184589e-07
792800000,0.0005948403986,0.0002665046275,-1.904090972e-07,3.931567981e-07
792900000,0.0011210485,0.0001323888899,5.045290467e-09,4.360676527e-07
793000000,0.001531745425,-0.0002225010496,1.987780174e-07,3.873278658e-07
793100000,0.001740572235,-0.0007232666852,3.50141943e-07,2.574758856e-07
793200000,0.001703733464,-0.001264368805,4.275184881e-07,7.403504097e-08
793300000,0.001429179303,-0.001731867377,4.149218674e-07,-1.243195783e-07
793400000,0.0009748887197,-0.002027411102,3.153005342e-07,-2.959145469e-07
793500000,0.0004366237251,-0.002088925908,1.498542513e-07,-4.048330455e-07
793600000,-7.225916081e-05,-0.001903650349,-4.64763798e-08,-4.284321404e-07
793700000,-0.0004446841642,-0.001510780159,-2.3238848e-07,-3.620491661e-07
793800000,-0.0006023893625,-0.0009931738312,-3.689054885e-07,-2.199191568e-07
793900000,-0.0005123754093,-0.0004598744451,-4.275481341e-07,-3.212366402e-08
794000000,-0.0001938126143,-2.313489693e-05,-3.962749373e-07,1.617753189e-07
794100000,0.0002860391283,0.0002252124988,-2.819532471e-07,3.210692201e-07
794200000,0.0008260289264,0.0002330675278,-1.088540627e-07,4.124490866e-07
794300000,0.001312434413,-1.006059733e-06,8.650003463e-08,4.169700552e-07
794400000,0.001642908742,-0.0004275216972,2.630403508e-07,3.339780348e-07
794500000,0.001748012769,-0.0009565292861,3.83785375e-07,1.811849264e-07
794600000,0.001605802736,-0.001476582144,4.235871369e-07,-9.110342017e-09
794700000,0.001246409063,-0.001878212604,3.743681358e-07,-1.968489126e-07
794800000,0.0007456506742,-0.002076971579,2.467584319e-07,-3.426442877e-07
794900000,0.0002090378066,-0.00203118301,6.780158212e-08,-4.160449334e-07
795000000,-0.0002504616882,-0.001750680249,-1.247758611e-07,-4.018939427e-07
795100000,-0.0005362072569,-0.001294692724,-2.905171426e-07,-3.03457698e-07
795200000,-0.0005882136393,-0.0007593367208,-3.947340292e-07,-1.416779676e-07
795300000,-0.0003957457326,-0.0002573524024,-4.157662461e-07,4.928246962e-08
795400000,4.641697852e-07,0.0001056408112,-3.494824951e-07,2.292534003e-07
795500000,0.0005168342704,0.0002533693357,-2.100879214e-07,3.605068889e-07
795600000,0.001044562655,0.0001549343253,-2.708111081e-08,4.156658462e-07
795700000,0.001472549578,-0.0001687237324,1.609877742e-07,3.83413749e-07
795800000,0.001710783577,-0.0006492768513,3.146370809e-07,2.708148378e-07
795900000,0.001709269109,-0.001185431394,4.017416757e-07,1.017694175e-07
796000000,0.001468515867,-0.001664276212,4.042491531e-07,-8.80584925e-08
796100000,0.001039389103,-0.001985058239,3.219202362e-07,-2.587648111e-07
796200000,0.0005123610542,-0.002080379326,1.72318578e-07,-3.745932689e-07
796300000,-1.565542512e-06,-0.001930354751,-1.293518054e-08,-4.114244582e-07
796400000,-0.0003942396181,-0.001566758748,-1.948463743e-07,-3.617975986e-07
796500000,-0.0005831240677,-0.001066292622,-3.352539842e-07,-2.364196189e-07
796600000,-0.0005286471179,-0.0005344016588,-4.048355396e-07,-6.185679791e-08
796700000,-0.00024249488,-8.305553225e-05,-3.892301886e-07,1.250937012e-07
796800000,0.0002148925172,0.0001928253058,-2.920014508e-07,2.851600631e-07
796900000,0.0007470845587,0.0002353340719,-1.338286606e-07,3.848450326e-07
797000000,0.001241988066,3.573406359e-05,5.18904371e-08,4.034354155e-07
797100000,0.001595453888,-0.0003637445717,2.260910204e-07,3.373051953e-07
797200000,0.001733191309,-0.0008788367803,3.522577915e-07,2.006184735e-07
797300000,0.001626379454,-0.001401014214,4.040787235e-07,2.229693871e-08
797400000,0.001297695296,-0.001820348799,3.709317907e-07,-1.600991217e-07
797500000,0.0008164973827,-0.002048651954,2.600606952e-07,-3.08281788e-07
797600000,0.000284187752,-0.002038018847,9.49942611e-08,-3.912723352e-07
797700000,-0.0001871588713,-0.001790878005,-8.944609116e-08,-3.918770415e-07
797800000,-0.0004983946164,-0.001359437706,-2.544915858e-07,-3.102483838e-07
797900000,-0.0005841570976,-0.0008346544623,-3.655747392e-07,-1.637942215e-07
798000000,-0.0004265986134,-0.0003270546375,-3.995687757e-07,1.653359167e-08
798100000,-5.910208168e-05,5.654667195e-05,-3.496017686e-07,1.927800898e-07
798200000,0.0004407896253,0.0002355253316,-2.264435305e-07,3.279754352e-07
798300000,0.0009677330407,0.0001723955302,-5.618584807e-08,3.938893498e-07
798400000,0.00141078062,-0.0001193372431,1.252845893e-07,3.769253403e-07
798500000,0.001676737605,-0.0005780623534,2.79849888e-07,2.809241719e-07
798600000,0.001709762466,-0.001107072551,3.751671971e-07,1.262987935e-07
798700000,0.001503088928,-0.001594948476,3.914359698e-07,-5.430532185e-08
798800000,0.001100408983,-0.00193902275,3.255103939e-07,-2.229020011e-07
798900000,0.0005866342062,-0.002066982525,1.915030381e-07,-3.441535221e-07
799000000,6.998849076e-05,-0.001952064973,1.776494186e-08,-3.92776923e-07
799100000,-0.0003407914124,-0.001618652305,-1.591118622e-07,-3.588153006e-07
799200000,-0.0005593442569,-0.001137096394,-3.020007871e-07,-2.496752072e-07
799300000,-0.0005398433813,-0.0006088714095,-3.810331701e-07,-8.851357972e-08
799400000,-0.000286608,-0.0001451881602,-3.798413213e-07,9.067493085e-08
799500000,0.000146848984,0.0001564225169,-2.989473526e-07,2.502281658e-07
799600000,0.0006691268393,0.0002326265571,-1.5559635e-07,3.567319449e-07
799700000,0.001170207628,6.758787454e-05,1.99190477e-08,3.880173154e-07
799800000,0.001544628585,-0.0003037391248,1.906595158e-07,3.377743709e-07
799900000,0.00171367586,-0.0008030098979,3.208129498e-07,2.168225536e-07
800000000,0.001641929498,-0.001325016303,3.832054796e-07,5.078221792e-08
800100000,0.001344682269,-0.001759853418,3.649743619e-07,-1.253517453e-07
800200000,0.0008846783656,-0.002016056552,2.702185843e-07,-2.745850436e-07
800300000,0.0003588670201,-0.002039837785,1.190812222e-07,-3.656936683e-07
800400000,-0.0001220327147,-0.001826376105,-5.653179665e-08,-3.797563954e-07
800500000,-0.0004568486587,-0.001420791002,-2.19686732e-07,-3.140835159e-07
800600000,-0.0005752430672,-0.0009086030574,-3.361892801e-07,-1.827262124e-07
800700000,-0.0004524916488,-0.0003976984771,-3.817506387e-07,-1.347129102e-08
800800000,-0.000114648652,4.398640876e-06,-3.470507024e-07,1.580361903e-07
800900000,0.0003669807458,0.0002131581022,-2.396430484e-07,2.957993465e-07
801000000,0.000890887742,0.0001848159056,-8.231268047e-08,3.710242684e-07
801100000,0.001346751315,-7.444927694e-05,9.175683146e-08,3.681377342e-07
801200000,0.001638665915,-0.0005098591784,2.459818685e-07,2.88010282e-07
801300000,0.001705315263,-0.001029606761,3.480670213e-07,1.477177847e-07
801400000,0.001532849009,-0.001524210871,3.767674409e-07,-2.309670357e-08
801500000,0.001157758203,-0.001889574753,3.263094077e-07,-1.884858726e-07
801600000,0.0006591524699,-0.002048892199,2.075494399e-07,-3.137627363e-07
801700000,0.0001420729422,-0.001968791372,4.563977487e-08,-3.727751015e-07
801800000,-0.0002846393388,-0.001666322774,-1.252980617e-07,-3.533644241e-07
801900000,-0.0005312564398,-0.001205327843,-2.693637456e-07,-2.59869727e-07
802000000,-0.0005460340403,-0.0006829613969,-3.564175339e-07,-1.121611639e-07
802100000,-0.0003260705664,-0.0002092133737,-3.683852788e-07,5.858220011e-08
802200000,8.212391173e-05,0.0001162534203,-3.03010215e-07,2.164533638e-07
802300000,0.0005924596638,0.0002250717427,-1.742728967e-07,3.283681681e-07
802400000,0.001097421447,9.453302967e-05,-9.402461468e-09,3.709981285e-07
802500000,0.001490716479,-0.0002476719677,1.568820645e-07,3.356326273e-07
802600000,0.00168964567,-0.0007293243159,2.896826229e-07,2.29957199e-07
802700000,0.001652490053,-0.00124891502,3.612457617e-07,7.638520806e-08
802800000,0.001387257372,-0.00169703519,3.56762219e-07,-9.269531553e-08
802900000,0.0009499550273,-0.001979411227,2.774306259e-07,-2.417518173e-07
803000000,0.0004327613437,-0.002036735303,1.40151719e-07,-3.395740546e-07
803100000,-5.540694955e-05,-0.001857119644,-2.607135423e-08,-3.658086224e-07
803200000,-0.0004118344309,-0.001478558984,-1.86260102e-07,-3.151931212e-07
803300000,-0.0005616221721,-0.0009808910162,-3.068208561e-07,-1.986092645e-07
803400000,-0.0004734294349,-0.0004689559998,-3.625893967e-07,-4.07447242e-08
803500000,-0.000166033273,-5.050797889e-05,-3.420828528e-07,1.251341493e-07
803600000,0.0002956666831,0.0001864682052,-2.498628997e-07,2.641920427e-07
803700000,0.0008143479513,0.0001922591321,-1.055241412e-07,3.473398649e-07
803800000,0.001280777317,-3.414631398e-05,6.046859351e-08,3.573193435e-07
803900000,0.001596812164,-0.00044488563,2.132098619e-07,2.922844078e-07
804000000,0.001696047902,-0.0009533380787,3.206932421e-07,1.661363243e-07
804100000,0.001557768,-0.00145238911,3.605177575e-07,5.553264041e-09
804200000,0.001211266155,-0.001836993019,3.245559524e-07,-1.556511751e-07
804300000,0.000729638754,-0.002026281514,2.206109789e-07,-2.836476261e-07
804400000,0.000214362642,-0.00198056512,7.072517578e-08,-3.516897848e-07
804500000,-0.0002260881646,-0.001709652867,-9.349357861e-08,-3.457028631e-07
804600000,-0.0004990808491,-0.001270746017,-2.375369116e-07,-2.671941004e-07
804700000,-0.0005473085097,-0.0007563578169,-3.312470495e-07,-1.328836635e-07
804800000,-0.0003608224706,-0.0002748106245,-3.551304003e-07,2.885549231e-08
804900000,2.091414507e-05,7.257783504e-05,-3.044119533e-07,1.839909246e-07
805000000,0.0005173750501,0.0002128140843,-1.899873813e-07,2.999912797e-07
805100000,0.001023955151,0.000116568316,-3.60835653e-08,3.52647608e-07
805200000,0.001434008216,-0.0001956895979,1.248703796e-07,3.311251774e-07
805300000,0.001661295234,-0.0006580408494,2.590758567e-07,2.401917081e-07
805400000,0.001658118578,-0.001173030489,3.384617508e-07,9.916402445e-08
805500000,0.001425329021,-0.001632206093,3.465554792e-07,-6.219471738e-08
805600000,0.001012106125,-0.001938954126,2.819002965e-07,-2.099559606e-07
805700000,0.0005055664865,-0.002028825625,1.58310081e-07,-3.131594599e-07
805800000,1.239529488e-05,-0.001883074957,1.91886151e-09,-3.502999418e-07
805900000,-0.0003636259263,-0.00153256729,-1.543449273e-07,-3.138077388e-07
806000000,-0.0005434616395,-0.001051240085,-2.776912014e-07,-2.115899802e-07
806100000,-0.0004894373264,-0.0005405037076,-3.423484541e-07,-6.531889475e-08
806200000,-0.0002131342162,-0.0001078725714,-3.349478797e-07,9.416256128e-08
806300000,0.0002270904911,0.0001556701211,-2.572866549e-07,2.333438975e-07
806400000,0.000738426771,0.0001948084853,-1.25899415e-07,3.230879975e-07
806500000,0.001213175795,1.506302992e-06,3.146133946e-08,3.447304499e-07
806600000,0.001551430799,-0.0003833417834,1.816868684e-07,2.939606069e-07
806700000,0.001682098584,-0.0008785590726,2.932779108e-07,1.816774835e-07
806800000,0.001577838832,-0.001379806581,3.429490585e-07,3.165114923e-08
806900000,0.001260782088,-0.001781563637,3.204871441e-07,-1.245088263e-07
807000000,0.0007978304615,-0.001999339044,2.308500736e-07,-2.540129195e-07
807100000,0.0002865385037,-0.001987437639,9.307503793e-08,-3.297762316e-07
807200000,-0.0001654462584,-0.001748546122,-6.37639862e-08,-3.360826696e-07
807300000,-0.0004630502383,-0.001333126983,-2.066911586e-07,-2.718442917e-07
807400000,-0.0005437750009,-0.0008287564958,-3.057616759e-07,-1.507800234e-07
807500000,-0.000390824714,-0.0003416595835,-3.403351396e-07,1.513315977e-09
807600000,-3.660244876e-05,2.566481026e-05,-3.033752185e-07,1.529725269e-07
807700000,0.0004441521655,0.0001960147658,-2.028800516e-07,2.718181117e-07
807800000,0.000950130344,0.0001337132197,-6.015295733e-08,3.332219483e-07
807900000,0.001374800088,-0.000147918204,9.471296413e-08,3.244936828e-07
808000000,0.001628833162,-0.0005894046692,2.291793803e-07,2.477025473e-07
808100000,0.001658892139,-0.001097675143,3.150988838e-07,1.191931288e-07
808200000,0.001458826604,-0.001565679985,3.346065845e-07,-3.389277284e-08
808300000,0.001070928335,-0.001894934444,2.838340433e-07,-1.793481943e-07
808400000,0.0005769893049,-0.002016240854,1.736735961e-07,-2.866765092e-07
808500000,8.105282736e-05,-0.001904229325,2.74426694e-08,-3.334850687e-07
808600000,-0.0003125047561,-0.001582661156,-1.240512741e-07,-3.101566272e-07
808700000,-0.0005209442593,-0.001119386133,-2.490007826e-07,-2.218241383e-07
808800000,-0.0005005609022,-0.0006120237851,-3.212763047e-07,-8.724366208e-08
808900000,-0.0002558503773,-0.0001673905721,-3.258899938e-07,6.518758892e-08
809000000,0.0001614785424,0.000120991071,-2.621030115e-07,2.034228178e-07
809100000,0.0006634280731,0.0001925660842,-1.435322756e-07,2.985027366e-07
809200000,0.001144264075,3.246420526e-05,4.755573648e-09,3.306219438e-07
809300000,0.001502785776,-0.0003254090262,1.515429809e-07,2.932538841e-07
809400000,0.001663622353,-0.0008055498442,2.660330365e-07,1.944753854e-07
809500000,0.001593075069,-0.001306783042,3.243105009e-07,5.522232256e-08
809600000,0.001306175328,-0.00172357866,3.143368759e-07,-9.514716209e-08
809700000,0.0008634802867,-0.001968267664,2.38436325e-07,-2.250417359e-07
809800000,0.0003582887308,-0.001989479971,1.127592979e-07,-3.072735957e-07
809900000,-0.0001030242293,-0.001782926879,-3.615334948e-08,-3.247486556e-07
810000000,-0.0004234086518,-0.001392264412,-1.769749193e-07,-2.740193789e-07
810100000,-0.0005355596825,-0.0008998639608,-2.801827105e-07,-1.659619672e-07
810200000,-0.0004160591357,-0.0004094414739,-3.242469738e-07,-2.344555015e-08
810300000,-9.026733125e-05,-2.420868863e-05,-3.001216452e-07,1.235073328e-07
810400000,0.0003730564259,0.0001748506818,-2.131002777e-07,2.440449273e-07
810500000,0.0008762633462,0.0001460074183,-8.165664457e-08,3.129630324e-07
810600000,0.001313392675,-0.0001044635571,6.647647687e-08,3.159747328e-07
810700000,0.001592481017,-0.0005236446015,2.001581486e-07,2.526713831e-07
810800000,0.001654906688,-0.001023152583,2.913854617e-07,1.365613293e-07
810900000,0.001487700345,-0.001497771257,3.211590578e-07,-7.81185286e-09
811000000,0.001126236729,-0.001847611151,2.834394594e-07,-1.500569964e-07
811100000,0.000646748744,-0.001999130054,1.863704849e-07,-2.603324661e-07
811200000,0.0001502476958,-0.001920590592,5.052228082e-08,-3.156062907e-07
811300000,-0.0002587588167,-0.001628705652,-9.546724063e-08,-3.044661362e-07
811400000,-0.0004942672997,-0.001185079966,-2.20929146e-07,-2.294747063e-07
811500000,-0.0005068653583,-0.0006832053088,-2.996059549e-07,-1.065846285e-07
811600000,-0.0002941012738,-0.0002287548209,-3.151465849e-07,3.825443113e-08
811700000,9.903992556e-05,8.26698052e-05,-2.645039106e-07,1.745749421e-07
811800000,0.0005896454205,0.0001856520758,-1.585290933e-07,2.738001512e-07
811900000,0.001074358315,5.870375134e-05,-1.964747169e-08,3.152342455e-07
812000000,0.001451149261,-0.0002712496855,1.228864091e-07,2.903784767e-07
812100000,0.001640790107,-0.0007345771126,2.391507361e-07,2.046732167e-07
812200000,0.001603510431,-0.00123363336,3.048375087e-07,7.630911392e-08
812300000,0.001347335409,-0.001663334769,3.063343294e-07,-6.763324956e-08
812400000,0.0009263569324,-0.001933283409,2.435445999e-07,-1.968960939e-07
812500000,0.000429309969,-0.001986782074,1.298619968e-07,-2.844045255e-07
812600000,-3.913358225e-05,-0.001812740169,-1.068578009e-08,-3.119371715e-07
812700000,-0.0003804101724,-0.001447970074,-1.485150306e-07,-2.739197705e-07
812800000,-0.0005228057836,-0.0009693984455,-2.547127504e-07,-1.785520284e-07
812900000,-0.0004365280594,-0.0004778403704,-3.071014877e-07,-4.604031587e-08
813000000,-0.000139941557,-7.675910005e-05,-2.948702583e-07,9.568313618e-08
813100000,0.0003043386695,0.0001495133749,-2.208046197e-07,2.168477374e-07
813200000,0.0008026639819,0.0001535101986,-1.006560795e-07,2.920978534e-07
813300000,0.001250089507,-6.541098925e-05,4.020714551e-08,3.05798496e-07
813400000,0.001552472126,-0.0004609725074,1.721560019e-07,2.552832482e-07
813500000,0.00164627627,-0.0009497564886,2.675324225e-07,1.513698476e-07
813600000,0.00151192108,-0.001428793503,3.064464422e-07,1.604449707e-08
813700000,0.00117786517,-0.001797251711,2.809236064e-07,-1.221895796e-07
813800000,0.0007145767622,-0.001977658273,1.965379677e-07,-2.343153604e-07
813900000,0.0002196664494,-0.00193218671,7.119651721e-08,-2.968927232e-07
814000000,-0.000202680957,-0.001670585845,-6.866021844e-08,-2.969582473e-07
814100000,-0.0004636413851,-0.001248088058,-1.936353925e-07,-2.347099746e-07
814200000,-0.0005084348318,-0.0007537454051,-2.77554516e-07,-1.234212599e-07
814300000,-0.0003278269564,-0.0002916568995,-3.029470184e-07,1.338881996e-08
814400000,3.996592765e-05,4.095536771e-05,-2.646827989e-07,1.469254436e-07
814500000,0.0005173610514,0.0001742037627,-1.710069236e-07,2.491782501e-07
814600000,0.001003772204,8.022169927e-05,-4.176415623e-08,2.98796401e-07
814700000,0.00139680032,-0.0002210067419,9.580457994e-08,2.855462981e-07
814800000,0.001613787556,-0.0006658933755,2.12803524e-07,2.124213461e-07
814900000,0.001609198235,-0.001160666297,2.847511936e-07,9.496900303e-08
815000000,0.00138417212,-0.001601131933,2.967026486e-07,-4.201424484e-08
815100000,0.0009862457477,-0.001894614298,2.463532417e-07,-1.697175345e-07
815200000,0.0004993083999,-0.001979452057,1.444794048e-07,-2.613749244e-07
815300000,2.591460176e-05,-0.001837951509,1.263299598e-08,-2.978750562e-07
815400000,-0.0003343176534,-0.001500074258,-1.214176671e-07,-2.717455681e-07
815500000,-0.0005056726439,-0.001037090827,-2.295357971e-07,-1.886816722e-07
815600000,-0.0004522538622,-0.0005465444618,-2.891216334e-07,-6.630645522e-08
815700000,-0.0001855059519,-0.0001316975873,-2.87836042e-07,6.956757245e-08
815800000,0.000238234408,0.0001202079334,-2.261550067e-07,1.903827432e-07
815900000,0.0007296344161,0.000156299806,-1.172263376e-07,2.708380995e-07
816000000,0.001185195724,-3.082545694e-05,1.593220798e-08,2.941875368e-07
816100000,0.001509050357,-0.0004015827461,1.45296429e-07,2.55724842e-07
816200000,0.001633132177,-0.0008777695913,2.437332643e-07,1.637304617e-07
816300000,0.001531479955,-0.001359058228,2.906914031e-07,3.768993172e-08
816400000,0.001225666621,-0.001744130788,2.764914928e-07,-9.583294488e-08
816500000,0.0007802191848,-0.001952005525,2.043204348e-07,-2.087942497e-07
816600000,0.0002890013562,-0.001939065209,8.951905616e-08,-2.775597252e-07
816700000,-0.0001445676519,-0.001708206862,-4.367819619e-08,-2.87849272e-07
816800000,-0.0004292893405,-0.001308193205,-1.672587631e-07,-2.377018111e-07
816900000,-0.0005053716593,-0.000823350351,-2.553229527e-07,-1.378450663e-07
817000000,-0.0003569878384,-0.000355788447,-2.895116002e-07,-9.401466048e-09
817100000,-1.557040064e-05,-3.894156539e-06,-2.628330278e-07,1.205794197e-07
817200000,0.0004468449315,0.0001583746757,-1.810916796e-07,2.24817065e-07
817300000,0.0009328157021,9.703480093e-05,-6.162676336e-08,2.815253426e-07
817400000,0.001340023611,-0.0001748036288,7.036529784e-08,2.789655329e-07
817500000,0.001582814138,-0.0005997361449,1.871447234e-07,2.178755545e-07
817600000,0.001610210769,-0.001088183343,2.642579328e-07,1.112728539e-07
817700000,0.001416615464,-0.001537272088,2.856577774e-07,-1.831878267e-08
817800000,0.001042949283,-0.001852499138,2.470424129e-07,-1.436278442e-07
817900000,0.0005680007748,-0.001967615356,1.567182186e-07,-2.383738577e-07
818000000,9.181095862e-05,-0.001858546635,3.381406837e-08,-2.827787511e-07
818100000,-0.000285401438,-0.001548426096,-9.576934798e-08,-2.676950773e-07
818200000,-0.000484334716,-0.001102685492,-2.048174913e-07,-1.964895145e-07
818300000,-0.0004632784691,-0.0006152472705,-2.705171463e-07,-8.429400998e-08
818400000,-0.0002268612054,-0.0001887313555,-2.792286636e-07,4.520937426e-08
818500000,0.0001749631556,8.715185528e-05,-2.293170406e-07,1.647868904e-07
818600000,0.0006574680478,0.0001544727276,-1.314543532e-07,2.493798916e-07
818700000,0.001119016777,-7.516878546e-07,-6.338626795e-09,2.813557954e-07
818800000,0.001462468884,-0.0003456517211,1.196834154e-07,2.541829689e-07
818900000,0.001615622038,-0.0008074627202,2.201641094e-07,1.73763732e-07
819000000,0.001546388048,-0.001288873586,2.741049945e-07,5.715369312e-08
819100000,0.001269513365,-0.001688528949,2.703446975e-07,-7.105499444e-08
819200000,0.0008434364822,-0.001922365732,2.098677215e-07,-1.839196017e-07
819300000,0.000357951574,-0.001941292592,1.055567229e-07,-2.578084749e-07
819400000,-8.471768727e-05,-0.001741493876,-2.055110154e-08,-2.773487099e-07
819500000,-0.0003914450084,-0.001365195103,-1.419193281e-07,-2.386240456e-07
819600000,-0.0004977955752,-0.0008917366152,-2.330959757e-07,-1.49957851e-07
819700000,-0.0003815644428,-0.0004208424489,-2.750507011e-07,-3.012508551e-08
819800000,-6.741459477e-05,-5.161290754e-05,-2.591463954e-07,9.562285716e-08
819900000,0.0003783538762,0.0001383335984,-1.889164028e-07,2.00878863e-07
820000000,0.0008617938181,0.0001091793216,-7.928185698e-08,2.636253069e-07
820100000,0.001281108078,-0.0001327441168,4.661795236e-08,2.708393872e-07
820200000,0.001548081907,-0.0005363272606,1.623089883e-07,2.211953776e-07
820300000,0.001606638597,-0.001016477603,2.435490982e-07,1.25303203e-07
820400000,0.001444615535,-0.00147205783,2.734074536e-07,3.441615471e-09
820500000,0.001096287764,-0.001807186294,2.457925696e-07,-1.187298656e-07
820600000,0.0006351153824,-0.001951413852,1.666938362e-07,-2.15573598e-07
820700000,0.0001582491008,-0.001874531139,5.288378289e-08,-2.668535717e-07
820800000,-0.0002339380743,-0.001592893809,-7.163800685e-08,-2.619634591e-07
820900000,-0.0004589805253,-0.001165941128,-1.807054698e-07,-2.021196437e-07
821000000,-0.0004696627764,-0.0006836488258,-2.514841142e-07,-1.000659321e-07
821100000,-0.0002639278793,-0.0002475649582,-2.69251349e-07,2.263966074e-08
821200000,0.0001147278381,5.057388304e-05,-2.304584157e-07,1.401785194e-07
821300000,0.0005864484614,0.0001481429138,-1.434372187e-07,2.279036624e-07
821400000,0.001051857132,2.478559155e-05,-2.661171534e-08,2.675077223e-07
821500000,0.001412988935,-0.0002933375094,9.540236778e-08,2.508431126e-07
821600000,0.001593908871,-0.0007390939098,1.969838919e-07,1.815973164e-07
821700000,0.001556675909,-0.001218543159,2.56886079e-07,7.447902145e-08
821800000,0.001309297143,-0.001630731364,2.626801424e-07,-4.790569326e-08
821900000,0.0009040044726,-0.001888945621,2.133334943e-07,-1.598237853e-07
822000000,0.0004262242682,-0.001938953672,1.193878286e-07,-2.378256874e-07
822100000,-2.343086146e-05,-0.00177039201,7.078440403e-10,-2.656582565e-07
822200000,-0.0003503520439,-0.001418910833,-1.177187571e-07,-2.376509782e-07
822300000,-0.0004858428535,-0.0009586318369,-2.110420668e-07,-1.598700354e-07
822400000,-0.0004015570722,-0.0004865144955,-2.597640332e-07,-4.880562637e-08
822500000,-0.0001154310425,-0.000101928523,-2.538118289e-07,7.212365675e-08
822600000,0.0003121307437,0.0001142635473,-1.946196258e-07,1.775084735e-07
822700000,0.0007910054342,0.000116710488,-9.478867694e-08,2.452873997e-07
822800000,0.001220345653,-9.491228237e-05,2.459475986e-08,2.613649823e-07
822900000,0.001509814378,-0.0004758722818,1.384129195e-07,2.225425676e-07
823000000,0.001598589811,-0.0009458327373,2.228009205e-07,1.371526093e-07
823100000,0.001468142318,-0.001405791138,2.601503543e-07,2.327112742e-08
823200000,0.001146099479,-0.001758932462,2.427830667e-07,-9.510837853e-08
823300000,0.0007003929509,-0.001931004936,1.745287192e-07,-1.931297901e-07
823400000,0.0002249268396,-0.001885930043,6.988220256e-08,-2.502931256e-07
823500000,-0.0001802090296,-0.001633364871,-4.907410568e-08,-2.547415272e-07
823600000,-0.0004298115916,-0.001226631444,-1.573298242e-07,-2.057200473e-07
823700000,-0.0004714860082,-0.0007514567878,-2.322046878e-07,-1.136964737e-07
823800000,-0.0002966463332,-0.0003079015896,-2.580999089e-07,1.873246573e-09
823900000,5.771428262e-05,1.071281488e-05,-2.297474642e-07,1.166581005e-07
824000000,0.0005168484387,0.0001374409435,-1.532805588e-07,2.065741635e-07
824100000,0.0009840190231,4.578134995e-05,-4.49080216e-08,2.5283756e-07
824200000,0.001360878535,-0.0002447795751,7.252109362e-08,2.458881445e-07
824300000,0.001568170082,-0.0006729075807,1.743346615e-07,1.873643797e-07
824400000,0.001562393037,-0.001148364777,2.392208857e-07,8.972159876e-08
824500000,0.001344929214,-0.001571026521,2.536890097e-07,-2.641826347e-08
824600000,0.0009617149463,-0.0018519636,2.148737497e-07,-1.366216531e-07
824700000,0.0004935356751,-0.001932150839,1.311005687e-07,-2.177834681e-07
824800000,3.899329184e-05,-0.001794866158,2.01007586e-08,-2.52970959e-07
824900000,-0.0003062626924,-0.001469175279,-9.474116257e-08,-2.349560171e-07
825000000,-0.0004696653984,-0.001023775737,-1.893136251e-07,-1.676990659e-07
825100000,-0.0004169854022,-0.0005525040039,-2.438400702e-07,-6.548011747e-08
825200000,-0.0001595031662,-0.0001545634127,-2.470142037e-07,5.013270448e-08
825300000,0.0002484037031,8.636071398e-05,-1.983438425e-07,1.548337211e-07
825400000,0.0007207421782,0.0001197018686,-1.08217577e-07,2.266892987e-07
825500000,0.001158029967,-6.137255814e-05,4.312024409e-09,2.507323951e-07
825600000,0.001468245363,-0.000418559959,1.155557639e-07,2.220796712e-07
825700000,0.001586189211,-0.0008765219724,2.021744811e-07,1.469220734e-07
825800000,0.001487185403,-0.001338772115,2.460753834e-07,4.118822154e-08
825900000,0.001192241093,-0.001708001413,2.381908943e-07,-7.283104223e-08
826000000,0.0007635874799,-0.001906560537,1.803508448e-07,-1.711817303e-07
826100000,0.000291547366,-0.001892787293,8.486160173e-08,-2.332788726e-07
826200000,-0.0001244994097,-0.00166974608,-2.811178625e-08,-2.462146827e-07
826300000,-0.0003970413183,-0.001284545809,-1.348036532e-07,-2.074411484e-07
826400000,-0.0004688450089,-0.0008183875158,-2.128469223e-07,-1.252696327e-07
826500000,-0.0003249765695,-0.0003694443567,-2.459619017e-07,-1.709004014e-08
826600000,4.090787684e-06,-3.218370207e-05,-2.273518239e-07,9.43090393e-08
826700000,0.0004489290368,0.0001225131362,-1.610969797e-07,1.855405922e-07
826800000,0.0009158012232,6.224986927e-05,-6.12616766e-08,2.375287651e-07
826900000,0.001306411235,-0.0002000985649,5.109083279e-08,2.394971673e-07
827000000,0.001538596424,-0.0006091337939,1.523419866e-07,1.912021005e-07
827100000,0.001563607282,-0.001078629387,2.212827093e-07,1.029480357e-07
827200000,0.001376340319,-0.001509704945,2.435557923e-07,-6.610400812e-09
827300000,0.001016376212,-0.0018116486,2.146454271e-07,-1.144112081e-07
827400000,0.0005596121054,-0.001921003267,1.407914888e-07,-1.978392881e-07
827500000,0.0001022567541,-0.001814900724,3.764373788e-08,-2.394705113e-07
827600000,-0.0002594365563,-0.001515841448,-7.305400096e-08,-2.307104414e-07
827700000,-0.0004494297868,-0.001086920965,-1.680472222e-07,-1.73567907e-07
827800000,-0.0004278880027,-0.0006185154004,-2.274556039e-07,-8.019756884e-08
827900000,-0.0001995335228,-0.0002092360298,-2.389332963e-07,2.968497826e-08
828000000,0.0001873855777,5.483337226e-05,-2.002340786e-07,1.329659465e-07
828100000,0.0006512873482,0.0001182446904,-1.196485166e-07,2.079950842e-07
828200000,0.00109445509,-3.216986471e-05,-1.422858866e-08,2.391238346e-07
828300000,0.001423617773,-0.0003645617855,9.382018512e-08,2.199687283e-07
828400000,0.001569577446,-0.0008088071627,1.8181582e-07,1.547195312e-07
828500000,0.001501753632,-0.001271297772,2.31361096e-07,5.722426329e-08
828600000,0.001234587866,-0.001654662749,2.321895446e-07,-5.194938368e-08
828700000,0.0008244670003,-0.001878266098,1.842922508e-07,-1.498527438e-07
828800000,0.0003578203855,-0.001895165187,9.788499751e-08,-2.159798125e-07
828900000,-6.709668871e-05,-0.00170196356,-8.770041226e-09,-2.365619816e-07
829000000,-0.0003608938546,-0.001339489814,-1.132236964e-07,-2.074344505e-07
829100000,-0.000461853477,-0.0008841670811,-1.93564739e-07,-1.348776615e-07
829200000,-0.000348898,-0.0004318975263,-2.330159368e-07,-3.426404226e-08
829300000,-4.599222427e-05,-7.78603915e-05,-2.234372282e-07,7.319854132e-08
829400000,0.0003829387316,0.0001035206166,-1.670046029e-07,1.649368241e-07
829500000,0.0008474978658,7.42242902e-05,-7.571856583e-08,2.21753564e-07
829600000,0.001249864862,-0.0001593961864,3.114732123e-08,2.318444865e-07
829700000,0.001505390929,-0.0005479875779,1.311154475e-07,1.93250279e-07
829800000,0.001560404185,-0.001009619973,2.032317299e-07,1.142344081e-07
829900000,0.00140348058,-0.001447057938,2.324574842e-07,1.151449767e-08
830000000,0.001067813564,-0.001768238898,2.128051354e-07,-9.327433721e-08
830100000,0.0006241908877,-0.001905646077,1.485640184e-07,-1.78136075e-07
830200000,0.0001660642414,-0.001830499291,5.33655091e-08,-2.253306805e-07
830300000,-0.0002101393552,-0.001558780723,-5.270902421e-08,-2.250822894e-07
830400000,-0.0004253162703,-0.001147833868,-1.473639539e-07,-1.776036249e-07
830500000,-0.0004343217905,-0.0006842592583,-2.107754289e-07,-9.301754941e-08
830600000,-0.000235443822,-0.0002656621331,-2.297428692e-07,1.080067787e-08
830700000,0.0001292732648,1.990075785e-05,-2.004365708e-07,1.120006087e-07
830800000,0.0005829148937,0.000112447095,-1.291696131e-07,1.89355187e-07
830900000,0.00102991428,-7.329820266e-06,-3.103878293e-08,2.267129495e-07
831000000,0.001376182418,-0.0003140316305,7.327308931e-08,2.163700874e-07
831100000,0.001548910094,-0.0007429379258,1.61856147e-07,1.60658427e-07
831200000,0.001511874663,-0.00120366084,2.161752531e-07,7.142214649e-08
831300000,0.001273033801,-0.001599190646,2.249480008e-07,-3.249982147e-08
831400000,0.0008828142617,-0.001846319524,1.86487679e-07,-1.292506503e-07
831500000,0.0004234632037,-0.001893143743,1.090247312e-07,-1.985522987e-07
831600000,-8.289454062e-06,-0.001729962671,8.946100921e-09,-2.259553351e-07
831700000,-0.0003216029348,-0.00139128576,-9.26710339e-08,-2.058512955e-07
831800000,-0.0004506411437,-0.0009485322176,-1.744979979e-07,-1.426196432e-07
831900000,-0.000368409136,-0.0004949677427,-2.194311053e-07,-4.96749698e-08
832000000,-9.24024739e-05,-0.0001260555753,-2.181664162e-07,5.337852247e-08
832100000,0.0003191126314,8.063833607e-05,-1.711256873e-07,1.448817415e-07
832200000,0.0007793973025,8.175608822e-05,-8.833494871e-08,2.056726314e-07
832300000,0.001191520255,-0.0001227551677,1.271187914e-08,2.230987103e-07
832400000,0.001468767798,-0.0004896683333,1.107492081e-07,1.93650048e-07
832500000,0.001552886256,-0.00094161053,1.852149471e-07,1.236648499e-07
832600000,0.001426319311,-0.001383376342,2.205628943e-07,2.796610567e-08
832700000,0.001115869666,-0.001721980927,2.095079953e-07,-7.327760461e-08
832800000,0.0006870212453,-0.001886229439,1.545270845e-07,-1.588024032e-07
832900000,0.0002301243887,-0.001841684214,6.730610374e-08,-2.10714861e-07
833000000,-0.0001586416855,-0.001597883024,-3.374326232e-08,-2.182353683e-07
833100000,-0.0003975177392,-0.001206295197,-1.273698802e-07,-1.799360646e-07
833200000,-0.000436361416,-0.0007494533878,-1.939521436e-07,-1.040088094e-07
833300000,-0.0002671748643,-0.0003235560351,-2.196098802e-07,-6.513632518e-09
833400000,7.424723352e-05,-1.820807607e-05,-1.99097551e-07,9.201795323e-08
833500000,0.0005158884555,0.0001024333398,-1.368757571e-07,1.709064447e-07
833600000,0.0009646987738,1.314097333e-05,-4.614236946e-08,2.136642625e-07
833700000,0.001326196786,-0.0002671054515,5.396650104e-08,2.114413377e-07
833800000,0.001524356709,-0.0006791508424,1.424121475e-07,1.64856371e-07
833900000,0.001517594474,-0.001136148632,2.006744951e-07,8.38349571e-08
834000000,0.001307491703,-0.001541862613,2.166298532e-07,-1.450471458e-08
834100000,0.0009384273443,-0.001810930094,1.870733161e-07,-1.094683057e-07
834200000,0.0004882017582,-0.001886819993,1.183611009e-07,-1.811399591e-07
834300000,5.163382849e-05,-0.001753707849,2.504438918e-08,-2.145588317e-07
834400000,-0.0002794107017,-0.001439773063,-7.321184593e-08,-2.028417288e-07
834500000,-0.000435352901,-0.001011231211,-1.557726698e-07,-1.486001419e-07
834600000,-0.0003835272057,-0.0005583652117,-2.053665305e-07,-6.33601169e-08
834700000,-0.0001350260109,-0.0001765024031,-2.116981609e-07,3.488655623e-08
834800000,0.0002576717617,5.405405566e-05,-1.735853384e-07,1.25479647e-07
834900000,0.0007117810096,8.491448365e-05,-9.917612448e-08,1.894348848e-07
835000000,0.001131660028,-9.023929651e-05,-4.20748593e-09,2.134219691e-07
835100000,0.001428951277,-0.0004343593128,9.132265336e-08,1.925426848e-07
835200000,0.0015411722,-0.0008748650945,1.673662221e-07,1.31330209e-07
835300000,0.001444844754,-0.001318949319,2.080320855e-07,4.276594834e-08
835400000,0.001160404863,-0.001673128075,2.049065929e-07,-5.447308955e-08
835500000,0.000747865108,-0.001862917634,1.587938029e-07,-1.399527785e-07
835600000,0.0002941508939,-0.001848496142,7.951556373e-08,-1.957757431e-07
835700000,-0.0001052177838,-0.001633056893,-1.618003367e-08,-2.103283837e-07
835800000,-0.0003662386541,-0.001262100732,-1.081565386e-07,-1.806966218e-07
835900000,-0.000434098588,-0.0008138238743,-1.771260641e-07,-1.132479543e-07
836000000,-0.0002946864012,-0.0003826318327,-2.086938127e-07,-2.226387864e-08
836100000,2.247110123e-05,-5.925542133e-05,-1.963621392e-07,7.308373766e-08
836200000,0.0004504604673,8.834294734e-05,-1.428673e-07,1.527722562e-07
836300000,0.0008990966009,2.925457098e-05,-5.957402488e-08,2.001327237e-07
836400000,0.00127392383,-0.0002239010881,3.593847248e-08,2.053363571e-07
836500000,0.001496099817,-0.0006176687283,1.235863703e-07,1.674338815e-07
836600000,0.001518976795,-0.001069041942,1.8500413e-07,9.452467741e-08
836700000,0.001337893166,-0.001482958254,2.073925302e-07,2.026574722e-09
836800000,0.0009911201951,-0.001772317353,1.861856354e-07,-9.058421024e-08
836900000,0.000551771595,-0.001876307237,1.259810564e-07,-1.638737241e-07
837000000,0.0001123860247,-0.001773182366,3.954417148e-08,-2.025281789e-07
837100000,-0.0002345665167,-0.001484808577,-5.489821679e-08,-1.985534764e-07
837200000,-0.0004161478845,-0.00107202472,-1.375010986e-07,-1.529279287e-07
837300000,-0.0003942877002,-0.000621804846,-1.90971038e-07,-7.536660736e-08
837400000,-0.0001737673202,-0.0002289300796,-2.041864134e-07,1.774684611e-08
837500000,0.0001988224222,2.396729631e-05,-1.745103105e-07,1.068207506e-07
837600000,0.0006449225445,8.378578948e-05,-1.083151437e-07,1.731773859e-07
837700000,0.001070567345,-6.189353736e-05,-1.961497309e-08,2.029692573e-07
837800000,0.001386174511,-0.0003822271797,7.290108241e-08,1.900685281e-07
837900000,0.001525396087,-0.0008096368392,1.498064145e-07,1.373267696e-07
838000000,0.001459063746,-0.001254063177,1.950159269e-07,5.594620012e-08
838100000,0.001201297403,-0.001621939475,1.991500461e-07,-3.689926174e-08
838200000,0.0008064978541,-0.00183588808,1.614802534e-07,-1.216880019e-07
838300000,0.0003578636185,-0.001850993477,9.005268511e-08,-1.806550964e-07
838400000,-5.014429999e-05,-0.001664229502,-2.997129611e-11,-2.015141834e-07
838500000,-0.0003316939511,-0.001315061835,-8.980152312e-08,-1.800171109e-07
838600000,-0.0004276413412,-0.0008771060617,-1.60425236e-07,-1.208181755e-07
838700000,-0.0003179569189,-0.0004426046129,-1.971461234e-07,-3.646733638e-08
838800000,-2.590871228e-05,-0.0001029960904,-1.923733401e-07,5.525000347e-08
838900000,0.0003868713223,7.032980842e-05,-1.472488141e-07,1.350628242e-07
839000000,0.0008333914369,4.104125419e-05,-7.137807546e-08,1.862633735e-07
839100000,0.001219630747,-0.0001845181348,1.921402036e-08,1.982044706e-07
839200000,0.001464333891,-0.0005586999763,1.054676907e-07,1.685132177e-07
839300000,0.001516102477,-0.001002613996,1.692980244e-07,1.035609363e-07
839400000,0.001364188476,-0.001422758053,1.973866464e-07,1.70966125e-08
839500000,0.001040723087,-0.001730709974,1.839603357e-07,-7.266317172e-08
839600000,0.000613918785,-0.001861734229,1.31976956e-07,-1.468719472e-07
839700000,0.0001736825126,-0.001788388014,5.247523165e-08,-1.900102581e-07
839800000,-0.000187325765,-0.001526266845,-3.77689748e-08,-1.931310281e-07
839900000,-0.0003931985137,-0.001130686535,-1.197823453e-07,-1.557147898e-07
840000000,-0.0004007438533,-0.0006850073684,-1.763829275e-07,-8.575017589e-08
840100000,-0.0002085493485,-0.0002830650835,-1.957795591e-07,1.971214025e-09
840200000,0.0001427556183,-9.411739626e-06,-1.740279014e-07,8.898172075e-08
840300000,0.0005790865555,7.847270083e-05,-1.158315749e-07,1.570253417e-07
840400000,0.001008524719,-3.774422519e-05,-3.352588682e-08,1.9188788e-07
840500000,0.001340678375,-0.0003334216437,5.553644893e-08,1.863659963e-07
840600000,0.001505706474,-0.0007461672266,1.326436054e-07,1.417550463e-07
840700000,0.001469001308,-0.00118900022,1.816557566e-07,6.754850744e-08
840800000,0.001238443588,-0.0015686788,1.923831775e-07,-2.058188261e-08
840900000,0.0008627089815,-0.001805330313,1.62704341e-07,-1.040956083e-07
841000000,0.0004209896409,-0.001849251762,9.898380387e-08,-1.654836503e-07
841100000,6.300915805e-06,-0.001691346576,1.470794718e-08,-1.919391121e-07
841200000,-0.0002941079245,-0.001365005928,-7.236911825e-08,-1.780287282e-07
841300000,-0.0004171132499,-0.0009390454773,-1.439655396e-07,-1.268080422e-07
841400000,-0.0003369833481,-0.0005031916322,-1.851097957e-07,-4.915150595e-08
841500000,-7.076325135e-05,-0.0001491786,-1.872711436e-07,3.855588306e-08
841600000,0.0003253486057,4.856124223e-05,-1.501279308e-07,1.178754762e-07
841700000,0.0007678614992,4.854903336e-05,-8.160731692e-08,1.721911137e-07
841800000,0.001163587768,-0.0001490378924,3.806078359e-09,1.901897167e-07
841900000,0.001429264285,-0.0005024379728,8.81318342e-08,1.682172986e-07
842000000,0.001509068805,-0.0009371294595,1.536785918e-07,1.110198111e-07
842100000,0.00138634644,-0.00136154217,1.867554569e-07,3.071882834e-08
842200000,0.001087083003,-0.001686344616,1.805313814e-07,-5.575701382e-08
842300000,0.0006744007787,-0.001843244323,1.364453931e-07,-1.302406094e-07
842400000,0.0002352423289,-0.001799344728,6.387664891e-08,-1.771427833e-07
842500000,-0.0001379486579,-0.001564040264,-2.185056147e-08,-1.867148252e-07
842600000,-0.000366689497,-0.001187004257,-1.027025998e-07,-1.570744131e-07
842700000,-0.0004029660572,-0.0007477003695,-1.617298496e-07,-9.457399093e-08
842800000,-0.0002393134544,-0.0003386323743,-1.866197807e-07,-1.243990413e-08
842900000,8.964656751e-05,-4.586327003e-05,-1.722649392e-07,7.202629032e-08
843000000,0.0005145278484,6.909353e-05,-1.218103305e-07,1.410921932e-07
843100000,0.0009458128307,-1.779933264e-05,-4.596554725e-08,1.803170132e-07
843200000,0.001292710312,-0.0002880751748,3.926813699e-08,1.815707069e-07
843300000,0.001482265485,-0.000684685231,1.159733987e-07,1.447186509e-07
843400000,0.001474700173,-0.001124037639,1.680831448e-07,7.762284282e-08
843500000,0.001271757842,-0.001513613056,1.847457928e-07,-5.534923502e-09
843600000,0.0009163027076,-0.001771444945,1.625847415e-07,-8.725036448e-08
843700000,0.0004832642589,-0.001843363022,1.063816331e-07,-1.503810708e-07
843800000,6.384000744e-05,-0.001714372247,2.804536989e-08,-1.817424714e-07
843900000,-0.0002537130924,-0.001411776891,-5.591097886e-08,-1.748611132e-07
844000000,-0.0004026525923,-0.0009993986968,-1.278508774e-07,-1.313103588e-07
844100000,-0.0003517807028,-0.0005641134624,-1.727189995e-07,-6.035300746e-08
844200000,-0.0001119812132,-0.0001975463578,-1.8119173e-07,2.302843491e-08
844300000,0.000266106396,2.321701956e-05,-1.516142552e-07,1.012950551e-07
844400000,0.0007027784854,5.184308589e-05,-9.032186983e-08,1.580405711e-07
844500000,0.001106066958,-0.0001175233969,-1.028354171e-08,1.814302198e-07
844600000,0.001391106148,-0.000449060587,7.164195507e-08,1.666687148e-07
844700000,0.001497988753,-0.0008728434923,1.382568686e-07,1.16982686e-07
844800000,0.001404354141,-0.001299589273,1.756344169e-07,4.291646152e-08
844900000,0.001130063937,-0.001639464758,1.76030139e-07,-3.99053217e-08
845000000,0.0007329871967,-0.001820994573,1.394860917e-07,-1.140736001e-07
845100000,0.0002967892785,-0.001806090125,7.379568609e-08,-1.640540626e-07
845200000,-8.669903903e-05,-0.001598039179,-7.157914479e-09,-1.794405519e-07
845300000,-0.0003368168043,-0.001240779918,-8.633565567e-08,-1.571213609e-07
845400000,-0.0004010412178,-0.0008096193154,-1.471287687e-07,-1.019075243e-07
845500000,-0.0002660192819,-0.0003953565813,-1.768425217e-07,-2.549646415e-08
845600000,3.965428148e-05,-8.515905301e-05,-1.693468635e-07,5.600590698e-08
845700000,0.0004514905128,5.578139154e-05,-1.263405552e-07,1.254797873e-07
845800000,0.0008827093871,-2.048808748e-06,-5.696822041e-08,1.683873593e-07
845900000,0.001242523148,-0.000246302795,2.412376267e-08,1.75814693e-07
846000000,0.001455247853,-0.0006254066266,9.987928862e-08,1.463232363e-07
846100000,0.001476220245,-0.00105944645,1.54419753e-07,8.622639675e-08
846200000,0.001301172705,-0.001457011397,1.763720609e-07,8.238506919e-09
846300000,0.0009670984949,-0.001734442593,1.612399334e-07,-7.121482116e-08
846400000,0.0005444319381,-0.001833435033,1.12324153e-07,-1.354560237e-07
846500000,0.0001221962834,-0.001733288833,4.0003551e-08,-1.710560824e-07
846600000,-0.0002107490504,-0.001455235387,-4.046684404e-08,-1.706415012e-07
846700000,-0.0003844114698,-0.001057934146,-1.12173436e-07,-1.344210906e-07
846800000,-0.0003623816505,-0.000625095101,-1.600988464e-07,-7.011650417e-08
846900000,-0.0001494690594,-0.0002478388469,-1.74266769e-07,8.683495971e-09
847000000,0.000209344637,-5.511647047e-06,-1.518183632e-07,8.539436943e-08
847100000,0.00063840656,5.100513369e-05,-9.758808357e-08,1.439260549e-07
847200000,0.001047341035,-9.001952377e-05,-2.306318968e-08,1.720576604e-07
847300000,0.00135008332,-0.0003987297365,5.604925912e-08,1.639888273e-07
847400000,0.001482990193,-0.000810000868,1.231326686e-07,1.215351698e-07
847500000,0.001418216623,-0.001237175388,1.641508374e-07,5.372152536e-08
847600000,0.001169547128,-0.00159031954,1.705846079e-07,-2.513621381e-08
847700000,0.0007894605537,-0.001795154791,1.412008782e-07,-9.845306523e-08
847800000,0.000358053001,-0.001808678992,8.228671597e-08,-1.508628477e-07
847900000,-3.384319908e-05,-0.001628191894,6.304636179e-09,-1.714385223e-07
848000000,-0.000303786613,-0.001291830518,-7.074343785e-08,-1.559701245e-07
848100000,-0.000395072054,-0.0008705085029,-1.326860137e-07,-1.078254719e-07
848200000,-0.0002886445599,-0.0004529631711,-1.665760534e-07,-3.721782753e-08
848300000,-7.078776228e-06,-0.0001270635202,-1.653968941e-07,4.096041946e-08
848400000,0.0003902071098,3.86833413e-05,-1.295145788e-07,1.102786199e-07
848500000,0.00081948801,9.535013633e-06,-6.657607535e-08,1.562208995e-07
848600000,0.001190373922,-0.0002082019464,1.01199974e-08,1.692257169e-07
848700000,0.001424839928,-0.0005685333452,8.443308775e-08,1.466755156e-07
848800000,0.001473637999,-0.0009954904745,1.407772802e-07,9.342251155e-08
848900000,0.001326638751,-0.001399143938,1.673899914e-07,2.074523469e-08
849000000,0.001014931503,-0.001694542789,1.58787319e-07,-5.60399095e-08
849100000,0.0006042472027,-0.001819590555,1.168935577e-07,-1.208063134e-07
849200000,0.0001810953594,-0.001748096541,5.061234839e-08,-1.6000394e-07
849300000,-0.0001654613185,-0.00149525911,-2.606528036e-08,-1.654939689e-07
849400000,-0.0003625548861,-0.001114432835,-9.70140144e-08,-1.362383591e-07
849500000,-0.000368836017,-0.0006858670407,-1.473652345e-07,-7.84936596e-08
849600000,-0.0001831510504,-0.0002997928039,-1.666228186e-07,-4.473454953e-09
849700000,0.0001552485803,-3.742314103e-05,-1.508508789e-07,7.023469701e-08
849800000,0.0005750013934,4.613276379e-05,-1.03477488e-07,1.299515931e-07
849900000,0.0009876821993,-6.655316635e-05,-3.455042258e-08,1.621968428e-07
850000000,0.001306427212,-0.0003515910267,4.139366215e-08,1.602969555e-07
850100000,0.001464215049,-0.000748835151,1.083948098e-07,1.247660775e-07
850200000,0.001427956506,-0.001174572794,1.524236355e-07,6.3173796e-08
850300000,0.001205431205,-0.001539162595,1.643187473e-07,-1.146713354e-08
850400000,0.0008436169143,-0.001765906576,1.416927235e-07,-8.344981317e-08
850500000,0.0004187699937,-0.001807182706,8.941018502e-08,-1.376782722e-07
850600000,2.035129684e-05,-0.001654444613,1.854247197e-08,-1.628331637e-07
850700000,-0.0002678142319,-0.001339988499,-5.597657218e-08,-1.537342626e-07
850800000,-0.0003851763447,-0.0009301219593,-1.184974052e-07,-1.124067313e-07
850900000,-0.0003071848308,-0.0005111795881,-1.559411288e-07,-4.763179077e-08
851000000,-5.042695634e-05,-0.0001713349184,-1.605352936e-07,2.691879162e-08
851100000,0.0003308979244,1.795947433e-05,-1.314269371e-07,9.556814472e-08
851200000,0.0007564171635,1.699694492e-05,-7.483817109e-08,1.439307337e-07
851300000,0.001136522717,-0.0001738524359,-2.73660057e-09,1.619266763e-07
851400000,0.001391238656,-0.0005142529044,6.969540786e-08,1.458823614e-07
851500000,0.001467045822,-0.0009324253733,1.272574877e-07,9.927966236e-08
851600000,0.001348124427,-0.001340280602,1.579210021e-07,3.200109838e-08
851700000,0.001059652967,-0.001651972872,1.553424273e-07,-4.176557274e-08
851800000,0.0006624754685,-0.001801966509,1.201752642e-07,-1.065190943e-07
851900000,0.0002402662695,-0.001758813104,5.990924362e-08,-1.487019605e-07
852000000,-0.0001181001851,-0.001531742955,-1.272444437e-08,-1.595387718e-07
852100000,-0.0003372597901,-0.001168689032,-8.244240796e-08,-1.368615094e-07
852200000,-0.0003712102299,-0.0007461662952,-1.346247771e-07,-8.554213211e-08
852300000,-0.0002129692057,-0.0003531433845,-1.583808126e-07,-1.644643154e-08
852400000,0.0001039883006,-7.230650272e-05,-1.488216305e-07,5.586632929e-08
852500000,0.0005128092543,3.733869592e-05,-1.080657956e-07,1.162110448e-07
852600000,0.0009273610036,-4.713348588e-05,-4.477106623e-08,1.519653501e-07
852700000,0.001260375676,-0.0003077734665,2.770447689e-08,1.557096518e-07
852800000,0.001441818415,-0.0006895679378,9.412140461e-08,1.267664753e-07
852900000,0.001433613532,-0.001112048946,1.405631663e-07,7.131983069e-08
853000000,0.001237632269,-0.001486250887,1.573518883e-07,1.094348147e-09
853100000,0.00089526648,-0.001733442304,1.410648629e-07,-6.912377091e-08
853200000,0.0004786845836,-0.001801688599,9.523162361e-08,-1.245998664e-07
853300000,7.561676393e-05,-0.001676761303,2.956979524e-08,-1.537425895e-07
853400000,-0.0002291230084,-0.001385102134,-4.207499124e-08,-1.505256227e-07
853500000,-0.0003714861276,-0.0009882242835,-1.046484468e-07,-1.157334341e-07
853600000,-0.000321653109,-0.0005697363649,-1.450507264e-07,-5.677363574e-08
853700000,-9.028161453e-05,-0.0002177264547,-1.548787134e-07,1.389983639e-08
853800000,0.0002737702834,-6.218014237e-06,-1.321734633e-07,8.141713849e-08
853900000,0.0006937591259,2.039840335e-05,-8.180948288e-08,1.31621e-07
854000000,0.001081231498,-0.0001433164545,-1.444875025e-08,1.540350984e-07
854100000,0.001354650532,-0.0004627379069,5.571617929e-08,1.440499819e-07
854200000,0.001456551303,-0.000870497732,1.139522995e-07,1.038704889e-07
854300000,0.001365615831,-0.001280689981,1.480795781e-07,4.203003976e-08
854400000,0.001101130499,-0.001606966873,1.510182041e-07,-2.842142605e-08
854500000,0.0007188938119,-0.00178071311,1.222569814e-07,-9.267114197e-08
854600000,0.0002994425405,-0.001765473356,6.793839029e-08,-1.372578089e-07
854700000,-6.891955457e-05,-0.001564599117,-4.528560294e-10,-1.528917677e-07
854800000,-0.0003087140876,-0.001220510858,-6.851784457e-08,-1.363902508e-07
854900000,-0.0003695867022,-0.0008057373774,-1.219748084e-07,-9.132461339e-08
855000000,-0.0002388831901,-0.0004076253139,-1.496556374e-07,-2.724807808e-08
855100000,5.571828425e-05,-0.0001099425085,-1.458388879e-07,4.232915315e-08
855200000,0.0004520661596,2.475000116e-05,-1.11431964e-07,1.027882803e-07
855300000,0.0008666452382,-3.175223066e-05,-5.375829453e-08,1.414732861e-07
855400000,0.001212171868,-0.000267389258,1.500111892e-08,1.503400601e-07
855500000,0.001415967639,-0.0006324081622,8.038020591e-08,1.276287948e-07
855600000,0.001435244053,-0.001049865442,1.286711377e-07,7.821202137e-08
855700000,0.001266083889,-0.001431843562,1.497982358e-07,1.254972523e-08
855800000,0.0009442341041,-0.001697964103,1.394199909e-07,-5.552448357e-08
855900000,0.0005375498497,-0.00179229926,9.982070441e-08,-1.117176442e-07
856000000,0.0001316865304,-0.001695123488,3.940874777e-08,-1.442782562e-07
856100000,-0.0001879432227,-0.001427035851,-2.906856935e-08,-1.464536426e-07
856200000,-0.0003541468535,-0.001044591426,-9.121458358e-08,-1.178900411e-07
856300000,-0.000332079474,-0.0006283681975,-1.34009875e-07,-6.468520693e-08
856400000,-0.0001265512273,-0.0002659874406,-1.485396267e-07,1.912962166e-09
856500000,0.0002190179412,-3.366580046e-05,-1.318504477e-07,6.788411454e-08
856600000,0.0006317690055,1.981682059e-05,-8.75499658e-08,1.193868713e-07
856700000,0.001024762966,-0.0001166386699,-2.50276137e-08,1.456627194e-07
856800000,0.001315290535,-0.0004141456126,4.253520952e-08,1.412831734e-07
856900000,0.001442276468,-0.0008099442017,1.009439665e-07,1.072708796e-07
857000000,0.001379116409,-0.001220638228,1.379730105e-07,5.08632128e-08
857100000,0.001139248318,-0.001559764386,1.459243801e-07,-1.602743624e-08
857200000,0.0007732916766,-0.001755992968,1.232278458e-07,-7.932918085e-08
857300000,0.0003583632266,-0.001768128734,7.474969472e-08,-1.257708073e-07
857400000,-1.817580183e-05,-0.001593757107,1.07498213e-08,-1.45663922e-07
857500000,-0.000277115627,-0.001269720822,-5.528945968e-08,-1.349238679e-07
857600000,-0.0003640631624,-0.0008643332277,-1.095034581e-07,-9.590791252e-08
857700000,-0.000260870128,-0.0004629740158,-1.405557909e-07,-3.689881786e-08
857800000,1.057709045e-05,-0.0001501047637,-1.420086808e-07,2.965325975e-08
857900000,0.000392997084,8.507275771e-06,-1.136573111e-07,8.975741887e-08
858000000,0.0008057988571,-2.038412201e-05,-6.155173412e-08,1.308230962e-07
858100000,0.001162063117,-0.000230533662,3.293826359e-09,1.442973577e-07
858200000,0.001386841361,-0.0005775514685,6.722899982e-08,1.274460116e-07
858300000,0.001432920459,-0.0009882770378,1.168405964e-07,8.390768629e-08
858400000,0.001290737035,-0.001376200802,1.417664524e-07,2.290875162e-08
858500000,0.0009903597368,-0.001659682798,1.368595299e-07,-4.269164715e-08
858600000,0.0005951284891,-0.001779131803,1.032503514e-07,-9.91122543e-08
858700000,0.0001882960436,-0.001709529975,4.808854863e-08,-1.345447026e-07
858800000,-0.0001445109755,-0.001465670479,-1.697777505e-08,-1.416247324e-07
858900000,-0.0003333165018,-0.001099011409,-7.826150906e-08,-1.18962498e-07
859000000,-0.0003385105987,-0.0006868149827,-1.229155544e-07,-7.141401963e-08
859100000,-0.0001591614335,-0.0003158644294,-1.416258412e-07,-9.041074943e-09
859200000,0.0001668205346,-6.419043049e-05,-1.305538671e-07,5.501777795e-08
859300000,0.0005706938079,1.534499182e-05,-9.212366566e-08,1.07314619e-07
859400000,0.0009673794381,-9.384639097e-05,-3.449197414e-08,1.369151458e-07
859500000,0.00127338105,-0.000368617583,3.018276743e-08,1.376846505e-07
859600000,0.001424356976,-0.0007509906989,8.830529127e-08,1.09559113e-07
859700000,0.001388646592,-0.001160387985,1.277012129e-07,5.85381158e-08
859800000,0.001173907404,-0.00151060945,1.401669218e-07,-4.594615596e-09
859900000,0.0008254715137,-0.001727980146,1.231776203e-07,-6.655025863e-08
860000000,0.0004167739012,-0.001766846729,8.039793435e-08,-1.143319111e-07
860100000,3.387336106e-05,-0.001619163707,2.089200285e-08,-1.379608973e-07
860200000,-0.0002426711624,-0.001316156278,-4.279680855e-08,-1.325605066e-07
860300000,-0.0003547519328,-0.0009217160879,-9.728978911e-08,-9.93620889e-08
860400000,-0.0002789243489,-0.0005189267164,-1.311831182e-07,-4.542601722e-08
860500000,-3.131291348e-05,-0.0001925608034,-1.374341876e-07,1.785957365e-08
860600000,0.0003358152311,-1.123622547e-05,-1.148246932e-07,7.718312184e-08
860700000,0.0007450809387,-1.298730396e-05,-6.819660068e-08,1.20109461e-07
860800000,0.001110299794,-0.0001972849358,-7.415613721e-09,1.376862743e-07
860900000,0.001354628534,-0.0005251796513,5.471604094e-08,1.263108931e-07
861000000,0.001426730548,-0.0009275307079,1.051559815e-07,8.846820461e-08
861100000,0.00131155993,-0.001319582711,1.33359319e-07,3.218864391e-08
861200000,0.001033498797,-0.001618816847,1.334829728e-07,-3.065567091e-08
861300000,0.0006511936267,-0.001762317071,1.055959022e-07,-8.685518889e-08
861400000,0.0002451839459,-0.001719996505,5.564465305e-08,-1.246393618e-07
861500000,-9.906707227e-05,-0.001500903423,-5.814341621e-09,-1.361417333e-07
861600000,-0.0003091646601,-0.001151284974,-6.584552193e-08,-1.190374543e-07
861700000,-0.0003410092187,-0.0007448228129,-1.118566636e-07,-7.701240292e-08
861800000,-0.0001880550041,-0.0003671023434,-1.342400919e-07,-1.896941931e-08
861900000,0.0001173431066,-9.758934245e-05,-1.283786857e-07,4.285751544e-08
862000000,0.0005107715534,7.090374239e-06,-9.559787417e-08,9.548173764e-08
862100000,0.0009093417397,-7.494980151e-05,-4.286742379e-08,1.278915894e-07
862200000,0.001229150776,-0.0003262793982,1.868018866e-08,1.333544491e-07
862300000,0.001402941271,-0.0006938516666,7.609990151e-08,1.10815054e-07
862400000,0.00139424337,-0.001100197337,1.173566102e-07,6.509775169e-08
862500000,0.001205025577,-0.001459749419,1.338475596e-07,5.874277689e-09
862600000,0.0008752493559,-0.001696859196,1.221959596e-07,-5.438216098e-08
862700000,0.0004744276013,-0.001761710278,8.494191582e-08,-1.030237536e-07
862800000,8.697000165e-05,-0.001640782842,2.998941183e-08,-1.298827151e-07
862900000,-0.0002055953002,-0.001359669819,-3.107040548e-08,-1.293965299e-07
863000000,-0.0003417791608,-0.0009776583197,-8.540399299e-08,-1.017596368e-07
863100000,-0.000293057065,-0.0005752235197,-1.216326245e-07,-5.28631704e-08
863200000,-6.984574428e-05,-0.0002370731984,-1.322152061e-07,6.960497434e-09
863300000,0.0002807213682,-3.431549207e-05,-1.150177423e-07,6.512093039e-08
863400000,0.0006847446881,-9.503853718e-06,-7.374286483e-08,1.094192586e-07
863500000,0.00105713419,-0.0001677043444,-1.713313971e-08,1.306066882e-07
863600000,0.001319527418,-0.0004754601653,4.28805208e-08,1.243153147e-07
863700000,0.001416776841,-0.0008678647552,9.369323759e-08,9.195819573e-08
863800000,0.00132853784,-0.001262248211,1.246734722e-07,4.041329779e-08
863900000,0.001073522474,-0.00157559126,1.29387299e-07,-1.943825937e-08
864000000,0.0007055295652,-0.001741998812,1.069343267e-07,-7.50090437e-08
864100000,0.0003020931161,-0.001726555352,6.211793687e-08,-1.146524469e-07
864200000,-5.185591023e-05,-0.001532648763,4.418058449e-09,-1.301034508e-07
864300000,-0.0002818715737,-0.001201226176,-5.401392197e-08,-1.182015447e-07
864400000,-0.0003396535439,-0.0008021449254,-1.009140565e-07,-8.153668245e-08
864500000,-0.000213191739,-0.0004194455858,-1.264797058e-07,-2.788637003e-08
864600000,7.07357021e-05,-0.0001336519065,-1.25418224e-07,3.143391261e-08
864700000,0.000452230451,-4.825662359e-06,-9.804233664e-08,8.39571275e-08
864800000,0.0008509081345,-5.994226122e-05,-5.018557596e-08,1.186846764e-07
864900000,0.001182833631,-0.0002872404469,8.040496345e-09,1.283894035e-07
865000000,0.001378189695,-0.0006387293968,6.438257276e-08,1.111194109e-07
865100000,0.001395959797,-0.001040318814,1.070240948e-07,7.058982094e-08
865200000,0.00123253751,-0.001407433856,1.270633847e-07,1.538403789e-08
865300000,0.0009224553217,-0.001662824169,1.203717397e-07,-4.286386025e-08
865400000,0.0005310857226,-0.001752817097,8.844367697e-08,-9.192074697e-08
865500000,0.000140857063,-0.001658595391,3.80643198e-08,-1.215234929e-07
865600000,-0.0001661094332,-0.001400129586,-2.013228346e-08,-1.255259427e-07
865700000,-0.0003252840073,-0.001031943164,-7.390763387e-08,-1.03174723e-07
865800000,-0.0003032959849,-0.0006316084495,-1.119923525e-07,-5.924910918e-08
865900000,-0.0001049319222,-0.0002834006593,-1.264476921e-07,-3.039436649e-09
866000000,0.0002279032262,-6.055469236e-05,-1.143201644e-07,5.361764275e-08
866100000,0.0006250364828,-9.860349492e-06,-7.824445935e-08,9.883159027e-08
866200000,0.00100281941,-0.0001418362424,-2.587169369e-08,1.231532945e-07
866300000,0.00128174455,-0.0004285457041,3.175306523e-08,1.215496407e-07
866400000,0.001403175855,-0.000809507977,8.2519983e-08,9.444474574e-08
866500000,0.001341672791,-0.001204453972,1.157992082e-07,4.761252191e-08
866600000,0.001110317952,-0.001530236517,1.24666458e-07,-9.053010037e-09
866700000,0.000757932473,-0.001718332806,1.073435002e-07,-6.362782208e-08
866800000,0.0003587716725,-0.001729254849,6.755391396e-08,-1.046668981e-07
866900000,-3.124371477e-06,-0.001560837283,1.372313529e-08,-1.236042587e-07
867000000,-0.0002516271678,-0.001248662897,-4.280543945e-08,-1.16540734e-07
867100000,-0.0003345366162,-0.0008585426039,-9.01606325e-08,-8.504640332e-08
867200000,-0.0002345482963,-0.0004726391335,-1.184363375e-07,-3.58126463e-08
867300000,2.713303297e-05,-0.0001721604784,-1.217635954e-07,2.076929242e-08
867400000,0.0003952881285,-2.026862866e-05,-9.952850681e-08,7.280132343e-08
867500000,0.0007923332805,-4.88006716e-05,-5.648329729e-08,1.093803211e-07
867600000,0.001134667659,-0.000251593788,-1.730969325e-09,1.228826932e-07
867700000,0.001350273567,-0.0005858134178,5.319958797e-08,1.105530495e-07
867800000,0.001393864451,-0.0009809984355,9.67810411e-08,7.506594808e-08
867900000,0.001256394663,-0.001353913426,1.199065222e-07,2.394631434e-08
868000000,0.0009669340527,-0.001626077596,1.177924533e-07,-3.202599171e-08
868100000,0.000586518862,-0.001740278978,9.09677339e-08,-8.108923925e-08
868200000,0.0001952794345,-0.001672598927,4.514480608e-08,-1.129712475e-07
868300000,-0.0001244406665,-0.001437419523,-9.996569703e-09,-1.21039887e-07
868400000,-0.0003054177964,-0.001084365443,-6.285393761e-08,-1.036824785e-07
868500000,-0.0003096848654,-0.0006878304545,-1.023433243e-07,-6.462724153e-08
868600000,-0.0001364985189,-0.000331299136,-1.202233684e-07,-1.21429121e-08
868700000,0.000177534966,-8.976813519e-05,-1.128150991e-07,4.271172526e-08
868800000,0.0005661949663,-1.39684924e-05,-8.175852252e-08,8.84178603e-08
868900000,0.0009476082841,-0.000119708225,-3.365051004e-08,1.154153402e-07
869000000,0.001241493705,-0.0003845738498,2.135625038e-08,1.181021722e-07
869100000,0.00138605733,-0.0007526788867,7.169572686e-08,9.599668339e-08
869200000,0.001350983228,-0.00114645337,1.06820356e-07,5.382129519e-08
869300000,0.001143788571,-0.001482987481,1.194109238e-07,4.939800776e-10
869400000,0.0008082110099,-0.001691485966,1.069015343e-07,-5.275727824e-08
869500000,0.0004149739346,-0.001728158865,7.2001984e-08,-9.475839071e-08
869600000,4.687927254e-05,-0.001585416426,2.211130776e-08,-1.167337725e-07
869700000,-0.0002186300499,-0.001293437302,-3.225069088e-08,-1.14139725e-07
869800000,-0.0003257656186,-0.0009137860278,-7.966147943e-08,-8.760359684e-08
869900000,-0.0002521179527,-0.0005264296053,-1.101957712e-07,-4.277466847e-08
870000000,-1.334578495e-05,-0.0002128914625,-1.175032091e-07,1.087826942e-08
870100000,0.0003401509228,-3.909174864e-05,-1.001288569e-07,6.206676905e-08
870200000,0.0007338672239,-4.148590377e-05,-6.18019694e-08,1.00057663e-07
870300000,0.001084893936,-0.0002194160839,-1.063592082e-08,1.169234559e-07
870400000,0.001319374244,-0.0005352799471,4.258912961e-08,1.091963668e-07
870500000,0.001388040823,-0.000922474793,8.66973786e-08,7.858094779e-08
870600000,0.001276565156,-0.001299438815,1.124638658e-07,3.157892318e-08
870700000,0.00100854508,-0.001586829465,1.145436671e-07,-2.189135089e-08
870800000,0.0006405076045,-0.001724221025,9.25803749e-08,-7.058771646e-08
870900000,0.0002499849939,-0.001682807391,5.126403523e-08,-1.043077618e-07
871000000,-8.082074142e-05,-0.001471439547,-6.700704023e-10,-1.160262016e-07
871100000,-0.0002823431301,-0.001134732192,-5.228811795e-08,-1.033583446e-07
871200000,-0.0003122830039,-0.0007436443734,-9.275954362e-08,-6.904482222e-08
871300000,-0.000164489135,-0.0003805229069,-1.136294011e-07,-2.035917634e-08
871400000,0.000129776712,-0.0001217612544,-1.105845379e-07,3.243374953e-08
871500000,0.0005084501911,-2.172577874e-05,-8.434468427e-08,7.824190945e-08
871600000,0.0008917523037,-0.0001013313475,-4.049442016e-08,1.074764258e-07
871700000,0.001198994846,-0.0003436667923,1.170513799e-08,1.140586595e-07
871800000,0.00136556341,-0.0006975849934,6.127212655e-08,9.668390599e-08
871900000,0.001356503604,-0.001088495476,9.781420541e-08,5.90790484e-08
872000000,0.001173853912,-0.001434082314,1.137073134e-07,9.203504344e-09
872100000,0.0008561868872,-0.001661635407,1.056861645e-07,-4.243529211e-08
872200000,0.0004704613402,-0.001723346219,7.551471842e-08,-8.499539804e-08
872300000,9.79064411e-05,-0.001606350189,2.959903658e-08,-1.095765863e-07
872400000,-0.0001830864933,-0.001335406219,-2.237265821e-08,-1.110814264e-07
872500000,-0.0003134611375,-0.0009676550682,-6.947406567e-08,-8.927209401e-08
872600000,-0.0002659102995,-0.0005805663031,-1.018377859e-07,-4.880385912e-08
872700000,-5.059742467e-05,-0.0002556163782,-1.127223366e-07,1.768313321e-09
872800000,0.0002870132312,-6.113682776e-05,-9.991623981e-08,5.179812734e-08
872900000,0.0006757544304,-3.794328526e-05,-6.618677934e-08,9.078905988e-08
873000000,0.001033755487,-0.0001907676034,-1.868249156e-08,1.105964662e-07
873100000,0.001285682143,-0.0004872914108,3.258169923e-08,1.071287226e-07
873200000,0.001378586671,-0.0008649781913,7.683571245e-08,8.119212987e-08
873300000,0.001293033563,-0.001244259664,1.048168788e-07,3.830517284e-08
873400000,0.001047163122,-0.001545296179,1.107085432e-07,-1.24754071e-08
873500000,0.0006928432542,-0.001704780863,9.334900396e-08,-6.046704839e-08
873600000,0.000304725616,-0.001689250705,5.645956149e-08,-9.560851053e-08
873700000,-3.548495946e-05,-0.001502105651,7.84713984e-09,-1.105690457e-07
873800000,-0.0002562329737,-0.001182863237,-4.224773512e-08,-1.022774743e-07
873900000,-0.0003111646767,-0.0007988118563,-8.330804744e-08,-7.255225843e-08
874000000,-0.0001888638083,-0.0004308256543,-1.067481368e-07,-2.770339634e-08
874100000,8.477415422e-05,-0.0001563316114,-1.077088063e-07,2.280685231e-08
874200000,0.0004520228153,-3.301621885e-05,-8.606439802e-08,6.836019295e-08
874300000,0.0008355005779,-8.670040883e-05,-4.643317348e-08,9.941436506e-08
874400000,0.001154473064,-0.0003059311195,2.807816674e-09,1.09501874e-07
874500000,0.001341847794,-0.0006444221417,5.129328501e-08,9.657675668e-08
874600000,0.001358283914,-0.001030824089,8.885149544e-08,6.342897685e-08
874700000,0.00120044981,-0.0013837614,1.076380674e-07,1.708263755e-08
874800000,0.0009016953624,-0.001628967491,1.03774194e-07,-3.269227145e-08
874900000,0.0005250033145,-0.001714910047,7.814718509e-08,-7.543930291e-08
875000000,0.0001497093046,-0.001623618938,3.620817186e-08,-1.022120715e-07
875100000,-0.000145209409,-0.001374441453,-1.318718169e-08,-1.074464816e-07
875200000,-0.0002977563829,-0.001019940028,-5.964847047e-08,-9.011688323e-08
875300000,-0.0002759508753,-0.0006348022218,-9.343607452e-08,-5.393596717e-08
875400000,-8.45344706e-05,-0.0003001029268,-1.075027412e-07,-6.55968227e-09
875500000,0.000236056925,-8.623515229e-05,-9.896330255e-08,4.203262258e-08
875600000,0.0006182328606,-3.810314282e-05,-6.968604584e-08,8.164013285e-08
875700000,0.0009814962175,-0.0001656922943,-2.58846128e-08,1.039818751e-07
875800000,0.001249395759,-0.0004419960301,2.320055848e-08,1.04427929e-07
875900000,0.001365613316,-0.0008087298353,6.725149079e-08,8.295864729e-08
876000000,0.001305800658,-0.001188623532,9.704145035e-08,4.41532069e-08
876100000,0.001082678309,-0.001501699507,1.063674181e-07,-3.786826971e-09
876200000,0.0007433285041,-0.001682107797,9.334153096e-08,-5.077076834e-08
876300000,0.0003592581458,-0.001691974329,6.077266046e-08,-8.694264082e-08
876400000,1.132888665e-05,-0.001529349943,1.556113006e-08,-1.047485824e-07
876500000,-0.0002272697142,-0.001228591705,-3.276308092e-08,-1.005141881e-07
876600000,-0.0003064185239,-0.0008531022397,-7.40490086e-08,-7.520245143e-08
876700000,-0.0002095988549,-0.0004819615215,-9.965690149e-08,-3.419602574e-08
876800000,4.265821841e-05,-0.0001932699113,-1.042660972e-07,1.384720995e-08
876900000,0.0003971233539,-4.771109884e-05,-8.698031364e-08,5.882199889e-08
877000000,0.000779098826,-7.579429855e-05,-5.150078259e-08,9.13011027e-08
877100000,0.00110815752,-0.0002714576762,-5.334047208e-09,1.045112421e-07
877200000,0.001315074849,-0.0005933739142,4.179607554e-08,9.574545185e-08
877300000,0.001356389172,-0.000973676804,7.999645099e-08,6.6917383e-08
877400000,0.001223528301,-0.001332266283,1.01281192e-07,2.414413281e-08
877500000,0.0009445856677,-0.001593676848,1.012409939e-07,-2.355157546e-08
877600000,0.0005783780889,-0.001702957123,7.995631219e-08,-6.614455211e-08
877700000,0.0002020418211,-0.001637219168,4.196531581e-08,-9.471423261e-08
877800000,-0.0001052173099,-0.001410430031,-4.703465428e-09,-1.033128566e-07
877900000,-0.0002787963709,-0.001070442321,-5.02276513e-08,-9.020351753e-08
878000000,-0.0002822807394,-0.0006888950232,-8.505821861e-08,-5.821041859e-08
878100000,-0.0001150854718,-0.0003461160541,-1.019223638e-07,-1.411083143e-08
878200000,0.0001874508282,-0.0001142084155,-9.734195531e-08,3.280040988e-08
878300000,0.0005615330889,-4.18813977e-05,-7.235057718e-08,7.266985823e-08
878400000,0.0009283598593,-0.0001442179225,-3.22614025e-08,9.71550071e-08
878500000,0.001210720654,-0.000399527476,1.446218669e-08,1.011697969e-07
878600000,0.0013492449,-0.0007539410732,5.799321001e-08,8.394088649e-08
878700000,0.001314883079,-0.001132774886,8.920780964e-08,4.915536773e-08
878800000,0.001114996347,-0.001456265541,1.015974423e-07,4.171995918e-09
878900000,0.0007917780466,-0.001656361953,9.262581482e-08,-4.153538616e-08
879000000,0.0004133453307,-0.001691038749,6.424769014e-08,-7.83730017e-08
879100000,5.938157225e-05,-0.001553120608,2.248352919e-08,-9.864072235e-08
879200000,-0.0001956441982,-0.00127176446,-2.385758524e-08,-9.814148431e-08
879300000,-0.0002981468865,-0.0009062933723,-6.503588047e-08,-7.705017836e-08
879400000,-0.000226686645,-0.0005336861468,-9.242785238e-08,-3.98621874e-08
879500000,3.544804832e-06,-0.0002323610286,-1.003320681e-07,5.564525218e-09
879600000,0.0003439514871,-6.566978101e-05,-8.715569984e-08,4.966970163e-08
879700000,0.0007227884013,-6.857640433e-05,-5.573489192e-08,8.320268236e-08
879800000,0.001060280396,-0.0002403214932,-1.272466178e-08,9.916253765e-08
879900000,0.001285418706,-0.0005446110963,3.281049728e-08,9.425956109e-08
880000000,0.001350898834,-0.0009172841283,7.130686595e-08,6.959305443e-08
880100000,0.001243057506,-0.001279838615,9.471005461e-08,3.040582821e-08
880200000,0.0009847213706,-0.001555965387,9.816005655e-08,-1.502995389e-08
880300000,0.0006303734664,-0.001687607129,8.100029473e-08,-5.715885169e-08
880400000,0.0002546607454,-0.001647163193,4.690120498e-08,-8.715161582e-08
880500000,-6.333327105e-05,-0.001443274377,3.075412715e-09,-9.87554827e-08
880600000,-0.0002567370728,-0.001118975098,-4.124774065e-08,-8.959756833e-08
880700000,-0.0002849559875,-0.0007426079722,-7.676571197e-08,-6.166969622e-08
880800000,-0.0001421949268,-0.0003934190028,-9.605506831e-08,-2.089569161e-08
880900000,0.0001413502606,-0.0001448696663,-9.51228902e-08,2.412496443e-08
881000000,0.000505877472,-4.918021014e-05,-7.423307032e-08,6.393070259e-08
881100000,0.0008745889385,-0.0001263562771,-3.78365638e-08,9.018621201e-08
881200000,0.001169868446,-0.0003600045916,6.376748446e-09,9.742773612e-08
881300000,0.001329617601,-0.000700812695,4.910265644e-08,8.419990205e-08
881400000,0.001320312945,-0.001076954127,8.138048797e-08,5.334758434e-08
881500000,0.001144038601,-0.001409223643,9.647227386e-08,1.140441056e-08
881600000,0.0008380191209,-0.001627713372,9.126915273e-08,-3.279072547e-08
881700000,0.0004667567106,-0.001686518929,6.693148626e-08,-6.995621875e-08
881800000,0.0001084334854,-0.001573381811,2.863095207e-08,-9.23169194e-08
881900000,-0.0001615547526,-0.001312242485,-1.554823809e-08,-9.523060034e-08
882000000,-0.0002864650987,-0.0009581723881,-5.631557895e-08,-7.815151254e-08
882100000,-0.0002401353149,-0.0005857576721,-8.51278856e-08,-4.473107486e-08
882200000,-3.246540454e-05,-0.0002733850369,-9.597948865e-08,-2.037480156e-09
882300000,0.0002926954281,-8.674053901e-05,-8.665390944e-08,4.093904574e-08
882400000,0.0006668053525,-6.499507628e-05,-5.917617534e-08,7.517926154e-08
882500000,0.001011075839,-0.0002125817834,-1.937356339e-08,9.352762537e-08
882600000,0.001253062317,-0.0004982912057,2.436004687e-08,9.218753561e-08
882700000,0.001341906176,-0.0008618686431,6.283422844e-08,7.150667662e-08
882800000,0.001259021443,-0.001226719127,8.799323468e-08,3.589006686e-08
882900000,0.001021980668,-0.001516041293,9.460260385e-08,-7.137998615e-09
883000000,0.0006807875327,-0.001668991892,8.133804222e-08,-4.852339441e-08
883100000,0.000307326607,-0.001653478779,5.105011684e-08,-7.958726685e-08
883200000,-1.978389054e-05,-0.001472892422,1.015198745e-08,-9.384595528e-08
883300000,-0.0002317445335,-0.0011653638,-3.273837061e-08,-8.836412668e-08
883400000,-0.0002840472139,-0.0007957108308,-6.861402582e-08,-6.435875032e-08
883500000,-0.000165823202,-0.0004417743529,-8.997043762e-08,-2.692970758e-08
883600000,9.789664649e-05,-0.0001780242758,-9.237515211e-08,1.602348811e-08
883700000,0.000451479367,-5.988866929e-05,-7.53875455e-08,5.546879449e-08
883800000,0.0008204237691,-0.0001121034382,-4.263780719e-08,8.314076704e-08
883900000,0.00112705579,-0.0003235311826,-1.051430415e-09,9.327240914e-08
884000000,0.001306878816,-0.0006495342895,4.061517562e-08,8.379689558e-08
884100000,0.00132213741,-0.001021396641,7.361832893e-08,5.676878682e-08
884200000,0.001169742122,-0.001360805409,9.106182637e-08,1.791898084e-08
884300000,0.0008818919968,-0.001596341097,8.9337819e-08,-2.456028261e-08
884400000,0.0005192694623,-0.001678503698,6.887278956e-08,-6.17428093e-08
884500000,0.0001582456528,-0.001590113527,3.402443684e-08,-8.584401998e-08
884600000,-0.0001252061925,-0.001349901189,-7.846025066e-09,-9.185062887e-08
884700000,-0.0002715007385,-0.001008536427,-4.79286999e-08,-7.8563286e-08
884800000,-0.0002499684186,-0.0006379377205,-7.78185876e-08,-4.883537501e-08
884900000,-6.528707103e-05,-0.0003161182395,-9.127794173e-08,-8.96057056e-09
885000000,0.0002435313513,-0.0001107614236,-8.553789278e-08,3.265945493e-08
885100000,0.0006113795256,-6.498414604e-05,-6.186776362e-08,6.728517267e-08
885200000,0.0009607789354,-0.0001882820052,-2.529507852e-08,8.767425968e-08
885300000,0.001218196506,-0.0004545580868,1.646211069e-08,8.9596289e-08
885400000,0.001329517614,-0.0008076442145,5.462388141e-08,7.271028283e-08
885500000,0.001271419775,-0.001173146625,8.119442267e-08,4.062313387e-08
885600000,0.00105625661,-0.001474118014,9.063724572e-08,1.193982212e-10
885700000,0.0007294293091,-0.001647254579,8.102867088e-08,-4.027311738e-08
885800000,0.0003598046522,-0.001656208719,5.444929943e-08,-7.207873474e-08
885900000,2.520174355e-05,-0.00149921764,1.653389708e-08,-8.865228233e-08
886000000,-0.0002039939651,-0.001209446662,-2.472301532e-08,-8.656735305e-08
886100000,-0.0002796389228,-0.0008479807074,-6.065271598e-08,-6.632444249e-08
886200000,-0.000185946384,-0.0004909450441,-8.373362207e-08,-3.223266712e-08
886300000,5.721719002e-05,-0.0002134709175,-8.916576134e-08,8.507327976e-09
886400000,0.0003985424038,-7.38835249e-05,-7.58688218e-08,4.732412908e-08
886500000,0.0007661014744,-0.0001014401069,-4.669628902e-08,7.607882567e-08
886600000,0.001082503354,-0.0002901958749,-7.823384746e-09,8.877143691e-08
886700000,0.00128118631,-0.000600283661,3.25599682e-08,8.279273995e-08
886800000,0.001320418162,-0.0009663319085,6.597453929e-08,5.946034817e-08
886900000,0.001192059598,-0.001311243636,8.543206613e-08,2.372896474e-08
887000000,0.0009232503945,-0.001562432229,8.689665419e-08,-1.686160197e-08
887100000,0.0005706691941,-0.001667095099,7.012171114e-08,-5.377733436e-08
887200000,0.0002085807435,-0.001603311312,3.868889965e-08,-7.928415892e-08
887300000,-8.680882142e-05,-0.001384630649,-7.563684684e-10,-8.806818054e-08
887400000,-0.0002533928419,-0.001057193297,-3.990976303e-08,-7.83425919e-08
887500000,-0.0002562245211,-0.0006899923411,-7.055623426e-08,-5.22107151e-08
887600000,-9.485025706e-05,-0.0003603341955,-8.629357542e-08,-1.521150345e-08
887700000,0.000196622882,-0.0001375611546,-8.386975596e-08,2.485436191e-08
887800000,0.0005567337096,-6.846349687e-05,-6.385470133e-08,5.956901878e-08
887900000,0.0009096246859,-0.0001674499908,-3.050779663e-08,8.166593015e-08
888000000,0.001181019001,-0.0004135415711,9.128366561e-09,8.655082343e-08
888100000,0.001313852,-0.0007548152572,4.671521721e-08,7.325674283e-08
888200000,0.001280267507,-0.001119357014,7.437236485e-08,4.463471224e-08
888300000,0.001087457265,-0.00143041325,8.63296899e-08,6.742582788e-09
888400000,0.0007761193476,-0.001622548866,8.013103663e-08,-3.243698482e-08
888500000,0.0004118657495,-0.001655410349,5.713843016e-08,-6.467811684e-08
888600000,7.139307731e-05,-0.001522199023,2.223337884e-08,-8.323868324e-08
888700000,-0.0001736688196,-0.001251075142,-1.721935279e-08,-8.427007173e-08
888800000,-0.0002718288921,-0.0008992028591,-5.292556474e-08,-6.761502351e-08
888900000,-0.0002025560693,-0.0005406953771,-7.740523182e-08,-3.682817119e-08
889000000,1.942461648e-05,-0.0002510025571,-8.555938052e-08,1.582401938e-09
889100000,0.0003472598114,-9.102995696e-05,-7.57320319e-08,3.953080158e-08
889200000,0.0007118550418,-9.433199221e-05,-5.004607389e-08,6.905541027e-08
889300000,0.001036434799,-0.0002600720391,-1.394503524e-08,8.398915171e-08
889400000,0.001252707335,-0.0005532263067,2.496040637e-08,8.124754571e-08
889500000,0.001315230873,-0.0009119826361,5.849677933e-08,6.146555827e-08
889600000,0.001210959248,-0.00126077131,7.964485835e-08,2.885180332e-08
889700000,0.0009619618398,-0.001526180969,8.400869781e-08,-9.706663568e-09
889800000,0.0006207506915,-0.001652407688,7.072923214e-08,-4.609858156e-08
889900000,0.0002592040458,-0.001612986014,4.265260598e-08,-7.269470136e-08
890000000,-4.657742691e-05,-0.00141633579,5.720427063e-09,-8.394709701e-08
890100000,-0.0002322910835,-0.001103962081,-3.228748305e-08,-7.754632993e-08
890200000,-0.0002589567359,-0.0007416929164,-6.339182755e-08,-5.489513562e-08
890300000,-0.000121100418,-0.0004058047383,-8.108890188e-08,-2.080154153e-08
890400000,0.0001521206497,-0.0001669600356,-8.17103646e-08,1.754155474e-08
890500000,0.0005030828284,-7.533968176e-05,-6.51834402e-08,5.207380779e-08
890600000,0.0008578470092,-0.0001500981382,-3.503405608e-08,7.55617539e-08
890700000,0.001141733452,-0.0003753572022,2.365194912e-09,8.311390556e-08
890800000,0.001295039858,-0.0007035760519,3.914189917e-08,7.319928832e-08
890900000,0.001285594609,-0.001065582345,6.758085079e-08,4.795736104e-08
891000000,0.001115505805,-0.00138514794,8.174249674e-08,1.273667905e-08
891100000,0.0008206902656,-0.001595038068,7.870331264e-08,-2.503829029e-08
891200000,0.0004632872529,-0.001651155018,5.915910266e-08,-5.74321404e-08
891300000,0.0001185591014,-0.001541800991,2.726677433e-08,-7.766543389e-08
891400000,-0.0001409598442,-0.001290114292,-1.023963768e-08,-8.153341312e-08
891500000,-0.0002607274937,-0.0009491714438,-4.547075402e-08,-6.827964674e-08
891600000,-0.000215659092,-0.0005907919896,-7.104127645e-08,-4.074312206e-08
891700000,-1.538302014e-05,-0.0002904074471,-8.161803283e-08,-4.750371212e-09
891800000,0.0002978138019,-0.0001111823793,-7.503217686e-08,3.21172647e-08
891900000,0.0006579124124,-9.073025516e-05,-5.272362307e-08,6.212044381e-08
892000000,0.0009890757711,-0.0002332177814,-1.942671378e-08,7.898639791e-08
892100000,0.001221617735,-0.0005085149563,1.783436608e-08,7.922027418e-08
892200000,0.001306664595,-0.000858563948,5.122728727e-08,6.282912786e-08
892300000,0.001226424645,-0.001209620609,7.375785721e-08,3.330862321e-08
892400000,0.0009979079533,-0.001487787655,8.073486899e-08,-3.102278702e-09
892500000,0.0006693186073,-0.001634567802,7.074674263e-08,-3.87397762e-08
892600000,0.0003098844149,-0.001619163422,4.59466647e-08,-6.612822508e-08
892700000,-4.730277453e-06,-0.001444936487,1.158872942e-08,-7.95482099e-08
892800000,-0.0002083549279,-0.001148673683,-2.508505866e-08,-7.623079184e-08
892900000,-0.0002582322102,-0.0007928170297,-5.637117177e-08,-5.692859155e-08
893000000,-0.0001439983288,-0.0004523009809,-7.572264212e-08,-2.57459736e-08
893100000,0.0001101619039,-0.0001987708853,-7.911899001e-08,1.073353542e-08
893200000,0.0004506331814,-8.550658571e-05,-6.590136336e-08,4.483711521e-08
893300000,0.0008056777667,-0.0001362236645,-3.889944761e-08,6.941640985e-08
893400000,0.001100548447,-0.0003401060278,-3.825906319e-09,7.934578551e-08
893500000,0.001273222605,-0.0006541101189,3.193210765e-08,7.259107905e-08
893600000,0.001287445599,-0.00101204991,6.086874009e-08,5.062601793e-08
893700000,0.001140340538,-0.001338545261,7.693488124e-08,1.811113221e-08
893800000,0.0008629872187,-0.001564894259,7.680260869e-08,-1.809497662e-08
893900000,0.0005138538211,-0.001643527503,6.055434434e-08,-5.038227806e-08
894000000,0.000166469344,-0.001558003238,3.165404698e-08,-7.198875458e-08
894100000,-0.0001060641242,-0.001326443064,-3.791081132e-09,-7.841649706e-08
894200000,-0.000246456974,-0.0009976902198,-3.832106549e-08,-6.836791608e-08
894300000,-0.0002252771923,-0.0006410048044,-6.469314227e-08,-4.400723071e-08
894400000,-4.712246405e-05,-0.0003314701222,-7.74008628e-08,-1.049464182e-08
894500000,0.0002503750124,-0.0001341852731,-7.382372138e-08,2.510660682e-08
894600000,0.0006044956101,-9.057200515e-05,-5.476730864e-08,5.531881785e-08
894700000,0.0009406528966,-0.0002096759981,-2.428270204e-08,7.38203761e-08
894800000,0.001188101022,-0.0004662891748,1.119457197e-08,7.676838926e-08
894900000,0.001294821121,-0.0008062826173,4.420303167e-08,6.359672571e-08
895000000,0.001238454484,-0.001158021929,6.782443582e-08,3.712375399e-08
895100000,0.001030984675,-0.001447457778,7.713369025e-08,2.9495098e-09
895200000,0.0007161880993,-0.001613712784,7.022561531e-08,-3.172881575e-08
895300000,0.0003603951863,-0.001621883858,4.860454295e-08,-5.963254056e-08
895400000,3.851187658e-05,-0.00147036762,1.68571377e-08,-7.492914218e-08
895500000,-0.0001817527565,-0.001191171314,-1.832047948e-08,-7.44512882e-08
895600000,-0.000254131561,-0.0008431492898,-4.953498011e-08,-5.835248219e-08
895700000,-0.000163519948,-0.0004995943055,-7.02496129e-08,-3.006364707e-08
895800000,7.087019485e-05,-0.0002327999843,-7.615300144e-08,4.437887485e-09
895900000,0.0003995817348,-9.884612898e-05,-6.60563437e-08,3.789127419e-08
896000000,0.0007533458152,-0.0001258089187,-4.213233606e-08,6.32801125e-08
896100000,0.001057676525,-0.000307874456,-9.44790688e-09,7.530396131e-08
896200000,0.001248551728,-0.0006065896494,2.510880563e-08,7.14848058e-08
896300000,0.001285879056,-0.000958981364,5.428002151e-08,5.267752565e-08
896400000,0.00116191487,-0.001290829625,7.196255662e-08,2.287925958e-08
896500000,0.0009028683122,-0.00153229736,7.448463171e-08,-1.161996728e-08
896600000,0.0005633581907,-0.001632625385,6.136816443e-08,-4.356489334e-08
896700000,0.0002148948421,-0.001570800511,3.541831384e-08,-6.626073881e-08
896800000,-6.918411741e-05,-0.001359954549,2.123760655e-09,-7.497616225e-08
896900000,-0.0002291506972,-0.001044573192,-3.150410457e-08,-6.79294719e-08
897000000,-0.0002314466291,-0.0006911079441,-5.840760603e-08,-4.665254653e-08
897100000,-7.572531944e-05,-0.0003739723906,-7.296393857e-08,-1.565820236e-08
897200000,0.0002051020072,-0.0001598740466,-7.21602284e-08,1.851684548e-08
897300000,0.0005518199125,-9.37808462e-05,-5.621695537e-08,4.869049164e-08
897400000,0.0008913927986,-0.0001894744943,-2.853077684e-08,6.854452772e-08
897500000,0.001152347443,-0.0004266750276,5.048951593e-09,7.394755522e-08
897600000,0.001279814294,-0.0007553363508,3.745589436e-08,6.381454939e-08
897700000,0.001247062288,-0.001106202939,6.189365834e-08,4.032426449e-08
897800000,0.001061102426,-0.001405401014,7.326105365e-08,8.451026301e-09
897900000,0.000761185409,-0.00158999018,6.921681933e-08,-2.508852422e-08
898000000,0.0004105150539,-0.001621201719,5.066160681e-08,-5.325074549e-08
898100000,8.292679299e-05,-0.001492579045,2.153804699e-08,-7.014415336e-08
898200000,-0.0001526609734,-0.001231310916,-1.200684505e-08,-7.226181592e-08
898300000,-0.0002467482644,-0.00089248211,-4.291901139e-08,-5.920921124e-08
898400000,-0.0001796562194,-0.0005474573327,-6.472065194e-08,-3.377651377e-08
898500000,3.435511737e-05,-0.0002688480293,-7.286759666e-08,-1.342351722e-09
898600000,0.0003501154672,-0.0001152290072,-6.569634173e-08,3.126358984e-08
898700000,0.0007010760904,-0.0001188217509,-4.476340352e-08,5.719862242e-08
898800000,0.001013333194,-0.0002787341765,-1.450783088e-08,7.104298363e-08
898900000,0.001221187938,-0.0005611749949,1.869002069e-08,6.993233249e-08
899000000,0.001280967102,-0.0009065918908,4.785390687e-08,5.415018718e-08
899100000,0.001180197201,-0.001242225703,6.687761828e-08,2.705781109e-08
899200000,0.0009402049496,-0.00149743422,7.180338506e-08,-5.621507271e-09
899300000,0.0006116018997,-0.001618558374,6.164513684e-08,-3.701141174e-08
899400000,0.0002636090878,-0.001580202339,3.858539569e-08,-6.052931934e-08
899500000,-3.052668507e-05,-0.001390556152,7.50660083e-09,-7.126673451e-08
899600000,-0.0002089523568,-0.001089645204,-2.504254344e-08,-6.701361112e-08
899700000,-0.000234217738,-0.0007408806116,-5.222688593e-08,-4.871300997e-08
899800000,-0.0001011380483,-0.0004176943191,-6.836009803e-08,-2.025256639e-08
899900000,0.00016214084,-0.0001880759161,-7.009403141e-08,1.236123439e-08
900000000,0.0005000930656,-0.0001002674699,-5.711341293e-08,4.227062107e-08
900100000,0.00084152113,-0.0001726261636,-3.219176984e-08,6.320845956e-08
900200000,0.001114553037,-0.0003897848104,-5.990053208e-10,7.081137062e-08
900300000,0.001261769282,-0.0007059131247,3.101287129e-08,6.352892881e-08
900400000,0.001252276053,-0.001054387662,5.601028319e-08,4.293951793e-08
900500000,0.001088186198,-0.001361830238,6.917002752e-08,1.340856307e-08
900600000,0.0008041483838,-0.00156355691,6.77705682e-08,-1.88369228e-08
900700000,0.000460028907,-0.001617184967,5.215468845e-08,-4.702131083e-08
900800000,0.0001282917152,-0.001511535517,2.564722306e-08,-6.524402121e-08
900900000,-0.0001212630938,-0.001268961525,-6.152692658e-09,-6.971476288e-08
901000000,-0.0002361880027,-0.000940616439,-3.655423242e-08,-5.954177811e-08
901100000,-0.0001924128146,-0.000595664867,-5.918258091e-08,-3.690919267e-08
901200000,7.121195174e-07,-0.0003067110947,-6.931557365e-08,-6.608316747e-09
901300000,0.0003024107685,-0.0001345154648,-6.486903206e-08,2.497657066e-08
901400000,0.0006490887241,-0.0001152159364,-4.682521421e-08,5.121328799e-08
901500000,0.0009677359489,-0.0002527421457,-1.901634907e-08,6.66143004e-08
901600000,0.001191300304,-0.0005180142177,1.268914032e-08,6.79843761e-08
901700000,0.001272794815,-0.0008550894148,4.162495161e-08,5.508334821e-08
901800000,0.001195170769,-0.00119295746,6.172846672e-08,3.066654296e-08
901900000,0.0009748821181,-0.001460497677,6.881091013e-08,-1.035095444e-10
902000000,0.0006583959601,-0.001601447606,6.143001032e-08,-3.074851382e-08
902100000,0.0003123889465,-0.001586232698,4.118338449e-08,-5.483826897e-08
902200000,9.697878208e-06,-0.001418169707,1.236303566e-08,-6.733983516e-08
902300000,-0.0001860151589,-0.001132742466,-1.895438106e-08,-6.566894488e-08
902400000,-0.0002336544382,-0.0007901079313,-4.618871831e-08,-5.022403068e-08
902500000,-0.0001233219052,-0.0004624152056,-6.363882965e-08,-2.429255624e-08
902600000,0.0001216246779,-0.0002186108055,-6.767594633e-08,6.648579185e-09
902700000,0.0004495145462,-0.0001099302915,-5.749815637e-08,3.608971228e-08
902800000,0.0007912616291,-0.0001591292277,-3.528914351e-08,5.785790322e-08
902900000,0.001074918679,-0.0003557168415,-5.749887003e-09,6.741114407e-08
903000000,0.001240821825,-0.0006581905744,2.489629607e-08,6.278596388e-08
903100000,0.001254137847,-0.001002795589,5.021480092e-08,4.50007493e-08
903200000,0.001112175595,-0.001316960557,6.491070182e-08,1.783198592e-08
903300000,0.0008449269393,-0.001534578406,6.593600682e-08,-1.298751306e-08
903400000,0.0005087286265,-0.001609914566,5.312167758e-08,-4.097819301e-08
903500000,0.0001743843327,-0.001527216544,2.920338866e-08,-6.027596267e-08
903600000,-8.774882071e-05,-0.001304005571,-7.623313603e-10,-6.686065319e-08
903700000,-0.0002225679727,-0.000987362442,-3.046700225e-08,-5.939340042e-08
903800000,-0.0002018098178,-0.0006439948141,-5.36782029e-08,-3.948855061e-08
903900000,-2.997762574e-05,-0.0003461815931,-6.554714102e-08,-1.136494087e-08
904000000,0.0002566328965,-0.0001565560981,-6.362146798e-08,1.904817791e-08
904100000,0.0005975982002,-0.0001149316506,-4.835180249e-08,4.536111848e-08
904200000,0.0009211033045,-0.0002299406346,-2.298737991e-08,6.206613807e-08
904300000,0.001159065364,-0.0004772427009,7.115215725e-09,6.56902223e-08
904400000,0.00126145962,-0.0008046738551,3.562319865e-08,5.551700729e-08
904500000,0.001206833422,-0.001143247212,5.65597616e-08,3.372780461e-08
904600000,0.001006798611,-0.001421685621,6.555706277e-08,4.934096094e-09
904700000,0.0007035614776,-0.001581424896,6.076735727e-08,-2.47983484e-08
904800000,0.0003610155423,-0.001588929622,4.324223289e-08,-4.922723229e-08
904900000,5.127680972e-05,-0.001442731521,1.67021616e-08,-6.324422641e-08
905000000,-0.0001605009795,-0.001173713036,-1.325321434e-08,-6.394308903e-08
905100000,-0.0002298336922,-0.0008385817498,-4.032646423e-08,-5.122209046e-08
905200000,-0.0001422528114,-0.0005079145361,-5.884619091e-08,-2.779590172e-08
905300000,8.367348693e-05,-0.0002512922583,-6.495501895e-08,1.383559454e-09
905400000,0.0004002748733,-0.0001226561261,-5.741291784e-08,3.017379633e-08
905500000,0.0007408352019,-0.0001489675334,-3.784858402e-08,5.253470635e-08
905600000,0.001033649131,-0.0003245553178,-1.040799605e-08,6.379570535e-08
905700000,0.001217117442,-0.00061233544,1.912407891e-08,6.163119558e-08
905800000,0.001252703349,-0.0009516408351,4.454350151e-08,4.654066562e-08
905900000,0.001133024792,-0.001271008345,6.053006751e-08,2.173434728e-08
906000000,0.0008833834622,-0.001503227745,6.376093165e-08,-7.549569381e-09
906100000,0.0005564138352,-0.001599483886,5.360114322e-08,-3.515097165e-08
906200000,0.0002209837223,-0.001539616182,3.222782207e-08,-5.528358692e-08
906300000,-5.231311292e-05,-0.001336339116,4.163820503e-09,-6.374792677e-08
906400000,-0.0002060161578,-0.001032540129,-2.467927472e-08,-5.880716728e-08
906500000,-0.0002078813562,-0.0006922290691,-4.824632793e-08,-4.154330215e-08
906600000,-5.764728568e-05,-0.000387049235,-6.160976405e-08,-1.562058688e-08
906700000,0.0002129354903,-0.0001811926832,-6.199977971e-08,1.349208654e-08
906800000,0.000546812549,-0.0001178959926,-4.93782887e-08,3.967488233e-08
906900000,0.0008736538433,-0.0002103573375,-2.643770027e-08,5.744341794e-08
907000000,0.001124666226,-0.00043898282,1.973271607e-09,6.309747756e-08
907100000,0.001247070621,-0.0007555364296,2.987434654e-08,5.549145668e-08
907200000,0.001215197345,-0.001093314707,5.141241234e-08,3.626614365e-08
907300000,0.001035867188,-0.001381200045,6.20893271e-08,9.495014513e-09
907400000,0.0007469302164,-0.001558631966,5.970124981e-08,-1.917876031e-08
907500000,0.0004092751092,-0.001588344766,4.479336402e-08,-4.37317863e-08
907600000,9.39958361e-05,-0.001464192366,2.053620187e-08,-5.902569161e-08
907700000,-0.0001325795032,-0.00121241723,-7.948520206e-09,-6.188239156e-08
907800000,-0.000222844919,-0.0008861013923,-3.466923866e-08,-5.174437406e-08
907900000,-0.0001579211678,-0.0005539729233,-5.402475883e-08,-3.078285173e-08
908000000,4.839377955e-05,-0.0002859283606,-6.197830877e-08,-3.432946239e-09
908100000,0.0003525549704,-0.0001383209002,-5.689934817e-08,2.454462363e-08
908200000,0.0006904590344,-0.0001421109049,-3.989761133e-08,4.727685639e-08
908300000,0.0009909520883,-0.0002963702337,-1.458099492e-08,6.001125219e-08
908400000,0.001190810616,-0.0005685030687,1.370995557e-08,6.010931016e-08
908500000,0.001248041344,-0.0009011313284,3.902856416e-08,4.759306879e-08
908600000,0.001150702451,-0.001224190293,5.607193384e-08,2.513150913e-08
908700000,0.000919393152,-0.001469684755,6.129154736e-08,-2.528438199e-09
908800000,0.0006028926014,-0.001585998054,5.363198218e-08,-2.95650081e-08
908900000,0.0002678712634,-0.001548742776,3.474397485e-08,-5.030687979e-08
909000000,-1.515524822e-05,-0.001365872028,8.628899503e-09,-6.042275393e-08
909100000,-0.0001866705687,-0.00107597993,-1.920881716e-08,-5.782572434e-08
909200000,-0.0002106751775,-0.0007401543689,-4.292182828e-08,-4.310363056e-08
909300000,-8.224437103e-05,-0.0004291019796,-5.754804401e-08,-1.938668416e-08
909400000,0.0001714601424,-0.000208259026,-6.004890599e-08,8.317956299e-09
909500000,0.0004969325855,-0.0001240235546,-4.994051641e-08,3.418323025e-08
909600000,0.0008256052791,-0.0001940055409,-2.938656827e-08,5.278770492e-08
909700000,0.001088291652,-0.0004033436768,-2.735379639e-09,6.025185488e-08
909800000,0.001229747909,-0.0007078590093,2.43999339e-08,5.504695142e-08
909900000,0.001220288719,-0.001043376241,4.63235958e-08,3.830792798e-08
910000000,0.001062014672,-0.001339246104,5.845266305e-08,1.358623974e-08
910100000,0.0007883451082,-0.001533219645,5.827497027e-08,-1.390353129e-08
910200000,0.0004569598035,-0.001584542913,4.586930566e-08,-3.838352622e-08
910300000,0.0001376401189,-0.001482517399,2.388014104e-08,-5.472694927e-08
910400000,-0.0001024273434,-0.001248727981,-3.045943817e-09,-5.953169212e-08
910500000,-0.0002127893677,-0.0009324743727,-2.924206159e-08,-5.18284254e-08
910600000,-0.0001703316118,-0.000600373022,-4.921361256e-08,-3.327580106e-08
910700000,1.587842437e-05,-0.0003223226683,-5.879070477e-08,-7.80353503e-09
910800000,0.0003065255809,-0.000156790397,-5.599870768e-08,1.921987257e-08
910900000,0.0006403457367,-0.0001385155488,-4.146521045e-08,4.211852919e-08
911000000,0.0009470372348,-0.0002712173609,-1.82795534e-08,5.610123053e-08
911100000,0.00116206396,-0.0005268369746,8.663749875e-09,5.826387495e-08
911200000,0.001240233171,-0.0008514680423,3.369817568e-08,4.819250521e-08
911300000,0.001165191567,-0.00117672248,5.157687181e-08,2.804177719e-08
911400000,0.0009528443019,-0.001434135113,5.85722553e-08,2.074159467e-09
911500000,0.0006479820926,-0.001569573275,5.32530954e-08,-2.424162098e-08
911600000,0.0003148315286,-0.001554618641,3.677710275e-08,-4.538221852e-08
911700000,2.352211334e-05,-0.001392528096,1.263926253e-08,-5.692888548e-08
911800000,-0.0001646784562,-0.001117523215,-1.406944221e-08,-5.64909899e-08
911900000,-0.0002102521773,-0.0007875631087,-3.773571873e-08,-4.420083159e-08
912000000,-0.0001037306783,-0.0004721269766,-5.340363237e-08,-2.267737442e-08
912100000,0.0001323360303,-0.0002375818296,-5.781235727e-08,3.53170918e-09
912200000,0.0004481511926,-0.0001332170327,-5.007471945e-08,2.891083733e-08
912300000,0.0007771735425,-0.0001808843501,-3.185536135e-08,4.813718601e-08
912400000,0.001050135142,-0.0003704208929,-7.012823222e-09,5.719699397e-08
912500000,0.001209621833,-0.0006618135242,1.921753915e-08,5.422340744e-08
912600000,0.00122214734,-0.0009936437956,4.132679858e-08,3.988098605e-08
912700000,0.001085181985,-0.001296031171,5.468938568e-08,1.721771462e-08
912800000,0.0008276607037,-0.001505347041,5.653075229e-08,-8.982630572e-09
912900000,0.0005038684767,-0.001577601442,4.650334802e-08,-3.321017423e-08
913000000,0.0001819951841,-0.001497686032,2.675136839e-08,-5.038759681e-08
913100000,-7.02271511e-05,-0.001282531129,1.452409506e-09,-5.693411409e-08
913200000,-0.0001997794511,-0.0009775170561,-2.406602553e-08,-5.151183259e-08
913300000,-0.0001795027171,-0.0006469004181,-4.444834142e-08,-3.529893316e-08
913400000,-1.379348304e-05,-0.0003602751363,-5.543477658e-08,-1.173395649e-08
913500000,0.000262346738,-0.0001779210294,-5.475158903e-08,1.421337186e-08
913600000,0.0005907025238,-0.000138124509,-4.258148637e-08,3.709016362e-08
913700000,0.0009021153054,-0.0002491382894,-2.151700523e-08,5.210624536e-08
913800000,0.00113104736,-0.0004874684573,3.991639668e-09,5.613710628e-08
913900000,0.001229372128,-0.0008028442727,2.85766627e-08,4.837393811e-08
914000000,0.001176489258,-0.001128819455,4.708219215e-08,3.048554915e-08
914100000,0.0009836385194,-0.001396769436,5.564547607e-08,6.25982441e-09
914200000,0.0006915091793,-0.001550336118,5.250309367e-08,-1.919827915e-08
914300000,0.0003616531412,-0.001557279693,3.835391726e-08,-4.054241078e-08
914400000,6.351386285e-05,-0.001416245081,1.620415747e-08,-5.330753223e-08
914500000,-0.0001401954995,-0.001157022756,-9.27124737e-09,-5.484390053e-08
914600000,-0.0002066858811,-0.0008342541193,-3.271525818e-08,-4.486697874e-08
914700000,-0.0001220821724,-0.0005159114919,-4.921517053e-08,-2.550916756e-08
914800000,9.567960776e-05,-0.0002689815751,-5.533201091e-08,-8.641889925e-10
914900000,0.0004006526514,-0.000145367877,-4.981721218e-08,2.387856357e-08
915000000,0.0007285718924,-0.0001709789715,-3.386722913e-08,4.352667551e-08
915100000,0.001010394014,-0.0003402964662,-1.086423066e-08,5.397431092e-08
915200000,0.001186832234,-0.0006175614228,1.434099401e-08,5.306012942e-08
915300000,0.001220826173,-0.0009443242183,3.645188897e-08,4.10142704e-08
915400000,0.001105324126,-0.00125176391,5.083907755e-08,2.040199818e-08
915500000,0.000864743567,-0.001475180701,5.450955303e-08,-4.422472369e-09
915600000,0.0005498074036,-0.001567609747,4.672922348e-08,-2.82357074e-08
915700000,0.0002268478331,-0.001509691737,2.916933865e-08,-4.604408336e-08
915800000,-3.616671495e-05,-0.001313725664,5.547681767e-09,-5.41308878e-08
915900000,-0.000183938046,-0.00102105527,-1.915847952e-08,-5.083193879e-08
916000000,-0.0001854666407,-0.0006933444887,-3.976108176e-08,-3.687788131e-08
916100000,-4.055668812e-05,-0.0003995830454,-5.195065446e-08,-1.523279388e-08
916200000,0.0002201672899,-0.0002015606386,-5.319766782e-08,9.535331787e-09
916300000,0.0005417304345,-0.0001408681691,-4.327733555e-08,3.221855734e-08
916400000,0.0008563971642,-0.0002301605286,-2.430901438e-08,4.806400272e-08
916500000,0.001097937103,-0.0004505162804,-3.035708795e-10,5.376966887e-08
916600000,0.001215562834,-0.0007554449619,2.368464747e-08,4.817244702e-08
916700000,0.001184606498,-0.001080693351,4.262194603e-08,3.248497742e-08
916800000,0.001011690885,-0.001357782367,5.255149948e-08,1.003317701e-08
916900000,0.0007333109846,-0.001528422768,5.142003038e-08,-1.444880444e-08
917000000,0.0004081296008,-0.001556775026,3.950225733e-08,-3.58167582e-08
917100000,0.0001046133684,-0.001436974708,1.933540044e-08,-4.959727331e-08
917200000,-0.000113384975,-0.001194343135,-4.82086427e-09,-5.292418755e-08
917300000,-0.0002000618809,-0.0008800334012,-2.788407224e-08,-4.513461309e-08
917400000,-0.0001372888117,-0.0005602438165,-4.501826258e-08,-2.790060978e-08
917500000,6.159435584e-05,-0.0003022734121,-5.264793825e-08,-4.870445422e-09
917600000,0.0003546120215,-0.0001603569773,-4.920410773e-08,1.910362892e-08
917700000,0.0006800100554,-0.0001642610487,-3.544676299e-08,3.898764683e-08
917800000,0.0009692684803,-0.0003130386868,-1.429754987e-08,5.062287988e-08
917900000,0.001161527668,-0.0005752531867,9.780605561e-09,5.159556626e-08
918000000,0.001216390876,-0.0008956184373,3.172520453e-08,4.173753846e-08
918100000,0.001122410082,-0.001206653356,4.693852535e-08,2.315394187e-08
918200000,0.0008994726102,-0.001442893751,5.225085442e-08,-2.261776925e-10
918300000,0.0005945909668,-0.001554668619,4.658081446e-08,-2.348050369e-08
918400000,0.0002719870296,-0.001518541799,3.1155243e-08,-4.172970952e-08
918500000,-4.380562682e-07,-0.001342223891,9.243968978e-09,-5.116120433e-08
918600000,-0.0001653977615,-0.001062924865,-1.453322355e-08,-4.982558185e-08
918700000,-0.0001882687191,-0.0007394992292,-3.518057426e-08,-3.803940739e-08
918800000,-6.435978538e-05,-0.0004400419224,-4.83759378e-08,-1.831115168e-08
918900000,0.000180124482,-0.0002275493136,-5.137548206e-08,5.192582698e-09
919000000,0.0004936235915,-0.0001466647984,-4.358414394e-08,2.752698152e-08
919100000,0.0008100928988,-0.0002142976649,-2.667325346e-08,4.400927557e-08
919200000,0.001062915,-0.0004160864079,-4.222177975e-09,5.120050152e-08
919300000,0.001198920565,-0.0007094460701,1.90392125e-08,4.762295196e-08
919400000,0.001189567805,-0.001032553027,3.822695296e-08,3.406364833e-08
919500000,0.001036930054,-0.001317371664,4.93283674e-08,1.340155871e-08
919600000,0.0007732353807,-0.001503978255,5.004116163e-08,-1.000358606e-08
919700000,0.000454060072,-0.001553166446,4.025077856e-08,-3.123114041e-08
919800000,0.0001466133898,-0.001454682601,2.204706225e-08,-4.583399639e-08
919900000,-8.441690723e-05,-0.001229361093,-7.217101747e-10,-5.077018134e-08
920000000,-0.0001904772327,-0.0009247148148,-2.326229016e-08,-4.503645582e-08
920100000,-0.0001493543166,-0.000604914152,-4.084546979e-08,-2.987196602e-08
920200000,3.017059399e-05,-0.0003372680548,-4.979825646e-08,-8.490657925e-09
920300000,0.000310194571,-0.0001780553794,-4.827106322e-08,1.459980121e-08
920400000,0.0006316933961,-0.0001606890497,-3.661968493e-08,3.45482854e-08
920500000,0.0009269607355,-0.0002887021132,-1.732320327e-08,4.71793401e-08
920600000,0.001133864593,-0.0005350279008,5.54338595e-09,4.986709483e-08
920700000,0.00120891926,-0.0008477207164,2.716966155e-08,4.208105841e-08
920800000,0.001136422692,-0.001160908011,4.30216872e-08,2.549037716e-08
920900000,0.0009317393705,-0.001408665022,4.979249285e-08,3.606161781e-09
921000000,0.0006380422919,-0.001538889588,4.609188268e-08,-1.896150168e-08
921100000,0.0003172047618,-0.001524257013,3.273169765e-08,-3.747464922e-08
921200000,3.676347628e-05,-0.00136795155,1.254803332e-08,-4.806209655e-08
921300000,-0.0001443001806,-0.001102972219,-1.02007156e-08,-4.852885898e-08
921400000,-0.0001879670151,-0.0007851640453,-3.073224342e-08,-3.881110111e-08
921500000,-8.516516729e-05,-0.0004814464504,-4.474563099e-08,-2.098235127e-08
921600000,0.0001423435958,-0.0002557202282,-4.932223975e-08,1.188818644e-09
921700000,0.0004465685051,-0.0001554211397,-4.353350727e-08,2.303531312e-08
921800000,0.0007634109349,-0.0002015495765,-2.862909377e-08,3.997389782e-08
921900000,0.001026167495,-0.0003842718014,-7.767305788e-09,4.846667496e-08
922000000,0.001179570547,-0.0006650139968,1.465408252e-08,4.675996262e-08
922100000,0.001191410861,-0.0009846032313,3.392484844e-08,3.524627832e-08
922200000,0.00105929829,-0.001275737289,4.601177998e-08,1.637473868e-08
922300000,0.0008111414298,-0.00147715566,4.840273416e-08,-5.86980153e-09
922400000,0.0004992501332,-0.001546527952,4.062866579e-08,-2.680811827e-08
922500000,0.0001893069785,-0.001469348152,2.435516582e-08,-4.205085944e-08
922600000,-5.346720909e-05,-0.001261965814,3.025756986e-09,-4.841864204e-08
922700000,-0.0001780398158,-0.000968120724,-1.886669843e-08,-4.460514444e-08
922800000,-0.0001582958843,-0.0006497154733,-3.672632929e-08,-3.144491547e-08
922900000,1.485350593e-06,-0.00037377268,-4.68190128e-08,-1.17310354e-08
923000000,0.0002675552608,-0.0001983250314,-4.705304879e-08,1.037759287e-08
923100000,0.0005838221226,-0.000160208703,-3.741255297e-08,3.023356236e-08
923200000,0.0008836740508,-0.0002673276072,-1.995379284e-08,4.367783302e-08
923300000,0.001104006544,-0.0004970128801,1.633287231e-09,4.791083057e-08
923400000,0.001198500725,-0.0008008179528,2.28048808e-08,4.207533499e-08
923500000,0.001147358445,-0.001114734961,3.911968222e-08,2.742981537e-08
923600000,0.0009614482271,-0.001372678176,4.71705162e-08,7.077219884e-09
923700000,0.0006799938347,-0.001520394241,4.529582406e-08,-1.469237236e-08
923800000,0.0003622968744,-0.001526871331,3.392244717e-08,-3.330599396e-08
923900000,7.524010909e-05,-0.001390847873,1.546901835e-08,-4.486834654e-08
924000000,-0.0001207950774,-0.001141054694,-6.168282417e-09,-4.69769176e-08
924100000,-0.0001846318208,-0.0008301445067,-2.643829377e-08,-3.922109883e-08
924200000,-0.0001029489156,-0.0005235913654,-4.109210743e-08,-2.326163683e-08
924300000,0.0001069376461,-0.0002859004911,-4.707365343e-08,-2.475156971e-09
924400000,0.0004007434226,-0.0001670330344,-4.315697334e-08,1.876018042e-08
924500000,0.0007165571754,-0.0001919027021,-3.019731186e-08,3.59867798e-08
924600000,0.0009878847754,-0.0003551522757,-1.094463545e-08,4.56032729e-08
924700000,0.001157647223,-0.0006223050553,1.053981235e-08,4.561735376e-08
924800000,0.0011901861,-0.0009370438074,2.974015358e-08,3.605842804e-08
924900000,0.001078751454,-0.001233080512,4.263503239e-08,1.896462808e-08
925000000,0.0008468997696,-0.0014481153,4.653980004e-08,-2.051642691e-09
925100000,0.0005435124853,-0.001536945186,4.066536604e-08,-2.256705245e-08
925200000,0.0002324883587,-0.001480964346,2.627739291e-08,-3.827827777e-08
925300000,-2.071681201e-05,-0.001292059166,6.423783608e-09,-4.590462089e-08
925400000,-0.0001628676589,-0.001010082591,-1.471090584e-08,-4.387299376e-08
925500000,-0.0001641438514,-0.000694444361,-3.268739569e-08,-3.264226517e-08
925600000,-2.439770744e-05,-0.0004115918228,-4.374409108e-08,-1.460012283e-08
925700000,0.000226838281,-0.0002210195525,-4.558414294e-08,6.444465617e-09
925800000,0.0005365905288,-0.0001627534792,-3.785248812e-08,2.606532635e-08
925900000,0.0008396118807,-0.0002489424266,-2.220381434e-08,4.014996045e-08
926000000,0.001072123296,-0.0004613233543,-1.948562171e-09,4.57614644e-08
926100000,0.001185235646,-0.0007550890196,1.864732572e-08,4.175085735e-08
926200000,0.001155227232,-0.001068339016,3.526080195e-08,2.899216053e-08
926300000,0.0009885165603,-0.001335120819,4.441906758e-08,1.019217437e-08
926400000,0.0007202879171,-0.001499313496,4.422544855e-08,-1.068370122e-08
926500000,0.0004070638685,-0.001526431461,3.475208765e-08,-2.924781819e-08
926600000,0.0001147925391,-0.001410865572,1.801817261e-08,-4.161241971e-08
926700000,-9.503961477e-05,-0.001177041028,-2.440338657e-09,-4.520377331e-08
926800000,-0.0001783451166,-0.0008742530604,-2.231782356e-08,-3.929782272e-08
926900000,-0.0001177006362,-0.0005662723354,-3.744509142e-08,-2.516589212e-08
927000000,7.40071357e-05,-0.0003179120062,-4.466380081e-08,-5.801185091e-09
927100000,0.000356317725,-0.000181386082,-4.248580583e-08,1.471512046e-08
927200000,0.0006697341663,-0.0001853303617,-3.139980723e-08,3.207394412e-08
927300000,0.0009482598864,-0.0003287944134,-1.376213888e-08,4.264330056e-08
927400000,0.0011332935,-0.0005814649983,6.703983992e-09,4.422816365e-08
927500000,0.001185956237,-0.0008900689323,2.569436123e-08,3.652623538e-08
927600000,0.00109525892,-0.001189603016,3.922897034e-08,2.118500298e-08
927700000,0.0008803929412,-0.001417023897,4.448605453e-08,1.449455524e-09
927800000,0.0005866676152,-0.001524514833,4.039034279e-08,-1.852423659e-08
927900000,0.0002759537874,-0.001489537523,2.783280663e-08,-3.454393438e-08
928000000,1.364920805e-05,-0.001319555864,9.477067385e-09,-4.326134192e-08
928100000,-0.0001450882351,-0.001050441523,-1.080551703e-08,-4.28717787e-08
928200000,-0.0001669413073,-0.0007389018036,-2.875229895e-08,-3.348767778e-08
928300000,-4.742828692e-05,-0.0004505282668,-4.060514421e-08,-1.710853266e-08
928400000,0.0001881766426,-0.0002459850245,-4.389735189e-08,2.805040216e-09
928500000,0.0004901862758,-0.0001682451158,-3.796691959e-08,2.206241054e-08
928600000,0.0007949769864,-0.0002335603738,-2.40893821e-08,3.662476768e-08
928700000,0.001038390012,-0.0004280622087,-5.203618287e-09,4.345212417e-08
928800000,0.001169234727,-0.0007107041547,1.471045414e-08,4.113787037e-08
928900000,0.001160052036,-0.001021921875,3.147054392e-08,3.019843748e-08
929000000,0.001012874851,-0.001296183625,4.157029331e-08,1.295844918e-08
929100000,0.0007587772106,-0.001475786862,4.2912782e-08,-6.943177207e-09
929200000,0.0004513116664,-0.00152299641,3.524580581e-08,-2.532125913e-08
929300000,0.0001552208186,-0.001427970789,2.020858026e-08,-3.832442061e-08
929400000,-6.719752616e-05,-0.00121081168,9.813929085e-10,-4.324215039e-08
929500000,-0.0001691999917,-0.0009173097012,-1.838695051e-08,-3.906974072e-08
929600000,-0.0001294232403,-0.0006092868189,-3.383166551e-08,-2.671336905e-08
929700000,4.363986875e-05,-0.0003515723382,-4.212500847e-08,-8.793506325e-09
929800000,0.0003134513731,-0.0001983563314,-4.15507751e-08,1.091074686e-08
929900000,0.0006231402928,-0.0001817931268,-3.225934154e-08,2.825858123e-08
930000000,0.000907487842,-0.0003052515375,-1.622981881e-08,3.961761607e-08
930100000,0.001106659966,-0.0005426285994,3.151409049e-09,4.262441667e-08
930200000,0.001178795764,-0.0008438663928,2.18060371e-08,3.667616732e-08
930300000,0.001108803448,-0.001145506026,3.582197184e-08,2.30512373e-08
930400000,0.0009115156613,-0.001384053741,4.227369801e-08,4.634585251e-09
930500000,0.0006285444144,-0.001509343993,3.983285152e-08,-1.469304115e-08
930600000,0.0003195023892,-0.001495087087,2.904158709e-08,-3.087280776e-08
930700000,4.944250578e-05,-0.001344383591,1.219250862e-08,-4.052011105e-08
930800000,-0.000124837731,-0.001089048762,-7.158315066e-09,-4.163254153e-08
930900000,-0.0001667436602,-0.0007828939659,-2.494182237e-08,-3.400541869e-08
931000000,-6.756942336e-05,-0.0004903839248,-3.743155052e-08,-1.926868429e-08
931100000,0.0001516918249,-0.0002730607987,-4.202445438e-08,-5.386904588e-10
931200000,0.0004447897159,-0.0001765941821,-3.778335038e-08,1.8240753e-08
931300000,0.0007499705786,-0.0002211819991,-2.562796594e-08,3.312874626e-08
931400000,0.001002986384,-0.0003973197841,-8.135686418e-09,4.101426028e-08
931500000,0.001150618328,-0.0006678243989,1.100487801e-08,4.026616695e-08
931600000,0.001161868582,-0.0009756813195,2.7771662e-08,3.107053489e-08
931700000,0.001034466726,-0.00125605945,3.865427241e-08,1.538546215e-08
931800000,0.0007953251668,-0.001449961673,4.138889388e-08,-3.475787412e-09
931900000,0.0004948523395,-0.001516637,3.542913581e-08,-2.154461378e-08
932000000,0.0001963252264,-0.00144214297,2.205490201e-08,-3.503207136e-08
932100000,-3.743828404e-05,-0.00124225911,4.097659638e-09,-4.112334717e-08
932200000,-0.0001573000271,-0.0009591425967,-1.465895125e-08,-3.856514719e-08
932300000,-0.0001381326719,-0.0006524348996,-3.027629603e-08,-2.792343081e-08
932400000,1.591082079e-05,-0.0003866955804,-3.948776069e-08,-1.145851939e-08
932500000,0.0002722944042,-0.0002178109989,-4.038196587e-08,7.354924209e-09
932600000,0.0005769690085,-0.0001812392389,-3.279928774e-08,2.45611201e-08
932700000,0.0008657647515,-0.0002845637405,-1.83594556e-08,3.655488426e-08
932800000,0.001077904098,-0.0005059192873,-1.156663764e-10,4.083696987e-08
932900000,0.001168790394,-0.0007986169039,1.809093499e-08,3.653479045e-08
933000000,0.001119380995,-0.001100989454,3.243994688e-08,2.458004674e-08
933100000,0.000940175036,-0.001349381838,3.993332629e-08,7.507136995e-09
933200000,0.0006689807498,-0.001491549517,3.902173506e-08,-1.10840675e-08
933300000,0.0003629369624,-0.001497645174,2.992477909e-08,-2.728721921e-08
933400000,8.6472339e-05,-0.001366483057,1.457896396e-08,-3.771024571e-08
933500000,-0.000102260292,-0.001125766132,-3.774448165e-09,-4.018542033e-08
933600000,-0.0001636181594,-0.0008262329204,-2.127399184e-08,-3.422011927e-08
933700000,-8.479738005e-05,-0.0005309607061,-3.425038772e-08,-2.109455214e-08
933800000,0.0001174934782,-0.0003020803176,-3.999586755e-08,-3.587147303e-09
933900000,0.0004005732602,-0.0001877006808,-3.732914171e-08,1.461352879e-08
934000000,0.0007047914838,-0.0002117948564,-2.683814157e-08,2.968585731e-08
934100000,0.0009660957754,-0.0003691737323,-1.075068637e-08,3.847755446e-08
934200000,0.001129515754,-0.0006266010827,7.53853213e-09,3.916490148e-08
934300000,0.001160724935,-0.0009298104441,2.418423377e-08,3.163096415e-08
934400000,0.001053248939,-0.001214942469,3.569897156e-08,1.74843799e-08
934500000,0.0008298063935,-0.001421992299,3.968374293e-08,-2.840149363e-10
934600000,0.0005375047949,-0.001507435325,3.532773675e-08,-1.793344765e-08
934700000,0.0002379071213,-0.001453374701,2.357312705e-08,-3.176070992e-08
934800000,-5.936260427e-06,-0.001271288011,6.911457547e-09,-3.887712309e-08
934900000,-0.0001427586473,-0.0009995886665,-1.114440747e-08,-3.781196383e-08
935000000,-0.0001438575858,-0.0006955200937,-2.6800876e-08,-2.881630817e-08
935100000,-9.117933357e-06,-0.0004230932211,-3.678063012e-08,-1.380454458e-08
935200000,0.0002329864809,-0.0002396092106,-3.900861075e-08,4.052948575e-09
935300000,0.0005314081,-0.000183605071,-3.304340347e-08,2.09993162e-08
935400000,0.0008232869547,-0.0002667579703,-2.016436319e-08,3.348155106e-08
935500000,0.001047189446,-0.0004714488371,-3.097354824e-09,3.889538132e-08
935600000,0.001156036482,-0.0007544934702,1.456212291e-08,3.612856172e-08
935700000,0.001127000474,-0.001056251065,2.910635725e-08,2.578924579e-08
935800000,0.000966290719,-0.00131318906,3.749383606e-08,1.007257334e-08
935900000,0.0007078239851,-0.001471257313,3.798524407e-08,-7.705309449e-09
936000000,0.0004060647549,-0.00149725626,3.050405957e-08,-2.380689583e-08
936100000,0.0001245464348,-0.001385807993,1.664701111e-08,-3.48590275e-08
936200000,-7.750724765e-05,-0.001160466418,-6.566210033e-10,-3.855950016e-08
936300000,-0.0001576433758,-0.0008687373391,-1.776418188e-08,-3.41565588e-08
936400000,-9.910149269e-05,-0.0005720613678,-3.108643017e-08,-2.260142423e-08
936500000,8.567918256e-05,-0.0003328719452,-3.784053594e-08,-6.34295123e-09
936600000,0.0003577007922,-0.0002014546833,-3.663132028e-08,1.119129162e-08
936700000,0.0006596353356,-0.0002053738095,-2.77393513e-08,2.631756917e-08
936800000,0.0009279043588,-0.0003436889299,-1.305642373e-08,3.586984869e-08
936900000,0.00110606453,-0.0005871753649,4.316847318e-09,3.78624257e-08
937000000,0.001156681048,-0.0008844969132,2.072574164e-08,3.190263443e-08
937100000,0.001069191306,-0.001173027306,3.273021592e-08,1.92678808e-08
937200000,0.0008621069766,-0.001392039347,3.782604942e-08,2.631961347e-09
937300000,0.0005790954211,-0.001495484185,3.49671876e-08,-1.450071592e-08
937400000,0.0002797697741,-0.00146167148,2.478033471e-08,-2.853330551e-08
937500000,2.713011787e-05,-0.00129781548,9.427812524e-09,-3.653160853e-08
937600000,-0.0001256984405,-0.001038494113,-7.851361287e-09,-3.683756104e-08
937700000,-0.0001466389773,-0.0007383501279,-2.342478365e-08,-2.941287018e-08
937800000,-3.139723552e-05,-0.0004605750041,-3.403022623e-08,-1.584159267e-08
937900000,0.0001956564923,-0.0002636027655,-3.745894281e-08,1.007731375e-09
938000000,0.0004866389903,-0.0001888156329,-3.301561406e-08,1.758834841e-08
938100000,0.0007802501736,-0.0002518481694,-2.165915408e-08,3.042183686e-08
938200000,0.001014684816,-0.0004393171163,-5.795920855e-09,3.682779933e-08
938300000,0.001140640393,-0.0007116607914,1.123011848e-08,3.548363731e-08
938400000,0.001131683463,-0.001011485668,2.58422519e-08,2.669751633e-08
938500000,0.0009897950125,-0.001275659288,3.49823555e-08,1.233820687e-08
938600000,0.0007449314525,-0.001448601631,3.675087181e-08,-4.562319823e-09
938700000,0.0004486982065,-0.00149397673,3.080151753e-08,-2.044904759e-08
938800000,0.000163471846,-0.001402325104,1.840871659e-08,-3.199167207e-08
938900000,-5.073632184e-05,-0.00119303371,2.194712534e-09,-3.678268454e-08
939000000,-0.0001489086441,-0.0009102331454,-1.442522907e-08,-3.383946381e-08
939100000,-0.0001104839611,-0.0006134903463,-2.796216258e-08,-2.380567214e-08
939200000,5.633426305e-05,-0.0003652598035,-3.558583989e-08,-8.810711245e-09
939300000,0.0003163271286,-0.0002177369954,-3.571640079e-08,7.982122242e-09
939400000,0.0006146937953,-0.0002018813871,-2.835168394e-08,2.304291436e-08
939500000,0.0008886002631,-0.0003209174472,-1.506236633e-08,3.321709579e-08
939600000,0.001080409647,-0.0005496778237,1.342927803e-09,3.638614292e-08
939700000,0.001149808281,-0.0008399222615,1.741116777e-08,3.190864535e-08
939800000,0.001082276576,-0.001130508197,2.97716807e-08,2.074992663e-08
939900000,0.0008921247466,-0.001360268851,3.584318565e-08,5.274067174e-09
940000000,0.0006194586885,-0.001480886474,3.437279959e-08,-1.125689251e-08
940100000,0.000321719177,-0.001467051441,2.569447252e-08,-2.537049236e-08
940200000,6.157921528e-05,-0.001321771129,1.165356504e-08,-3.411323281e-08
940300000,-0.000106250454,-0.001075714901,-4.785476223e-09,-3.56685982e-08
940400000,-0.0001465297662,-0.0007807376838,-2.016495637e-08,-2.973441125e-08
940500000,-5.089080475e-05,-0.0004989497809,-3.126116698e-08,-1.758114233e-08
940600000,0.0001604222088,-0.0002896369149,-3.576007017e-08,-1.78001447e-09
940700000,0.0004428360811,-0.0001967851135,-3.273981983e-08,1.43409306e-08
940800000,0.0007368486819,-0.000239835468,-2.285951658e-08,2.739774762e-08
940900000,0.0009805634376,-0.0004096118861,-8.215575494e-09,3.466087303e-08
941000000,0.001122717861,-0.0006702747159,8.103031629e-09,3.462570143e-08
941100000,0.00113346387,-0.0009668843354,2.266631897e-08,2.732419119e-08
941200000,0.001010632912,-0.001236978568,3.242419304e-08,1.431298358e-08
941300000,0.0007801708721,-0.001423724323,3.534521472e-08,-1.658381785e-09
941400000,0.0004906556543,-0.001487874408,3.083945066e-08,-1.722845631e-08
941500000,0.0002030557937,-0.001416013954,1.987741508e-08,-2.913131933e-08
941600000,-2.211083004e-05,-0.001223363672,4.781156861e-09,-3.488158735e-08
941700000,-0.0001375134691,-0.0009505541215,-1.126755714e-08,-3.329332558e-08
941800000,-0.00011895959,-0.0006550545659,-2.489780784e-08,-2.472453222e-08
941900000,2.953166059e-05,-0.0003990646116,-3.325752615e-08,-1.099681637e-08
942000000,0.0002765975295,-0.0002364198499,-3.461023145e-08,4.991783287e-09
942100000,0.0005701538053,-0.0002012681831,-2.869566387e-08,1.987855646e-08
942200000,0.0008483727243,-0.000300898573,-1.677942662e-08,3.054332716e-08
942300000,0.001052702793,-0.0005142280999,-1.382270158e-09,3.476238484e-08
942400000,0.001140188864,-0.000796261232,1.425309749e-08,3.167209428e-08
942500000,0.001092500258,-0.001087578158,2.684490039e-08,2.194554566e-08
942600000,0.0009197694895,-0.001326851449,3.376108479e-08,7.646134659e-09
942700000,0.000658437705,-0.001463754543,3.356944938e-08,-8.210107776e-09
942800000,0.0003635648252,-0.001469545036,2.633414199e-08,-2.229061654e-08
942900000,9.722703115e-05,-0.001343097151,1.359716069e-08,-3.164667389e-08
943000000,-8.45534656e-05,-0.001111117189,-1.950201243e-09,-3.433088483e-08
943100000,-0.0001435943372,-0.0008225011082,-1.703597381e-08,-2.980245267e-08
943200000,-6.757514352e-05,-0.0005380263506,-2.84960664e-08,-1.903592475e-08
943300000,0.0001273899912,-0.0003175511553,-3.393786634e-08,-4.311588305e-09
943400000,0.0004001661394,-0.0002074174606,-3.223971517e-08,1.126742926e-08
943500000,0.0006932744977,-0.0002307084275,-2.378200041e-08,2.442910089e-08
943600000,0.0009450021365,-0.0003824086591,-1.036227585e-08,3.241968051e-08
943700000,0.001102393301,-0.000630481741,5.186713529e-09,3.35798124e-08
943800000,0.001132387542,-0.0009226336548,1.959494962e-08,2.768905055e-08
943900000,0.001028762099,-0.001197334263,2.984280514e-08,1.600727253e-08
944000000,0.0008134207197,-0.001396774082,3.379384686e-08,1.005318317e-09
944100000,0.0005317619999,-0.00147902804,3.064017879e-08,-1.415757592e-08
944200000,0.0002431064941,-0.001426866808,2.1067499e-08,-2.629903961e-08
944300000,8.201131961e-06,-0.001251363773,7.106182416e-09,-3.288144417e-08
944400000,-0.0001235669009,-0.0009895424709,-8.299308054e-09,-3.254223533e-08
944500000,-0.000124555481,-0.000696564221,-2.191137353e-08,-2.53759e-08
944600000,5.331858026e-06,-0.0004341045233,-3.087965475e-08,-1.290923192e-08
944700000,0.0002386472582,-0.0002573676228,-3.333785589e-08,2.2238776e-09
944800000,0.0005261968745,-0.000203473301,-2.87920602e-08,1.683887171e-08
944900000,0.0008074112499,-0.0002836588934,-1.82197545e-08,2.78706389e-08
945000000,0.001023101571,-0.0004809345938,-3.859756239e-09,3.301630407e-08
945100000,0.001127915339,-0.0007536811548,1.12618347e-08,3.121590324e-08
945200000,0.001099870391,-0.001044428175,2.396929235e-08,2.287062563e-08
945300000,0.0009449631036,-0.001291961559,3.160417231e-08,9.753707232e-09
945400000,0.0006958847232,-0.001444209533,3.258142722e-08,-5.366290934e-09
945500000,0.0004051204687,-0.001469194659,2.671840322e-08,-1.930979707e-08
945600000,0.0001338880377,-0.001361748319,1.526844576e-08,-2.915482349e-08
945700000,-6.07532371e-05,-0.001144577707,6.530615466e-10,-3.284925864e-08
945800000,-0.0001379080414,-0.0008634650846,-1.405015407e-08,-2.963855948e-08
945900000,-8.143939122e-05,-0.0005776142836,-2.575553655e-08,-2.021971819e-08
946000000,9.665455383e-05,-0.000347180031,-3.201688563e-08,-6.590116492e-09
946100000,0.000358787727,-0.0002206069927,-3.15386292e-08,8.375990279e-09
946200000,0.0006497165996,-0.0002244433334,-2.444381798e-08,2.153356746e-08
946300000,0.0009081805003,-0.0003577706112,-1.224352639e-08,3.012767686e-08
946400000,0.001079799108,-0.000592418564,2.48490861e-09,3.237026833e-08
946500000,0.001128511842,-0.0008789150094,1.664231441e-08,2.781213379e-08
946600000,0.001044152871,-0.001156914223,2.725977892e-08,1.743266334e-08
946700000,0.0008445705414,-0.001367905673,3.212121901e-08,3.429516967e-09
946800000,0.0005718493363,-0.001467526743,3.022587307e-08,-1.124664095e-08
946900000,0.0002834339645,-0.001434888419,2.199421615e-08,-2.351385359e-08
947000000,4.002750444e-05,-0.001276953454,9.174937586e-09,-3.080604071e-08
947100000,-0.0001071868799,-0.001027049335,-5.526479496e-09,-3.160973686e-08
947200000,-0.0001273106775,-0.0007378335306,-1.901870688e-08,-2.5778137e-08
947300000,-1.621713902e-05,-0.0004701959596,-2.847456418e-08,-1.455730179e-08
947400000,0.0002026011925,-0.0002804375693,-3.192339359e-08,-3.199905175e-10
947500000,0.0004829984029,-0.0002084248385,-2.866170603e-08,1.393603887e-08
947600000,0.0007659047974,-0.000269212423,-1.939653645e-08,2.521919316e-08
947700000,0.000991768706,-0.0004498942163,-6.092328906e-09,3.117178852e-08
947800000,0.001113089955,-0.0007123413701,8.445521483e-09,3.056265931e-08
947900000,0.001104407265,-0.001001246427,2.116219331e-08,2.354171846e-08
948000000,0.0009676397007,-0.001255776558,2.939531098e-08,1.160384825e-08
948100000,0.0007316615998,-0.001422380682,3.14323058e-08,-2.729317377e-09
948200000,0.0004462048321,-0.001466054233,2.686658786e-08,-1.644199776e-08
948300000,0.0001713760084,-0.001377691941,1.667847088e-08,-2.665876974e-08
948400000,-3.500175067e-05,-0.001175984084,3.024789565e-09,-3.124748282e-08
948500000,-0.0001295566587,-0.0009034612658,-1.121765754e-08,-2.926417419e-08
948600000,-9.248512628e-05,-0.0006175247269,-2.30582078e-08,-2.114715269e-08
948700000,6.829878179e-05,-0.0003783539426,-3.002028902e-08,-8.620369118e-09
948800000,0.0003188506758,-0.0002362390407,-3.065937909e-08,5.672670834e-09
948900000,0.0006063601717,-0.0002210045349,-2.48626562e-08,1.872672425e-08
949000000,0.0008702800522,-0.0003357485483,-1.386818872e-08,2.78066582e-08
949100000,0.00105507493,-0.0005562116825,-5.89072417e-13,3.102048912e-08
949200000,0.001121905171,-0.0008359038993,1.382044986e-08,2.771356473e-08
949300000,0.001056788033,-0.001115905968,2.469483351e-08,1.860177201e-08
949400000,0.0008735212148,-0.001337279144,3.035056704e-08,5.616700225e-09
949500000,0.0006107575317,-0.00145346942,2.961840086e-08,-8.503782821e-09
949600000,0.0003238508071,-0.001440095761,2.267347965e-08,-2.079276786e-08
949700000,7.319308167e-05,-0.001300064241,1.099406233e-08,-2.867766083e-08
949800000,-8.849955686e-05,-0.001062935262,-2.953067054e-09,-3.051869645e-08
949900000,-0.0001272757655,-0.0007786814601,-1.623356427e-08,-2.594989193e-08
950000000,-3.50797676e-05,-0.0005071544331,-2.606285186e-08,-1.595155751e-08
950100000,0.0001685734871,-0.0003054805766,-3.038993852e-08,-2.640053229e-09
950200000,0.0004407270433,-0.0002160404102,-2.832533692e-08,1.118013919e-08
950300000,0.0007240409704,-0.0002575607879,-2.032380597e-08,2.260723408e-08
950400000,0.0009588712418,-0.0004211921937,-8.084397569e-09,2.925138902e-08
950500000,0.001095824045,-0.0006723926963,5.810265404e-09,2.973447404e-08
950600000,0.0011061431,-0.0009582175218,1.843891072e-08,2.397585683e-08
950700000,0.0009877456538,-0.001218475955,2.715576465e-08,1.320495503e-08
950800000,0.000765640205,-0.001398404612,3.014482283e-08,-3.011583507e-10
950900000,0.0004866422994,-0.001460188758,2.679813275e-08,-1.369911009e-08
951000000,0.0002095048344,-0.001390907756,1.783930207e-08,-2.417779523e-08
951100000,-7.456433864e-06,-0.001205235117,5.167171786e-09,-2.95481598e-08
951200000,-0.0001186358266,-0.0009423288644,-8.546597914e-09,-2.870046477e-08
951300000,-0.0001007261189,-0.0006575711877,-2.042075928e-08,-2.183352442e-08
951400000,4.239360268e-05,-0.0004108999577,-2.79697927e-08,-1.040858096e-08
951500000,0.0002804956115,-0.0002541906154,-2.962414351e-08,3.161575614e-09
951600000,0.0005633858786,-0.0002203448293,-2.505649997e-08,1.602211913e-08
951700000,0.0008314834314,-0.0003163809265,-1.524629476e-08,2.547674049e-08
951800000,0.001028366929,-0.0005219770463,-2.269779797e-09,2.955291611e-08
951900000,0.001112646467,-0.0007937692981,1.113935325e-08,2.741339222e-08
952000000,0.001066662723,-0.001074495881,2.216583244e-08,1.95280561e-08
952100000,0.0009001851569,-0.001305059038,2.850384621e-08,7.570932514e-09
952200000,0.0006483347693,-0.001436964145,2.883918695e-08,-5.935151539e-09
952300000,0.0003641729665,-0.001442517727,2.312169024e-08,-1.815082199e-08
952400000,0.0001075203279,-0.001320639812,1.257150875e-08,-2.651704689e-08
952500000,-6.763859044e-05,-0.001097070623,-5.812071841e-10,-2.92911878e-08
952600000,-0.0001245124326,-0.0008189324102,-1.356768906e-08,-2.590993319e-08
952700000,-5.12328204e-05,-0.000544795361,-2.366337112e-08,-1.710353507e-08
952800000,0.0001366672891,-0.0003323419301,-2.87594734e-08,-4.738217287e-09
952900000,0.0003995441043,-0.0002262277052,-2.780344124e-08,8.579262733e-09
953000000,0.0006820052354,-0.0002486934582,-2.101626269e-08,2.005111702e-08
953100000,0.0009245797397,-0.0003949019254,-9.841808285e-09,2.727626674e-08
953200000,0.001076237367,-0.0006339769439,3.360271029e-09,2.875285714e-08
953300000,0.00110512167,-0.0009155217751,1.581278381e-08,2.419038442e-08
953400000,0.001005239591,-0.001180240581,2.490517703e-08,1.45665793e-08
953500000,0.0007977027808,-0.001372424597,2.874078351e-08,1.917967956e-09
953600000,0.000526263562,-0.001451673812,2.653242048e-08,-1.109104319e-08
953700000,0.0002480893239,-0.001401387781,1.876384088e-08,-2.17293881e-08
953800000,2.172062429e-05,-0.001232240998,7.083943185e-09,-2.777266123e-08
953900000,-0.0001052504379,-0.0009799151998,-6.043159893e-09,-2.796818847e-08
954000000,-0.0001061880362,-0.0006975702914,-1.785796396e-08,-2.229462247e-08
954100000,1.899791143e-05,-0.0004446426214,-2.588562889e-08,-1.196227643e-08
954200000,0.0002438535244,-0.0002743310992,-2.84543498e-08,8.449961537e-10
954300000,0.0005209691734,-0.0002224058891,-2.504347139e-08,1.343134552e-08
954400000,0.0007919735831,-0.0002996939247,-1.638886944e-08,2.315635478e-08
954500000,0.0009998270221,-0.0004898197612,-4.324302355e-09,2.79889269e-08
954600000,0.001100824657,-0.0007526730501,8.607085119e-09,2.69314453e-08
954700000,0.001073784198,-0.001032868429,1.968881053e-08,2.022563952e-08
954800000,0.0009244864791,-0.001271413594,2.660167441e-08,9.297688021e-09
954900000,0.0006844380412,-0.001418127519,2.79090896e-08,-3.545041973e-09
955000000,0.000404220459,-0.001442194766,2.33555699e-08,-1.560114586e-08
955100000,0.0001428301881,-0.001338636,1.39163662e-08,-2.434337888e-08
955200000,-4.474442583e-05,-0.001129335987,1.588675357e-09,-2.794839583e-08
955300000,-0.0001190929876,-0.0008584168691,-1.103089861e-08,-2.567699767e-08
955400000,-6.466530727e-05,-0.0005829348627,-2.12932403e-08,-1.802559987e-08
955500000,0.0001069745052,-0.0003608620882,-2.70528003e-08,-6.617903708e-09
955600000,0.0003596029967,-0.0002388850772,-2.711612736e-08,6.13962085e-09
955700000,0.0006399801639,-0.0002425880275,-2.148910434e-08,1.756534998e-08
955800000,0.0008890674737,-0.000371084896,-1.1371675e-08,2.526615351e-08
955900000,0.001054457425,-0.0005972264779,1.097973817e-09,2.763860571e-08
956000000,0.001101397899,-0.0008733345122,1.329525373e-08,2.420279622e-08
956100000,0.001020092336,-0.001141251777,2.266156409e-08,1.569925394e-08
956200000,0.0008277422489,-0.001344589813,2.724097547e-08,3.929445218e-09
956300000,0.0005649062265,-0.001440595025,2.608863891e-08,-8.625822082e-09
956400000,0.0002869459841,-0.00140913611,1.946565461e-08,-1.932926618e-08
956500000,5.236346252e-05,-0.001256923474,8.780222372e-09,-2.594107354e-08
956600000,-8.951400903e-05,-0.001016076201,-3.711719989e-09,-2.708757077e-08
956700000,-0.0001089081019,-0.0007373425126,-1.538274227e-08,-2.254656646e-08
956800000,-1.841451595e-06,-0.0004794047612,-2.378652194e-08,-1.329010013e-08
956900000,0.0002090453902,-0.000296522956,-2.717057757e-08,-1.276448681e-09
957000000,0.0004792796413,-0.0002271187275,-2.484168078e-08,1.096412483e-08
957100000,0.0007519329632,-0.0002857015682,-1.730776128e-08,2.086225449e-08
957200000,0.0009696121145,-0.0004598338446,-6.167277872e-09,2.634876718e-08
957300000,0.00108653808,-0.0007127693092,6.229876148e-09,2.628720156e-08
957400000,0.001078171569,-0.0009912054062,1.727801254e-08,2.070914742e-08
957500000,0.0009463610885,-0.00123651395,2.466329335e-08,1.080368675e-08
957600000,0.0007189335958,-0.001397084004,2.684829361e-08,-1.336023112e-09
957700000,0.0004438180704,-0.001439178491,2.339200582e-08,-1.315502659e-08
957800000,0.0001789428894,-0.001354020749,1.503869326e-08,-2.217426437e-08
957900000,-1.996355786e-05,-0.001159622432,3.557722345e-09,-2.65105317e-08
958000000,-0.0001110998436,-0.0008969720264,-8.631177129e-09,-2.526965119e-08
958100000,-7.537826723e-05,-0.0006213905397,-1.896786366e-08,-1.873078161e-08
958200000,7.957562156e-05,-0.0003908774642,-2.528948578e-08,-8.283889667e-09
958300000,0.0003210487235,-0.0002539021626,-2.628300511e-08,3.865662951e-09
958400000,0.0005981446991,-0.0002392105391,-2.175786764e-08,1.516264408e-08
958500000,0.0008525096304,-0.0003497906394,-1.268221479e-08,2.323932686e-08
958600000,0.001030618769,-0.0005622638286,-9.758245906e-10,2.641171026e-08
958700000,0.001095037402,-0.0008318254078,1.089594253e-08,2.403059395e-08
958800000,0.001032286802,-0.001101690607,2.044131932e-08,1.661432777e-08
958900000,0.000855662467,-0.001315054586,2.566510042e-08,5.736108896e-09
959000000,0.000602415383,-0.001427047509,2.548565301e-08,-6.30969116e-09
959100000,0.0003258937794,-0.001414168661,1.995881501e-08,-1.699141294e-08
959200000,8.430303813e-05,-0.001279215969,1.02623508e-08,-2.407215854e-08
959300000,-7.15480244e-05,-0.00105067686,-1.554970514e-09,-2.607819857e-08
959400000,-0.0001089347133,-0.000776712876,-1.300622623e-08,-2.260565513e-08
959500000,-2.008967061e-05,-0.0005150082856,-2.168967858e-08,-1.440165411e-08
959600000,0.0001761818405,-0.000320622459,-2.579247644e-08,-3.203671416e-09
959700000,0.0004384803802,-0.000234404202,-2.446908904e-08,8.628395986e-09
959800000,0.0007115427604,-0.0002744059029,-1.801547965e-08,1.860953408e-08
959900000,0.0009378833271,-0.0004321020329,-7.803157537e-09,2.465149597e-08
960000000,0.001069893884,-0.0006742040221,4.012241485e-09,2.549967091e-08
960100000,0.001079855486,-0.0009496851944,1.494594052e-08,2.099355186e-08
960200000,0.0009657567371,-0.001200533346,2.270654248e-08,1.209673456e-08
960300000,0.0007516973359,-0.001373965231,2.567621385e-08,6.90931113e-10
960400000,0.0004827960206,-0.001433531238,2.324790991e-08,-1.082198433e-08
960500000,0.0002156787316,-0.001366774024,1.594935761e-08,-2.002574284e-08
960600000,6.552217924e-06,-0.001187831819,5.328496996e-09,-2.49967668e-08
960700000,-0.0001006249677,-0.000934442347,-6.374775906e-09,-2.470616278e-08
960800000,-8.338453231e-05,-0.0006599822347,-1.670096507e-08,-1.923261636e-08
960900000,5.453957673e-05,-0.0004222212103,-2.348782185e-08,-9.742154478e-09
961000000,0.0002840174152,-0.0002711605254,-2.532307896e-08,1.760196282e-09
961100000,0.0005566734535,-0.0002385158547,-2.183828076e-08,1.285397452e-08
961200000,0.0008150825152,-0.000331056755,-1.378258974e-08,2.121259931e-08
961300000,0.00100486228,-0.0005292013512,-2.861819173e-09,2.509127205e-08
961400000,0.001086115999,-0.0007911578627,8.622739845e-09,2.369115284e-08
961500000,0.001041817829,-0.00106173708,1.825923175e-08,1.732380885e-08
961600000,0.0008813784326,-0.001283977622,2.403172073e-08,7.342098255e-09
961700000,0.0006386441291,-0.001411135272,2.474188986e-08,-4.14722201e-09
961800000,0.0003647548667,-0.00141651288,2.025774814e-08,-1.472812202e-08
961900000,0.0001173680163,-0.00129906364,1.153773966e-08,-2.218332645e-08
962000000,-5.148125812e-05,-0.001083591644,4.259525898e-10,-2.49589272e-08
962100000,-0.0001063270168,-0.0008155116238,-1.073783043e-08,-2.248822825e-08
962200000,-3.572387336e-05,-0.0005512749699,-1.961078916e-08,-1.530734134e-08
962300000,0.0001453628843,-0.0003464804296,-2.433869945e-08,-4.938975662e-09
962400000,0.0003987274212,-0.0002441735515,-2.394338725e-08,6.430411119e-09
962500000,0.0006709821372,-0.0002657972162,-1.852504383e-08,1.641166062e-08
962600000,0.0009048052188,-0.0004066956418,-9.237572756e-09,2.291494415e-08
962700000,0.00105100739,-0.000637114455,1.957093435e-09,2.458729269e-08
962800000,0.001078877787,-0.0009084820634,1.27034118e-08,2.109402859e-08
962900000,0.0009826330195,-0.001163646341,2.074784677e-08,1.31855702e-08
963000000,0.0007826151697,-0.001348909293,2.441141793e-08,2.536310046e-09
963100000,0.0005209905923,-0.001425325591,2.294008778e-08,-8.609853778e-09
963200000,0.0002528588613,-0.001376887659,1.665988262e-08,-1.791230098e-08
963300000,3.464656292e-05,-0.001213877004,6.904840294e-09,-2.342517749e-08
963400000,-8.776930003e-05,-0.0009706801024,-4.26631659e-09,-2.400439279e-08
963500000,-8.870844528e-05,-0.0006985327664,-1.45046305e-08,-1.954500148e-08
963600000,3.192368537e-05,-0.0004547240009,-2.166479745e-08,-1.09997294e-08
963700000,0.0002486359127,-0.0002905343234,-2.425465967e-08,-1.754919916e-10
963800000,0.0005157360377,-0.0002404480642,-2.174612846e-08,1.064864859e-08
963900000,0.0007769627694,-0.0003149089751,-1.468275534e-08,1.920131838e-08
964000000,0.0009773344369,-0.000498140937,-4.562066592e-09,2.369543813e-08
964100000,0.00107471919,-0.0007514884177,6.481892142e-09,2.320160065e-08
964200000,0.001048691977,-0.001021569389,1.612851277e-08,1.784021612e-08
964300000,0.0009048164364,-0.001251521238,2.23582169e-08,8.752711479e-09
964400000,0.0006734540507,-0.001392970591,2.387523786e-08,-2.14142467e-09
964500000,0.0004033553014,-0.001416207403,2.037709375e-08,-1.25500517e-08
964600000,0.0001513855544,-0.001316423392,1.261471955e-08,-2.029062145e-08
964700000,-2.944907763e-05,-0.001114704853,2.23134406e-09,-2.374780246e-08
964800000,-0.000101154446,-0.0008535748491,-8.585331706e-09,-2.221053888e-08
964900000,-4.873300036e-05,-0.0005880272296,-1.756404229e-08,-1.601821764e-08
965000000,0.0001166776799,-0.0003739429873,-2.282684745e-08,-6.485917532e-09
965100000,0.0003601691902,-0.0002563289648,-2.32818839e-08,4.374834712e-09
965200000,0.0006304274949,-0.0002598543056,-1.88498391e-08,1.42805125e-08
965300000,0.000870545009,-0.0003836744769,-1.047719005e-08,2.115568782e-08
965400000,0.001030001436,-0.0006016287678,6.586140111e-11,2.356784537e-08
965500000,0.001075291102,-0.0008677654946,1.055962376e-08,2.102582414e-08
965600000,0.0009969613197,-0.001126028027,1.880221588e-08,1.40797171e-08
965700000,0.0008115833107,-0.001322060029,2.307155759e-08,4.201935188e-09
965800000,0.0005582447215,-0.00141464387,2.248512164e-08,-6.524871927e-09
965900000,0.000290306029,-0.001384365169,1.718230354e-08,-1.584689795e-08
966000000,6.415935837e-05,-0.001237682007,8.291731016e-09,-2.181270302e-08
966100000,-7.264214489e-05,-0.001005545859,-2.30889814e-09,-2.318169299e-08
966200000,-9.138553335e-05,-0.000736868638,-1.238935899e-08,-1.96820583e-08
966300000,1.177361406e-05,-0.0004882148123,-1.983608303e-08,-1.206455262e-08
966400000,0.0002150213973,-0.000311890995,-2.309528415e-08,-1.941512284e-09
966500000,0.0004754964232,-0.0002449409351,-2.149712724e-08,8.554380602e-09
966600000,0.0007383265996,-0.0003013612809,-1.539331558e-08,1.721937743e-08
966700000,0.0009481865766,-0.0004691737731,-6.079850689e-09,2.224134467e-08
966800000,0.001060941599,-0.000712966209,4.478100798e-09,2.257871071e-08
966900000,0.001052927275,-0.00098136318,1.40608354e-08,1.817644017e-08
967000000,0.0009259141631,-0.00121785059,2.06607601e-08,9.974264485e-09
967100000,0.0007067156571,-0.001372673372,2.290295765e-08,-2.938608968e-10
967200000,0.0004415257153,-0.00141330167,2.033157683e-08,-1.046628756e-08
967300000,0.0001861820781,-0.00133126384,1.350239801e-08,-1.840872052e-08
967400000,-5.592731875e-06,-0.001143910929,3.862801911e-09,-2.246199399e-08
967500000,-9.349622392e-05,-0.0008907450919,-6.554951492e-09,-2.178863762e-08
967600000,-5.911762596e-05,-0.0006250888749,-1.556214709e-08,-1.65458511e-08
967700000,9.020435749e-05,-0.0004028523051,-2.127342885e-08,-7.849169412e-09
967800000,0.0003229460119,-0.000270764177,-2.250140909e-08,2.464847109e-09
967900000,0.0005900517639,-0.0002565447906,-1.900348515e-08,1.222642931e-08
968000000,0.0008352718033,-0.0003630867967,-1.152957016e-08,1.938903112e-08
968100000,0.001007005707,-0.0005678656343,-1.661391163e-09,2.245837029e-08
968200000,0.001069158415,-0.0008276995402,8.522225206e-09,2.08041346e-08
968300000,0.001008724708,-0.001087853262,1.68832532e-08,1.478934391e-08
968400000,0.0008385085285,-0.001293566285,2.167331614e-08,5.690830201e-09
968500000,0.0005944085491,-0.001401577592,2.189926267e-08,-4.571769926e-09
968600000,0.0003278453241,-0.001389221509,1.752903198e-08,-1.384100138e-08
968700000,9.492747023e-05,-0.001259182123,9.495148451e-09,-2.017511807e-08
968800000,-5.536053787e-05,-0.001038908924,-5.042063146e-10,-2.225482008e-08
968900000,-9.146213988e-05,-0.0007748207165,-1.036412187e-08,-1.965800605e-08
969000000,-5.876592734e-06,-0.0005225216945,-1.801602858e-08,-1.294533071e-08
969100000,0.0001832810692,-0.0003350919608,-2.186165073e-08,-3.539249865e-09
969200000,0.0004361123413,-0.0002519183961,-2.110681256e-08,6.577372373e-09
969300000,0.0006993490242,-0.0002904160682,-1.592538654e-08,1.527923876e-08
969400000,0.0009175741464,-0.0004423801537,-7.419550252e-09,2.074507823e-08
969500000,0.001044886389,-0.0006757324651,2.61461996e-09,2.183880477e-08
969600000,0.001054552918,-0.0009412908376,1.206637824e-08,1.834561283e-08
969700000,0.0009446207428,-0.001183132906,1.895429383e-08,1.101395448e-08
969800000,0.0007383087699,-0.001350370482,2.184160652e-08,1.395241474e-09
969900000,0.0004791019601,-0.001407855506,2.01358885e-08,-8.484409656e-09
970000000,0.0002215840457,-0.001343565214,1.421052275e-08,-1.655094077e-08
970100000,1.994137241e-05,-0.001171114723,5.32310124e-09,-2.111774162e-08
970200000,-8.344083263e-05,-0.0009268718963,-4.651445377e-09,-2.123827026e-08
970300000,-6.688973268e-05,-0.0006622858469,-1.36163671e-08,-1.690218953e-08
970400000,6.600989306e-05,-0.000433047368,-1.969382917e-08,-9.034387654e-09
970500000,0.0002871896581,-0.0002873650915,-2.161822817e-08,7.022494499e-10
970600000,0.0005500237217,-0.0002558254672,-1.899970958e-08,1.025826614e-08
970700000,0.000799155826,-0.0003449693249,-1.240303275e-08,1.762900197e-08
970800000,0.0009821560342,-0.000535933911,-3.225847804e-09,2.127510629e-08
970900000,0.001060552595,-0.0007884422176,6.597393868e-09,2.044399495e-08
971000000,0.001017917789,-0.001049295924,1.500317581e-08,1.532513019e-08
971100000,0.0008633083496,-0.001263581177,2.023236653e-08,7.007093544e-09
971200000,0.0006293399307,-0.001386226892,2.119833907e-08,-2.7538688e-09
971300000,0.0003653048871,-0.001391482789,1.771272875e-08,-1.190462952e-08
971400000,0.0001267855127,-0.001278323984,1.052194046e-08,-1.852701338e-08
971500000,-3.604859113e-05,-0.001070647737,1.147376262e-09,-2.123985988e-08
971600000,-8.899501659e-05,-0.000812224881,-8.436427497e-09,-1.948704517e-08
971700000,-2.100443723e-05,-0.0005574725327,-1.621766864e-08,-1.365140532e-08
971800000,0.0001535118752,-0.0003599933391,-2.056956643e-08,-4.971243351e-09
971900000,0.0003977347202,-0.000261295055,-2.059043742e-08,4.722398199e-09
972000000,0.0006602031387,-0.0002820643588,-1.629046844e-08,1.3391963e-08
972100000,0.0008856559519,-0.0004178293414,-8.58651197e-09,1.92216432e-08
972200000,0.001026664654,-0.0006399200473,8.933581479e-10,2.099766946e-08
972300000,0.001053608931,-0.0009015208034,1.015387975e-08,1.836098771e-08
972400000,0.0009608967507,-0.00114753672,1.725253041e-08,1.187972914e-08
972500000,0.0007681228637,-0.001326195066,2.070697506e-08,2.926873998e-09
972600000,0.0005159257183,-0.001399938661,1.980457718e-08,-6.610566829e-09
972700000,0.000257418699,-0.001353319227,1.474935182e-08,-1.472925717e-08
972800000,4.700240301e-05,-0.001196231703,6.616071947e-09,-1.973031406e-08
972900000,-7.108545291e-05,-0.0009618123272,-2.878194547e-09,-2.05747831e-08
973000000,-7.207244092e-05,-0.0006994469289,-1.173656008e-08,-1.709943752e-08
973100000,4.415003185e-05,-0.0004643647301,-1.810229266e-08,-1.004808389e-08
973200000,0.0002530229416,-0.0003060104236,-2.064796739e-08,-9.12429665e-10
973300000,0.000510507342,-0.0002576427022,-1.885223824e-08,8.383457404e-09
973400000,0.0007623676612,-0.0003293473123,-1.310652833e-08,1.588835685e-08
973500000,0.0009555936962,-0.0005059323538,-4.62982084e-09,2.003343704e-08
973600000,0.001049555891,-0.0007501449411,4.789916821e-09,1.996017898e-08
973700000,0.001024546507,-0.001010528168,1.317284273e-08,1.569814199e-08
973800000,0.0008859112081,-0.001232261348,1.876334068e-08,8.15577377e-09
973900000,0.0006629049041,-0.00136869993,2.03976714e-08,-1.073176876e-09
974000000,0.0004025165947,-0.001391185946,1.774618646e-08,-1.004640227e-08
974100000,0.000159566607,-0.00129506558,1.137969571e-08,-1.688178913e-08
974200000,-1.483682081e-05,-0.00110065023,2.646659327e-09,-2.015216526e-08
974300000,-8.405087863e-05,-0.0008489226366,-6.612392513e-09,-1.918325248e-08
974400000,-3.359884463e-05,-0.0005928957957,-1.445273896e-08,-1.419262739e-08
974500000,0.000125800285,-0.0003864466694,-1.923390483e-08,-6.241065128e-09
974600000,0.0003605071619,-0.0002729767472,-1.996288066e-08,2.992892808e-09
974700000,0.0006210594028,-0.000276286057,-1.650032352e-08,1.156724734e-08
974800000,0.000852593405,-0.0003955794788,-9.586923887e-09,1.768494346e-08
974900000,0.001006394783,-0.0006056530344,-6.850189988e-10,2.007048393e-08
975000000,0.001050145787,-0.0008622169217,8.330697107e-09,1.823582884e-08
975100000,0.0009747141592,-0.001111231121,1.556795161e-08,1.258016057e-08
975200000,0.0007960573602,-0.001300285855,1.951403397e-08,4.303134038e-09
975300000,0.0005518450767,-0.00138963032,1.93519518e-08,-4.849554962e-09
975400000,0.0002935147956,-0.001360528887,1.512953227e-08,-1.295432907e-08
975500000,7.543583991e-05,-0.001219188118,7.746476731e-09,-1.831397752e-08
975600000,-5.65353771e-05,-0.0009954314452,-1.237299649e-09,-1.981304403e-08
975700000,-7.469969564e-05,-0.000736404434,-9.931226206e-09,-1.714994144e-08
975800000,2.4669262e-05,-0.0004966392696,-1.651191348e-08,-1.089750112e-08
975900000,0.0002205593552,-0.000326572363,-1.960555269e-08,-2.379827374e-09
976000000,0.0004716611768,-0.000261932865,-1.857468947e-08,6.608083336e-09
976100000,0.0007250775077,-0.0003162346473,-1.364951365e-08,1.417859453e-08
976200000,0.0009274646989,-0.0004779493837,-5.876636816e-09,1.874784931e-08
976300000,0.001036259395,-0.0007129519923,3.103276935e-09,1.936711118e-08
976400000,0.001028627898,-0.0009717197219,1.140179156e-08,1.591971464e-08
976500000,0.0009062565467,-0.001199766217,1.72798083e-08,9.142748199e-09
976600000,0.0006949781125,-0.001349112265,1.951200223e-08,4.695109584e-10
976700000,0.0004393167164,-0.001388378382,1.764222195e-08,-8.273597683e-09
976800000,0.0001931031327,-0.001309376213,1.207662175e-08,-1.525165761e-08
976900000,8.138540663e-06,-0.001128814121,3.995534915e-09,-1.900630306e-08
977000000,-7.67059251e-05,-0.0008847616932,-4.896816207e-09,-1.876048476e-08
977100000,-4.365999271e-05,-0.0006286212674,-1.273170059e-08,-1.457923826e-08
977200000,0.000100222117,-0.0004142996436,-1.786857394e-08,-7.353204054e-09
977300000,0.0003245654601,-0.0002868611107,-1.923856858e-08,1.391042258e-09
977400000,0.0005820849525,-0.0002730502493,-1.656686603e-08,9.813471792e-09
977500000,0.0008185497754,-0.0003756775485,-1.04276966e-08,1.614777383e-08
977600000,0.0009842018095,-0.0005730463532,-2.120984628e-09,1.9071757e-08
977700000,0.001044223984,-0.0008235378172,6.602871063e-09,1.798330921e-08
977800000,0.0009860562407,-0.001074385004,1.391182285e-08,1.312432618e-08
977900000,0.0008220218733,-0.001272786451,1.827689159e-08,5.527112365e-09
978000000,0.0005867150617,-0.001377018579,1.879199425e-08,-3.204898427e-09
978100000,0.0003297033219,-0.001365208273,1.5361985e-08,-1.123553403e-08
978200000,0.0001050842151,-0.001239921109,8.719894562e-09,-1.688197537e-08
978300000,-3.990339796e-05,-0.001027602738,2.703233592e-10,-1.896736967e-08
978400000,-7.481591253e-05,-0.0007729948635,-8.207562761e-09,-1.706608397e-08
978500000,7.600836915e-06,-0.0005297049354,-1.493463822e-08,-1.159049574e-08
978600000,0.0001899027583,-0.0003489172526,-1.850515642e-08,-3.701640194e-09
978700000,0.0004336377727,-0.0002686227941,-1.81804805e-08,4.936942381e-09
978800000,0.0006874544484,-0.0003056340126,-1.404183867e-08,1.250997995e-08
978900000,0.0008979190539,-0.000452062901,-6.97052154e-09,1.743190147e-08
979000000,0.001020762478,-0.0006770000313,1.539738497e-09,1.867878717e-08
979100000,0.001030189808,-0.0009330371909,9.698280527e-09,1.600134252e-08
979200000,0.0009242948684,-0.001166257241,1.579426885e-08,9.97460707e-09
979300000,0.000725443183,-0.001327586215,1.855543425e-08,1.874513637e-09
979400000,0.0004755465395,-0.00138311755,1.741357617e-08,-6.592213661e-09
979500000,0.0002272274681,-0.001321236424,1.262142962e-08,-1.364765358e-08
979600000,3.273624404e-05,-0.001155047179,5.196868577e-09,-1.781601213e-08
979700000,-6.704532776e-05,-0.0009195965068,-3.293259175e-09,-1.823229321e-08
979800000,-5.119909607e-05,-0.000664480759,-1.106377188e-08,-1.482175798e-08
979900000,7.684241345e-05,-0.0004433968389,-1.648649678e-08,-8.312952116e-09
980000000,0.000290037161,-0.0003028381867,-1.843140295e-08,-8.212396197e-11
980100000,0.0005434429393,-0.000272315545,-1.650205746e-08,8.137749854e-09
980200000,0.0007836894466,-0.0003581593836,-1.111634708e-08,1.4621818e-08
980300000,0.0009602167415,-0.0005422054554,-3.416049637e-09,1.801527627e-08
980400000,0.001035913599,-0.0007856363077,4.975195013e-09,1.761641994e-08
980500000,0.000994917424,-0.001037166346,1.229421418e-08,1.352169648e-08
980600000,0.0008459364059,-0.001243844617,1.700876364e-08,6.602783595e-09
980700000,0.0006203981349,-0.001362199892,1.813828131e-08,-1.678934003e-09
980800000,0.0003658181827,-0.001367382256,1.545779845e-08,-9.581008728e-09
980900000,0.0001357878512,-0.001258378778,9.542606994e-09,-1.544651707e-08
981000000,-2.130917667e-05,-0.001058208507,1.644846929e-09,-1.805146628e-08
981100000,-7.247558557e-05,-0.0008090595353,-6.571521255e-09,-1.68601869e-08
981200000,-7.033154405e-06,-0.0005633954849,-1.338127386e-08,-1.213542414e-08
981300000,0.000161147111,-0.0003729062789,-1.736015697e-08,-4.88051903e-09
981400000,0.0003965831242,-0.0002776302964,-1.768274439e-08,3.373626391e-09
981500000,0.0006496657387,-0.0002975370876,-1.429363516e-08,1.089157256e-08
981600000,0.0008671100508,-0.0004283401486,-7.916491728e-09,1.609820145e-08
981700000,0.001003172204,-0.0006424176498,1.00437668e-10,1.790870552e-08
981800000,0.001029270565,-0.0008946433984,8.069338596e-09,1.595457964e-08
981900000,0.0009399877396,-0.001131897171,1.431814913e-08,1.065854086e-08
982000000,0.0007541930595,-0.001304250197,1.75413789e-08,3.143164471e-09
982100000,0.0005110529615,-0.001375470521,1.707282545e-08,-5.007034304e-09
982200000,0.0002617727166,-0.001330637854,1.30232228e-08,-1.207965383e-08
982300000,5.881073123e-05,-0.001179267426,6.254393933e-09,-1.659417276e-08
982400000,-5.516269061e-05,-0.0009532887812,-1.8041244e-09,-1.761184774e-08
982500000,-5.623814698e-05,-0.0007003087994,-9.4569672e-09,-1.493088225e-08
982600000,5.571536373e-05,-0.0004735804512,-1.509959766e-08,-9.126293867e-09
982700000,0.0002570411675,-0.0003207910405,-1.755470388e-08,-1.426639933e-09
982800000,0.0005052918986,-0.0002740304552,-1.631781282e-08,6.545985153e-09
982900000,0.0007481771823,-0.0003430497241,-1.166089024e-08,1.311765881e-08
983000000,0.0009345758799,-0.000513226041,-4.572659213e-09,1.691406676e-08
983100000,0.001025293794,-0.0007486588518,3.451286757e-09,1.714788647e-08
983200000,0.001001303106,-0.0009997414942,1.072402739e-08,1.378202874e-08
983300000,0.0008677314982,-0.001213611553,1.572194977e-08,7.534898797e-09
983400000,0.0006527646475,-0.00134527849,1.740391886e-08,-2.728968335e-10
983500000,0.0004016968658,-0.001367086189,1.542813106e-08,-7.997695167e-09
983600000,0.000167385596,-0.0012745202,1.022148952e-08,-1.401877529e-08
983700000,-8.785929775e-07,-0.001087140212,2.887435996e-09,-1.707837913e-08
983800000,-6.774285858e-05,-0.0008444451805,-5.027873051e-09,-1.654442362e-08
983900000,-1.92216703e-05,-0.0005975452081,-1.186150646e-08,-1.254103628e-08
984000000,0.0001343762547,-0.0003983961726,-1.618310529e-08,-5.919965814e-09
984100000,0.0003606361658,-0.0002888646757,-1.709425398e-08,1.920598432e-09
984200000,0.0006118761161,-0.000291924794,-1.441521844e-08,9.331263998e-09
984300000,0.0008351935306,-0.0004068376234,-8.720246072e-09,1.475839481e-08
984400000,0.0009836027152,-0.0006093249671,-1.2145292e-09,1.706980938e-08
984500000,0.00102591861,-0.0008566967506,6.520818013e-09,1.57909456e-08
984600000,0.0009533077458,-0.001096849325,1.286180985e-08,1.1202234e-08
984700000,0.000781130289,-0.001279238052,1.648251664e-08,4.277712788e-09
984800000,0.000545689047,-0.001365513504,1.663229982e-08,-3.521699145e-09
984900000,0.0002965734167,-0.001337583074,1.329139636e-08,-1.055640351e-08
985000000,8.621284869e-05,-0.001201403299,7.172607368e-09,-1.535278261e-08
985100000,-4.115948318e-05,-0.0009857079301,-4.307397445e-10,-1.691187072e-08
985200000,-5.880961462e-05,-0.0007359433011,-7.918140437e-09,-1.491738516e-08
985300000,3.688427633e-05,-0.0005046910248,-1.371880069e-08,-9.799801514e-09
985400000,0.0002256873879,-0.0003405964025,-1.662115827e-08,-2.643510513e-09
985500000,0.0004677851503,-0.0002781338092,-1.60259142e-08,5.042932213e-09
985600000,0.0007121774044,-0.0003303623218,-1.206973381e-08,1.164479302e-08
985700000,0.0009074201261,-0.0004861938287,-5.59409393e-09,1.578035856e-08
985800000,0.001012452302,-0.0007127450348,2.033664175e-09,1.659009677e-08
985900000,0.001005229417,-0.0009622744757,9.209030873e-09,1.391526835e-08
986000000,0.0008873483283,-0.001182241179,1.442782122e-08,8.328882309e-09
986100000,0.0006836932521,-0.001326365789,1.660148194e-08,1.012993128e-09
986200000,0.0004371810783,-0.001364365554,1.528411931e-08,-6.491392439e-09
986300000,0.0001997155495,-0.00128831539,1.076390842e-08,-1.260889279e-08
986400000,2.125691931e-05,-0.001114298763,4.000152771e-09,-1.606045074e-08
986500000,-6.069106312e-05,-0.0008790045045,-3.580275029e-09,-1.613073969e-08
986600000,-2.896455393e-05,-0.0006319896364,-1.038392449e-08,-1.281637542e-08
986700000,0.0001096637414,-0.0004252399145,-1.498570359e-08,-6.824233191e-09
986800000,0.0003259283033,-0.0003022272879,-1.642735894e-08,5.792727653e-10
986900000,0.0005742471328,-0.0002887675839,-1.441699041e-08,7.835819264e-09
987000000,0.0008023271598,-0.0003876010359,-9.388064207e-09,1.342315958e-08
987100000,0.000962174602,-0.0005778332701,-2.4060149e-09,1.617443596e-08
987200000,0.001020192097,-0.0008193506334,5.05745348e-09,1.552184289e-08
987300000,0.0009642384004,-0.001061276865,1.143456089e-08,1.161376384e-08
987400000,0.0008061672618,-0.001252688365,1.539076287e-08,5.281227117e-09
987500000,0.0005793145474,-0.001353331343,1.610401188e-08,-2.138775391e-09
987600000,0.0003314662325,-0.001342085364,1.343553781e-08,-9.085547628e-09
987700000,0.000114790563,-0.001221393762,7.95666913e-09,-1.410294361e-08
987800000,-2.514445054e-05,-0.001016731496,8.265584241e-10,-1.614457915e-08
987900000,-5.895610469e-05,-0.0007712261987,-6.453035262e-09,-1.479203187e-08
988000000,2.038159792e-05,-0.0005365681758,-1.235403237e-08,-1.034053357e-08
988100000,0.0001960764308,-0.0003621253229,-1.564277939e-08,-3.734619141e-09
988200000,0.0004310702319,-0.0002845552035,-1.563793349e-08,3.632260454e-09
988300000,0.0006758534851,-0.000320100089,-1.235158093e-08,1.021165402e-08
988400000,0.0008788942825,-0.0004611843743,-6.48437205e-09,1.462556364e-08
988500000,0.0009974848856,-0.0006780270939,7.238218967e-10,1.595503652e-08
988600000,0.00100672295,-0.0009249263275,7.755899381e-09,1.393145747e-08
988700000,0.0009047387645,-0.00114988941,1.313681506e-08,8.990731851e-09
988800000,0.0007130712714,-0.001305579759,1.574296708e-08,2.179444348e-09
988900000,0.0004721173537,-0.00135927557,1.50367965e-08,-5.066812148e-09
989000000,0.0002326157806,-0.00129974523,1.117762125e-08,-1.122599402e-08
989100000,4.496104842e-05,-0.001139594773,4.98586259e-09,-1.500928939e-08
989200000,-5.140222546e-05,-0.0009125967128,-2.231338217e-09,-1.563078242e-08
989300000,-3.62723269e-05,-0.0006665662327,-8.956050036e-09,-1.297068354e-08
989400000,8.70727102e-05,-0.0004532874456,-1.377878965e-08,-7.598226797e-09
989500000,0.0002925829865,-0.0003176121207,-1.569392733e-08,-6.499049478e-10
989600000,0.0005369365156,-0.0002880257667,-1.430935571e-08,6.410923841e-09
989700000,0.0007686697121,-0.000370665317,-9.926708154e-09,1.210221054e-08
989800000,0.000939014259,-0.0005480446986,-3.475732477e-09,1.523427696e-08
989900000,0.001012158453,-0.0007827528419,3.682923409e-09,1.515847964e-08
990000000,0.0009727740081,-0.001025342093,1.004468178e-08,1.190150516e-08
990100000,0.0008292264036,-0.001224743766,1.427724539e-08,6.157500715e-09
990200000,0.0006117963827,-0.001339016985,1.549959312e-08,-8.598318621e-10
990300000,0.0003662906226,-0.00134416845,1.34653398e-08,-7.673669746e-09
990400000,0.0001443896758,-0.00123918837,8.612305342e-09,-1.285485568e-08
990500000,-7.233002846e-06,-0.001046245528,1.968342165e-09,-1.532163676e-08
990600000,-5.672998178e-05,-0.0008060040589,-5.066336923e-09,-1.456549719e-08
990700000,6.228978964e-06,-0.0005690513058,-1.101423501e-08,-1.075593944e-08
990800000,0.0001682993441,-0.00038524384,-1.463087498e-08,-4.702637286e-09
990900000,0.0003952883683,-0.0002932154836,-1.516516229e-08,2.316620916e-09
991000000,0.0006393670583,-0.0003122552925,-1.251533903e-08,8.825641163e-09
991100000,0.0008491463494,-0.0004382629355,-7.248154872e-09,1.346026075e-08
991200000,0.0009804947627,-0.0006446294832,-4.776917513e-10,1.525423301e-08
991300000,0.001005820442,-0.0008878544563,6.370258996e-09,1.384065027e-08
991400000,0.0009198653712,-0.001116713442,1.185843688e-08,9.526923438e-09
991500000,0.0007407950223,-0.001283044296,1.483975162e-08,3.228007618e-09
991600000,0.0005063576257,-0.001351880767,1.469701752e-08,-3.727637513e-09
991700000,0.0002659250312,-0.001308801339,1.14706852e-08,-9.87820607e-09
991800000,7.009328926e-05,-0.001162948763,5.84814325e-09,-1.393574509e-08
991900000,-3.996654508e-05,-0.0009450879987,-9.827004862e-10,-1.505583898e-08
992000000,-4.116594066e-05,-0.0007011150607,-7.584375114e-09,-1.301331474e-08
992100000,6.665581076e-05,-0.0004823863758,-1.25723304e-08,-8.247411498e-09
992200000,0.0002607153246,-0.0003349063936,-1.49052977e-08,-1.767376489e-09
992300000,0.0005000975527,-0.0002896498744,-1.410264086e-08,5.061234719e-09
992400000,0.0007343803567,-0.000356054671,-1.034332938e-08,1.080430886e-08
992500000,0.0009142532237,-0.000520051975,-4.426167764e-09,1.42603457e-08
992600000,0.001001893911,-0.0007470450447,2.39991351e-09,1.471180258e-08
992700000,0.0009789194846,-0.0009892057661,8.699449054e-09,1.207404101e-08
992800000,0.0008502403223,-0.001195550241,1.315228951e-08,6.910959868e-09
992900000,0.0006430090829,-0.001322670921,1.483023993e-08,3.144859882e-10
993000000,0.0004008894837,-0.001343866203,1.339051757e-08,-6.326334736e-09
993100000,0.0001748545343,-0.001254747288,9.1457162e-09,-1.161781828e-08
993200000,1.245341254e-05,-0.001074144914,2.996006985e-09,-1.445411393e-08
993300000,-5.219295652e-05,-0.0008401286587,-3.761730436e-09,-1.42482931e-08
993400000,-5.562615275e-06,-0.0006019803036,-9.707383527e-09,-1.105376888e-08
993500000,0.0001424374019,-0.0004098136571,-1.359602238e-08,-5.550935432e-09
993600000,0.0003605739779,-0.0003040272536,-1.461855284e-08,1.097714895e-09
993700000,0.0006028773494,-0.000306809789,-1.257003422e-08,7.493153555e-09
993800000,0.0008183268215,-0.0004174843839,-7.890655436e-09,1.229418822e-08
993900000,0.0009615920208,-0.000612668481,-1.571195304e-09,1.44987091e-08
994000000,0.001002568424,-0.0008512120221,5.056735209e-09,1.365283609e-08
994100000,0.0009327013676,-0.001082871047,1.060126918e-08,9.944320521e-09
994200000,0.0007667700953,-0.001258888565,1.390256106e-08,4.160990824e-09
994300000,0.0005397597696,-0.00134225453,1.427539347e-08,-2.47658518e-09
994400000,0.0002994834035,-0.001315485911,1.16513693e-08,-8.572682863e-09
994500000,9.650963338e-05,-0.001184291315,6.591194556e-09,-1.284989317e-08
994600000,-2.648184771e-05,-0.0009763519918,1.649018291e-10,-1.441678211e-08
994700000,-4.367648749e-05,-0.0007354794299,-6.274401172e-09,-1.295365487e-08
994800000,4.845517371e-05,-0.0005123826906,-1.13754224e-08,-8.77772114e-09
994900000,0.0002304317438,-0.0003539911769,-1.407224102e-08,-2.774390552e-09
995000000,0.0004638785125,-0.0002935810624,-1.380702482e-08,3.790434826e-09
995100000,0.0006996179597,-0.0003437826741,-1.064538042e-08,9.537279821e-09
995200000,0.0008880275079,-0.0004939381801,-5.260492409e-09,1.326295342e-08
995300000,0.0009894830112,-0.0007123622843,1.21018394e-09,1.419243697e-08
995400000,0.000982690133,-0.0009530264195,7.40516834e-09,1.214007948e-08
995500000,0.000869151907,-0.001165256427,1.202540785e-08,7.546575005e-09
995600000,0.0006728351889,-0.001304400606,1.410666522e-08,1.384380615e-09
995700000,0.000435109768,-0.001341222302,1.32207328e-08,-5.048134516e-09
995800000,0.0002060287354,-0.001268041261,9.563487086e-09,-1.040023848e-08
995900000,3.378795332e-05,-0.001100333671,3.911691264e-09,-1.355245527e-08
996000000,-4.541564012e-05,-0.0008734575304,-2.541958778e-09,-1.385070365e-08
996100000,-1.499274969e-05,-0.0006351962317,-8.440510102e-09,-1.124198727e-08
996200000,0.0001185619359,-0.0004356928257,-1.254805288e-08,-6.283496874e-09
996300000,0.0003270542176,-0.0003168954123,-1.400866273e-08,-2.36363394e-11
996400000,0.0005665405297,-0.0003037353016,-1.252473287e-08,6.219628508e-09
996500000,0.0007865879859,-0.0003988931639,-8.417550763e-09,1.113624248e-08
996600000,0.000940893006,-0.0005822518396,-2.557797277e-09,1.369894206e-08
996700000,0.0009970228312,-0.0008151473538,3.819005863e-09,1.337786949e-08
996800000,0.0009432305425,-0.001048519875,9.372988589e-09,1.025008886e-08
996900000,0.000790911589,-0.00123324634,1.294144603e-08,4.981375995e-09
997000000,0.0005721881066,-0.001330478613,1.378223106e-08,-1.315468611e-09
997100000,0.0003331330294,-0.0013198115,1.172807429e-08,-7.315636581e-09
997200000,0.0001240632613,-0.001203563187,7.219754552e-09,-1.176102633e-08
997300000,-1.105301547e-05,-0.001006270166,1.21156103e-09,-1.372402402e-08
997400000,-4.384487309e-05,-0.0007695065151,-5.030684495e-09,-1.280104725e-08
997500000,3.250242692e-05,-0.0005431214512,-1.019629901e-08,-9.195473436e-09
997600000,0.0002018296895,-0.0003747420246,-1.320492681e-08,-3.672923044e-09
997700000,0.0004284220934,-0.0002997515425,-1.343247351e-08,2.601289588e-09
997800000,0.0006645403988,-0.0003338524165,-1.084053307e-08,8.308034088e-09
997900000,0.0008604769207,-0.0004697765751,-5.982481596e-09,1.22516917e-08
998000000,0.0009750180735,-0.000678832516,1.146352422e-10,1.361063328e-08
998100000,0.0009841113809,-0.0009169597253,6.167211632e-09,1.210837769e-08
998200000,0.0008859143813,-0.001134012922,1.090530135e-08,8.069776558e-09
998300000,0.000701165611,-0.001284319861,1.333906166e-08,2.350827092e-09
998400000,0.0004688030721,-0.001336289851,1.296552439e-08,-3.842738708e-09
998500000,0.00023775582,-0.00127905154,9.872506355e-09,-9.209644672e-09
998600000,5.663903597e-05,-0.001124725186,4.718194541e-09,-1.262645537e-08
998700000,-3.647706868e-05,-0.000905854472,-1.408884565e-09,-1.338272638e-08
998800000,-2.20713217e-05,-0.0006685419951,-7.219733144e-09,-1.132869682e-08
998900000,9.673421421e-05,-0.0004627364316,-1.149604211e-08,-6.904834355e-09
999000000,0.0002948485674,-0.0003317177133,-1.334561038e-08,-1.047421144e-09
999100000,0.0005305090944,-0.0003029937346,-1.238846983e-08,5.009584292e-09
999200000,0.0007540832261,-0.0003825232965,-8.834899865e-09,9.994485626e-09
999300000,0.0009185196987,-0.0005534784779,-3.439318863e-09,1.286483368e-08
999400000,0.0009892485835,-0.0007798033951,2.659855503e-09,1.302540757e-08
999500000,0.0009514471236,-0.001013816771,8.180384696e-09,1.045161525e-08
999600000,0.0008131442987,-0.001206255336,1.196576345e-08,5.692737634e-09
999700000,0.0006035138715,-0.001316642623,1.322748251e-08,-2.452629852e-10
999800000,0.0003667187183,-0.001321800772,1.170925654e-08,-6.112372332e-09
999900000,0.0001526052343,-0.001220715374,7.739014461e-09,-1.06776513e-08
1000000000,6.208602869e-06,-0.001034732206,2.158125647e-09,-1.298747788e-08
