Frequency_Hz,ADS_Re,ADS_Im,DGV3_Re,DGV3_Im
100000,0.8909103846,-0.4481418545,0.8699245852,-0.4343174012
200000,0.579661799,-0.7961465631,0.5769795688,-0.7675045379
300000,0.1360785757,-0.9502410754,0.1714954796,-0.9350380577
400000,-0.3219012195,-0.8659969763,-0.2622557456,-0.9051828025
500000,-0.6692919482,-0.5735227512,-0.6343452736,-0.6869453013
600000,-0.8227316647,-0.1649685901,-0.8683167337,-0.3281800109
700000,-0.7644177446,0.246521256,-0.9171000573,0.09453213553
800000,-0.5327840124,0.5663970362,-0.7726761925,0.4920074096
900000,-0.1969504587,0.7376174756,-0.4675149636,0.78118618
1000000,0.1661997811,0.7410376878,-0.06749070901,0.9025134586
1100000,0.4856134555,0.5882111935,0.3422209042,0.8322910519
1200000,0.7028966606,0.3143683499,0.6752556039,0.5873797216
1300000,0.7772184925,-0.0265500742,0.8623041909,0.221271028
1400000,0.6913468544,-0.3669329331,0.8655833837,-0.1875843481
1500000,0.4584842907,-0.6342462039,0.6864652086,-0.5526301548
1600000,0.1258125344,-0.76578862,0.3647061483,-0.7975762034
1700000,-0.2313152405,-0.7271561696,-0.03044412115,-0.8723423306
1800000,-0.5275668562,-0.5263177049,-0.4152278245,-0.7632195142
1900000,-0.6930616954,-0.2138930885,-0.7091669305,-0.4952032983
2000000,-0.6941026926,0.1327442239,-0.8518461859,-0.1261707386
2100000,-0.5394857385,0.4336103002,-0.8151989646,0.2656980528
2200000,-0.2722505061,0.6267789164,-0.6088443616,0.5984819395
2300000,0.04569987771,0.6789790065,-0.2775339442,0.8035517753
2400000,0.3484934433,0.5869043265,0.1085910652,0.8395698377
2500000,0.5773882847,0.3734616885,0.4687949479,0.7006652732
2600000,0.6885787415,0.08230145809,0.7284990589,0.417237049
2700000,0.6593823297,-0.2285530354,0.8345738806,0.04934021333
2800000,0.4933864241,-0.4950657637,0.7661071211,-0.3259174719
2900000,0.2229855102,-0.6587594842,0.538517843,-0.6303756676
3000000,-0.09389222442,-0.6807104687,0.2002180884,-0.8009725475
3100000,-0.3853355472,-0.5538700514,-0.1774968462,-0.802775002
3200000,-0.5838242729,-0.3076304084,-0.5152929691,-0.6362233181
3300000,-0.6450506019,-0.0007502572473,-0.7423646562,-0.3370630462
3400000,-0.5592931855,0.2953110451,-0.8113129142,0.03109674605
3500000,-0.351342975,0.5155498628,-0.7082036393,0.3901372417
3600000,-0.07104859909,0.615909377,-0.4556124311,0.6639601487
3700000,0.2201133515,0.5800348704,-0.1079009918,0.794713853
3800000,0.4618539825,0.4193458517,0.2603695408,0.7552123262
3900000,0.605395575,0.1689583516,0.5704564342,0.5547942702
4000000,0.6213709573,-0.1188582093,0.7564173361,0.2372680706
4100000,0.505524895,-0.3834490799,0.7793148457,-0.1286597167
4200000,0.2812932821,-0.5670387981,0.6354877306,-0.4643718625
4300000,-0.002824114552,-0.6276526223,0.3570647713,-0.6984047252
4400000,-0.2828105785,-0.5506057203,0.004664459426,-0.7817873047
4500000,-0.4946459924,-0.3539083128,-0.3460044551,-0.6982836725
4600000,-0.5911533161,-0.08417940591,-0.6205828629,-0.4673771867
4700000,-0.5538504787,0.1961714931,-0.7618815203,-0.1395118166
4800000,-0.3956767697,0.425489861,-0.7416762987,0.2151682754
4900000,-0.1549977608,0.5570793927,-0.5660792065,0.5219708943
5000000,0.115325154,0.5674255351,-0.2735649905,0.717366801
5100000,0.3596463397,0.458207577,0.07367796406,0.7619614653
5200000,0.5295865576,0.2538193102,0.403054924,0.6481522394
5300000,0.5917964376,-0.003859639926,0.6466625193,0.4010965153
5400000,0.5335304616,-0.2626345301,0.7550827081,0.07301335156
5500000,0.365726002,-0.469001353,0.7071651852,-0.2678514928
5600000,0.1224565131,-0.5786206146,0.5139674917,-0.5512837123
5700000,-0.1446183123,-0.5666512359,0.2161968171,-0.7193606482
5800000,-0.3770539607,-0.434931247,-0.1242522161,-0.7381189091
5900000,-0.5235585208,-0.2128017603,-0.4369590894,-0.6043662621
6000000,-0.5527958235,0.04972150644,-0.6573449267,-0.346307802
6100000,-0.4606644091,0.2945046686,-0.7399153172,-0.01783210728
6200000,-0.2699907642,0.4692785006,-0.6677250524,0.3124744243
6300000,-0.02374011603,0.5387895694,-0.4560911613,0.5754583628
6400000,0.2252517357,0.4908754746,-0.149668601,0.7158540395
6500000,0.4250965217,0.3374353792,0.1866756474,0.7040689518
6600000,0.5344658299,0.1113536324,0.4814407551,0.5427367397
6700000,0.5302298884,-0.1396622576,0.671742274,0.2664772594
6800000,0.4124948975,-0.3618356225,0.7169612264,-0.06528261936
6900000,0.2059137124,-0.5061142356,0.607732425,-0.3810303388
7000000,-0.04414961222,-0.5394806048,0.3681506512,-0.6127169787
7100000,-0.2811769459,-0.4538647489,0.05056860739,-0.7106752495
7200000,-0.4511600919,-0.2692157743,-0.2759243409,-0.6545049818
7300000,-0.5163575821,-0.02876404178,-0.5407485021,-0.4574182689
7400000,-0.4644239123,0.212346933,-0.687316832,-0.1630648435
7500000,-0.3100694268,0.4010458143,-0.6852282173,0.1643659671
7600000,-0.08965951717,0.4983334814,-0.5364715036,0.4544103104
7700000,0.1484255906,0.4864100293,-0.2743994414,0.6456581147
7800000,0.3544332581,0.3704482908,0.04407373305,0.6987195489
7900000,0.4866782991,0.1760632537,0.351100018,0.6040885536
8000000,0.5187941812,-0.05620426394,0.5824429255,0.3834248711
8100000,0.4443887741,-0.2784662453,0.6907880993,0.08427172061
8200000,0.2786086153,-0.4444613248,0.6551156518,-0.2304012316
8300000,0.05588385922,-0.5189306087,0.4844001321,-0.4954687353
8400000,-0.1765899284,-0.485633139,0.2151382192,-0.6569546251
8500000,-0.3689537995,-0.351695968,-0.09656525285,-0.6827406613
8600000,-0.4801200012,-0.1464606604,-0.3866206944,-0.5686794149
8700000,-0.4872821631,0.08533806513,-0.5959332567,-0.3390610875
8800000,-0.3906834904,0.2941313295,-0.6822147149,-0.04146765528
8900000,-0.2125993674,0.4366334269,-0.6283799622,0.2629192659
9000000,0.008490723015,0.4846088286,-0.4459373356,0.511667799
9100000,0.2264282179,0.4297292868,-0.1727085586,0.6537240697
9200000,0.3965135245,0.2843613956,0.1347343638,0.6598626427
9300000,0.4838340305,0.07885810277,0.4125168301,0.5288601189
9400000,0.4699158462,-0.1440139132,0.6025965416,0.2880515278
9500000,0.3569105363,-0.3370061769,0.6649600925,-0.01201287253
9600000,0.168286896,-0.4579450705,0.5863162549,-0.3079039646
9700000,-0.05500059167,-0.4793950621,0.3833148,-0.5366399548
9800000,-0.2630662305,-0.3959673955,0.09938717995,-0.649239005
9900000,-0.4088614873,-0.2265924683,-0.2043334442,-0.6215263682
10000000,-0.4598933659,-0.01029854184,-0.4621866161,-0.4596854605
10100000,-0.4061228975,0.2035666915,-0.6183889978,-0.1991375911
10200000,-0.2616372293,0.3675334882,-0.6393969805,0.1031509441
10300000,-0.06014817412,0.4468523594,-0.5213407283,0.3812652523
10400000,0.1536056238,0.4263161424,-0.2907693805,0.5749623002
10500000,0.3338398972,0.312225482,0.001457002831,0.6429282568
10600000,0.4429149293,0.1300440324,0.2916498919,0.5716311256
10700000,0.458425732,-0.08119634578,0.5174203907,0.3778293715
10800000,0.37742631,-0.2767015957,0.6311868369,0.1043437424
10900000,0.2171730855,-0.4148875599,0.6100736601,-0.1897319318
11000000,0.01191147671,-0.4661422911,0.4601788767,-0.4420100073
11100000,-0.1941991381,-0.4195309936,0.2145456012,-0.6000423676
11200000,-0.3568310411,-0.28552593,-0.07443367142,-0.6320032263
11300000,-0.44156108,-0.09364401088,-0.3463367264,-0.5327352037
11400000,-0.4314968213,0.1145580823,-0.5452780711,-0.3241538696
11500000,-0.3304232975,0.2951104535,-0.6311585528,-0.05018747277
11600000,-0.1610143858,0.4111602315,-0.5874437066,0.2325267019
11700000,0.04082365322,0.4401463498,-0.4240887952,0.4662315666
11800000,0.2336600315,0.3774974536,-0.1751932662,0.6036316212
11900000,0.3785830297,0.2367973202,0.1080502173,0.6172558004
12000000,0.4463713373,0.04691252026,0.3677022294,0.5048491466
12100000,0.4229945213,-0.153334252,0.5507243249,0.2897859923
12200000,0.312736041,-0.3223754842,0.6196938573,0.01641041868
12300000,0.1381562615,-0.4241906245,0.5604957836,-0.2588490791
12400000,-0.06374210575,-0.4363091099,0.3854208946,-0.4789236425
12500000,-0.2490667073,-0.3555699982,0.1309320079,-0.5978855806
12600000,-0.3769691333,-0.1996599561,-0.149615707,-0.590679617
12700000,-0.4194066001,-0.003416398039,-0.3969699126,-0.4587102153
12800000,-0.3678403017,0.1893793592,-0.5585058549,-0.2299425029
12900000,-0.2349205776,0.336366773,-0.5996355171,0.04671982832
13000000,-0.0509695387,0.4061751895,-0.5115490148,0.3117605453
13100000,0.1433349939,0.3848756242,-0.3134287311,0.5079367378
13200000,0.3059554916,0.2782709205,-0.0484667293,0.5928811358
13300000,0.4022020681,0.1101170759,0.2255513462,0.5485272057
13400000,0.4116956398,-0.08301269985,0.4490139333,0.3851303665
13500000,0.3325514848,-0.2592655402,0.5736759637,0.1389106659
13600000,0.1819973856,-0.3802673434,0.573225517,-0.1361336147
13700000,-0.007017924706,-0.4195347037,0.448818045,-0.3803009724
13800000,-0.1929371407,-0.3686193794,0.2284067547,-0.5413224746
13900000,-0.3350357055,-0.2391991594,-0.03981698157,-0.5855654115
14000000,-0.4028121842,-0.06027009819,-0.2982180229,-0.5048752195
14100000,-0.3827391438,0.1288773012,-0.4922187282,-0.3177264107
14200000,-0.2806400516,0.287839716,-0.5817444929,-0.06467886533
14300000,-0.1194645792,0.3838846931,-0.5492443993,0.2006426703
14400000,0.06641191797,0.3983080028,-0.402782565,0.4229693617
14500000,0.2386182419,0.329408264,-0.1737941954,0.5567752114
14600000,0.3623193081,0.1920909375,0.08981540534,0.5753510279
14700000,0.4126829089,0.01463150673,0.3336848,0.4758642529
14800000,0.3795028203,-0.166736966,0.5080639195,0.279553195
14900000,0.2693633059,-0.31470145,0.5777645697,0.0271525964
15000000,0.1048032322,-0.3982976887,0.5291012292,-0.2294703514
15100000,-0.07979746115,-0.3995978738,0.372526884,-0.4378116302
15200000,-0.2452320299,-0.3180712095,0.1404785728,-0.55532312
15300000,-0.3560639061,-0.1712098132,-0.1191613011,-0.5580482085
15400000,-0.3887051855,0.009127747063,-0.3527510832,-0.4455902256
15500000,-0.3367788778,0.183896989,-0.5118561561,-0.2413677295
15600000,-0.2123458396,0.3156776685,-0.5633188909,0.01200130151
15700000,-0.04287440275,0.376823123,-0.4963493058,0.2613763892
15800000,0.1350026274,0.3551038459,-0.3250699253,0.4541535595
15900000,0.2833186343,0.2559004297,-0.08582702897,0.5494445302
16000000,0.3705739303,0.1008481115,0.1703269996,0.526974246
16100000,0.3781720933,-0.07662504557,0.3884914609,0.3916787112
16200000,0.3044257542,-0.2381088578,0.52180643,0.1728583366
16300000,0.1652805138,-0.3482936715,0.5417336235,-0.08205970518
16400000,-0.008731355869,-0.3828243814,0.4443727459,-0.3178452883
16500000,-0.1790642912,-0.3340856455,0.2513247985,-0.4835817507
16600000,-0.3079661129,-0.2132144876,0.004872292852,-0.5438244827
16700000,-0.3672940339,-0.04751500254,-0.2414187798,-0.4862623326
16800000,-0.3448989205,0.1261299289,-0.434504311,-0.324175234
16900000,-0.2468968824,0.2699521196,-0.5333788108,-0.09321710187
17000000,-0.09553739597,0.3536787921,-0.5177420873,0.1566322385
17100000,0.07632305192,0.3606127269,-0.3919856265,0.3720383059
17200000,0.2324729724,0.290404303,-0.1837832622,0.5077271324
17300000,0.3406857104,0.1584558276,0.0622205332,0.5358832576
17400000,0.3789025544,-0.007525498052,0.2941099971,0.451622763
17500000,0.3394085505,-0.1730787817,0.4636408669,0.2735518635
17600000,0.2304013676,-0.3037820041,0.5361380485,0.03947774206
17700000,0.07456343049,-0.3722344062,0.497381733,-0.2016923142
17800000,-0.0953780009,-0.3639292259,0.3561982882,-0.4001225603
17900000,-0.24347614,-0.2806315827,0.1423582133,-0.5152168352
18000000,-0.3383896573,-0.1402223494,-0.09970083534,-0.5237775232
18100000,-0.3603198698,0.02718148188,-0.320023199,-0.4245841428
18200000,-0.3052828606,0.1859373809,-0.4733278569,-0.2385289639
18300000,-0.1857032041,0.3027015783,-0.5282308054,-0.004302691793
18400000,-0.02739014002,0.3534552001,-0.4736682151,0.2295211348
18500000,0.1361472241,0.3282541818,-0.3212183133,0.41444712
18600000,0.2706677004,0.2329615046,-0.1028054258,0.5120798741
18700000,0.3480865191,0.08789156456,0.1358190498,0.5021640963
18800000,0.3521354468,-0.07626197171,0.3445536171,0.3869455092
18900000,0.2818534399,-0.2245568183,0.4794632146,0.1908631796
19000000,0.1521570412,-0.3250352523,0.5121323939,-0.04446502488
19100000,-0.008928284276,-0.3557344668,0.4358262857,-0.2689931733
19200000,-0.1661572948,-0.3098668832,0.2670595991,-0.4349168309
19300000,-0.2849603368,-0.1976800653,0.04214685334,-0.5069651926
19400000,-0.3394267362,-0.04423643552,-0.1905820778,-0.4700446369
19500000,-0.3182257694,0.1164474237,-0.381226037,-0.3325133151
19600000,-0.2268974185,0.24931011,-0.4891151105,-0.1243322289
19700000,-0.08610715471,0.3260669029,-0.4915727843,0.1095038014
19800000,0.07336881721,0.3310671236,-0.3887019603,0.3187813875
19900000,0.2174681323,0.2641074774,-0.2031712547,0.4589336013
20000000,0.3159143511,0.1399852304,0.02488596982,0.5005536457
20100000,0.3482414829,-0.01481333377,0.2466632834,0.4355048161
20200000,0.3078230031,-0.1675632499,0.4151861381,0.2783746754
20300000,0.203249718,-0.2859598751,0.495239195,0.06306884088
20400000,0.05670251796,-0.344844328,0.4706231568,-0.1646129218
20500000,-0.1005780481,-0.3316633906,0.3472834,-0.3567559847
20600000,-0.2349695695,-0.2493568211,0.1517626132,-0.4733697194
20700000,-0.3178598199,-0.1158056844,-0.07459049161,-0.4906066197
20800000,-0.3319555706,0.04016751682,-0.2843748418,-0.4055171007
20900000,-0.2749284796,0.1852718721,-0.4340104319,-0.2364390615
21000000,-0.1595898749,0.2890400175,-0.4927085915,-0.0190158726
21100000,-0.01077065032,0.3301935936,-0.4487343031,0.2012927612
21200000,0.1401406235,0.3007838682,-0.3117189627,0.3786570887
21300000,0.2617052505,0.2074919601,-0.1105785332,0.4763541173
21400000,0.3287276065,0.07008191182,0.1125286173,0.4743481256
21500000,0.3272819491,-0.08259272226,0.3109732134,0.3734255815
21600000,0.2576375649,-0.21835722,0.4433645086,0.1950232964
21700000,0.1344658894,-0.3083258574,0.4821968613,-0.0232397361
21800000,-0.01594483817,-0.3331342115,0.4196266459,-0.2354294962
21900000,-0.1611675502,-0.2873960714,0.2691448351,-0.3969440247
22000000,-0.2697620326,-0.1811529353,0.06275603364,-0.4739216652
22100000,-0.3183718778,-0.03773539282,-0.15577591,-0.4504118002
22200000,-0.2969619222,0.1115422167,-0.3402045631,-0.3317608552
22300000,-0.2108608418,0.2344854277,-0.4516271083,-0.143464398
22400000,-0.07923214231,0.3050906692,-0.4667492839,0.07428721296
22500000,0.06941839074,0.3089337964,-0.3828047606,0.2752030084
22600000,0.2034652734,0.245858769,-0.2180692613,0.416770619
22700000,0.2947261282,0.1296776608,-0.00787132179,0.4692870043
22800000,0.3241404459,-0.0148414565,0.2030176937,0.4221014467
22900000,0.2856126835,-0.1570645444,0.3699532399,0.2857516771
23000000,0.1873414508,-0.2667744876,0.457880974,0.08957519843
23100000,0.0502756181,-0.320528591,0.4486787238,-0.1246451634
23200000,-0.09619225051,-0.3067975721,0.3448454782,-0.3116052805
23300000,-0.2205499163,-0.2286446309,0.1688051678,-0.4320560693
23400000,-0.2961328145,-0.1031451482,-0.04197179557,-0.4610105012
23500000,-0.3070393572,0.04243850892,-0.2429552758,-0.3928799907
23600000,-0.2515166415,0.1767971456,-0.3919473261,-0.2425043291
23700000,-0.1420610543,0.2714712107,-0.4579096393,-0.04190411554
23800000,-0.002396083833,0.3068549182,-0.4273974392,0.1665306903
23900000,0.1377745502,0.2760663072,-0.3072816174,0.3389753418
24000000,0.2489957357,0.1860795204,-0.1232147493,0.4393602287
24100000,0.3080389243,0.05610726152,0.08582319455,0.4469039691
24200000,0.3025873263,-0.08635642446,0.275753505,0.3604237025
24300000,0.2338185565,-0.2111291413,0.4066793516,0.1985250969
24400000,0.1163370444,-0.2916067498,0.4512726384,-0.004367859879
24500000,-0.02471129703,-0.3105052396,0.4005019473,-0.2053108182
24600000,-0.158946056,-0.2637857786,0.265489721,-0.3619269741
24700000,-0.2574217025,-0.161703638,0.07510240779,-0.4413610601
24800000,-0.2990929131,-0.02656458909,-0.1302150033,-0.4271970874
24900000,-0.2754485609,0.1123270198,-0.3070439713,-0.3228685358
25000000,-0.1921803503,0.2252411802,-0.4181965348,-0.1508413365
25100000,-0.06761212969,0.2884675374,-0.4405522572,0.05224028853
25200000,0.07152899575,0.2891721804,-0.3698635491,0.2433877364
25300000,0.1958799086,0.2277675389,-0.2215272353,0.3823912396
25400000,0.2794874592,0.1175390829,-0.02719397728,0.4402813399
25500000,0.3050110355,-0.01821752875,0.1720226323,0.405341786
25600000,0.267201748,-0.150956545,0.3342634894,0.2854321993
25700000,0.174039559,-0.2527048821,0.4257100193,0.1061780098
25800000,0.04522286072,-0.3019035214,0.4275976822,-0.09453958223
25900000,-0.09185430988,-0.2880866575,0.340017359,-0.2745964528
26000000,-0.2079348163,-0.2142904289,0.1817553862,-0.3964457078
26100000,-0.2782935495,-0.09649154443,-0.0137487791,-0.4349106799
26200000,-0.2881759334,0.03990420997,-0.2054537562,-0.3823534016
26300000,-0.2359498485,0.1657003959,-0.3532993024,-0.2501763336
26400000,-0.133264182,0.2542880957,-0.426546137,-0.06637126363
26500000,-0.002313238472,0.287267814,-0.4101574752,0.1303650674
26600000,0.1290205433,0.2581449469,-0.3079098645,0.298731348
26700000,0.2330208768,0.1734798253,-0.1415867579,0.4034666726
26800000,0.2878224851,0.05141830936,0.05359153713,0.422748456
26900000,0.2818994341,-0.08204735886,0.2363696434,0.3527938262
27000000,0.2165392029,-0.1984175262,0.3681589306,0.2086791756
27100000,0.1057538219,-0.2726756292,0.4212138245,0.02117291759
27200000,-0.0265243855,-0.2887498953,0.3845408296,-0.1697817787
27300000,-0.1515515141,-0.2431958267,0.2662563493,-0.3235708194
27400000,-0.2421389602,-0.1461017381,0.09185675926,-0.4075865313
27500000,-0.2787680063,-0.01885427696,-0.1012530445,-0.4042029498
27600000,-0.2539100127,0.1107397023,-0.2718020237,-0.3145257747
27700000,-0.1734965513,0.2147281908,-0.3835196505,-0.158092962
27800000,-0.0553048652,0.271111459,-0.4128912344,0.03140514691
27900000,0.07516594873,0.2683744845,-0.354114278,0.21343532
28000000,0.1902403208,0.2076066075,-0.2201977745,0.3493445592
28100000,0.2658094904,0.1019811064,-0.04000921261,0.4105866031
28200000,0.2861837619,-0.02612901901,0.1480332614,0.3846810614
28300000,0.2472163909,-0.1497818354,0.3042093874,0.2776650178
28400000,0.1571484953,-0.2429940593,0.3958877938,0.1125849257
28500000,0.03496134104,-0.2861452394,0.4042812025,-0.07556475111
28600000,-0.09354519194,-0.2701655941,0.3281871594,-0.2473118309
28700000,-0.2012224874,-0.1985442119,0.184008204,-0.3669753803
28800000,-0.2654213899,-0.08660768906,0.00213434843,-0.4100103113
28900000,-0.2728659669,0.04183134925,-0.1794916571,-0.3679463987
29000000,-0.2224113155,0.1596732673,-0.3232627961,-0.249967653
29100000,-0.1251029362,0.2423378056,-0.399632097,-0.08087217289
29200000,-0.001647178477,0.2728655384,-0.3931223152,0.1041259991
29300000,0.1220256836,0.2452863641,-0.3054333401,0.2666778117
29400000,0.2201177083,0.1656955816,-0.1550418635,0.3731903039
29500000,0.2721995584,0.05094686822,0.02662064874,0.4017415745
29600000,0.2673898876,-0.07475059711,0.2016507097,0.3466219788
29700000,0.2067117514,-0.1847433906,0.3335200954,0.2195627446
29800000,0.1030950692,-0.2554970654,0.3946980493,0.04736334731
29900000,-0.02114763155,-0.2717268948,0.3724714499,-0.1336456504
30000000,-0.1390284779,-0.2299290062,0.2717171199,-0.2852044616
30100000,-0.224837632,-0.139353962,0.1139823023,-0.3752268664
30200000,-0.259951195,-0.02002929821,-0.06700533964,-0.3846850882
30300000,-0.2370293917,0.1017688593,-0.2325012327,-0.3117668813
30400000,-0.1615505745,0.1994671003,-0.3470698699,-0.1723474274
30500000,-0.05037834159,0.2520779559,-0.3862614463,0.003388426479
30600000,0.07215377406,0.248643046,-0.3419302673,0.1774759842
30700000,0.1796138804,0.1903470843,-0.2239897152,0.3124269336
30800000,0.24908386,0.09001988694,-0.05819735852,0.3793755034
30900000,0.2658912604,-0.03072495512,0.1195300657,0.3642948686
31000000,0.2265892852,-0.1460801574,0.2709807712,0.2709109592
31100000,0.1396343314,-0.2314664761,0.3639187332,0.1197075486
31200000,0.02359699363,-0.2687263055,0.3789303895,-0.05668938263
31300000,-0.09679293757,-0.25000437,0.3133823847,-0.2206583318
31400000,-0.1959729721,-0.1794258524,0.1817102654,-0.337647266
31500000,-0.253068668,-0.07213978193,0.01208464556,-0.3834053303
31600000,-0.2563318462,0.04906547036,-0.1597264863,-0.3488805447
31700000,-0.2054891238,0.1587517067,-0.2979280764,-0.2418388205
31800000,-0.1115527027,0.2342351862,-0.3740959211,-0.08497801308
31900000,0.005718443105,0.2602103939,-0.3729030045,0.0889693458
32000000,0.1220252124,0.231699457,-0.2950707896,0.2440717505
32100000,0.2134795983,0.154874847,-0.1570285841,0.3485601764
32200000,0.2613617029,0.04572417915,0.01258068994,0.3812467511
32300000,0.2558577787,-0.07314538994,0.1788075861,0.3357515749
32400000,0.1981221811,-0.1770131321,0.3075278398,0.2217307042
32500000,0.1002218028,-0.2440923312,0.3723887767,0.06287905548
32600000,-0.01716790774,-0.2601697491,0.360198055,-0.1079001241
32700000,-0.1290109458,-0.2218243585,0.2736727161,-0.2552181761
32800000,-0.2112986189,-0.137384669,0.1309642189,-0.3484912173
32900000,-0.2463760721,-0.02524818516,-0.03800056782,-0.3683286793
33000000,-0.2269107309,0.09014449202,-0.1976797626,-0.3106879292
33100000,-0.1575115133,0.1837421452,-0.3143570476,-0.1878734859
33200000,-0.05362785912,0.2354106744,-0.3633238397,-0.0260842665
33300000,0.06194148413,0.2342723961,-0.3342551099,0.1400609161
33400000,0.1640601894,0.1809413591,-0.2335604165,0.2749110141
33500000,0.2306608095,0.08726917064,-0.08311602688,0.3495046461
33600000,0.2474293194,-0.02626344701,0.08441902758,0.3479144737
33700000,0.2108404291,-0.1349473954,0.2327111051,0.2707655778
33800000,0.1289230023,-0.2151553508,0.3297083838,0.135099282
33900000,0.01954573622,-0.2494717633,0.3546485667,-0.02940817017
34000000,-0.09348079472,-0.230516184,0.3025315597,-0.1870128821
34100000,-0.1856626825,-0.1625483794,0.1850664762,-0.303752559
34200000,-0.2372296372,-0.06043713171,0.02793064666,-0.3547975653
34300000,-0.2374013708,0.05375774904,-0.1349737437,-0.329677838
34400000,-0.1865315508,0.1557213936,-0.2689226287,-0.2342900048
34500000,-0.09573670917,0.2241258426,-0.3457721861,-0.08934691924
34600000,0.01573889153,0.2449991567,-0.3497730601,0.07427651673
34700000,0.1246941462,0.2143786481,-0.2806261949,0.2222050193
34800000,0.2087388984,0.1388665887,-0.1532474354,0.323770743
34900000,0.2507403222,0.0341316108,0.005589026172,0.3582689222
35000000,0.2421801484,-0.07828388455,0.1629390659,0.3190296082
35100000,0.1848560377,-0.175266765,0.2864964755,0.2145627546
35200000,0.0905962632,-0.2367950663,0.3511416553,0.06663350914
35300000,-0.02104355223,-0.250093071,0.3439517035,-0.09428212765
35400000,-0.1267547121,-0.2124109602,0.2667206236,-0.2352266751
35500000,-0.2043708326,-0.1317487639,0.1355271357,-0.3274411581
35600000,-0.2376355612,-0.02525428208,-0.02255053073,-0.3521889383
35700000,-0.219743146,0.08442121646,-0.1749328859,-0.3045796401
35800000,-0.1548153673,0.1740022481,-0.2901816166,-0.1946214225
35900000,-0.05698492604,0.2245896256,-0.3444762447,-0.04525259578
36000000,0.05266934878,0.2256735407,-0.3266128259,0.1123081898
36100000,0.150627133,0.1773274817,-0.240464921,0.2450040876
36200000,0.2159098388,0.09017372105,-0.1043257962,0.3248827294
36300000,0.2345360669,-0.01684560478,0.05282029039,0.3350867193
36400000,0.2025554728,-0.1204596433,0.1973892728,0.2735777519
36500000,0.1270041699,-0.1980544223,0.2983933301,0.153717334
36600000,0.02448878537,-0.2326354084,0.3341839526,0.001491272835
36700000,-0.08240487671,-0.2166560992,0.2972271847,-0.1500815104
36800000,-0.1701407529,-0.1537621015,0.195799785,-0.2681504277
36900000,-0.2195298733,-0.05795826108,0.05218239296,-0.3272359706
37000000,-0.2199971173,0.04962801805,-0.1022632283,-0.3147988922
37100000,-0.171785831,0.1455637111,-0.2340148928,-0.233912418
37200000,-0.08565057231,0.2092943319,-0.3147286942,-0.1024539544
37300000,0.01974305846,0.2274801815,-0.3273398886,0.05095326267
37400000,0.1219755549,0.1965992572,-0.2695912754,0.1932781426
37500000,0.1996104247,0.1234159557,-0.1542776225,0.2942432671
37600000,0.2365487644,0.02337766199,-0.00625267659,0.3327261736
37700000,0.2252127985,-0.08264820783,0.1430494513,0.3010522146
37800000,0.168013632,-0.1726493408,0.2623305042,0.2063469828
37900000,0.07684032181,-0.2279608252,0.3269369858,0.06877481386
38000000,-0.02936611112,-0.2371168233,0.323832565,-0.08286163055
38100000,-0.128524455,-0.1982665968,0.2540795766,-0.2171775785
38200000,-0.2000367967,-0.119597526,0.1324116581,-0.3066527224
38300000,-0.229135906,-0.01761909143,-0.01593693173,-0.3331786396
38400000,-0.2099899954,0.08634185243,-0.1604579983,-0.2916352236
38500000,-0.1468807547,0.1706555914,-0.2715915283,-0.1908292262
38600000,-0.05323148091,0.2179152706,-0.3267136906,-0.05164127868
38700000,0.05125028593,0.2185188512,-0.3147177621,0.09724079462
38800000,0.1446764382,0.1726083987,-0.2382842017,0.2251645324
38900000,0.207491731,0.09002775798,-0.1133731902,0.3057833123
39000000,0.226527494,-0.01167239248,0.03399374111,0.3225042014
39100000,0.1978141515,-0.1108212649,0.1730582359,0.2719949871
39200000,0.1275571765,-0.1861559958,0.2747079908,0.1649889196
39300000,0.03097683111,-0.2214084048,0.3176152636,0.0241538733
39400000,-0.0708722338,-0.2089541789,0.292828773,-0.1206008128
39500000,-0.1556982799,-0.1516264295,0.2057950083,-0.2384432727
39600000,-0.2049602781,-0.06216481689,0.07530445762,-0.3042353958
39700000,-0.208038612,0.03964126197,-0.07047884477,-0.304001994
39800000,-0.1645577669,0.1314335091,-0.2000844744,-0.2380178279
39900000,-0.08432807753,0.1932793475,-0.2855791943,-0.1207849072
40000000,0.01499152268,0.2119881028,-0.3086603622,0.02212940051
40100000,0.111864234,0.1838120499,-0.2646248687,0.1596995834
40200000,0.1855309412,0.1150482057,-0.1633225112,0.2622327606
40300000,0.2203586048,0.02053635022,-0.02689989803,0.3078132082
40400000,0.2090361372,-0.07955518973,0.115122438,0.2869683069
40500000,0.1540274535,-0.1639839766,0.2323033326,0.2045552793
40600000,0.06701026429,-0.2148856348,0.2998163019,0.07851765514
40700000,-0.03360309565,-0.2215282313,0.3036483856,-0.06413682087
40800000,-0.1265778929,-0.1825727975,0.2433881752,-0.1931947582
40900000,-0.1923820313,-0.1063263207,0.1320877935,-0.2816366755
41000000,-0.2173299059,-0.008912924409,-0.006680343549,-0.3112241059
41100000,-0.1964239108,0.08922090871,-0.14387788,-0.2761465363
41200000,-0.1342912714,0.1676625683,-0.2510724504,-0.1840408618
41300000,-0.0440776983,0.2102815698,-0.3062724041,-0.05424774858
41400000,0.05538362654,0.208488516,-0.2983593639,0.08628053614
41500000,0.1434830913,0.1628975368,-0.2292614404,0.2085589379
41600000,0.2020318497,0.08313478184,-0.1134682913,0.2875036496
41700000,0.2189540696,-0.0141273828,0.02498939566,0.3070386595
41800000,0.1907894858,-0.1085425794,0.1574825351,0.2633623616
41900000,0.1235049105,-0.1802620865,0.2566609434,0.1657212015
42000000,0.03137963104,-0.2141160416,0.3020882348,0.03452279866
42100000,-0.0659131262,-0.2029315973,0.2844904105,-0.1028532529
42200000,-0.1474949547,-0.1492054841,0.2077317852,-0.2177194742
42300000,-0.1958469353,-0.06465965264,0.08807474392,-0.2860723441
42400000,-0.2006887304,0.03229560926,-0.0491697675,-0.2936665744
42500000,-0.1612374023,0.1206263132,-0.1749426406,-0.239083796
42600000,-0.08631698584,0.1813051179,-0.2625940465,-0.1341037547
42700000,0.007662406518,0.20142804,-0.2935875043,-0.001250006128
42800000,0.100333742,0.1769162205,-0.2615048963,0.1310023779
42900000,0.1717680239,0.1132778355,-0.1734540453,0.2343409167
43000000,0.2066960502,0.02434322436,-0.04854314608,0.2867216101
43100000,0.1977078455,-0.07071725487,0.08626030647,0.277120529
43200000,0.146798924,-0.1514740613,0.2019778151,0.207879311
43300000,0.06494152627,-0.2005927611,0.273881845,0.0941322669
43400000,-0.03026243282,-0.2075557353,0.2867911734,-0.03954027533
43500000,-0.118381297,-0.1709326022,0.2382497178,-0.164470411
43600000,-0.1805876488,-0.09866572056,0.1389262899,-0.2540776257
43700000,-0.2037248949,-0.006287770825,0.01019650166,-0.2895108975
43800000,-0.1830798929,0.08650994718,-0.1205191476,-0.2635578562
43900000,-0.1232632639,0.1601461831,-0.2256214058,-0.1820262625
44000000,-0.03707314467,0.1992821448,-0.2831385694,-0.06236258719
44100000,0.05731958682,0.1959437212,-0.2812598444,0.07014162382
44200000,0.1402034301,0.1510475809,-0.2206825813,0.187715932
44300000,0.1943770872,0.07410675879,-0.1143341291,0.2659117335
44400000,0.2086423584,-0.018766711,0.01542640214,0.2886408362
44500000,0.180092036,-0.1081629955,0.1415154326,0.2514359799
44600000,0.1147492775,-0.1753631971,0.2377586102,0.1622931162
44700000,0.02638739473,-0.2062522919,0.2842968809,0.03994830802
44800000,-0.06630231845,-0.1943502635,0.2716674771,-0.09004324711
44900000,-0.1436610623,-0.1422705407,0.202733318,-0.2006197303
45000000,-0.1892957728,-0.06121713516,0.09206769337,-0.2688305155
45100000,-0.1936370538,0.03142045859,-0.03708509922,-0.2806069968
45200000,-0.1559951933,0.1158447514,-0.1576570293,-0.2336982612
45300000,-0.08465208354,0.174131215,-0.2444169532,-0.1381506483
45400000,0.00499295738,0.1940454183,-0.2792685541,-0.01421228613
45500000,0.09376335065,0.1715815725,-0.2550691152,0.111918453
45600000,0.1627816384,0.1117318093,-0.177149196,0.2136198233
45700000,0.1974312039,0.02738013784,-0.06219177072,0.2694839896
45800000,0.1904139989,-0.06342520294,0.06530815403,0.2678611763
45900000,0.1432964044,-0.1412735061,0.1782575438,0.2093300647
46000000,0.06620923468,-0.1895107794,0.2527377646,0.1065554042
46100000,-0.02428210463,-0.197822877,0.2730926741,-0.01844074583
46200000,-0.1087311985,-0.1644899586,0.2352359097,-0.1390043074
46300000,-0.1690322535,-0.09677187653,0.1474699002,-0.2295470896
46400000,-0.1923572897,-0.009303976457,0.02865308295,-0.2709865209
46500000,-0.1739022595,0.07913311693,-0.09587243489,-0.2547616075
46600000,-0.1178309821,0.1497096804,-0.1997016519,-0.1845786319
46700000,-0.03625745314,0.1875675229,-0.2609666025,-0.07553793041
46800000,0.05343463749,0.1848961839,-0.2669246787,0.04914317809
46900000,0.1323011274,0.1424644799,-0.2165774886,0.1630898402
47000000,0.183786078,0.06936400295,-0.120792751,0.2423469504
47100000,0.1971306542,-0.01892908494,6.668949149e-05,0.270397085
47200000,0.1695922022,-0.1037745007,0.1204829781,0.241576263
47300000,0.1070368492,-0.167248499,0.2151671725,0.1621917323
47400000,0.02275301237,-0.195922206,0.2643568279,0.049129987
47500000,-0.06532492383,-0.1837491953,0.2579263379,-0.07373622218
47600000,-0.1384393336,-0.1334068561,0.1974628682,-0.1805812095
47700000,-0.1810581129,-0.05574502503,0.09588567776,-0.2490461012
47800000,-0.1842333831,0.03256956857,-0.02530364805,-0.2649147423
47900000,-0.1474995989,0.112682939,-0.140561121,-0.2250714328
48000000,-0.07889762585,0.1676215137,-0.2256786383,-0.1381236438
48100000,0.006834283804,0.1858854613,-0.2628721253,-0.02256003499
48200000,0.0914519752,0.1638106874,-0.2445092866,0.09716877775
48300000,0.1570655897,0.1062525086,-0.1746906684,0.1958202784
48400000,0.1898681531,0.02550568236,-0.06835015155,0.2526876996
48500000,0.1829967118,-0.06128933018,0.05193279081,0.2559565577
48600000,0.1379654116,-0.1357332679,0.1607293051,0.205167314
48700000,0.06436879013,-0.1820386121,0.2351433824,0.1112660377
48800000,-0.02212139124,-0.1903913533,0.2596349048,-0.005758861069
48900000,-0.1030853426,-0.1590727922,0.2292624282,-0.1211404667
49000000,-0.1613125613,-0.09484291216,0.1506676433,-0.2105822572
49100000,-0.1845096912,-0.01146898164,0.04060914788,-0.2553740681
49200000,-0.1679184102,0.07327604828,-0.07762522132,-0.2462956874
49300000,-0.1152647835,0.1414542163,-0.1791533494,-0.1854962433
49400000,-0.03786934064,0.1787732177,-0.2427321666,-0.08597286305
49500000,0.04782946832,0.177548574,-0.255190245,0.03122029658
49600000,0.1237641714,0.1382329712,-0.2141405788,0.1414293933
49700000,0.1740026732,0.06925416221,-0.1284222318,0.2215816525
49800000,0.1880422389,-0.01476571985,-0.01619566315,0.2550061627
49900000,0.1629961192,-0.09604867605,0.09889788715,0.2348949894
50000000,0.1042330607,-0.1573709582,0.1927057841,0.1656921008
50100000,0.02430228475,-0.1857118151,0.2456257097,0.06212823472
50200000,-0.05969077027,-0.1750737613,0.2467063308,-0.05389351996
50300000,-0.1297452236,-0.1278289763,0.1959320521,-0.1579118309
50400000,-0.1708741766,-0.05424082111,0.1042117364,-0.2280582013
50500000,-0.1743731957,0.0297702171,-0.008932149777,-0.2496657234
50600000,-0.1396904142,0.1061147877,-0.1194953649,-0.218362916
50700000,-0.07448199185,0.1584700132,-0.2040783082,-0.1409920631
50800000,0.007120627469,0.1757700962,-0.2448507542,-0.03414765088
50900000,0.08759892689,0.1545044777,-0.2333355525,0.07936297527
51000000,0.1497917866,0.0993780289,-0.1721973958,0.1753859403
51100000,0.1805058988,0.02224797631,-0.07464822362,0.2335720035
51200000,0.1732661554,-0.06041018263,0.03840418562,0.2417039383
51300000,0.1296609397,-0.1309847202,0.1428468858,0.1982683988
51400000,0.05900340671,-0.1744532457,0.2165177141,0.1127237114
51500000,-0.0236440378,-0.1815800453,0.2439117046,0.003419106473
51600000,-0.1006894189,-0.1508917613,0.2194293443,-0.1063680862
51700000,-0.1557892415,-0.08897852704,0.1484852042,-0.1934079348
51800000,-0.1773474421,-0.00903966505,0.04626682987,-0.2394306384
51900000,-0.1609526126,0.07199390411,-0.06555865289,-0.234932977
52000000,-0.1102299111,0.137096799,-0.1634615499,-0.181091063
52100000,-0.03596828823,0.1727309795,-0.2269976035,-0.08940901399
52200000,0.0462270205,0.1716158617,-0.2430475618,0.02078413139
52300000,0.1192161872,0.1341528434,-0.2084800175,0.1264326739
52400000,0.1678563769,0.06827184338,-0.1307135753,0.2055752649
52500000,0.1820945372,-0.01222900121,-0.02609475156,0.2418872777
52600000,0.1590343353,-0.0905172032,0.08354725723,0.2280190248
52700000,0.1035702096,-0.1501953646,0.1754459759,0.167062476
52800000,0.02742785104,-0.1787339977,0.2306085632,0.07186384052
52900000,-0.05324904078,-0.1701604873,0.2377327102,-0.03766610812
53000000,-0.1213090512,-0.1263993416,0.1955335355,-0.1386911532
53100000,-0.1622850728,-0.0569167881,0.1130040236,-0.210193849
53200000,-0.1675427207,0.0232992113,0.007547655571,-0.2373541406
53300000,-0.1361586178,0.09699044621,-0.09864597377,-0.2146570093
53400000,-0.07509822796,0.1483759253,-0.1832464302,-0.14707236
53500000,0.002330572576,0.1665506129,-0.2284886464,-0.04903875656
53600000,0.07937784624,0.1477957916,-0.2249487622,0.05856253697
53700000,0.1394556345,0.09632920662,-0.1735746781,0.1528269292
53800000,0.1696763894,0.02336716068,-0.08551303662,0.2137110034
53900000,0.1635936868,-0.05528760031,0.02025756035,0.2283335819
54000000,0.1225787804,-0.1226307009,0.1209967392,0.1937523734
54100000,0.05553230641,-0.1641123839,0.1951013467,0.1175964225
54200000,-0.02303351622,-0.1707858101,0.2267633163,0.0164034404
54300000,-0.09614957936,-0.1412466413,0.2093617157,-0.08797755726
54400000,-0.1480898996,-0.08191226575,0.1468446784,-0.1731238785
54500000,-0.1677776207,-0.005570757596,0.05280871338,-0.2208697426
54600000,-0.151123845,0.07145391988,-0.0525009286,-0.2211707697
54700000,-0.1017971671,0.1328489545,-0.1465870024,-0.1741728126
54800000,-0.0303114213,0.1657638365,-0.2095179619,-0.09006732788
54900000,0.04829634648,0.1634323469,-0.2281224061,0.01319142714
55000000,0.1176491423,0.1264662511,-0.198680195,0.1137729407
55100000,0.1634015448,0.06262600109,-0.1275781577,0.1906014051
55200000,0.1761418711,-0.01483008745,-0.0298440933,0.2277439764
55300000,0.1532844522,-0.0898721515,0.07408415794,0.2176533946
55400000,0.09959732153,-0.1469758608,0.1626485999,0.1626271109
55500000,0.02624762985,-0.174320778,0.2176226454,0.07422617524
55600000,-0.05147969206,-0.1662686468,0.2278211835,-0.02918743379
55700000,-0.1173584905,-0.1245872593,0.1913359209,-0.1262677375
55800000,-0.1576433911,-0.05812114585,0.115868033,-0.1970731766
55900000,-0.1639984854,0.01905759448,0.01710931254,-0.2271436033
56000000,-0.1352809996,0.09063543044,-0.08449474018,-0.2104516635
56100000,-0.07778183945,0.1415306359,-0.1679499727,-0.150636916
56200000,-0.003875971898,0.1610967074,-0.2160432278,-0.06026686367
56300000,0.07061449892,0.14537316,-0.2189191306,0.04174167952
56400000,0.1297781328,0.09792010312,-0.1761630131,0.1340357129
56500000,0.1609934669,0.02907131586,-0.09693661498,0.1972858024
56600000,0.157633376,-0.0462453705,0.001896631559,0.218271012
56700000,0.1205233611,-0.1116878445,0.09930009849,0.1927191754
56800000,0.05781489069,-0.1530302922,0.1745261411,0.1262709963
56900000,-0.01674695854,-0.1612866266,0.2115673883,0.03332286525
57000000,-0.08682329357,-0.1347138454,0.2026268527,-0.06603828586
57100000,-0.1370916965,-0.07920620591,0.1498285854,-0.1503648091
57200000,-0.1566329927,-0.006964775121,0.06476817405,-0.2015007875
57300000,-0.1413005389,0.06624538532,-0.03401548778,-0.2085255994
57400000,-0.09453769941,0.1245895967,-0.1250918661,-0.1701069261
57500000,-0.02650574698,0.1555893368,-0.188809063,-0.09474041537
57600000,0.0482120146,0.1527238452,-0.2115399724,0.001164095309
57700000,0.1137684238,0.1166923386,-0.1885687168,0.09690150218
57800000,0.1563785947,0.05514372824,-0.1250041653,0.1719716122
57900000,0.1671419429,-0.01900425157,-0.03456152778,0.2104604313
58000000,0.143824452,-0.09028042673,0.06347331257,0.2043585636
58100000,0.09127454542,-0.1438614571,0.1483989288,0.1551359174
58200000,0.02039870658,-0.1686276868,0.202462745,0.07329011658
58300000,-0.05410542816,-0.1594611506,0.2145171264,-0.02397705489
58400000,-0.1168076705,-0.1183065581,0.1822333751,-0.1164204093
58500000,-0.1547646612,-0.05375902292,0.1124623826,-0.1849640465
58600000,-0.160218049,0.02074492849,0.0197174763,-0.2155997414
58700000,-0.1321959547,0.08974817472,-0.07687283198,-0.2021964478
58800000,-0.07668570465,0.1390002682,-0.1575052386,-0.147682015
58900000,-0.005360180698,0.1584104529,-0.205739623,-0.0633868593
59000000,0.06685820762,0.1441239108,-0.2118333412,0.03330179317
59100000,0.1248895127,0.09931411011,-0.1747139404,0.1225014177
59200000,0.1566254933,0.03354094459,-0.1021973444,0.1859029462
59300000,0.1554757621,-0.03920671915,-0.009398476218,0.2105350869
59400000,0.1218086588,-0.1034177513,0.08436330142,0.1914617668
59500000,0.06295432293,-0.1453486042,0.1595551947,0.1328479954
59600000,-0.00829122674,-0.1560131763,0.2005125277,0.04714549872
59700000,-0.07639928844,-0.1332003088,0.1987619852,-0.04747073847
59800000,-0.126508842,-0.08201932416,0.1548683926,-0.13091289
59900000,-0.1477239735,-0.01379916901,0.07837679278,-0.1854519894
60000000,-0.135529894,0.05642988025,-0.01418009334,-0.1995377578
60100000,-0.09275666898,0.1132829075,-0.1028136072,-0.170322659
60200000,-0.0288852625,0.144406583,-0.1683990353,-0.1043104272
60300000,0.04210345944,0.1431332038,-0.1968355938,-0.01595821674
60400000,0.1048104146,0.1098400406,-0.1821165065,0.07547588466
60500000,0.1457329523,0.05177043221,-0.1276168805,0.1501431263
60600000,0.1561096795,-0.01859124676,-0.04531203775,0.1919293867
60700000,0.1337235507,-0.08621446855,0.04688677991,0.1919290638
60800000,0.08331526818,-0.1367152087,0.1290658324,0.1503052226
60900000,0.01553701194,-0.1593856039,0.183622431,0.07615189333
61000000,-0.05533016999,-0.1494317201,0.1990068522,-0.01456965098
61100000,-0.1144121688,-0.1089486096,0.1720962624,-0.1025262859
61200000,-0.1493802649,-0.04642850921,0.1087298754,-0.1691522944
61300000,-0.1530174001,0.02507954722,0.02234603742,-0.2005378151
61400000,-0.1246720851,0.09074286299,-0.06893664733,-0.1902612596
61500000,-0.07031887268,0.1370421203,-0.1461446641,-0.1406122215
61600000,-0.001253984994,0.1545404971,-0.1933739295,-0.06200116315
61700000,0.0682670566,0.1397749448,-0.2010165967,0.0292767759
61800000,0.1239536518,0.09592146361,-0.1676590865,0.1144367185
61900000,0.1543894311,0.0321302344,-0.1002987188,0.1760580601
62000000,0.1533691322,-0.03833275294,-0.01286127998,0.2016249854
62100000,0.1212074098,-0.1007897999,0.07666898063,0.1860544055
62200000,0.06473679211,-0.1421895066,0.1499298444,0.1327146726
62300000,-0.004052966331,-0.153873232,0.1919387717,0.05273232771
62400000,-0.07050640582,-0.1334746375,0.1941752542,-0.03728240784
62500000,-0.1204305931,-0.08549936642,0.1563593088,-0.1186469792
62600000,-0.1431827051,-0.02040397629,0.08654631435,-0.1744747341
62700000,-0.134011163,0.04765834114,-0.0005093800553,-0.1932110455
62800000,-0.0951009975,0.1039289817,-0.08641431457,-0.1710943982
62900000,-0.03508040617,0.1362683979,-0.1530037135,-0.1130015562
63000000,0.03288842614,0.1377854953,-0.1862095974,-0.03146247165
63100000,0.09399012257,0.1082985985,-0.1790953814,0.05598035798
63200000,0.1349653516,0.05433182133,-0.1333804836,0.1305246431
63300000,0.1469574209,-0.01232798824,-0.05909538083,0.1761675786
63400000,0.1273980082,-0.07719134753,0.02758110303,0.1831785717
63500000,0.08053802756,-0.1261956757,0.1078385137,0.1502091711
63600000,0.01650946092,-0.1487368811,0.1643289093,0.08456463411
63700000,-0.05088463965,-0.1399469116,0.1849270004,0.0005775097672
63800000,-0.1071711155,-0.1017151986,0.1653230342,-0.08354530963
63900000,-0.1403319414,-0.04222972868,0.1098869661,-0.1496892073
64000000,-0.1433573989,0.02584545053,0.03063942609,-0.183728365
64100000,-0.1156739892,0.08812609036,-0.05541076154,-0.1785037716
64200000,-0.06316954133,0.1315688639,-0.1299512947,-0.1352593603
64300000,0.003137206132,0.1471747158,-0.1772600911,-0.06326671711
64400000,0.06945112235,0.1317900151,-0.1874782942,0.02223503849
64500000,0.122065175,0.08868029143,-0.1585936552,0.1033077363
64600000,0.1501571809,0.02680588281,-0.09675722931,0.1630814961
64700000,0.1479821139,-0.04103187449,-0.01491048783,0.1892347281
64800000,0.1160441391,-0.100809103,0.06995823529,0.1764848339
64900000,0.06101367626,-0.1401594456,0.1403448911,0.1276062216
65000000,-0.005618850733,-0.1509484277,0.1818243308,0.05279618257
65100000,-0.06991244893,-0.13100643,0.1859864793,-0.03246193967
65200000,-0.1184001522,-0.08462884786,0.1521318867,-0.110596058
65300000,-0.1409527503,-0.02170043252,0.08739292364,-0.1655564001
65400000,-0.1329519201,0.04439391716,0.005257669405,-0.1861135015
65500000,-0.09628412617,0.09962623679,-0.0772100988,-0.168175506
65600000,-0.03893213341,0.1323244212,-0.1428981044,-0.1156467082
65700000,0.02674164274,0.1356590214,-0.1782043145,-0.03963681237
65800000,0.08664069369,0.1090877967,-0.1758917578,0.04383622432
65900000,0.127940845,0.05846078255,-0.1366335576,0.1171920167
66000000,0.1418254674,-0.005229755211,-0.06890253205,0.164993641
66100000,0.1253768458,-0.06819522031,0.01279709174,0.1772314569
66200000,0.08221762177,-0.1168082395,0.0910017481,0.1514744727
66300000,0.0217460109,-0.140548791,0.1490186233,0.09340897397
66400000,-0.04289419792,-0.1342962699,0.1745104864,0.01562855386
66500000,-0.09767900077,-0.09944682446,0.1621507699,-0.06507574035
66600000,-0.130767668,-0.04359079415,0.1147615664,-0.1313397977
66700000,-0.1350686064,0.02117890305,0.0426813038,-0.1689717206
66800000,-0.1097307965,0.08093064878,-0.03849653344,-0.1699956979
66900000,-0.06024957491,0.1229128907,-0.1113097812,-0.1343311646
67000000,0.002793520555,0.1382541887,-0.1601898245,-0.06975247637
67100000,0.0660365511,0.1237790736,-0.1747775886,0.009841565695
67200000,0.1161688363,0.08259662431,-0.1520835511,0.08744951198
67300000,0.1426965079,0.02338583301,-0.09704807019,0.1466099901
67400000,0.1400940191,-0.04144491782,-0.02141268102,0.1748779203
67500000,0.1089267389,-0.09834338464,0.05882574348,0.1664028217
67600000,0.05572559735,-0.1354286085,0.1268155487,0.1230864178
67700000,-0.008369876223,-0.1449702332,0.1683805747,0.05410646032
67800000,-0.0699382978,-0.1250169639,0.1749473129,-0.02606415216
67900000,-0.1160995317,-0.07981748875,0.1452769988,-0.1007095975
68000000,-0.1372367878,-0.0189263107,0.08566584092,-0.1543532666
68100000,-0.1290278029,0.0448236084,0.008591878195,-0.1759532252
68200000,-0.09334378047,0.09804340787,-0.06990018036,-0.1611623397
68300000,-0.03782919276,0.1296152773,-0.1335340854,-0.1131990147
68400000,0.02573286258,0.1330210168,-0.1691734735,-0.04215675073
68500000,0.08391040167,0.1076914155,-0.1695398346,0.03710392152
68600000,0.1244431147,0.05911017721,-0.1347183098,0.1080498527
68700000,0.1388154094,-0.002340158158,-0.07213676198,0.1559211391
68800000,0.1240570349,-0.06355662452,0.004985414226,0.1708159058
68900000,0.08339300147,-0.1114815235,0.08040536273,0.1497685398
69000000,0.02558558927,-0.1358879179,0.1382702898,0.09737811355
69100000,-0.03692127076,-0.1315897951,0.1664615378,0.0248432052
69200000,-0.09067759373,-0.09957997889,0.1591595827,-0.05240432259
69300000,-0.1241425614,-0.04682169553,0.1180780101,-0.1179720928
69400000,-0.1301852674,0.01527411185,0.05209470777,-0.1579915458
69500000,-0.1076062177,0.07334271535,-0.0246474689,-0.1640667914
69600000,-0.06134874574,0.1149617174,-0.09576577855,-0.1350521828
69700000,-0.001379842853,0.131302066,-0.1461373531,-0.07727506833
69800000,0.05948239434,0.1189675416,-0.1651188201,-0.003158169552
69900000,0.10830551,0.0806579135,-0.1487936592,0.07145594807
70000000,0.1347630578,0.02455034054,-0.1007698012,0.1306959126
70100000,0.1332854434,-0.03744877646,-0.03136734862,0.1620357409
70200000,0.1042126642,-0.09221493413,0.04461540693,0.1589312496
70300000,0.05371617549,-0.1281680316,0.1110673305,0.1221648923
70400000,-0.007502501972,-0.1377186975,0.1539793436,0.05962821324
70500000,-0.06647800162,-0.1188810715,0.1643845083,-0.0153938847
70600000,-0.1107400851,-0.07569623374,0.1402101381,-0.0870583239
70700000,-0.1309716209,-0.0173625695,0.08666606114,-0.1403110407
70800000,-0.1229840808,0.04374164339,0.01510384404,-0.1640408349
70900000,-0.088581648,0.09470688119,-0.05939981402,-0.1533841353
71000000,-0.03513959293,0.1248305178,-0.1212211363,-0.1107084994
71100000,0.02599074826,0.1278580826,-0.1574621745,-0.04508042933
71200000,0.08189237421,0.1032672043,-0.1606376964,0.02966238251
71300000,0.1207961234,0.05634713722,-0.1302202474,0.09782671012
71400000,0.1345405424,-0.002926273359,-0.07272590586,0.1451569361
71500000,0.1202806418,-0.0619857243,-0.0003263914408,0.1618182508
71600000,0.08109421621,-0.1083144347,0.07172043826,0.1444472055
71700000,0.02534685688,-0.1320954161,0.1282829272,0.09684094396
71800000,-0.03507235592,-0.1283095026,0.1575364802,0.02914071867
71900000,-0.08728605806,-0.09782000134,0.1534437364,-0.0443185746
72000000,-0.1201915956,-0.04719018559,0.1170110991,-0.1080393649
72100000,-0.1268419976,0.01273771437,0.05605654194,-0.1486322026
72200000,-0.1059161082,0.0691869387,-0.01646089781,-0.1576340185
72300000,-0.06196169816,0.110188166,-0.08519377613,-0.1332774872
72400000,-0.004379955997,0.1271150423,-0.1356549212,-0.08083893257
72500000,0.05460279487,0.116476199,-0.1572717605,-0.01149572859
72600000,0.1025267645,0.08060704376,-0.1455998774,0.06005837399
72700000,0.1293090992,0.02714353372,-0.1032314394,0.1187287937
72800000,0.1293434562,-0.03259630287,-0.03921406703,0.1522035237
72900000,0.1026679946,-0.08598881578,0.03288756633,0.1535319718
73000000,0.05496153868,-0.121758154,0.09786965548,0.1225600112
73100000,-0.003644329029,-0.1323621234,0.142094837,0.06592750006
73200000,-0.06070638241,-0.1156041284,0.1563501985,-0.004361156973
73300000,-0.1041209775,-0.07511215009,0.1377610668,-0.07348426157
73400000,-0.1247148866,-0.01956451611,0.09036584308,-0.1269278199
73500000,-0.1182057902,0.03917726848,0.02423900416,-0.1535316259
73600000,-0.0861009728,0.08861801692,-0.04664772073,-0.1478200466
73700000,-0.03534573058,0.118298314,-0.1073742429,-0.1111328067
73800000,0.02318576168,0.1220060747,-0.1452119759,-0.05132232877
73900000,0.07701728408,0.09906787834,-0.1522965738,0.01891664522
74000000,0.1147152198,0.05446469913,-0.1272729529,0.08473362534
74100000,0.1283003265,-0.002237835761,-0.07556652482,0.1322601349
74200000,0.1149312961,-0.05891823842,-0.008222572923,0.1515373177
74300000,0.07751007791,-0.1034700198,0.06044222277,0.1386142166
74400000,0.02407191519,-0.1263817124,0.1158794415,0.09637105527
74500000,-0.03392695367,-0.1227768329,0.1463942355,0.03389157902
74600000,-0.08406871137,-0.09346373458,0.1456190761,-0.0354821398
74700000,-0.1156476731,-0.04475342417,0.1138484013,-0.09699647598
74800000,-0.1219659319,0.01291950546,0.05795094615,-0.1376247613
74900000,-0.1017429501,0.06726116098,-0.0101171966,-0.1488256257
75000000,-0.05934076169,0.1067566374,-0.07587466396,-0.1283332116
75100000,-0.003781852434,0.1231013219,-0.1253984031,-0.08060271634
75200000,0.05319833257,0.1129134823,-0.1482673327,-0.01582637772
75300000,0.09963096292,0.07839245968,-0.1397411801,0.05225795414
75400000,0.1258056833,0.02681605082,-0.1017202793,0.1092885161
75500000,0.1262735888,-0.0309985991,-0.04229733056,0.143305904
75600000,0.1009663639,-0.08295146869,0.02598745404,0.1472456425
75700000,0.05520803057,-0.118179661,0.08880576131,0.1203812649
75800000,-0.001391341835,-0.1293305651,0.1330484365,0.06842992539
75900000,-0.05694593031,-0.1141144444,0.1495510532,0.002315046583
76000000,-0.09979864453,-0.07579796287,0.1349764247,-0.06414210873
76100000,-0.1209904819,-0.02251825209,0.09247409791,-0.1171139813
76200000,-0.1161606558,0.03444528812,0.03099196717,-0.1456403438
76300000,-0.0864638599,0.08307034768,-0.03660859669,-0.1438929269
76400000,-0.03830956918,0.113142526,-0.09624020967,-0.1123685401
76500000,0.01801197003,0.1184112612,-0.1355240591,-0.0577685112
76600000,0.07051625836,0.09789950648,-0.1463665443,0.008409537727
76700000,0.1080605,0.0561009686,-0.1266449851,0.07227819145
76800000,0.12270243,0.002028461598,-0.08064974019,0.1204691253
76900000,0.111393266,-0.05269286573,-0.01818421432,0.1429407531
77000000,0.07664477079,-0.09629954616,0.04749757411,0.1350957951
77100000,0.0260120049,-0.1194166927,0.1024902559,0.09875733262
77200000,-0.02952067964,-0.1170934005,0.1351860276,0.04178707421
77300000,-0.07791718446,-0.08988874013,0.1387458325,-0.02358406307
77400000,-0.1087110493,-0.04375043576,0.1125593712,-0.08336526235
77500000,-0.1152807347,0.0112961676,0.06237260036,-0.124799278
77600000,-0.09626487522,0.06335031953,-0.0009517827597,-0.1390945728
77700000,-0.05581008235,0.1012238731,-0.06377626943,-0.1233024985
77800000,-0.002621464553,0.1168338709,-0.1126246275,-0.08093079441
77900000,0.0519442528,0.106885984,-0.1370723612,-0.02116238637
78000000,0.09630822894,0.07351396594,-0.1319635104,0.04314405552
78100000,0.1211011137,0.02377452144,-0.09847814088,0.09822878324
78200000,0.1211004488,-0.03186913741,-0.0438318238,0.1323729616
78300000,0.09629179295,-0.08174911348,0.02031033969,0.1383727602
78400000,0.05184891515,-0.1154279411,0.08034606532,0.1150233442
78500000,-0.00295929167,-0.1258711763,0.1236245476,0.06731427972
78600000,-0.05671252313,-0.1109100292,0.141094595,0.005318949037
78700000,-0.09823206438,-0.07368616485,0.1291618143,-0.05796410012
78800000,-0.118920662,-0.02198142217,0.0903837115,-0.1093483691
78900000,-0.1145536101,0.0334257879,0.03288098892,-0.1381986176
79000000,-0.08614417807,0.08102512303,-0.0313913004,-0.138609531
79100000,-0.03970936608,0.1109780237,-0.08914138074,-0.1105878476
79200000,0.01500256822,0.1171585325,-0.1284886401,-0.060011254
79300000,0.06654922268,0.09841599851,-0.1414017965,0.002614084831
79400000,0.1041754274,0.05880962371,-0.1253361101,0.06433614148
79500000,0.1200573503,0.006769545526,-0.08374182587,0.1124332829
79600000,0.1109545605,-0.046653077,-0.02534217226,0.1370404492
79700000,0.07892277883,-0.09010394073,0.03767457527,0.133190391
79800000,0.03091597958,-0.1143424598,0.09218467186,0.1018491739
79900000,-0.02267019105,-0.1142450527,0.1268650578,0.04972452031
80000000,-0.07022794006,-0.08994427956,0.1345706342,-0.01212624419
80100000,-0.101463459,-0.0468256694,0.1138509572,-0.07061247592
80200000,-0.1096534515,0.005640649038,0.06927457528,-0.1133747947
80300000,-0.09311426837,0.05597993404,0.01047499228,-0.131416094
80400000,-0.05554854668,0.0932311146,-0.0498949594,-0.1210325867
80500000,-0.005201720609,0.1093307043,-0.0988722297,-0.08461826766
80600000,0.04696312304,0.100834431,-0.1259739363,-0.03015503224
80700000,0.08965115329,0.06961543428,-0.1254591097,0.03051153234
80800000,0.1136570436,0.02241401182,-0.09756189339,0.08423892789
80900000,0.1138091125,-0.03064003189,-0.04842234546,0.1194339623
81000000,0.09003826797,-0.07820413106,0.01126798904,0.1285511803
81100000,0.04736043538,-0.1101351414,0.06860095389,0.1096959854
81200000,-0.005214232438,-0.1196300002,0.1112462275,0.06698939501
81300000,-0.05660904312,-0.1046455515,0.1300898803,0.00963095963
81400000,-0.09603152181,-0.06830056185,0.1211477698,-0.0501158209
81500000,-0.1152429025,-0.01818260186,0.08635615454,-0.09956165216
81600000,-0.1102639873,0.03527897694,0.03309495705,-0.1282772732
81700000,-0.08216612812,0.08101328824,-0.02742655345,-0.1302583569
81800000,-0.03680191438,0.1096086169,-0.08255681757,-0.1051286427
81900000,0.01644308535,0.1152376442,-0.1208484454,-0.05815449667
82000000,0.06660171207,0.09682709336,-0.1344140458,0.0009050028365
82100000,0.103377697,0.05825439921,-0.1205169979,0.05985317758
82200000,0.1192526479,0.007544928471,-0.08208925306,0.1065824532
82300000,0.1110347799,-0.04477052483,-0.02708895084,0.1315556515
82400000,0.08053842077,-0.08782110571,0.03315842921,0.1297438325
82500000,0.03424067004,-0.1126593675,0.08629353944,0.1016366563
82600000,-0.01804255485,-0.1141599958,0.1214595391,0.05312691908
82700000,-0.06521301315,-0.09214131508,0.1315307603,-0.005706642135
82800000,-0.09725792454,-0.05144219408,0.1145821692,-0.06267579553
82900000,-0.1074159155,-0.0009080407863,0.07429546684,-0.1060022032
83000000,-0.093653587,0.04851118109,0.01920762457,-0.1267680306
83100000,-0.05911265382,0.08613626758,-0.03905799195,-0.1207902464
83200000,-0.0114224999,0.1038784977,-0.08822423053,-0.08951860207
83300000,0.03896715738,0.09798881889,-0.1179546833,-0.03975174652
83400000,0.08106084988,0.06985569179,-0.1220604527,0.01778833667
83500000,0.1056994854,0.02568581337,-0.09983824289,0.07073627464
83600000,0.1075350776,-0.02485502233,-0.05623608942,0.1077365021
83700000,0.08617535064,-0.07074322818,-0.000794694362,0.1208950437
83800000,0.04625346506,-0.1019863451,0.05441601655,0.1074888014
83900000,-0.003591809544,-0.1117816375,0.09741690394,0.07054963225
84000000,-0.05260216131,-0.09797300609,0.1189183289,0.01819020886
84100000,-0.09023461273,-0.06348813686,0.1143223779,-0.03817803129
84200000,-0.1084266507,-0.01566794336,0.08468926042,-0.08633529486
84300000,-0.1032945314,0.03534750611,0.03646491284,-0.1158971578
84400000,-0.07590741284,0.07880362119,-0.01995382226,-0.1205305874
84500000,-0.03199808993,0.1056010364,-0.07248454072,-0.09926766213
84600000,0.01929301153,0.110170276,-0.1099498398,-0.05665181795
84700000,0.06734844931,0.09157988718,-0.124432194,-0.001711627214
84800000,0.1022687466,0.05368045612,-0.1129005044,0.05399251176
84900000,0.1168913183,0.004281882098,-0.077785639,0.09881653612
85000000,0.1082419828,-0.04645831493,-0.02641155714,0.123455597
85100000,0.07813947574,-0.08811567584,0.03057379305,0.1228442038
85200000,0.03283035504,-0.1121405111,0.08142578705,0.09715777771
85300000,-0.0182854552,-0.1136324925,0.1157246958,0.051730496
85400000,-0.06459556127,-0.09237828773,0.1265005317,-0.004075991014
85500000,-0.09649209312,-0.05291973679,0.1116385499,-0.05881212981
85600000,-0.1074001772,-0.003617920096,0.07429035131,-0.101292109
85700000,-0.09517923657,0.04510336138,0.02221328012,-0.1228838634
85800000,-0.06258686039,0.08296578184,-0.03382795666,-0.1192771031
85900000,-0.01669800553,0.1020231494,-0.08227744682,-0.09137078447
86000000,0.03259968439,0.09835628446,-0.113175851,-0.04509381026
86100000,0.07471479086,0.07291259341,-0.1202326629,0.009814990405
86200000,0.1006181204,0.0313091127,-0.1021509704,0.06182889618
86300000,0.1047848158,-0.01736491886,-0.06291746809,0.1000476532
86400000,0.08639487713,-0.06249973226,-0.01098000966,0.1165021709
86500000,0.04952372876,-0.09426025486,0.0425308874,0.1078577714
86600000,0.002265925696,-0.1057290924,0.0861704465,0.07614077652
86700000,-0.04502964652,-0.09442061968,0.1106342815,0.02831656601
86800000,-0.08202742109,-0.06281987784,0.1107653751,-0.02520384696
86900000,-0.1006658087,-0.01782003539,0.08666877438,-0.07281235473
87000000,-0.09689956443,0.03081005427,0.04368233648,-0.1042177373
87100000,-0.07153892398,0.07257062746,-0.0087938394,-0.1126712927
87200000,-0.03001930506,0.09849818602,-0.05935020995,-0.09641305231
87300000,0.01881671422,0.1030571894,-0.09704627121,-0.05902351121
87400000,0.06463205504,0.08526549791,-0.1137666348,-0.008613099794
87500000,0.09777977938,0.04884536232,-0.1059412752,0.04395905
87600000,0.1113048464,0.001399832836,-0.0752663797,0.08743498312
87700000,0.1023646203,-0.04719478463,-0.02828894067,0.1125594996
87800000,0.0727941778,-0.0868453203,0.02503268145,0.1140191564
87900000,0.02871078512,-0.1093311824,0.07346476583,0.09151823802
88000000,-0.02076123956,-0.1100049282,0.1068666789,0.04978549334
88100000,-0.06538801235,-0.08875498217,0.1182938027,-0.002465572327
88200000,-0.0959570658,-0.05002678211,0.1054068506,-0.05438556395
88300000,-0.1061977035,-0.001892527417,0.07091293781,-0.09525220019
88400000,-0.09408623501,0.04563810506,0.0219660649,-0.116679312
88500000,-0.06226132065,0.08271093744,-0.0313355765,-0.1143250554
88600000,-0.01746475114,0.101684079,-0.07804089159,-0.08876034169
88700000,0.03087184425,0.09872035314,-0.1085986349,-0.04532963269
88800000,0.07259931172,0.0745877352,-0.116816006,0.00696252529
88900000,0.09897660914,0.03450331041,-0.1011272996,0.05731230783
89000000,0.1045136308,-0.01295212418,-0.06491373592,0.09534810724
89100000,0.08814690742,-0.05763523163,-0.01580453582,0.1132788896
89200000,0.05349013911,-0.08999289113,0.0359048979,0.1075172818
89300000,0.008085408065,-0.1031160471,0.07939894629,0.07943619352
89400000,-0.03820660309,-0.09424645188,0.1056106128,0.0350911041
89500000,-0.07534103685,-0.06539101185,0.1091374887,-0.01604652817
89600000,-0.09527887777,-0.02289046625,0.08939401055,-0.0630888477
89700000,-0.09373864558,0.02397057416,0.05074427864,-0.09604605086
89800000,-0.07111365574,0.06499906435,0.001575223925,-0.1079613596
89900000,-0.03235582185,0.0913122448,-0.04749963021,-0.09640275593
90000000,0.01413159931,0.09724477646,-0.08592185014,-0.06398232385
90100000,0.05832935221,0.08153505679,-0.1054599367,-0.01778517605
90200000,0.09075474278,0.04755396103,-0.1019749414,0.03216935849
90300000,0.1044701944,0.002550353163,-0.07629461754,0.07509682006
90400000,0.09653247118,-0.04390967532,-0.03400924195,0.101770784
90500000,0.06859112384,-0.08197476059,0.01575837733,0.1064932687
90600000,0.02652038124,-0.103586537,0.06233141732,0.08828883717
90700000,-0.02083437853,-0.1041718198,0.09576965395,0.05107479452
90800000,-0.06353115584,-0.08359481431,0.1089762987,0.002786288127
90900000,-0.0926300554,-0.04616938686,0.09917521975,-0.0463400311
91000000,-0.1020700306,0.0002680895245,0.06845697898,-0.0859458577
91100000,-0.08992650416,0.04602213999,0.02329561517,-0.1077281458
91200000,-0.05879034145,0.081578271,-0.02684466751,-0.1071586142
91300000,-0.01520071104,0.09958671392,-0.07150825862,-0.0843967592
91400000,0.03173622578,0.09637934761,-0.1014301617,-0.04422059556
91500000,0.07224821745,0.07271563244,-0.1104501439,0.004996820613
91600000,0.09792624045,0.03361432451,-0.09676998259,0.05304389288
91700000,0.1034718622,-0.01269095706,-0.06330303003,0.0899936503
91800000,0.08780819651,-0.05646365612,-0.01705119037,0.1082569632
91900000,0.05432070131,-0.08850123217,0.03235872407,0.104146198
92000000,0.01016299375,-0.1020803086,0.07467751811,0.07862998658
92100000,-0.03524525371,-0.09439725588,0.1011635866,0.03712388635
92200000,-0.07222255508,-0.06718347626,0.1064012361,-0.01164204503
92300000,-0.09290362768,-0.02634549358,0.08942929741,-0.0574477862
92400000,-0.09293366675,0.01930382783,0.05394124993,-0.0907237117
92500000,-0.07240114778,0.05994777898,0.007509075135,-0.1045605922
92600000,-0.03580375887,0.08688113279,-0.04001240904,-0.09616519677
92700000,0.008937936392,0.09437306396,-0.07856865549,-0.06744968545
92800000,0.05219397882,0.08087699622,-0.1000361161,-0.02462394259
92900000,0.08468883077,0.04933766172,-0.09994589591,0.0231276071
93000000,0.09947422543,0.00654247169,-0.07842927901,0.06560512342
93100000,0.09339775054,-0.03833663312,-0.0401798674,0.09376932483
93200000,0.06776260631,-0.07570040793,0.00656050723,0.1016663285
93300000,0.02804126925,-0.09756646713,0.05177288239,0.08768713085
93400000,-0.01729792112,-0.09926787215,0.08580589008,0.05489249813
93500000,-0.05860337122,-0.08044231764,0.1014312141,0.01033783198
93600000,-0.08710307845,-0.04509744066,0.09536930305,-0.03645061547
93700000,-0.09677101661,-0.0007391035211,0.06896310981,-0.07551522186
93800000,-0.08559409557,0.04324327961,0.02786414789,-0.09858226984
93900000,-0.05597314703,0.07757842381,-0.01919212729,-0.1008026289
94000000,-0.01418549737,0.09506868687,-0.06225221617,-0.08175341861
94100000,0.0309607896,0.09208805417,-0.09225085814,-0.04549779259
94200000,0.06998651585,0.0693194617,-0.1029123027,0.0002990117373
94300000,0.0947247558,0.03159194108,-0.09205058439,0.04600181261
94400000,0.1000225111,-0.01313956252,-0.06200345442,0.08203718282
94500000,0.08481553171,-0.05546060471,-0.01911774005,0.1008975855
94600000,0.05235461897,-0.08647096723,0.02759889003,0.09870127549
94700000,0.00952892347,-0.09966032093,0.06837363225,0.07598696239
94800000,-0.03458353737,-0.09229100052,0.09471469675,0.03758260293
94900000,-0.07064034369,-0.06598639484,0.1011819648,-0.008420206198
95000000,-0.09102484697,-0.02638821867,0.08651471085,-0.0523699163
95100000,-0.09146972158,0.01805036296,0.05388284662,-0.08508034891
95200000,-0.07195893073,0.05787466736,0.01021034495,-0.0997544755
95300000,-0.03671457393,0.08464579122,-0.03528713289,-0.09340424956
95400000,0.006720526541,0.09272823476,-0.07304374353,-0.06746877037
95500000,0.04909772703,0.08046915019,-0.0951561345,-0.02750064903
95600000,0.08142516425,0.05052847142,-0.09704330215,0.01801360002
95700000,0.09686417434,0.009300821884,-0.0784032245,0.05945018342
95800000,0.09216638913,-0.03444361047,-0.04326422607,0.08808153855
95900000,0.06835476122,-0.07141492945,0.000878960208,0.09791592818
96000000,0.03050507928,-0.09377022497,0.04465984346,0.08695356717
96100000,-0.01333126016,-0.0967780824,0.0788256687,0.05759435988
96200000,-0.05384065963,-0.07982470881,0.09619153027,0.01611353304
96300000,-0.08243328543,-0.04654103429,0.09314910448,-0.02867997416
96400000,-0.09307309998,-0.004019773582,0.07041262832,-0.06731441527
96500000,-0.08355516967,0.03870733666,0.03284840269,-0.09165689366
96600000,-0.05595700513,0.07259862991,-0.01157086167,-0.09662219888
96700000,-0.01617534493,0.09051950903,-0.05346097748,-0.08123015925
96800000,0.02734112523,0.08874008614,-0.08400948422,-0.04879283857
96900000,0.06538567039,0.06770474898,-0.09682821572,-0.006197518985
97000000,0.0899346791,0.03192263255,-0.08928678238,0.03755859116
97100000,0.09583414329,-0.01099114719,-0.06304988639,0.07327026829
97200000,0.08188438691,-0.05192357814,-0.02370965542,0.09346164518
97300000,0.05109625831,-0.08219018803,0.02040600184,0.09395250204
97400000,0.0100580831,-0.09537938223,0.05999601502,0.07472618736
97500000,-0.03246280022,-0.08872261225,0.08674800497,0.03991900235
97600000,-0.06739268578,-0.06369006364,0.09508660391,-0.00306468771
97700000,-0.08729600824,-0.02567464083,0.08334071194,-0.04512384915
97800000,-0.08796651085,0.0171715846,0.05408447612,-0.07738655545
97900000,-0.06931644894,0.05569307547,0.01358094122,-0.09308319287
98000000,-0.0353743398,0.08169151222,-0.02955301531,-0.08897103573
98100000,0.006597612156,0.0896647481,-0.06617674441,-0.06600901172
98200000,0.04766403611,0.07795566253,-0.08856195718,-0.02914071812
98300000,0.07911410989,0.0490783083,-0.09202360966,0.01376636128
98400000,0.09429523332,0.009166037555,-0.07589987437,0.05359767501
98500000,0.09000373424,-0.03333350644,-0.04367530302,0.08192583762
98600000,0.06714864937,-0.0694414687,-0.002224937525,0.09279012437
98700000,0.03055289137,-0.09153852429,0.03965526364,0.08394428345
98800000,-0.0120680878,-0.09496920425,0.07311542672,0.05731155126
98900000,-0.05173834249,-0.07902117861,0.09111806551,0.01855644406
99000000,-0.08012011253,-0.04706931412,0.08990951891,-0.02412898787
99100000,-0.09127414566,-0.005852339263,0.06979000409,-0.0617618027
99200000,-0.08290522517,0.03596148618,0.03502696256,-0.08645799169
99300000,-0.05683008204,0.0696092878,-0.007062092944,-0.09307807914
99400000,-0.01857589194,0.08807615519,-0.04765786235,-0.08028691716
99500000,0.02379613792,0.08755828885,-0.07829033746,-0.05081202647
99600000,0.06138850357,0.0682470589,-0.09260521312,-0.01085341044
99700000,0.08633190941,0.03427878724,-0.08767955831,0.0312263503
99800000,0.09343365646,-0.00713556804,-0.06461677824,0.06665558032
99900000,0.08127158095,-0.04722355867,-0.02830116753,0.08808494663
100000000,0.05250329125,-0.07749992337,0.01363406046,0.09111692578
100100000,0.01331549975,-0.09156899593,0.05240949536,0.07521656515
100200000,-0.02788431246,-0.08649759807,0.07993951658,0.04381458953
100300000,-0.06226534175,-0.06345484631,0.09052632996,0.003580697394
100400000,-0.08247498129,-0.02746756735,0.0820536506,-0.03698280357
100500000,-0.08422626359,0.01366467538,0.05642802862,-0.06933414963
100600000,-0.06721818603,0.05105912094,0.01917187762,-0.08669592341
100700000,-0.03518644771,0.07666971744,-0.02174948729,-0.08548804069
100800000,0.004920157113,0.08501420597,-0.05762116096,-0.06608387504
100900000,0.04444833386,0.07433526879,-0.0808334434,-0.03272537765
101000000,0.07489996027,0.04695427309,-0.08650173101,0.007387693221
101100000,0.08974242558,0.008753978427,-0.07350312319,0.04564105364
101200000,0.08578838593,-0.03208979229,-0.04470594518,0.07385036383
101300000,0.06385904766,-0.06685392732,-0.006343044084,0.08600923539
101400000,0.02859587056,-0.08812129878,0.03333405202,0.07956403229
101500000,-0.01253659736,-0.09134997056,0.06582692597,0.05594268304
101600000,-0.05084313817,-0.07582596711,0.08420392377,0.02022838807
101700000,-0.07824391984,-0.04479838265,0.08456584062,-0.01994457652
101800000,-0.08897797003,-0.004772715402,0.06685348075,-0.05602866014
101900000,-0.08080170437,0.0358786136,0.03483277163,-0.08037896577
102000000,-0.05543496371,0.06868427908,-0.004728494,-0.08785966044
102100000,-0.01817358719,0.08684250701,-0.04350697183,-0.07690479344
102200000,0.02323541894,0.08662283372,-0.07338023336,-0.04981895004
102300000,0.06021225429,0.06812069175,-0.08812199092,-0.01226640725
102400000,0.08512107625,0.03522178997,-0.08468489691,0.02793314529
102500000,0.09284647664,-0.005208992,-0.06381153475,0.06244371139
102600000,0.08185366962,-0.04474954643,-0.02985641872,0.08414398867
102700000,0.05451552739,-0.07516959413,0.01013567528,0.08859412733
102800000,0.01663041651,-0.09015368638,0.04789955917,0.07494047529
102900000,-0.02378356088,-0.08664006648,0.0756633494,0.0460772755
103000000,-0.05817814884,-0.06548475131,0.08775457815,0.008035652946
103100000,-0.07929562112,-0.03129458165,0.08177013014,-0.03127343248
103200000,-0.08272723843,0.008549162462,0.0590697019,-0.06370455733
103300000,-0.06786469674,0.04547341827,0.02448922266,-0.08257367877
103400000,-0.03803079821,0.07155946965,-0.01467033731,-0.08405369678
103500000,0.0002416374634,0.08124850491,-0.05017325459,-0.06797720566
103600000,0.03862427676,0.07253459631,-0.07458223035,-0.0378733956
103700000,0.06879198297,0.04738821387,-0.08283093414,-0.0002242420104
103800000,0.08421628296,0.01132214446,-0.07330060106,0.03690970502
103900000,0.0815682145,-0.02780411563,-0.04816596621,0.06560638085
104000000,0.06142976714,-0.06148346607,-0.01292974484,0.07977612405
104100000,0.02816052914,-0.08239773194,0.02475989287,0.07646630821
104200000,-0.01105224792,-0.08599389858,0.05675639972,0.05649136492
104300000,-0.04775308957,-0.07145668027,0.07616961803,0.0242486821
104400000,-0.07404424346,-0.0418664196,0.07884569582,-0.01324025224
104500000,-0.08427625186,-0.003513801878,0.06424982462,-0.04785283594
104600000,-0.0762359512,0.03546811243,0.03556230578,-0.07211784951
104700000,-0.05158417464,0.06684572055,-0.001026831045,-0.08081469415
104800000,-0.01546732042,0.08401959906,-0.03766340773,-0.07207462766
104900000,0.02459347565,0.08338758437,-0.06651647681,-0.04775321284
105000000,0.06028624634,0.06506478496,-0.0814407662,-0.0130053667
105100000,0.084231262,0.03283049705,-0.07926085297,0.02483293811
105200000,0.09149464919,-0.006671371223,-0.0604126911,0.05780737481
105300000,0.08059389906,-0.0453087241,-0.02882013952,0.07901626022
105400000,0.05379805645,-0.07513693298,0.008953296783,0.08403996858
105500000,0.01666126148,-0.09003838654,0.04508884555,0.07183773682
105600000,-0.02312197373,-0.08699335885,0.07213937902,0.04493682364
105700000,-0.05731289556,-0.06671654079,0.08456271553,0.00888634341
105800000,-0.07884998215,-0.0335176726,0.07985060665,-0.02890333124
105900000,-0.0833347927,0.005595064017,0.05902868955,-0.06069357034
106000000,-0.06996384696,0.04238743625,0.02643101077,-0.08000939081
106100000,-0.04170276389,0.06913859813,-0.01120177558,-0.08296736914
106200000,-0.00466053601,0.080278124,-0.04611639758,-0.0690703514
106300000,0.03320663248,0.0735712849,-0.07114992486,-0.0413062185
106400000,0.06378932963,0.05059836888,-0.08121450315,-0.005527358337
106500000,0.08055896556,0.0164220378,-0.07435725551,0.03076648444
106600000,0.07997265538,-0.02149298876,-0.0521715804,0.05999512486
106700000,0.06224427416,-0.0548844326,-0.01946674775,0.07609100886
106800000,0.03130671194,-0.07648083301,0.01674357848,0.07578313247
106900000,-0.006037389445,-0.08158513092,0.04872761093,0.05929523843
107000000,-0.04159843519,-0.06910074748,0.06968421009,0.03030162911
107100000,-0.06759063899,-0.04176651601,0.0752005488,-0.004858336993
107200000,-0.07832994979,-0.00554573238,0.06420056768,-0.03854394606
107300000,-0.07145887299,0.03168981634,0.03917351336,-0.0634621318
107400000,-0.04843093948,0.06187889177,0.005628924309,-0.07424235997
107500000,-0.01416228686,0.07850618404,-0.02910396739,-0.06859188516
107600000,0.02405335309,0.07797685813,-0.05746817309,-0.04777846008
107700000,0.05811417306,0.06034719033,-0.07331154531,-0.01633786448
107800000,0.08082162204,0.0292766311,-0.07320294968,0.01892360294
107900000,0.08737685881,-0.008768189902,-0.05714917998,0.05040671196
108000000,0.07636203553,-0.04587864284,-0.02856594488,0.07135049439
108100000,0.05001612207,-0.07435244573,0.006478499735,0.07726392176
108200000,0.01375690176,-0.08828840913,0.04057230736,0.06685635958
108300000,-0.02494963706,-0.0848036938,0.06653369073,0.04227982862
108400000,-0.05814013542,-0.06462515418,0.07891361948,0.008646298722
108500000,-0.07900558604,-0.03193273877,0.07511622438,-0.02706469656
108600000,-0.08330189813,0.00651310714,0.05591302991,-0.05747043328
108700000,-0.07022636195,0.0427786982,0.02525671077,-0.07631409163
108800000,-0.04257868904,0.06940610646,-0.01055603826,-0.07974564695
108900000,-0.00617467033,0.0809618936,-0.04419333185,-0.06709802873
109000000,0.03136548333,0.07516617118,-0.06879833903,-0.04100719963
109100000,0.06220531178,0.05336949857,-0.07939402992,-0.006857331508
109200000,0.07993198958,0.02027675509,-0.07389896633,0.02833335669
109300000,0.0809101621,-0.01703203825,-0.05354905521,0.05735945804
109400000,0.06506398131,-0.05059053426,-0.02263864158,0.07431433718
109500000,0.03591157962,-0.07324065197,0.01236925133,0.07581181942
109600000,-0.0001720318401,-0.08017479277,0.04418519728,0.06169058697
109700000,-0.03532084571,-0.06998652998,0.06621454724,0.03505055949
109800000,-0.06188376525,-0.04498741377,0.07394209931,0.001606210203
109900000,-0.07409475485,-0.01070726377,0.06588727628,-0.03151550538
110000000,-0.06933125488,0.02531746151,0.04392175147,-0.05728467817
110100000,-0.0486768293,0.05519594385,0.01287368297,-0.07026652889
110200000,-0.01666591619,0.07240341337,-0.02050443632,-0.06778531026
110300000,0.01972272555,0.07318715252,-0.04898698488,-0.05049848013
110400000,0.05259052756,0.05735537711,-0.06643267775,-0.02225146769
110500000,0.07482187132,0.0282906371,-0.06910836904,0.01075897986
110600000,0.0815981554,-0.007799534254,-0.05648864167,0.04133113862
110700000,0.07140686828,-0.04322224203,-0.03135640383,0.06281873683
110800000,0.04634194047,-0.07043859785,0.0008145765563,0.07056287775
110900000,0.0116416442,-0.08365586199,0.03305497542,0.06288368985
111000000,-0.02543131259,-0.08003952235,0.05840696868,0.0414206496
111100000,-0.05712672082,-0.06029451437,0.07141283331,0.01075660394
111200000,-0.07683429037,-0.02849914579,0.06926535337,-0.02258248723
111300000,-0.08045894068,0.008765852889,0.05238036714,-0.05152768905
111400000,-0.06725911014,0.0438024388,0.02428096237,-0.06996303894
111500000,-0.03998105091,0.06939932699,-0.009169053328,-0.07400101431
111600000,-0.004271713101,0.08032094029,-0.04100996088,-0.06277571636
111700000,0.03249970596,0.07437865275,-0.06464249027,-0.03859849582
111800000,0.06276609886,0.05287217275,-0.07519235942,-0.006455113654
111900000,0.08032337854,0.02031656773,-0.07050516087,0.02704231792
112000000,0.08161407971,-0.01648961808,-0.05157382236,0.05502765563
112100000,0.06647260069,-0.04987096214,-0.02231797889,0.07179485924
112200000,0.03817302844,-0.07287549254,0.01123468821,0.07396658747
112300000,0.002756882587,-0.08074080246,0.04219584792,0.06118131089
112400000,-0.03223308571,-0.07191418654,0.06423804544,0.03616030302
112500000,-0.05935492647,-0.04839839614,0.07290051525,0.004140459156
112600000,-0.07286400401,-0.01533429534,0.06651138891,-0.02821294104
112700000,-0.06995343133,0.02010023279,0.04653418684,-0.05419249936
112800000,-0.05136085369,0.05023942678,0.01726242969,-0.0684489148
112900000,-0.02120447337,0.06858695176,-0.01507976523,-0.06811306137
113000000,0.01391533265,0.07121663971,-0.04364795552,-0.05340133758
113100000,0.04634911418,0.05761147233,-0.06242538506,-0.02757086039
113200000,0.06905141589,0.03076248735,-0.0675015449,0.003772452318
113300000,0.07709566442,-0.003488161722,-0.05790558501,0.03387050344
113400000,0.06872662195,-0.03771377749,-0.03581143032,0.05626036384
113500000,0.0457274107,-0.06450456411,-0.006066392823,0.06616052994
113600000,0.01302522637,-0.07805905958,0.02485697023,0.06149481201
113700000,-0.02237673112,-0.07542331073,0.05025852976,0.04333058923
113800000,-0.05290781452,-0.05711197749,0.06465313603,0.01563676301
113900000,-0.07205017975,-0.02698109678,0.06494414913,-0.01558327754
114000000,-0.0757198909,0.00861281569,0.05107504167,-0.04359141315
114100000,-0.06311531688,0.04217700227,0.02602284665,-0.06236222519
114200000,-0.03686113793,0.06667028829,-0.004857745228,-0.06786470197
114300000,-0.002431610183,0.07697541147,-0.03499060522,-0.05890574904
114400000,0.03301185584,0.07095197763,-0.05798111183,-0.03736213811
114500000,0.06211846051,0.04986212267,-0.06896490753,-0.007761214659
114600000,0.07887126677,0.01809277777,-0.06561944453,0.02369103926
114700000,0.0798281995,-0.01776141863,-0.04863201674,0.05042248633
114800000,0.06483200532,-0.05026650234,-0.02153520464,0.06686957198
114900000,0.03704451755,-0.07269248113,0.01004715538,0.0696288
115000000,0.002293189071,-0.08041737299,0.03958039444,0.05815039823
115100000,-0.03214282854,-0.07189980215,0.0609784225,0.03483671043
115200000,-0.05906011041,-0.0490103875,0.06986162226,0.00453061486
115300000,-0.07285201894,-0.016643124,0.06445614535,-0.02649686712
115400000,-0.07069783529,0.01831809757,0.04595200704,-0.05184979832
115500000,-0.05316165378,0.04846064346,0.01824792507,-0.06633309266
115600000,-0.02406965967,0.06741921815,-0.01286422542,-0.06702802034
115700000,0.01030854105,0.07122844088,-0.04090770785,-0.05389511212
115800000,0.0425985888,0.05916281789,-0.06007268882,-0.02977813107
115900000,0.06589393984,0.03388614414,-0.06643064462,0.0001942397129
116000000,0.07522816092,0.0008793636583,-0.05875663672,0.02968692215
116100000,0.06863441855,-0.03273222106,-0.03878434111,0.05249314648
116200000,0.04756550888,-0.05970464956,-0.01083665394,0.06384482059
116300000,0.01658147977,-0.07422926785,0.01909317145,0.06142029765
116400000,-0.01763198182,-0.07318036865,0.04461668914,0.0458332836
116500000,-0.04770466609,-0.05678436195,0.06031037355,0.02049631749
116600000,-0.06716918718,-0.02856316587,0.06286920417,-0.009113499146
116700000,-0.07184727563,0.005434657749,0.05180563563,-0.03662937386
116800000,-0.06073367446,0.03794268187,0.02954389841,-0.05615731869
116900000,-0.03619137915,0.06203522782,0.0008907790801,-0.06353273514
117000000,-0.003426679494,0.07259684551,-0.02800080157,-0.05720142227
117100000,0.0306316498,0.06739188511,-0.05095005658,-0.03853809841
117200000,0.05880278418,0.04751691192,-0.06306412024,-0.01153832554
117300000,0.07516271724,0.01715235647,-0.06177043535,0.01804501144
117400000,0.07628020804,-0.01732611113,-0.04734876026,0.04393156216
117500000,0.06192842396,-0.04868856007,-0.02285516746,0.06064511478
117600000,0.03512779633,-0.07036691455,0.006539345336,0.06466451894
117700000,0.001510446373,-0.07783301686,0.03465001908,0.05515362688
117800000,-0.03186438055,-0.06955079843,0.0555835541,0.03412163732
117900000,-0.05799801486,-0.04729976206,0.06497232863,0.005986142517
118000000,-0.07142952821,-0.01579768553,0.06088084387,-0.02336429456
118100000,-0.06938753343,0.01829962855,0.04419851795,-0.0478086009
118200000,-0.05237042303,0.04780851111,0.01844102603,-0.06227299819
118300000,-0.02403258867,0.06653596715,-0.01099482037,-0.0637860591
118400000,0.009596028104,0.07058373157,-0.03796512302,-0.05209102932
118500000,0.04138842482,0.05916384661,-0.05686471101,-0.029689888
118600000,0.06462595845,0.03475731416,-0.06379681506,-0.001311537346
118700000,0.07441511932,0.002585167842,-0.0573830906,0.02708407679
118800000,0.06871984803,-0.03049691482,-0.03904519863,0.04955759984
118900000,0.04879231669,-0.05745035837,-0.01269914366,0.06143572236
119000000,0.01890822442,-0.07254784148,0.01607365978,0.06028924661
119100000,-0.014542185,-0.0725928729,0.0412045644,0.04643802919
119200000,-0.0444174801,-0.05760153271,0.05741701804,0.02287618822
119300000,-0.06435128763,-0.03079610888,0.06133693851,-0.005366778783
119400000,-0.07011105284,0.002089931739,0.05219928064,-0.03229374735
119500000,-0.06049472121,0.03404396892,0.032001393,-0.05221011069
119600000,-0.03757396432,0.05827372733,0.005071382678,-0.06092670491
119700000,-0.006237828588,0.06964944579,-0.02285571519,-0.05664041157
119800000,0.02685759362,0.06578217266,-0.0458565102,-0.04030646679
119900000,0.05470426071,0.04751534363,-0.05907296404,-0.01542530622
120000000,0.07142178645,0.01873370259,-0.05973523447,0.01270834314
120100000,0.07349334988,-0.01446460512,-0.04773809006,0.03813240045
120200000,0.06050270747,-0.04505781526,-0.02565132675,0.0554798847
120300000,0.03521941333,-0.0665837014,0.001834755226,0.06110928482
120400000,0.003012420112,-0.074506506,0.02890840113,0.05386504931
120500000,-0.02928804544,-0.06717877548,0.04986671119,0.03531011544
120600000,-0.05484179951,-0.04619095575,0.06031680953,0.009384644633
120700000,-0.06825397901,-0.01603054723,0.05809539538,-0.01843399789
120800000,-0.06672107797,0.0168778604,0.04371491444,-0.04229081267
120900000,-0.05062090694,0.04554459122,0.02024493836,-0.05718712785
121000000,-0.02342176933,0.06390237951,-0.007343846785,-0.06002944622
121100000,0.009065159421,0.0680904235,-0.0332331424,-0.05027356688
121200000,0.03992591232,0.05726390832,-0.05198527076,-0.03002998756
121300000,0.06261041374,0.03376226276,-0.05968731355,-0.003610016812
121400000,0.07231635635,0.002605477454,-0.05477053752,0.02339040374
121500000,0.06700105221,-0.0295729337,-0.03833321136,0.04527502648
121600000,0.04780997987,-0.05593192936,-0.01389983309,0.05744935349
121700000,0.01883125417,-0.07087270036,0.01333111603,0.05738655797
121800000,-0.01377410915,-0.07122567399,0.03759066172,0.04515369218
121900000,-0.04308310712,-0.05692105531,0.05375971652,0.0233880783
122000000,-0.06288307983,-0.03099806198,0.05844773295,-0.003269400736
122100000,-0.06898897436,0.001048976172,0.05070184385,-0.02916218731
122200000,-0.06012298976,0.03244461978,0.03219797653,-0.04881627735
122300000,-0.03817147289,0.05657108908,0.006876014293,-0.05809432978
122400000,-0.007771057799,0.06836288632,-0.01990087433,-0.0550619867
122500000,0.02468019993,0.06536375738,-0.04248242988,-0.04038524981
122600000,0.05237271778,0.04822959552,-0.0561216063,-0.01717817865
122700000,0.06951261461,0.02057941008,-0.05796811503,0.009663284042
122800000,0.0725316647,-0.01176967098,-0.04765787056,0.03449778494
122900000,0.06083192363,-0.04202376482,-0.02737759997,0.05212534179
123000000,0.03691091514,-0.06383853668,-0.001394761022,0.05887493485
123100000,0.005838037791,-0.07265533592,0.02484539635,0.05336624191
123200000,-0.02581352936,-0.06666631761,0.04586444573,0.03678852783
123300000,-0.05135858547,-0.04720056058,0.05729701372,0.01264121342
123400000,-0.06542097789,-0.01844328801,0.05679968249,-0.01400722054
123500000,-0.06507856089,0.01345629736,0.0445340317,-0.03758563796
123600000,-0.05048377275,0.04169867692,0.02312433102,-0.05318860419
123700000,-0.02482537194,0.06028612376,-0.002900257337,-0.05760257975
123800000,0.006359210626,0.06530050285,-0.02806182114,-0.04997552418
123900000,0.03637113998,0.05573367069,-0.04708781477,-0.03198966
124000000,0.05878174958,0.03369538802,-0.05602088992,-0.007500793408
124100000,0.06880343369,0.003956871038,-0.0530506662,0.01828051044
124200000,0.06430920639,-0.02707188728,-0.03889132158,0.03989370058
124300000,0.04628433033,-0.05271389167,-0.01662421978,0.05278544626
124400000,0.01861259125,-0.06745418858,0.008961876163,0.05427353305
124500000,-0.01275885356,-0.06811989875,0.03239311283,0.04411189755
124600000,-0.04109737142,-0.05455612321,0.04867736568,0.02453592077
124700000,-0.06032874003,-0.02965112233,0.05436599156,-0.0002215856277
124800000,-0.066333081,0.001292688795,0.04828330397,-0.02483936427
124900000,-0.05781308221,0.03170084045,0.03176833709,-0.04404583574
125000000,-0.0365523682,0.05512986555,0.008379025102,-0.05374166815
125100000,-0.00701821535,0.06662754765,-0.01687502329,-0.05186663276
125200000,0.02459574469,0.0637637512,-0.03860404652,-0.03882725777
125300000,0.05167662333,0.04712276759,-0.05218307535,-0.01739767073
125400000,0.06857331555,0.02016483054,-0.0547262695,0.007880402419
125500000,0.07176775748,-0.01150593964,-0.0456860234,0.03166623512
125600000,0.06059977007,-0.04131226564,-0.02695457373,0.04894883256
125700000,0.03739983235,-0.06307256137,-0.002452497112,0.05609673094
125800000,0.007002434321,-0.07228786383,0.02270376246,0.05161005608
125900000,-0.02426230249,-0.06708125041,0.0432769206,0.0364214887
126000000,-0.04989257422,-0.04859210845,0.05500045056,0.01368860492
126100000,-0.06457921683,-0.02073849067,0.05546056293,-0.0118742073
126200000,-0.06532272176,0.01060668743,0.0445883325,-0.03498208697
126300000,-0.05206483692,0.03885419862,0.02466354327,-0.05087850696
126400000,-0.02769890752,0.05809038103,-0.0001675332828,-0.05631957151
126500000,0.002544559454,0.06432736163,-0.02475897372,-0.05024161945
126600000,0.03220788015,0.05634662779,-0.04403698125,-0.03397536081
126700000,0.05497794537,0.03595679574,-0.05405512807,-0.01096269108
126800000,0.06603058803,0.007609076181,-0.05281454352,0.0139656493
126900000,0.06306248236,-0.0225517067,-0.04067801387,0.03560258155
127000000,0.04678819628,-0.04800291939,-0.02028998902,0.04945720138
127100000,0.02079036282,-0.06324787704,0.003983198672,0.0526986215
127200000,-0.009251399542,-0.06500432679,0.02697768309,0.0447513841
127300000,-0.0367901617,-0.05291576984,0.04382738768,0.02741419558
127400000,-0.05583225331,-0.02962577535,0.05099814804,0.004473837287
127500000,-0.06223508173,-0.000197349923,0.0470390804,-0.01910594702
127600000,-0.05459560389,0.02899226836,0.03288848552,-0.03824831704
127700000,-0.03453740543,0.05163347049,0.01166685993,-0.04885148158
127800000,-0.00634210415,0.06283716063,-0.01199914152,-0.04866601335
127900000,0.02398348605,0.06016705786,-0.03297539929,-0.03777148209
128000000,0.04999404156,0.04413792833,-0.04672470861,-0.01855009259
128100000,0.06616811143,0.01808607485,-0.05027740672,0.004834750109
128200000,0.06906124039,-0.0125487331,-0.04285948007,0.02733905324
128300000,0.05801532635,-0.04137194204,-0.02604585408,0.04412075428
128400000,0.0352841515,-0.06237199667,-0.003411029038,0.05156995113
128500000,0.005554510582,-0.07117090358,0.02024213802,0.04806747439
128600000,-0.0250351995,-0.06593080153,0.03990591129,0.03431436834
128700000,-0.05017469492,-0.04773048289,0.05142354917,0.01316896006
128800000,-0.0646940365,-0.02033495015,0.05235537992,-0.0109668171
128900000,-0.06563572141,0.01059292957,0.04247718648,-0.03307689427
129000000,-0.05286436907,0.03867342558,0.0238128997,-0.04857872904
129100000,-0.02908881283,0.0581372399,0.0002013521376,-0.05427115872
129200000,0.0007062151924,0.06502384415,-0.02350791457,-0.04898882953
129300000,0.03030031968,0.05800375352,-0.04246091475,-0.03383235568
129400000,0.05353543279,0.03865524987,-0.05280002958,-0.01193101966
129500000,0.06560502542,0.01113651217,-0.05245506773,0.01221031404
129600000,0.06406777328,-0.01868380476,-0.04156400511,0.03364483187
129700000,0.04937098696,-0.04446294868,-0.02243816436,0.04800645733
129800000,0.0247656439,-0.06073266418,0.0009211427268,0.05241196069
129900000,-0.004379960847,-0.06407401099,0.02365616885,0.04605655903
130000000,-0.03173057316,-0.0538607692,0.04106572009,0.03037847439
130100000,-0.05135405424,-0.03240113102,0.04958807868,0.008755549067
130200000,-0.05901092471,-0.004438288191,0.0475479963,-0.01420614394
130300000,-0.05307580436,0.02388426648,0.03550847168,-0.03364532496
130400000,-0.03488465239,0.04636357077,0.01614927435,-0.04547621012
130500000,-0.008432712723,0.05808545178,-0.006305955647,-0.04725750951
130600000,0.02050464958,0.05648286389,-0.02699468207,-0.03871195053
130700000,0.04562892183,0.04187666872,-0.04145955935,-0.02178188663
130800000,0.06147571418,0.0173895082,-0.04660616688,-0.0002065510508
130900000,0.06457989584,-0.0117390618,-0.04136599287,0.02128868227
131000000,0.05420368087,-0.03928160202,-0.02692007899,0.03801483882
131100000,0.03247957741,-0.05935114803,-0.006435352263,0.04633057946
131200000,0.003945076074,-0.067646372,0.01562686328,0.04442207788
131300000,-0.02542634203,-0.0623522074,0.03447700981,0.03268376119
131400000,-0.04948870879,-0.04450996299,0.04602642338,0.01362125734
131500000,-0.06321280028,-0.01778484392,0.04775694211,-0.008696965117
131600000,-0.06373050157,0.0123132429,0.03924680733,-0.02951561449
131700000,-0.0509196003,0.03958581984,0.02224605231,-0.04440471923
131800000,-0.02741429416,0.05843394617,0.0002927280591,-0.05019155578
131900000,0.001952569804,0.06501158687,-0.02204169549,-0.04561788964
132000000,0.03115441144,0.05801082686,-0.04011403604,-0.03158998262
132100000,0.05421498421,0.0389236985,-0.05017541436,-0.01097617549
132200000,0.06643938903,0.0117308712,-0.05014236766,0.01199928333
132300000,0.06538387436,-0.01791988439,-0.0400175941,0.03263620964
132400000,0.05136649027,-0.04388200282,-0.02187858194,0.04672915948
132500000,0.02740893085,-0.06079035029,0.0005592962295,0.05143011819
132600000,-0.001387541352,-0.06519010364,0.02271315036,0.0458284541
132700000,-0.02891169871,-0.05627426756,0.04007800779,0.0311314909
132800000,-0.04933830372,-0.03606493233,0.04915424884,0.01040979411
132900000,-0.05837489674,-0.008988873804,0.04816750335,-0.01204091588
133000000,-0.0541869717,0.01906946621,0.0374327271,-0.03159134541
133100000,-0.03779500362,0.04203610995,0.01928563496,-0.04424106794
133200000,-0.01285225313,0.05496050835,-0.002407179438,-0.04745262554
133300000,0.01514985566,0.05508523882,-0.0230605384,-0.04068206983
133400000,0.04007477369,0.04243829197,-0.03833747828,-0.02549165723
133500000,0.05647115658,0.01981990581,-0.0450672844,-0.005216925607
133600000,0.06075089878,-0.007811030186,-0.04191861557,0.01574497672
133700000,0.05196010773,-0.03441559596,-0.02968125144,0.03287627608
133800000,0.03197770132,-0.05418301821,-0.0110928418,0.04250760058
133900000,0.005101055456,-0.06278404874,0.009754371671,0.04260527721
134000000,-0.02288833204,-0.05829810668,0.02829941134,0.03320512115
134100000,-0.0459729898,-0.04161537156,0.04049841736,0.01639780081
134200000,-0.05918816299,-0.01623172238,0.04369550334,-0.004130443861
134300000,-0.05967250527,0.01251151574,0.03718940066,-0.02389994748
134400000,-0.04725944071,0.03857114116,0.02237472626,-0.03860603844
134500000,-0.02449242717,0.05647888569,0.002431111176,-0.04504244104
134600000,0.003926975651,0.06248075527,-0.0183676689,-0.0417810114
134700000,0.03213173531,0.05530577725,-0.03557134335,-0.02946519598
134800000,0.05431067477,0.03641418478,-0.04549857206,-0.01066030983
134900000,0.06590712204,0.009683421437,-0.04600941978,0.01070067276
135000000,0.06455368549,-0.01939809678,-0.03694513945,0.03015259972
135100000,0.05055675963,-0.04486427787,-0.02014876234,0.04363564323
135200000,0.02683309182,-0.06150296043,0.0009311283413,0.04833844349
135300000,-0.001691494142,-0.06593600251,0.02196536817,0.04327413534
135400000,-0.02910271277,-0.05732473704,0.03864443638,0.02947446343
135500000,-0.04973080937,-0.03755004074,0.04756750955,0.00976674053
135600000,-0.05934000343,-0.01082277901,0.04693886498,-0.01181672868
135700000,-0.05602234273,0.01719963197,0.03693102988,-0.03087355217
135800000,-0.04060284689,0.04060756121,0.01964230195,-0.04353895875
135900000,-0.01646551855,0.05449194522,-0.001341608476,-0.04728075272
136000000,0.01116621607,0.05598807323,-0.0216919582,-0.04141880409
136100000,0.03634355978,0.04488611265,-0.03723501362,-0.02726181255
136200000,0.05366449686,0.02367573144,-0.04481898437,-0.007831639593
136300000,0.05943245519,-0.002987664614,-0.04296977324,0.0127698465
136400000,0.05245199485,-0.02928394381,-0.03219723865,0.03022164561
136500000,0.03428741262,-0.04948375922,-0.01488501524,0.04089311239
136600000,0.008924391338,-0.05918791973,0.005216086754,0.04261021284
136700000,-0.01809510121,-0.05627993433,0.02378643696,0.0351145235
136800000,-0.04087688538,-0.04138151878,0.03685906512,0.02011466292
136900000,-0.05445268942,-0.01771049824,0.04166702889,0.0009166547111
137000000,-0.05585059189,0.009625300434,0.03723354878,-0.01828896688
137100000,-0.04472471392,0.03473831122,0.02457651851,-0.03333003283
137200000,-0.02341286715,0.05222832796,0.00648276776,-0.0409500466
137300000,0.00358041557,0.05833042428,-0.01309835549,-0.03950531123
137400000,0.03055396857,0.05170139225,-0.0299092341,-0.02931148419
137500000,0.0518197722,0.03368655994,-0.04029973569,-0.01256661239
137600000,0.06289607657,0.00802151244,-0.04200633691,0.007129379163
137700000,0.06143812005,-0.01996039186,-0.0346284162,0.0255514576
137800000,0.04771892007,-0.04444588151,-0.01970319713,0.03875283807
137900000,0.02456548866,-0.0603533786,-0.0003684501916,0.04390089404
138000000,-0.003234080617,-0.06438939605,0.01931001937,0.03986942209
138100000,-0.02992993705,-0.05573223748,0.03519972094,0.02746585805
138200000,-0.05000962433,-0.03620097808,0.04396851476,0.009250918113
138300000,-0.05934775623,-0.009873553362,0.04377647585,-0.01100620441
138400000,-0.05606583015,0.01776718903,0.03465122646,-0.02911935727
138500000,-0.04092182604,0.04098111452,0.01847282635,-0.04135714779
138600000,-0.01714791528,0.05497180084,-0.001424670692,-0.04521436901
138700000,0.01022964493,0.05688967921,-0.02094975138,-0.03992532787
138800000,0.03544648554,0.04642778955,-0.03610293816,-0.02661536051
138900000,0.05321219916,0.02588521622,-0.04380396841,-0.0080611819
139000000,0.05982593008,-0.000317031374,-0.04252661856,0.01188946177
139100000,0.05396102676,-0.0265697315,-0.03261060798,0.0291188442
139200000,0.03695027635,-0.04726588956,-0.01618599944,0.04009559937
139300000,0.01250557979,-0.05799754558,0.003274956414,0.04260890387
139400000,-0.01407437329,-0.05650209265,0.02168637596,0.03622728896
139500000,-0.03704237523,-0.04315036476,0.03520646046,0.02238506563
139600000,-0.05144147606,-0.02086604386,0.0410447842,0.004076547654
139700000,-0.05417319196,0.005508758591,0.03804856709,-0.01477922264
139800000,-0.04466063851,0.03026279744,0.0269426894,-0.0301700787
139900000,-0.02496310525,0.04804846772,0.01017100511,-0.03884248763
140000000,0.0006783124363,0.05502822498,-0.008628417744,-0.03899165575
140100000,0.02675940905,0.04968811408,-0.02540252518,-0.0306418811
140200000,0.04769319748,0.0331487261,-0.03654998141,-0.01563530319
140300000,0.05899800086,0.008914355017,-0.03968910196,0.0027682749
140400000,0.05824297919,-0.01787995535,-0.03416219496,0.02059364059
140500000,0.0455552832,-0.04156057336,-0.02116895109,0.03400252088
140600000,0.02358593788,-0.05711553843,-0.003502196646,0.04011236652
140700000,-0.003055699345,-0.06125094774,0.01505478156,0.03760645392
140800000,-0.02877842105,-0.05308209165,0.0305379643,0.02700661223
140900000,-0.0481899001,-0.03431466593,0.03964511469,0.01055346299
141000000,-0.05723183948,-0.008879194356,0.04043193757,-0.008276659619
141100000,-0.05402989084,0.01790203776,0.03271610576,-0.02551228854
141200000,-0.03928049599,0.04043733117,0.01810698595,-0.03752618379
141300000,-0.0160963008,0.05403927298,-0.0003413825553,-0.04179616865
141400000,0.01065361705,0.05590369908,-0.01877770433,-0.03742890533
141500000,0.03536780871,0.04569130376,-0.03336328623,-0.02533942804
141600000,0.05288638937,0.02559334753,-0.04107424753,-0.008051934582
141700000,0.05957137382,-0.000130699671,-0.04032929568,0.01083389496
141800000,0.05406952955,-0.02604801687,-0.03131376699,0.02739802409
141900000,0.03759786165,-0.04669532827,-0.01593425712,0.03821863963
142000000,0.0136887385,-0.05773223913,0.002585184835,0.04108389874
142100000,-0.01255620358,-0.05686164296,0.02038024758,0.03544923066
142200000,-0.03554899345,-0.04431910749,0.03375541225,0.02254555232
142300000,-0.05040548658,-0.0228227609,0.0399560264,0.00511626816
142400000,-0.05398665008,0.003008616701,0.03774211217,-0.01316180431
142500000,-0.04556542454,0.02764481348,0.02764374927,-0.02845232537
142600000,-0.02697542267,0.04582653402,0.01184431603,-0.03756576009
142700000,-0.002211640614,0.05368540971,-0.006284020719,-0.03862849262
142800000,0.02342762245,0.04956216617,-0.0228947439,-0.03147355465
142900000,0.04447132622,0.03435117501,-0.03448040116,-0.01767034572
143000000,0.05643731551,0.01130221091,-0.03861275133,-0.0001871440326
143100000,0.05678002179,-0.01467518416,-0.03445276584,0.01724173972
143200000,0.04542593245,-0.0380561097,-0.02292256749,0.03090941237
143300000,0.02478513711,-0.05387287885,-0.00650351854,0.03792158387
143400000,-0.0007632654854,-0.0587682725,0.01129556543,0.03680671102
143500000,-0.02580328134,-0.05170622435,0.02668593238,0.02782214208
143600000,-0.04503371946,-0.03418840322,0.03640253329,0.01289258186
143700000,-0.0543936388,-0.00993044621,0.0383930636,-0.004804270482
143800000,-0.05192101811,0.01593203056,0.03224704605,-0.02151522302
143900000,-0.0381622945,0.03793627256,0.01927566544,-0.03370736566
144000000,-0.01604821695,0.05144966376,0.002227580991,-0.03881326367
144100000,0.009733789889,0.0536457629,-0.01529709901,-0.03576863732
144200000,0.03373460199,0.04409482353,-0.02960935803,-0.02523047823
144300000,0.05089452184,0.02484767963,-0.03770878171,-0.009431575288
144400000,0.05760920559,-1.908698937e-06,-0.03791245596,0.008295913153
144500000,0.05248808292,-0.02518373702,-0.03020388552,0.02422598328
144600000,0.03664655374,-0.04536535665,-0.01623001038,0.03502410749
144700000,0.0134692597,-0.05628062139,0.001051495582,0.03844708757
144800000,-0.01210791609,-0.05563411325,0.01799917751,0.03381080389
144900000,-0.03464675287,-0.04358792027,0.03105631353,0.02212842874
145000000,-0.04936341786,-0.02272491178,0.03749900248,0.005891117167
145100000,-0.05314479917,0.002504654192,0.03600654418,-0.0114616438
145200000,-0.04520604288,0.0267337727,0.02693454772,-0.02626968681
145300000,-0.02724958082,0.04482097335,0.01223403516,-0.03542400786
145400000,-0.003095024316,0.05293882548,-0.004965449787,-0.03701997531
145500000,0.02213684504,0.04937791335,-0.02101983978,-0.03075445234
145600000,0.04310957078,0.0348993574,-0.03254076578,-0.01798380258
145700000,0.05539595478,0.01256603846,-0.03710905215,-0.001431665201
145800000,0.05640731267,-0.01290840059,-0.03378106277,0.01539051637
145900000,0.04593442514,-0.03615478748,-0.02328186111,0.02892672836
146000000,0.0261882489,-0.052279658,-0.007845824148,0.03632583649
146100000,0.001331720135,-0.0578959614,0.009259981998,0.03603919379
146200000,-0.02340000661,-0.05183646698,0.02442761666,0.02814128083
146300000,-0.04280620965,-0.03539835459,0.03446849835,0.01430738264
146400000,-0.05281994542,-0.01206602553,0.03728183582,-0.002545103377
146500000,-0.05136627113,0.01322946532,0.03229138194,-0.01887451434
146600000,-0.03879686258,0.03515643666,0.02056015412,-0.03126086526
146700000,-0.01780967688,0.04911103539,0.004560789153,-0.03712284658
146800000,0.007127453477,0.05218870975,-0.01234863906,-0.03525583885
146900000,0.03072562503,0.04379422427,-0.02663224201,-0.02607912953
147000000,0.04799515915,0.02576303639,-0.03531850798,-0.01154177547
147100000,0.05530174621,0.0019693495,-0.03662156069,0.005291977619
147200000,0.05113639673,-0.02249710479,-0.03031170874,0.0208899454
147300000,0.0364359531,-0.04241333555,-0.01775818062,0.03199569708
147400000,0.01438385349,-0.05353634913,-0.001635638704,0.03631242476
147500000,-0.01026969155,-0.05350999434,0.01464343076,0.03298330192
147600000,-0.03222508575,-0.04236916606,0.02765071252,0.02276733123
147700000,-0.046770027,-0.02253033467,0.03466603842,0.007873719079
147800000,-0.05078907696,0.001730784814,0.03425028737,-0.008510105956
147900000,-0.04342693256,0.02520044068,0.02654589629,-0.02289675777
148000000,-0.02626324683,0.04284535195,0.01324133594,-0.03223939469
148100000,-0.002965260685,0.05088562467,-0.002792617446,-0.03457699195
148200000,0.02150171641,0.04759272408,-0.01811694692,-0.02944715717
148300000,0.04193277518,0.03364628458,-0.02945745395,-0.01797900029
148400000,0.0539842911,0.01197999286,-0.03440021006,-0.002647158602
148500000,0.05508610298,-0.01284536559,-0.0319012904,0.01325933816
148600000,0.04497647759,-0.03560646958,-0.02250304845,0.02633888363
148700000,0.02575110954,-0.05151642374,-0.008212538806,0.0337994775
148800000,0.001418232887,-0.05722854012,0.00792988642,0.03404768996
148900000,-0.02294582594,-0.05153566172,0.02249805948,0.02702049426
149000000,-0.04226308309,-0.03561924328,0.03240485634,0.01419184286
149100000,-0.05251813661,-0.01279679871,0.0355508581,-0.001744600902
149200000,-0.05159668558,0.0121779518,0.03126106473,-0.01744693591
149300000,-0.03972311299,0.03411374451,0.02042002074,-0.02962853978
149400000,-0.01940724522,0.04846876155,0.005279838118,-0.03574533867
149500000,0.005086289955,0.05229861643,-0.01101598363,-0.03452367468
149600000,0.0286337644,0.04486870479,-0.02509155196,-0.02622029279
149700000,0.0463263856,0.02780469646,-0.03404222348,-0.01256249178
149800000,0.05450002517,0.004749882067,-0.03603675104,0.003617050537
149900000,0.05150656131,-0.01940115005,-0.03069378458,0.01897346947
150000000,0.03806399645,-0.03953541715,-0.01915572893,0.03034710559
150100000,0.01710752381,-0.05140630963,-0.003845570617,0.03542027877
150200000,-0.006832719927,-0.05254040154,0.01204231945,0.03319724813
150300000,-0.02859957102,-0.04276953851,0.0252114119,0.02420766404
150400000,-0.0435168005,-0.02426872333,0.03295287445,0.01039092571
150500000,-0.04839680403,-0.001087082162,0.03371182984,-0.005314893214
150600000,-0.04222683089,0.02172821764,0.02741087427,-0.01959399395
150700000,-0.0263828554,0.03922373877,0.0154619721,-0.0294534745
150800000,-0.004325455624,0.04760794398,0.0004631959743,-0.0328556807
150900000,0.01915305546,0.04506335004,-0.01435630765,-0.02914777644
151000000,0.03896356401,0.03212906869,-0.02582555736,-0.01919637673
151100000,0.05081189149,0.0115757153,-0.0315080914,-0.005197770061
151200000,0.05211345611,-0.01219540964,-0.0302203765,0.009796032668
151300000,0.04253804447,-0.03409644244,-0.0222808225,0.02253365223
151400000,0.02407245973,-0.04943714443,-0.009436105593,0.03026167353
151500000,0.0005916441005,-0.05491849935,0.005518518803,0.03131273475
151600000,-0.0229672733,-0.0493261778,0.0193419537,0.02545827784
151700000,-0.04165027803,-0.03377953313,0.02904225195,0.01395149815
151800000,-0.05152848207,-0.01148732067,0.03251416832,-0.0007464723371
151900000,-0.050517389,0.01293359025,0.0289834656,-0.01549586282
152000000,-0.03880407627,0.03442878355,0.01916524445,-0.02714775925
152100000,-0.01879799118,0.0485603232,0.005105833893,-0.03321024348
152200000,0.005378593319,0.05242503767,-0.01025468019,-0.03237054363
152300000,0.02875050218,0.04524987289,-0.0237039682,-0.02476519019
152400000,0.04652106874,0.02854563564,-0.03243076201,-0.01194472959
152500000,0.05506409528,0.005790351588,-0.03460912762,0.003456021544
152600000,0.05267455968,-0.01829268496,-0.02977354835,0.01827047098
152700000,0.03992397562,-0.03871612059,-0.01890948838,0.02945901606
152800000,0.01954424328,-0.05126930765,-0.004243393162,0.03473736956
152900000,-0.004141310727,-0.05340325689,0.01122236003,0.03304548164
153000000,-0.02612653219,-0.04477187572,0.02433247118,0.02476171401
153100000,-0.04178279254,-0.02730959909,0.03243102542,0.01161939168
153200000,-0.04784592212,-0.004822329829,0.03390890425,-0.003656340486
153300000,-0.04311566288,0.01782577854,0.02853360499,-0.017916316
153400000,-0.02871312822,0.03575688377,0.01749312437,-0.02824265504
153500000,-0.00783747612,0.04512947068,0.003144114306,-0.03255587058
153600000,0.01492694665,0.04396525301,-0.01148431377,-0.03004710231
153700000,0.03460284327,0.03257290471,-0.02332838662,-0.02134414685
153800000,0.04689608153,0.0134768286,-0.02993556838,-0.008374900679
153900000,0.04912236096,-0.009132926428,-0.02998190383,0.006044600641
154000000,0.04078405127,-0.03030961525,-0.02355001395,0.01881143521
154100000,0.02367305248,-0.04542000403,-0.01210708245,0.02719875062
154200000,0.001478712994,-0.05114347791,0.00181371443,0.02943831854
154300000,-0.02101220031,-0.04618368496,0.01516058003,0.0250968909
154400000,-0.03894761563,-0.03154012029,0.02502133677,0.01516470677
154500000,-0.04844900123,-0.01028460823,0.02925002526,0.00183704483
154600000,-0.04743291973,0.01310343868,0.02692621189,-0.01196322494
154700000,-0.03604248639,0.03369419294,0.01854825499,-0.02321768184
154800000,-0.01660379929,0.04714878892,0.005920368963,-0.02946145744
154900000,0.006874597495,0.05062451558,-0.008239741999,-0.02930936167
155000000,0.02954649231,0.0433583318,-0.02088571891,-0.02274723642
155100000,0.04673717108,0.02681448281,-0.02929267021,-0.01112886844
155200000,0.05490876441,0.00437276079,-0.03163348947,0.003117242388
155300000,0.05238661132,-0.01937421185,-0.02736043205,0.01700539824
155400000,0.03970128984,-0.03956993102,-0.01731435851,0.027622587
155500000,0.01947768513,-0.05209643408,-0.003542541193,0.0327374623
155600000,-0.004107500273,-0.05442614219,0.01113316358,0.03126203536
155700000,-0.0261911216,-0.0461473907,0.02370523949,0.02347239265
155800000,-0.0422355098,-0.02905213448,0.03160334371,0.01094574738
155900000,-0.04897721053,-0.006763344975,0.033222789,-0.003770357063
156000000,-0.04511258639,0.01602403244,0.02825120124,-0.01768663494
156100000,-0.03157306566,0.03453164982,0.01772785611,-0.02798896225
156200000,-0.01132835305,0.04490800983,0.003824803161,-0.03261697041
156300000,0.0112439542,0.04504568574,-0.01060466066,-0.03068592893
156400000,0.03129093087,0.03503000975,-0.02261733693,-0.02266542085
156500000,0.04452191244,0.01712084433,-0.02978968523,-0.01027771557
156600000,0.04812951208,-0.004732071005,-0.03071959268,0.003863962339
156700000,0.04139491197,-0.02573955775,-0.02531560502,0.01680321915
156800000,0.02584385744,-0.04130816938,-0.01481202288,0.02586087048
156900000,0.004915884774,-0.04803615642,-0.001505002488,0.02919795742
157000000,-0.01678391894,-0.04445186242,0.01173634549,0.02620198103
157100000,-0.03448767066,-0.03133107801,0.02208131902,0.01761308763
157200000,-0.04430093978,-0.01152316837,0.02734144734,0.005361700435
157300000,-0.04404394426,0.01067383714,0.02643701081,-0.007848946103
157400000,-0.03371458347,0.03044818556,0.01962512908,-0.01912626146
157500000,-0.01547710679,0.04351150496,0.00843957401,-0.02601186561
157600000,0.006813418561,0.04701231363,-0.004644725326,-0.02701011624
157700000,0.02844056406,0.04013302754,-0.01674923995,-0.02190711067
157800000,0.04482779193,0.02425055998,-0.02521414272,-0.01181178315
157900000,0.05249904449,0.002635240905,-0.02817014481,0.001088183919
158000000,0.04980045985,-0.02024173742,-0.02493679908,0.01400072127
158100000,0.03723807994,-0.03964432432,-0.01616324746,0.02412976991
158200000,0.01736639756,-0.05155649686,-0.003684123838,0.02927174875
158300000,-0.005746121549,-0.05351378565,0.009875188652,0.02828106874
158400000,-0.02736293627,-0.04511140708,0.02165702153,0.02130779472
158500000,-0.04306190501,-0.0280851433,0.02917374622,0.009760501383
158600000,-0.04965138963,-0.005948676529,0.03082722245,-0.003994133462
158700000,-0.04583045443,0.01673747568,0.02623829395,-0.01712891378
158800000,-0.03245634371,0.03531399649,0.01632045677,-0.02694528183
158900000,-0.01236359566,0.04599135971,0.003085465993,-0.03143142695
159000000,0.01022826265,0.04663819082,-0.01077641016,-0.0296749122
159100000,0.03059664928,0.03722541721,-0.02245346105,-0.02204644107
159200000,0.04450559204,0.01983236531,-0.02959189949,-0.0101186834
159300000,0.04909756211,-0.001789549713,-0.03077878122,0.003661922397
159400000,0.04349953672,-0.02300833271,-0.02582978944,0.0164823985
159500000,0.02901178597,-0.03929509364,-0.01582299146,0.02574513663
159600000,0.008833479693,-0.04719263896,-0.002871431092,0.02960468068
159700000,-0.01262215407,-0.04506004222,0.01031902164,0.02734828304
159800000,-0.03067938101,-0.03342838825,0.02101549333,0.01954061236
159900000,-0.04141240893,-0.0148857354,0.0270300326,0.007901300439
160000000,-0.04249615321,0.00648649353,0.02717760104,-0.005060385988
160100000,-0.03370725849,0.02600238193,0.02152280772,-0.01657799261
160200000,-0.01696580777,0.039389138,0.01136185329,-0.02421536425
160300000,0.004088459517,0.04370950393,-0.001057805899,-0.02638413871
160400000,0.0248885286,0.03798900735,-0.01302112373,-0.02268007813
160500000,0.04092540089,0.02341613401,-0.02192907981,-0.01396534998
160600000,0.04871259156,0.003078198276,-0.02585655289,-0.002178585232
160700000,0.04652493822,-0.01870475276,-0.02396391875,0.01008626709
160800000,0.03475826376,-0.0373021668,-0.01667361899,0.02014083469
160900000,0.01583831098,-0.0487542738,-0.005574352855,0.02578122481
161000000,-0.006297574636,-0.05060566296,0.0069249802,0.02575985599
161100000,-0.02703357518,-0.04241747032,0.01811529067,0.02004933084
161200000,-0.0420461253,-0.02585335255,0.02556810909,0.009843464216
161300000,-0.04820783888,-0.004324643274,0.02765235423,-0.002702158896
161400000,-0.0442362959,0.01772749673,0.02387770351,-0.01493199846
161500000,-0.03095476579,0.03576027356,0.01499380986,-0.02425450639
161600000,-0.01111416664,0.04607345661,0.002827384983,-0.0286880371
161700000,0.01118344324,0.04657451793,-0.01010548375,-0.02727437437
161800000,0.03133870426,0.03720857634,-0.02112814403,-0.02027506555
161900000,0.04520992153,0.01996635583,-0.02796174683,-0.009112168474
162000000,0.04997334223,-0.001531131473,-0.02919716287,0.003931667405
162100000,0.04471170194,-0.02278706971,-0.02458374247,0.01618960744
162200000,0.03060765567,-0.03936884725,-0.01507682606,0.02516391981
162300000,0.01069797838,-0.04783963138,-0.002635761865,0.02904172395
162400000,-0.01076496781,-0.04648555684,0.01018478471,0.02706720893
162500000,-0.02921385774,-0.03568155964,0.02076536714,0.01969411436
162600000,-0.04073928844,-0.0178131586,0.02696446826,0.008487398332
162700000,-0.04292570553,0.003233416892,0.02756114635,-0.004205486022
162800000,-0.03536811795,0.02290537093,0.0225057069,-0.0157457221
162900000,-0.01975601132,0.03696187588,0.01292584609,-0.0237547342
163000000,0.0004942019241,0.04238463905,0.0008863250083,-0.02661113133
163100000,0.0209778116,0.03802333465,-0.01104816335,-0.02378850699
163200000,0.0372507105,0.02483750003,-0.02035545209,-0.01596235006
163300000,0.0457834676,0.005684738445,-0.0250892061,-0.004862679891
163400000,0.04471595458,-0.0152971149,-0.02428973109,0.007097017913
163500000,0.03425196484,-0.03357974387,-0.01818442481,0.01733594606
163600000,0.01661097089,-0.04521461016,-0.008134725289,0.0236570841
163700000,-0.004450897621,-0.04767590002,0.003659154453,0.02471514504
163800000,-0.02444635157,-0.04039633,0.01463213523,0.02030107029
163900000,-0.03911490421,-0.02488269226,0.02240468882,0.01138238531
164000000,-0.04532751561,-0.004389127129,0.02529134449,-0.0001083912012
164100000,-0.04174543588,0.0167786039,0.02265843199,-0.01169069989
164200000,-0.02909577557,0.03417646962,0.01505536732,-0.02086774897
164300000,-0.01000993155,0.04415788566,0.004093034729,-0.02565875212
164400000,0.01153608287,0.04463532698,-0.007902807859,-0.02501819615
164500000,0.03105830918,0.03551121308,-0.01838753432,-0.01905406616
164600000,0.04450256279,0.01869212632,-0.02513670128,-0.009000668347
164700000,0.04908908956,-0.002313505335,-0.0267140174,0.003045917499
164800000,0.04389060084,-0.02312968955,-0.02277049891,0.01457191055
164900000,0.03002464469,-0.03942744714,-0.01411364587,0.02317471249
165000000,0.0104194936,-0.04783072212,-0.002534171529,0.02706532694
165100000,-0.01079980499,-0.04662481481,0.009571644241,0.02543976893
165200000,-0.02917884403,-0.03611742281,0.01970390848,0.01864311521
165300000,-0.04087321941,-0.01857369482,0.02578026427,0.008093408393
165400000,-0.04346075456,0.002263437229,0.0265678932,-0.004017498185
165500000,-0.03645288468,0.02196720968,0.02193704144,-0.01518305977
165600000,-0.02139527329,0.03636650024,0.0128839908,-0.02310519118
165700000,-0.001535956749,0.04243034544,0.001319257452,-0.02617247955
165800000,0.01886785081,0.03890902177,-0.01033448342,-0.02379391263
165900000,0.03545623394,0.02659575846,-0.0196506565,-0.01651859998
166000000,0.04469352251,0.008154197618,-0.02470687669,-0.005916521732
166100000,0.04461909336,-0.01245128924,-0.02448633871,0.005754695592
166200000,0.03526276436,-0.03080146486,-0.01908811614,0.01602698304
166300000,0.01863623023,-0.04296467066,-0.00970201613,0.02274250182
166400000,-0.001698210459,-0.04633506268,0.0016467192,0.0245078346
166500000,-0.02138994933,-0.04018720718,0.01252878846,0.02098560007
166600000,-0.03623003227,-0.025827931,0.02062672298,0.01296178499
166700000,-0.04304880824,-0.006313230651,0.02422568336,0.002174777234
166800000,-0.04038853218,0.0142075768,0.02257492539,-0.009057129595
166900000,-0.02880796258,0.03137786596,0.01604341993,-0.01833005841
167000000,-0.01075665061,0.04155901985,0.006037205091,-0.02366520237
167100000,0.009950605342,0.04259821988,-0.005303031577,-0.02392720307
167200000,0.02894450117,0.03427808962,-0.01555890713,-0.01906179879
167300000,0.04222448111,0.01835655418,-0.0225480772,-0.0101032252
167400000,0.04700066697,-0.001808495446,-0.02478554544,0.001048931435
167500000,0.04227918712,-0.02196939299,-0.02179520943,0.01203484896
167600000,0.02906932493,-0.03788473638,-0.0142067012,0.02053482773
167700000,0.01016909617,-0.04621379529,-0.003618400768,0.02475871229
167800000,-0.01042651311,-0.04522134398,0.007743085276,0.02382130266
167900000,-0.02837079937,-0.03514354014,0.01749410438,0.01792542209
168000000,-0.03988552369,-0.0181362595,0.0235960006,0.008315250324
168100000,-0.04256031021,0.002183934742,0.02478240733,-0.002989043011
168200000,-0.03586076931,0.02150847178,0.02082247572,-0.01361857474
168300000,-0.02123745079,0.03575078549,0.01256556047,-0.02135454336
168400000,-0.001813709808,0.04191072329,0.001758898545,-0.02459360331
168500000,0.01827945996,0.03870621562,-0.009322609867,-0.02268230123
168600000,0.03477931049,0.02683982521,-0.0183561728,-0.01605082736
168700000,0.04419242255,0.008845674546,-0.02345933972,-0.006118619764
168800000,0.04453140443,-0.01144956943,-0.02358407995,0.005007684497
168900000,0.03573268635,-0.02973752852,-0.01873409852,0.01497986702
169000000,0.01966766294,-0.04213992374,-0.009960133886,0.02170315765
169100000,-0.0002553995154,-0.04602898131,0.0008651705824,0.02377630082
169200000,-0.01981485387,-0.04058260353,0.01144476616,0.02078409063
169300000,-0.03487116044,-0.02695612422,0.01954276141,0.01338114824
169400000,-0.04224369243,-0.008034104007,0.02345537591,0.003149945493
169500000,-0.04038205584,0.01218427304,0.02236801342,-0.007736199846
169600000,-0.02968971607,0.0294341389,0.01652357878,-0.01697335759
169700000,-0.01243296022,0.04008682856,0.007167308374,-0.02261291746
169800000,0.007743041507,0.0419136801,-0.003719306507,-0.02347069627
169900000,0.02658670281,0.03455181249,-0.01383851277,-0.01937338368
170000000,0.0401373905,0.01957588599,-0.02106107626,-0.01119119267
170100000,0.04555948515,0.000162448552,-0.02387355286,-0.0006508466345
170200000,0.04173890458,-0.0195821944,-0.02169418202,0.01003074783
170300000,0.02951705887,-0.03549004258,-0.01499162384,0.01861433744
170400000,0.01151204818,-0.04421351252,-0.005182473282,0.02330895
170500000,-0.00843696495,-0.04393530487,0.005669999202,0.02314647588
170600000,-0.02608610575,-0.03475428847,0.01529184982,0.01818192773
170700000,-0.03769073472,-0.01866335914,0.02167716717,0.009477945948
170800000,-0.0408033825,0.0008774940648,0.02350878113,-0.001122504615
170900000,-0.03479388537,0.01968183753,0.02043270477,-0.01138686696
171000000,-0.02097994956,0.03373170343,0.01312893649,-0.01916454557
171100000,-0.002341105959,0.04003416669,0.003164155198,-0.02283979883
171200000,0.01712090685,0.03725634407,-0.007342210815,-0.02167051737
171300000,0.03323699867,0.02600454012,-0.01616771356,-0.01594157118
171400000,0.0425579194,0.008690208611,-0.02145714845,-0.006900627306
171500000,0.04308558836,-0.01098671181,-0.02211378152,0.003509595578
171600000,0.03469448694,-0.02882609898,-0.01802879073,0.01306551154
171700000,0.01915500516,-0.04101990176,-0.01010060763,0.01973512086
171800000,-0.0002451680272,-0.04495913953,-4.058849935e-05,0.02210830025
171900000,-0.01940037753,-0.03978471061,0.009993076403,0.01969368271
172000000,-0.03425768092,-0.02656575868,0.01785486049,0.01301954943
172100000,-0.04167327658,-0.008069122102,0.02186686376,0.00351811969
172200000,-0.04007302959,0.0118290544,0.02117273187,-0.006781189478
172300000,-0.02977866873,0.02896256836,0.01591605405,-0.01568350511
172400000,-0.01293368132,0.03975073493,0.007206510554,-0.02129312639
172500000,0.006951954665,0.04194626307,-0.00311772755,-0.02241265358
172600000,0.02573992529,0.03510068755,-0.01287986061,-0.01879288736
172700000,0.03952934036,0.02065300976,-0.02002346612,-0.0111819584
172800000,0.04547042365,0.001625344415,-0.02304376362,-0.001164814519
172900000,0.04235826648,-0.01801048499,-0.02130097319,0.009171793934
173000000,0.03088377328,-0.03416453169,-0.01515107201,0.01767754902
173100000,0.01348852333,-0.04348649207,-0.005867885825,0.02258785787
173200000,-0.006148463851,-0.04407062357,0.004625941027,0.02289050128
173300000,-0.02388684012,-0.03585837569,0.01416201111,0.0185337854
173400000,-0.03600158739,-0.02065100431,0.02077876434,0.0104336845
173500000,-0.03997407756,-0.001726536138,0.02312925589,0.0002793284032
173600000,-0.03502753887,0.0168593488,0.02075942895,-0.009822024109
173700000,-0.02229072749,0.03113974756,0.01419925016,-0.01778619609
173800000,-0.004553600712,0.03808435794,0.004848003368,-0.02198733097
173900000,0.014332897,0.03624634401,-0.005322119007,-0.02159621468
174000000,0.03028394682,0.02606928483,-0.01418201615,-0.01675082838
174100000,0.03985719902,0.009788567793,-0.01989394831,-0.008523237988
174200000,0.04099034791,-0.009051292859,-0.02129767208,0.001310374526
174300000,0.03344180044,-0.02635960903,-0.01815278481,0.01064815209
174400000,0.01883996022,-0.03837874195,-0.01118575991,0.01750942487
174500000,0.00033081587,-0.04249037801,-0.001931503013,0.02045506759
174600000,-0.01809962417,-0.03777524755,0.007596902705,0.01889175206
174700000,-0.03248096207,-0.02520631741,0.01533970337,0.01319512105
174800000,-0.03970678125,-0.00743567369,0.01963082044,0.004625687493
174900000,-0.0381933959,0.0117760097,0.01955270013,-0.004944156734
175000000,-0.02820989202,0.0283616759,0.01512986518,-0.01343299268
175100000,-0.01181333037,0.03880828987,0.007320331677,-0.01899627521
175200000,0.007591732473,0.04089308123,-0.002192259837,-0.02041963067
175300000,0.02597183242,0.03414337439,-0.01136016732,-0.01737583203
175400000,0.0395083396,0.01992838348,-0.01820855824,-0.01049163491
175500000,0.04539093661,0.001168459739,-0.02125449999,-0.001211786476
175600000,0.04239848878,-0.01827501087,-0.01981930527,0.008509205063
175700000,0.03114960658,-0.03440221243,-0.0141692752,0.01662086443
175800000,0.01397236012,-0.04390500601,-0.005456884766,0.02140805719
175900000,-0.00558031704,-0.04485384088,0.004523331868,0.02184926702
176000000,-0.02347051547,-0.03709905009,0.01371146656,0.01782774219
176100000,-0.03601799309,-0.02230173277,0.02021190924,0.0101529241
176200000,-0.04067004754,-0.003585658105,0.02268642317,0.0003893256437
176300000,-0.03653651313,0.01511891201,0.02062955781,-0.009470251386
176400000,-0.02457581041,0.02990285461,0.01447028298,-0.01741861458
176500000,-0.007390954181,0.03770319591,0.005479821017,-0.02184928944
176600000,0.01132313554,0.03695074428,-0.004494481091,-0.02188716751
176700000,0.02756542218,0.0279020633,-0.0134137686,-0.01756665812
176800000,0.0378817498,0.01258352404,-0.01947103701,-0.009820747715
176900000,0.04010347658,-0.005642939936,-0.02146544557,-0.0002833151477
177000000,0.03381274377,-0.02280187966,-0.01904971628,0.009054318143
177100000,0.02043224456,-0.03516075309,-0.01279877882,0.01626116472
177200000,0.002917443459,-0.04003620358,-0.004084851931,0.01987130837
177300000,-0.01488409751,-0.03637436106,0.00521530699,0.01919038444
177400000,-0.02906750817,-0.02497739747,0.01311962105,0.01443870868
177500000,-0.03651674788,-0.00832631011,0.01796194599,0.006700163725
177600000,-0.03557660871,0.009960227109,0.01874560654,-0.002312791356
177700000,-0.02640478649,0.02591038128,0.0153534228,-0.01062809712
177800000,-0.01093063702,0.03605407257,0.008568963521,-0.01643802842
177900000,0.007565394726,0.03816289099,-9.558286491e-05,-0.01848688986
178000000,0.02515601904,0.03171850972,-0.00872762522,-0.01633897184
178100000,0.03810128421,0.01801471717,-0.01542732774,-0.01046928515
178200000,0.04363551229,-0.0001225580695,-0.01871632748,-0.002158205615
178300000,0.04054372454,-0.01893333956,-0.01785405106,0.006786245655
178400000,0.02941078005,-0.034511931,-0.01299430583,0.01441767007
178500000,0.01249509538,-0.04362082208,-0.005149888603,0.01906784375
178600000,-0.006744159487,-0.04436220108,0.00402548257,0.01970141828
178700000,-0.02436701966,-0.03656941921,0.01258974376,0.01613402125
178800000,-0.03677033037,-0.02183869523,0.01872355736,0.00906908589
178900000,-0.04143382573,-0.003195467382,0.02111270696,-5.233844235e-05
179000000,-0.0374405416,0.0155349234,0.0192220307,-0.009355252026
179100000,-0.02566419478,0.03052165388,0.01340495914,-0.01692285698
179200000,-0.008584948146,0.0387235009,0.004827623046,-0.02119485896
179300000,0.01022851815,0.03852008259,-0.00477499116,-0.0212894717
179400000,0.02686409888,0.03004820911,-0.01345911253,-0.01718337232
179500000,0.03788489177,0.01517231428,-0.01947353601,-0.00971361828
179600000,0.04105135782,-0.00290731221,-0.02161951958,-0.0004021910148
179700000,0.03579484725,-0.02032973459,-0.01949546411,0.008859989904
179800000,0.02333971957,-0.0333926795,-0.01357640209,0.01620419246
179900000,0.006443586995,-0.0393432437,-0.005112160415,0.02016946195
180000000,-0.0111934357,-0.03696959858,0.004134763708,0.02000303664
180100000,-0.02572633385,-0.02686290652,0.01225748605,0.01581322102
180200000,-0.03399742598,-0.01128889169,0.01760277777,0.00854255904
180300000,-0.03422068648,0.006305456297,0.01911573449,-0.0002336501229
180400000,-0.02636704047,0.02204264998,0.0165584478,-0.008641803986
180500000,-0.01216607577,0.03245760023,0.01055599433,-0.01490730602
180600000,0.005274498965,0.03524738394,0.002459305223,-0.0177306434
180700000,0.02214571541,0.02976501467,-0.005946486846,-0.01656195359
180800000,0.03476084716,0.01715272802,-0.01282620383,-0.01171498585
180900000,0.04034658633,9.018604332e-05,-0.01668889327,-0.00429565524
181000000,0.03763305029,-0.01778395101,-0.01670724877,0.004039550854
181100000,0.02711950496,-0.03265020954,-0.01289325942,0.01144304574
181200000,0.01096320458,-0.04131923907,-0.006092434562,0.01627556882
181300000,-0.007481182445,-0.04190407937,0.002201484413,0.01745912236
181400000,-0.024371123,-0.03421376974,0.01017040773,0.01470750365
181500000,-0.03618342665,-0.01978852458,0.01606371209,0.008585616268
181600000,-0.04044934165,-0.001572718149,0.01857333569,0.0003862086301
181700000,-0.0362651377,0.01670250867,0.01711210062,-0.008147916778
181800000,-0.02447456786,0.03129601416,0.01193699656,-0.0151955117
181900000,-0.007488756746,0.03923092055,0.004092991278,-0.01924256013
182000000,0.01121634105,0.03890736181,-0.004808768451,-0.01940057118
182100000,0.02781990872,0.03042944467,-0.01292997319,-0.01559149808
182200000,0.03894581695,0.01558084197,-0.01858933085,-0.008562172369
182300000,0.0423605369,-0.002545762454,-0.02061161566,0.000272941203
182400000,0.03743627214,-0.02019057928,-0.01856969648,0.009126448294
182500000,0.02528240323,-0.03370965382,-0.01287055516,0.01620819273
182600000,0.008514715338,-0.04033778474,-0.004668765312,0.02009414189
182700000,-0.009293619948,-0.03877139771,0.004373728791,0.0200181888
182800000,-0.02436734952,-0.02944572697,0.01243146785,0.01602728693
182900000,-0.03353213562,-0.01444317172,0.01789195937,0.008968462907
183000000,-0.03489298768,0.00295174722,0.01968722005,0.0003106662523
183100000,-0.02824006561,0.01895784571,0.01751196336,-0.008161721239
183200000,-0.01509178919,0.0301116456,0.0118831451,-0.01472036527
183300000,0.001635639543,0.03401385267,0.004028175648,-0.01805234062
183400000,0.01826099081,0.02984537038,-0.004375328898,-0.01753228983
183500000,0.03113537247,0.01854078911,-0.01155413377,-0.01334997783
183600000,0.03743088512,0.002582385702,-0.01601386867,-0.006465828863
183700000,0.03574980442,-0.01453960959,-0.0168541201,0.00159673536
183800000,0.02642324545,-0.02908252684,-0.01395686893,0.009078465784
183900000,0.01143616921,-0.03785844153,-0.008007672104,0.01436133488
184000000,-0.006003160206,-0.03891862007,-0.0003447657893,0.01631467162
184100000,-0.02215427676,-0.03196851993,0.007331555892,0.01453591731
184200000,-0.0335455582,-0.01842618849,0.01332657058,0.009434193998
184300000,-0.03771249227,-0.001114919632,0.01631631917,0.002138979026
184400000,-0.03371639353,0.01634014074,0.01563160464,-0.005745816291
184500000,-0.02233644861,0.03027970431,0.01139999944,-0.01248862751
184600000,-0.005899261043,0.03777852332,0.004516199498,-0.01660267344
184700000,0.01221333811,0.03725369419,-0.003551644329,-0.01716397487
184800000,0.02827190477,0.02878926907,-0.01107682878,-0.01400743523
184900000,0.03897429874,0.01411374581,-0.01644205387,-0.007760367781
185000000,0.04212861722,-0.003761791256,-0.01848189386,0.0002920259963
185100000,0.03710513328,-0.02116899302,-0.01672776341,0.008479109408
185200000,0.02496532018,-0.03454261758,-0.01150491853,0.01509652461
185300000,0.008241050785,-0.0411601495,-0.003862701849,0.0187627878
185400000,-0.009591987372,-0.03970803122,0.004645817593,0.01870642085
185500000,-0.02483928544,-0.03055584863,0.01228770195,0.01492463062
185600000,-0.03436085226,-0.01567897033,0.01750961309,0.008181728945
185700000,-0.0362305918,0.001756791077,0.01925838107,-0.0001512473159
185800000,-0.03014146474,0.01806309482,0.01719676611,-0.008381691272
185900000,-0.01746883385,0.02980934809,0.01177040981,-0.01484597098
186000000,-0.0009767390061,0.03454983754,0.004112671416,-0.01825282463
186100000,0.01577179065,0.03134244862,-0.004192639156,-0.01794869213
186200000,0.02917557409,0.02094746615,-0.01144137467,-0.01405014982
186300000,0.03636519354,0.005662863712,-0.01616349933,-0.007415971328
186400000,0.03581711881,-0.01116988786,-0.01742809733,0.0005354965547
186500000,0.027679631,-0.02588453894,-0.01503513665,0.00812570485
186600000,0.01373937023,-0.03527927393,-0.009553550655,0.01376943809
186700000,-0.002965284149,-0.03730608672,-0.00219730239,0.01630816746
186800000,-0.01880080989,-0.03151076807,0.005434687404,0.0152526983
186900000,-0.03032253059,-0.01912802973,0.01169979029,0.01088346267
187000000,-0.03501544187,-0.002811991507,0.01526153761,0.004186929987
187100000,-0.03183153126,0.0139376318,0.0153734064,-0.003358372931
187200000,-0.02140920217,0.02752732032,0.01203581748,-0.01010039372
187300000,-0.005930984257,0.03503627584,0.005992861507,-0.01456823638
187400000,0.01134578697,0.03483409951,-0.001430170983,-0.01578683325
187500000,0.02678185002,0.02692084488,-0.008613063232,-0.01348424513
187600000,0.03712414234,0.01292150231,-0.01398883185,-0.008147632398
187700000,0.04018799828,-0.004260039247,-0.01637890386,-0.0009167415483
187800000,0.03531245376,-0.02105248929,-0.01524378321,0.006661302244
187900000,0.02349580618,-0.03396551528,-0.01079638665,0.01296264926
188000000,0.00718471146,-0.04031923463,-0.003955025677,0.01663189835
188100000,-0.01023865653,-0.03880341438,0.00385269797,0.01686854874
188200000,-0.02516447608,-0.02975004333,0.0109924276,0.01359473902
188300000,-0.03451046449,-0.0150622178,0.01596745289,0.00746996924
188400000,-0.03636630559,0.002186055296,0.01773237816,-0.0002490222099
188500000,-0.03039205565,0.01839541364,0.01591068249,-0.007972692188
188600000,-0.01788678623,0.03019657752,0.0108714822,-0.01411133917
188700000,-0.001513036406,0.03515701197,0.003650459139,-0.01740622909
188800000,0.0152650758,0.03229042699,-0.004267668733,-0.01719035588
188900000,0.02891224096,0.02226205265,-0.01125922496,-0.01352502891
189000000,0.03656763217,0.007246160728,-0.01589940091,-0.007184459476
189100000,0.03664899302,-0.009535062914,-0.01725755353,0.0005079194791
189200000,0.02918710626,-0.02449518065,-0.0150886935,0.007956968421
189300000,0.01581845068,-0.03444588698,-0.009881502979,0.01362919076
189400000,-0.0005642324298,-0.03727616758,-0.002753061836,0.01637231973
189500000,-0.01643045137,-0.03240242791,0.004787586848,0.01565436288
189600000,-0.02836772275,-0.02089185213,0.01115744117,0.01167206774
189700000,-0.03381194722,-0.005231571084,0.0150323135,0.005306065569
189800000,-0.0315946961,0.01120661022,0.01562431483,-0.002067832801
189900000,-0.02218973434,0.02488975785,0.01284551081,-0.008871326485
190000000,-0.007607106958,0.03287905996,0.007323196666,-0.01365834408
190100000,0.009040228403,0.03345471332,0.0002636833254,-0.01542082787
190200000,0.02420228997,0.02647817914,-0.006806292799,-0.01380071863
190300000,0.03464731774,0.01341704476,-0.01236535525,-0.009163266763
190400000,0.03814613896,-0.002970213029,-0.01522101406,-0.002516417509
190500000,0.03394197153,-0.0192209796,-0.01476210535,0.004706106445
190600000,0.02290793278,-0.03190203861,-0.01108669701,0.01095137443
190700000,0.007360198071,-0.03833513954,-0.004978789303,0.01487789411
190800000,-0.0094331155,-0.03716185748,0.002260518069,0.01563996225
190900000,-0.02394334087,-0.02862882792,0.009090799455,0.01306560868
191000000,-0.03312660775,-0.01453341713,0.01405953446,0.007691008949
191100000,-0.03506539001,0.002158163198,0.01610925581,0.0006449174421
191200000,-0.02937074264,0.01793876664,0.01479983534,-0.006591567287
191300000,-0.01726092422,0.02950076194,0.01039952494,-0.0124984812
191400000,-0.001301008093,0.03443236228,0.003826353572,-0.01583725941
191500000,0.01514036759,0.03172341374,-0.003546934761,-0.01591039008
191600000,0.0286019757,0.02197509255,-0.01018267802,-0.01270624824
191700000,0.03625913367,0.007270349116,-0.01470152477,-0.006899311562
191800000,0.03651811353,-0.009267251219,-0.01617115583,0.0002935899073
191900000,0.02935107473,-0.0241337321,-0.01430013886,0.007370222573
192000000,0.01630066708,-0.03418538962,-0.009496677976,0.0128587946
192100000,0.0001524963564,-0.03730378539,-0.002780443491,0.01562629085
192200000,-0.01565609788,-0.03284387524,0.004433543801,0.01511468628
192300000,-0.02776585629,-0.02176937201,0.01063325565,0.01145571568
192400000,-0.03360852305,-0.006445976074,0.01452737904,0.005440455774
192500000,-0.03195057593,0.009863350313,0.01531563313,-0.001649503457
192600000,-0.02315194987,0.02369272462,0.0128549802,-0.008313450821
192700000,-0.009085625019,0.03210860936,0.007687030883,-0.0131481494
192800000,0.007263150125,0.03332954872,0.0009212390402,-0.01514285953
192900000,0.02243132212,0.02709983049,-0.006001108256,-0.0138906913
193000000,0.03321101932,0.01473966249,-0.01161200683,-0.009671976531
193100000,0.03732641499,-0.001137074499,-0.01472639694,-0.003392476597
193200000,0.03391255793,-0.01717700463,-0.01469103495,0.003610055524
193300000,0.02369606063,-0.029996443,-0.01152029028,0.009849682842
193400000,0.008839818559,-0.0368964011,-0.005890649111,0.01400625318
193500000,-0.007515743727,-0.03643269907,0.00100435517,0.01520319368
193600000,-0.02191832107,-0.02872042624,0.007707624084,0.01319071141
193700000,-0.03133538967,-0.01540777808,0.01280650788,0.008396190087
193800000,-0.03379638638,0.0006754879174,0.01523022936,0.001831734593
193900000,-0.02880869002,0.01612014942,0.01447413103,-0.005121055915
194000000,-0.01745908174,0.02766171366,0.01070384885,-0.01100326132
194100000,-0.002179752148,0.03287243094,0.004717982331,-0.01458595592
194200000,0.01377055693,0.03067428438,-0.002222324669,-0.01512794048
194300000,0.02699950884,0.02156475237,-0.008660532028,-0.01252984551
194400000,0.03470116417,0.007508276961,-0.01325201498,-0.00735254221
194500000,0.03525069811,-0.008483058528,-0.0150467104,-0.0006964373726
194600000,0.02854807629,-0.02299071947,-0.01368764449,0.006032491046
194700000,0.0160377552,-0.03291694086,-0.009483750069,0.01142027867
194800000,0.0003999121615,-0.03614351976,-0.003341966829,0.0143432441
194900000,-0.01502132079,-0.03198171449,0.003426666979,0.01420398981
195000000,-0.02693056713,-0.02131705758,0.009385640319,0.01105545057
195100000,-0.03278225137,-0.006418370946,0.01327718954,0.00558706697
195200000,-0.031320022,0.009547276022,0.01428769152,-0.001023609555
195300000,-0.02284006999,0.02318872655,0.01221817538,-0.007362079002
195400000,-0.009124038456,0.03160928501,0.007524151692,-0.01207732139
195500000,0.006941700044,0.03301701845,0.001216775099,-0.01416770547
195600000,0.02197746965,0.02709903788,-0.005353210704,-0.01319189561
195700000,0.03282221675,0.01508320916,-0.01078253323,-0.009360424802
195800000,0.03719645606,-0.0005232603776,-0.01391241782,-0.003489096874
195900000,0.03417842916,-0.01646197926,-0.0140727577,0.003175268097
196000000,0.02439515423,-0.02940729549,-0.01122215212,0.009219302572
196100000,0.009889179773,-0.03666326926,-0.005954850737,0.01336152706
196200000,-0.00631105316,-0.0367282823,0.0006261105408,0.01472173178
196300000,-0.02082762427,-0.02960901679,0.007142145532,0.01300484511
196400000,-0.03064306993,-0.01681748087,0.01222915849,0.008561192661
196500000,-0.033734512,-0.001051141252,0.01482328084,0.002311226437
196600000,-0.02949807351,0.01437682439,0.01438252847,-0.004448768255
196700000,-0.01887370694,0.02623704467,0.01099838554,-0.01031874073
196800000,-0.004143876947,0.03206546443,0.00537455795,-0.0140875095
196900000,0.01155148553,0.03068278765,-0.001322064083,-0.01498478805
197000000,0.02488141195,0.02244194437,-0.007706612195,-0.01284017203
197100000,0.03303098745,0.009150882131,-0.01246609201,-0.008116231554
197200000,0.03429940633,-0.006313702256,-0.01463320907,-0.00180917373
197300000,0.02846159225,-0.02062067324,-0.01378695744,0.004761831201
197400000,0.01681528643,-0.03069678908,-0.01013811533,0.0102323357
197500000,0.001902070821,-0.03438495382,-0.004481885729,0.01347897218
197600000,-0.01303906643,-0.03090654593,0.001972219154,0.01385428978
197700000,-0.02476848208,-0.02102733951,0.007857317282,0.01132064715
197800000,-0.03074229784,-0.006890664169,0.01193861604,0.006454957904
197900000,-0.02965757632,0.008445732426,0.01337411323,0.0003233629093
198000000,-0.02172880243,0.02166781904,0.01189126273,-0.005747495228
198100000,-0.008637689174,0.02991522318,0.007842133339,-0.01045388241
198200000,0.006830164597,0.03139013643,0.002125474223,-0.01279265023
198300000,0.02138109627,0.02573625987,-0.004007457692,-0.01227398153
198400000,0.03191284547,0.01410992549,-0.009221590826,-0.009023951571
198500000,0.03616915151,-0.00106829015,-0.0123836548,-0.003755339143
198600000,0.03321269371,-0.01662620735,-0.01280367714,0.002386588098
198700000,0.0236191717,-0.029307587,-0.01038103374,0.008069852741
198800000,0.009354069821,-0.03645437833,-0.005624426587,0.012060262
198900000,-0.006640457525,-0.03656156956,0.0004577203995,0.01348387201
199000000,-0.02106131933,-0.02958970773,0.006572343325,0.01201185627
199100000,-0.030933916,-0.01697086452,0.01141602687,0.007929183087
199200000,-0.0342314357,-0.001307727394,0.01395016061,0.002073461541
199300000,-0.03029521933,0.01417066802,0.01361904741,-0.004342185092
199400000,-0.01996918021,0.0262826454,0.01046564152,-0.009984162497
199500000,-0.0054209177,0.03255662184,0.005121485374,-0.01367742144
199600000,0.01031288031,0.03174512684,-0.001326128872,-0.01465006809
199700000,0.0239622556,0.02408328503,-0.007561277467,-0.01269290829
199800000,0.03270905668,0.01123755695,-0.01231303461,-0.008201339131
199900000,0.03477858216,-0.004045740068,-0.01461860848,-0.002091574951
200000000,0.02981331439,-0.01852029123,-0.0140215205,0.004390814587
200100000,0.01894829012,-0.02912763917,-0.01066404448,0.009929954994
200200000,0.00456937263,-0.03364806455,-0.005255089323,0.01341240487
200300000,-0.01019697086,-0.03117496354,0.001079520801,0.01415696271
200400000,-0.02215498815,-0.02230891355,0.007033073902,0.01205383985
200500000,-0.0287278479,-0.009027159771,0.01139106493,0.007584266588
200600000,-0.02851302728,0.00574491553,0.01328428755,0.00171644113
200700000,-0.02158332003,0.01876772617,0.01236884965,-0.004300420758
200800000,-0.009467789758,0.02718849557,0.008895174361,-0.009200684297
200900000,0.005182271368,0.02915649546,0.003651303089,-0.01196971936
201000000,0.01916822125,0.0242194473,-0.00220760486,-0.01205746623
201100000,0.02943387116,0.01341700963,-0.007407396436,-0.009492674851
201200000,0.03372096548,-0.0009462288781,-0.01082775668,-0.004873405216
201300000,0.03105039772,-0.01579683468,-0.01174137063,0.0007641518901
201400000,0.02192820542,-0.02794958087,-0.009968171848,0.006170294075
201500000,0.008235049776,-0.03478455247,-0.005911714372,0.01015147266
201600000,-0.007174678102,-0.03480081845,-0.0004701788928,0.01182694655
201700000,-0.02107699398,-0.0279308699,0.005158400258,0.01081734313
201800000,-0.03055674949,-0.01555174649,0.009734384908,0.00732498497
201900000,-0.03361733977,-0.000193283767,0.01224256914,0.002089394127
202000000,-0.0295949154,0.01499268,0.012109093,-0.003771687447
202100000,-0.01929279521,0.02688940535,0.009323380566,-0.009001036948
202200000,-0.004810857749,0.03306142352,0.004439979314,-0.01246911595
202300000,0.01089235411,0.0322566958,-0.001539061813,-0.0134129148
202400000,0.02461309358,0.02466264695,-0.007375446741,-0.01159641841
202500000,0.03356500685,0.01186473348,-0.01185437371,-0.00735973178
202600000,0.03595512739,-0.003483509458,-0.01403807468,-0.001547576822
202700000,0.03135494704,-0.01821173227,-0.0134604328,0.004666942305
202800000,0.02078909112,-0.02929281704,-0.01022276613,0.01002591982
202900000,0.006521036771,-0.03447562128,-0.004971666258,0.01344669576
203000000,-0.008422273717,-0.0327578514,0.001235790245,0.01424456899
203100000,-0.02088951906,-0.02459760329,0.007151059888,0.01227244105
203200000,-0.02827370251,-0.01181570076,0.01159186535,0.007948954493
203300000,-0.02906754837,0.002793432631,0.0136853559,0.002169676779
203400000,-0.0231849382,0.01606110477,0.01304649904,-0.003880076578
203500000,-0.01197723829,0.02512568575,0.009854846585,-0.008971923193
203600000,0.002060490299,0.02804857782,0.004813758059,-0.01208937403
203700000,0.01583049398,0.02423091636,-0.0009994907132,-0.01263795905
203800000,0.0263033543,0.01454031322,-0.006361489381,-0.01056651336
203900000,0.03117338616,0.001120226128,-0.01016063819,-0.00637400415
204000000,0.02935630476,-0.0130762599,-0.01163088229,-0.001000254679
204100000,0.02122169047,-0.02492656191,-0.01051165654,0.004376478168
204200000,0.008510792164,-0.03181345197,-0.007099891372,0.008592131842
204300000,-0.006041154404,-0.03218848841,-0.002182859247,0.0107457548
204400000,-0.01929479082,-0.02590297229,0.003133788519,0.01039136304
204500000,-0.0283799908,-0.01423686284,0.007665796276,0.007631540056
204600000,-0.03130737448,0.0003777234589,0.01040618234,0.00309277452
204700000,-0.02738807988,0.01487594642,0.01074205534,-0.002211856163
204800000,-0.01737519012,0.02620927652,0.008585799428,-0.007102667998
204900000,-0.00330091186,0.0319856555,0.004392795786,-0.01048828019
205000000,0.01195215154,0.03096719247,-0.0009374712511,-0.01160048223
205100000,0.02525315263,0.02332419197,-0.006254941971,-0.01015886191
205200000,0.03387253561,0.01059617034,-0.01040508481,-0.006430565031
205300000,0.03604547193,-0.004629317326,-0.0124747729,-0.001173343158
205400000,0.03133469831,-0.0192525634,-0.01198584022,0.004525014519
205500000,0.02071934554,-0.03030216669,-0.008995967711,0.009476052152
205600000,0.006391611903,-0.03554899782,-0.004086567914,0.01264002667
205700000,-0.008697742346,-0.03396744379,0.001758776985,0.01334298169
205800000,-0.02145242763,-0.02594788054,0.007359064483,0.01141660254
205900000,-0.02927578797,-0.01321460739,0.011580659,0.00723246713
206000000,-0.03061342469,0.001535716115,0.01357119395,0.001624388296
206100000,-0.02527844913,0.01520117003,0.01293439203,-0.004284401028
206200000,-0.0144891217,0.02492888734,0.009810104147,-0.009313086226
206300000,-0.0006089747334,0.02871841871,0.004843502053,-0.01246612409
206400000,0.01335715705,0.02584545747,-0.0009498588348,-0.01313703896
206500000,0.0244051036,0.01701441439,-0.00639503554,-0.01123120877
206600000,0.03017468236,0.004205586658,-0.01040104015,-0.007182358834
206700000,0.02945616127,-0.009752002098,-0.01218606989,-0.001859379091
206800000,0.02244986706,-0.02179148272,-0.01143776051,0.003617197631
206900000,0.01072148274,-0.02927138456,-0.008374924282,0.00811081874
207000000,-0.003138467795,-0.03054729774,-0.003697680362,0.01070728585
207100000,-0.01607742523,-0.02532711871,0.001563696842,0.01090565857
207200000,-0.02524304262,-0.01473227499,0.006269385051,0.008721210334
207300000,-0.02860004634,-0.001052301866,0.009413286773,0.004678435227
207400000,-0.02536758095,0.01275209428,0.0103370872,-0.0003045028564
207500000,-0.01618367079,0.02368759448,0.00886926971,-0.005115176487
207600000,-0.002964311849,0.02936923795,0.005359291295,-0.008687318478
207700000,0.01150875252,0.02852661533,0.0005997169281,-0.01023050939
207800000,0.02418033163,0.02126970848,-0.004346657891,-0.009399715355
207900000,0.03236696058,0.00906174896,-0.008377152646,-0.006368384586
208000000,0.03431940686,-0.005591401629,-0.01058720411,-0.001789808343
208100000,0.02958657328,-0.01966754506,-0.01046486101,0.003344343508
208200000,0.01910735393,-0.03025915773,-0.008000367383,0.007917341004
208300000,0.005013419497,-0.0351780541,-0.003688028632,0.01092647336
208400000,-0.009814919191,-0.03340902059,0.001579197134,0.01169678471
208500000,-0.02234725543,-0.0253191859,0.00669914051,0.0100243461
208600000,-0.03003196459,-0.01258022845,0.01059316676,0.006219405666
208700000,-0.03132509385,0.002180270614,0.01243290271,0.00104120347
208800000,-0.02600950728,0.01592599396,0.01181350565,-0.004460976274
208900000,-0.01523784275,0.02584400731,0.008837756065,-0.009166584243
209000000,-0.001289999541,0.02993044211,0.004094170361,-0.01211646156
209100000,0.01290492015,0.02740764764,-0.00146558446,-0.01271102947
209200000,0.0243831967,0.01888522318,-0.006723980875,-0.010833219
209300000,0.03076960428,0.006230076555,-0.01062845943,-0.006871144035
209400000,0.03077818202,-0.007828918044,-0.01240798144,-0.001636281502
209500000,0.02448402271,-0.02028009795,-0.01173062993,0.003805576936
209600000,0.01330645635,-0.02847047112,-0.008769829419,0.008355428033
209700000,-0.0002952309378,-0.0306727972,-0.004165627916,0.01110833715
209800000,-0.0133503647,-0.02645563301,0.001110821453,0.01153971047
209900000,-0.0230168579,-0.01677491883,0.005961336259,0.009611792106
210000000,-0.02719405328,-0.003765879782,0.009390722087,0.005778125147
210100000,-0.02497491431,0.009720093572,0.01071452242,0.0008849884257
210200000,-0.01683919343,0.02073256237,0.009700767595,-0.004009518907
210300000,-0.004546484523,0.02685849873,0.006615738714,-0.007860583912
210400000,0.009245918536,0.02674015292,0.002164002597,-0.009858278045
210500000,0.02155588235,0.02036364897,-0.002664537487,-0.009598517775
210600000,0.02971554213,0.009058486843,-0.006807914174,-0.007166947242
210700000,0.03193979178,-0.004789260534,-0.009360036855,-0.003117904519
210800000,0.02770417053,-0.0182466055,-0.009764468245,0.001646836674
210900000,0.01785387115,-0.02845654966,-0.007932593387,0.006073302325
211000000,0.004422927164,-0.03324206815,-0.00426110452,0.009182424386
211100000,-0.009796419631,-0.03156422517,0.000454521692,0.01028021824
211200000,-0.02184215835,-0.02373906122,0.00519151763,0.009106127874
211300000,-0.02920435805,-0.01136913253,0.008919163375,0.005888191666
211400000,-0.03034992964,0.002994337606,0.01081890965,0.001293851875
211500000,-0.02504108842,0.01638651193,0.01045847767,-0.003712429394
211600000,-0.01438220302,0.02604844492,0.007883356206,-0.008073904595
211700000,-0.0005866883844,0.03000164218,0.003606963044,-0.01086490946
211800000,0.01348640824,0.02745854302,-0.001497715023,-0.01148568148
211900000,0.02492931491,0.01898432914,-0.006381540647,-0.009787927751
212000000,0.03139203491,0.006376877335,-0.01003877967,-0.006105335084
212100000,0.03157260944,-0.007710410702,-0.01171670487,-0.001183277118
212200000,0.02548882465,-0.02032513241,-0.01107163507,0.003977020042
212300000,0.01447357413,-0.02883630678,-0.0082392453,0.008326963268
212400000,0.0008931733674,-0.03148873224,-0.00380495756,0.01098814829
212500000,-0.01235372247,-0.02777365746,0.001319014981,0.01143376319
212600000,-0.02245154758,-0.01853571531,0.006084098119,0.009596290235
212700000,-0.02726677443,-0.005791700873,0.009523484192,0.005879337832
212800000,-0.02580184191,0.00770123763,0.01095250411,0.00107136616
212900000,-0.01840609965,0.01903585099,0.01010951574,-0.003820532052
213000000,-0.006698215352,0.02577665474,0.007207971194,-0.007781969954
213100000,0.006782985489,0.02647973433,0.002888863847,-0.01000343922
213200000,0.01912368531,0.02099922555,-0.001916375744,-0.01004879763
213300000,0.02765890079,0.01051558044,-0.006183618611,-0.007944666647
213400000,0.03054143986,-0.00271937885,-0.009012657628,-0.00417195802
213500000,0.02713488909,-0.01586520795,-0.009816900656,0.0004385759097
213600000,0.01814754614,-0.02609978956,-0.008445989822,0.004884515628
213700000,0.005479607059,-0.03122088585,-0.005215437539,0.008205736675
213800000,-0.008182993433,-0.03011425795,-0.0008371758572,0.009688612952
213900000,-0.01994081982,-0.02298912398,0.003733950956,0.009017042092
214000000,-0.02729686326,-0.01133169952,0.007504814867,0.00633830578
214100000,-0.0286850186,0.002412058082,0.009656003741,0.002230045926
214200000,-0.02379942975,0.01535574913,0.00971603776,-0.002424214344
214300000,-0.01365621713,0.02478275818,0.007660914922,-0.00662411694
214400000,-0.0003763227314,0.02871812117,0.003918197437,-0.009465597736
214500000,0.01326306962,0.02634212479,-0.0007247325157,-0.01033274635
214600000,0.02441321364,0.01815997546,-0.005288289255,-0.009027862299
214700000,0.03075179033,0.00589328581,-0.008808296136,-0.005812543936
214800000,0.03096941517,-0.007883065958,-0.0105395339,-0.001351636333
214900000,0.02504331116,-0.02028254648,-0.01011234662,0.003427602878
215000000,0.01424088332,-0.02871387816,-0.007609611359,0.007531020039
215100000,0.0008519790677,-0.03142611691,-0.003548324107,0.0101063966
215200000,-0.01229454477,-0.02787702573,0.001229850747,0.01062171015
215300000,-0.0224284645,-0.01884640321,0.005735691033,0.008975607736
215400000,-0.02742366901,-0.006269677365,0.009039791511,0.00551725587
215500000,-0.02624706173,0.007173372263,0.01046666481,0.0009717854957
215600000,-0.01917531538,0.01862741692,0.009734991173,-0.003712705092
215700000,-0.007733531821,0.0256668002,0.007014844281,-0.007564288384
215800000,0.005630660063,0.02680849964,0.002890174124,-0.009790635972
215900000,0.01806775404,0.02182423151,-0.001765311765,-0.00994409636
216000000,0.02693094817,0.01178616461,-0.005972599697,-0.008013909493
216100000,0.03033657702,-0.001162721302,-0.008853277598,-0.004426394102
216200000,0.02756205048,-0.01426452221,-0.009813580766,4.669477832e-05
216300000,0.01919741575,-0.02473186836,-0.008667923205,0.004452128402
216400000,0.007018652866,-0.03033899474,-0.005676066597,0.007856780037
216500000,-0.00639036957,-0.02989317358,-0.001486329398,0.00954423782
216600000,-0.01818697952,-0.02348646612,0.00300292011,0.009165008739
216700000,-0.02587301356,-0.01247440541,0.006834014034,0.006808760525
216800000,-0.02782395004,0.0008135039939,0.009192542657,0.002983601854
216900000,-0.02363149448,0.01356930523,0.009578906845,-0.00149290651
217000000,-0.01418743328,0.02310221716,0.007912747043,-0.005667674072
217100000,-0.001491984391,0.02740770777,0.004548449516,-0.008653961701
217200000,0.01177165913,0.02558977187,0.000198805749,-0.009818485366
217300000,0.02280587709,0.01804791246,-0.004216688218,-0.008914307536
217400000,0.02929003678,0.006390240272,-0.007766570458,-0.006131698832
217500000,0.02987026653,-0.006908395753,-0.009703934346,-0.002056584
217600000,0.02444457789,-0.01903102918,-0.009623289169,0.002454281101
217700000,0.01418314679,-0.02741538175,-0.007544862131,0.006454749059
217800000,0.001279110621,-0.03029677577,-0.003908872101,0.00910887708
217900000,-0.01151777614,-0.02708191246,0.0005186640733,0.009866560073
218000000,-0.02148582053,-0.01847369253,0.004808414045,0.008578295445
218100000,-0.02650986008,-0.006320163113,0.00806402327,0.00552512773
218200000,-0.0255299836,0.006780171592,0.009610744357,0.001357764048
218300000,-0.01876483033,0.0180320505,0.009136678062,-0.003041999809
218400000,-0.007662447944,0.02503759261,0.006757007979,-0.006748074462
218500000,0.005409738666,0.02630422396,0.002987930358,-0.008985545002
218600000,0.01766876848,0.02155899121,-0.001363934155,-0.009293544614
218700000,0.02650615856,0.01180375133,-0.005373037224,-0.007621259173
218800000,0.03003913425,-0.0008991015352,-0.008190900983,-0.004337005433
218900000,0.02750714995,-0.01386403464,-0.009225139089,-0.0001487505224
219000000,0.01943084736,-0.02435006047,-0.008263738693,0.004046835566
219100000,0.007500686203,-0.03013892999,-0.005518540468,0.007354650583
219200000,-0.005780734731,-0.03000213072,-0.00157903231,0.009070413701
219300000,-0.0176268905,-0.0239585209,0.002713434577,0.008828938967
219400000,-0.02555442771,-0.01326865852,0.006444129473,0.006680298601
219500000,-0.02790522001,-0.0001675666644,0.008818248628,0.00307811941
219600000,-0.02419349559,0.01260705845,0.009328233184,-0.001217128205
219700000,-0.01520547242,0.02239121787,0.007859983872,-0.005299090874
219800000,-0.002831382844,0.0271540287,0.004715916181,-0.008306578109
219900000,0.01033398831,0.02592284317,0.0005504079179,-0.009604401794
220000000,0.02153792561,0.01898534816,-0.003768390917,-0.008916094748
220100000,0.02844887411,0.007826692857,-0.007341056609,-0.006380901708
220200000,0.02964669696,-0.005185135953,-0.009425253343,-0.002523450162
220300000,0.02492110024,-0.01730003302,-0.009590489875,0.001857159931
220400000,0.01531483635,-0.0259677468,-0.007807023411,0.005855293661
220500000,0.002901478422,-0.02937842908,-0.004450568817,0.008648378385
220600000,-0.00965633322,-0.02684674775,-0.0002221373297,0.009668404484
220700000,-0.01967497354,-0.01895681815,0.003999927893,0.00871948733
220800000,-0.02502303675,-0.00743587629,0.007344515047,0.006017026746
220900000,-0.02457645756,0.005216966823,0.009130102328,0.002140467544
221000000,-0.01845738742,0.0162672894,0.009006628524,-0.002090207043
221100000,-0.008005466495,0.02333161639,0.007027133521,-0.005788108329
221200000,0.004511768043,0.02488714709,0.003634222763,-0.008186526983
221300000,0.01638625869,0.02059579723,-0.0004356243364,-0.008799968325
221400000,0.02504935794,0.01137401165,-0.004309519758,-0.007525146534
221500000,0.02862003401,-0.00080528146,-0.007163943052,-0.004660666251
221600000,0.02630477067,-0.01333501423,-0.008399366476,-0.0008413819567
221700000,0.01856492581,-0.0235297235,-0.007766661484,0.00309843235
221800000,0.007017177811,-0.02919611115,-0.005418525432,0.006303827838
221900000,-0.00591054565,-0.02909741691,-0.001875194969,0.008081679291
222000000,-0.01749358797,-0.02321381759,0.002087978808,0.00804806772
222100000,-0.02528582909,-0.0127448988,0.005606872945,0.006209294042
222200000,-0.02763394236,0.0001447746347,0.007913232786,0.002959552061
222300000,-0.02402282532,0.01278173429,0.00849826755,-0.00100386946
222400000,-0.01518097148,0.02254422603,0.007220565792,-0.004829443478
222500000,-0.00292554355,0.02740947594,0.004335749318,-0.007692425547
222600000,0.01021877039,0.0263738197,0.0004420319896,-0.008969562587
222700000,0.02154669066,0.01965936096,-0.003646331993,-0.008370650757
222800000,0.02873540108,0.008665399915,-0.007070629058,-0.005999502756
222900000,0.03032727781,-0.004324671113,-0.009107984954,-0.002331950748
223000000,0.0260324703,-0.01662032445,-0.009322554062,0.001884002589
223100000,0.01678819685,-0.02568618291,-0.007656170219,0.005784551783
223200000,0.004561365651,-0.02967287689,-0.004439895651,0.008570035961
223300000,-0.008065651617,-0.02780510025,-0.0003244886041,0.009670868901
223400000,-0.01844029584,-0.02054411242,0.003855347651,0.008865015034
223500000,-0.02440148776,-0.009488633089,0.007254429227,0.006322818981
223600000,-0.02473809219,0.00296650323,0.009192085237,0.002570164622
223700000,-0.01944544942,0.01414226834,0.009292312248,-0.001622101158
223800000,-0.009723973044,0.02164879035,0.007560040488,-0.005399270586
223900000,0.002280710871,0.02389697015,0.004377776987,-0.008000730695
224000000,0.01394061883,0.0204380482,0.00042347402,-0.008917605248
224100000,0.02271170607,0.01205779459,-0.003473083875,-0.007997136712
224200000,0.0266815692,0.0006050003577,-0.006505183597,-0.005471972618
224300000,0.02498051868,-0.01140862003,-0.008058554968,-0.001908260178
224400000,0.01796756296,-0.02135061446,-0.007839471107,0.001916436536
224500000,0.007151608233,-0.02703492631,-0.005934490737,0.005179500638
224600000,-0.005134437218,-0.02719165364,-0.002789217023,0.007188546095
224700000,-0.01623550157,-0.02173860798,0.000889314782,0.007528292279
224800000,-0.02374325568,-0.01179731169,0.004285677903,0.006147726773
224900000,-0.02600958241,0.0005482154045,0.00665169527,0.003369034525
225000000,-0.02249538954,0.01269611057,0.00746702328,-0.0001834270669
225100000,-0.01388231972,0.02207818832,0.006550321282,-0.003718648586
225200000,-0.001926451796,0.02670064245,0.00409737126,-0.006449715432
225300000,0.01091227093,0.02556064512,0.0006383003749,-0.007763074987
225400000,0.02198508876,0.01885348163,-0.003076550579,-0.007350142381
225500000,0.02900576833,0.007929524017,-0.006237368438,-0.005273370036
225600000,0.03052427227,-0.004987901311,-0.008147727711,-0.001953111951
225700000,0.02622589517,-0.01726421988,-0.008372810687,0.001921421698
225800000,0.01699510626,-0.02639937273,-0.006831805659,0.005537776262
225900000,0.004731277221,-0.03054531962,-0.003815396917,0.008131351916
226000000,-0.008045968937,-0.02888856222,7.480323746e-05,0.009145883795
226100000,-0.01872071591,-0.02181812616,0.004051667577,0.008349796095
226200000,-0.02512563203,-0.01084317253,0.007306221813,0.005884459038
226300000,-0.02599406621,0.001723809232,0.009175289696,0.002234747164
226400000,-0.02122402083,0.01325302615,0.009278316069,-0.001871534305
226500000,-0.01189737912,0.02135118279,0.007595203842,-0.005614149379
226600000,-4.89996501e-05,0.02436637058,0.004469347549,-0.008249496255
226700000,0.0117666991,0.02173671368,0.0005355409907,-0.009263213755
226800000,0.02102054776,0.01410774625,-0.003412080356,-0.008474829335
226900000,0.02574912632,0.003192179749,-0.006584565476,-0.006072915765
227000000,0.02497509064,-0.008599336777,-0.008360959312,-0.002573607487
227100000,0.01891620031,-0.01867827566,-0.008415557982,0.001288789431
227200000,0.008936784277,-0.02483749732,-0.00678310869,0.004716222299
227300000,-0.002748926355,-0.02572855659,-0.003848347191,0.007014018512
227400000,-0.01355773441,-0.02115293834,-0.0002620912265,0.007735612511
227500000,-0.0210979683,-0.01210356619,0.003198408607,0.006774363102
227600000,-0.023687161,-0.000547934186,0.005795292634,0.004383035669
227700000,-0.02071438611,0.01099880911,0.006986850583,0.001116833672
227800000,-0.0127697253,0.02001674044,0.006541799757,-0.002287827271
227900000,-0.00151510955,0.02452176676,0.004586690084,-0.00507281268
228000000,0.0106728734,0.02348809158,0.001576379795,-0.006621781107
228100000,0.02120937401,0.01706410969,-0.001805910098,-0.00659259517
228200000,0.0278480278,0.006538766302,-0.004797278687,-0.004990260937
228300000,0.02915288848,-0.005931489946,-0.006720428577,-0.002164928472
228400000,0.02479799527,-0.01777554302,-0.007129970774,0.001264295353
228500000,0.01563407007,-0.02654450888,-0.005908460547,0.004543008745
228600000,0.003510385262,-0.03042094101,-0.003291890441,0.006943718618
228700000,-0.009109902709,-0.02859532485,0.0001803649706,0.007921788987
228800000,-0.01966061144,-0.02143272977,0.003780003562,0.007232002665
228900000,-0.02600370521,-0.01039586221,0.006743945749,0.004981310015
229000000,-0.02687100225,0.002259097467,0.008435360383,0.001607089861
229100000,-0.02212518605,0.01395075107,0.008477670534,-0.002213968607
229200000,-0.01278613416,0.02230791197,0.006833679472,-0.00570679129
229300000,-0.0008169106979,0.02566134473,0.003813695724,-0.00815891665
229400000,0.01128665859,0.02338969579,1.143537036e-05,-0.00906797108
229500000,0.02101813741,0.01604717125,-0.00381857378,-0.008245140442
229600000,0.02638593936,0.005245234713,-0.006916411159,-0.005853483615
229700000,0.02633194987,-0.00668847611,-0.008672753239,-0.002373493987
229800000,0.02095418547,-0.01720384937,-0.008753242767,0.001496681247
229900000,0.0114844788,-0.02407116496,-0.007165678353,0.004985545108
230000000,2.369078771e-05,-0.02585751686,-0.004256300457,0.007407144334
230100000,-0.01091070125,-0.02223363755,-0.0006360893993,0.00830163832
230200000,-0.01892810073,-0.01404336021,0.002947530774,0.007528407021
230300000,-0.02228163923,-0.003119217046,0.005766830482,0.005292367114
230400000,-0.02024549221,0.008116452242,0.007265129215,0.00209803832
230500000,-0.01327015333,0.0171779052,0.007171633522,-0.001358987178
230600000,-0.002882247271,0.02205480201,0.00555558807,-0.004340312172
230700000,0.008648152216,0.02164613137,0.002808304181,-0.006221387629
230800000,0.01879907213,0.0159959405,-0.000443094552,-0.006623301134
230900000,0.02533978777,0.006281667129,-0.003471792256,-0.005491643683
231000000,0.02680861738,-0.00544017866,-0.005608125361,-0.003105656888
231100000,0.02282403649,-0.01667442823,-0.006383514155,-1.580984975e-05
231200000,0.01416460741,-0.02501848185,-0.00563061114,0.003076639507
231300000,0.002602926743,-0.0286711638,-0.003518264908,0.0054720511
231400000,-0.009469260083,-0.02681215907,-0.0005140091253,0.00662389913
231500000,-0.0195442669,-0.01977341145,0.002717561242,0.006256805962
231600000,-0.02552356876,-0.008968285914,0.005458407471,0.00442594124
231700000,-0.02615500621,0.003404793324,0.007091669529,0.001505380089
231800000,-0.02129180086,0.01482083705,0.007234197275,-0.001891671744
231900000,-0.01192095846,0.02295267708,0.005818909691,-0.005043365929
232000000,4.333231503e-05,0.02615243634,0.003109842402,-0.007272389227
232100000,0.01215749992,0.02379105466,-0.0003528353844,-0.008089301383
232200000,0.02195505847,0.01638648864,-0.003865775975,-0.007295927246
232300000,0.02745739062,0.005494492657,-0.006709298548,-0.005027396177
232400000,0.02758359477,-0.006615759412,-0.008297221595,-0.001724453175
232500000,0.02237430912,-0.01743489064,-0.008298465068,0.001957752575
232600000,0.01298194863,-0.02473788794,-0.00670533942,0.005285089029
232700000,0.001427667794,-0.02705071028,-0.003834660157,0.007595778808
232800000,-0.009825749313,-0.02396019357,-0.0002617794798,0.008436270814
232900000,-0.01839611261,-0.01620016203,0.003298549036,0.007653626067
233000000,-0.02248849423,-0.005493510939,0.006139659353,0.005425476334
233100000,-0.02127750785,0.005817603942,0.007708224439,0.002221541643
233200000,-0.01508214523,0.01527498219,0.007717186565,-0.001295160614
233300000,-0.00529462655,0.0208328151,0.006202982629,-0.004406796287
233400000,0.005921824637,0.02129712646,0.00351523151,-0.00649000505
233500000,0.01610099034,0.0165811719,0.0002411088778,-0.00714481819
233600000,0.02300614208,0.007721818003,-0.002919690673,-0.006276210777
233700000,0.02511194179,-0.003346112334,-0.005303075467,-0.00411117527
233800000,0.02193204867,-0.01420817588,-0.006420485586,-0.001147762418
233900000,0.01412247381,-0.02249059437,-0.00606100151,0.001953057344
234000000,0.003339403052,-0.026370231,-0.00433398018,0.004509670175
234100000,-0.008116808659,-0.02496485473,-0.001643221335,0.005965865067
234200000,-0.01779399745,-0.01852076473,0.001401687671,0.006009448376
234300000,-0.02361078839,-0.008359021683,0.004117728606,0.004638111414
234400000,-0.02429788989,0.003406414663,0.005896029978,0.002158594498
234500000,-0.01966518088,0.01431688914,0.006332984639,-0.0008804429725
234600000,-0.01063984124,0.02208743526,0.005316879381,-0.003807198089
234700000,0.0009302723346,0.02508582436,0.003051692556,-0.0059714869
234800000,0.01266473865,0.02267260456,1.328610118e-05,-0.006884423414
234900000,0.02214788001,0.01533263943,-0.003152300364,-0.0063232506
235000000,0.02743152802,0.00457237422,-0.005766485367,-0.004379220127
235100000,0.02743935359,-0.007394761029,-0.007262301062,-0.001438702819
235200000,0.02218955089,-0.01810925481,-0.007304544101,0.001898069323
235300000,0.01278993748,-0.02537735438,-0.005860741684,0.004943119057
235400000,0.001206147096,-0.02772780333,-0.003208318411,0.007064925271
235500000,-0.01014954217,-0.02471824413,0.0001231615796,0.007820392181
235600000,-0.01892352636,-0.01702660329,0.003462242747,0.007047081229
235700000,-0.02331465131,-0.006307278035,0.006135054674,0.004896689887
235800000,-0.02245226879,0.005158613563,0.007604849834,0.001803100488
235900000,-0.01657811007,0.01494575067,0.007582603669,-0.001608066371
236000000,-0.006992731022,0.02099798381,0.00608582541,-0.004649373835
236100000,0.004222718812,0.02206353787,0.003433553564,-0.006713846257
236200000,0.01465065808,0.01795926115,0.0001787766358,-0.007400005727
236300000,0.02205281356,0.009607332029,-0.003007495935,-0.006593712925
236400000,0.0248476341,-0.001163742561,-0.005476253236,-0.004489870568
236500000,0.0224473497,-0.01201165768,-0.006735325236,-0.001549586351
236600000,0.01538237853,-0.0205826368,-0.006550857799,0.001598125252
236700000,0.005186193569,-0.02501599964,-0.004994204083,0.004289398223
236800000,-0.005934756513,-0.0243426382,-0.002424467742,0.005965301906
236900000,-0.01557503912,-0.01869177519,0.0005895133811,0.006288889725
237000000,-0.02164597599,-0.009261835154,0.003391150875,0.005214822536
237100000,-0.02282215213,0.001937600165,0.005376138191,0.002996918188
237200000,-0.01882321915,0.01251634721,0.006120778451,0.0001321643243
237300000,-0.01047170913,0.02021356021,0.005471361984,-0.002746745085
237400000,0.0004838565141,0.02337785257,0.003575684109,-0.005007332795
237500000,0.01174121758,0.02131601368,0.0008501755129,-0.006152679761
237600000,0.02093186441,0.0144377452,-0.002110122668,-0.005927350772
237700000,0.02612043585,0.004167494147,-0.004659337645,-0.004371452447
237800000,0.02621130553,-0.007356664619,-0.006238931879,-0.00181153187
237900000,0.02117779241,-0.01773306927,-0.006496821,0.0012094645
238000000,0.01206670856,-0.02480087532,-0.005362227475,0.004048004342
238100000,0.0007777457287,-0.02709325543,-0.003060610411,0.006096766801
238200000,-0.01033591924,-0.02414455432,-6.581133508e-05,0.006913355284
238300000,-0.01896201156,-0.01658698436,0.003000152977,0.006313767349
238400000,-0.02331466805,-0.00601648608,0.005498250836,0.004411086682
238500000,-0.02250887635,0.005344066789,0.00690678392,0.00159152593
238600000,-0.01674495386,0.01511334738,0.00693067624,-0.001566839796
238700000,-0.007264253117,0.02125293422,0.005562892023,-0.004415328602
238800000,0.003914415698,0.0224958392,0.003085328967,-0.006370309772
238900000,0.01442193022,0.01861194102,9.258260584e-06,-0.007034807053
239000000,0.0220394584,0.0104544727,-0.00303198739,-0.006280668084
239100000,0.02516696886,-0.0002222146141,-0.005415459577,-0.004274267788
239200000,0.02316075865,-0.01113526502,-0.006658392929,-0.00144057095
239300000,0.01646850302,-0.01995774774,-0.006518219475,0.00162672604
239400000,0.006532901832,-0.024812439,-0.005041963,0.004290002964
239500000,-0.004515999029,-0.02467008854,-0.002554819001,0.006001232279
239600000,-0.01431459858,-0.01956723593,0.0004095128119,0.006416191043
239700000,-0.0207689434,-0.01059697744,0.003221961533,0.005465453217
239800000,-0.02249986418,0.0003252780021,0.005290793743,0.003367364835
239900000,-0.01913506987,0.01087069522,0.006185926455,0.0005804328551
240000000,-0.0113863093,0.01879282698,0.005728686175,-0.002294673868
240100000,-0.0008959957678,0.02240445792,0.004028189823,-0.004642702442
240200000,0.01011308672,0.02093430151,0.001456831492,-0.005963958425
240300000,0.01930987043,0.01468858788,-0.001429754177,-0.005979517246
240400000,0.02474860706,0.004984295022,-0.004011152372,-0.004689352153
240500000,0.025279826,-0.006131015365,-0.00573387273,-0.002371252869
240600000,0.02079231237,-0.01631311806,-0.006228398335,0.0004790211792
240700000,0.0122354309,-0.02341709561,-0.005386881438,0.003253475203
240800000,0.001417275839,-0.02595070244,-0.003385210854,0.005360965511
240900000,-0.009378675022,-0.02338935357,-0.0006450083745,0.006352258603
241000000,-0.01787729794,-0.01628605089,0.002256172172,0.006014655108
241100000,-0.02229340995,-0.006152927919,0.004707266005,0.004416319638
241200000,-0.02170899649,0.004860365918,0.006192764304,0.001891165901
241300000,-0.01626609057,0.01442295409,0.006401171043,-0.001032271417
241400000,-0.00713467589,0.02051662162,0.00529006364,-0.003742753655
241500000,0.003737071322,0.02186249143,0.003094216918,-0.005675293459
241600000,0.01403674543,0.01819030442,0.0002753000132,-0.006429911815
241700000,0.02157789756,0.01029376219,-0.002576036126,-0.005855220178
241800000,0.0247626934,-0.000139261777,-0.00486488294,-0.004079354213
241900000,0.02291937506,-0.01088536766,-0.006117245751,-0.001481934035
242000000,0.01644339071,-0.01965712244,-0.006079297274,0.001386835683
242100000,0.006712503987,-0.02458761526,-0.004769894624,0.00392270153
242200000,-0.004206023836,-0.02462548397,-0.002475453726,0.005594858202
242300000,-0.0139939801,-0.01975673473,0.0003115440171,0.006057499789
242400000,-0.02057327702,-0.01100647994,0.002997259931,0.00522196451
242500000,-0.02254525199,-0.000220627777,0.005012197255,0.003274395507
242600000,-0.01948517134,0.01032557275,0.005931311977,0.0006353810084
242700000,-0.01203010905,0.01840860378,0.00556322436,-0.002129710908
242800000,-0.0017425465,0.02232533507,0.003989828539,-0.004430616612
242900000,0.00922049102,0.02125057567,0.00154813101,-0.005776890443
243000000,0.01856231598,0.01540890848,-0.001241634936,-0.005881139423
243100000,0.02432958803,0.006025549863,-0.003786262592,-0.004719108957
243200000,0.02532222962,-0.004932778447,-0.005544819565,-0.002534135885
243300000,0.02134458117,-0.01517232729,-0.006142465464,0.0002147432348
243400000,0.0132452577,-0.02255522823,-0.005448944106,0.002949881575
243500000,0.002737184395,-0.02554950514,-0.003605396158,0.005096712498
243600000,-0.007964678141,-0.02355140241,-0.0009940736404,0.006204374857
243700000,-0.01661183109,-0.01701167848,0.001842450128,0.006039952507
243800000,-0.02139797849,-0.007338652538,0.00431541688,0.004636660188
243900000,-0.0213410023,0.003401870349,0.005913292174,0.002286051891
244000000,-0.01648976151,0.01292625634,0.00630853029,-0.0005238973013
244100000,-0.007911525191,0.01921874389,0.005425368161,-0.003211648272
244200000,0.002537311451,0.02095968544,0.003454569128,-0.005224172062
244300000,0.01260828049,0.01780508325,0.0008122058784,-0.006152559049
244400000,0.02014094309,0.01045794985,-0.001948678151,-0.005816909464
244500000,0.02352367449,0.000516435806,-0.004254815341,-0.004302761987
244600000,0.0220369268,-0.009868764381,-0.005633221611,-0.001941543364
244700000,0.01600581215,-0.01845456031,-0.005810071681,0.0007606795655
244800000,0.006729524811,-0.0233848697,-0.004767149834,0.003230971683
244900000,-0.003797148937,-0.02358681122,-0.002744072846,0.004950962027
245000000,-0.01331039856,-0.01899906551,-0.0001859666389,0.005566217771
245100000,-0.01976046522,-0.01058394016,0.002352169129,0.004960433436
245200000,-0.02174779387,-0.0001213093056,0.00432400792,0.003278809635
245300000,-0.01881945766,0.01017057211,0.005308129547,0.0008958139725
245400000,-0.01156367203,0.01810568684,0.00509726488,-0.001665653477
245500000,-0.001483824515,0.02199196628,0.003741683562,-0.003846355052
245600000,0.009319697487,0.02098680479,0.001537669702,-0.005170144941
245700000,0.0185915821,0.01527259715,-0.001036260121,-0.005345339616
245800000,0.02439425828,0.006016947288,-0.00342165034,-0.004326584619
245900000,0.02551250343,-0.004872782788,-0.005099058871,-0.002324264748
246000000,0.02170624385,-0.0151485426,-0.005698405107,0.0002403047646
246100000,0.01375956562,-0.02269089379,-0.005077421786,0.002824184614
246200000,0.003316108323,-0.02595092112,-0.003351803845,0.004877558217
246300000,-0.007464847934,-0.02427280869,-0.0008709360828,0.00595962764
246400000,-0.01636003111,-0.01802969909,0.001855434055,0.005831291988
246500000,-0.02154728826,-0.008544113577,0.004263958491,0.004505280059
246600000,-0.02198665506,0.002190830305,0.005855372869,0.002243445992
246700000,-0.01763708402,0.01193124924,0.006298456921,-0.0004979583455
246800000,-0.009462791539,0.01865524492,0.005498639161,-0.003163377097
246900000,0.0007726055017,0.02098890162,0.003617100256,-0.005213413761
247000000,0.01088114371,0.01849532013,0.001036600235,-0.006236532114
247100000,0.01871573291,0.01176506513,-0.001718649897,-0.00603375218
247200000,0.02262699436,0.002288201103,-0.004092221628,-0.004658800748
247300000,0.02181436718,-0.007865582792,-0.005610950095,-0.002405497006
247400000,0.01649604039,-0.01649111377,-0.005982553926,0.0002548357489
247500000,0.007860573364,-0.02172134608,-0.005155047369,0.002772717216
247600000,-0.002190126444,-0.0224285969,-0.003325604788,0.004635725052
247700000,-0.011451508,-0.0184665961,-0.0008971374571,0.00547536615
247800000,-0.01789208735,-0.01070079152,0.001608166271,0.005143143299
247900000,-0.02009111804,-0.0008204709939,0.003660009347,0.003739841604
248000000,-0.01754361388,0.009026074878,0.004832300851,0.001591942816
248100000,-0.01076749232,0.01669374969,0.00489280172,-0.0008197144784
248200000,-0.001191100105,0.02050014368,0.003851101576,-0.002963755305
248300000,0.009153008755,0.01958398148,0.001954812732,-0.004372375951
248400000,0.01806107016,0.01408714552,-0.0003650655219,-0.004741365689
248500000,0.02362500788,0.005123445304,-0.002587789273,-0.003994718092
248600000,0.02463461623,-0.005457270379,-0.004215373014,-0.002300136078
248700000,0.02083132687,-0.01545842384,-0.004879832595,-3.229214957e-05
248800000,0.01296174766,-0.02279697041,-0.004422271146,0.002308100535
248900000,0.002621158524,-0.02593831838,-0.00292704458,0.004201943628
249000000,-0.00807936333,-0.02421565612,-0.0007039284761,0.005223071016
249100000,-0.01695230467,-0.01796789081,0.00177767217,0.00512953719
249200000,-0.02218801622,-0.00846819806,0.003988274425,0.003915612718
249300000,-0.0227296484,0.002341430756,0.005450399155,0.001813692954
249400000,-0.01849108869,0.01225417922,0.00583948399,-0.0007540173444
249500000,-0.0103728802,0.01925692635,0.005052477368,-0.003263620519
249600000,-7.290766912e-05,0.02194809149,0.003229913799,-0.005198770399
249700000,0.01026893838,0.01982796498,0.0007271017354,-0.006158114232
249800000,0.01851847982,0.01340086507,-0.001959316355,-0.005938558052
249900000,0.02299423107,0.004067180092,-0.004293951469,-0.004577165364
250000000,0.02282000665,-0.00617309873,-0.005812985176,-0.002343184176
250100000,0.01810834553,-0.0151441048,-0.006219321864,0.00031793414
250200000,0.009934696447,-0.0209562765,-0.005442926795,0.002876742533
250300000,0.0001062516521,-0.02240880273,-0.003653973656,0.004829003852
250400000,-0.009226563313,-0.01924558573,-0.001226225422,0.005799200091
250500000,-0.01603323597,-0.01220852723,0.001341607719,0.005616870489
250600000,-0.01884102164,-0.002875501339,0.003530065543,0.004349964519
250700000,-0.01705227369,0.006682529443,0.004906896982,0.002288349647
250800000,-0.01107204223,0.01435087474,0.005216184989,-0.0001189727633
250900000,-0.00221837211,0.01842909257,0.004429962757,-0.002359673696
251000000,0.007564538229,0.01799810405,0.002751516468,-0.003966678934
251100000,0.01612723515,0.01311741939,0.0005697665161,-0.004616545444
251200000,0.02157833275,0.004811026447,-0.001625498195,-0.00419677864
251300000,0.0226904479,-0.005153470103,-0.003349407236,-0.002827826505
251400000,0.01916240432,-0.01464359395,-0.004226185929,-0.000835160376
251500000,0.0116830499,-0.02161668888,-0.004069436109,0.001322454945
251600000,0.001784784604,-0.02455349297,-0.002921381609,0.003153000413
251700000,-0.008480524786,-0.02277914668,-0.001042789793,0.004237994595
251800000,-0.01697355197,-0.0166049606,0.001144091297,0.00432309229
251900000,-0.02191592131,-0.007262657695,0.003147152888,0.003373116033
252000000,-0.02226115421,0.003353483558,0.004510821332,0.001579879741
252100000,-0.01791152245,0.01308136535,0.004914405012,-0.0006786519295
252200000,-0.009736987877,0.01993977059,0.004241448958,-0.00291891752
252300000,0.0006063403862,0.02253791744,0.002605493439,-0.00465468854
252400000,0.01101969198,0.02036168936,0.0003270072248,-0.005500438173
252500000,0.01939577238,0.01387816369,-0.002133369009,-0.005253316334
252600000,0.02405413158,0.004437310055,-0.00427098675,-0.003936601678
252700000,0.02408816934,-0.006008975359,-0.005642447368,-0.001795732392
252800000,0.0195519238,-0.01531299645,-0.005957924019,0.0007520034903
252900000,0.01144714188,-0.02157894645,-0.00514139711,0.003203408185
253000000,0.001512007405,-0.02355906934,-0.00334645716,0.005072931361
253100000,-0.008145670373,-0.02091471793,-0.00092460657,0.005992314989
253200000,-0.01549456606,-0.01428598953,0.001647181704,0.005785736011
253300000,-0.01901096768,-0.005153543106,0.003864520324,0.00450501552
253400000,-0.01800253556,0.004479386292,0.005298926593,0.002417760507
253500000,-0.01275438734,0.01251752868,0.005685022875,-4.89602756e-05
253600000,-0.004465121877,0.01722430876,0.004973605564,-0.002397616125
253700000,0.005014067854,0.01759533794,0.00333965477,-0.004163336021
253800000,0.01358103887,0.01357364776,0.001143720093,-0.005009658425
253900000,0.01933813515,0.006059974616,-0.001145158042,-0.004796932005
254000000,0.02100272187,-0.003283963636,-0.003048764027,-0.003609086642
254100000,0.01818403165,-0.01239622694,-0.004180324966,-0.001733221896
254200000,0.01146682999,-0.01926096454,-0.004325178904,0.0004035861817
254300000,0.002284564414,-0.02234356026,-0.003484431905,0.002326777608
254400000,-0.007389634861,-0.02092085289,-0.00187239541,0.003616359195
254500000,-0.01546655608,-0.01523604268,0.0001315400539,0.003996710202
254600000,-0.02018747525,-0.006446344617,0.002066176709,0.00339495686
254700000,-0.02049816837,0.003623683729,0.003488968782,0.001955490031
254800000,-0.01627162023,0.01286889168,0.004072044292,7.650400866e-06
254900000,-0.008333965565,0.01934724225,0.003673177447,-0.002006310426
255000000,0.001709677732,0.02168674828,0.002366566209,-0.003627367155
255100000,0.01181106146,0.01937114703,0.0004269804078,-0.004479229399
255200000,0.01990513385,0.01284623094,-0.001729115579,-0.004349895091
255300000,0.02433808456,0.003426349569,-0.003632682733,-0.003237910083
255400000,0.02420900172,-0.006978427061,-0.00486233673,-0.001353654763
255500000,0.01955526548,-0.01625769238,-0.005134352841,0.0009243858568
255600000,0.01134381539,-0.02253713445,-0.004363463608,0.003128885547
255700000,0.001269980316,-0.02456611208,-0.002681792821,0.004801587774
255800000,-0.008595010041,-0.02197612401,-0.0004121697357,0.005589216984
255900000,-0.01623523239,-0.01535600017,0.001998362855,0.00531734331
256000000,-0.02011042046,-0.006127242782,0.004070790767,0.004026914333
256100000,-0.01947729782,0.003755413019,0.005392827957,0.001966038457
256200000,-0.01454371199,0.01221612027,0.00570357895,-0.0004610757511
256300000,-0.006422120983,0.01749620082,0.004946697165,-0.002777274602
256400000,0.003108685795,0.01852574539,0.003281167646,-0.0045303866
256500000,0.01198380332,0.0151491479,0.001047635692,-0.005385620965
256600000,0.01829381211,0.008155805429,-0.001302607994,-0.005193339888
256700000,0.02069346541,-0.0008913710479,-0.003301164906,-0.004018239205
256800000,0.01868957962,-0.009993558056,-0.004559115659,-0.002123986107
256900000,0.01274573224,-0.0171475638,-0.004846553483,8.337860022e-05
257000000,0.004180688724,-0.02077836209,-0.004138508093,0.002141366827
257100000,-0.005117777719,-0.0200790048,-0.002617720682,0.003628242661
257200000,-0.01310168484,-0.01518422737,-0.0006337822224,0.004251048312
257300000,-0.01800545631,-0.007140360916,0.001372651583,0.003905915817
257400000,-0.01872639417,0.002321246508,0.002964451476,0.002697966073
257500000,-0.01506115933,0.01115731662,0.003801283324,0.0009166689337
257600000,-0.007748403913,0.01745092427,0.003711696687,-0.00102797233
257700000,0.001689909999,0.0198205934,0.002728703448,-0.002694678183
257800000,0.01127280995,0.01771340893,0.001081347865,-0.003706421629
257900000,0.0189799743,0.01152128016,-0.0008557807421,-0.003831747117
258000000,0.02317754928,0.002497610226,-0.002644122089,-0.003034501727
258100000,0.02296093627,-0.007506411857,-0.00387620482,-0.001481441304
258200000,0.01834371457,-0.01642953127,-0.004263780117,0.0004937463595
258300000,0.01025436558,-0.02243076798,-0.003700210841,0.002462121074
258400000,0.0003423705551,-0.02427281832,-0.002283915204,0.003991414349
258500000,-0.009365456317,-0.02157907916,-0.0002980533958,0.004738533204
258600000,-0.01688672797,-0.01491116588,0.001849023454,0.004523002196
258700000,-0.02069557893,-0.005650996289,0.003709770459,0.00336589149
258800000,-0.02003932749,0.004287949476,0.004891623313,0.001486184614
258900000,-0.01509370086,0.01286005063,0.005139507908,-0.000744447093
259000000,-0.006924137494,0.01831437716,0.004389443652,-0.002878787496
259100000,0.002738956791,0.01955978424,0.002782167674,-0.004486864587
259200000,0.01186427738,0.01639176975,0.000634115443,-0.00524496791
259300000,0.01854700349,0.009533203201,-0.001628023149,-0.005002385692
259400000,0.02140984367,0.0004797811707,-0.003555427206,-0.003812083389
259500000,0.01989304903,-0.008817953199,-0.004769566664,-0.001919091097
259600000,0.0143714801,-0.01636942796,-0.005039725375,0.0002908393492
259700000,0.006072994814,-0.02056794243,-0.004329580795,0.002371515323
259800000,-0.00318534981,-0.02053314277,-0.002803258904,0.0039087496
259900000,-0.01138746174,-0.0162982836,-0.0007897252111,0.004605699147
260000000,-0.01675118442,-0.008801501614,0.001286946319,0.004343326243
260100000,-0.01811078317,0.0003173395212,0.002996763484,0.003203417842
260200000,-0.01516640911,0.009070380072,0.003993731201,0.001449442314
260300000,-0.008546980484,0.01554950168,0.004087606077,-0.0005306231287
260400000,0.0003264048662,0.01833572773,0.003282428175,-0.002307351231
260500000,0.009546236928,0.01680248626,0.001773785646,-0.003501199406
260600000,0.01712714562,0.01124846992,-9.449038323e-05,-0.003862761742
260700000,0.02142950713,0.002832840436,-0.001904891144,-0.003324944271
260800000,0.02150802771,-0.006672214016,-0.003256106583,-0.002016060212
260900000,0.01731192951,-0.01525807303,-0.003849027568,-0.0002311860935
261000000,0.009695249517,-0.02110516111,-0.003550558314,0.001631972053
261100000,0.0002359950937,-0.02296733259,-0.002421712135,0.003158897734
261200000,-0.00909693165,-0.02043436593,-0.0007041342451,0.004007385143
261300000,-0.01635835161,-0.0140177926,0.001231912211,0.003980952535
261400000,-0.02003548384,-0.005042653057,0.002966863295,0.003070976824
261500000,-0.01936484249,0.00463139401,0.004121490828,0.00145871783
261600000,-0.01449117728,0.01300049197,0.004437780756,-0.0005230276651
261700000,-0.006435682514,0.01833634215,0.003833949162,-0.002460341771
261800000,0.003119282013,0.01954735697,0.002422071019,-0.003945639541
261900000,0.0121834825,0.01640586021,0.0004847617608,-0.004663630263
262000000,0.01887605537,0.009594101477,-0.001584002788,-0.004457688166
262100000,0.02181946067,0.0005596052439,-0.003361338933,-0.003362764823
262200000,0.02042771276,-0.008789955705,-0.004483786228,-0.001598075996
262300000,0.01502829949,-0.01648862991,-0.004722991702,0.0004787440425
262400000,0.006791751633,-0.02092653321,-0.004032964012,0.002446280222
262500000,-0.002516855026,-0.02118928634,-0.002559128906,0.003907059256
262600000,-0.01091241144,-0.01725043702,-0.0006074337838,0.004569986749
262700000,-0.01661110504,-0.009975572028,0.001419906042,0.004310302392
262800000,-0.01840893423,-0.0009368417285,0.003108485497,0.003194607858
262900000,-0.01593660806,0.007922746655,0.004117977322,0.001465853531
263000000,-0.009736417778,0.01470359257,0.004252540984,-0.0005084462734
263100000,-0.001144879943,0.01795381385,0.0035006836,-0.002313811145
263200000,0.007993418117,0.01697742005,0.002036314318,-0.003575858709
263300000,0.01571938211,0.01198099808,0.0001808932591,-0.004038530641
263400000,0.02037639473,0.004028219696,-0.001665245261,-0.003617065388
263500000,0.02096213074,-0.005187591449,-0.003107839557,-0.002414647501
263600000,0.01734077089,-0.01370409852,-0.003841957693,-0.0006993422671
263700000,0.01027096172,-0.01970703204,-0.003715997555,0.001153683889
263800000,0.001243964959,-0.02191518756,-0.002762971921,0.002742330074
263900000,-0.007833346519,-0.01985176439,-0.001192575768,0.003723081581
264000000,-0.01504313495,-0.01394469392,0.0006541453843,0.003883765477
264100000,-0.01886287702,-0.005435010021,0.002377791159,0.003188182464
264200000,-0.01848711391,0.003886859911,0.003605703807,0.001783267336
264300000,-0.01399672689,0.01206052797,0.00407109985,-3.259650187e-05
264400000,-0.006340394221,0.01737013793,0.003669504413,-0.001873250713
264500000,0.002867221821,0.01870621676,0.002480632549,-0.003346824116
264600000,0.01168737856,0.01579872432,0.0007512239793,-0.004138753975
264700000,0.01826680683,0.009272585862,-0.001157387957,-0.004078214252
264800000,0.02122855315,0.0005144308274,-0.002845761426,-0.003173984826
264900000,0.01996188259,-0.008621130481,-0.003960649581,-0.001612309794
265000000,0.01475025584,-0.01620372953,-0.004269313097,0.0002826574278
265100000,0.006710376681,-0.02063525612,-0.003708218347,0.002117343883
265200000,-0.002444924249,-0.0209874743,-0.00239596026,0.003511647791
265300000,-0.01076990426,-0.01719771245,-0.0006078215036,0.004178727022
265400000,-0.01649825874,-0.01008105284,0.001282538688,0.003984905923
265500000,-0.01841704566,-0.00115644139,0.002881880168,0.002977168032
265600000,-0.01612277911,0.007676179043,0.003860013708,0.00137256584
265700000,-0.01010551422,0.01453887898,0.004018872714,-0.0004880913817
265800000,-0.001643539372,0.01797319222,0.003333540109,-0.00221240435
265900000,0.007468400804,0.01724785262,0.001956694084,-0.003439130372
266000000,0.01529930427,0.0125120984,0.0001856629674,-0.003914057613
266100000,0.02018993193,0.00476276057,-0.001600846176,-0.0035430575
266200000,0.02110261028,-0.004367321519,-0.003022916965,-0.002411222981
266300000,0.01783935579,-0.01295454598,-0.003779547313,-0.0007641802731
266400000,0.01108268937,-0.01919054368,-0.003711849853,0.001044355937
266500000,0.002250786453,-0.02176337801,-0.002836075898,0.002627615513
266600000,-0.006802366252,-0.02013365163,-0.001339615356,0.003647506606
266700000,-0.01417847852,-0.01464733386,0.0004590494522,0.003885810149
266800000,-0.01833541221,-0.006461560737,0.002177869508,0.003289881581
266900000,-0.01841194721,0.002700792957,0.003451915628,0.00198333373
267000000,-0.01440826185,0.01091572429,0.004010195296,0.0002395846981
267100000,-0.007184138598,0.01646466476,0.003732454118,-0.001576023396
267200000,0.001724482503,0.01819700097,0.002674093084,-0.003083242953
267300000,0.01043160581,0.01577200605,0.001054085107,-0.003966812967
267400000,0.01710089657,0.009729184718,-0.000791429032,-0.004042423909
267500000,0.02033449621,0.00137224552,-0.002479985469,-0.003294948184
267600000,0.01946868042,-0.007508787315,-0.003663107227,-0.00188100842
267700000,0.01471363625,-0.01501857648,-0.004099171134,-9.547650526e-05
267800000,0.007107467877,-0.01955982611,-0.003703546691,0.001690924287
267900000,-0.001706073544,-0.02017316727,-0.002565549177,0.003109692293
268000000,-0.00982896722,-0.01674096223,-0.0009287598416,0.003871818625
268100000,-0.01551440471,-0.01001133134,0.0008610156694,0.003827995951
268200000,-0.01753958104,-0.00143725528,0.002429075845,0.002999141723
268300000,-0.01546600988,0.007134586242,0.003450905172,0.001570902596
268400000,-0.009731936448,0.01385830409,0.003720299867,-0.0001465772187
268500000,-0.001557716761,0.01728206218,0.003192182529,-0.001785006545
268600000,0.00731481721,0.0166563407,0.001991137519,-0.002996297423
268700000,0.01499277402,0.01209217959,0.0003839766457,-0.003526290709
268800000,0.01983336846,0.004536739594,-0.001277731158,-0.003268255963
268900000,0.02079099254,-0.0044276538,-0.002632882105,-0.002284895505
269000000,0.01763739844,-0.01291776818,-0.003387800414,-0.0007942961997
269100000,0.01100930569,-0.01914617634,-0.003378614475,0.0008770652835
269200000,0.002274121915,-0.02179692232,-0.002605872313,0.002364181743
269300000,-0.006757452458,-0.02030143525,-0.001234160209,0.003341350056
269400000,-0.01421124703,-0.01495714926,0.0004430659677,0.003591466818
269500000,-0.01854203844,-0.006864388857,0.002065865531,0.003052154911
269600000,-0.01885633099,0.002304808269,0.003284127109,0.001829061117
269700000,-0.0150980865,0.01065713125,0.00383165461,0.0001736447947
269800000,-0.008058842334,0.01647410895,0.003582424626,-0.001569724854
269900000,0.0007895697396,0.01857097122,0.002577252106,-0.003036115536
270000000,0.009604499146,0.01654327876,0.001015381378,-0.00391655491
270100000,0.01655935838,0.01084979609,-0.0007870966818,-0.004022671669
270200000,0.02022695989,0.002714161821,-0.002463167207,-0.003325970851
270300000,0.01987888388,-0.006134335476,-0.003671278287,-0.001963632166
270400000,0.01563763959,-0.01382680083,-0.004166200797,-0.0002097497199
270500000,0.008448906353,-0.0187506928,-0.003849596097,0.001581853892
270600000,-0.0001210692022,-0.01989182826,-0.002789819777,0.003051204148
270700000,-0.008220560049,-0.01704928917,-0.001206943781,0.003906733665
270800000,-0.01410878644,-0.01087667969,0.0005737516695,0.00398526057
270900000,-0.01652874935,-0.002740256534,0.002189990516,0.003284910397
271000000,-0.01497612529,0.005575944761,0.003318076975,0.001964190819
271100000,-0.00980614388,0.01225453707,0.003739979705,0.0003075290155
271200000,-0.002155499896,0.01583579339,0.003387874298,-0.001335382622
271300000,0.00630348971,0.01553097659,0.002356851743,-0.002623588553
271400000,0.01372305029,0.01139085316,0.0008832198313,-0.003296576536
271500000,0.01847666764,0.004293852382,-0.000706903773,-0.003228545372
271600000,0.01950728681,-0.004242706867,-0.002067721375,-0.00245379926
271700000,0.01655294474,-0.01238709717,-0.002907661334,-0.001157975516
271800000,0.01020249275,-0.01838356348,-0.003051331564,0.0003629139127
271900000,0.001770538248,-0.02092535938,-0.002476365361,0.001766793664
272000000,-0.006980870712,-0.0194315439,-0.001317388578,0.00273939375
272100000,-0.01421412228,-0.01416964219,0.0001636235115,0.003061877762
272200000,-0.01840256619,-0.006199278095,0.001634152455,0.00265781629
272300000,-0.0186504131,0.002850241916,0.00276288524,0.001609555748
272400000,-0.01487947185,0.01112075036,0.0032910518,0.0001406045919
272500000,-0.007844624067,0.0169125741,0.003088162382,-0.001432085878
272600000,0.00102413821,0.01903759249,0.002180356701,-0.002765689568
272700000,0.009919434034,0.01706498016,0.0007454575182,-0.003564516814
272800000,0.01703179324,0.01140924183,-0.0009240960326,-0.003643003141
272900000,0.0209247622,0.003242764085,-0.002482490663,-0.002965427262
273000000,0.02083226339,-0.005748883439,-0.003602979945,-0.00165409547
273100000,0.01681653806,-0.013718374,-0.004046286635,3.559987123e-05
273200000,0.009753457807,-0.01904205169,-0.003710675503,0.001767900731
273300000,0.001147518438,-0.02065906286,-0.002653321857,0.003196075002
273400000,-0.007185599483,-0.01829278442,-0.001078638818,0.004033969107
273500000,-0.01350273553,-0.01250711787,0.0007038842691,0.00411484385
273600000,-0.01650223361,-0.004584691603,0.002343466187,0.003425329668
273700000,-0.01559946204,0.003748088745,0.003520130254,0.002107550406
273800000,-0.01104942333,0.01069104749,0.004010128338,0.0004290910217
273900000,-0.003889510929,0.01475621471,0.003731138,-0.001272842825
274000000,0.004285781978,0.0150867208,0.002757912126,-0.002661379339
274100000,0.01166992386,0.01163972543,0.001305225531,-0.003469438337
274200000,0.01663479469,0.005193790066,-0.0003182115664,-0.003554201903
274300000,0.01808220727,-0.002820879085,-0.001775132791,-0.002925252739
274400000,0.0156806244,-0.01063249226,-0.002770602301,-0.001740564169
274500000,0.0099361676,-0.01651085506,-0.003113465801,-0.0002712946389
274600000,0.002083032689,-0.01914080278,-0.002755416569,0.001157070541
274700000,-0.006182420637,-0.01790545502,-0.0017994731,0.002234675047
274800000,-0.0130659742,-0.01301879542,-0.0004761711624,0.002733434208
274900000,-0.01705952733,-0.005480035883,0.0009073421029,0.002555276723
275000000,-0.01726254639,0.003139202744,0.002034339115,0.001752239326
275100000,-0.01357312691,0.01102823376,0.002647261382,0.0005142121679
275200000,-0.006709437992,0.01651953298,0.002603447043,-0.0008729233797
275300000,0.001941324309,0.01843897237,0.001905933992,-0.002089681912
275400000,0.0106132229,0.01635112198,0.0007028255205,-0.002852437853
275500000,0.01752946675,0.01064955205,-0.0007445309784,-0.002975063338
275600000,0.02127112132,0.002474674003,-0.002117633733,-0.002409589664
275700000,0.02107056603,-0.006522827986,-0.003109129033,-0.001257295417
275800000,0.01696960812,-0.01452356499,-0.003488750091,0.0002520274381
275900000,0.009810040404,-0.01991543605,-0.00315291816,0.001808113313
276000000,0.001058676076,-0.02162653511,-0.002147585733,0.003085313829
276100000,-0.007497192987,-0.01934613823,-0.0006596134422,0.003810970146
276200000,-0.01412112255,-0.01358766284,0.001021390965,0.003822710712
276300000,-0.01748858827,-0.005579915091,0.002562681833,0.003102738044
276400000,-0.0169622943,0.002991389386,0.003656930149,0.001782046625
276500000,-0.01272353484,0.01033828363,0.004085443735,0.0001138084005
276600000,-0.005731233035,0.0149471134,0.003762964894,-0.001578440968
276700000,0.002483509622,0.01589745221,0.00275484024,-0.002966996568
276800000,0.01014451415,0.01305537322,0.001263112607,-0.003786817365
276900000,0.01561013329,0.007099295746,-0.0004154772508,-0.003889176855
277000000,0.01772440469,-0.0006278897892,-0.001950790486,-0.003271079108
277100000,0.01606422838,-0.008409425187,-0.003047125761,-0.002074432659
277200000,0.01102889679,-0.01452595991,-0.003503489031,-0.000555259893
277300000,0.003752109495,-0.01762749759,-0.003253783717,0.0009705465606
277400000,-0.004144851218,-0.01702539213,-0.002378603742,0.002193517329
277500000,-0.01090532327,-0.01284092133,-0.001086259557,0.002875023822
277600000,-0.01501823671,-0.005978279587,0.0003328655844,0.002896285856
277700000,-0.01554507409,0.002071665117,0.00156890304,0.002281683678
277800000,-0.01232226142,0.009553549931,0.002358713118,0.001191529464
277900000,-0.0059961385,0.0148252868,0.002541639112,-0.0001140545327
278000000,0.00211563608,0.01670985924,0.002092950233,-0.001332343126
278100000,0.01030504776,0.01474628822,0.001127904241,-0.002183991026
278200000,0.01683604066,0.009287520807,-0.0001243330312,-0.002473619879
278300000,0.02031097958,0.001426121116,-0.001371203843,-0.002132027162
278400000,0.01996438316,-0.007235029795,-0.002320772401,-0.001231019372
278500000,0.01582325533,-0.01491785672,-0.002745440621,3.221632374e-05
278600000,0.008701657955,-0.02003959393,-0.002531695618,0.001377738504
278700000,3.163623179e-05,-0.02154163657,-0.001705281864,0.002503247103
278800000,-0.00843375002,-0.0191088516,-0.0004265055845,0.003149275324
278900000,-0.01498342643,-0.01323434294,0.00104322117,0.003155265845
279000000,-0.01830209278,-0.005116616201,0.002396387105,0.002494651176
279100000,-0.01774158645,0.003589360489,0.003344219125,0.001281587619
279200000,-0.01345363996,0.01111557183,0.003677643817,-0.0002519761392
279300000,-0.006356438639,0.01594766004,0.003311581328,-0.001803973083
279400000,0.002058288326,0.01713876583,0.002303361037,-0.003064568779
279500000,0.01003783369,0.01450504345,0.0008415103698,-0.003780131894
279600000,0.01593585534,0.00866164059,-0.0007926460655,-0.003805515616
279700000,0.01855774303,0.0008909219912,-0.002282514001,-0.003133846166
279800000,0.01741118974,-0.00713019629,-0.003340903469,-0.001897730288
279900000,0.01280838712,-0.01368694456,-0.003768447045,-0.0003417336691
280000000,0.005797165718,-0.01739207127,-0.003493706524,0.001228077421
280100000,-0.002065256194,-0.01748178016,-0.002586738208,0.002507013624
280200000,-0.00904815645,-0.01397820788,-0.001243402878,0.003253996275
280300000,-0.01362079534,-0.007682747271,0.0002562203578,0.003340241935
280400000,-0.01478271833,-1.147060578e-06,0.001606577068,0.002774325144
280500000,-0.01227915454,0.007361870979,0.002540227109,0.00169848005
280600000,-0.006654847411,0.01277211228,0.002882961415,0.0003570204985
280700000,0.0008649305625,0.01501927298,0.002588907545,-0.0009563883578
280800000,0.008639714463,0.01357783417,0.001748303074,-0.001961418181
280900000,0.01496753871,0.008719788532,0.0005663969094,-0.002450431924
281000000,0.01845049237,0.001455975733,-0.000681934304,-0.002331923237
281100000,0.018293922,-0.006680220079,-0.001712101499,-0.00164885543
281200000,0.01447607623,-0.01395962307,-0.002291406551,-0.0005680818225
281300000,0.007753150596,-0.0188243895,-0.002289150248,0.0006567794649
281400000,-0.0005001907041,-0.0202176469,-0.001704553489,0.001740962803
281500000,-0.008580131722,-0.01780646258,-0.0006665875505,0.002430670325
281600000,-0.01481127357,-0.01205198707,0.000594147109,0.002558341017
281700000,-0.01789714962,-0.00411300478,0.001795365676,0.002079252997
281800000,-0.01719050814,0.004396002972,0.00266409929,0.001081690591
281900000,-0.01282747973,0.01174109169,0.002995679846,-0.0002314034952
282000000,-0.005698403444,0.01642903845,0.002698145183,-0.001585282173
282100000,0.002737965519,0.01751666388,0.001812677754,-0.002691563461
282200000,0.01075789612,0.01480537272,0.0005058282293,-0.003309341043
282300000,0.01673073044,0.008880841282,-0.0009647389955,-0.00329632369
282400000,0.0194573447,0.0009896795283,-0.002303681579,-0.002639276496
282500000,0.01841874635,-0.007221536401,-0.003239324691,-0.00145744923
282600000,0.01388280163,-0.01405090845,-0.003580062646,2.163382489e-05
282700000,0.006846207019,-0.01809782798,-0.003254072069,0.001508880246
282800000,-0.001176924952,-0.01855670363,-0.002324130655,0.002713037397
282900000,-0.008476060118,-0.01538544659,-0.0009745490861,0.00340041859
283000000,-0.01350729192,-0.009312287962,0.0005269758471,0.003442554411
283100000,-0.01522126528,-0.001678690243,0.001884588249,0.002841929622
283200000,-0.01328568265,0.005848687257,0.002835065198,0.001730545171
283300000,-0.008154369642,0.01163554942,0.003201535591,0.0003417012603
283400000,-0.0009678262049,0.01443033452,0.002928986463,-0.001039036534
283500000,0.006693406383,0.01363205764,0.002094230676,-0.002133401278
283600000,0.01314942607,0.009418106757,0.0008883513497,-0.002728048662
283700000,0.01698234493,0.002704760979,-0.0004245992209,-0.002718191173
283800000,0.01734073656,-0.005050712061,-0.001563888753,-0.002128140542
283900000,0.01412202921,-0.01216350569,-0.002291478412,-0.001104525182
284000000,0.00799416098,-0.01708277158,-0.002461937341,0.0001162789255
284100000,0.0002524253422,-0.01872366512,-0.002052371416,0.001259509513
284200000,-0.007457271069,-0.01669912104,-0.001166094459,0.002071199716
284300000,-0.01348913709,-0.01140236966,-9.364027416e-06,0.002372564598
284400000,-0.01654721162,-0.003923367849,0.001153757741,0.002098025264
284500000,-0.01595984353,0.0041822085,0.002058705922,0.001308822535
284600000,-0.01182130742,0.01122165337,0.002497599162,0.0001794062497
284700000,-0.004971523032,0.01572168286,0.002364100783,-0.001040392803
284800000,0.003180849215,0.01673758276,0.001676423922,-0.002079245954
284900000,0.01095396976,0.01405059433,0.000573652262,-0.002702715962
285000000,0.01674471178,0.008212901761,-0.0007137467461,-0.002763700418
285100000,0.01936332642,0.0004314728845,-0.00191285792,-0.00223423089
285200000,0.01828126254,-0.007684612402,-0.002766253793,-0.001211943131
285300000,0.01374066723,-0.01446054508,-0.003086633321,0.000100066915
285400000,0.006702751872,-0.01850574989,-0.002796634061,0.001435658406
285500000,-0.001354357044,-0.01900433026,-0.001945477792,0.002521321357
285600000,-0.008746213577,-0.01588504057,-0.0006990264905,0.003133364816
285700000,-0.01393608199,-0.009834797211,0.0006945776037,0.003144615989
285800000,-0.0158579011,-0.002152513844,0.00195641282,0.002550887511
285900000,-0.01413989,0.005526196566,0.002834596595,0.001471747716
286000000,-0.009181297313,0.01157539006,0.003156328496,0.0001255198605
286100000,-0.002065859801,0.01472288008,0.002863320209,-0.001216185915
286200000,0.00566976311,0.01431902484,0.002023281472,-0.002284855023
286300000,0.01236343368,0.01047311817,0.0008151508318,-0.002870568454
286400000,0.01658127958,0.004028409058,-0.000508753599,-0.002865044088
286500000,0.01742252439,-0.003618915018,-0.001675676457,-0.002283277161
286600000,0.01471055589,-0.01081823957,-0.002449337805,-0.001259334964
286700000,0.009029566236,-0.01601693622,-0.002678887726,-1.728259294e-05
286800000,0.001599002645,-0.0180915406,-0.002329669035,0.001176570378
286900000,-0.00598729039,-0.01658705422,-0.001489396943,0.002070001823
287000000,-0.01210141138,-0.01181338791,-0.0003485503356,0.002477903122
287100000,-0.01542843777,-0.004778605738,0.0008407928676,0.002320837143
287200000,-0.01524610716,0.003026382201,0.001818903192,0.001641045281
287300000,-0.01157777896,0.009945318164,0.00237367605,0.0005926073599
287400000,-0.00518665513,0.01450836772,0.002385532325,-0.0005920628591
287500000,0.002586806687,0.0157433896,0.001852470045,-0.001652197086
287600000,0.01010916143,0.01338103215,0.0008900313947,-0.002354467605
287700000,0.01579938377,0.007910840664,-0.0002937134188,-0.00254274185
287800000,0.01846241424,0.0004771479352,-0.001442765913,-0.00217126468
287900000,0.01754071814,-0.007362835697,-0.002307851656,-0.00131429154
288000000,0.01323116085,-0.01396755087,-0.002699502578,-0.0001502156035
288100000,0.006442818318,-0.0179570241,-0.002528328886,0.001076357182
288200000,-0.001395284361,-0.01850338738,-0.001824000941,0.002106479206
288300000,-0.008635959421,-0.01550476981,-0.0007290011436,0.002721660114
288400000,-0.01376148362,-0.009605861615,0.0005314468351,0.002790006565
288500000,-0.01570361273,-0.002060811666,0.001696843604,0.002293995475
288600000,-0.01406831546,0.005532495585,0.002526208281,0.001334088514
288700000,-0.009217751881,0.01157046919,0.002848635938,0.0001075090614
288800000,-0.002192322873,0.01478254944,0.002598993687,-0.001133267537
288900000,0.005510479537,0.01449902136,0.001831299859,-0.002133512196
289000000,0.01225343535,0.01079142629,0.0007070509518,-0.00268955083
289100000,0.0166059728,0.004456132145,-0.0005389649436,-0.002691182958
289200000,0.01764637299,-0.003155227591,-0.001648109491,-0.00214433814
289300000,0.01515604237,-0.01042245136,-0.002392152575,-0.001169280501
289400000,0.009664910341,-0.01579992996,-0.002620933619,2.517558868e-05
289500000,0.002338453935,-0.01814368378,-0.002293435226,0.001185936469
289600000,-0.005269652956,-0.01695308502,-0.001485797432,0.002069016474
289700000,-0.01154678898,-0.01247613351,-0.0003746701308,0.002490784127
289800000,-0.01516268466,-0.005656118314,0.0008005058801,0.00236629589
289900000,-0.0153504277,0.002068795226,0.001788275999,0.001726697826
290000000,-0.01206777198,0.009070302456,0.002378270824,0.0007121080162
290100000,-0.006004911739,0.01387426614,0.002445437397,-0.0004584321726
290200000,0.001562488957,0.01547170463,0.001976118853,-0.001533525304
290300000,0.009043540312,0.01353091348,0.001070554904,-0.002282633389
290400000,0.01486833922,0.008466263323,-7.863735788e-05,-0.002544706316
290500000,0.01781917746,0.001349493486,-0.001227380968,-0.002261995484
290600000,0.01728698901,-0.006317581456,-0.002131764657,-0.001491984176
290700000,0.0133990386,-0.01292095467,-0.002599464147,-0.0003950021997
290800000,0.006990893394,-0.01707582615,-0.002530132092,0.0007997779291
290900000,-0.0005715069091,-0.01791935818,-0.001936294091,0.001842725088
291000000,-0.007682143493,-0.01529271194,-0.0009404243272,0.002516276945
291100000,-0.01283606681,-0.00977359533,0.0002510957749,0.002680540987
291200000,-0.01494888061,-0.002552274545,0.001391570451,0.002302399043
291300000,-0.01358651172,0.004822593877,0.002245895677,0.001462052084
291400000,-0.009056328025,0.01077409621,0.002639823817,0.000335711958
291500000,-0.002340331333,0.01403271941,0.002496226609,-0.0008418276075
291600000,0.005115076689,0.01390602447,0.001850769199,-0.00182678404
291700000,0.01170770177,0.01042508703,0.0008437703181,-0.002417649878
291800000,0.01602068898,0.004336877404,-0.0003099465015,-0.00249731571
291900000,0.01712365289,-0.003055406688,-0.001366769413,-0.002057201678
292000000,0.01477001652,-0.01016979312,-0.002105875205,-0.001198371247
292100000,0.009448972166,-0.01548165968,-0.002375751092,-0.0001094773298
292200000,0.002281399695,-0.01784715901,-0.002125847066,0.0009737126071
292300000,-0.005217829471,-0.01674546667,-0.00141671879,0.001818585088
292400000,-0.01146048821,-0.0123887831,-0.0004065924084,0.002245070572
292500000,-0.01512049916,-0.005677218445,0.0006827207787,0.002163703022
292600000,-0.01541338209,0.001991373796,0.001613270632,0.001594330858
292700000,-0.01226092988,0.009015944115,0.002181683973,0.0006615847932
292800000,-0.006306946853,0.01392874581,0.00226240378,-0.0004318589087
292900000,0.001218600044,0.01570295225,0.001834328807,-0.001448488475
293000000,0.008757917712,0.01396707819,0.0009852765158,-0.002166449797
293100000,0.01475174254,0.009081726891,-0.000106600599,-0.002426633237
293200000,0.01796537407,0.002063043767,-0.001210449118,-0.002166430029
293300000,0.0177463419,-0.005630859054,-0.002091406644,-0.001433087959
293400000,0.01415994366,-0.01240581185,-0.002560068506,-0.0003739219197
293500000,0.007974243411,-0.01686589076,-0.002512331032,0.000794487759
293600000,0.0004974434426,-0.01810606305,-0.001951281423,0.001831575753
293700000,-0.006698509408,-0.01590152827,-0.0009866063558,0.002523012163
293800000,-0.01211007266,-0.01075351301,0.0001882803604,0.002725332623
293900000,-0.01461984836,-0.003781410304,0.001336530044,0.002395663379
294000000,-0.01373239875,0.003516241421,0.002227088446,0.001600381883
294100000,-0.009677746826,0.00958134478,0.002682545071,0.0005009803878
294200000,-0.003360258865,0.01312835323,0.002615612274,-0.0006798293107
294300000,0.003836340292,0.01341796471,0.002046655363,-0.001704611904
294400000,0.01034620004,0.01041383274,0.001098682783,-0.002370534446
294500000,0.014757223,0.004788741689,-2.906480911e-05,-0.002551187412
294600000,0.01611365551,-0.002221040361,-0.001103304409,-0.002222167464
294700000,0.01412058149,-0.009081943697,-0.001905758504,-0.001465119529
294800000,0.009206580505,-0.01429265989,-0.002278718305,-0.0004494785813
294900000,0.002431307004,-0.01670635864,-0.002157536946,0.0006041477794
295000000,-0.004741905308,-0.01577651545,-0.001583247325,0.00147114715
295100000,-0.01075935001,-0.01167390467,-0.0006927183964,0.001970596706
295200000,-0.01430884549,-0.005250199671,0.0003114701213,0.002003370945
295300000,-0.01459930497,0.002143343931,0.001204954111,0.001572608457
295400000,-0.01152878653,0.00894272885,0.001789914283,0.000782254189
295500000,-0.005706119223,0.01370209344,0.0019374989,-0.0001859282541
295600000,0.001677428794,0.01539847288,0.00161531996,-0.001111895238
295700000,0.009098384901,0.01364659053,0.0008942131385,-0.001784924053
295800000,0.01501999376,0.008779370335,-6.710959782e-05,-0.00204910129
295900000,0.01821290967,0.001778246117,-0.001056173768,-0.001837014236
296000000,0.01801099965,-0.005931440645,-0.001852305069,-0.001184511695
296100000,0.01444945724,-0.01277695804,-0.002273926151,-0.000223453743
296200000,0.008256910679,-0.01736489951,-0.002217552773,0.0008459494087
296300000,0.0007033493716,-0.01877029835,-0.001680261702,0.00179730031
296400000,-0.006664543382,-0.01672809306,-0.0007609339835,0.00242574105
296500000,-0.01234567619,-0.01168699101,0.000359930086,0.00259118309
296600000,-0.01519729723,-0.004714242333,0.001457527803,0.002247977943
296700000,-0.01467272443,0.002729091145,0.002309341233,0.001454854974
296800000,-0.01093395733,0.009095540233,0.002741237202,0.0003631084281
296900000,-0.004815107829,0.01307682358,0.002663473405,-0.0008144379195
297000000,0.002356072548,0.0138789424,0.002089151493,-0.001847169879
297100000,0.009041215863,0.0113883648,0.001131341631,-0.002533994291
297200000,0.01381913516,0.006193649807,-2.044893509e-05,-0.002744386407
297300000,0.01568869971,-0.0005425802565,-0.001139501244,-0.002444674953
297400000,0.01428195387,-0.007334454762,-0.002008595848,-0.001704163503
297500000,0.009941473981,-0.01269305636,-0.002464468234,-0.0006798981161
297600000,0.00364492788,-0.01544730737,-0.002430761677,0.0004166559364
297700000,-0.003207218834,-0.01499630466,-0.001932652948,0.001363995503
297800000,-0.009095109659,-0.01143846689,-0.001090175262,0.001976685422
297900000,-0.01270833724,-0.005549563549,-9.173840312e-05,0.002143509689
298000000,-0.01322901667,0.001385361601,0.0008464888045,0.001849678283
298100000,-0.01050808413,0.007849365801,0.001526692968,0.001178478026
298200000,-0.005097364467,0.012419973,0.001811236758,0.0002921150542
298300000,0.00186855485,0.01407416858,0.001651323121,-0.0006040853214
298400000,0.008914288675,0.01240702864,0.001096457559,-0.001306421138
298500000,0.01453703017,0.007718224218,0.000282771971,-0.001656907576
298600000,0.01752449729,0.0009492166987,-0.0005972049678,-0.001577293364
298700000,0.01721053868,-0.006514432314,-0.001336784365,-0.001085753795
298800000,0.01361534687,-0.01313322322,-0.001760265558,-0.0002927458567
298900000,0.007441800729,-0.01753519721,-0.001761311738,0.0006230163906
299000000,-7.047773036e-05,-0.01880167344,-0.001326356333,0.001453260464
299100000,-0.007402381548,-0.01665808933,-0.0005380778379,0.002005211874
299200000,-0.01307013338,-0.01153072805,0.0004417461344,0.002143377502
299300000,-0.01593226111,-0.004457960356,0.001406306094,0.001819171385
299400000,-0.01542515617,0.003125317298,0.002147481726,0.001082125235
299500000,-0.01167849281,0.00968522505,0.002499949708,7.035440219e-05
299600000,-0.005486628543,0.01390669215,0.002376383319,-0.001017665499
299700000,0.001858140768,0.01496553723,0.001786373573,-0.001964043196
299800000,0.008835987534,0.01269818663,0.000835151388,-0.002576540764
299900000,0.01401749247,0.007633390542,-0.0002975723407,-0.002728357335
300000000,0.0163627632,0.0008788131746,-0.001394195157,-0.002384368076
300100000,0.0154387934,-0.006114331469,-0.002243604267,-0.001608413552
300200000,0.01150872433,-0.01185954822,-0.002684134421,-0.0005501889209
300300000,0.005473306847,-0.01515120799,-0.00263621994,0.0005854857162
300400000,-0.001323816127,-0.01532112217,-0.002118025857,0.001580594487
300500000,-0.007385971722,-0.01238014561,-0.001240891141,0.002248336359
300600000,-0.01138641463,-0.00701373667,-0.0001856122267,0.002470809412
300700000,-0.0124546147,-0.0004319335015,0.000835427802,0.002222180552
300800000,-0.01036372139,0.005893990292,0.001622342742,0.001572590138
300900000,-0.005578502931,0.01055104553,0.00202881499,0.0006720709925
301000000,0.0008464145114,0.01249081409,0.001991575796,-0.0002820525806
301100000,0.007495486178,0.01125621248,0.001542161951,-0.001087353869
301200000,0.01289833599,0.007080121035,0.0007985621425,-0.001579136684
301300000,0.0158466742,0.000835374461,-6.137520004e-05,-0.001664844148
301400000,0.01565402764,-0.006152215063,-0.0008390316191,-0.001342777604
301500000,0.01230321126,-0.01238694113,-0.001358213561,-0.0007012137071
301600000,0.006450966988,-0.01652151412,-0.001503200749,0.0001017991756
301700000,-0.0007102026676,-0.01764292332,-0.00124351935,0.0008735509863
301800000,-0.007702848645,-0.01546575614,-0.0006401783649,0.00142909035
301900000,-0.01307452888,-0.01039297164,0.0001679003119,0.001631815816
302000000,-0.01570157623,-0.003432294246,0.0009942753074,0.001423524033
302100000,-0.01502331708,0.004013379281,0.001645626064,0.0008374961465
302200000,-0.0111584484,0.01043718413,0.001963899597,-8.136755342e-06
302300000,-0.004880100524,0.01454025878,0.001860944006,-0.000935281864
302400000,0.002544579898,0.01549985948,0.001338256945,-0.001743677102
302500000,0.00961671058,0.01313842831,0.0004876799857,-0.002253525968
302600000,0.0149154812,0.007958969121,-0.0005270718495,-0.002343933104
302700000,0.017391523,0.00103952767,-0.00150411151,-0.001979037052
302800000,0.01658318024,-0.006191546827,-0.002245198826,-0.001216370203
302900000,0.01271063842,-0.01225326905,-0.002596903298,-0.0001957308458
303000000,0.006627813725,-0.01592092476,-0.002482522855,0.0008890685747
303100000,-0.0003586608299,-0.01648162113,-0.001918141177,0.001829659904
303200000,-0.00676602984,-0.01388238067,-0.001009533867,0.002445569194
303300000,-0.01124961931,-0.008738780905,6.93804332e-05,0.002620860745
303400000,-0.01288799919,-0.002201495455,0.00111202935,0.002327417406
303500000,-0.01137798109,0.004291453049,0.001921233934,0.001630093693
303600000,-0.007097219409,0.009324021603,0.002349098423,0.0006727465564
303700000,-0.001020540187,0.0118066486,0.002326499892,-0.0003518867145
303800000,0.005492219793,0.01121023541,0.001876114044,-0.001242149838
303900000,0.01099113276,0.007679031754,0.001106350177,-0.001828922389
304000000,0.01425011373,0.001998084161,0.0001875537512,-0.002009926987
304100000,0.0145320367,-0.004577530203,-0.0006844589928,-0.001769757174
304200000,0.01174791571,-0.01059452919,-0.001329819803,-0.001181501787
304300000,0.006476142375,-0.01471541174,-0.001622234897,-0.0003897229466
304400000,-0.0001618455178,-0.01600686331,-0.001514888561,0.0004215150614
304500000,-0.006742116163,-0.01414074536,-0.001049191944,0.001068705856
304600000,-0.01184286955,-0.009465072591,-0.0003446034239,0.001408482765
304700000,-0.01434770084,-0.00293061526,0.0004282134225,0.001368275636
304800000,-0.01368300947,0.004110273864,0.001085073292,0.000961523925
304900000,-0.00993977416,0.01018905875,0.001468669229,0.0002842511247
305000000,-0.003854934497,0.01402984781,0.001483008485,-0.0005061911998
305100000,0.003342620932,0.01481670794,0.001114512547,-0.001225583525
305200000,0.01018831066,0.01236397984,0.0004352955438,-0.001703066322
305300000,0.01528641626,0.00715483313,-0.0004120319689,-0.001818497522
305400000,0.01759956491,0.0002407890118,-0.001244737309,-0.0015289545
305500000,0.0166633283,-0.006976454171,-0.001879002646,-0.0008787487124
305600000,0.01268176029,-0.01303551692,-0.002169301334,9.14503271e-06
305700000,0.006484204978,-0.0167180147,-0.002039762534,0.0009583925762
305800000,-0.0006477704236,-0.01730070032,-0.00150091071,0.001775960414
305900000,-0.007247600892,-0.01470458022,-0.0006482820212,0.002292392287
306000000,-0.01196964929,-0.009509625026,0.0003567576725,0.002397245211
306100000,-0.01386993572,-0.002831549661,0.001319945628,0.002062284857
306200000,-0.01260261058,0.003913941087,0.002053908872,0.001347631894
306300000,-0.008490457925,0.00931013757,0.00241651347,0.0003896236853
306400000,-0.002454099959,0.01223851562,0.002339820934,-0.0006270385117
306500000,0.004185509024,0.01211466583,0.001843678929,-0.001507035172
306600000,0.00998963599,0.009010603417,0.001031183675,-0.002084215038
306700000,0.01370932399,0.003637096022,6.702163233e-05,-0.002255174107
306800000,0.01455225731,-0.002810518176,-0.0008567511523,-0.001999692678
306900000,0.01235168333,-0.008910240578,-0.001560335622,-0.001383846462
307000000,0.007600982013,-0.01331982479,-0.001912958306,-0.0005452251826
307100000,0.001346332091,-0.01506582912,-0.001859133244,0.0003365738079
307200000,-0.005039423889,-0.01375305975,-0.001428982312,0.001077936415
307300000,-0.01015288633,-0.009649346861,-0.0007305334204,0.001529700056
307400000,-0.01286225664,-0.003627645538,7.428916256e-05,0.001608007874
307500000,-0.01255053072,0.003021621634,0.0008048317435,0.001311080217
307600000,-0.009247798017,0.008867130879,0.001300535784,0.0007184275047
307700000,-0.003624953918,0.01264247928,0.001455162189,-2.723965522e-05
307800000,0.003148962392,0.01351590847,0.001239155938,-0.0007514700989
307900000,0.009654612767,0.01126693947,0.0007054372429,-0.001286132177
308000000,0.01452230619,0.006333230769,-2.254602339e-05,-0.001505917835
308100000,0.01672058572,-0.0002813632879,-0.0007778797566,-0.001355493292
308200000,0.01577299307,-0.007217445918,-0.001386516361,-0.0008615239905
308300000,0.01185801311,-0.01304479331,-0.00170507948,-0.0001270527947
308400000,0.005771775369,-0.01656138149,-0.001652059468,0.0006905145834
308500000,-0.001238313261,-0.01704428131,-0.001225761671,0.001413075485
308600000,-0.007734039618,-0.01440016191,-0.0005052178199,0.001879948905
308700000,-0.0123864711,-0.009184104661,0.0003660942209,0.001982336442
308800000,-0.01425293926,-0.002482884052,0.001210234338,0.001686828857
308900000,-0.01297300685,0.004312838505,0.001852120318,0.00104301186
309000000,-0.008842401174,0.00979972104,0.00215630089,0.0001736009192
309100000,-0.002749399952,0.01285534194,0.00205545094,-0.0007507830213
309200000,0.004013044042,0.01287260842,0.001564631313,-0.001546871829
309300000,0.01002006662,0.009885694496,0.0007783637665,-0.002056640081
309400000,0.01401525238,0.004560896586,-0.0001488229252,-0.00217990615
309500000,0.01517531838,-0.001945866664,-0.001034271663,-0.001894860961
309600000,0.01328312938,-0.00823504988,-0.001704821057,-0.001262285316
309700000,0.008772194705,-0.01296107743,-0.002032322266,-0.0004126326041
309800000,0.002632909115,-0.01511842996,-0.001959662453,0.0004812719807
309900000,-0.00379976965,-0.01425525183,-0.001511912068,0.001240174385
310000000,-0.009132052692,-0.0105687513,-0.0007903336761,0.001715449759
310100000,-0.01220939693,-0.004861885839,4.942337903e-05,0.001819537418
310200000,-0.0123630942,0.001629378739,0.0008303139002,0.001543421371
310300000,-0.009552617183,0.007501091579,0.001391113654,0.0009575562356
310400000,-0.004373482266,0.01148170261,0.001620033865,0.0001961225459
310500000,0.00207064047,0.01270350869,0.001477683405,-0.0005719987903
310600000,0.008403789264,0.01088737487,0.001004591783,-0.001179354413
310700000,0.01327091373,0.00640178029,0.0003117776302,-0.001495488533
310800000,0.01562593317,0.0001841788579,-0.0004435642681,-0.001454434756
310900000,0.01495364343,-0.006458114433,-0.001092040292,-0.001068342151
311000000,0.01137877819,-0.01212496198,-0.001488450779,-0.0004244050033
311100000,0.005639541567,-0.01561959722,-0.00154286108,0.000334183097
311200000,-0.00106843603,-0.01620139996,-0.00123977017,0.001039141861
311300000,-0.007344495188,-0.01374202016,-0.0006413470123,0.00153327023
311400000,-0.01187825874,-0.008752118687,0.0001258976058,0.001704162105
311500000,-0.01372549697,-0.002273340313,0.0008981183765,0.001508318495
311600000,-0.012506431,0.004341442053,0.001509047131,0.0009805682333
311700000,-0.008484849092,0.009713083636,0.001825382915,0.0002268433528
311800000,-0.002511620489,0.01272618928,0.00177516423,-0.0005981132631
311900000,0.004155239913,0.01276316182,0.001363142378,-0.001323351212
312000000,0.01011589664,0.009833151201,0.000669944893,-0.001797712731
312100000,0.01412350101,0.004568935464,-0.0001647498472,-0.001921627898
312200000,0.01534645331,-0.001907492246,-0.0009714385027,-0.001668020097
312300000,0.01354293548,-0.008222295864,-0.001586235956,-0.001087955383
312400000,0.009110925422,-0.01304012611,-0.001885069983,-0.0002998937073
312500000,0.003003072806,-0.01534616388,-0.001809452511,0.0005351512168
312600000,-0.003475660175,-0.01466024485,-0.001378447577,0.001247287152
312700000,-0.008944810729,-0.01113767994,-0.0006843720361,0.001693162547
312800000,-0.01224099818,-0.00553536037,0.0001268135358,0.001785697689
312900000,-0.01266416982,0.0009496222816,0.0008862577555,0.00151191456
313000000,-0.01012526725,0.006934458436,0.001437624912,0.0009351701283
313100000,-0.005164124352,0.01114403826,0.0016697094,0.0001813835677
313200000,0.001165918448,0.01268098594,0.001539422998,-0.0005877898312
313300000,0.007521896721,0.01121516029,0.001080364582,-0.001209152399
313400000,0.01255593343,0.007052742972,0.0003952281545,-0.001552309446
313500000,0.01520044338,0.001070629078,-0.0003662897738,-0.001546941793
313600000,0.01489359914,-0.00546970971,-0.001039376025,-0.001197293413
313700000,0.01169757477,-0.01118936681,-0.001479025861,-0.000580873411
313800000,0.006284754136,-0.01488363253,-0.001590636118,0.0001682924746
313900000,-0.0002050550509,-0.015776489,-0.001349833673,0.0008882705587
314000000,-0.006406130898,-0.01368419091,-0.0008073987721,0.001423610078
314100000,-0.01101591755,-0.009053365949,-7.830052005e-05,0.001658240955
314200000,-0.01307043194,-0.002865635391,0.0006827841292,0.001539944692
314300000,-0.01214765046,0.003570938675,0.001314255034,0.001091267425
314400000,-0.008455837148,0.008899266001,0.001681732936,0.0004046223074
314500000,-0.00278823224,0.01200061872,0.001706358333,-0.000377329604
314600000,0.003646111393,0.01223108585,0.001381299997,-0.001091831548
314700000,0.009479329716,0.009557072535,0.0007730355798,-0.001590323623
314800000,0.01347503525,0.004561278991,7.188838842e-06,-0.001769634482
314900000,0.01479036747,-0.001681962903,-0.0007580368767,-0.001593511308
315000000,0.01315430572,-0.007835472663,-0.001365186748,-0.00109998722
315100000,0.008924487341,-0.01258355914,-0.001690597721,-0.0003930859594
315200000,0.003010525177,-0.01491155636,-0.001670195541,0.0003793300783
315300000,-0.003319832394,-0.0143211928,-0.001312636117,0.001056847979
315400000,-0.008710424577,-0.01093606537,-0.0006970687727,0.001500298147
315500000,-0.01200485773,-0.005474917784,4.394838978e-05,0.001620917548
315600000,-0.01249185653,0.0009013675123,0.0007527199212,0.001398747101
315700000,-0.01005578548,0.006836260917,0.001279861289,0.0008864208133
315800000,-0.005200717171,0.01106499628,0.001515841046,0.0001976014939
315900000,0.001056579168,0.01268191973,0.00141396026,-0.0005174368281
316000000,0.007401601406,0.01133140292,0.0009999440167,-0.001103872605
316100000,0.01249929762,0.007282416682,0.0003661650618,-0.00143524154
316200000,0.01527495435,0.001371545431,-0.0003482261,-0.001440223157
316300000,0.0151398297,-0.005173140352,-0.0009870170686,-0.001117667086
316400000,0.01211439026,-0.01099009286,-0.0014101832,-0.0005367214063
316500000,0.006823548744,-0.0148699417,-0.001523635849,0.0001779174717
316600000,0.0003650835567,-0.0160088917,-0.001299199199,0.0008724741464
316700000,-0.005921061874,-0.01417675098,-0.0007806301666,0.001396664262
316800000,-0.01073413382,-0.009764347079,-7.445293439e-05,0.001635482996
316900000,-0.01308543885,-0.003700374829,0.000672418782,0.001533521336
317000000,-0.01250530789,0.002744835379,0.001303527723,0.001106717512
317100000,-0.00914054177,0.008227300831,0.001685683033,0.000439111241
317200000,-0.003721768051,0.01161261194,0.001736843561,-0.000334673829
317300000,0.002592428929,0.0122146037,0.001443244566,-0.001057503745
317400000,0.008461704456,0.009939004936,0.0008622151066,-0.001582450584
317500000,0.01264842148,0.005301599756,0.0001101443833,-0.001803288579
317600000,0.01428011518,-0.0006830670155,-0.0006618330818,-0.00167639813
317700000,0.01303417247,-0.006718959313,-0.001299301867,-0.00122952827
317800000,0.009205294963,-0.01150569427,-0.001676569588,-0.0005556363947
317900000,0.003641171434,-0.01401651329,-0.001722510448,0.0002068436472
318000000,-0.002440059369,-0.0137176331,-0.001434862685,0.0009031135795
318100000,-0.007711547836,-0.01068192712,-0.0008800347343,0.001394356962
318200000,-0.01102253388,-0.005572533766,-0.0001785286553,0.001586514117
318300000,-0.01164506253,0.0004999836001,0.000520885341,0.001449452778
318400000,-0.009429759263,0.006216040311,0.001072749108,0.001022543582
318500000,-0.004837568082,0.01032963659,0.001365559735,0.000405530477
318600000,0.001158831551,0.01193458326,0.001345002193,-0.0002633024385
318700000,0.007282288429,0.01065768953,0.001024886385,-0.0008369830323
318800000,0.01222251659,0.006738272315,0.0004835251114,-0.001191352042
318900000,0.01491371505,0.000977795398,-0.0001536132234,-0.001251512578
319000000,0.01475987168,-0.005429018585,-0.0007412298265,-0.001007622812
319100000,0.01176064033,-0.01114546391,-0.001145642335,-0.0005167107142
319200000,0.006511857505,-0.01497341113,-0.001273640322,0.0001098260605
319300000,8.111668683e-05,-0.01610429023,-0.001092611447,0.0007303264809
319400000,-0.006215135899,-0.01428814026,-0.0006376784118,0.001203412652
319500000,-0.01108613313,-0.009885682654,-4.362006861e-06,0.001418462204
319600000,-0.01353553078,-0.003792865682,0.0006716379311,0.001319533464
319700000,-0.01306833645,0.002746097901,0.001243229424,0.0009176832782
319800000,-0.00979300216,0.008398020045,0.00158317498,0.0002890926482
319900000,-0.004397545136,0.01201820565,0.001611196398,-0.0004405788879
320000000,0.001995220885,0.01288823008,0.001311236439,-0.001122291048
320100000,0.008063118868,0.01086441128,0.0007352686624,-0.001614671729
320200000,0.01256156763,0.006405885291,-7.117463968e-06,-0.001813501447
320300000,0.01458412484,0.0004762117254,-0.0007711493659,-0.001673472645
320400000,0.01375183927,-0.00566113679,-0.001406614288,-0.001217702482
320500000,0.01029125319,-0.01071062949,-0.001788699209,-0.0005330502903
320600000,0.004984108772,-0.01361940667,-0.001843510732,0.0002477442029
320700000,-0.001001074467,-0.01380048272,-0.001562990008,0.0009733460401
320800000,-0.006360049985,-0.01125653861,-0.001006164467,0.001504830284
320900000,-0.009932977502,-0.006577406394,-0.0002865333317,0.001743949724
321000000,-0.01095345234,-0.0008114466674,0.0004517265073,0.001652799551
321100000,-0.009212687211,0.004761648824,0.001063724348,0.001260826994
321200000,-0.005103377282,0.008907617821,0.00143370581,0.0006577906577
321300000,0.0004661043766,0.01070415552,0.001498548383,-2.577989227e-05
321400000,0.006268389619,0.009739746693,0.001260013268,-0.0006464551231
321500000,0.01102196811,0.006202213182,0.0007832439205,-0.00107819716
321600000,0.01366704234,0.0008384113398,0.0001819101183,-0.001238668237
321700000,0.01359324839,-0.005205678112,-0.000406780066,-0.001106012885
321800000,0.01077086508,-0.01062970456,-0.0008518386904,-0.0007226069165
321900000,0.005758106294,-0.01425598815,-0.001056666901,-0.0001850469603
322000000,-0.0004163577827,-0.01527988488,-0.0009796324654,0.0003774127638
322100000,-0.006470093482,-0.01344067876,-0.0006426924809,0.0008313119848
322200000,-0.01113655826,-0.009077437135,-0.0001262656638,0.001068203797
322300000,-0.01343075519,-0.003058765823,0.0004484963715,0.001028378366
322400000,-0.01285528625,0.003398094464,0.0009462002244,0.0007140243618
322500000,-0.009504141677,0.008980450191,0.001246768009,0.000189036717
322600000,-0.004043180384,0.01255256028,0.001271732352,-0.0004344603539
322700000,0.002428062197,0.01339066155,0.001001660872,-0.001019976333
322800000,0.008604167439,0.01133210727,0.0004810107682,-0.001435808632
322900000,0.01324388129,0.006808023272,-0.0001906048431,-0.001583292839
323000000,0.0154265299,0.0007528991056,-0.0008788795245,-0.001418171491
323100000,0.01474173813,-0.005590177634,-0.001442681161,-0.0009605806219
323200000,0.01137299859,-0.01092839859,-0.001763463294,-0.0002915651837
323300000,0.006057397137,-0.01418851966,-0.001770060833,0.0004631337086
323400000,-7.056950175e-05,-0.01474029897,-0.001453701779,0.001158620448
323500000,-0.00571881042,-0.01252693307,-0.0008701275818,0.001660386275
323600000,-0.009710865887,-0.008074481822,-0.000128408687,0.001871711145
323700000,-0.0112347165,-0.002377683122,0.0006311939521,0.001753255636
323800000,-0.0100140121,0.003314057598,0.001265707559,0.001330814077
323900000,-0.00636476209,0.007765074535,0.001658355002,0.0006896692706
324000000,-0.001124963074,0.01001876163,0.001741911407,-4.322701926e-05
324100000,0.004527952223,0.009602671625,0.001511702187,-0.0007255011836
324200000,0.009332602477,0.006629085656,0.001025602901,-0.001228546286
324300000,0.01221693845,0.001769309453,0.0003911162234,-0.001463570021
324400000,0.01253027465,-0.003892680769,-0.0002577011788,-0.001399093738
324500000,0.01018401169,-0.009095467403,-0.0007885720467,-0.001066299527
324600000,0.005670870604,-0.01267333001,-0.001098611552,-0.000551184662
324700000,-4.114704022e-05,-0.01380829554,-0.001135408032,2.473453429e-05
324800000,-0.00571677589,-0.0122069423,-0.0009071571025,0.0005310116088
324900000,-0.01011834943,-0.008164363003,-0.0004797692982,0.0008564592845
325000000,-0.01227052382,-0.002502237328,3.835148347e-05,0.0009329233439
325100000,-0.01166845397,0.003604975683,0.0005205341646,0.0007495855218
325200000,-0.008385671273,0.008878057162,0.0008498328916,0.0003547801729
325300000,-0.003059661331,0.01220235133,0.0009447584817,-0.0001550077492
325400000,0.003240880573,0.01286168348,0.0007772269709,-0.0006565482597
325500000,0.009238497423,0.01068827698,0.0003788910622,-0.001027039413
325600000,0.0137122484,0.006098073967,-0.000165476932,-0.001171193575
325700000,0.01575060662,4.815490226e-06,-0.0007361062806,-0.00104242365
325800000,0.01493977496,-0.00636880988,-0.00120395719,-0.0006535992722
325900000,0.01144875761,-0.01174365814,-0.001458556789,-7.508406814e-05
326000000,0.005993791667,-0.01504805829,-0.001432015274,0.0005795224124
326100000,-0.0003105010123,-0.01563864398,-0.001114129929,0.001176911505
326200000,-0.006182552839,-0.01343230684,-0.0005553880074,0.001591890214
326300000,-0.0104399904,-0.00892166598,0.0001427607039,0.001733650036
326400000,-0.01224509993,-0.00307048437,0.0008483187039,0.00156497697
326500000,-0.01127818212,0.002889494907,0.001425574714,0.001110398408
326600000,-0.007802112707,0.007717973573,0.001762768248,0.0004515847989
326700000,-0.002604085375,0.01042728126,0.001794846145,-0.0002890195287
326800000,0.003173584606,0.01049002804,0.001516613194,-0.0009729234239
326900000,0.008278040811,0.00794890804,0.0009835872306,-0.001473541865
327000000,0.01161394824,0.003404901441,0.000300424976,-0.001701593441
327100000,0.01247774588,-0.002113989306,-0.0004006408175,-0.001622710338
327200000,0.01070769633,-0.007375627091,-0.0009868506268,-0.001263660092
327300000,0.00671722012,-0.01121047114,-0.001351827645,-0.0007059530623
327400000,0.001404121283,-0.01276464345,-0.001436767957,-6.823598729e-05
327500000,-0.004044761444,-0.01168458978,-0.001241540884,0.0005187950556
327600000,-0.008411156761,-0.008193385956,-0.0008234511097,0.0009396765653
327700000,-0.0107093618,-0.003042351045,-0.0002840081074,0.001117924154
327800000,-0.01039955953,0.002651197865,0.0002534293004,0.001031274411
327900000,-0.007504680517,0.007644567233,0.0006703476037,0.0007152633466
328000000,-0.002606243424,0.0108365448,0.0008784223401,0.0002544630387
328100000,0.003279134349,0.01150323396,0.0008381257056,-0.0002366772459
328200000,0.008915400054,0.009452889941,0.0005666655406,-0.0006392304105
328300000,0.01310853522,0.005067580419,0.0001336147251,-0.0008559573645
328400000,0.01495839697,-0.0007762657948,-0.0003547708656,-0.0008326200588
328500000,0.01404817557,-0.006890914294,-0.0007791285254,-0.0005698815734
328600000,0.01053227143,-0.01202509608,-0.001033362503,-0.0001232665347
328700000,0.005104821942,-0.01512454378,-0.001048138448,0.000408777721
328800000,-0.001144073546,-0.0155510878,-0.0008064593064,0.0009061321594
328900000,-0.006954223087,-0.01321496891,-0.000347995107,0.001253002087
329000000,-0.01115625957,-0.008593120615,0.0002387495626,0.001363097072
329100000,-0.01291342573,-0.002629799317,0.0008347559477,0.001198629283
329200000,-0.01189405682,0.003459720158,0.001315407328,0.0007790973034
329300000,-0.00833893596,0.008441586438,0.001576730214,0.0001779981949
329400000,-0.003009460061,0.01131945919,0.001557431766,-0.0004918381933
329500000,0.002972710447,0.01154087397,0.001252109759,-0.001101211739
329600000,0.008361209701,0.009110690283,0.0007128781256,-0.001531005503
329700000,0.01204656566,0.004587636299,3.908063942e-05,-0.00169661419
329800000,0.01328893259,-0.001035674638,-0.0006427523548,-0.001565274674
329900000,0.01187274698,-0.006544349089,-0.001204529116,-0.001162720246
330000000,0.008150233806,-0.01075995643,-0.001542485083,-0.0005678096599
330100000,0.0029640642,-0.01279153087,-0.001597980715,0.0001037188227
330200000,-0.00253475751,-0.01222516165,-0.001368928811,0.0007229667986
330300000,-0.007135044431,-0.009211306858,-0.0009095302666,0.001174127828
330400000,-0.00982637545,-0.004430809261,-0.0003184332374,0.001377821883
330500000,-0.01001659559,0.001053201945,0.0002821613032,0.001306686424
330600000,-0.007658934147,0.006025551291,0.0007720453748,0.0009900281156
330700000,-0.003261439344,0.009381603193,0.001057840869,0.0005066355203
330800000,0.002222992083,0.01036551728,0.001091932854,-3.26630512e-05
330900000,0.007601897455,0.008733022262,0.0008815620877,-0.0005089621134
331000000,0.01169938432,0.004804136893,0.0004862267616,-0.0008206651779
331100000,0.01360809981,-0.0006048811668,4.02121008e-06,-0.0009049134871
331200000,0.01288335715,-0.006355218652,-0.0004501174019,-0.0007505332649
331300000,0.00963848699,-0.0112273675,-0.0007695738452,-0.0003997953498
331400000,0.004521728069,-0.01417958865,-0.0008792402337,6.132700416e-05
331500000,-0.001419880642,-0.01456830909,-0.0007517725406,0.0005222618937
331600000,-0.006960407641,-0.01228419767,-0.0004134660576,0.0008721725127
331700000,-0.01095214841,-0.007775688014,6.147186932e-05,0.001024286995
331800000,-0.01256587641,-0.001955480149,0.0005669901635,0.0009350106449
331900000,-0.01146400312,0.003989954714,0.0009881384835,0.0006137403616
332000000,-0.007870708763,0.008847719117,0.001225969446,0.0001212994006
332100000,-0.002524741578,0.01163090705,0.001219081964,-0.0004426583176
332200000,0.003474970551,0.01178348954,0.0009572230795,-0.0009605823256
332300000,0.008898542342,0.009295100039,0.0004840669737,-0.001321848345
332400000,0.01264137578,0.00470191737,-0.0001114101349,-0.00144621428
332500000,0.01395402167,-0.001026520056,-0.0007131324654,-0.001300962335
332600000,0.01259765282,-0.006691032364,-0.001201869421,-0.000908127296
332700000,0.008892488407,-0.01111456899,-0.001479896507,-0.000340305376
332800000,0.003648749481,-0.01338929525,-0.001491214909,0.000294064877
332900000,-0.002005640999,-0.01306693245,-0.001233119321,0.0008728607917
333000000,-0.006864492425,-0.01025194431,-0.0007567243283,0.001285242764
333100000,-0.009899308576,-0.005577533643,-0.0001563695929,0.001454231175
333200000,-0.01047735555,-6.928781022e-05,0.0004498590955,0.001352209849
333300000,-0.008495267887,0.005074627481,0.0009444135012,0.001006162023
333400000,-0.0043995844,0.008739838505,0.001234305082,0.0004915943511
333500000,0.0009101750862,0.0101338809,0.001269870959,-8.353428704e-05
333600000,0.006275071064,0.008955149817,0.00105440263,-0.0006014812545
333700000,0.01052541855,0.005456652093,0.0006426785668,-0.0009592209298
333800000,0.0127313256,0.0003911311094,0.0001287709798,-0.001089645322
333900000,0.0124015875,-0.005150459406,-0.0003742550356,-0.0009750414974
334000000,0.009588617877,-0.009972414528,-0.0007584369536,-0.0006500607563
334100000,0.004877279179,-0.0130297188,-0.0009437077424,-0.0001936167784
334200000,-0.0007397064018,-0.01365100145,-0.0008945817007,0.0002885121826
334300000,-0.006072941552,-0.01168165359,-0.0006272365902,0.0006866431437
334400000,-0.00998899237,-0.007516927235,-0.0002055415144,0.0009108119258
334500000,-0.01165072942,-0.002018347898,0.0002730706639,0.0009100389531
334600000,-0.01069449504,0.003668440448,0.0006988349158,0.0006831592964
334700000,-0.007306871841,0.008355514129,0.0009734400811,0.0002789461501
334800000,-0.00218524091,0.01106293634,0.001031293628,-0.0002144590423
334900000,0.003609126727,0.01122472788,0.0008537441302,-0.0006885236956
335000000,0.008874197617,0.008807416141,0.0004732536552,-0.001037644312
335100000,0.0125194773,0.004316554253,-3.334235501e-05,-0.001181838498
335200000,0.01379453262,-0.001309890129,-0.0005610317168,-0.00108398912
335300000,0.01244588758,-0.00689875459,-0.0009988239998,-0.0007579932336
335400000,0.008769462153,-0.01128809144,-0.001253238702,-0.0002661067178
335500000,0.003547564169,-0.01357105159,-0.001268115566,0.0002939349449
335600000,-0.002116369316,-0.01328598588,-0.001036573584,0.0008092839474
335700000,-0.007030559768,-0.01051270276,-0.0006026146085,0.001175531763
335800000,-0.01016615739,-0.005854508225,-5.205531707e-05,0.001318486644
335900000,-0.01087392265,-0.0003097528224,0.0005052849039,0.001209608952
336000000,-0.009020475251,0.004939973815,0.0009583837849,0.0008718836568
336100000,-0.005015275926,0.008780147006,0.001218014273,0.0003749262732
336200000,0.0002773124028,0.01039906933,0.001235126482,-0.0001796205449
336300000,0.005722147806,0.009459158009,0.001010782853,-0.0006793118146
336400000,0.01015449905,0.006167546013,0.0005955986108,-0.001024281897
336500000,0.0126271383,0.001231169464,7.884547233e-05,-0.001147881883
336600000,0.01261098841,-0.004294000096,-0.0004304575765,-0.001030263503
336700000,0.01010686985,-0.00922751445,-0.0008264703579,-0.0007020941827
336800000,0.005644758984,-0.01251513207,-0.001028649316,-0.0002376683441
336900000,0.0001708251748,-0.01345245286,-0.0009984184115,0.0002610908109
337000000,-0.005153680312,-0.01183409847,-0.0007469153595,0.0006863355736
337100000,-0.009198913239,-0.007996872836,-0.000332224908,0.0009471123963
337200000,-0.01110593899,-0.002747893708,0.0001532704003,0.0009884850155
337300000,-0.01046845498,0.002806861407,0.000602711777,0.0008029478901
337400000,-0.007418324233,0.007497041349,0.0009175455301,0.0004317557073
337500000,-0.002597023561,0.01033562313,0.001028442644,-4.406944919e-05
337600000,0.00298067341,0.01072737987,0.0009099456219,-0.00052111229
337700000,0.008141701842,0.008594138408,0.0005857721303,-0.0008956165684
337800000,0.01180281314,0.004390550163,0.000123689274,-0.001085537945
337900000,0.01319934255,-0.0009927576301,-0.0003789212469,-0.00104793721
338000000,0.01204636492,-0.00641805508,-0.0008157251916,-0.0007880548332
338100000,0.008598255796,-0.01074144017,-0.001093939754,-0.0003581777494
338200000,0.003594105199,-0.0130548766,-0.001153921546,0.0001534289574
338300000,-0.001899454613,-0.01287811702,-0.0009817135609,0.0006411570889
338400000,-0.006714707268,-0.01025984586,-0.0006119267462,0.001004300959
338500000,-0.009830555242,-0.005766597093,-0.0001203799968,0.001168210322
338600000,-0.01058887781,-0.0003618454114,0.0003919158263,0.001099894747
338700000,-0.008833627617,0.00479896058,0.0008200250163,0.0008148094175
338800000,-0.004943239041,0.008613789787,0.001077105627,0.0003734229555
338900000,0.000250329795,0.01026769991,0.001112537449,-0.0001316733011
339000000,0.005638503062,0.009405279973,0.0009223536756,-0.0005953640919
339100000,0.01007124252,0.006205505497,0.0005498062984,-0.0009221621332
339200000,0.01260056992,0.001343429588,7.598289451e-05,-0.001046234353
339300000,0.0126809923,-0.00415291044,-0.0003975094525,-0.0009450881122
339400000,0.01028463114,-0.00911992299,-0.0007701112977,-0.0006440546986
339500000,0.005906954375,-0.01250420953,-0.0009635632198,-0.0002106584136
339600000,0.0004621133143,-0.01358476286,-0.0009383597328,0.0002599035331
339700000,-0.004909857941,-0.01212482272,-0.0007019488223,0.0006650738515
339800000,-0.00908319753,-0.008421507848,-0.0003069746618,0.0009167327477
339900000,-0.01118324339,-0.003242947785,0.0001600324844,0.0009598739157
340000000,-0.01077006024,0.002333635908,0.0005971015862,0.000784227009
340100000,-0.007930314614,0.007148619767,0.0009084876303,0.0004263957082
340200000,-0.003258250668,0.01020361804,0.001024980745,-3.791182719e-05
340300000,0.002270021857,0.0108708083,0.000918580689,-0.0005098945121
340400000,0.007502326507,0.009023999728,0.0006084612622,-0.0008885167713
340500000,0.01135294794,0.005063990985,0.0001569929445,-0.001091810933
340600000,0.01303085992,-0.0001670427211,-0.0003433130097,-0.001074143075
340700000,0.01220560665,-0.005564104021,-0.0007891711635,-0.0008358261938
340800000,0.009075821672,-0.009993271275,-0.001088116122,-0.0004230847143
340900000,0.004325796058,-0.01253157376,-0.001177788673,8.159327857e-05
341000000,-0.001020868601,-0.0126620368,-0.001038878929,0.0005766633726
341100000,-0.005819604305,-0.0103823998,-0.0006990366309,0.0009626611626
341200000,-0.009048836948,-0.006204234545,-0.0002269627588,0.001162826563
341300000,-0.01002754369,-0.001042532975,0.0002820415277,0.001138898857
341400000,-0.008559909479,0.003980700684,0.0007260054501,0.0008987941969
341500000,-0.004976160065,0.007776836616,0.001017496959,0.000494592969
341600000,-6.092957154e-05,0.0095235274,0.001101654395,1.130522305e-05
341700000,0.005115346023,0.008840348859,0.0009672711842,-0.0004511810354
341800000,0.009425783664,0.005869772057,0.0006486389829,-0.0007991383757
341900000,0.01192806218,0.001246429501,0.0002178099648,-0.0009645799065
342000000,0.01206569816,-0.004038459224,-0.0002310388617,-0.0009192592918
342100000,0.009786884942,-0.008848341498,-0.0006017944629,-0.0006801630652
342200000,0.005555907793,-0.01214315102,-0.0008168541166,-0.0003053773978
342300000,0.0002550622818,-0.01320030425,-0.0008334946764,0.0001187463366
342400000,-0.005001786277,-0.01176814915,-0.0006527099326,0.0004963617508
342500000,-0.009104281091,-0.008119672282,-0.000318671492,0.0007428184271
342600000,-0.01117951754,-0.002995510467,9.103429445e-05,0.0008028650777
342700000,-0.01077561458,0.002551298284,0.0004822824236,0.0006624999711
342800000,-0.007956572407,0.007375818943,0.0007647839973,0.0003519662623
342900000,-0.003288910589,0.01048051647,0.0008716147831,-6.072144698e-05
343000000,0.002276693685,0.01122325588,0.0007737469841,-0.0004843217263
343100000,0.007603705945,0.009450726669,0.0004865068416,-0.0008238782207
343200000,0.01160643502,0.005529712609,6.660049487e-05,-0.001001053638
343300000,0.01347578051,0.0002699037995,-0.0003996510256,-0.0009709806621
343400000,0.01284703084,-0.005245565561,-0.0008143736782,-0.0007320741046
343500000,0.009874727082,-0.009886526787,-0.001088687064,-0.0003267432363
343600000,0.005198856708,-0.01271189083,-0.001161414174,0.0001671365577
343700000,-0.0001907431582,-0.01316601573,-0.001012032692,0.000652194046
343800000,-0.005163520331,-0.01119394823,-0.0006651659625,0.001031622886
343900000,-0.008686962994,-0.007250996489,-0.0001856903862,0.001229137566
344000000,-0.01004450413,-0.002204302968,0.0003345011668,0.001204665875
344100000,-0.00898621942,0.002852959518,0.0007953033812,0.0009625234173
344200000,-0.005780046847,0.006835371368,0.001108842836,0.0005503945417
344300000,-0.001152404642,0.00889716485,0.001217308022,4.936611866e-05
344400000,0.003869217058,0.008612585421,0.001104470993,-0.0004428755764
344500000,0.008178005007,0.006066003334,0.0007985359995,-0.0008321567123
344600000,0.01082631805,0.001832414407,0.0003657698856,-0.001047031004
344700000,0.01122968475,-0.003147446115,-0.000103701854,-0.001053096146
344800000,0.009292487223,-0.007770451516,-0.0005149141936,-0.0008594509975
344900000,0.005428421554,-0.01100908725,-0.0007878790307,-0.0005159936932
345000000,0.000471536499,-0.01213291682,-0.0008740291732,-0.0001021923834
345100000,-0.004502781287,-0.01086602265,-0.0007658474842,0.0002902443123
345200000,-0.008408225435,-0.0074468961,-0.0004976926754,0.0005770902304
345300000,-0.01037992565,-0.002578367652,-0.0001377061137,0.0006995184679
345400000,-0.009959207274,0.002721220892,0.0002274217192,0.0006364123163
345500000,-0.007191779498,0.007333450568,0.0005115341097,0.0004084777498
345600000,-0.002619108453,0.01027589859,0.0006478413667,7.332170251e-05
345700000,0.002834532738,0.01090900864,0.0006034737602,-0.0002874090775
345800000,0.008054999268,0.009070570007,0.0003866517315,-0.0005860426135
345900000,0.01197043406,0.005110155116,4.495828446e-05,-0.0007481729536
346000000,0.01377413579,-0.0001831238275,-0.0003448970561,-0.0007290919135
346100000,0.01309192141,-0.005744083989,-0.0006936200399,-0.0005238485909
346200000,0.01005948219,-0.01045200152,-0.0009186407581,-0.0001687922598
346300000,0.005293895137,-0.01336241476,-0.0009620744311,0.0002657287269
346400000,-0.0002347166283,-0.01390216065,-0.0008035170573,0.0006899628357
346500000,-0.005404762977,-0.01198716766,-0.0004649633178,0.001013558635
346600000,-0.009176165357,-0.008038428426,-6.804069386e-06,0.001164610069
346700000,-0.01080621135,-0.002892645593,0.0004842599249,0.001104939632
346800000,-0.01000310258,0.002373993637,0.0009128587138,0.0008384168009
346900000,-0.006984820837,0.006672155591,0.001194465333,0.0004105757781
347000000,-0.002430663094,0.00912829392,0.001272717882,-0.0001003825748
347100000,0.002664617274,0.009267821584,0.001130959278,-0.000599326361
347200000,0.007203420383,0.007113558097,0.0007956164071,-0.0009933935726
347300000,0.01021962191,0.003178264959,0.0003307428114,-0.001210678017
347400000,0.01108464463,-0.001647435292,-0.000175115128,-0.001214540997
347500000,0.009641062234,-0.006288025373,-0.0006269799694,-0.001010611247
347600000,0.006234856144,-0.009715668343,-0.0009426716118,-0.000645064802
347700000,0.001639188833,-0.01117234869,-0.001069212979,-0.0001945946233
347800000,-0.003113965251,-0.01033359813,-0.0009930272669,0.0002497911799
347900000,-0.006957938983,-0.007378394843,-0.0007418505799,0.0006017242306
348000000,-0.009022710438,-0.002950209021,-0.0003780261359,0.0007972034578
348100000,-0.008823444119,0.001982143566,1.534331531e-05,0.0008073892007
348200000,-0.006365713944,0.006333473344,0.0003524106189,0.0006438121305
348300000,-0.002145167735,0.009135743009,0.0005629248282,0.0003549588381
348400000,0.002957695002,0.009745978173,0.0006070024593,1.502771612e-05
348500000,0.007864518995,0.007984386273,0.000483209412,-0.0002926904147
348600000,0.0115276201,0.00417384696,0.0002282718506,-0.000494217059
348700000,0.01315149693,-0.000926887242,-9.147115049e-05,-0.0005411193196
348800000,0.01236081295,-0.006281535225,-0.0003949941712,-0.0004210946363
348900000,0.009280014346,-0.01079247354,-0.0006046530351,-0.000160652501
349000000,0.00450845367,-0.01352936005,-0.0006634937984,0.0001806601796
349100000,-0.001003327026,-0.01392258374,-0.000548079207,0.0005232303154
349200000,-0.006150102207,-0.01188151575,-0.0002740799019,0.000784750832
349300000,-0.009900307796,-0.007813267025,0.0001065680841,0.0008982666119
349400000,-0.01150885009,-0.002538280268,0.0005163365264,0.0008270343839
349500000,-0.01067031619,0.002879611319,0.000868342681,0.0005730252655
349600000,-0.007580875142,0.007353375535,0.001084712049,0.0001772551732
349700000,-0.002896028721,0.009997537979,0.001113187432,-0.0002881400544
349800000,0.002407081823,0.01031079926,0.0009384855104,-0.0007344295218
349900000,0.00723427228,0.008278412652,0.0005860142463,-0.001074376526
350000000,0.0106032212,0.004372754362,0.0001171690704,-0.001240119768
350100000,0.01184875964,-0.000548335681,-0.0003828156356,-0.00119712863
350200000,0.01076123108,-0.00542440397,-0.0008219376698,-0.0009513426569
350300000,0.007628378016,-0.009218069106,-0.001119884815,-0.0005480294092
350400000,0.003171440148,-0.01113574372,-0.001224067656,-6.261631758e-05
350500000,-0.001611321829,-0.01079621969,-0.001119931147,0.0004145864612
350600000,-0.00566044186,-0.008310750624,-0.0008334452393,0.0007965970715
350700000,-0.008084094608,-0.004257126108,-0.0004253031453,0.001017135793
350800000,-0.00835057019,0.0004468611657,2.192227054e-05,0.001043578952
350900000,-0.006402712734,0.004743245781,0.000420955198,0.0008828431216
351000000,-0.002669602339,0.007663714323,0.0006977266235,0.0005790334324
351100000,0.002026848521,0.008539649501,0.0008062793506,0.0002034151222
351200000,0.006649887854,0.007147091224,0.0007375764794,-0.0001611264367
351300000,0.01017181873,0.003755648224,0.0005204170191,-0.0004378228123
351400000,0.01179549241,-0.0009286860339,0.0002143355212,-0.0005721935527
351500000,0.01112601174,-0.005914017314,-0.0001039398794,-0.0005432363622
351600000,0.008256311682,-0.01013373353,-0.0003575355239,-0.0003672944928
351700000,0.003748925687,-0.01267318894,-0.0004863168139,-9.382929619e-05
351800000,-0.001481620245,-0.01296383492,-0.0004599900725,0.0002059424398
351900000,-0.006360441274,-0.01090404798,-0.0002846263287,0.0004550641534
352000000,-0.009877296388,-0.006881663614,-1.231576231e-06,0.000588038791
352100000,-0.01129767429,-0.001694005902,0.0003233020729,0.0005655013083
352200000,-0.01031597031,0.003617393086,0.0006108980333,0.000383208353
352300000,-0.007119134087,0.007982598075,0.0007894790919,7.341642307e-05
352400000,-0.002347930018,0.01052459053,0.0008089416826,-0.0003016464834
352500000,0.003035823916,0.01074021824,0.0006524976348,-0.0006628223634
352600000,0.007948328201,0.008603412431,0.0003409560831,-0.0009308017493
352700000,0.01140788975,0.004569415902,-7.097679215e-05,-0.001043077339
352800000,0.0127375994,-0.0005208303278,-0.0005056112744,-0.0009674829794
352900000,0.01170451364,-0.005616389844,-0.0008781129206,-0.0007094575765
353000000,0.008566241806,-0.009675711634,-0.001113949618,-0.0003114996771
353100000,0.004014933637,-0.01188398067,-0.001164301793,0.0001550816071
353200000,-0.0009699464926,-0.01182282133,-0.001016226097,0.000604405096
353300000,-0.005329378229,-0.009556389679,-0.0006954649651,0.0009532885467
353400000,-0.008149310999,-0.005615291718,-0.0002613293431,0.001137973839
353500000,-0.008854255788,-0.000881378832,0.0002052712872,0.001126852604
353600000,-0.007328509911,0.003602281631,0.0006181603294,0.0009265792613
353700000,-0.003938881547,0.006855727697,0.0009032005104,0.0005803380661
353800000,0.0005461083263,0.008172601579,0.001012999241,0.0001586619208
353900000,0.00512323177,0.007271549017,0.0009359903801,-0.0002552552253
354000000,0.008771800814,0.004355944209,0.0006980507986,-0.0005826739909
354100000,0.01067433348,6.916906614e-05,0.0003563725579,-0.0007652820193
354200000,0.01039313636,-0.004644760527,-1.307046986e-05,-0.0007767061929
354300000,0.007964918888,-0.008745039745,-0.0003317875013,-0.0006271960377
354400000,0.003893332189,-0.01131842589,-0.0005353216541,-0.000360554505
354500000,-0.000958643043,-0.01177590875,-0.0005865964986,-4.402973861e-05
354600000,-0.005553056541,-0.009979702975,-0.0004832611935,0.0002466343005
354700000,-0.008898409481,-0.006273736859,-0.0002575216777,0.0004437743038
354800000,-0.0102608224,-0.001411596698,3.145102843e-05,0.0005024655605
354900000,-0.009320194056,0.003602261995,0.0003108635379,0.0004101396968
355000000,-0.006238633286,0.007723997888,0.0005105015533,0.0001891291109
355100000,-0.001627235144,0.01008973018,0.0005782983428,-0.0001083754306
355200000,0.003581278154,0.01019668123,0.0004919269904,-0.0004118432087
355300000,0.008326946746,0.008008429994,0.0002639354209,-0.0006479060481
355400000,0.01164316788,0.003962664291,-6.066819039e-05,-0.0007565095911
355500000,0.01285750545,-0.001119836078,-0.0004138564513,-0.000704249954
355600000,0.01173103251,-0.006205820809,-0.0007190305727,-0.0004920426838
355700000,0.008507343661,-0.01026422774,-0.0009073957276,-0.0001554848264
355800000,0.003861083786,-0.01248022461,-0.0009327838773,0.0002421737481
355900000,-0.001243335873,-0.01242405541,-0.0007817817842,0.0006229688394
356000000,-0.005753451103,-0.01013939358,-0.0004770211476,0.0009103455721
356100000,-0.008748773023,-0.006132576628,-7.293280037e-05,0.001045079121
356200000,-0.009632987573,-0.001264792613,0.0003551491816,0.0009976559587
356300000,-0.008257820024,0.003430278271,0.0007262574143,0.0007745293292
356400000,-0.004952300354,0.0069650182,0.0009702516222,0.0004169499039
356500000,-0.0004510864337,0.008606442507,0.001042047069,-7.375082463e-06
356600000,0.00426309305,0.008030547804,0.000930663981,-0.0004180480833
356700000,0.008169493616,0.005389582059,0.0006612381739,-0.0007383035254
356800000,0.01042723799,0.001277839567,0.0002896035156,-0.000910494951
356900000,0.01055456903,-0.00339679291,-0.0001093965602,-0.0009075417578
357000000,0.008531169303,-0.007608144639,-0.0004574103354,-0.0007379833302
357100000,0.004801650649,-0.01043216247,-0.0006886489129,-0.0004436296061
357200000,0.0001794865355,-0.01124521019,-0.0007631784482,-9.034618981e-05
357300000,-0.004327961868,-0.009857795029,-0.0006746797929,0.0002460548603
357400000,-0.00773573195,-0.006555149464,-0.0004510926928,0.000495830582
357500000,-0.009292455331,-0.00203615989,-0.0001480625719,0.0006098537937
357600000,-0.008641298192,0.002736021404,0.0001633769899,0.0005696397053
357700000,-0.005896449962,0.006739485703,0.0004122433886,0.0003907681604
357800000,-0.001619198348,0.009111200546,0.0005428747022,0.0001190225283
357900000,0.003300893556,0.009330480523,0.0005267890265,-0.0001798880011
358000000,0.007834115369,0.007329587131,0.0003686298384,-0.0004347980677
358100000,0.01102800451,0.003508416826,0.0001049606959,-0.0005846414505
358200000,0.01220809075,-0.001349428407,-0.0002038015398,-0.0005917671071
358300000,0.01111984613,-0.006241194146,-0.0004865665209,-0.0004501802142
358400000,0.00798221363,-0.01015537287,-0.0006770327538,-0.0001869630944
358500000,0.003441687148,-0.01228371882,-0.0007281259858,0.0001434115926
358600000,-0.001563266539,-0.01219042357,-0.0006223358765,0.0004706503522
358700000,-0.005998912578,-0.009903025795,-0.000375754451,0.0007236199714
358800000,-0.008952766372,-0.005906042988,-3.496301485e-05,0.0008455527537
358900000,-0.009824462922,-0.001038714679,0.0003325680126,0.0008062503096
359000000,-0.008450893079,0.003681620278,0.000652531653,0.0006087045328
359100000,-0.005139328307,0.007273353958,0.0008593203171,0.0002887405548
359200000,-0.0006016026735,0.008996652383,0.000909771945,-9.223878457e-05
359300000,0.004196757046,0.00850834212,0.0007922391236,-0.0004598761219
359400000,0.008240646428,0.005933025756,0.000529084925,-0.000742196411
359500000,0.01067969652,0.00183544225,0.0001720938561,-0.0008844420486
359600000,0.01100754403,-0.002900097556,-0.0002082275092,-0.0008603059136
359700000,0.00916815618,-0.007257735767,-0.0005372094603,-0.0006772259189
359800000,0.005566676317,-0.01030577144,-0.0007513866941,-0.0003746549124
359900000,0.0009824562686,-0.01139431914,-0.0008114647281,-1.569288781e-05
360000000,-0.003597281318,-0.01029294832,-0.0007101889929,0.0003261443682
360100000,-0.007187784983,-0.007239045971,-0.0004734967976,0.0005822347836
360200000,-0.009016346774,-0.002886654922,-0.0001547447429,0.0007030275294
360300000,-0.008686501299,0.001833224171,0.0001767441503,0.0006681278712
360400000,-0.006261980756,0.005911003293,0.0004503828691,0.0004901985209
360500000,-0.002252737452,0.008473245267,0.0006091690321,0.0002118931582
360600000,0.002493756863,0.008968112711,0.0006215580215,-0.0001034945207
360700000,0.006972618742,0.007282261595,0.0004878776099,-0.0003856631837
360800000,0.01023471187,0.003764598934,0.0002399609566,-0.0005723207381
360900000,0.01158766091,-0.0008478823216,-6.588973143e-05,-0.0006224084073
361000000,0.01074224655,-0.005586284834,-0.0003610892999,-0.0005247457394
361100000,0.00787335099,-0.009454842865,-0.0005795040748,-0.0003002884788
361200000,0.003582708164,-0.01164141775,-0.0006716046099,2.451780718e-06
361300000,-0.001228552485,-0.01168896727,-0.000615041629,0.0003178295887
361400000,-0.005550540846,-0.00959178168,-0.0004194176776,0.0005771009186
361500000,-0.008478053105,-0.005796200477,-0.0001242627967,0.0007230872787
361600000,-0.009401658364,-0.001105742135,0.0002093366757,0.0007223619077
361700000,-0.008136016426,0.00348918445,0.000511666739,0.0005723861605
361800000,-0.004958349753,0.007020867532,0.0007191253521,0.0003021003883
361900000,-0.0005490509266,0.008748787535,0.0007876534251,-3.413848778e-05
362000000,0.004152871335,0.008315777708,0.0007020244594,-0.0003679753117
362100000,0.008148819323,0.005822905465,0.0004790436518,-0.0006314076059
362200000,0.01059196079,0.001807361247,0.0001639985186,-0.0007710353028
362300000,0.01096622475,-0.002871848624,-0.0001788718802,-0.0007592070577
362400000,0.009195139433,-0.007216142914,-0.0004798640368,-0.0005997250622
362500000,0.005657566385,-0.01029894567,-0.0006784016485,-0.0003269246121
362600000,0.001107081671,-0.01146182942,-0.0007356570992,1.65579528e-06
362700000,-0.003487853913,-0.01045373264,-0.0006425534752,0.0003174489386
362800000,-0.007149027517,-0.007483844308,-0.0004214797435,0.0005552981852
362900000,-0.009095435102,-0.003177073849,-0.0001213814545,0.0006671138513
363000000,-0.008908277634,0.001558312583,0.0001927143269,0.0006318742908
363100000,-0.006619189089,0.005722725312,0.0004535125078,0.0004598792983
363200000,-0.002703237937,0.008436249487,0.00060567901,0.0001903814917
363300000,0.00202157876,0.009124041112,0.000617485124,-0.0001168804762
363400000,0.006566925438,0.007637117997,0.000487421942,-0.0003944399644
363500000,0.009982293568,0.004283278361,0.0002444079416,-0.0005814467902
363600000,0.01155488129,-0.0002381617602,-5.843253755e-05,-0.0006365682861
363700000,0.01095917531,-0.004983925135,-0.0003550876326,-0.0005467316716
363800000,0.008324840382,-0.008965496588,-0.0005806717958,-0.0003298777055
363900000,0.00420868539,-0.01135716316,-0.0006851743833,-3.116294376e-05
364000000,-0.0005233685335,-0.01166954592,-0.0006440481708,0.0002865710178
364100000,-0.004879432039,-0.009852013917,-0.0004634178168,0.0005560393372
364200000,-0.007951231758,-0.006302320711,-0.0001788275314,0.0007196711275
364300000,-0.009105796631,-0.001781392338,0.0001521906954,0.0007417036108
364400000,-0.008118623833,0.00274870067,0.0004621492492,0.0006156787145
364500000,-0.005220068391,0.00632921651,0.0006876974648,0.0003657824219
364600000,-0.001045118242,0.008208230356,0.0007828109995,4.176596373e-05
364700000,0.003502736153,0.007999889755,0.0007283148469,-0.0002914633402
364800000,0.007444543149,0.005765591365,0.0005357569682,-0.0005673785148
364900000,0.009934731962,0.001999853519,0.0002448434529,-0.0007316451263
365000000,0.01044128511,-0.002476045301,-8.499829052e-05,-0.0007533107767
365100000,0.008858886202,-0.006689944195,-0.0003871299255,-0.0006310359958
365200000,0.005530984597,-0.009726664398,-0.0006016382417,-0.0003930827151
365300000,0.001176157405,-0.0109235259,-0.0006877595588,-9.109547002e-05
365400000,-0.00326542172,-0.01001185439,-0.0006321855075,0.000210982077
365500000,-0.006832564404,-0.007174408239,-0.0004515222905,0.0004504923833
365600000,-0.008747891537,-0.003006671121,-0.0001884166609,0.0005792696362
365700000,-0.008583329814,0.001609505534,9.779789561e-05,0.0005736761531
365800000,-0.006351275778,0.005692807479,0.0003439255482,0.0004393614638
365900000,-0.002502394135,0.008370102433,0.0004964668766,0.000209761523
366000000,0.00216910739,0.009060879755,0.0005230305667,-6.131433599e-05
366100000,0.006692385358,0.00759973065,0.0004191824405,-0.0003114088323
366200000,0.01012368934,0.004271393103,0.0002092925341,-0.0004829456678
366300000,0.01174407499,-0.0002486502548,-5.878097402e-05,-0.000535679014
366400000,0.01120976396,-0.005035283573,-0.0003240244682,-0.0004554189277
366500000,0.00862386515,-0.009106880972,-0.0005254117462,-0.0002571857908
366600000,0.004514637316,-0.0116300181,-0.00061506177,1.786746225e-05
366700000,-0.0002750496192,-0.01209301373,-0.0005686209022,0.0003111057585
366800000,-0.004763901332,-0.01041206238,-0.0003906735665,0.0005587993362
366900000,-0.008037171401,-0.006947767393,-0.0001140404789,0.0007056288587
367000000,-0.009437488345,-0.002428589502,0.0002068853623,0.0007164602983
367100000,-0.008701487546,0.002202773287,0.0005073609105,0.0005839132799
367200000,-0.006013487056,0.00598783254,0.0007257160765,0.0003301366867
367300000,-0.001964832657,0.008153819632,0.0008161652173,2.424249555e-06
367400000,0.002572596233,0.008275728939,0.0007583309915,-0.0003364065509
367500000,0.006632054974,0.006364573527,0.0005614999319,-0.0006208569432
367600000,0.009357482425,0.002863050232,0.0002627356876,-0.0007961290656
367700000,0.01018526786,-0.001450590285,-8.073930512e-05,-0.0008292627618
367800000,0.008963469144,-0.005630115911,-0.0004032887835,-0.0007157202662
367900000,0.005982925482,-0.00876462981,-0.0006442745659,-0.0004800704895
368000000,0.00191349448,-0.01017413764,-0.000760337728,-0.0001706614354
368100000,-0.002340985717,-0.009555395881,-0.0007339993661,0.0001505745615
368200000,-0.005837865414,-0.007046686728,-0.0005768121572,0.000421025321
368300000,-0.007798989294,-0.003197628108,-0.0003264433134,0.0005902979068
368400000,-0.007778412187,0.00114936063,-3.834581613e-05,0.0006304111082
368500000,-0.005758579506,0.005040271882,0.0002261904315,0.0005411621578
368600000,-0.002154580939,0.007614347121,0.0004130616795,0.0003495757456
368700000,0.002274062266,0.008288641977,0.0004866871733,0.0001035986105
368800000,0.006584845074,0.006883075416,0.0004372694432,-0.0001385795639
368900000,0.009852306505,0.003659707154,0.0002824637084,-0.0003212767279
369000000,0.01136411862,-0.0007316214926,6.313729383e-05,-0.0004034082789
369100000,0.01077192348,-0.00538934782,-0.0001658403595,-0.0003673362024
369200000,0.008165448345,-0.009348973179,-0.0003477809033,-0.000222598806
369300000,0.004054711694,-0.01178480062,-0.0004367104109,-3.741508308e-06
369400000,-0.0007356064002,-0.0121824236,-0.0004075639579,0.0002372692982
369500000,-0.005237308643,-0.01044609356,-0.0002618599304,0.0004424130161
369600000,-0.008539517418,-0.006918792276,-2.76423919e-05,0.0005603245088
369700000,-0.009977355233,-0.002311035076,0.0002462965664,0.0005576291582
369800000,-0.009269260325,0.002446624529,0.0005006867136,0.0004264842631
369900000,-0.006574457747,0.006396621829,0.000678363756,0.0001867175426
370000000,-0.002458697748,0.008752754898,0.0007365042211,-0.0001179000565
370100000,0.002224584217,0.009062605961,0.0006559265891,-0.0004284713096
370200000,0.006512941166,0.007300129211,0.0004454964914,-0.0006830338749
370300000,0.009536149919,0.003868980342,0.0001407051533,-0.0008293429819
370400000,0.01069787419,-0.0004842697412,-0.0002032882588,-0.0008357073175
370500000,0.009799501463,-0.00482900307,-0.0005227045788,-0.0006976223912
370600000,0.007079834464,-0.008248168816,-0.0007579886054,-0.0004388269287
370700000,0.003161947398,-0.01003285926,-0.0008657877766,-0.0001065715786
370800000,-0.001081777705,-0.009832391088,-0.0008275923091,0.0002379079301
370900000,-0.004717815475,-0.007727654784,-0.0006532651067,0.0005317290578
371000000,-0.006952601937,-0.004211791734,-0.000378757099,0.0007229520699
371100000,-0.007303303261,-8.219612449e-05,-5.851397757e-05,0.0007808193335
371200000,-0.00570138242,0.003732931632,0.0002458184648,0.0007015428264
371300000,-0.002506613143,0.006376008984,0.0004780202001,0.0005084753224
371400000,0.001571371238,0.007245939663,0.0005986180382,0.0002466784274
371500000,0.005626860569,0.006128361729,0.0005925527096,-2.692735132e-05
371600000,0.008753830376,0.003242397592,0.0004716220254,-0.0002557249301
371700000,0.01024146902,-0.000805821839,0.0002712381134,-0.0003952947784
371800000,0.0097275875,-0.005152503959,4.223961144e-05,-0.0004225311136
371900000,0.007277352578,-0.008860411831,-0.0001604570933,-0.0003400723921
372000000,0.003370952856,-0.01111849011,-0.0002899214971,-0.0001751437298
372100000,-0.001196735181,-0.01141449975,-0.0003174015147,2.689632127e-05
372200000,-0.005482844446,-0.009644328096,-0.0002384706943,0.000212883044
372300000,-0.008594157632,-0.006135283923,-7.383062411e-05,0.0003338029435
372400000,-0.009874084804,-0.001578917735,0.0001353812686,0.000355797165
372500000,-0.009039948067,0.003112154903,0.0003367505181,0.000267840384
372600000,-0.006242197127,0.006993249747,0.0004782292788,8.444416223e-05
372700000,-0.002033577748,0.009282973903,0.000519756448,-0.0001571967631
372800000,0.002745034535,0.009524431617,0.0004423565581,-0.000405007641
372900000,0.007138274162,0.007679007371,0.0002527623526,-0.0006031240946
373000000,0.01027337434,0.004133453538,-1.743843561e-05,-0.0007039108588
373100000,0.01153990588,-0.0003811160903,-0.0003179685822,-0.0006783565055
373200000,0.01071491433,-0.004941569887,-0.0005900526923,-0.0005226386055
373300000,0.008007381389,-0.008624890292,-0.0007785013812,-0.0002594636117
373400000,0.004012552109,-0.01070013391,-0.0008431609227,6.611513687e-05
373500000,-0.0004145884738,-0.01078003399,-0.0007673377272,0.0003955418661
373600000,-0.004340365676,-0.008900218832,-0.0005614424437,0.0006684347045
373700000,-0.006949934565,-0.005509038214,-0.0002610967681,0.0008346779732
373800000,-0.007719392472,-0.001369838992,7.990255647e-05,0.0008644340649
373900000,-0.006525705755,0.002603752194,0.0004003032919,0.0007540168287
374000000,-0.00367076128,0.005544461165,0.000643583618,0.0005264319765
374100000,0.0001857861355,0.006817760494,0.0007690918939,0.0002264982977
374200000,0.004170526543,0.006157901814,0.0007598547456,-8.841405632e-05
374300000,0.007386157417,0.003724241415,0.0006254689446,-0.0003600881553
374400000,0.009106215444,6.572881945e-05,0.0003995211493,-0.000541170021
374500000,0.008932640999,-0.003998687752,0.0001321213261,-0.0006044575784
374600000,0.006882235608,-0.007557797064,-0.000120847854,-0.0005478615883
374700000,0.003383532468,-0.009805553898,-0.0003094850804,-0.000394048435
374800000,-0.0008149895138,-0.01021564631,-0.000400150029,-0.0001848977061
374900000,-0.004805322018,-0.008655784466,-0.0003821162434,2.80000887e-05
375000000,-0.007714328153,-0.005417479889,-0.0002692249914,0.0001947496829
375100000,-0.008890466317,-0.001155359952,-9.623701189e-05,0.0002780126926
375200000,-0.008043173192,0.003250599464,8.92900641e-05,0.0002610056803
375300000,-0.005305666364,0.006880316209,0.0002378195939,0.0001509390024
375400000,-0.001208384203,0.008966998857,0.0003090016239,-2.281549343e-05
375500000,0.003430838939,0.009058078537,0.0002807743163,-0.000215407023
375600000,0.007676456216,0.007110240546,0.0001544408048,-0.0003765788717
375700000,0.01066913876,0.003499109458,-4.536911517e-05,-0.0004619493427
375800000,0.01180361301,-0.001058064166,-0.0002758434322,-0.0004430650275
375900000,0.01085362993,-0.00565042802,-0.0004851362192,-0.0003140590569
376000000,0.008018321531,-0.00936149061,-0.0006235639749,-9.347635922e-05
376100000,0.00388042912,-0.01145808793,-0.0006544606041,0.0001791398697
376200000,-0.0007149467367,-0.01154120474,-0.0005623771342,0.0004511926401
376300000,-0.004835976346,-0.009627304276,-0.0003568771127,0.0006678400192
376400000,-0.007657637943,-0.006143124227,-7.110986625e-05,0.000783399131
376500000,-0.008632782246,-0.001834845819,0.0002445572748,0.0007709534901
376600000,-0.007604824203,0.002389531845,0.0005325317551,0.000628151353
376700000,-0.004838218286,0.005651627476,0.0007395424494,0.0003779813322
376800000,-0.0009600833491,0.007287602118,0.0008273492502,6.435973339e-05
376900000,0.003174868856,0.006987389739,0.0007804038074,-0.0002565576558
377000000,0.00666756559,0.00485854294,0.0006088876976,-0.0005275423259
377100000,0.008766995433,0.001400928349,0.0003465166145,-0.0007016334713
377200000,0.00903068546,-0.002602475777,4.35849183e-05,-0.0007513193785
377300000,0.007418771452,-0.006255384516,-0.0002432914605,-0.000673683457
377400000,0.004301369326,-0.008742176526,-0.0004625979997,-0.0004904832206
377500000,0.0003776152512,-0.009504268933,-0.0005781430842,-0.0002431872192
377600000,-0.003476155627,-0.008360870833,-0.0005759729314,1.595655245e-05
377700000,-0.006396276367,-0.00554812265,-0.0004665759867,0.0002349256942
377800000,-0.007718657578,-0.00166833492,-0.000281966084,0.0003726841272
377900000,-0.007122509633,0.00243949513,-6.83105894e-05,0.0004074457554
378000000,-0.004700168566,0.005879789557,0.0001242963492,0.0003407274877
378100000,-0.0009384047978,0.007892330832,0.000252721784,0.0001963776899
378200000,0.003384351822,0.008015035659,0.0002900221124,1.483572896e-05
378300000,0.007362584275,0.006183139547,0.0002310560857,-0.0001561094112
378400000,0.0101549055,0.002744157718,9.330814317e-05,-0.0002720539467
378500000,0.01116149156,-0.001614085137,-8.722372946e-05,-0.0003018907825
378600000,0.01015054999,-0.006006825055,-0.0002641649179,-0.0002347672126
378700000,0.00730757357,-0.009536819041,-0.0003911568747,-8.25991765e-05
378800000,0.003197373095,-0.01148123654,-0.0004322594053,0.0001223907731
378900000,-0.001352947656,-0.01144202218,-0.0003701207999,0.0003345776186
379000000,-0.005425536584,-0.009428501696,-0.0002101569412,0.0005047971591
379100000,-0.008202069571,-0.005855144392,2.016370073e-05,0.0005910565608
379200000,-0.009133133587,-0.001455034873,0.0002767879437,0.0005678033459
379300000,-0.008051452761,0.002872876606,0.0005081475023,0.0004317736422
379400000,-0.005205365194,0.006250891604,0.0006659174262,0.000203167938
379500000,-0.001205548527,0.008004998626,0.0007151960098,-7.810878661e-05
379600000,0.003103914513,0.007804480743,0.00064196349,-0.0003603659077
379700000,0.006823187232,0.005729408067,0.0004562511299,-0.0005905561992
379800000,0.009185799282,0.002251748074,0.0001903528282,-0.0007250433491
379900000,0.00971942436,-0.001866067951,-0.0001075521142,-0.000738469566
380000000,0.008344295301,-0.005733848926,-0.0003830410338,-0.0006288856791
380100000,0.005388270148,-0.008523256695,-0.0005863549157,-0.0004180883435
380200000,0.001515178198,-0.009644059864,-0.0006823136156,-0.0001471080209
380300000,-0.002418424085,-0.008869408903,-0.0006571961247,0.0001322013531
380400000,-0.005547547529,-0.00638327066,-0.0005211807448,0.0003677141413
380500000,-0.007184647995,-0.002739799587,-0.0003058685431,0.0005175317527
380600000,-0.006967198621,0.001256633177,-5.743839277e-05,0.0005582549661
380700000,-0.004935305121,0.004724926934,0.0001731106587,0.000489330942
380800000,-0.001522822535,0.006896928993,0.0003405734548,0.0003326042601
380900000,0.002535913018,0.007282595795,0.0004147848734,0.0001272094959
381000000,0.006363519731,0.005775359444,0.0003865729246,-7.908073093e-05
381100000,0.009127325279,0.002675398786,0.0002691970156,-0.0002401990354
381200000,0.01021732172,-0.001373844279,9.500848305e-05,-0.0003216182961
381300000,0.009376526954,-0.005522087529,-9.191795021e-05,-0.0003075982983
381400000,0.006756276919,-0.008892375146,-0.0002455831958,-0.000204323352
381500000,0.002885004172,-0.01076671275,-0.0003281865445,-3.829050062e-05
381600000,-0.00144262721,-0.01073794758,-0.0003184063979,0.0001496786777
381700000,-0.005332620927,-0.00879597458,-0.0002160750165,0.0003134990567
381800000,-0.007979296706,-0.005330305756,-4.225903629e-05,0.000412002187
381900000,-0.008834193941,-0.001048681739,0.0001652592241,0.0004180504724
382000000,-0.007720824174,0.003170984353,0.0003601239825,0.0003246342474
382100000,-0.004871338243,0.006464136916,0.0004974266952,0.0001466490838
382200000,-0.0008775899385,0.008160066804,0.0005434647155,-8.202662899e-05
382300000,0.003433008757,0.007921584947,0.0004831578543,-0.0003155340568
382400000,0.007170758046,0.005814708554,0.0003235439305,-0.0005056321069
382500000,0.009569754836,0.002293837611,9.260765293e-05,-0.0006118604583
382600000,0.01014780845,-0.001894440621,-0.0001663153859,-0.0006101208547
382700000,0.008806644538,-0.005868754561,-0.0004033853037,-0.000497867565
382800000,0.005851309213,-0.00879852426,-0.0005724991435,-0.0002948148529
382900000,0.001924613383,-0.01007866442,-0.0006407817248,-3.90129584e-05
383000000,-0.00212964099,-0.009456535582,-0.0005953432962,0.0002208846987
383100000,-0.005445799315,-0.00708424127,-0.0004458981966,0.0004355451913
383200000,-0.007319924313,-0.003485123283,-0.0002227079667,0.0005649991422
383300000,-0.007358823397,0.0005584720099,2.970927318e-05,0.0005867130235
383400000,-0.005562850521,0.004172295923,0.0002617787633,0.0005000190377
383500000,-0.002324898861,0.00657658644,0.0004290512616,0.000325997501
383600000,0.00165411767,0.007252054451,0.0005012426525,0.0001028599692
383700000,0.005515189586,0.006050170523,0.0004682538042,-0.000122178536
383800000,0.008424537085,0.003224383465,0.0003419333041,-0.0003028197144
383900000,0.009751291946,-0.0006242209314,0.0001532428426,-0.0004033084835
384000000,0.009201786708,-0.004675109835,-5.45493238e-05,-0.0004057509571
384100000,0.006882009513,-0.008062976328,-0.0002351902182,-0.0003136033953
384200000,0.003275095531,-0.01006172935,-0.0003493005663,-0.000150624171
384300000,-0.0008612200871,-0.01023874186,-0.0003726873932,4.446019985e-05
384400000,-0.004655298367,-0.008546692371,-0.0003013641469,0.0002264210279
384500000,-0.007306271719,-0.005333641059,-0.0001522350258,0.0003533152184
384600000,-0.00825352794,-0.00126935909,4.067846033e-05,0.0003955130993
384700000,-0.007295154288,0.002796325495,0.0002336467415,0.0003420541733
384800000,-0.004630398039,0.006013061265,0.0003826886391,0.0002029922176
384900000,-0.0008173367792,0.007709369197,0.0004530587513,7.245961009e-06
385000000,0.003345124671,0.007534032068,0.0004267502517,-0.0002035743486
385100000,0.006985890925,0.005529732284,0.0003064249724,-0.0003840431795
385200000,0.009345311266,0.002123534542,0.0001149445598,-0.0004946092781
385300000,0.009935094741,-0.001963663697,-0.000109389666,-0.0005100427807
385400000,0.008640827429,-0.005869546395,-0.000320872937,-0.0004248531338
385500000,0.005745515535,-0.008772479611,-0.0004760045158,-0.000254536693
385600000,0.00186921816,-0.01006486301,-0.000542634593,-3.239706662e-05
385700000,-0.002162461046,-0.009481123568,-0.0005067217965,0.0001973836
385800000,-0.005493207845,-0.007153305186,-0.000375281938,0.0003889555448
385900000,-0.007417153802,-0.003582520145,-0.000174915365,0.000504351045
386000000,-0.007528005183,0.0004676422158,5.376683137e-05,0.0005213638288
386100000,-0.005804601563,0.004133106844,0.00026463536,0.0004381069602
386200000,-0.002614875913,0.006632338383,0.0004156613695,0.0002733018969
386300000,0.001362487757,0.007431637118,0.00047763756,6.225227077e-05
386400000,0.005281978069,0.006357783782,0.0004401736736,-0.0001506365293
386500000,0.008310218259,0.003634334451,0.000313717664,-0.0003212075811
386600000,0.009802107441,-0.0001659483223,0.0001271939519,-0.0004148004788
386700000,0.009436973125,-0.004242334684,-7.822661226e-05,-0.0004134537884
386800000,0.00728607699,-0.007735338689,-0.0002578986163,-0.0003195558276
386900000,0.003797331206,-0.009908140229,-0.0003731593578,-0.0001551904784
387000000,-0.0002994506049,-0.01030193014,-0.0003994776304,4.266649176e-05
387100000,-0.004146690645,-0.008832426258,-0.0003315828528,0.0002300721935
387200000,-0.006939978709,-0.005807245545,-0.0001845053526,0.0003654806355
387300000,-0.008097568542,-0.00186054195,9.676525256e-06,0.0004185671374
387400000,-0.007382652078,0.002181199452,0.0002086819804,0.0003766549288
387500000,-0.004952633588,0.005473785492,0.0003690113674,0.0002473972129
387600000,-0.001325076775,0.007333414735,0.0004551680749,5.716114351e-05
387700000,0.002732385618,0.007380615398,0.0004471752899,-0.0001545330032
387800000,0.006364832526,0.00561963241,0.0003448098702,-0.0003433350324
387900000,0.008811060037,0.002436530205,0.0001676718557,-0.0004693907205
388000000,0.009564499586,-0.001483539879,-4.891263459e-05,-0.0005057058484
388100000,0.008479972322,-0.005302359305,-0.0002612809312,-0.0004437930489
388200000,0.005803646697,-0.008206981035,-0.0004265522797,-0.0002954238566
388300000,0.002119832937,-0.009582523969,-0.0005115538799,-9.013165274e-05
388400000,-0.001774081658,-0.009142686376,-0.000499680776,0.000130993969
388500000,-0.005037933794,-0.006990201138,-0.0003942575583,0.0003239030363
388600000,-0.006968027994,-0.003594378247,-0.0002177113104,0.0004507552507
388700000,-0.007147117604,0.0003094162384,-6.749430005e-06,0.0004877347456
388800000,-0.005533201146,0.003876826061,0.0001954237499,0.0004298732885
388900000,-0.002468334644,0.006334567033,0.0003481981253,0.0002918826831
389000000,0.001394232456,0.007145132776,0.0004220346324,0.0001048426325
389100000,0.005228905253,0.006121204223,0.0004045433119,-9.053463207e-05
389200000,0.008212946605,0.003465654317,0.0003028922377,-0.0002526218814
389300000,0.009700852386,-0.0002710923408,0.0001420575851,-0.000347722614
389400000,0.009361071707,-0.004307091686,-4.069333812e-05,-0.0003571714478
389500000,0.007246352793,-0.007793629858,-0.0002038985686,-0.0002811924134
389600000,0.003783080873,-0.009993876771,-0.0003108482022,-0.0001387105966
389700000,-0.0003179530807,-0.01043784619,-0.0003374781865,3.682727078e-05
389800000,-0.004210435955,-0.009021167492,-0.0002775375846,0.0002047222176
389900000,-0.007089701588,-0.006027056677,-0.0001439387107,0.000325829547
390000000,-0.008360977265,-0.002067026387,3.398871034e-05,0.0003710285773
390100000,-0.007763461133,0.002047092158,0.0002167503221,0.0003275581749
390200000,-0.005424309851,0.005472889348,0.0003631174857,0.0002018766975
390300000,-0.001831332488,0.007513264443,0.0004389488652,1.844264143e-05
390400000,0.002269790296,0.007761609381,0.000424538412,-0.000185325361
390500000,0.006032157616,0.006185890474,0.0003189396228,-0.0003668458345
390600000,0.008685289667,0.003134016935,0.0001403557169,-0.000487287711
390700000,0.00969644631,-0.0007406385816,-7.748588141e-05,-0.0005197273537
390800000,0.008881660479,-0.004617940165,-0.0002922135712,-0.0004548401991
390900000,0.006443006342,-0.007684714722,-0.0004615048958,-0.0003029386708
391000000,0.002924112661,-0.009306797531,-0.0005517763309,-9.19358226e-05
391100000,-0.0009067689197,-0.009162885644,-0.0005450587842,0.0001383328663
391200000,-0.004221368107,-0.007311650907,-0.0004426328751,0.0003442377583
391300000,-0.006308609307,-0.004177700572,-0.0002646796597,0.0004872342591
391400000,-0.006726541854,-0.0004593132763,-4.603722714e-05,0.0005416436301
391500000,-0.005396427361,0.003022310719,0.0001710335702,0.0004997232582
391600000,-0.002618822527,0.005499938414,0.0003455501015,0.000372987964
391700000,0.0009917186024,0.006425359954,0.0004461520906,0.0001895331631
391800000,0.004639191481,0.005587234108,0.000457349402,-1.20505707e-05
391900000,0.007517396505,0.003156575472,0.000382383095,-0.0001908699804
392000000,0.00898316496,-0.0003496631736,0.0002421283561,-0.0003122913023
392100000,0.00869455509,-0.004178899489,7.030486128e-05,-0.0003550666025
392200000,0.006684674408,-0.007503380965,-9.396184176e-05,-0.0003155318896
392300000,0.003355641729,-0.009596508669,-0.0002146296305,-0.0002080123078
392400000,-0.0006057570301,-0.00998756574,-0.0002664672037,-6.137842664e-05
392500000,-0.004372594561,-0.008562185449,-0.0002403779817,8.748449876e-05
392600000,-0.0071517877,-0.005587552932,-0.0001451980291,0.0002018791968
392700000,-0.008350812613,-0.001657317614,-5.601543691e-06,0.0002534057729
392800000,-0.007702183879,0.002431916671,0.0001434211328,0.0002282393196
392900000,-0.005319798625,0.005846412394,0.0002643184381,0.0001302338625
393000000,-0.001675626069,0.007888653511,0.0003252980578,-1.980841724e-05
393100000,0.002498138937,0.00814209211,0.000307428999,-0.000188544686
393200000,0.006360897205,0.006557259419,0.0002090042817,-0.0003372350869
393300000,0.009137777196,0.003461474215,4.622805765e-05,-0.0004301016755
393400000,0.01027986915,-0.0005097631065,-0.0001499279698,-0.0004421259145
393500000,0.00957725386,-0.004545385629,-0.000340042896,-0.0003646286881
393600000,0.007201271872,-0.007827787875,-0.0004844141051,-0.0002074465223
393700000,0.003667129879,-0.009703019789,-0.0005513601184,2.764516507e-06
393800000,-0.0002754639958,-0.009816506304,-0.0005239183134,0.0002277521983
393900000,-0.00380080746,-0.00818569138,-0.000403535237,0.0004253354765
394000000,-0.006181528396,-0.005194127143,-0.0002099775457,0.0005579235794
394100000,-0.006941840409,-0.001508071112,2.251921771e-05,0.0006001200419
394200000,-0.005957101854,0.00206684857,0.0002520641065,0.0005438393279
394300000,-0.003478342075,0.004758436971,0.000437473375,0.0003998849199
394400000,-7.640260904e-05,0.005993279921,0.0005464522044,0.0001956758771
394500000,0.003482401579,0.005519172662,0.0005619098519,-3.039053534e-05
394600000,0.006402416636,0.003458311726,0.0004851176002,-0.0002367563132
394700000,0.008030839297,0.0002798153923,0.0003350814563,-0.0003870693323
394800000,0.007998890603,-0.003302464221,0.0001442927955,-0.0004573628806
394900000,0.006301609863,-0.006484754821,-4.822547637e-05,-0.0004405697531
395000000,0.003299189411,-0.00854739841,-0.0002051000786,-0.000347459111
395100000,-0.0003602734928,-0.00901064123,-0.0002982910596,-0.0002038402517
395200000,-0.003879813846,-0.007738777442,-0.0003146694705,-4.46635401e-05
395300000,-0.006484438083,-0.004970501815,-0.0002583355793,9.370086345e-05
395400000,-0.007587146991,-0.0012692696,-0.0001492217376,0.00018134862
395500000,-0.00691481762,0.002595417646,-1.831577645e-05,0.000201208982
395600000,-0.004567443592,0.005810291125,9.944159101e-05,0.0001525458064
395700000,-0.0009985672408,0.007689667278,0.0001730411544,5.086228047e-05
395800000,0.003078569155,0.00781980013,0.0001823675334,-7.574736974e-05
395900000,0.006839125655,0.006146149774,0.0001227403308,-0.0001929950623
396000000,0.009517875858,0.002985635595,6.059285503e-06,-0.0002681544136
396100000,0.01056783726,-0.001038364877,-0.0001416906833,-0.0002774968721
396200000,0.009773460725,-0.005124533036,-0.0002860383505,-0.0002118026095
396300000,0.007295044574,-0.008458869893,-0.0003915295671,-7.875456982e-05
396400000,0.003635279116,-0.01038243035,-0.0004295302257,9.830940947e-05
396500000,-0.0004651034175,-0.01052678163,-0.0003846608239,0.000285035714
396600000,-0.004180941637,-0.008889075991,-0.0002584853811,0.0004431146837
396700000,-0.006773626887,-0.005831075183,-6.96583445e-05,0.0005382781179
396800000,-0.007743832209,-0.002002223481,0.00014952016,0.0005475538776
396900000,-0.006934015216,0.001797275269,0.0003594358521,0.0004642530179
397000000,-0.004559085615,0.004784760862,0.0005210695941,0.000299639982
397100000,-0.0011586293,0.006359419688,0.0006038470979,8.092916842e-05
397200000,0.002519378152,0.006227848589,0.0005918059386,-0.0001539841059
397300000,0.005678840942,0.004464158561,0.0004868087935,-0.0003639731569
397400000,0.007645757862,0.001491687491,0.000308146747,-0.0005127757399
397500000,0.008012029543,-0.002009918877,8.862547541e-05,-0.0005760728206
397600000,0.006721984373,-0.005252462394,-0.0001320458256,-0.0005461036395
397700000,0.004082943119,-0.00751008968,-0.0003151886206,-0.0004328865516
397800000,0.0006974798863,-0.008276520157,-0.0004307713284,-0.0002618227612
397900000,-0.002668016222,-0.00737465964,-0.0004631422266,-6.821155703e-05
398000000,-0.005250047209,-0.00499494104,-0.0004137149618,0.0001101557102
398100000,-0.006453916749,-0.001654207865,-0.0003000858946,0.0002407631671
398200000,-0.005983044431,0.001915803703,-0.0001518125025,0.000302875353
398300000,-0.003903954807,0.004926143964,-3.78118235e-06,0.0002914324724
398400000,-0.0006332479682,0.006700451861,0.0001114062559,0.0002175487635
398500000,0.003150295374,0.00682050511,0.0001704010911,0.0001055509838
398600000,0.00664936983,0.005216644977,0.0001639533293,-1.277109549e-05
398700000,0.009116807462,0.002184200376,9.861865019e-05,-0.0001054409252
398800000,0.01001351753,-0.001677161117,-5.012402117e-06,-0.0001475184076
398900000,0.009122568528,-0.005588020341,-0.000117155379,-0.0001267102938
399000000,0.006595734045,-0.008751356171,-0.000205678606,-4.616120596e-05
399100000,0.002923064391,-0.01051827283,-0.0002434644056,7.6171109e-05
399200000,-0.001167920343,-0.01052280307,-0.0002146875532,0.0002114170766
399300000,-0.004862281392,-0.008757871971,-0.0001186495549,0.0003261306633
399400000,-0.007425720281,-0.005576787597,2.966668033e-05,0.0003896955174
399500000,-0.008355770048,-0.001620065397,0.0002024547741,0.0003812103748
399600000,-0.007484783522,0.002317163949,0.0003647600538,0.0002943736
399700000,-0.00501337156,0.005449620424,0.0004817770948,0.00013931203
399800000,-0.001467342379,0.007164044321,0.0005262302606,-5.905345694e-05
399900000,0.002412935638,0.007145312413,0.0004842794875,-0.0002657820965
400000000,0.005827732807,0.005440147179,0.0003587030709,-0.0004428429509
400100000,0.00808530566,0.002444988246,0.0001686795795,-0.0005567640956
400200000,0.008746268169,-0.001179578851,-5.379870173e-05,-0.0005854152307
400300000,0.007714488022,-0.004649966297,-0.0002701472854,-0.0005225191628
400400000,0.005255120006,-0.007226554672,-0.0004427664168,-0.0003789609217
400500000,0.001935749064,-0.008371047493,-0.0005424157058,-0.0001806285418
400600000,-0.001496976587,-0.007860581933,-0.0005538748851,3.676227247e-05
400700000,-0.004278911407,-0.005834047732,-0.000478738762,0.0002347855055
400800000,-0.005793495909,-0.002760558102,-0.0003347918181,0.0003798932987
400900000,-0.005704788185,0.000663185316,-0.0001521183296,0.0004499145836
401000000,-0.004029748774,0.003664474702,3.32206515e-05,0.0004381377088
401100000,-0.001134247056,0.005562357412,0.0001866121988,0.0003541609613
401200000,0.002346198102,0.005915363761,0.0002818667717,0.0002213733875
401300000,0.005643669372,0.004617444841,0.0003062974686,7.163309646e-05
401400000,0.00802340984,0.001921681162,0.0002628651172,-6.170665053e-05
401500000,0.008942109317,-0.001613043822,0.0001689761658,-0.0001509344011
401600000,0.008165138717,-0.005240702116,5.223023697e-05,-0.0001797680977
401700000,0.005817946932,-0.0081865775,-5.59414615e-05,-0.0001465778255
401800000,0.002360991684,-0.009811733982,-0.0001273635806,-6.438205272e-05
401900000,-0.001506179365,-0.009748693934,-0.0001434005348,4.235185923e-05
402000000,-0.00499119695,-0.007979844403,-9.908795254e-05,0.0001433888429
402100000,-0.007374560572,-0.004842317518,-4.23054707e-06,0.0002096467166
402200000,-0.008159965792,-0.0009585919659,0.0001187603507,0.000219853059
402300000,-0.007177908806,0.002892427734,0.0002398158709,0.0001654966952
402400000,-0.004621115252,0.005936789683,0.0003278748154,5.30015046e-05
402500000,-0.001004608127,0.007565659137,0.0003578284485,-9.73526213e-05
402600000,0.002941116284,0.007460985006,0.0003162498933,-0.0002555403935
402700000,0.006421506578,0.005660624031,0.0002046732208,-0.0003880650013
402800000,0.008742471043,0.002549451842,3.970888191e-05,-0.0004650664838
402900000,0.009453777103,-0.001221675213,-0.0001500468167,-0.0004667584415
403000000,0.008441451788,-0.004872263991,-0.0003296726447,-0.000387828414
403100000,0.005949824624,-0.007655425093,-0.0004649764917,-0.0002388658935
403200000,0.00252847338,-0.009013856238,-0.0005294726362,-4.450594616e-05
403300000,-0.001084927905,-0.008695757204,-0.0005098288101,0.0001613361718
403400000,-0.004121275599,-0.006806125447,-0.00040864998,0.000342157314
403500000,-0.005943116114,-0.003782430947,-0.0002440215384,0.0004661037923
403600000,-0.006179488934,-0.0002997032867,-4.59088237e-05,0.0005122613615
403700000,-0.004803749506,0.002874832538,0.0001498383028,0.0004747058246
403800000,-0.002137695441,0.005046550212,0.0003086332072,0.0003634906657
403900000,0.001218904554,0.0057423723,0.0004039761406,0.0002023861755
404000000,0.004518249709,0.00481195705,0.0004225515225,2.385895307e-05
404100000,0.00702599591,0.00245946126,0.000366562384,-0.0001376491073
404200000,0.008179615079,-0.000800844018,0.0002528460686,-0.0002527358758
404300000,0.007709674273,-0.004255461624,0.0001089889053,-0.0003028892633
404400000,0.005698120408,-0.007145169447,-3.271690791e-05,-0.0002839669815
404500000,0.002561235516,-0.008828183226,-0.0001421846849,-0.0002066050608
404600000,-0.001038906982,-0.00891808125,-0.0001978499084,-9.350476822e-05
404700000,-0.004335395337,-0.007367129904,-0.0001910647086,2.5793987e-05
404800000,-0.006619669324,-0.004477430816,-0.0001276581291,0.0001215172619
404900000,-0.00739220618,-0.0008377571554,-2.635704373e-05,0.0001702192721
405000000,-0.006468817966,0.002800278575,8.556815452e-05,0.0001598992495
405100000,-0.004020261014,0.005680339853,0.0001784796722,9.258562036e-05
405200000,-0.0005370553773,0.007200324049,0.0002270326401,-1.615411039e-05
405300000,0.003272828575,0.007038757537,0.0002158841695,-0.0001406603443
405400000,0.006631749908,0.005222237992,0.0001432240008,-0.0002508362214
405500000,0.008854596042,0.002119979901,2.13686438e-05,-0.0003187915314
405600000,0.009491478176,-0.001633232007,-0.0001257102435,-0.0003250483905
405700000,0.008421159587,-0.005269477196,-0.0002673983013,-0.0002629772305
405800000,0.005875755837,-0.008047813226,-0.0003729263514,-0.0001405101409
405900000,0.002391571426,-0.009408600752,-0.0004179557116,2.124195104e-05
406000000,-0.001303649368,-0.009089749812,-0.0003898631855,0.0001921850899
406100000,-0.004443457226,-0.007180506768,-0.0002906037557,0.0003393731857
406200000,-0.006383372573,-0.004101446606,-0.000136540614,0.00043378844
406300000,-0.006735698977,-0.0005148292967,4.472934114e-05,0.0004563500489
406400000,-0.00545003808,0.002815822952,0.0002198958408,0.0004018933071
406500000,-0.002822477313,0.005187290876,0.0003566523134,0.0002802879635
406600000,0.0005685090263,0.006105189759,0.000430212438,0.0001144641223
406700000,0.00398586541,0.005387997669,0.0004282738801,-6.424003974e-05
406800000,0.006691192271,0.003204518229,0.0003534043415,-0.0002224371958
406900000,0.00810200776,3.684117495e-05,0.0002223654795,-0.0003314324159
407000000,0.007915596875,-0.003423293317,6.253001004e-05,-0.0003729485586
407100000,0.006173107375,-0.006422637032,-9.384757989e-05,-0.0003426543952
407200000,0.003250278134,-0.008307502694,-0.0002163022238,-0.0002507780784
407300000,-0.0002231664946,-0.008663423802,-0.0002823763164,-0.0001197006642
407400000,-0.003498200725,-0.007403654745,-0.0002820917495,2.094369711e-05
407500000,-0.005866478443,-0.004787712511,-0.0002197559188,0.0001406151103
407600000,-0.006811480839,-0.001366124731,-0.0001127462291,0.0002143193358
407700000,-0.006118668729,0.002136704001,1.244523367e-05,0.0002278056195
407800000,-0.003921312712,0.004976454292,0.0001260498011,0.0001804250832
407900000,-0.0006724385432,0.006546896817,0.0002014935538,8.506346888e-05
408000000,0.002950961666,0.006508437757,0.0002211252083,-3.481646076e-05
408100000,0.006190996328,0.004860086992,0.0001799882522,-0.000150375909
408200000,0.008368871561,0.001939794724,8.684529066e-05,-0.0002337250435
408300000,0.009028024888,-0.001646744639,-3.775100655e-05,-0.000264019063
408400000,0.008030263896,-0.005153672556,-0.0001659181805,-0.0002320263813
408500000,0.005584737007,-0.007851967874,-0.0002684773144,-0.0001421990944
408600000,0.002203718905,-0.009182772547,-0.0003212703216,-1.18093972e-05
408700000,-0.001405410423,-0.00887475432,-0.0003104155441,0.0001326603301
408800000,-0.004489190825,-0.007000806062,-0.0002353847321,0.0002611039498
408900000,-0.006406675662,-0.003962166997,-0.0001092488732,0.0003461676107
409000000,-0.00676414349,-0.0004033578738,4.395880783e-05,0.0003690639471
409100000,-0.005497522994,0.002924075957,0.0001942046067,0.0003235946364
409200000,-0.002885177926,0.005320215307,0.0003116929336,0.0002175324862
409300000,0.0005115813642,0.006284300008,0.0003730666881,7.107301562e-05
409400000,0.003967625151,0.005620006811,0.0003662653079,-8.731642309e-05
409500000,0.00674755148,0.003476287509,0.0002930219578,-0.000226774971
409600000,0.008261188733,0.0003152104584,0.0001684802968,-0.000320418014
409700000,0.008188202181,-0.003186329242,1.801786787e-05,-0.0003508624533
409800000,0.006545500106,-0.006280201061,-0.0001280505569,-0.0003137528553
409900000,0.003683235562,-0.008305537689,-0.0002407734778,-0.0002185571131
410000000,0.0002103056054,-0.00882860481,-0.000298543938,-8.647575437e-05
410100000,-0.003134829121,-0.007734460378,-0.0002915102223,5.408467622e-05
410200000,-0.005640609119,-0.005251047538,-0.0002234990123,0.0001735141289
410300000,-0.006772971264,-0.001900697428,-0.000111059897,0.0002472112807
410400000,-0.006288205582,0.001610593687,2.015361932e-05,0.000260700329
410500000,-0.004284252835,0.004542584786,0.0001408925858,0.000212582715
410600000,-0.001179703037,0.006277238009,0.000224542381,0.0001147137794
410700000,0.002374930863,0.006449113662,0.0002527586462,-1.041931821e-05
410800000,0.005634796015,0.005022216564,0.0002193245369,-0.0001345528732
410900000,0.007918006014,0.002297160987,0.0001314237308,-0.0002297015266
411000000,0.008749435232,-0.001152754422,8.071167509e-06,-0.0002741304969
411100000,0.007960660787,-0.004602982485,-0.0001239566,-0.0002569851614
411200000,0.005724981904,-0.007330978063,-0.0002358238643,-0.0001806056256
411300000,0.002520150924,-0.008768856096,-0.0003027624416,-6.00453592e-05
411400000,-0.0009732764377,-0.008623162009,-0.0003093288495,8.009605148e-05
411500000,-0.00401643125,-0.006936396265,-0.0002526860106,0.0002108503485
411600000,-0.005968820839,-0.004077261651,-0.000143223579,0.0003049713454
411700000,-0.006423964269,-0.0006617257985,-2.39401222e-06,0.0003426534652
411800000,-0.005295182887,0.002578302314,0.000141771624,0.0003156754587
411900000,-0.00283335946,0.004950742516,0.0002605171544,0.0002291025912
412000000,0.0004270366061,0.005950437996,0.0003303482459,0.0001001978446
412100000,0.003782100096,0.005366335044,0.0003378934581,-4.521834454e-05
412200000,0.006508486398,0.003326041972,0.0002826219446,-0.0001781839159
412300000,0.008017355238,0.0002684041562,0.0001768557764,-0.0002726397761
412400000,0.007979591233,-0.003149971618,4.308708627e-05,-0.000310828482
412500000,0.006395792069,-0.006194315235,-9.082176496e-05,-0.0002869137158
412600000,0.003596279249,-0.008207753342,-0.0001975328055,-0.0002080671303
412700000,0.0001712432951,-0.00875075012,-0.0002559729408,-9.280664069e-05
412800000,-0.003154072208,-0.007694444485,-0.0002557091359,3.30486119e-05
412900000,-0.005672652078,-0.005248231402,-0.0001990404888,0.0001419394328
413000000,-0.006845019565,-0.001915894358,-0.0001003756291,0.0002104596969
413100000,-0.006413082869,0.001610297009,1.696037315e-05,0.0002243315923
413200000,-0.004454618036,0.004595063773,0.0001258021194,0.0001814119231
413300000,-0.001367075677,0.006414466377,0.0002010194341,9.209868835e-05
413400000,0.002215709629,0.006686680312,0.0002249430633,-2.294062902e-05
413500000,0.005556274119,0.005351819389,0.0001911901099,-0.0001372306541
413600000,0.007967815753,0.002684184155,0.0001060804246,-0.0002241892582
413700000,0.008957663783,-0.0007655142255,-1.265351503e-05,-0.0002628581957
413800000,0.008329886315,-0.004285764858,-0.000139588261,-0.0002424496945
413900000,0.006225558579,-0.007153428315,-0.0002469750065,-0.000164747898
414000000,0.00309225639,-0.008785157804,-0.0003106165635,-4.385819001e-05
414100000,-0.0004108264478,-0.008859244674,-0.000315017634,9.664317841e-05
414200000,-0.003552186464,-0.007382213562,-0.0002567255227,0.0002285601963
414300000,-0.005682372127,-0.0046860756,-0.0001451606384,0.0003249110494
414400000,-0.006370757562,-0.0013567729,-7.64114713e-07,0.0003655231533
414500000,-0.005495723774,0.001891058518,0.000149147707,0.0003412205061
414600000,-0.003269072003,0.004366429106,0.0002759533877,0.0002557323537
414700000,-0.000189460309,0.005549029633,0.0003555573428,0.0001249312927
414800000,0.003065212539,0.005199624689,0.0003732673966,-2.643160247e-05
414900000,0.005783499243,0.003410259307,0.0003267086065,-0.0001698047203
415000000,0.007373037966,0.0005835808555,0.0002261777271,-0.0002786611158
415100000,0.00748749871,-0.002654261051,9.238057114e-05,-0.0003338539777
415200000,0.006100714412,-0.005588457913,-4.795758046e-05,-0.0003273898841
415300000,0.003512193042,-0.007569239515,-0.0001676754872,-0.0002638449125
415400000,0.0002829178629,-0.008151531859,-0.0002447752581,-0.0001591476486
415500000,-0.002884732408,-0.007190748514,-0.0002668630694,-3.700815308e-05
415600000,-0.005297195527,-0.004874349921,-0.0002335080277,7.623409207e-05
415700000,-0.00641797664,-0.001682598365,-0.0001560408283,0.0001572413829
415800000,-0.00598240794,0.001712940022,-5.485806817e-05,0.0001905916024
415900000,-0.004054678293,0.004591406366,4.517382842e-05,0.0001719370686
416000000,-0.001015277151,0.006334984023,0.0001202209755,0.0001087491052
416100000,0.002518233812,0.006559392667,0.0001527089309,1.850573743e-05
416200000,0.005820209866,0.005195193027,0.0001351564538,-7.527500092e-05
416300000,0.008208454739,0.002503042418,7.17998299e-05,-0.000148296086
416400000,0.009186541516,-0.0009800671581,-2.233459569e-05,-0.0001809036692
416500000,0.008547258113,-0.004552175039,-0.000124706898,-0.0001625059385
416600000,0.0064157148,-0.007491989679,-0.0002101859781,-9.404054176e-05
416700000,0.003223238639,-0.009208420497,-0.0002565653582,1.204054894e-05
416800000,-0.0003824378744,-0.009362866145,-0.0002494946838,0.0001342714111
416900000,-0.003671950019,-0.007938792808,-0.0001857739321,0.0002466329614
417000000,-0.005985917305,-0.005244088054,-7.430432734e-05,0.0003240343041
417100000,-0.006871721587,-0.001845676166,6.55149851e-05,0.0003476592575
417200000,-0.006176791308,0.001549950699,0.0002076173394,0.0003090511099
417300000,-0.004078774019,0.004245245348,0.0003245310077,0.0002120738825
417400000,-0.001046189629,0.005697927491,0.0003929789449,7.233360384e-05
417500000,0.002262199079,0.005634227374,0.0003986513614,-8.582577275e-05
417600000,0.00513806163,0.004105043593,0.0003391605654,-0.000234131622
417700000,0.006974397481,0.00147302811,0.0002245675866,-0.0003460023491
417800000,0.00739453374,-0.001666729477,7.537617977e-05,-0.0004018168922
417900000,0.006331649014,-0.004615551087,-8.158410823e-05,-0.0003927498116
418000000,0.004041746612,-0.00672200696,-0.0002185277661,-0.0003223897163
418100000,0.001047246443,-0.007522377966,-0.000312222038,-0.0002058225544
418200000,-0.001976694397,-0.006840534529,-0.0003484977893,-6.638961573e-05
418300000,-0.004348643777,-0.004825738146,-0.0003248403401,6.918753931e-05
418400000,-0.005528565488,-0.001920278812,-0.0002505444706,0.0001762873638
418500000,-0.005234907555,0.001235972146,-0.0001444304135,0.0002373269986
418600000,-0.003506008594,0.003943427122,-3.062864117e-05,0.0002451347298
418700000,-0.0006928200803,0.005593364425,6.665687235e-05,0.0002040687999
418800000,0.002615249405,0.005798976959,0.0001282890032,0.0001286757449
418900000,0.005715291456,0.004479037974,0.0001441525662,4.020357965e-05
419000000,0.00793990804,0.001876626705,0.0001150949087,-3.826184489e-05
419100000,0.008798659118,-0.001490760478,5.245741648e-05,-8.698114343e-05
419200000,0.008082185275,-0.004938911204,-2.467988686e-05,-9.394831695e-05
419300000,0.005907301613,-0.007759573993,-9.392981209e-05,-5.753893849e-05
419400000,0.002693843591,-0.009368133919,-0.0001347382838,1.314485616e-05
419500000,-0.0009216854887,-0.009425458826,-0.000133117558,0.0001003009622
419600000,-0.004217513246,-0.007908618519,-8.49467166e-05,0.0001813848621
419700000,-0.006535625982,-0.005115893223,2.877348696e-06,0.0002341441637
419800000,-0.007417445038,-0.001605152442,0.000113694402,0.0002416461033
419900000,-0.006698007436,0.001921510496,0.0002244826168,0.0001962154299
420000000,-0.004539138923,0.004762884527,0.0003106915278,0.0001014316038
420100000,-0.001394760052,0.006363323597,0.0003514851187,-2.825432558e-05
420200000,0.002084452018,0.006426904605,0.0003342856764,-0.0001702193533
420300000,0.005187196467,0.004977248608,0.0002576549146,-0.0002981320255
420400000,0.007290058703,0.002350450345,0.0001318970348,-0.0003872557188
420500000,0.007987270255,-0.0008774954329,-2.275523411e-05,-0.000419490816
420600000,0.007174369438,-0.004013612981,-0.0001800063309,-0.0003871088284
420700000,0.005067981302,-0.006395334218,-0.0003126233196,-0.0002944037521
420800000,0.002157374089,-0.007531123205,-0.0003977685764,-0.0001569187375
420900000,-0.0009020296013,-0.007204341892,-0.0004214462374,1.591289686e-06
421000000,-0.00343050687,-0.005518055865,-0.0003811552298,0.0001538328584
421100000,-0.004870841114,-0.002871071112,-0.0002862156627,0.0002743193221
421200000,-0.004908473018,0.0001296960324,-0.0001557185969,0.0003442904591
421300000,-0.003539074106,0.002801618912,-1.454091193e-05,0.0003552028076
421400000,-0.00106898934,0.004534914452,0.0001117352606,0.0003100899632
421500000,0.001951448944,0.004925257511,0.0002019379839,0.0002225394631
421600000,0.00484720851,0.003861890146,0.0002433966799,0.0001135311111
421700000,0.00696462066,0.001552381265,0.0002341729681,6.826204572e-06
421800000,0.007812765987,-0.00152107493,0.0001829926986,-7.61051933e-05
421900000,0.007169926817,-0.004704219274,0.0001069286404,-0.0001205434478
422000000,0.00513252228,-0.007310036343,2.735837962e-05,-0.0001214287953
422100000,0.002096346309,-0.008765044367,-3.491636904e-05,-8.412176161e-05
422200000,-0.001325647266,-0.008731545698,-6.433118188e-05,-2.287795273e-05
422300000,-0.004431407096,-0.007180129615,-5.399766364e-05,4.260973684e-05
422400000,-0.006576582735,-0.004397375309,-7.184448034e-06,9.183627736e-05
422500000,-0.007309224625,-0.0009273888195,6.347020386e-05,0.0001082648745
422600000,-0.00646429564,0.002540372551,0.000138835615,8.322098831e-05
422700000,-0.004198449656,0.005313444152,0.0001976277855,1.805204495e-05
422800000,-0.0009580356048,0.006839204259,0.0002212688865,-7.592066072e-05
422900000,0.002612865855,0.006818609975,0.000198214284,-0.0001796567679
423000000,0.005805206531,0.005267320151,0.000126807876,-0.0002703841044
423100000,0.007990991936,0.002511616529,1.603997562e-05,-0.0003264731366
423200000,0.00875229481,-0.0008799976085,-0.0001159722763,-0.0003321627701
423300000,0.007966478532,-0.004215340315,-0.0002454790186,-0.0002811309498
423400000,0.005829853128,-0.006822616752,-0.000347845335,-0.000178145363
423500000,0.002814726851,-0.008189969788,-0.000402566153,-3.843194322e-05
423600000,-0.0004312803163,-0.008071256372,-0.0003975042832,0.0001151235096
423700000,-0.003222599113,-0.006535707517,-0.0003314683633,0.0002563728424
423800000,-0.004980794127,-0.003950843464,-0.0002145923016,0.0003610015645
423900000,-0.005356581793,-0.0009021282519,-6.643386747e-05,0.0004112782413
424000000,-0.004302734753,0.001933625925,8.781803255e-05,0.0003994852708
424100000,-0.002082214176,0.003934092086,0.0002222482615,0.0003293336916
424200000,0.0007902675737,0.004665237627,0.0003152267231,0.0002150830383
424300000,0.003660711428,0.003974344392,0.000353502905,7.856195076e-05
424400000,0.005878098865,0.002022225863,0.0003345556747,-5.528253126e-05
424500000,0.006935787247,-0.0007522533259,0.0002667365516,-0.0001633790897
424600000,0.006581564116,-0.003727626571,0.0001672053639,-0.000229036192
424700000,0.004872706055,-0.006234583565,5.811595063e-05,-0.0002450330368
424800000,0.002164307954,-0.007700958629,-3.812958811e-05,-0.00021467715
424900000,-0.0009664452208,-0.007775775301,-0.0001035521462,-0.0001506397389
425000000,-0.003843646845,-0.006405816876,-0.0001282114728,-7.184877253e-05
425100000,-0.005837148387,-0.003848509354,-0.0001120175695,8.72838657e-07
425200000,-0.006497287461,-0.0006186037609,-6.437770335e-05,4.947669029e-05
425300000,-0.005651298906,0.002619760274,-1.782716106e-06,6.266109075e-05
425400000,-0.003441180107,0.005192555097,5.612436764e-05,3.829763285e-05
425500000,-0.0002952844216,0.006557411809,9.113288618e-05,-1.619960004e-05
425600000,0.00316012021,0.006417506525,9.070218491e-05,-8.562939377e-05
425700000,0.00623060294,0.004784085308,5.093118206e-05,-0.0001504933852
425800000,0.008297445476,0.001974774388,-2.238563251e-05,-0.0001914586614
425900000,0.008945684204,-0.001451788411,-0.0001148483704,-0.0001938231554
426000000,0.008049769198,-0.004811290877,-0.0002064592968,-0.0001510141519
426100000,0.005799126615,-0.007435049211,-0.0002759076418,-6.635740547e-05
426200000,0.002658360392,-0.008807930206,-0.0003052176363,4.727642564e-05
426300000,-0.0007296348564,-0.008674234256,-0.0002837667904,0.0001698892836
426400000,-0.003677509644,-0.007089481646,-0.0002108132552,0.0002783397436
426500000,-0.005596350665,-0.004407247889,-9.598481064e-05,0.0003510635517
426600000,-0.006117738977,-0.001203728851,4.238944066e-05,0.0003725436952
426700000,-0.005169333451,0.001844210511,0.0001807708913,0.0003365938981
426800000,-0.002988010004,0.004101888586,0.0002950111879,0.0002477664432
426900000,-6.770911953e-05,0.005110418472,0.0003651130464,0.0001205857795
427000000,0.002947029917,0.004682767591,0.0003791720264,-2.323874283e-05
427100000,0.005399280101,0.002941825406,0.0003356901391,-0.0001590489068
427200000,0.006760265432,0.0002923272262,0.0002437908904,-0.0002640517762
427300000,0.006742216457,-0.002667407232,0.000121300736,-0.0003217245969
427400000,0.005359379526,-0.005275051254,-8.896945825e-06,-0.0003249118985
427500000,0.002924095044,-0.006947384427,-0.0001234741879,-0.000276991402
427600000,-2.119536256e-05,-0.007306211907,-0.0002032805532,-0.0001908890115
427700000,-0.002821358791,-0.006260046702,-0.0002370231888,-8.617083927e-05
427800000,-0.004850109811,-0.004024056385,-0.000223256154,1.516170549e-05
427900000,-0.005645241248,-0.001074098996,-0.0001702890815,9.328240742e-05
428000000,-0.005008561042,0.001955142262,-9.40638964e-05,0.0001345877004
428100000,-0.003049247195,0.004405965832,-1.447456489e-05,0.0001343390915
428200000,-0.0001615518042,0.005738299434,4.907110624e-05,9.736189961e-05
428300000,0.00305816531,0.005645239057,8.189491343e-05,3.667725077e-05
428400000,0.00593724758,0.004119064394,7.719303274e-05,-2.961611659e-05
428500000,0.007868638193,0.001453956665,3.741860291e-05,-8.252333662e-05
428600000,0.008438897539,-0.001814931578,-2.638103252e-05,-0.0001064886903
428700000,0.007515477714,-0.005023045006,-9.7116532e-05,-9.294721631e-05
428800000,0.005275064613,-0.007515095896,-0.0001555382876,-4.232723182e-05
428900000,0.002167189951,-0.008781745595,-0.0001846046835,3.592699456e-05
429000000,-0.001179159964,-0.008565723518,-0.0001733916338,0.0001253177519
429100000,-0.004086345319,-0.006915255387,-0.0001196978154,0.0002058216904
429200000,-0.005968921422,-0.004173696792,-3.077955288e-05,0.0002582284953
429300000,-0.006455100776,-0.0009075884937,7.795142037e-05,0.0002683628905
429400000,-0.005463450882,0.002211792336,0.0001860003866,0.0002302867758
429500000,-0.003218801038,0.0045485866,0.0002719891808,0.0001477940884
429600000,-0.0002040424554,0.005634855788,0.0003181005116,3.387171486e-05
429700000,0.002942063609,0.005267646019,0.0003138322303,-9.177131018e-05
429800000,0.005559607436,0.003550222907,0.0002582711922,-0.0002065976343
429900000,0.007106437998,0.0008687863699,0.0001604065817,-0.0002897511185
430000000,0.007271963169,-0.002190449662,3.741274649e-05,-0.0003262460946
430100000,0.006041776013,-0.00496631708,-8.874462367e-05,-0.0003099679749
430200000,0.003699386692,-0.00686342177,-0.0001956764611,-0.0002448657499
430300000,0.0007646584652,-0.007478665211,-0.0002650089132,-0.0001440944265
430400000,-0.002117975793,-0.006686631424,-0.0002859771807,-2.729225574e-05
430500000,-0.004317693221,-0.004665633718,-0.0002574382857,8.343559927e-05
430600000,-0.005352356027,-0.00185887859,-0.0001878984536,0.0001679891323
430700000,-0.0049916319,0.001120909972,-9.356587365e-05,0.0002122731578
430800000,-0.003306167887,0.003622961022,5.149242524e-06,0.0002109003077
430900000,-0.0006524061917,0.005097885003,8.794419326e-05,0.0001680488821
431000000,0.002403586071,0.005215293215,0.0001388356078,9.631648102e-05
431100000,0.005206898612,0.003934593606,0.0001493930812,1.383136502e-05
431200000,0.007153359431,0.001514014552,0.0001203258252,-5.975245296e-05
431300000,0.007818215082,-0.001543905441,6.11049904e-05,-0.000107519748
431400000,0.007046641995,-0.004598645587,-1.227893167e-05,-0.0001189126525
431500000,0.004987006066,-0.00700721081,-8.093035947e-05,-9.194015894e-05
431600000,0.002059955179,-0.008260097553,-0.0001272534661,-3.35187369e-05
431700000,-0.001130003829,-0.008088991572,-0.0001388454331,4.211640069e-05
431800000,-0.003921681456,-0.006523516601,-0.0001112465713,0.0001165793265
431900000,-0.005736253773,-0.00388514997,-4.896256499e-05,0.0001713960482
432000000,-0.006198864619,-0.0007196851713,3.545591881e-05,0.0001920890792
432100000,-0.005217202165,0.002317443742,0.0001240767513,0.000171409151
432200000,-0.003000577261,0.004598772549,0.0001974229787,0.0001110228996
432300000,-1.557527791e-05,0.005656372803,0.0002386641737,2.129502181e-05
432400000,0.003112308625,0.005279714646,0.0002372699865,-8.079129818e-05
432500000,0.005730304495,0.003559288353,0.0001913485372,-0.0001751370483
432600000,0.007295556864,0.0008668629614,0.0001081716081,-0.000242713578
432700000,0.007488998598,-0.002223418122,2.772397345e-06,-0.0002695489767
432800000,0.00628194266,-0.005056460669,-0.0001050915339,-0.0002496743685
432900000,0.003941369659,-0.007034556399,-0.0001949734213,-0.0001864099452
433000000,0.0009728057796,-0.007743438067,-0.0002499248222,-9.172064266e-05
433100000,-0.001987131534,-0.007039422285,-0.000259959206,1.622272795e-05
433200000,-0.004305780714,-0.005079216829,-0.0002240689998,0.0001167648952
433300000,-0.005488473244,-0.002286105126,-0.0001503784407,0.0001909905453
433400000,-0.005283164457,0.0007402855224,-5.440624921e-05,0.0002255690899
433500000,-0.003733511006,0.003351453945,4.419201429e-05,0.0002154195189
433600000,-0.00116921,0.004987669091,0.0001257151122,0.0001646450414
433700000,0.001864258787,0.005296604907,0.0001744822282,8.555173817e-05
433800000,0.004721504409,0.004207868039,0.0001820243733,-4.032365529e-06
433900000,0.006794098496,0.001947715595,0.0001487386937,-8.45661016e-05
434000000,0.007639450206,-0.001009050045,8.366886803e-05,-0.0001389262138
434100000,0.007074432798,-0.004039733514,2.469884196e-06,-0.0001559912541
434200000,0.005214010854,-0.006505584025,-7.600319544e-05,-0.000132928121
434300000,0.002446768054,-0.007886898729,-0.0001337555038,-7.570758019e-05
434400000,-0.0006474195988,-0.007892814952,-0.0001575014585,2.249744277e-06
434500000,-0.00342009301,-0.006522592058,-0.0001414908882,8.300099032e-05
434600000,-0.005291300732,-0.004065463335,-8.871970435e-05,0.0001479558172
434700000,-0.005872045935,-0.00103914896,-1.027596978e-05,0.0001818746102
434800000,-0.005046188444,0.001919892637,7.703320655e-05,0.0001761436542
434900000,-0.002994510588,0.004191190887,0.0001542660953,0.0001306366514
435000000,-0.0001559205352,0.005301419103,0.0002043802962,5.377292241e-05
435100000,0.002865919321,0.005024222037,0.0002158621184,-3.923529023e-05
435200000,0.005430710004,0.003427619771,0.0001851855317,-0.0001295717058
435300000,0.006997218717,0.0008590092274,0.000117584308,-0.0001987644879
435400000,0.007237824338,-0.002129000424,2.597849476e-05,-0.0002325596523
435500000,0.006107660552,-0.004896159454,-7.171388009e-05,-0.0002239032458
435600000,0.003853738291,-0.006850610687,-0.0001563092784,-0.0001744067047
435700000,0.000962154837,-0.007574533448,-0.0002113465315,-9.399161099e-05
435800000,-0.001945370604,-0.006912761082,-0.0002264902635,1.205216815e-06
435900000,-0.004243646515,-0.005005607314,-0.0001996361579,9.221907034e-05
436000000,-0.005436785725,-0.002258998566,-0.0001372805599,0.0001612192136
436100000,-0.005263458249,0.0007416716787,-5.308436936e-05,0.0001952089968
436200000,-0.003752366437,0.003355623491,3.505789316e-05,0.0001886863965
436300000,-0.001216296864,0.005022372254,0.0001088189819,0.0001447094557
436400000,0.001813862363,0.005380306299,0.0001533038707,7.414980155e-05
436500000,0.004701074765,0.00434316898,0.0001601625004,-6.699318136e-06
436600000,0.006836375452,0.002118419474,0.000129296053,-7.964725381e-05
436700000,0.007767053234,-0.0008362660208,6.880201192e-05,-0.0001285119591
436800000,0.007291850773,-0.003909081746,-6.823340343e-06,-0.0001425793174
436900000,0.005503235288,-0.006462485814,-7.983811934e-05,-0.0001188845066
437000000,0.002767938203,-0.007966884309,-0.0001330915449,-6.283536384e-05
437100000,-0.0003500759197,-0.008111522862,-0.000153729447,1.295052427e-05
437200000,-0.003207974271,-0.006869312655,-0.000135983713,9.134556254e-05
437300000,-0.005218845842,-0.004502002821,-8.245612448e-05,0.0001543753378
437400000,-0.005974558719,-0.001504651567,-3.626039846e-06,0.0001870698148
437500000,-0.005330833775,0.001498879752,8.431358089e-05,0.0001806890175
437600000,-0.003436634029,0.003887365919,0.0001628353908,0.0001346429941
437700000,-0.0007017013515,0.005172857886,0.0002149608583,5.670189352e-05
437800000,0.002290876798,0.005102942387,0.0002288316613,-3.85478692e-05
437900000,0.00490856689,0.003713014164,0.0002002206297,-0.0001326770891
438000000,0.0066035162,0.001317506991,0.0001334576791,-0.0002071935664
438100000,0.007028465935,-0.001558050512,4.05795819e-05,-0.0002473375839
438200000,0.006109830835,-0.004289724077,-6.111522606e-05,-0.0002451014651
438300000,0.004062392862,-0.006288636046,-0.0001525925432,-0.0002008465847
438400000,0.001342472799,-0.007126759936,-0.0002169506905,-0.0001231868985
438500000,-0.001450424121,-0.006628200463,-0.0002428244316,-2.717199461e-05
438600000,-0.003702460917,-0.004906465513,-0.0002266187449,6.884177088e-05
438700000,-0.004917253503,-0.002339794035,-0.0001731152884,0.0001469709083
438800000,-0.004822406685,0.000510121453,-9.433792869e-05,0.0001934414299
438900000,-0.003428071572,0.003018563884,-6.929615627e-06,0.0002013234773
439000000,-0.001025117451,0.004631587493,7.139591646e-05,0.0001717992111
439100000,0.001876549789,0.004984633731,0.0001255730374,0.0001137115871
439200000,0.004656243623,0.003980780011,0.0001462880369,4.150582107e-05
439300000,0.006714222906,0.001812134555,0.0001318172148,-2.798573817e-05
439400000,0.007598938584,-0.001079982542,8.822062399e-05,-7.922251757e-05
439500000,0.007102950215,-0.004097486524,2.786388198e-05,-0.0001013112778
439600000,0.005307398957,-0.006610986051,-3.340409701e-05,-9.032414677e-05
439700000,0.002565825144,-0.008091801474,-7.980515395e-05,-5.008918534e-05
439800000,-0.0005691307779,-0.008222837832,-9.915206703e-05,8.709017405e-06
439900000,-0.003460671572,-0.006965141269,-8.55790511e-05,7.092039894e-05
440000000,-0.005520311764,-0.004566306489,-4.089715061e-05,0.0001202962856
440100000,-0.006330165142,-0.001509080728,2.571666998e-05,0.0001431092053
440200000,-0.005729535158,0.001589011517,9.963269648e-05,0.0001312497817
440300000,-0.003847783002,0.004104005447,0.0001638790848,8.413649594e-05
440400000,-0.001076672392,0.005534972661,0.0002027908749,9.026173785e-06
440500000,0.002011981846,0.005607592632,0.0002054240201,-8.034826209e-05
440600000,0.004786114528,0.004330175452,0.0001680102263,-0.0001665327476
440700000,0.006685565154,0.001990408555,9.493006637e-05,-0.0002319259504
440800000,0.007338853129,-0.0009065059349,-2.007032885e-06,-0.0002624257755
440900000,0.006639988901,-0.003745342715,-0.0001058324884,-0.0002503867264
441000000,0.004769069337,-0.005931327888,-0.0001977705227,-0.0001962704797
441100000,0.002152230457,-0.007015991675,-0.0002609795503,-0.0001086449855
441200000,-0.000630606932,-0.00679165092,-0.0002839100364,-2.531606993e-06
441300000,-0.002970590673,-0.005334344078,-0.0002625872571,0.0001035569149
441400000,-0.004360724102,-0.002985993778,-0.0002013526563,0.0001912742019
441500000,-0.004504558632,-0.0002795902531,-0.0001119191202,0.0002460383478
441600000,-0.00337945517,0.002176540939,-1.094598981e-05,0.0002598311682
441700000,-0.001240841773,0.003830489931,8.335428611e-05,0.0002326295363
441800000,0.001433383808,0.004306187951,0.0001548681191,0.0001721879069
441900000,0.004046262513,0.003484860307,0.0001927330909,9.223659049e-05
442000000,0.006010695715,0.00153109727,0.0001933427839,9.490512806e-06
442100000,0.006876187224,-0.00114191287,0.0001608020835,-5.989118868e-05
442200000,0.006426303804,-0.00396039138,0.0001057598792,-0.0001036447297
442300000,0.004726144429,-0.006312289917,4.288867191e-05,-0.0001158394302
442400000,0.002109867434,-0.007677798242,-1.243562976e-05,-9.790953797e-05
442500000,-0.0008888950063,-0.007740330086,-4.75353513e-05,-5.807859848e-05
442600000,-0.003648841531,-0.006454579013,-5.518401232e-05,-9.318658544e-06
442700000,-0.005591323876,-0.004057435311,-3.512408831e-05,3.370152275e-05
442800000,-0.006301744295,-0.001019652923,5.969021006e-06,5.801137201e-05
442900000,-0.005616627183,0.002051421112,5.606063067e-05,5.533827105e-05
443000000,-0.003658284076,0.004537587386,0.0001005217413,2.406147423e-05
443100000,-0.0008100011999,0.005937726433,0.0001254839925,-3.030436143e-05
443200000,0.002362938369,0.00597131878,0.0001210572684,-9.620438414e-05
443300000,0.005229884768,0.004636113364,8.371207852e-05,-0.0001584873001
443400000,0.007224845355,0.002208053827,1.73068902e-05,-0.0002016786433
443500000,0.007962908185,-0.0008164641675,-6.74711369e-05,-0.0002133865388
443600000,0.007318885155,-0.003823989408,-0.0001551465795,-0.0001871130595
443700000,0.00545179637,-0.006211558079,-0.0002285576578,-0.0001238682552
443800000,0.002770041008,-0.007511785992,-0.0002723746236,-3.223498582e-05
443900000,-0.0001555275054,-0.007489314261,-0.0002763003114,7.314252066e-05
444000000,-0.002712432696,-0.006188293671,-0.0002372833994,0.0001743434215
444100000,-0.00437587109,-0.003920807117,-0.0001602797856,0.0002536592227
444200000,-0.00481909336,-0.00119858916,-5.739893842e-05,0.0002970709772
444300000,-0.003981368637,0.001377514261,5.439312036e-05,0.0002970013194
444400000,-0.002078980763,0.003246799521,0.0001565443026,0.0002537788476
444500000,0.0004431378525,0.004009015093,0.0002324907483,0.0001755196493
444600000,0.003008772381,0.003509903732,0.0002708051919,7.645839306e-05
444700000,0.005035849175,0.001873585766,0.0002672812729,-2.591897837e-05
444800000,0.006062896033,-0.0005251630687,0.0002255393852,-0.0001143438176
444900000,0.005849288949,-0.00314271346,0.0001560484408,-0.0001751176941
445000000,0.004427715449,-0.005384769675,7.378707716e-05,-0.0002006628936
445100000,0.002097632296,-0.006735430515,-4.951498453e-06,-0.0001907570066
445200000,-0.0006387584085,-0.006869342098,-6.593330309e-05,-0.0001522178079
445300000,-0.003184133122,-0.00572290506,-9.982800642e-05,-9.713167822e-05
445400000,-0.00497410295,-0.003509401942,-0.0001039348955,-4.00242271e-05
445500000,-0.005598301175,-0.000674993966,-8.244382821e-05,5.408860681e-06
445600000,-0.004888772843,0.002194844463,-4.519910693e-05,2.930557426e-05
445700000,-0.002957067173,0.00449844378,-5.253672199e-06,2.77338715e-05
445800000,-0.0001724125799,0.005744521368,2.424246522e-05,3.437991382e-06
445900000,0.002914206182,0.005655624922,3.313650687e-05,-3.491477027e-05
446000000,0.005683977285,0.004226883759,1.667436506e-05,-7.481275386e-05
446100000,0.007578313143,0.001727976366,-2.331400298e-05,-0.0001028449575
446200000,0.008214363148,-0.001351923442,-7.870511125e-05,-0.0001078674791
446300000,0.007464056932,-0.004404663828,-0.0001367894377,-8.369932926e-05
446400000,0.005480365598,-0.006828190286,-0.0001830317789,-3.075659819e-05
446500000,0.002665398493,-0.008150245842,-0.0002042934424,4.373890725e-05
446600000,-0.0004130261924,-0.008125058748,-0.0001918246608,0.0001270360318
446700000,-0.003139025513,-0.006782946538,-0.0001433822119,0.0002033583616
446800000,-0.004976058231,-0.004422493478,-6.401057468e-05,0.0002571167967
446900000,-0.005577528943,-0.001546884351,3.469423007e-05,0.0002761593443
447000000,-0.004857431639,0.001242343381,0.000136700232,0.0002543763689
447100000,-0.003006156309,0.003371872419,0.0002246071112,0.0001931122095
447200000,-0.0004480641244,0.004416859422,0.0002830385997,0.0001010815503
447300000,0.002250264078,0.004189432915,0.0003016638583,-7.200960076e-06
447400000,0.004501685983,0.002776618172,0.0002772283638,-0.0001141615379
447500000,0.005824179559,0.0005195613644,0.000214179725,-0.0002025208038
447600000,0.005943692446,-0.002061556956,0.0001237641885,-0.0002585772081
447700000,0.004852097203,-0.004380859619,2.178474392e-05,-0.0002747543429
447800000,0.002807778903,-0.005914019295,-7.451385953e-05,-0.0002509008992
447900000,0.0002787251972,-0.0063120121,-0.0001497911025,-0.0001940920782
448000000,-0.002159587766,-0.005476854475,-0.0001935029269,-0.0001169921774
448100000,-0.003949442748,-0.003583017813,-0.0002017552987,-3.513490636e-05
448200000,-0.004672216884,-0.001039982722,-0.000177755299,3.630114004e-05
448300000,-0.004139679217,0.001595879296,-0.000130791669,8.554548599e-05
448400000,-0.002435707809,0.003741022797,-7.398485267e-05,0.0001064842378
448500000,0.0001003565011,0.00491028768,-2.130226787e-05,9.96470721e-05
448600000,0.002944956627,0.004821466138,1.551595096e-05,7.174709126e-05
448700000,0.00550080237,0.003456713952,2.946341848e-05,3.389670976e-05
448800000,0.007223032171,0.001067964444,1.967634006e-05,-1.096480348e-06
448900000,0.007734376141,-0.001874584042,-8.545603073e-06,-2.175672673e-05
449000000,0.006905155969,-0.004779877337,-4.509650111e-05,-2.06281233e-05
449100000,0.004881479634,-0.007058761236,-7.749316743e-05,3.961239807e-06
449200000,0.00205588856,-0.008246376891,-9.383961971e-05,4.744191412e-05
449300000,-0.00101329093,-0.008098695262,-8.567686226e-05,9.995223756e-05
449400000,-0.003717017902,-0.006643160786,-5.009333089e-05,0.0001484899794
449500000,-0.005521066394,-0.004172990382,9.369375024e-06,0.000179803161
449600000,-0.006075929327,-0.00118637605,8.322237098e-05,0.0001833969598
449700000,-0.005288277531,0.001716734533,0.0001578515924,0.0001540070393
449800000,-0.003339136427,0.003958799186,0.0002182790697,9.30014351e-05
449900000,-0.0006450068659,0.005103933057,0.0002512849063,8.399038014e-06
450000000,0.002229966948,0.004947379649,0.0002482326417,-8.651546706e-05
450100000,0.00469244026,0.00355648532,0.0002070005682,-0.0001757044372
450200000,0.006244111083,0.001254554488,0.0001326070569,-0.0002435043832
450300000,0.006585638268,-0.001449071695,3.638965384e-05,-0.0002777239779
450400000,0.005678278242,-0.003968015241,-6.610158136e-05,-0.000272074341
450500000,0.003750131993,-0.005763896578,-0.0001580692233,-0.0002274308831
450600000,0.001245608238,-0.006460840006,-0.000224687464,-0.0001516678071
450700000,-0.001271174039,-0.005925009544,-0.0002559189443,-5.81013604e-05
450800000,-0.00323840665,-0.004292129928,-0.0002483583835,3.713545143e-05
450900000,-0.004217870061,-0.001937073197,-0.0002057350428,0.0001182453173
451000000,-0.003989408085,0.0006079419122,-0.0001379846405,0.0001727994178
451100000,-0.002598300594,0.002768904553,-5.909718857e-05,0.0001940330755
451200000,-0.0003454072113,0.004054419048,1.580136604e-05,0.0001819443206
451300000,0.002277693087,0.004162205978,7.35211582e-05,0.0001429879178
451400000,0.004694517172,0.003044875924,0.0001053956701,8.845170236e-05
451500000,0.006367669759,0.0009209903373,0.0001088537449,3.187640364e-05
451600000,0.006914458527,-0.001770800284,8.766443883e-05,-1.392307509e-05
451700000,0.006189510527,-0.004464598315,5.082567862e-05,-3.959887148e-05
451800000,0.004316923934,-0.006587207804,1.035493983e-05,-4.119454232e-05
451900000,0.00166528425,-0.007679687056,-2.152901243e-05,-2.085233311e-05
452000000,-0.001229016274,-0.007494807384,-3.521861576e-05,1.383391391e-05
452100000,-0.00377385447,-0.006049937058,-2.591536231e-05,5.166665003e-05
452200000,-0.0054451916,-0.003624343319,5.26024143e-06,8.048309597e-05
452300000,-0.005896625934,-0.0007016122155,5.148378967e-05,9.000614811e-05
452400000,-0.005031780372,0.002130634999,0.000101718505,7.428579813e-05
452500000,-0.003024475292,0.004302681796,0.0001431600061,3.319844869e-05
452600000,-0.0002825744087,0.005380822726,0.0001641064246,-2.732564302e-05
452700000,0.002636867673,0.005157014238,0.0001566343988,-9.640377422e-05
452800000,0.005143407129,0.003691416566,0.0001185020897,-0.0001604035921
452900000,0.006735787988,0.001298995377,5.386408366e-05,-0.0002057841645
453000000,0.007105707169,-0.001516996854,-2.736530834e-05,-0.0002219751543
453100000,0.006201075955,-0.004170754032,-0.0001113778259,-0.0002036840942
453200000,0.004235511414,-0.006116729134,-0.0001831837193,-0.0001521407733
453300000,0.001642030839,-0.006963745965,-0.000229609448,-7.501006469e-05
453400000,-0.001019342865,-0.006556373307,-0.0002419582874,1.50169643e-05
453500000,-0.003180589036,-0.005006351012,-0.0002177811501,0.0001026677574
453600000,-0.004386126453,-0.002667380042,-0.0001613900435,0.0001730670875
453700000,-0.004389112044,-5.860440395e-05,-8.300806272e-05,0.0002146376792
453800000,-0.003203110577,0.002246940791,3.267237543e-06,0.0002213276476
453900000,-0.001098134905,0.003745132104,8.226496217e-05,0.0001937109679
454000000,0.001458063882,0.00410859983,0.000140727781,0.0001387423875
454100000,0.003900866793,0.003256593155,0.0001698704228,6.822799921e-05
454200000,0.005690217262,0.001371989012,0.0001669881476,-3.661441054e-06
454300000,0.006426640991,-0.001138114064,0.0001357944878,-6.331092463e-05
454400000,0.00593708648,-0.003729713458,8.543440104e-05,-0.0001004056224
454500000,0.004312315146,-0.005838415627,2.839568235e-05,-0.0001099313868
454600000,0.001887951429,-0.007000247621,-2.222999466e-05,-9.302387294e-05
454700000,-0.0008266685994,-0.006951023321,-5.55525454e-05,-5.650396221e-05
454800000,-0.003256613674,-0.005683164426,-6.516265552e-05,-1.121507633e-05
454900000,-0.004883396885,-0.003447990056,-5.040796981e-05,3.047004026e-05
455000000,-0.005355025964,-0.0007031043371,-1.640574332e-05,5.743252108e-05
455100000,-0.004560792563,0.001983858296,2.719841506e-05,6.228235341e-05
455200000,-0.002655077262,0.004054691102,6.844928183e-05,4.299636844e-05
455300000,-2.526608609e-05,0.005078027678,9.579493834e-05,3.371861085e-06
455400000,0.002789342609,0.00483999262,0.0001007072775,-4.779712145e-05
455500000,0.005210492007,0.003389087264,7.964534898e-05,-9.864058077e-05
455600000,0.006742005083,0.001025967318,3.493868021e-05,-0.0001368163044
455700000,0.007073497372,-0.001759660907,-2.560091915e-05,-0.0001522372792
455800000,0.006145027526,-0.004391728067,-9.025913096e-05,-0.0001393376918
455900000,0.004159152022,-0.006328496519,-0.0001458567617,-9.839092172e-05
456000000,0.001537879408,-0.007175914756,-0.0001805290975,-3.55944341e-05
456100000,-0.001166415137,-0.00676981415,-0.0001862581467,3.810203682e-05
456200000,-0.003387366281,-0.005209661234,-0.0001606209388,0.0001091826472
456300000,-0.004663769322,-0.002836763585,-0.000107382337,0.0001643093003
456400000,-0.004736376895,-0.0001615383149,-3.580413314e-05,0.0001930489753
456500000,-0.003601913499,0.002244781931,4.118797711e-05,0.0001900138516
456600000,-0.001512916431,0.003871099206,0.0001095984659,0.0001559670748
456700000,0.001076523345,0.004374465395,0.0001571771049,9.766412342e-05
456800000,0.003607588566,0.003652312462,0.0001758699256,2.646455475e-05
456900000,0.005535584814,0.001863637621,0.0001633982959,-4.399431208e-05
457000000,0.006445609545,-0.0006052915951,0.0001236420301,-0.0001005752786
457100000,0.006140529632,-0.003223385633,6.575331785e-05,-0.0001332917962
457200000,0.004682643887,-0.005427804663,2.193569108e-06,-0.0001372813397
457300000,0.002380242386,-0.006743642792,-5.389066343e-05,-0.0001136959675
457400000,-0.0002780294145,-0.006884830259,-9.140054007e-05,-6.933297016e-05
457500000,-0.002727020887,-0.005814867911,-0.0001035547688,-1.509323109e-05
457600000,-0.004445065189,-0.003754556989,-8.922501268e-05,3.63998732e-05
457700000,-0.005064636918,-0.001135153891,-5.306440544e-05,7.351398428e-05
457800000,-0.00445023133,0.001493039311,-4.412035305e-06,8.807976345e-05
457900000,-0.002727014933,0.003577208973,4.478595494e-05,7.71016418e-05
458000000,-0.0002542631997,0.004678970062,8.259203635e-05,4.335096919e-05
458100000,0.002450699535,0.004566966831,9.967218444e-05,-5.276996694e-06
458200000,0.004821891713,0.003265592665,9.131959828e-05,-5.749903444e-05
458300000,0.006364226024,0.001049599459,5.848015543e-05,-0.00010109914
458400000,0.00675794727,-0.001614191378,7.565514625e-06,-0.000125578623
458500000,0.005925908996,-0.004165701787,-5.090280862e-05,-0.0001244375231
458600000,0.004049506556,-0.00607001731,-0.0001045277677,-9.660371942e-05
458700000,0.001529935435,-0.00693036837,-0.0001416738866,-4.670798562e-05
458800000,-0.001096999031,-0.006571781112,-0.0001539476585,1.585173838e-05
458900000,-0.00327446758,-0.005077712771,-0.0001379963912,7.885741392e-05
459000000,-0.004542533331,-0.002771943784,-9.62460232e-05,0.0001298166553
459100000,-0.004635421156,-0.0001496018852,-3.642346171e-05,0.0001585691231
459200000,-0.003537554089,0.002228024072,3.003409594e-05,0.0001594040952
459300000,-0.001486532668,0.003852559478,9.034593235e-05,0.0001322443066
459400000,0.00107750497,0.004376273984,0.0001330310973,8.264920504e-05
459500000,0.003605345687,0.003685678537,0.0001502718636,2.064024547e-05
459600000,0.005555148265,0.001925471356,0.0001395017001,-4.140105983e-05
459700000,0.006507218579,-0.0005321530013,0.0001038870824,-9.131718875e-05
459800000,0.006252863423,-0.003166263331,5.160656784e-05,-0.0001196956593
459900000,0.004838596519,-0.005417317645,-5.91577567e-06,-0.0001217972582
460000000,0.002556427732,-0.006805367141,-5.644581871e-05,-9.848851056e-05
460100000,-0.0001176444246,-0.007031389075,-8.952742341e-05,-5.598682855e-05
460200000,-0.002623898466,-0.006040400022,-9.867663379e-05,-4.477801758e-06
460300000,-0.004436726263,-0.00403309456,-8.272065277e-05,4.409828287e-05
460400000,-0.005175185195,-0.001423626233,-4.600235147e-05,7.861942878e-05
460500000,-0.00468298961,0.0012475003,2.588580018e-06,9.116893597e-05
460600000,-0.003061143232,0.003427019074,5.154896094e-05,7.873197015e-05
460700000,-0.0006464134957,0.004665025897,8.924811683e-05,4.384449371e-05
460800000,0.002059744656,0.004709192988,0.0001064392519,-5.940558088e-06
460900000,0.004496792171,0.003557276301,9.82649002e-05,-5.965510175e-05
461000000,0.006162966642,0.001456909273,6.533309172e-05,-0.0001052460399
461100000,0.006720563166,-0.001147226621,1.363763142e-05,-0.0001321412824
461200000,0.006066445378,-0.003707682958,-4.66602461e-05,-0.0001335105938
461300000,0.004352913513,-0.005690057924,-0.0001033320742,-0.0001077455312
461400000,0.001954524753,-0.006685851463,-0.0001446226316,-5.884788104e-05
461500000,-0.0006121056888,-0.00649845937,-0.0001616976823,4.354099995e-06
461600000,-0.002798507911,-0.005184060589,-0.000150486748,6.999622288e-05
461700000,-0.004141143355,-0.003038710623,-0.0001125369349,0.0001255996935
461800000,-0.004359917317,-0.0005343991491,-5.470222457e-05,0.000160616306
461900000,-0.003417436554,0.001782281882,1.226288663e-05,0.0001685664849
462000000,-0.001526404691,0.003407226714,7.590743462e-05,0.0001483265753
462100000,0.000896371022,0.003986670294,0.0001246221225,0.000104301943
462200000,0.003319485736,0.003392815568,0.0001499803385,4.545714545e-05
462300000,0.005210809756,0.00175115531,0.0001483951225,-1.658584879e-05
462400000,0.006151427481,-0.0005862561207,0.0001217515715,-6.997615287e-05
462500000,0.005925389635,-0.003115800663,7.689155949e-05,-0.0001050758231
462600000,0.004566239,-0.005289534245,2.406992727e-05,-0.0001164022851
462700000,0.002350509105,-0.006631837214,-2.528270791e-05,-0.0001036671848
462800000,-0.0002603273315,-0.006840729936,-6.101116889e-05,-7.170099042e-05
462900000,-0.002717074173,-0.005852439787,-7.637940245e-05,-2.928976072e-05
463000000,-0.004498573996,-0.003855652914,-6.94534332e-05,1.281909167e-05
463100000,-0.005221567104,-0.001252552666,-4.343446074e-05,4.431021336e-05
463200000,-0.004721541243,0.001425037622,-5.877671626e-06,5.757835851e-05
463300000,-0.00308765775,0.003626692394,3.303015627e-05,4.94033139e-05
463400000,-0.0006445376074,0.004898262973,6.276124871e-05,2.166417003e-05
463500000,0.002115163693,0.00497654738,7.48125184e-05,-1.905887158e-05
463600000,0.004633201027,0.003844005168,6.46381358e-05,-6.290960008e-05
463700000,0.006401750384,0.001732160563,3.273355872e-05,-9.890363005e-05
463800000,0.007068747781,-0.000926946445,-1.536376863e-05,-0.0001173411322
463900000,0.006510567769,-0.003591072864,-7.016182192e-05,-0.0001119702084
464000000,0.004856865701,-0.005720948305,-0.0001201636499,-8.143909123e-05
464100000,0.002462388596,-0.006892614525,-0.0001542708269,-2.972520382e-05
464200000,-0.000168341327,-0.006885358564,-0.0001641360269,3.455549389e-05
464300000,-0.002487648548,-0.005726733887,-0.0001459701305,9.982006538e-05
464400000,-0.004020160684,-0.003685151516,-0.0001014232112,0.0001538263946
464500000,-0.004462684562,-0.001211580421,-3.735227058e-05,0.0001861393027
464600000,-0.003747312149,0.00115729993,3.547910974e-05,0.0001902441045
464700000,-0.002054327038,0.002913910733,0.0001045017211,0.0001648706008
464800000,0.0002278428324,0.003688077564,0.0001578089317,0.0001142553905
464900000,0.002587064468,0.003325695005,0.0001864838166,4.72915138e-05
465000000,0.004498249039,0.001920932444,0.0001863081608,-2.425461275e-05
465100000,0.005536670371,-0.0002048924718,0.0001585068699,-8.808650981e-05
465200000,0.005469552924,-0.002573203076,0.0001093835766,-0.0001337947961
465300000,0.004306302355,-0.004651778003,4.893456755e-05,-0.0001548499405
465400000,0.002296650574,-0.005969826465,-1.125995963e-05,-0.0001497646844
465500000,-0.0001228161459,-0.00621983812,-6.042021971e-05,-0.0001221969821
465600000,-0.002422210689,-0.005324417703,-9.072622895e-05,-7.998807096e-05
465700000,-0.004091901167,-0.003453883288,-9.880384359e-05,-3.335379373e-05
465800000,-0.004751800056,-0.0009909855599,-8.623527484e-05,7.376543644e-06
465900000,-0.004233146737,0.00154960931,-5.900105525e-05,3.398770072e-05
466000000,-0.002615517943,0.003629867362,-2.598800222e-05,4.209800248e-05
466100000,-0.000211381363,0.004801936641,3.104572446e-06,3.200865624e-05
466200000,0.002498388026,0.004802768294,2.000217445e-05,8.509387713e-06
466300000,0.004964340853,0.003610008868,1.974997342e-05,-2.030842269e-05
466400000,0.006682643939,0.00144758522,1.855224953e-06,-4.496714925e-05
466500000,0.007299765171,-0.001260048876,-2.956942988e-05,-5.682730715e-05
466600000,0.006685879212,-0.0039753622,-6.669305398e-05,-5.013582925e-05
466700000,0.004961789538,-0.006158635725,-9.969359359e-05,-2.345137508e-05
466800000,0.00247383481,-0.007379223208,-0.0001189543113,1.986668515e-05
466900000,-0.0002779622706,-0.007404064846,-0.0001172573686,7.221887288e-05
467000000,-0.00274354181,-0.006245057738,-9.150170222e-05,0.0001232650398
467100000,-0.004436661477,-0.004155422345,-4.357195425e-05,0.0001620515043
467200000,-0.005035202597,-0.0015758154,1.983617759e-05,0.0001793202859
467300000,-0.004446940767,0.0009585548095,8.840912654e-05,0.0001695144758
467400000,-0.002826969093,0.002930343175,0.0001501877738,0.0001320557274
467500000,-0.0005430837602,0.003948368201,0.0001939154431,7.162078051e-05
467600000,0.001903588599,0.003828933363,0.0002112786209,-2.648069238e-06
467700000,0.003985934082,0.002632929711,0.0001985788572,-7.884226096e-05
467800000,0.005263366962,0.000650810327,0.0001574918155,-0.0001445512313
467900000,0.005475528559,-0.001661386092,9.475824588e-05,-0.0001892304428
468000000,0.004597120222,-0.003781299996,2.087217059e-05,-0.0002061916361
468100000,0.002842098405,-0.005233524189,-5.196219644e-05,-0.0001938134054
468200000,0.0006163262085,-0.005692536077,-0.0001121842245,-0.0001557328819
468300000,-0.001571110975,-0.005053126841,-0.0001510596957,-9.999085782e-05
468400000,-0.00321878534,-0.003453168164,-0.000164250375,-3.731882663e-05
468500000,-0.003942077059,-0.001243861049,-0.0001524591217,2.106796039e-05
468600000,-0.003557088115,0.00108604134,-0.0001210344894,6.570877252e-05
468700000,-0.002121328058,0.003015645303,-7.863680811e-05,9.070320989e-05
468800000,7.744505947e-05,0.004104274583,-3.52628272e-05,9.471684176e-05
468900000,0.002581689537,0.004086727152,-5.715674385e-08,8.099169329e-05
469000000,0.004860808994,0.002931189441,2.062142306e-05,5.637919996e-05
469100000,0.006423495173,0.0008476419455,2.447027094e-05,2.9620589e-05
469200000,0.006921886191,-0.001754854675,1.358720648e-05,9.257791189e-06
469300000,0.006225637629,-0.004352835351,-6.172846622e-06,1.633524033e-06
469400000,0.004450459703,-0.006417180802,-2.667765363e-05,9.416362583e-06
469500000,0.001935277565,-0.007523140596,-3.950314574e-05,3.09706631e-05
469600000,-0.0008271012176,-0.007438687357,-3.798593032e-05,6.070721649e-05
469700000,-0.003291293783,-0.006172865862,-1.889068392e-05,9.033800715e-05
469800000,-0.004971527299,-0.003974163309,1.667626069e-05,0.0001107629083
469900000,-0.00554140828,-0.001279308894,6.331352257e-05,0.0001141792307
470000000,-0.004900593411,0.001376821455,0.0001123315701,9.595575937e-05
470100000,-0.003194553934,0.003471467649,0.0001535137485,5.586149175e-05
470200000,-0.0007833528282,0.004601501231,0.0001772628752,-1.624878813e-06
470300000,0.001834057643,0.004565825324,0.0001766805797,-6.800463011e-05
470400000,0.004124235361,0.003405473268,0.0001491380343,-0.0001323166268
470500000,0.005630522513,0.001393003088,9.700124133e-05,-0.0001832480851
470600000,0.006067848471,-0.001026621332,2.734937052e-05,-0.0002113661099
470700000,0.005381075944,-0.003331253487,-4.926617501e-05,-0.0002110105338
470800000,0.003754510509,-0.005032789715,-0.000120775098,-0.0001814573769
470900000,0.001570499519,-0.00578079134,-0.0001758594284,-0.0001271122739
471000000,-0.0006741031113,-0.00543639866,-0.0002060825714,-5.669298014e-05
471100000,-0.002475760943,-0.004100693054,-0.0002074460872,1.843214649e-05
471200000,-0.003433229071,-0.002091396901,-0.0001810630121,8.641019593e-05
471300000,-0.003334224631,0.0001270749691,-0.0001328193617,0.0001371331272
471400000,-0.002201121366,0.002045111267,-7.21039942e-05,0.0001640795252
471500000,-0.0002858522088,0.003219021519,-9.877783887e-06,0.0001654012877
471600000,0.001984804542,0.00336779452,4.351359236e-05,0.0001440471927
471700000,0.004101670743,0.002434678409,8.033060239e-05,0.0001069168299
471800000,0.005583376268,0.0006004186494,9.682830267e-05,6.323979276e-05
471900000,0.006080637713,-0.001754562866,9.376709209e-05,2.25341038e-05
472000000,0.005452314988,-0.004130817088,7.595837964e-05,-7.418645161e-06
472100000,0.003797106933,-0.006016027077,5.096248636e-05,-2.215330431e-05
472200000,0.001434277076,-0.006994045937,2.723441521e-05,-2.132800623e-05
472300000,-0.001162364767,-0.006833718255,1.212736693e-05,-8.598267404e-06
472400000,-0.003463166122,-0.005538802941,1.019006126e-05,9.39965761e-06
472500000,-0.004993180562,-0.00334860899,2.212682993e-05,2.472284633e-05
472600000,-0.005431366586,-0.0006893422812,4.464375719e-05,3.007953123e-05
472700000,-0.004677743542,0.001913547575,7.121125744e-05,2.063740525e-05
472800000,-0.002874589514,0.003943665439,9.357477999e-05,-4.71727068e-06
472900000,-0.0003773730779,0.005000054355,0.0001036832938,-4.295016126e-05
473000000,0.002318454162,0.004879584451,9.561432164e-05,-8.738014805e-05
473100000,0.0046795546,0.003618292594,6.70737357e-05,-0.0001290119066
473200000,0.006244483749,0.001483139531,2.01381438e-05,-0.0001584208785
473300000,0.006718356158,-0.001084077327,-3.893182131e-05,-0.0001677917876
473400000,0.006032712504,-0.003558988466,-0.0001007819019,-0.0001526765996
473500000,0.004358094917,-0.005443873321,-0.0001547409977,-0.0001130945228
473600000,0.002066667385,-0.00637101108,-0.0001909208151,-5.373308025e-05
473700000,-0.0003473217709,-0.00617846804,-0.0002022050072,1.680347265e-05
473800000,-0.002372524803,-0.0049423289,-0.0001857153739,8.755350715e-05
473900000,-0.003588751897,-0.00295851328,-0.0001434498115,0.0001472519213
474000000,-0.003755525866,-0.00067799559,-8.195737192e-05,0.0001864623312
474100000,-0.002862062537,0.0013908005,-1.111423918e-05,0.0001993549114
474200000,-0.001127991031,0.002791589363,5.775074388e-05,0.000184770621
474300000,0.00104533398,0.003218322047,0.0001139995643,0.0001463601516
474400000,0.003162457753,0.002580753288,0.0001496627524,9.17768191e-05
474500000,0.00474153199,0.001023416351,0.0001608534368,3.109695642e-05
474600000,0.005418925092,-0.001106023345,0.0001483390142,-2.520127938e-05
474700000,0.005028248357,-0.003332164757,0.0001171679841,-6.828202084e-05
474800000,0.003636854571,-0.005154748057,7.544591195e-05,-9.259993205e-05
474900000,0.001532047139,-0.006156879065,3.252991356e-05,-9.68209456e-05
475000000,-0.0008399476489,-0.006095394263,-2.971147268e-06,-8.383968896e-05
475100000,-0.002969091396,-0.004954075538,-2.496785886e-05,-5.990928638e-05
475200000,-0.004390355445,-0.002948447098,-3.106353465e-05,-3.308592318e-05
475300000,-0.004783068225,-0.0004812560382,-2.289136243e-05,-1.133310094e-05
475400000,-0.004039745278,0.001941789984,-5.557853803e-06,-6.989365581e-07
475500000,-0.002289939508,0.003818107277,1.367337675e-05,-3.959978071e-06
475600000,0.0001257852189,0.004753734645,2.716163553e-05,-2.002142177e-05
475700000,0.002726154867,0.004546095744,2.873935684e-05,-4.419870449e-05
475800000,0.00498892795,0.003226756208,1.52257869e-05,-6.93145943e-05
475900000,0.006459180633,0.001055336659,-1.272851326e-05,-8.736991074e-05
476000000,0.006843542375,-0.001534056124,-5.065392642e-05,-9.142236452e-05
476100000,0.006070778136,-0.004022653983,-9.113346062e-05,-7.72629111e-05
476200000,0.004306140234,-0.005914371594,-0.0001253512969,-4.452182366e-05
476300000,0.001916529371,-0.006838305521,-0.0001449895698,3.041974051e-06
476400000,-0.0006062604306,-0.006625023026,-0.0001440687505,5.814093854e-05
476500000,-0.002748188841,-0.005340712876,-0.0001203370239,0.000111331622
476600000,-0.004080039973,-0.003272046415,-7.590772637e-05,0.0001528787526
476700000,-0.004346468471,-0.0008649107785,-1.700124126e-05,0.0001747240985
476800000,-0.003518300468,0.001370119172,4.716460691e-05,0.0001721496901
476900000,-0.001797062737,0.002965656742,0.0001061131979,0.0001447873346
477000000,0.0004292192997,0.00359593914,0.000150122554,9.676161884e-05
477100000,0.002669591207,0.003144978381,0.0001721016486,3.593321588e-05
477200000,0.004435361885,0.001729967249,0.0001689459343,-2.760437936e-05
477300000,0.005344537327,-0.0003250261113,0.0001420965092,-8.346748536e-05
477400000,0.005203239402,-0.002559450587,9.719240162e-05,-0.0001229672297
477500000,0.004046740062,-0.004475704331,4.289292616e-05,-0.0001407328626
477600000,0.002131363833,-0.005646336225,-1.088221216e-05,-0.0001356462704
477700000,-0.0001209720863,-0.005806075795,-5.492894663e-05,-0.000110905116
477800000,-0.002213664239,-0.004909008265,-8.25432444e-05,-7.321378298e-05
477900000,-0.003682276923,-0.003138700175,-9.074965317e-05,-3.128215642e-05
478000000,-0.004194464755,-0.0008691799393,-8.072908018e-05,6.045589452e-06
478100000,-0.003621627703,0.001414802575,-5.737062576e-05,3.163622646e-05
478200000,-0.002067072134,0.003221145007,-2.805664379e-05,4.150049481e-05
478300000,0.000155218584,0.004155331522,-9.503329734e-07,3.551854959e-05
478400000,0.002586576585,0.00400464963,1.684255833e-05,1.731498317e-05
478500000,0.004720313413,0.002783890696,2.084324856e-05,-6.677723592e-06
478600000,0.006108549598,0.0007329646783,1.016665725e-05,-2.875613058e-05
478700000,0.006456655014,-0.001732962115,-1.231743868e-05,-4.17454451e-05
478800000,0.005685443188,-0.004110216136,-4.065798224e-05,-4.067006456e-05
478900000,0.003948101617,-0.005911956536,-6.7181066e-05,-2.393293571e-05
479000000,0.001598367622,-0.006769963951,-8.423695843e-05,6.251718679e-06
479100000,-0.0008833172874,-0.00651152816,-8.595675159e-05,4.426699024e-05
479200000,-0.002990148141,-0.005195334404,-6.963794839e-05,8.225737928e-05
479300000,-0.004294729361,-0.003098856482,-3.6457704e-05,0.0001118007653
479400000,-0.004538090461,-0.0006599363877,8.644185557e-06,0.0001257317946
479500000,-0.003683277473,0.001615158904,5.789370731e-05,0.0001197272988
479600000,-0.001922292023,0.003257875458,0.0001022310631,9.331408435e-05
479700000,0.000365048214,0.003935392731,0.0001331558236,5.008105002e-05
479800000,0.002691642919,0.00351991552,0.0001444820689,-2.954809647e-06
479900000,0.004566055242,0.002114666178,0.0001336349555,-5.670085232e-05
480000000,0.005596156342,3.112252787e-05,0.0001022158809,-0.0001017809728
480100000,0.005571590394,-0.002277669388,5.571635936e-05,-0.0001303964984
480200000,0.004507638082,-0.004313592229,2.438566385e-06,-0.000137870421
480300000,0.002641209431,-0.00563932573,-4.815412488e-05,-0.0001235559859
480400000,0.000379835623,-0.005971142596,-8.731503675e-05,-9.092362861e-05
480500000,-0.001785491939,-0.00523894584,-0.0001087324128,-4.681173208e-05
480600000,-0.003385097384,-0.003600815739,-0.0001097346023,-6.332749462e-10
480700000,-0.004070725283,-0.001409012726,-9.173725305e-05,4.059068401e-05
480800000,-0.003689695172,0.0008652830096,-5.984672818e-05,6.770892011e-05
480900000,-0.002317373598,0.002732439743,-2.171035177e-05,7.719768922e-05
481000000,-0.0002411257808,0.003788659034,1.413932619e-05,6.876196835e-05
481100000,0.002100762959,0.003801920795,4.009503919e-05,4.591364518e-05
481200000,0.004212154164,0.002761381171,5.105906453e-05,1.511877191e-05
481300000,0.005644321537,0.000879813551,4.547057052e-05,-1.566538133e-05
481400000,0.006091093419,-0.001451345067,2.5565017e-05,-3.874833768e-05
481500000,0.005453747967,-0.003744752497,-3.181979996e-06,-4.838434007e-05
481600000,0.003861974692,-0.005520164349,-3.330126512e-05,-4.20144403e-05
481700000,0.001646524047,-0.006405876786,-5.699679302e-05,-2.081140264e-05
481800000,-0.0007306208995,-0.006217167608,-6.787430063e-05,1.058473558e-05
481900000,-0.002773750886,-0.004995180736,-6.236253673e-05,4.508034918e-05
482000000,-0.004057983833,-0.002998074827,-4.052436443e-05,7.467223406e-05
482100000,-0.004318766103,-0.0006463522051,-6.085657685e-06,9.2191148e-05
482200000,-0.003507426307,0.001566034626,3.43235077e-05,9.287266177e-05
482300000,-0.001801080789,0.00317598196,7.255367246e-05,7.542061455e-05
482400000,0.0004351510098,0.003848888786,0.0001006526679,4.233671792e-05
482500000,0.00272558565,0.003449045011,0.0001125501538,-5.542937379e-07
482600000,0.004584667235,0.002067916449,0.000105353355,-4.528421093e-05
482700000,0.00561961665,4.396886748e-06,7.998001341e-05,-8.337701437e-05
482800000,0.005613350684,-0.002298752929,4.09949032e-05,-0.0001075961384
482900000,0.004570168116,-0.004348808809,-4.315574791e-06,-0.0001134358335
483000000,0.002714578339,-0.005707456652,-4.743576098e-05,-0.0001000437155
483100000,0.000443558449,-0.006083562267,-8.036619902e-05,-7.038198312e-05
483200000,-0.001757627005,-0.005394731262,-9.725587297e-05,-3.059538731e-05
483300000,-0.003418208777,-0.003784669876,-9.557974316e-05,1.127911306e-05
483400000,-0.004181545113,-0.001592722261,-7.661675279e-05,4.698814912e-05
483500000,-0.003880545311,0.0007179179694,-4.513134248e-05,6.977027899e-05
483600000,-0.002572980953,0.002658095584,-8.329287082e-06,7.573843159e-05
483700000,-0.0005292893128,0.003815969307,2.568903152e-05,6.464795799e-05
483800000,0.001824479872,0.003943871713,4.964999445e-05,3.989219811e-05
483900000,0.003996468119,0.003010462791,5.863942574e-05,7.730692614e-06
484000000,0.005532582541,0.001207240796,5.11244566e-05,-2.408326835e-05
484100000,0.006111999953,-0.001091893551,2.925133723e-05,-4.798317921e-05
484200000,0.005614494805,-0.003409440882,-1.640626882e-06,-5.82215244e-05
484300000,0.004145439168,-0.005264832138,-3.418335438e-05,-5.210869965e-05
484400000,0.002013244917,-0.006275478106,-6.05741553e-05,-3.059776699e-05
484500000,-0.0003359600449,-0.006237031264,-7.42615655e-05,1.907097571e-06
484600000,-0.002412608901,-0.005165934399,-7.136625342e-05,3.847659158e-05
484700000,-0.003786994577,-0.003295289266,-5.15371704e-05,7.112016282e-05
484800000,-0.004179741339,-0.001024945457,-1.806281613e-05,9.247841377e-05
484900000,-0.00352030658,0.001163597307,2.278528082e-05,9.73873097e-05
485000000,-0.001961139288,0.0028094184,6.303821679e-05,8.398528987e-05
485100000,0.0001554735179,0.003569843587,9.46739739e-05,5.413127636e-05
485200000,0.002370796382,0.003292824178,0.0001112751834,1.304691849e-05
485300000,0.004207647845,0.002048675913,0.0001093534855,-3.174053101e-05
485400000,0.00527216419,0.0001144667371,8.906466923e-05,-7.193188622e-05
485500000,0.005337679329,-0.0020855859,5.416753894e-05,-0.0001001443555
485600000,0.004392889085,-0.00407099002,1.123860736e-05,-0.0001114015829
485700000,0.002644079026,-0.005407759165,-3.168933815e-05,-0.0001041156972
485800000,0.0004709821403,-0.005801210028,-6.67767979e-05,-8.035980555e-05
485900000,-0.001654294128,-0.005159038288,-8.796841116e-05,-4.537942097e-05
486000000,-0.003267984144,-0.00361128861,-9.219267941e-05,-6.45149208e-06
486100000,-0.004013591026,-0.00148303135,-7.992250949e-05,2.866375845e-05
486200000,-0.003718025672,0.0007743802847,-5.4984771e-05,5.334880522e-05
486300000,-0.002428859357,0.002678827778,-2.366623974e-05,6.348895355e-05
486400000,-0.0004048846415,0.003819456744,6.688293903e-06,5.828138368e-05
486500000,0.001937923653,0.003943659804,2.928365906e-05,4.032629411e-05
486600000,0.0041135632,0.003010715976,3.934369178e-05,1.498654932e-05
486700000,0.005667874875,0.001200877076,3.512953887e-05,-1.084231487e-05
486800000,0.006273714377,-0.001121916702,1.829138853e-05,-3.028510713e-05
486900000,0.005799487666,-0.003485792479,-6.519158043e-06,-3.802862082e-05
487000000,0.004336741898,-0.005409249081,-3.269116927e-05,-3.15208794e-05
487100000,0.002181092296,-0.006501410596,-5.312677291e-05,-1.157055453e-05
487200000,-0.0002294751022,-0.006543253262,-6.182832602e-05,1.778287474e-05
487300000,-0.002405977839,-0.005532824454,-5.526050779e-05,5.010248059e-05
487400000,-0.0039103348,-0.003685009805,-3.319514234e-05,7.79155589e-05
487500000,-0.004446422891,-0.00138592328,1.144054893e-06,9.431620985e-05
487600000,-0.003921186976,0.000888484485,4.167175796e-05,9.447004398e-05
487700000,-0.002462970772,0.002672473945,8.064622835e-05,7.67023377e-05
487800000,-0.0003932264499,0.00360814407,0.0001102397089,4.293811655e-05
487900000,0.001842410024,0.003520040839,0.0001241473024,-1.601661082e-06
488000000,0.003769090357,0.002450978349,0.000118899262,-4.938804203e-05
488100000,0.004983638531,0.0006514913277,9.460343983e-05,-9.205353251e-05
488200000,0.005239918184,-0.001474831343,5.496346645e-05,-0.0001220402914
488300000,0.00450051062,-0.003458487103,6.569015178e-06,-0.0001340875997
488400000,0.002943682365,-0.004865077471,-4.239440443e-05,-0.0001262533992
488500000,0.0009241616461,-0.005388606015,-8.374888341e-05,-0.0001002624823
488600000,-0.001103863467,-0.004917083906,-0.0001109099636,-6.111454164e-05
488700000,-0.00268500133,-0.003556396465,-0.0001201298111,-1.603918944e-05
488800000,-0.003461080666,-0.001607346619,-0.0001111461755,2.698004749e-05
488900000,-0.003248639919,0.0004991497839,-8.711127899e-05,6.080301891e-05
489000000,-0.002078913242,0.002294772378,-5.382602311e-05,8.051943023e-05
489100000,-0.0001918281445,0.003374527351,-1.84498154e-05,8.433982022e-05
489200000,0.002014607277,0.003483982453,1.203552582e-05,7.381324736e-05
489300000,0.00406864782,0.002574463396,3.22805695e-05,5.3337493e-05
489400000,0.005524896263,0.0008145713677,3.963520024e-05,2.907741447e-05
489500000,0.006058906945,-0.001444307984,3.460648833e-05,7.531430535e-06
489600000,0.005536358632,-0.003741114531,2.061806725e-05,-5.941229111e-06
489700000,0.004042302062,-0.005601372049,3.131567269e-06,-8.314117321e-06
489800000,0.00186443112,-0.006636348922,-1.167306123e-05,4.483082852e-07
489900000,-0.0005660308251,-0.006624360125,-1.836783495e-05,1.740789029e-05
490000000,-0.00276340618,-0.005557259367,-1.357586014e-05,3.733929587e-05
490100000,-0.004287975305,-0.003642481167,3.184927558e-06,5.393572492e-05
490200000,-0.00483679218,-0.00126027155,2.92994423e-05,6.127193792e-05
490300000,-0.004306010317,0.001114931411,5.954283674e-05,5.520707948e-05
490400000,-0.00281177821,0.003012562323,8.715795836e-05,3.442185789e-05
490500000,-0.0006653927275,0.004062999803,0.0001052965345,8.617343461e-07
490600000,0.001692076317,0.004073412111,0.0001085190819,-4.051661042e-05
490700000,0.003782021583,0.00306655445,9.40344333e-05,-8.26508079e-05
490800000,0.005188090113,0.001274411054,6.241306743e-05,-0.0001177474789
490900000,0.005642598462,-0.0009119838363,1.761775082e-05,-0.0001388434751
491000000,0.005081384052,-0.003025996938,-3.366275356e-05,-0.0001412306485
491100000,0.003655497728,-0.004624511004,-8.324588372e-05,-0.0001234482756
491200000,0.001697237677,-0.005381706588,-0.000123004474,-8.763619777e-05
491300000,-0.0003522738005,-0.005157560097,-0.0001464181016,-3.917369311e-05
491400000,-0.002038528257,-0.004026427805,-0.0001498113512,1.432356723e-05
491500000,-0.002991655526,-0.002259588359,-0.0001330288034,6.444417085e-05
491600000,-0.003005994796,-0.0002654952745,-9.941325801e-05,0.0001035657595
491700000,-0.002084110206,0.00149939386,-5.509758295e-05,0.0001262625577
491800000,-0.0004358051303,0.002629991548,-7.76156386e-06,0.0001302530642
491900000,0.001567598941,0.002860747153,3.488614382e-05,0.0001167025918
492000000,0.003473810217,0.002123647017,6.65869418e-05,8.983045317e-05
492100000,0.00484756286,0.0005636335198,8.366997093e-05,5.591615646e-05
492200000,0.00536499876,-0.001491780232,8.562132521e-05,2.192267172e-05
492300000,0.004884238368,-0.003602097177,7.497944757e-05,-5.96819113e-06
492400000,0.003477129405,-0.005307682217,5.659432826e-05,-2.359894385e-05
492500000,0.001415506609,-0.006227841524,3.642193878e-05,-2.959983613e-05
492600000,-0.0008850174791,-0.006142324725,2.012174366e-05,-2.551954885e-05
492700000,-0.00295175155,-0.005039064323,1.17638932e-05,-1.530715245e-05
492800000,-0.004353783769,-0.003118178475,1.292585409e-05,-4.26869929e-06
492900000,-0.004792222879,-0.0007515004763,2.237179261e-05,2.266058501e-06
493000000,-0.004162964716,0.001593795128,3.638066619e-05,2.702533007e-07
493100000,-0.002578954615,0.003451458821,4.96480405e-05,-1.195398969e-05
493200000,-0.0003473999044,0.004452253656,5.656227322e-05,-3.32778536e-05
493300000,0.002093249404,0.004399911042,5.257439863e-05,-5.988984195e-05
493400000,0.004263415977,0.003311233894,3.536004023e-05,-8.605599039e-05
493500000,0.005740890075,0.001412078511,5.515298242e-06,-0.0001053374335
493600000,0.006247268801,-0.0009099134146,-3.337262549e-05,-0.0001120070044
493700000,0.005704394418,-0.00318599741,-7.530640028e-05,-0.0001023619942
493800000,0.004249048294,-0.004963631391,-0.0001129987222,-7.564992065e-05
493900000,0.002202822188,-0.005900101338,-0.000139303991,-3.44038702e-05
494000000,3.452437181e-06,-0.005832860214,-0.0001486663717,1.589322539e-05
494100000,-0.001887974738,-0.00481177972,-0.0001382835056,6.775603976e-05
494200000,-0.003084379333,-0.003086482899,-0.0001087424827,0.0001130689195
494300000,-0.003353978595,-0.001051415806,-6.39928493e-05,0.0001446066005
494400000,-0.002668215102,0.0008396746515,-1.06577241e-05,0.0001573961209
494500000,-0.001206085663,0.002171605614,4.317994082e-05,0.0001496447822
494600000,0.0006860510686,0.002657009314,8.947156405e-05,0.0001230482097
494700000,0.002570543186,0.002197814042,0.0001216766911,8.241993359e-05
494800000,0.004014006179,0.000905749001,0.0001359212603,3.472287721e-05
494900000,0.004681778403,-0.0009225075129,0.0001316121369,-1.229522622e-05
495000000,0.004410917673,-0.002870132487,0.0001113932667,-5.158136297e-05
495100000,0.003246036568,-0.004490900592,8.046532564e-05,-7.807029003e-05
495200000,0.001430314224,-0.005406288534,4.542163655e-05,-8.953213598e-05
495300000,-0.0006463092385,-0.005388052588,1.285106178e-05,-8.681159235e-05
495400000,-0.002530560988,-0.00440858843,-1.199676566e-05,-7.342492151e-05
495500000,-0.003802968824,-0.002648364041,-2.620623389e-05,-5.461605424e-05
495600000,-0.004167950536,-0.0004589388785,-2.964895256e-05,-3.60854894e-05
495700000,-0.00351773185,0.001710460851,-2.481169843e-05,-2.267191196e-05
495800000,-0.001956632585,0.003407171892,-1.605011299e-05,-1.72726422e-05
495900000,0.0002192904458,0.004270206324,-8.441863984e-06,-2.023420938e-05
496000000,0.002582847536,0.004106272456,-6.497663228e-06,-2.934047764e-05
496100000,0.0046637837,0.002930850154,-1.301730352e-05,-4.039521336e-05
496200000,0.00604588,0.0009658384316,-2.834482896e-05,-4.826676402e-05
496300000,0.006452874546,-0.001405645928,-5.018938369e-05,-4.81622342e-05
496400000,0.00580538491,-0.003717863242,-7.40551016e-05,-3.684854139e-05
496500000,0.00423706355,-0.005518097775,-9.419104021e-05,-1.354855325e-05
496600000,0.002066671027,-0.006459509565,-0.0001048589175,1.969031577e-05
496700000,-0.0002681172698,-0.006371926884,-0.0001016463898,5.824501734e-05
496800000,-0.002301410169,-0.005295874011,-8.254163778e-05,9.57411909e-05
496900000,-0.003635421884,-0.003472748134,-4.853354822e-05,0.0001252873866
497000000,-0.004022309274,-0.001293188804,-3.600432382e-06,0.0001408650629
497100000,-0.003414387493,0.0007855591082,4.592190997e-05,0.000138585069
497200000,-0.001972169184,0.002335937017,9.247184832e-05,0.0001175469424
497300000,-2.852564065e-05,0.003049724942,0.0001286673233,8.011828334e-05
497400000,0.001983454222,0.002802091251,0.000148701,3.157066919e-05
497500000,0.003623596882,0.001676445001,0.0001494422231,-2.085893015e-05
497600000,0.004538936215,-5.519954017e-05,0.0001310225789,-6.929413093e-05
497700000,0.004539023954,-0.001992146437,9.678774748e-05,-0.000106666157
497800000,0.003636133285,-0.003692386303,5.262819039e-05,-0.000127991566
497900000,0.002041738257,-0.004768644896,5.828015746e-06,-0.0001312264121
498000000,0.0001200496673,-0.004972455007,-3.633123823e-05,-0.0001175309868
498100000,-0.001691358676,-0.004248165359,-6.792726645e-05,-9.090145211e-05
498200000,-0.002976709896,-0.002745289985,-8.544083247e-05,-5.725504412e-05
498300000,-0.003432471494,-0.0007865972871,-8.828146187e-05,-2.316689257e-05
498400000,-0.00293366024,0.001201128657,-7.869977011e-05,5.474280326e-06
498500000,-0.001561831998,0.002778730008,-6.112016699e-05,2.461150358e-05
498600000,0.000411143931,0.003589066932,-4.104837007e-05,3.27318373e-05
498700000,0.002579957452,0.003434025161,-2.379523567e-05,3.100624408e-05
498800000,0.004491188364,0.002317820348,-1.329370052e-05,2.284100494e-05
498900000,0.005738955565,0.000447516766,-1.126193985e-05,1.295023477e-05
499000000,0.006050679879,-0.001809243822,-1.688852266e-05,6.160314988e-06
499100000,0.005344949506,-0.004000317139,-2.710108624e-05,6.212587207e-06
499200000,0.003749413673,-0.005682917088,-3.735336444e-05,1.482883399e-05
499300000,0.001575033535,-0.006515601852,-4.275335878e-05,3.124554966e-05
499400000,-0.0007478693776,-0.00632918928,-3.928190026e-05,5.23204946e-05
499500000,-0.002758389594,-0.005161847866,-2.483138132e-05,7.319057982e-05
499600000,-0.004060124773,-0.00325109363,1.669687139e-07,8.834039157e-05
499700000,-0.004402771158,-0.0009843976928,3.267063114e-05,9.285117993e-05
499800000,-0.003733245563,0.001181278171,6.753254234e-05,8.355990769e-05
499900000,-0.002205699375,0.002814228592,9.848707345e-05,5.987544672e-05
500000000,-0.0001483571246,0.003597256139,0.0001194120288,2.407039967e-05
500100000,0.002005870527,0.003392774384,0.0001256031213,-1.902290401e-05
500200000,0.003810454325,0.002270133515,0.0001147926748,-6.28582675e-05
500300000,0.004898868275,0.0004894378364,8.769612496e-05,-0.0001003950713
500400000,0.005061052767,-0.001554734253,4.796724422e-05,-0.0001254438783
500500000,0.00428657128,-0.003417823131,1.565406909e-06,-0.0001338633131
500600000,0.002765317386,-0.00470009801,-4.434003755e-05,-0.0001243632082
500700000,0.000845620529,-0.005131642657,-8.270753875e-05,-9.874986816e-05
500800000,-0.001041322129,-0.004629413396,-0.0001079328124,-6.156413825e-05
500900000,-0.002474543816,-0.003314192705,-0.0001168660338,-1.918776315e-05
501000000,-0.003134011697,-0.001483830926,-0.0001093339466,2.139773837e-05
501100000,-0.002869509108,0.0004514586749,-8.806697868e-05,5.394534864e-05
501200000,-0.001732956074,0.002057842176,-5.805451872e-05,7.409861757e-05
501300000,3.270919582e-05,0.002971591365,-2.546900389e-05,8.013754251e-05
501400000,0.002045635827,0.002977710047,3.61307955e-06,7.316960245e-05
501500000,0.003866930557,0.002056665501,2.442590509e-05,5.673807488e-05
501600000,0.005094747118,0.0003893042736,3.441421942e-05,3.59414337e-05
501700000,0.005450510671,-0.001681013448,3.363715584e-05,1.625863969e-05
501800000,0.004838948304,-0.003720921717,2.460135193e-05,2.33437242e-06
501900000,0.003369231452,-0.00529874204,1.157032389e-05,-3.016545286e-06
502000000,0.001332821374,-0.006075906339,-4.922981836e-07,6.240708324e-07
502100000,-0.0008572269955,-0.005878787782,-7.111663931e-06,1.125565697e-05
502200000,-0.002752639256,-0.00473582041,-5.362581706e-06,2.497962468e-05
502300000,-0.003963751059,-0.002872146411,5.428307986e-06,3.694446399e-05
502400000,-0.004241062658,-0.0006629790836,2.349121804e-05,4.25060447e-05
502500000,-0.003527422108,0.001444472139,4.497419706e-05,3.834828716e-05
502600000,-0.001969940741,0.003024106529,6.477863638e-05,2.331835896e-05
502700000,0.0001108009431,0.003759549856,7.768923039e-05,-1.207927784e-06
502800000,0.002287759724,0.003509742863,7.955464667e-05,-3.15140409e-05
502900000,0.004116586661,0.002337798952,6.82635516e-05,-6.224895385e-05
503000000,0.005228250137,0.0004971226379,4.430342377e-05,-8.750559348e-05
503100000,0.005405717219,-0.001622273152,1.077757125e-05,-0.000102045399
503200000,0.004628616993,-0.003575970637,-2.712978181e-05,-0.0001024107609
503300000,0.003076513901,-0.004958592774,-6.313381055e-05,-8.768959437e-05
503400000,0.00109011165,-0.00548882235,-9.107402808e-05,-5.976853567e-05
503500000,-0.0009014238967,-0.005068068951,-0.0001061310412,-2.301791836e-05
503600000,-0.002471660638,-0.00380039513,-0.0001057833641,1.652972047e-05
503700000,-0.003287306163,-0.001969497138,-9.030631491e-05,5.23402601e-05
503800000,-0.003178657351,2.235783283e-05,-6.271013319e-05,7.863991284e-05
503900000,-0.002175151738,0.001740447691,-2.813087661e-05,9.15198989e-05
504000000,-0.0004984975549,0.002810441045,7.199043654e-06,8.965859986e-05
504100000,0.0014851096,0.002998220394,3.718732593e-05,7.451601376e-05
504200000,0.003343466689,0.002259717728,5.707016732e-05,4.99653788e-05
504300000,0.004670800878,0.0007501999996,6.430914946e-05,2.144370179e-05
504400000,0.005174480951,-0.001208914468,5.901554577e-05,-5.197845685e-06
504500000,0.004737569671,-0.003198592724,4.382078643e-05,-2.490181055e-05
504600000,0.003443952729,-0.00479146019,2.322802171e-05,-3.441880606e-05
504700000,0.001560754383,-0.005642816145,2.587885126e-06,-3.291934014e-05
504800000,-0.00051817231,-0.005564065034,-1.308099463e-05,-2.208053709e-05
504900000,-0.002355642067,-0.0045630062,-2.017558771e-05,-5.636769459e-06
505000000,-0.003563706854,-0.002842483374,-1.726749902e-05,1.150357451e-05
505100000,-0.003885779497,-0.0007577349594,-5.37936192e-06,2.43820149e-05
505200000,-0.003250948039,0.001258473245,1.227592284e-05,2.9111824e-05
505300000,-0.00178903818,0.002787060207,3.103307236e-05,2.375706556e-05
505400000,0.0001967009876,0.003510898872,4.582814938e-05,8.781145652e-06
505500000,0.002293463924,0.003281519551,5.234026012e-05,-1.303020464e-05
505600000,0.004065790794,0.002150210149,4.797537968e-05,-3.715418557e-05
505700000,0.005147159362,0.0003570018139,3.24807386e-05,-5.82987581e-05
505800000,0.005316960563,-0.001720093314,8.057280298e-06,-7.154604603e-05
505900000,0.004546649983,-0.003644858426,-2.105532098e-05,-7.342711046e-05
506000000,0.003005370938,-0.005014824304,-4.943444588e-05,-6.269856318e-05
506100000,0.001023889975,-0.005545998644,-7.159091928e-05,-4.065475549e-05
506200000,-0.00097552074,-0.005132498931,-8.311055118e-05,-1.0907626e-05
506300000,-0.002568429943,-0.003868513836,-8.158000345e-05,2.132117217e-05
506400000,-0.003417935759,-0.002027979056,-6.710165343e-05,5.024832332e-05
506500000,-0.003345740882,-6.296170124e-06,-4.228874666e-05,7.069792628e-05
506600000,-0.002369606061,0.001763549079,-1.174149437e-05,7.914714855e-05
506700000,-0.000699299429,0.002902705828,1.888623329e-05,7.443023171e-05
506800000,0.001308051409,0.003166613017,4.403429193e-05,5.795468682e-05
506900000,0.003223713079,0.002496661073,5.93580058e-05,3.338612089e-05
507000000,0.004638153875,0.001032480504,6.259065026e-05,5.869596468e-06
507100000,0.005247698332,-0.0009176861595,5.39682077e-05,-1.904772413e-05
507200000,0.004918729818,-0.002942216503,3.613037958e-05,-3.656597627e-05
507300000,0.003715909155,-0.004613124499,1.352201995e-05,-4.361326741e-05
507400000,0.001888491156,-0.005576460958,-8.576152227e-06,-3.945340269e-05
507500000,-0.0001823267639,-0.005627005505,-2.518149774e-05,-2.57957468e-05
507600000,-0.002063865672,-0.004751493996,-3.266841189e-05,-6.387560906e-06
507700000,-0.003363215878,-0.003131285135,-2.952959154e-05,1.382188086e-05
507800000,-0.003809994598,-0.001103945925,-1.6680651e-05,2.976634975e-05
507900000,-0.003313140561,0.0009080852321,2.753937525e-06,3.736614829e-05
508000000,-0.001979778429,0.00248665119,2.412598026e-05,3.441635685e-05
508100000,-9.221228089e-05,0.003305988532,4.227299185e-05,2.107247641e-05
508200000,0.001952041078,0.003201181723,5.263723194e-05,-1.68298837e-07
508300000,0.003724461307,0.002202511007,5.225722324e-05,-2.498521298e-05
508400000,0.004856142168,0.0005284655431,4.042221567e-05,-4.814120134e-05
508500000,0.005115635691,-0.001461061512,1.885169062e-05,-6.458724902e-05
508600000,0.004457547571,-0.003341452193,-8.637569262e-06,-7.053081581e-05
508700000,0.00303160346,-0.004713644117,-3.690633273e-05,-6.42434643e-05
508800000,0.001150286353,-0.005288850943,-6.054640278e-05,-4.64383077e-05
508900000,-0.0007780596136,-0.004949737019,-7.499133901e-05,-2.013882527e-05
509000000,-0.002336423224,-0.003775061408,-7.745171648e-05,9.932292458e-06
509100000,-0.003188066162,-0.002022577628,-6.747990085e-05,3.831492039e-05
509200000,-0.0031482941,-7.386106577e-05,-4.704788051e-05,5.992146252e-05
509300000,-0.002223815656,0.00164716517,-2.012443988e-05,7.106236751e-05
509400000,-0.0006113631775,0.002764657409,8.156849272e-06,7.017344252e-05
509500000,0.001344075541,0.003031014315,3.256186923e-05,5.80950074e-05
509600000,0.003222492298,0.002379783552,4.88276685e-05,3.784802069e-05
509700000,0.004617992408,0.0009401444372,5.451666153e-05,1.395851822e-05
509800000,0.005224940912,-0.0009900367845,4.947556503e-05,-8.52341329e-06
509900000,0.004902922791,-0.003006820668,3.580585027e-05,-2.510033639e-05
510000000,0.003706842127,-0.004685211905,1.735632429e-05,-3.277109053e-05
510100000,0.001875867553,-0.005668633357,-1.15042181e-06,-3.064209859e-05
510200000,-0.0002163935576,-0.005744020168,-1.51689094e-05,-2.00786368e-05
510300000,-0.002139966816,-0.004886766087,-2.133345665e-05,-4.366646311e-06
510400000,-0.003498395485,-0.003266120917,-1.819824448e-05,1.204016618e-05
510500000,-0.004011560287,-0.001209956812,-6.556909849e-06,2.452520041e-05
510600000,-0.003574073842,0.0008636551128,1.072634054e-05,2.934981816e-05
510700000,-0.002277038785,0.002533670759,2.933806211e-05,2.450684034e-05
510800000,-0.0003886545318,0.003463793664,4.445711672e-05,1.02033088e-05
510900000,0.001702212295,0.003472298087,5.181614189e-05,-1.113215127e-05
511000000,0.003567616002,0.002569326705,4.865704263e-05,-3.532129601e-05
511100000,0.004830123565,0.0009538618177,3.437672244e-05,-5.729002481e-05
511200000,0.005241566687,-0.001028962556,1.072434252e-05,-7.212561641e-05
511300000,0.004734373767,-0.002961194213,-1.84943816e-05,-7.611594105e-05
511400000,0.003434659299,-0.004440552783,-4.814685486e-05,-6.755257955e-05
511500000,0.001634312311,-0.005165354218,-7.278727491e-05,-4.712897007e-05
511600000,-0.0002719897431,-0.004997864062,-8.774489987e-05,-1.784921025e-05
511700000,-0.001871448121,-0.003992619863,-9.006200632e-05,1.553485206e-05
511800000,-0.002821451536,-0.002383700522,-7.908816538e-05,4.744252146e-05
511900000,-0.00292268073,-0.0005336769888,-5.660927973e-05,7.254979125e-05
512000000,-0.002161395438,0.001144822257,-2.64867516e-05,8.681827928e-05
512100000,-0.0007118832859,0.002278129248,6.116186952e-06,8.825716247e-05
512200000,0.001101412176,0.002612074698,3.575884855e-05,7.726437529e-05
512300000,0.002873929664,0.002066819539,5.778524513e-05,5.648178608e-05
512400000,0.004208168776,0.0007542855834,6.920510309e-05,3.020061843e-05
512500000,0.004799353591,-0.001045485161,6.921466965e-05,3.446682765e-06
512600000,0.004501302077,-0.002943935041,5.925534397e-05,-1.905952858e-05
512700000,0.003358499015,-0.004526805116,4.260612238e-05,-3.384878359e-05
512800000,0.001597606427,-0.005442515338,2.360391748e-05,-3.935824397e-05
512900000,-0.0004197227873,-0.005477352989,6.663305818e-06,-3.616256644e-05
513000000,-0.002272679065,-0.004601579373,-4.692097124e-06,-2.673908993e-05
513100000,-0.003569722526,-0.002976771414,-8.579066079e-06,-1.482481861e-05
513200000,-0.004030962481,-0.0009229202592,-5.126142631e-06,-4.509601917e-06
513300000,-0.003547201577,0.001147731364,3.609636923e-06,7.346402055e-07
513400000,-0.002203318464,0.002816191828,1.415906713e-05,-1.12375141e-06
513500000,-0.0002611663787,0.003743655666,2.247537287e-05,-1.018183048e-05
513600000,0.001894373365,0.003741729817,2.490393199e-05,-2.45441143e-05
513700000,0.00383488296,0.002811345153,1.907488072e-05,-4.071535932e-05
513800000,0.005176857936,0.001142295585,4.522635644e-06,-5.436126145e-05
513900000,0.00566069045,-0.0009264540185,-1.710555872e-05,-6.127491694e-05
514000000,0.005203740538,-0.002977388423,-4.230248031e-05,-5.834200211e-05
514100000,0.00391644027,-0.004601242164,-6.636732806e-05,-4.429670651e-05
514200000,0.002078077475,-0.005481832612,-8.434954732e-05,-2.010361333e-05
514300000,7.733862422e-05,-0.005461151867,-9.207431204e-05,1.112121501e-05
514400000,-0.00166989424,-0.004571039996,-8.703539582e-05,4.464021435e-05
514500000,-0.002808164032,-0.003024762465,-6.896764469e-05,7.497105387e-05
514600000,-0.003116944655,-0.001170274385,-3.997709696e-05,9.693298732e-05
514700000,-0.002556224694,0.0005849063296,-4.198124264e-06,0.0001066497911
514800000,-0.001273474271,0.001861218339,3.295534742e-05,0.0001023047437
514900000,0.0004294752398,0.002388282391,6.579383894e-05,8.449407644e-05
515000000,0.002162528216,0.002062456725,8.940864365e-05,5.61080501e-05
515100000,0.003532203352,0.0009683997053,0.00010056759,2.176594624e-05
515200000,0.00422705278,-0.0006399599569,9.827149641e-05,-1.30774642e-05
515300000,0.004085262515,-0.002394917318,8.38635576e-05,-4.316999184e-05
515400000,0.003129918053,-0.003894980705,6.067676448e-05,-6.443280733e-05
515500000,0.00156439094,-0.004792135107,3.329972265e-05,-7.466844043e-05
515600000,-0.0002711136503,-0.004867629162,6.618982348e-06,-7.386739777e-05
515700000,-0.001972476678,-0.004080049369,-1.515994751e-05,-6.406008823e-05
515800000,-0.003158402489,-0.0025754368,-2.930940099e-05,-4.87563853e-05
515900000,-0.003552438025,-0.0006573529776,-3.503209939e-05,-3.210097403e-05
516000000,-0.003042833634,0.001276659655,-3.348255667e-05,-1.79305966e-05
516100000,-0.001707601347,0.002818682141,-2.736332821e-05,-8.937341027e-06
516200000,0.0002004450161,0.003636386154,-2.019284557e-05,-6.116624315e-06
516300000,0.002305429811,0.003543270361,-1.541097407e-05,-8.615156885e-06
516400000,0.004186006903,0.002538476451,-1.552180291e-05,-1.40066193e-05
516500000,0.005462535383,0.0008079292717,-2.146358399e-05,-1.892980989e-05
516600000,0.005875657397,-0.001313362971,-3.234540301e-05,-1.994549843e-05
516700000,0.005339955127,-0.003409946782,-4.560999291e-05,-1.442086422e-05
516800000,0.003961580565,-0.005071208304,-5.758930198e-05,-1.244228249e-06
516900000,0.002016237689,-0.005975593297,-6.433385639e-05,1.879097764e-05
517000000,-0.0001078839872,-0.005956286839,-6.253684938e-05,4.302323889e-05
517100000,-0.001990353633,-0.005034721387,-5.035201654e-05,6.7380947e-05
517200000,-0.003265220091,-0.00341495432,-2.792532488e-05,8.71708078e-05
517300000,-0.003696128577,-0.001440097041,2.480169668e-06,9.803459092e-05
517400000,-0.003224133208,0.0004800887842,3.680183299e-05,9.68746969e-05
517500000,-0.001978185241,0.001955240658,6.98799519e-05,8.255354646e-05
517600000,-0.0002460981518,0.002695984014,9.640666984e-05,5.621731977e-05
517700000,0.001587871117,0.002573835395,0.0001119304018,2.117150931e-05
517800000,0.003125589897,0.001646732392,0.0001137120659,-1.767203187e-05
517900000,0.004040202335,0.0001447708065,0.0001012590602,-5.466863454e-05
518000000,0.004145695484,-0.001580795356,7.64285613e-05,-8.446116465e-05
518100000,0.003435992878,-0.003134361423,4.307968213e-05,-0.0001029435267
518200000,0.002085196621,-0.004162090047,6.345977259e-06,-0.0001079758956
518300000,0.0004089457906,-0.004428809285,-2.832339202e-05,-9.971190071e-05
518400000,-0.001204757799,-0.00386912953,-5.615969686e-05,-8.047816844e-05
518500000,-0.002380315513,-0.002601780453,-7.390830536e-05,-5.423855279e-05
518600000,-0.002836597687,-0.0009041179659,-8.033625082e-05,-2.575988406e-05
518700000,-0.002448637514,0.0008476532111,-7.631943681e-05,3.444284761e-07
518800000,-0.001275722503,0.002259633036,-6.450356294e-05,2.049435069e-05
518900000,0.0004500773881,0.003005311993,-4.862149267e-05,3.276756962e-05
519000000,0.002372410523,0.002896392343,-3.262010656e-05,3.714581438e-05
519100000,0.004085761698,0.001924291712,-1.978701195e-05,3.534261396e-05
519200000,0.005221191255,0.0002635893274,-1.206415087e-05,3.026151029e-05
519300000,0.005524554658,-0.001763229711,-9.692329973e-06,2.521196407e-05
519400000,0.004910754534,-0.003752230628,-1.125736858e-05,2.3060531e-05
519500000,0.00348269405,-0.005301688659,-1.412071044e-05,2.550678954e-05
519600000,0.001511031121,-0.00609543449,-1.513379041e-05,3.264462788e-05
519700000,-0.0006209854747,-0.005968511344,-1.147402746e-05,4.29062065e-05
519800000,-0.002496075568,-0.004941509859,-1.414082262e-06,5.340187938e-05
519900000,-0.003748537671,-0.003216486687,1.514952729e-05,6.058263703e-05
520000000,-0.004139136015,-0.001135354237,3.653041542e-05,6.108079183e-05
520100000,-0.003603736612,0.0008905899454,5.949263096e-05,5.254477918e-05
520200000,-0.002265617926,0.002465341995,7.985316228e-05,3.428356129e-05
520300000,-0.0004089235664,0.003289470934,9.332387066e-05,7.57524278e-06
520400000,0.001581193281,0.00322107922,9.641729002e-05,-2.443519815e-05
520500000,0.00329922786,0.002303732915,8.722499983e-05,-5.723760162e-05
520600000,0.004403897062,0.0007555268227,6.590192445e-05,-8.576175474e-05
520700000,0.0046888677,-0.001078411711,3.474973712e-05,-0.0001053252855
520800000,0.004124733972,-0.002799966678,-2.125026495e-06,-0.0001125323839
520900000,0.002863362907,-0.004042958026,-3.951478308e-05,-0.0001059400934
521000000,0.001203685226,-0.004550908308,-7.203852735e-05,-8.635568854e-05
521100000,-0.0004737723231,-0.004231072316,-9.510895188e-05,-5.670372549e-05
521200000,-0.001789602419,-0.003173177003,-0.0001057466501,-2.148905204e-05
521300000,-0.002447729692,-0.001628865886,-0.0001030805851,1.403585381e-05
521400000,-0.002299446741,4.370769842e-05,-8.84386019e-05,4.483138548e-05
521500000,-0.001375504743,0.001458178887,-6.501583765e-05,6.696673168e-05
521600000,0.0001206160719,0.002284268708,-3.719489713e-05,7.827403315e-05
521700000,0.001856752042,0.002319918778,-9.661747206e-06,7.863526254e-05
521800000,0.0034438823,0.001535764329,1.349905836e-05,6.985349139e-05
521900000,0.00452026147,8.244226909e-05,2.954505846e-05,5.514663425e-05
522000000,0.004829808659,-0.0017407644,3.750504882e-05,3.837931769e-05
522100000,0.004278011965,-0.00354917445,3.821707223e-05,2.320101834e-05
522200000,0.002953479275,-0.004954316223,3.397930463e-05,1.227518747e-05
522300000,0.001110620063,-0.005646533434,2.789984127e-05,6.76147848e-06
522400000,-0.0008828093642,-0.005461104646,2.309421379e-05,6.156459759e-06
522500000,-0.002622173245,-0.004413957295,2.190998467e-05,8.519576776e-06
522600000,-0.003750318602,-0.002699517382,2.534967462e-05,1.102747416e-05
522700000,-0.004032134478,-0.0006512072355,3.281851589e-05,1.072895496e-05
522800000,-0.003403735711,0.001327090333,4.225182686e-05,5.3299021e-06
522900000,-0.001986050894,0.002844260466,5.059360874e-05,-6.168519752e-06
523000000,-6.003706169e-05,0.003602525577,5.452111279e-05,-2.312297147e-05
523100000,0.00199127296,0.003458602386,5.125603501e-05,-4.327372632e-05
523200000,0.00376180549,0.002452756562,3.928318028e-05,-6.314374546e-05
523300000,0.004906111276,0.0007997449362,1.881607516e-05,-7.873062031e-05
523400000,0.005210247674,-0.001156442308,-8.097917696e-06,-8.634693303e-05
523500000,0.004635110656,-0.003014588782,-3.786423255e-05,-8.343117054e-05
523600000,0.003323173515,-0.004399959596,-6.596758572e-05,-6.915559984e-05
523700000,0.001567226156,-0.005042175583,-8.78139201e-05,-4.469855822e-05
523800000,-0.0002523150135,-0.004830893828,-9.961685867e-05,-1.311776259e-05
523900000,-0.001748310946,-0.003837559637,-9.914688322e-05,2.115605967e-05
524000000,-0.002608906048,-0.002298634656,-8.618859587e-05,5.310702657e-05
524100000,-0.002663239011,-0.0005638697937,-6.261082335e-05,7.804667409e-05
524200000,-0.001916885143,0.0009793555906,-3.203354202e-05,9.24684096e-05
524300000,-0.0005494902797,0.001989474236,8.419084003e-07,9.467282734e-05
524400000,0.001124865882,0.002244110244,3.110426419e-05,8.504001638e-05
524500000,0.002726054098,0.001687698916,5.452989866e-05,6.589756508e-05
524600000,0.003890340477,0.0004431721794,6.832692743e-05,4.101579083e-05
524700000,0.004349198591,-0.001214751484,7.157934918e-05,1.483754183e-05
524800000,0.003987596478,-0.002918896736,6.530784368e-05,-8.397007483e-06
524900000,0.002869295309,-0.004288824236,5.214373761e-05,-2.545074703e-05
525000000,0.001223787813,-0.005012906404,3.569253682e-05,-3.465352152e-05
525100000,-0.0006022788007,-0.004915735822,1.97266156e-05,-3.611948509e-05
525200000,-0.002218778893,-0.003996502003,7.380015759e-06,-3.15820237e-05
525300000,-0.003275157255,-0.002430207226,5.150244932e-07,-2.389126423e-05
525400000,-0.003535193644,-0.0005315210327,-6.088042356e-07,-1.628980041e-05
525500000,-0.002927655079,0.001311006828,2.701213186e-06,-1.1627734e-05
525600000,-0.001562173064,0.002716422795,7.958650268e-06,-1.168898509e-05
525700000,0.000292940719,0.003391336441,1.214716933e-05,-1.677496502e-05
525800000,0.002266211985,0.003191568754,1.248503943e-05,-2.563482058e-05
525900000,0.003960155213,0.002152579131,7.134796392e-06,-3.575580675e-05
526000000,0.005033872166,0.0004823454142,-4.299595333e-06,-4.394912738e-05
526100000,0.005273817595,-0.001481766321,-2.059940037e-05,-4.710248691e-05
526200000,0.004637957261,-0.003343091547,-3.912279439e-05,-4.293424591e-05
526300000,0.003264115134,-0.004728050497,-5.632387354e-05,-3.058314407e-05
526400000,0.001440788753,-0.00536359887,-6.849043477e-05,-1.090216893e-05
526500000,-0.0004534432089,-0.005133547966,-7.254421562e-05,1.361212041e-05
526600000,-0.002029217382,-0.004101968123,-6.673274543e-05,3.924602323e-05
526700000,-0.002967745226,-0.00249878026,-5.106368624e-05,6.176630291e-05
526800000,-0.003087139062,-0.000670580488,-2.738589649e-05,7.724633559e-05
526900000,-0.002379750219,0.0009929311995,9.048608494e-07,8.285008697e-05
527000000,-0.001012663123,0.002141385521,2.947916932e-05,7.741097992e-05
527100000,0.0007087313635,0.002537617001,5.388301589e-05,6.168467511e-05
527200000,0.002406342016,0.002107346365,7.037845229e-05,3.822207649e-05
527300000,0.003710227284,0.0009541609437,7.664487451e-05,1.088735425e-05
527400000,0.004337508833,-0.0006633550947,7.219875979e-05,-1.588098875e-05
527500000,0.00415257378,-0.002387442899,5.84480251e-05,-3.791528142e-05
527600000,0.003195770806,-0.003838032024,3.837273241e-05,-5.209813068e-05
527700000,0.001674517776,-0.004694252637,1.590083702e-05,-5.691877529e-05
527800000,-8.124751805e-05,-0.00476322082,-4.890012447e-06,-5.269616924e-05
527900000,-0.001689740789,-0.004021447634,-2.057890649e-05,-4.14284433e-05
528000000,-0.002799037122,-0.002620076545,-2.905064746e-05,-2.630615916e-05
528100000,-0.00316239007,-0.0008528773514,-2.985614933e-05,-1.099617415e-05
528200000,-0.002691140497,0.0009061411772,-2.421486869e-05,1.150515288e-06
528300000,-0.001473998191,0.002282191594,-1.466563988e-05,7.799527014e-06
528400000,0.000241346505,0.002979343142,-4.446116466e-06,8.096233169e-06
528500000,0.002100323414,0.002843448027,3.262610975e-06,2.796908053e-06
528600000,0.003716213922,0.001895063549,6.062531222e-06,-5.955134277e-06
528700000,0.004751682399,0.0003254553721,2.880372722e-06,-1.515570497e-05
528800000,0.004989886302,-0.001543423749,-5.790865858e-06,-2.165143833e-05
528900000,0.004380181855,-0.003326496017,-1.800083027e-05,-2.288135827e-05
529000000,0.003048821707,-0.004656395962,-3.077615634e-05,-1.748704841e-05
529100000,0.00127242404,-0.00526054665,-4.078554644e-05,-5.658904939e-06
529200000,-0.0005801707304,-0.005018250121,-4.509159445e-05,1.085718922e-05
529300000,-0.002125390972,-0.003985787829,-4.182688395e-05,2.909561585e-05
529400000,-0.003045442154,-0.002384269632,-3.064800598e-05,4.547877381e-05
529500000,-0.003154874522,-0.000552819016,-1.286836107e-05,5.656821826e-05
529600000,-0.002439197559,0.001123014071,8.761163443e-06,5.979975809e-05
529700000,-0.001057428346,0.002292503305,3.05798155e-05,5.404610287e-05
529800000,0.0006919285068,0.002713519286,4.874365701e-05,3.988678827e-05
529900000,0.002434256619,0.002303273156,5.999976265e-05,1.952665431e-05
530000000,0.003798155668,0.001155346636,6.23461097e-05,-3.621944913e-06
530100000,0.004493957743,-0.000480552449,5.543913918e-05,-2.560737014e-05
530200000,0.00437484882,-0.002251796422,4.06637865e-05,-4.271901309e-05
530300000,0.003467695103,-0.003777730902,2.085142062e-05,-5.221796683e-05
530400000,0.001967083884,-0.004730400447,-2.953055398e-07,-5.286691786e-05
530500000,0.000193872107,-0.004904025838,-1.895066991e-05,-4.51503908e-05
530600000,-0.001472953864,-0.004258541476,-3.193144039e-05,-3.114143363e-05
530700000,-0.002676659347,-0.002928002907,-3.732109787e-05,-1.404477354e-05
530800000,-0.003158355842,-0.001192121659,-3.482433553e-05,2.486148494e-06
530900000,-0.002811814109,0.0005830052016,-2.578051685e-05,1.511416521e-05
531000000,-0.001705922715,0.002022389543,-1.283654398e-05,2.150501322e-05
531100000,-7.008446368e-05,0.002821452637,6.490701903e-07,2.079266254e-05
531200000,0.001754309607,0.002810359862,1.134320154e-05,1.372776057e-05
531300000,0.00338602384,0.001989811013,1.665963531e-05,2.480814427e-06
531400000,0.004484461943,0.0005307611525,1.531278677e-05,-9.855413613e-06
531500000,0.004821475644,-0.00126182415,7.587564511e-06,-1.995667941e-05
531600000,0.004329335236,-0.003013480707,-4.730144217e-06,-2.500339222e-05
531700000,0.003114747775,-0.004359363327,-1.874591934e-05,-2.330544364e-05
531800000,0.001435988768,-0.005021230043,-3.108754294e-05,-1.468326948e-05
531900000,-0.000351986815,-0.004866010769,-3.863931261e-05,-5.247330022e-07
532000000,-0.001872813507,-0.003933577872,-3.922376287e-05,1.649376678e-05
532100000,-0.0028084087,-0.002427859997,-3.208619072e-05,3.296254386e-05
532200000,-0.002966199381,-0.0006732107891,-1.807941401e-05,4.545257864e-05
532300000,-0.002319640028,0.0009546874436,4.902809013e-07,5.123729884e-05
532400000,-0.001013453267,0.002108706444,2.032349212e-05,4.88700097e-05
532500000,0.0006674824283,0.002543983808,3.779737893e-05,3.849557914e-05
532600000,0.002358958104,0.002169832073,4.970386781e-05,2.183124841e-05
532700000,0.003695036056,0.001068856987,5.39015882e-05,1.821234325e-06
532800000,0.004385949514,-0.0005207339512,4.974538924e-05,-1.796164435e-05
532900000,0.004279781643,-0.0022558416,3.820454609e-05,-3.40411937e-05
533000000,0.00339486702,-0.003761420916,2.16465611e-05,-4.373768023e-05
533100000,0.001916080557,-0.004710185737,3.333861783e-06,-4.569608356e-05
533200000,0.0001558355326,-0.004892189954,-1.325916742e-05,-4.013340544e-05
533300000,-0.001511921613,-0.004259573687,-2.516415232e-05,-2.875539894e-05
533400000,-0.00273073787,-0.002937041953,-3.052047115e-05,-1.436301344e-05
533500000,-0.003236997646,-0.001195902399,-2.89349313e-05,-2.341933272e-07
533600000,-0.002915695044,0.0006028155901,-2.152538778e-05,1.058635557e-05
533700000,-0.001824909611,0.002084133764,-1.064157469e-05,1.593806039e-05
533800000,-0.0001838793307,0.002937816286,6.751597799e-07,1.49979881e-05
533900000,0.001672768325,0.002983432745,9.376411324e-06,8.441393729e-06
534000000,0.003364965528,0.002208148217,1.308855993e-05,-1.723702689e-06
534100000,0.004546619095,0.0007693472689,1.06458861e-05,-1.261156491e-05
534200000,0.004977818158,-0.001038413483,2.360864507e-06,-2.110558838e-05
534300000,0.004574693477,-0.00284515023,-1.002647899e-05,-2.455847938e-05
534400000,0.003426485491,-0.004282906529,-2.371008722e-05,-2.139602236e-05
534500000,0.001776263213,-0.005062634343,-3.541426344e-05,-1.149508652e-05
534600000,-3.062492882e-05,-0.005034333538,-4.209911626e-05,3.745792443e-06
534700000,-0.001619490557,-0.004217794537,-4.162601496e-05,2.166005877e-05
534800000,-0.002665234169,-0.002797476899,-3.324220572e-05,3.883947398e-05
534900000,-0.002960578523,-0.001082629349,-1.778155098e-05,5.182417296e-05
535000000,-0.002459167204,0.0005588806532,2.462233895e-06,5.781298014e-05
535100000,-0.001284406387,0.0017789723,2.416499109e-05,5.524617195e-05
535200000,0.0002977996985,0.002323323153,4.361616226e-05,4.413947966e-05
535300000,0.001936585353,0.002085170892,5.744483383e-05,2.610002819e-05
535400000,0.003271644166,0.001127500341,6.327837979e-05,4.021146825e-06
535500000,0.004010607749,-0.0003310870398,6.019877159e-05,-1.848035645e-05
535600000,0.0039917613,-0.001963770664,4.890420322e-05,-3.776775346e-05
535700000,0.003218713147,-0.003406020723,3.154533039e-05,-5.088358404e-05
535800000,0.001859636589,-0.004334135608,1.12731457e-05,-5.61012454e-05
535900000,0.0002112784026,-0.00453502356,-8.404917582e-06,-5.321764674e-05
536000000,-0.001364548816,-0.003952340365,-2.432509911e-05,-4.353056423e-05
536100000,-0.002518418506,-0.002699168941,-3.427781395e-05,-2.951071804e-05
536200000,-0.002988177722,-0.001034579995,-3.740313489e-05,-1.424237169e-05
536300000,-0.002655357852,0.0006908974377,-3.42924938e-05,-7.540098764e-07
536400000,-0.001571173211,0.002109287372,-2.678073565e-05,8.617603583e-06
536500000,5.334400119e-05,0.0029129746,-1.747842829e-05,1.269540308e-05
536600000,0.001890932008,0.002919888152,-9.149043731e-06,1.166462759e-05
536700000,0.003566183435,0.002112367057,-4.067746106e-06,6.970269015e-06
536800000,0.004733795872,0.0006415949234,-3.501339704e-06,9.353172231e-07
536900000,0.005150587524,-0.0012032718,-7.421972945e-06,-3.814377172e-06
537000000,0.004726234566,-0.003054779204,-1.451630763e-05,-4.991510921e-06
537100000,0.003542166474,-0.004543162766,-2.248794775e-05,-1.213899156e-06
537200000,0.001834713205,-0.005372780039,-2.858760968e-05,7.628705064e-06
537300000,-5.394822789e-05,-0.00538305173,-3.025626379e-05,2.028958931e-05
537400000,-0.001746789859,-0.004581212975,-2.574172343e-05,3.438352379e-05
537500000,-0.002910034321,-0.003140058776,-1.455411493e-05,4.686528011e-05
537600000,-0.003322030865,-0.001361179747,2.340755299e-06,5.466891043e-05
537700000,-0.002918489558,0.0003885889144,2.263604685e-05,5.537348884e-05
537800000,-0.001804598506,0.001754149928,4.308753988e-05,4.775435316e-05
537900000,-0.0002314998184,0.002466354411,6.01262246e-05,3.210192293e-05
538000000,0.001457887368,0.002397790703,7.055537095e-05,1.023803824e-05
538100000,0.002902215365,0.001588365915,7.218922694e-05,-1.477760608e-05
538200000,0.003798656011,0.0002352759208,6.4301903e-05,-3.919410137e-05
538300000,0.003967077484,-0.001350478156,4.779378005e-05,-5.925976756e-05
538400000,0.00338776899,-0.002811729982,2.504078066e-05,-7.191741265e-05
538500000,0.002204662964,-0.003822465365,-5.430767045e-07,-7.536458263e-05
538600000,0.0006933862113,-0.004158242017,-2.514083835e-05,-6.936708621e-05
538700000,-0.0007989781789,-0.003744600985,-4.523657913e-05,-5.526518244e-05
538800000,-0.00192945275,-0.002673084626,-5.824624896e-05,-3.567517477e-05
538900000,-0.002433795586,-0.001181447549,-6.294995173e-05,-1.395150352e-05
539000000,-0.002184163744,0.00039764905,-5.964256016e-05,6.477225367e-06
539100000,-0.001217455284,0.00170840882,-4.997880806e-05,2.276050782e-05
539200000,0.0002717005382,0.002448732531,-3.655262414e-05,3.313336037e-05
539300000,0.001971752031,0.002435683185,-2.230511045e-05,3.717815886e-05
539400000,0.003520081333,0.00164565279,-9.889802109e-06,3.579336787e-05
539500000,0.004579878805,0.0002207423857,-1.13060153e-06,3.088426885e-05
539600000,0.004911746306,-0.001559938583,3.314180534e-06,2.484957033e-05
539700000,0.004424935645,-0.003337943555,4.014082615e-06,1.998027367e-05
539800000,0.003197482561,-0.004749963909,2.547287013e-06,1.790445182e-05
539900000,0.001461061168,-0.005503477624,1.053205264e-06,1.920014318e-05
540000000,-0.000446229863,-0.005437761244,1.659293502e-06,2.326095766e-05
540100000,-0.002149266391,-0.004557562245,5.911442833e-06,2.844338078e-05
540200000,-0.003313014099,-0.003032455159,1.433625033e-05,3.246309516e-05
540300000,-0.003711321635,-0.001162052942,2.623479501e-05,3.295311268e-05
540400000,-0.003273109403,0.0006856633018,3.975740839e-05,2.806076418e-05
540500000,-0.002096381972,0.002150057468,5.224807554e-05,1.695122866e-05
540600000,-0.0004271828347,0.002951842173,6.078851293e-05,1.042790859e-07
540700000,0.001392096047,0.002949971692,6.282811007e-05,-2.066577474e-05
540800000,0.002994245103,0.002169574105,5.676610682e-05,-4.247854151e-05
540900000,0.004063639739,0.0007951042681,4.236081219e-05,-6.189481704e-05
541000000,0.004401490385,-0.0008698251815,2.087558719e-05,-7.556205886e-05
541100000,0.00396621573,-0.002467465366,-5.074622294e-06,-8.086733828e-05
541200000,0.002880422495,-0.003662061349,-3.195054758e-05,-7.64641473e-05
541300000,0.001403024741,-0.004210944804,-5.590727046e-05,-6.256437284e-05
541400000,-0.0001275494398,-0.004015459794,-7.348217075e-05,-4.093429423e-05
541500000,-0.0013669195,-0.0031408531,-8.221549104e-05,-1.459368442e-05
541600000,-0.002039310395,-0.001800884882,-8.108054295e-05,1.27225399e-05
541700000,-0.001997089349,-0.0003104911755,-7.063954672e-05,3.723269998e-05
541800000,-0.001252481093,0.0009832849553,-5.289717948e-05,5.577367259e-05
541900000,2.534206954e-05,0.001777188952,-3.088540123e-05,6.633189765e-05
542000000,0.001547125987,0.001878111975,-8.067245908e-06,6.833768306e-05
542100000,0.002966369877,0.001245629192,1.231719177e-05,6.267011837e-05
542200000,0.00395457709,1.601980811e-06,2.782964803e-05,5.137998818e-05
542300000,0.004272747299,-0.001595169766,3.722252774e-05,3.719592858e-05
542400000,0.003823805538,-0.00320376623,4.056446668e-05,2.292261798e-05
542500000,0.002674801517,-0.00447369088,3.908589576e-05,1.086001637e-05
542600000,0.001044198004,-0.005119676972,3.478716881e-05,2.365495798e-06
542700000,-0.0007430081373,-0.004982893128,2.990135104e-05,-2.352133215e-06
542800000,-0.002322807221,-0.004065637263,2.633313793e-05,-4.169050012e-06
542900000,-0.0033680974,-0.002532253609,2.519848813e-05,-4.7344892e-06
543000000,-0.00365706993,-0.0006761282599,2.656592092e-05,-5.985352252e-06
543100000,-0.00311977425,0.00114028866,2.945525062e-05,-9.59945372e-06
543200000,-0.001853188195,0.002559893469,3.209258165e-05,-1.651225181e-05
543300000,-0.0001017041678,0.003304278236,3.236391552e-05,-2.660762335e-05
543400000,0.001792871337,0.003230794511,2.836582778e-05,-3.865505037e-05
543500000,0.003461398714,0.002361518684,1.892973816e-05,-5.051172839e-05
543600000,0.004583016176,0.0008781447023,4.00098944e-06,-5.955013823e-05
543700000,0.004950591398,-0.000916105436,-1.521574706e-05,-6.322194201e-05
543800000,0.004512425399,-0.002659617432,-3.638377059e-05,-5.963827217e-05
543900000,0.00338154018,-0.004007409707,-5.641529731e-05,-4.80411474e-05
544000000,0.001810624771,-0.004702380279,-7.203258832e-05,-2.906202889e-05
544100000,0.0001378992814,-0.00462785311,-8.039657623e-05,-4.706957746e-06
544200000,-0.001284711807,-0.003830382365,-7.967456496e-05,2.193583864e-05
544300000,-0.002165930219,-0.002508012414,-6.942964007e-05,4.721235994e-05
544400000,-0.002336242711,-0.000966497571,-5.074999336e-05,6.754301744e-05
544500000,-0.001782796928,0.0004471873992,-2.608901505e-05,8.006024607e-05
544600000,-0.0006506467575,0.00141983867,1.154232198e-06,8.311716563e-05
544700000,0.0007898891257,0.001739456552,2.723188242e-05,7.656690992e-05
544800000,0.002202716759,0.001340658167,4.870355141e-05,6.17588219e-05
544900000,0.003259485933,0.0003183310114,6.302279702e-05,4.12551601e-05
545000000,0.003711298748,-0.001093375006,6.893978533e-05,1.832833677e-05
545100000,0.003443167565,-0.002572152832,6.664475332e-05,-3.65766264e-06
545200000,0.002499517016,-0.00377770249,5.763057819e-05,-2.185611806e-05
545300000,0.001075277465,-0.004425838068,4.431038541e-05,-3.441532767e-05
545400000,-0.0005254767109,-0.00435061468,2.947563152e-05,-4.073321038e-05
545500000,-0.001954439335,-0.003541173369,1.571121446e-05,-4.144473162e-05
545600000,-0.002893629115,-0.002145459713,4.890527861e-06,-3.815471777e-05
545700000,-0.003123690027,-0.0004400684217,-2.146146759e-06,-3.298181352e-05
545800000,-0.002571440665,0.001227333673,-5.667598593e-06,-2.801794202e-05
545900000,-0.001326644302,0.002510783104,-6.873468556e-06,-2.482360208e-05
546000000,0.0003754864906,0.003138630618,-7.508300327e-06,-2.406946213e-05
546100000,0.002202322116,0.002970738738,-9.358770045e-06,-2.540127061e-05
546200000,0.003792284476,0.002028317826,-1.374952875e-05,-2.755537909e-05
546300000,0.004829432438,0.0004902131154,-2.115254571e-05,-2.869688916e-05
546400000,0.005108625431,-0.001343540685,-3.099945326e-05,-2.690345087e-05
546500000,0.004577728358,-0.003113283722,-4.174169299e-05,-2.068553518e-05
546600000,0.003348112275,-0.004473602507,-5.114887998e-05,-9.425436678e-06
546700000,0.001671293974,-0.005164155592,-5.678340247e-05,6.36586713e-06
546800000,-0.0001134090013,-0.00506273461,-5.655006802e-05,2.503619589e-05
546900000,-0.001649298097,-0.004209527199,-4.920196784e-05,4.403395678e-05
547000000,-0.002636095232,-0.002797537276,-3.469142664e-05,6.035956328e-05
547100000,-0.002891698677,-0.001131182931,-1.428632695e-05,7.113632744e-05
547200000,-0.002388957294,0.0004382319539,9.579384637e-06,7.418401936e-05
547300000,-0.00125974966,0.001586592367,3.369680631e-05,6.847610492e-05
547400000,0.0002344672888,0.002084966249,5.463997762e-05,5.438444267e-05
547500000,0.001759382502,0.001847140585,6.938050254e-05,3.365818541e-05
547600000,0.0029797683,0.0009466315209,7.583636356e-05,9.137811191e-06
547700000,0.003631309286,-0.0004004234047,7.324526753e-05,-1.574070043e-05
547800000,0.003576997152,-0.001882809511,6.228838234e-05,-3.755378206e-05
547900000,0.00283604498,-0.003162020286,4.494106038e-05,-5.348996839e-05
548000000,0.00157915089,-0.003945741699,2.408253054e-05,-6.182332019e-05
548100000,9.115830933e-05,-0.004051264228,2.945072323e-06,-6.216907007e-05
548200000,-0.001290838348,-0.00344521703,-1.548517153e-05,-5.5475153e-05
548300000,-0.002250626286,-0.00225111645,-2.899531015e-05,-4.375762945e-05
548400000,-0.002561537108,-0.0007231453184,-3.64969809e-05,-2.964017452e-05
548500000,-0.002135927092,0.000808174449,-3.813599515e-05,-1.57969453e-05
548600000,-0.001044913717,0.002006753521,-3.514576646e-05,-4.416179225e-06
548700000,0.0004958017841,0.002603019419,-2.948355729e-05,3.20479923e-06
548800000,0.002170956467,0.002451964718,-2.333335113e-05,6.852284311e-06
548900000,0.003631988446,0.001564858236,-1.858572239e-05,7.342199848e-06
549000000,0.00457048529,0.0001079469089,-1.640796723e-05,6.238216975e-06
549100000,0.004783309256,-0.001631531593,-1.699653336e-05,5.409412816e-06
549200000,0.004215705065,-0.00330483127,-1.956311733e-05,6.528667308e-06
549300000,0.002973365819,-0.004574158548,-2.25544559e-05,1.062479651e-05
549400000,0.001300960863,-0.005182916679,-2.405483001e-05,1.778886402e-05
549500000,-0.0004683520529,-0.005009041606,-2.228051376e-05,2.710099198e-05
549600000,-0.001981855937,-0.004090298333,-1.605529607e-05,3.679568355e-05
549700000,-0.002940235434,-0.00261627747,-5.160018698e-06,4.463153867e-05
549800000,-0.003159331589,-0.0008887896778,9.52405733e-06,4.838644233e-05
549900000,-0.002607801234,0.0007410438544,2.611409332e-05,4.637138531e-05
550000000,-0.001412830363,0.001945836226,4.205075215e-05,3.785097951e-05
550100000,0.0001672656834,0.00248982242,5.458475302e-05,2.327753252e-05
550200000,0.001797784174,0.002277369743,6.132492413e-05,4.284257851e-06
550300000,0.003138204604,0.001371946549,6.073359974e-05,-1.656637745e-05
550400000,0.003913730774,-1.841420616e-05,5.246507442e-05,-3.623167544e-05
550500000,0.003972726012,-0.001586064863,3.747466137e-05,-5.174590319e-05
550600000,0.003317919745,-0.002989586837,1.787301403e-05,-6.077331038e-05
550700000,0.00210479801,-0.003926571195,-3.447124484e-06,-6.20448607e-05
550800000,0.0006075442123,-0.004197886887,-2.333766935e-05,-5.559013969e-05
550900000,-0.0008402026655,-0.00374977837,-3.896983945e-05,-4.271784374e-05
551000000,-0.001917133503,-0.002684845275,-4.834150152e-05,-2.574978407e-05
551100000,-0.002383277204,-0.001239591933,-5.061628359e-05,-7.563694098e-06
551200000,-0.00213150517,0.0002666259299,-4.622861161e-05,8.961171959e-06
551300000,-0.001210555391,0.00150032258,-3.673733389e-05,2.148262853e-05
551400000,0.0001853028501,0.002185577021,-2.446236532e-05,2.860982173e-05
551500000,0.001757712837,0.002163398582,-1.198300116e-05,3.011163454e-05
551600000,0.00316790398,0.001426124519,-1.60402838e-06,2.688140258e-05
551700000,0.004109006084,0.0001195599385,5.099139523e-06,2.067128675e-05
551800000,0.00437161629,-0.001487551843,7.563288052e-06,1.365754044e-05
551900000,0.003888706425,-0.003060205649,6.292715065e-06,7.932482025e-06
552000000,0.002750374914,-0.004267912567,2.680416049e-06,5.033056343e-06
552100000,0.001185352852,-0.004854583382,-1.361674666e-06,5.606605163e-06
552200000,-0.0004867938919,-0.004692747228,-3.879981711e-06,9.283968835e-06
552300000,-0.001922649398,-0.003810675302,-3.358532057e-06,1.478488611e-05
552400000,-0.002826978511,-0.002386716099,9.050017171e-07,2.023049646e-05
552500000,-0.003014627924,-0.0007120661425,8.608728082e-06,2.359324949e-05
552600000,-0.002449281199,0.000870158592,1.848335879e-05,2.318511674e-05
552700000,-0.001250941353,0.002036713812,2.854918429e-05,1.807687522e-05
552800000,0.0003293991737,0.002551779462,3.653845253e-05,8.356044822e-06
552900000,0.001962543944,0.002316082754,4.039265004e-05,-4.834401066e-06
553000000,0.00331021284,0.001387287911,3.872775909e-05,-1.948755769e-05
553100000,0.004095952485,-3.260507849e-05,3.116691412e-05,-3.311611536e-05
553200000,0.00416292229,-0.001640172515,1.846762199e-05,-4.32485154e-05
553300000,0.00350640527,-0.003094733023,2.413933995e-06,-4.793400766e-05
553400000,0.002274214533,-0.004090233871,-1.45064984e-05,-4.615045271e-05
553500000,0.0007349333904,-0.004419692447,-2.957516279e-05,-3.802869206e-05
553600000,-0.0007792823408,-0.004018594145,-4.036823017e-05,-2.484545694e-05
553700000,-0.001943232459,-0.002978091684,-4.522661808e-05,-8.78503995e-06
553800000,-0.002507600868,-0.001525239663,-4.357370299e-05,7.481850537e-06
553900000,-0.002351694632,2.55199576e-05,-3.601550199e-05,2.131561974e-05
554000000,-0.001508840587,0.001339314966,-2.420341081e-05,3.06153892e-05
554100000,-0.0001590908807,0.002132034291,-1.048890291e-05,3.421274321e-05
554200000,0.001409175541,0.002230662663,2.557383615e-06,3.207176412e-05
554300000,0.002860578331,0.001609988211,1.266201152e-05,2.525615582e-05
554400000,0.003883965522,0.0003979371582,1.829371321e-05,1.567291165e-05
554500000,0.004258447779,-0.001151554261,1.894578708e-05,5.648416333e-06
554600000,0.003900260194,-0.002712346764,1.519940346e-05,-2.572641978e-06
554700000,0.002880552366,-0.003955162439,8.557592868e-06,-7.299814932e-06
554800000,0.001410371806,-0.004617272232,1.087843845e-06,-7.74206243e-06
554900000,-0.0002039489913,-0.004558058038,-5.048864968e-06,-4.154331733e-06
555000000,-0.001625533439,-0.003788705787,-8.081483716e-06,2.243244141e-06
555100000,-0.002558112626,-0.002469771518,-7.021784169e-06,9.554083134e-06
555200000,-0.002808528518,-0.00087716662,-1.883609725e-06,1.563851346e-05
555300000,-0.00232737479,0.0006562099786,6.317334978e-06,1.859817005e-05
555400000,-0.001219201331,0.001810819861,1.578217499e-05,1.720748758e-05
555500000,0.0002798428899,0.002347919561,2.43186741e-05,1.120001342e-05
555600000,0.001852163402,0.00215982008,2.981862016e-05,1.348395585e-06
555700000,0.003166030352,0.001292357983,3.072086689e-05,-1.067914695e-05
555800000,0.003945786359,-6.51473889e-05,2.63613521e-05,-2.265562e-05
555900000,0.004030092154,-0.00162029389,1.71355067e-05,-3.225415949e-05
556000000,0.003405891649,-0.003039775235,4.438261493e-06,-3.753213892e-05
556100000,0.002210924629,-0.004020155205,-9.606106338e-06,-3.733836023e-05
556200000,0.0007042790264,-0.004352241303,-2.256771832e-05,-3.155757186e-05
556300000,-0.0007887551355,-0.00396542593,-3.219958997e-05,-2.114096931e-05
556400000,-0.00194582721,-0.002942616743,-3.688858641e-05,-7.916477282e-06
556500000,-0.002516004471,-0.001502618106,-3.597469954e-05,5.781070447e-06
556600000,-0.002373086478,4.627492719e-05,-2.987246771e-05,1.758201781e-05
556700000,-0.001542486255,0.001371617698,-1.997016611e-05,2.555720793e-05
556800000,-0.0001960227026,0.002187249987,-8.329186645e-06,2.859724708e-05
556900000,0.001384236019,0.002313931949,2.752081466e-06,2.661707693e-05
557000000,0.002865405204,0.001717392658,1.121738295e-05,2.05443676e-05
557100000,0.00393392743,0.0005157952338,1.567368494e-05,1.209598762e-05
557200000,0.004361633897,-0.001044916135,1.566594805e-05,3.391468422e-06
557300000,0.004053819963,-0.002642558581,1.174866166e-05,-3.513457963e-06
557400000,0.003069240323,-0.003946268074,5.340477575e-06,-7.073679394e-06
557500000,0.001607848417,-0.004685848389,-1.605742499e-06,-6.586916341e-06
557600000,-3.111022277e-05,-0.004708329752,-7.046152906e-06,-2.341015342e-06
557700000,-0.001511811944,-0.004009858818,-9.307305724e-06,4.454547712e-06
557800000,-0.002532168981,-0.002736237966,-7.466935911e-06,1.193796578e-05
557900000,-0.002886944795,-0.001152031446,-1.572642999e-06,1.80076272e-05
558000000,-0.002510393525,0.0004152265896,7.348606398e-06,2.078996086e-05
558100000,-0.001489464063,0.001643943136,1.749291757e-05,1.906296627e-05
558200000,-4.48177956e-05,0.002285952816,2.665177706e-05,1.254510653e-05
558300000,0.001516296959,0.002218337335,3.26762502e-05,1.987578047e-06
558400000,0.002865323415,0.001468644614,3.393563152e-05,-1.095067823e-05
558500000,0.003721994206,0.0002081993696,2.967416725e-05,-2.402022135e-05
558600000,0.003913494653,-0.001285045172,2.019075734e-05,-3.482528231e-05
558700000,0.003410643664,-0.002686201678,6.803542224e-06,-4.130297552e-05
558800000,0.00233342073,-0.003692981166,-8.39382234e-06,-4.213840077e-05
558900000,0.0009246865002,-0.004090254851,-2.293404129e-05,-3.702998704e-05
559000000,-0.000502278431,-0.003795889786,-3.445331245e-05,-2.6750789e-05
559100000,-0.001631205863,-0.002878095278,-4.114553199e-05,-1.299402724e-05
559200000,-0.002210839375,-0.001540601007,-4.210068028e-05,1.964006605e-06
559300000,-0.002108985751,-7.88592228e-05,-3.74591642e-05,1.571288587e-05
559400000,-0.001341098938,0.001183355163,-2.835267381e-05,2.617538464e-05
559500000,-6.732990481e-05,0.001963408559,-1.664679635e-05,3.199682606e-05
559600000,0.001441292939,0.002080538512,-4.541800297e-06,3.277732804e-05
559700000,0.002860325758,0.001494949379,5.882981342e-06,2.910157672e-05
559800000,0.003880792179,0.0003170048737,1.308491848e-05,2.236378023e-05
559900000,0.004274887921,-0.00121539278,1.634730563e-05,1.442862993e-05
560000000,0.003944628861,-0.002786420646,1.588313822e-05,7.203305453e-06
560100000,0.002943205563,-0.004068459445,1.273460679e-05,2.213618501e-06
560200000,0.001464580495,-0.0047907959,8.493253604e-06,2.75557443e-07
560300000,-0.0001964555767,-0.004796474647,4.903934266e-06,1.332255991e-06
560400000,-0.001705365749,-0.00407539431,3.440258973e-06,4.49035855e-06
560500000,-0.002757280847,-0.002766743901,4.944895728e-06,8.246609669e-06
560600000,-0.003140222858,-0.001130301811,9.413852893e-06,1.085445017e-05
560700000,-0.002778935413,0.0005073724618,1.597271032e-05,1.075017787e-05
560800000,-0.001750189015,0.00182058744,2.305139648e-05,6.945225763e-06
560900000,-0.00026639742,0.002551863662,2.872132057e-05,-7.019424142e-07
561000000,0.001368993674,0.002564899191,3.112354602e-05,-1.139542046e-05
561100000,0.002824980482,0.001872093053,2.889667415e-05,-2.351558141e-05
561200000,0.003812018112,0.0006308882581,2.151242134e-05,-3.491622337e-05
561300000,0.004142086592,-0.0008902657443,9.445658224e-06,-4.334532432e-05
561400000,0.003767175136,-0.002369140134,-5.860029512e-06,-4.690298184e-05
561500000,0.002788083509,-0.003498048957,-2.222762192e-05,-4.444159573e-05
561600000,0.001431701944,-0.004048800607,-3.713722911e-05,-3.582470388e-05
561700000,1.615696074e-06,-0.003920496737,-4.81938978e-05,-2.198971122e-05
561800000,-0.001187431929,-0.003160018568,-5.357835567e-05,-4.800007069e-06
561900000,-0.001877219443,-0.001950851163,-5.238971242e-05,1.328477476e-05
562000000,-0.001921392585,-0.0005726639884,-4.481130844e-05,2.965436381e-05
562100000,-0.001316628783,0.0006596636121,-3.206724597e-05,4.201986581e-05
562200000,-0.0002029605722,0.001464470123,-1.618003569e-05,4.881784069e-05
562300000,0.001166777136,0.001654496557,4.197173453e-07,4.946675846e-05
562400000,0.002481782598,0.001177703845,1.53509998e-05,4.442717373e-05
562500000,0.003440615471,0.00012899122,2.671414227e-05,3.505780064e-05
562600000,0.003816579756,-0.001269661955,3.341010574e-05,2.330173421e-05
562700000,0.00350718106,-0.002716349868,3.528548416e-05,1.12715482e-05
562800000,0.002557121164,-0.003893599444,3.307874693e-05,8.217325504e-07
562900000,0.001149961807,-0.004536220085,2.818527563e-05,-6.802117273e-06
563000000,-0.0004297431611,-0.004488240762,2.229657896e-05,-1.116583726e-05
563100000,-0.001855806684,-0.003736897722,1.699474299e-05,-1.266224464e-05
563200000,-0.002828716965,-0.002416526586,1.339134068e-05,-1.234165622e-05
563300000,-0.003138523168,-0.000781571813,1.188907352e-05,-1.159917225e-05
563400000,-0.002709121324,0.0008455939655,1.211679895e-05,-1.179106178e-05
563500000,-0.001614704145,0.002141102387,1.305029298e-05,-1.386736182e-05
563600000,-6.497832875e-05,0.00284640141,1.329033826e-05,-1.810373435e-05
563700000,0.001637734641,0.002821539545,1.143523946e-05,-2.399365264e-05
563800000,0.003160562077,0.002073862621,6.464007159e-06,-3.032686256e-05
563900000,0.004208392875,0.0007561905972,-1.956342754e-06,-3.543932111e-05
564000000,0.004584240717,-0.0008651137018,-1.331007697e-05,-3.75821655e-05
564100000,0.004229114562,-0.002465515152,-2.625821125e-05,-3.533074564e-05
564200000,0.003233111383,-0.003729564642,-3.884999264e-05,-2.79450149e-05
564300000,0.001815438858,-0.004415997649,-4.888027425e-05,-1.56017061e-05
564400000,0.0002775726858,-0.00440704923,-5.432095896e-05,5.551864841e-07
564500000,-0.001060595098,-0.003731641776,-5.373795726e-05,1.856152786e-05
564600000,-0.001928148086,-0.002557579747,-4.660688661e-05,3.595252036e-05
564700000,-0.002159821331,-0.001154428854,-3.346068555e-05,5.019318873e-05
564800000,-0.001729940927,0.000165012873,-1.583626515e-05,5.913502401e-05
564900000,-0.000756422141,0.001112163193,3.971806374e-06,6.140795252e-05
565000000,0.0005259943581,0.00148460167,2.330330304e-05,5.666955685e-05
565100000,0.001817498048,0.001209248591,3.959319946e-05,4.566230688e-05
565200000,0.002818813597,0.0003575280146,5.081086639e-05,3.006843978e-05
565300000,0.003296530387,-0.0008707134609,5.579201508e-05,1.219296994e-05
565400000,0.003134093468,-0.002191035924,5.440025915e-05,-5.460357164e-06
565500000,0.002357490827,-0.003296516876,4.749039296e-05,-2.063460739e-05
565600000,0.001130132317,-0.003924756872,3.668609847e-05,-3.169819466e-05
565700000,-0.0002819505934,-0.003915368944,2.402230941e-05,-3.788325142e-05
565800000,-0.001567088888,-0.003245621764,1.152909314e-05,-3.934095594e-05
565900000,-0.002434923359,-0.002036625018,8.441897786e-07,-3.700971148e-05
566000000,-0.002679014859,-0.0005287647115,-7.066732082e-06,-3.233113339e-05
566100000,-0.002221802812,0.0009683543846,-1.20276169e-05,-2.687993633e-05
566200000,-0.001132403419,0.002140822224,-1.45886053e-05,-2.199052747e-05
566300000,0.0003864776019,0.002736472216,-1.580212855e-05,-1.846199055e-05
566400000,0.002039727986,0.002618175471,-1.689333971e-05,-1.640457531e-05
566500000,0.003500445315,0.001793231536,-1.89019066e-05,-1.525887728e-05
566600000,0.004477307055,0.000412747808,-2.23775704e-05,-1.398051561e-05
566700000,0.004774659585,-0.001258829013,-2.719937172e-05,-1.134654925e-05
566800000,0.004332849648,-0.002897668092,-3.256082189e-05,-6.312950799e-06
566900000,0.003240449252,-0.004186780051,-3.71265298e-05,1.659066605e-06
567000000,0.001715863045,-0.004880770986,-3.932779329e-05,1.238375382e-05
567100000,6.215641983e-05,-0.004855696957,-3.773358421e-05,2.489165121e-05
567200000,-0.001395498518,-0.004133680955,-3.141585738e-05,3.754922974e-05
567300000,-0.002376738854,-0.002877192861,-2.022795369e-05,4.833738541e-05
567400000,-0.002703339385,-0.001354209082,-4.932115504e-06,5.523413535e-05
567500000,-0.002334981232,0.0001184410618,1.285683467e-05,5.662352263e-05
567600000,-0.001375982513,0.001241643075,3.090631361e-05,5.164571238e-05
567700000,-5.160589532e-05,0.001796463675,4.673647035e-05,4.04140801e-05
567800000,0.00134101982,0.001689330393,5.805471818e-05,2.405152244e-05
567900000,0.002496932956,0.0009703693193,6.316858403e-05,4.534758588e-06
568000000,0.003168689242,-0.0001789681338,6.129474293e-05,-1.562557048e-05
568100000,0.003219079462,-0.001486313394,5.270263073e-05,-3.380777701e-05
568200000,0.00264994157,-0.002648141672,3.866421874e-05,-4.77228703e-05
568300000,0.001600907344,-0.003396036948,2.122049521e-05,-5.579303095e-05
568400000,0.0003183831665,-0.003555200568,2.811857847e-06,-5.73922696e-05
568500000,-0.0008985247598,-0.003082608313,-1.415358974e-05,-5.290505922e-05
568600000,-0.001763464089,-0.002076611698,-2.770840828e-05,-4.359587101e-05
568700000,-0.00206555402,-0.0007559427138,-3.663161561e-05,-3.132074741e-05
568800000,-0.001715869921,0.000587327512,-4.059504819e-05,-1.814338563e-05
568900000,-0.0007677249465,0.001650741248,-4.012724782e-05,-5.936228479e-06
569000000,0.0005935684723,0.002186808933,-3.64099105e-05,3.951871016e-06
569100000,0.0020892348,0.002056801082,-3.095628506e-05,1.08957886e-05
569200000,0.0034056327,0.001261539263,-2.524435686e-05,1.502589727e-05
569300000,0.004260463374,-5.731791229e-05,-2.038536428e-05,1.709190797e-05
569400000,0.004462594095,-0.001645733452,-1.689869018e-05,1.819519977e-05
569500000,0.003952911877,-0.003189475227,-1.463961891e-05,1.945375734e-05
569600000,0.002817655971,-0.004379056164,-1.289220504e-05,2.167742678e-05
569700000,0.001271465046,-0.004973840939,-1.060295059e-05,2.512788435e-05
569800000,-0.0003863005392,-0.004851949117,-6.69997708e-06,2.941829805e-05
569900000,-0.0018328487,-0.004035578352,-4.235359306e-07,3.357639621e-05
570000000,-0.002788103731,-0.002686503324,8.4089685e-06,3.625829664e-05
570100000,-0.003071968741,-0.001072710022,1.926622636e-05,3.606682214e-05
570200000,-0.002640817272,0.0004868792257,3.092960088e-05,3.190435158e-05
570300000,-0.001595650557,0.001688082686,4.168263922e-05,2.328161201e-05
570400000,-0.0001602518819,0.002303863448,4.962750114e-05,1.051207375e-05
570500000,0.00136607741,0.002230458253,5.306412125e-05,-5.254961923e-06
570600000,0.002671299604,0.00150761211,5.085320927e-05,-2.217584118e-05
570700000,0.003495771938,0.000308707685,4.268609549e-05,-3.80050909e-05
570800000,0.003686038333,-0.001097104737,2.920259068e-05,-5.048336526e-05
570900000,0.003225950574,-0.002402762929,1.192867079e-05,-5.774444476e-05
571000000,0.002238555889,-0.003328871579,-6.95747872e-06,-5.865998595e-05
571100000,0.0009583786105,-0.003683071146,-2.498737929e-05,-5.305261175e-05
571200000,-0.0003199696711,-0.003400554048,-3.982221011e-05,-4.173419102e-05
571300000,-0.001305846445,-0.002557089506,-4.964896673e-05,-2.636132123e-05
571400000,-0.001775566304,-0.001351795926,-5.34758916e-05,-9.136799475e-06
571500000,-0.0016208042,-6.339164404e-05,-5.127086631e-05,7.583372542e-06
571600000,-0.0008720312989,0.001010645132,-4.39184899e-05,2.16994925e-05
571700000,0.0003080237039,0.001618908808,-3.300832681e-05,3.171390001e-05
571800000,0.001659445592,0.001610954529,-2.050065636e-05,3.694685225e-05
571900000,0.002881171663,0.0009704705595,-8.339993323e-06,3.75840194e-05
572000000,0.003695961912,-0.0001803498171,1.904215084e-06,3.455226789e-05
572100000,0.003910392636,-0.001606139876,9.297755501e-06,2.925577883e-05
572200000,0.003457076771,-0.003007958494,1.365303689e-05,2.323273286e-05
572300000,0.002410142952,-0.004086578895,1.547443782e-05,1.780794138e-05
572400000,0.0009707117406,-0.004606025913,1.575588125e-05,1.381585283e-05
572500000,-0.0005745340183,-0.004443919039,1.56800619e-05,1.145165833e-05
572600000,-0.001912923816,-0.003618011305,1.628897049e-05,1.027943958e-05
572700000,-0.002770971652,-0.002283359687,1.820043034e-05,9.391657861e-06
572800000,-0.002971465249,-0.000700745112,2.1434315e-05,7.681201444e-06
572900000,-0.002470526501,0.0008170204661,2.538740843e-05,4.162750313e-06
573000000,-0.001366917008,0.001969658069,2.896286181e-05,-1.730428925e-06
573100000,0.0001183256594,0.002531372004,3.082599743e-05,-9.942749533e-06
573200000,0.001687644642,0.0023972722,2.973014677e-05,-1.973388893e-05
573300000,0.003028549966,0.00160460841,2.48402918e-05,-2.977523234e-05
573400000,0.003878178234,0.0003244144066,1.598190529e-05,-3.838810529e-05
573500000,0.004077351603,-0.001174665876,3.75764405e-06,-4.387561225e-05
573600000,0.003602849673,-0.00258278627,-1.049780162e-05,-4.487892613e-05
573700000,0.002571157088,-0.003613714111,-2.492022038e-05,-4.068251648e-05
573800000,0.001212924468,-0.00406444718,-3.743780134e-05,-3.140243867e-05
573900000,-0.0001764605031,-0.00385709597,-4.614882731e-05,-1.801542456e-05
574000000,-0.0012997459,-0.003054213777,-4.967902964e-05,-2.219164699e-06
574100000,-0.001920824153,-0.001844358185,-4.744587309e-05,1.385099417e-05
574200000,-0.001914518704,-0.0005009759396,-3.977557395e-05,2.799398854e-05
574300000,-0.001292585185,0.0006766222602,-2.784847729e-05,3.833026278e-05
574400000,-0.0002004208062,0.001427608978,-1.348330589e-05,4.362767304e-05
574500000,0.00111477869,0.001585581736,1.196522122e-06,4.350201299e-05
574600000,0.002357579333,0.001114168093,1.414761377e-05,3.845380982e-05
574700000,0.00324811618,0.0001147141811,2.376565013e-05,2.973651858e-05
574800000,0.003582499353,-0.001195551507,2.91480936e-05,1.908551049e-05
574900000,0.003276915448,-0.002530178655,3.021044344e-05,8.365184723e-06
575000000,0.002386022792,-0.003594987559,2.763664537e-05,-7.926391213e-07
575100000,0.001091740385,-0.00415125597,2.267866936e-05,-7.285381787e-06
575200000,-0.0003351523816,-0.00406712946,1.685116364e-05,-1.071255976e-05
575300000,-0.001592407033,-0.00334632198,1.158803895e-05,-1.139288506e-05
575400000,-0.002410474751,-0.002128026797,7.934522308e-06,-1.022693345e-05
575500000,-0.002609833506,-0.0006580823524,6.339351114e-06,-8.439300625e-06
575600000,-0.002139341455,0.0007624748974,6.589346121e-06,-7.259217861e-06
575700000,-0.001087529865,0.001840576148,7.897446739e-06,-7.610870499e-06
575800000,0.0003355191101,0.002352668665,9.122074041e-06,-9.881642871e-06
575900000,0.00184186335,0.002191688288,9.067470285e-06,-1.381894174e-05
576000000,0.003125747886,0.001389594672,6.797420617e-06,-1.857794497e-05
576100000,0.003927381661,0.0001107608691,1.892110997e-06,-2.290966328e-05
576200000,0.004087057809,-0.001382368497,-5.409677881e-06,-2.544813386e-05
576300000,0.003578274252,-0.002784123432,-1.421600028e-05,-2.503389524e-05
576400000,0.002512924654,-0.00380943929,-2.313584938e-05,-2.100272094e-05
576500000,0.001117491664,-0.004253272804,-3.055081982e-05,-1.337563308e-05
576600000,-0.0003147379584,-0.004033132353,-3.494763683e-05,-2.906958972e-06
576700000,-0.001485376727,-0.003205798051,-3.524130578e-05,9.022783232e-06
576800000,-0.002153566936,-0.001954735362,-3.10199768e-05,2.064945352e-05
576900000,-0.002186347081,-0.0005508792825,-2.265857036e-05,3.015473544e-05
577000000,-0.001586146357,0.0007049156606,-1.127539797e-05,3.601518623e-05
577100000,-0.0004896280972,0.001545591012,1.461296938e-06,3.729903795e-05
577200000,0.000861840067,0.001794293785,1.363864559e-05,3.384938505e-05
577300000,0.002173808347,0.001401556201,2.345472809e-05,2.631574102e-05
577400000,0.003161502919,0.0004553979621,2.955233816e-05,1.602723985e-05
577500000,0.003610409746,-0.0008377565027,3.126339307e-05,4.733429608e-06
577600000,0.003421842462,-0.002197266035,2.871502457e-05,-5.734184313e-06
577700000,0.002633845497,-0.003328165275,2.277709405e-05,-1.381061497e-05
577800000,0.001413022969,-0.003984036652,1.486367704e-05,-1.848504316e-05
577900000,1.905682997e-05,-0.004019515299,6.631087183e-06,-1.946992292e-05
578000000,-0.001250528056,-0.003421293312,-3.640058191e-07,-1.721888958e-05
578100000,-0.002123610623,-0.002311065056,-4.975211882e-06,-1.279251687e-05
578200000,-0.002411305977,-0.0009198172259,-6.681968765e-06,-7.602638712e-06
578300000,-0.002048125426,0.000461053896,-5.666770103e-06,-3.090952907e-06
578400000,-0.001105972434,0.001541412294,-2.740349552e-06,-4.107522643e-07
578500000,0.0002209597964,0.002093762977,8.667406392e-07,-1.791919003e-07
578600000,0.001657158816,0.002001352419,3.799681846e-06,-2.351884647e-06
578700000,0.002903935671,0.001282829646,4.897567181e-06,-6.245185786e-06
578800000,0.003702429177,8.828027282e-05,3.465424504e-06,-1.06999141e-05
578900000,0.003888152449,-0.00133249884,-5.583864993e-07,-1.435015715e-05
579000000,0.003425565497,-0.002682755249,-6.575225849e-06,-1.593857617e-05
579100000,0.00241538737,-0.003681403556,-1.34453534e-05,-1.460992446e-05
579200000,0.001073124668,-0.004122276314,-1.972768736e-05,-1.011932341e-05
579300000,-0.0003166244507,-0.003917484703,-2.398888554e-05,-2.910124213e-06
579400000,-0.001460413444,-0.003115735234,-2.511573342e-05,5.955994944e-06
579500000,-0.002117988594,-0.001891748895,-2.256409618e-05,1.500260499e-05
579600000,-0.002153005326,-0.0005090443665,-1.649111027e-05,2.263328461e-05
579700000,-0.001561701611,0.0007360182804,-7.741976991e-06,2.745571109e-05
579800000,-0.0004734839233,0.001577077822,2.306572401e-06,2.856698029e-05
579900000,0.0008766693607,0.001834195731,1.201384492e-05,2.57401946e-05
580000000,0.002198120184,0.001451936258,1.979812946e-05,1.947313769e-05
580100000,0.003206220268,0.0005110700184,2.444776847e-05,1.088885543e-05
580200000,0.00368265301,-0.0007885451618,2.53557077e-05,1.509045711e-06
580300000,0.003521717633,-0.002170259225,2.262907112e-05,-7.052233125e-06
580400000,0.002752792118,-0.003339141866,1.705165158e-05,-1.341048716e-05
580500000,0.001534253771,-0.00404434133,9.908118024e-06,-1.668128217e-05
580600000,0.0001201662806,-0.004132124445,2.70769094e-06,-1.664334635e-05
580700000,-0.001193213777,-0.00357841575,-3.13406098e-06,-1.376114822e-05
580800000,-0.002129810772,-0.002493992453,-6.588174416e-06,-9.063531666e-06
580900000,-0.002491826696,-0.001101267036,-7.218558984e-06,-3.905303483e-06
581000000,-0.002201322932,0.0003124200351,-5.258755103e-06,3.368049066e-07
581100000,-0.001316546714,0.001455131968,-1.543925177e-06,2.568790232e-06
581200000,-1.959436069e-05,0.002091569776,2.686497397e-06,2.219806078e-06
581300000,0.001421955248,0.002092313745,6.072757276e-06,-6.326170467e-07
581400000,0.002711324894,0.001460718018,7.44436955e-06,-5.278973508e-06
581500000,0.00358486298,0.0003318208899,6.089109149e-06,-1.053214225e-05
581600000,0.003867265144,-0.001056466218,1.923855302e-06,-1.498681184e-05
581700000,0.003508054275,-0.002413783273,-4.469424526e-06,-1.732885369e-05
581800000,0.002591636486,-0.003458690767,-1.195073792e-05,-1.662896714e-05
581900000,0.00131883324,-0.003978000102,-1.905016007e-05,-1.255821755e-05
582000000,-3.617461717e-05,-0.003871508699,-2.426941748e-05,-5.479511955e-06
582100000,-0.001184342216,-0.003172671022,-2.639394257e-05,3.604883831e-06
582200000,-0.00188326568,-0.002040840357,-2.475016199e-05,1.323949138e-05
582300000,-0.001988623711,-0.0007267570768,-1.935425455e-05,2.179716486e-05
582400000,-0.001484622783,0.0004813484811,-1.092132814e-05,2.779789024e-05
582500000,-0.0004869861185,0.001319544257,-7.331114508e-07,3.019904587e-05
582600000,0.000782121101,0.001604706772,9.608301544e-06,2.85974777e-05
582700000,0.002041858663,0.001273720378,1.848955818e-05,2.330233697e-05
582800000,0.003012972043,0.0003970335376,2.459415137e-05,1.526471721e-05
582900000,0.003477703903,-0.0008362890219,2.714633963e-05,5.879985568e-06
583000000,0.003326609265,-0.002158811789,2.604159375e-05,-3.294952629e-06
583100000,0.002582334026,-0.003281695548,2.183840742e-05,-1.084990413e-05
583200000,0.00139532612,-0.003956278387,1.56155389e-05,-1.579091217e-05
583300000,1.240900324e-05,-0.004027211327,8.726901262e-06,-1.771566576e-05
583400000,-0.001275110891,-0.00346590706,2.507462524e-06,-1.685985425e-05
583500000,-0.00219282228,-0.002377248303,-2.006770698e-06,-1.400719357e-05
583600000,-0.002541119193,-0.0009781620615,-4.28532005e-06,-1.02848463e-05
583700000,-0.002237454482,0.0004474048635,-4.393260177e-06,-6.89013859e-06
583800000,-0.001334072551,0.001607624789,-2.94693666e-06,-4.808744545e-06
583900000,-7.527040113e-06,0.002263621254,-9.465817576e-07,-4.585879455e-06
584000000,0.001477789168,0.002279249816,4.765218733e-07,-6.200279936e-06
584100000,0.002824441034,0.001649424956,3.423666898e-07,-9.068394497e-06
584200000,0.00376359798,0.0005010960507,-1.928239691e-06,-1.217804373e-05
584300000,0.004110638039,-0.0009333000281,-6.352191608e-06,-1.432283219e-05
584400000,0.003803092594,-0.002364329444,-1.234712304e-05,-1.438674555e-05
584500000,0.002913012804,-0.00350582747,-1.882882028e-05,-1.161727702e-05
584600000,0.001631194145,-0.004134304932,-2.442409975e-05,-5.827438824e-06
584700000,0.0002265977086,-0.00413503212,-2.77554101e-05,2.518299976e-06
584800000,-0.00101047489,-0.003525125538,-2.773776736e-05,1.235485408e-05
584900000,-0.001829461096,-0.002448797335,-2.382546206e-05,2.219613536e-05
585000000,-0.002071963688,-0.0011458026,-1.615595799e-05,3.040830988e-05
585100000,-0.001704430987,0.0001002008032,-5.55943422e-06,3.552172799e-05
585200000,-0.0008241774227,0.001022390451,6.569905981e-06,3.651815347e-05
585300000,0.0003625021163,0.001427677667,1.851611817e-05,3.30346999e-05
585400000,0.001585420062,0.001237636164,2.854934435e-05,2.544283254e-05
585500000,0.002569122928,0.0005047364386,3.52377121e-05,1.478635153e-05
585600000,0.003092495893,-0.0005995582062,3.770115557e-05,2.591088204e-06
585700000,0.00303657656,-0.001822253125,3.575717358e-05,-9.414889914e-06
585800000,0.002410341476,-0.00288378701,2.993095755e-05,-1.961387109e-05
585900000,0.001348957117,-0.003538702993,2.133026756e-05,-2.67811426e-05
586000000,8.489108376e-05,-0.003629022904,1.141305284e-05,-3.028192354e-05
586100000,-0.001101914484,-0.003118905605,1.697342425e-06,-3.014529781e-05
586200000,-0.001944145287,-0.002103194967,-6.526081338e-06,-2.700387218e-05
586300000,-0.002244668411,-0.0007880516801,-1.241948616e-05,-2.191593137e-05
586400000,-0.001919295338,0.0005521914868,-1.571778495e-05,-1.611103644e-05
586500000,-0.001015694513,0.00163278117,-1.672051265e-05,-1.071525791e-05
586600000,0.0002955264249,0.002218677424,-1.616228027e-05,-6.515405428e-06
586700000,0.001755664794,0.002174392857,-1.499367884e-05,-3.812137682e-06
586800000,0.003071348437,0.001493074089,-1.41233747e-05,-2.391816188e-06
586900000,0.0039753329,0.000298752178,-1.417984922e-05,-1.620738206e-06
587000000,0.004281959691,-0.001178683574,-1.53463134e-05,-6.385789883e-07
587100000,0.00392571681,-0.002650545765,-1.730588411e-05,1.393777025e-06
587200000,0.002974888608,-0.003828626528,-1.930970716e-05,5.048720465e-06
587300000,0.001617477256,-0.004484352774,-2.035359847e-05,1.044502121e-05
587400000,0.000122347367,-0.004495518321,-1.942475662e-05,1.716327789e-05
587500000,-0.001216300899,-0.003870882615,-1.576431329e-05,2.428537704e-05
587600000,-0.002139550947,-0.002747535052,-9.087310572e-06,3.055279033e-05
587700000,-0.002476831681,-0.0013616037,2.899707557e-07,3.461264323e-05
587800000,-0.002180339868,1.537540829e-06,1.144630588e-05,3.530104172e-05
587900000,-0.00133363336,0.001067102217,2.29805742e-05,3.190428461e-05
588000000,-0.0001326249311,0.001628175754,3.324355197e-05,2.434221685e-05
588100000,0.001156975835,0.001588376921,4.063171577e-05,1.323336141e-05
588200000,0.002256734812,0.0009808933748,4.388479533e-05,-1.745991768e-07
588300000,0.002934944505,-4.011427817e-05,4.232732733e-05,-1.419792758e-05
588400000,0.003055790333,-0.001233870084,3.6005338e-05,-2.699713733e-05
588500000,0.002607743166,-0.002325728222,2.569026043e-05,-3.689023028e-05
588600000,0.001705122067,-0.00306698533,1.274890826e-05,-4.263785433e-05
588700000,0.000562522101,-0.003288910298,-1.094765119e-06,-4.364514167e-05
588800000,-0.0005523651738,-0.002939377918,-1.405886343e-05,-4.00420356e-05
588900000,-0.00137736135,-0.002094236589,-2.460471783e-05,-3.262866025e-05
589000000,-0.001713210407,-0.0009409848376,-3.168149856e-05,-2.269956446e-05
589100000,-0.001467433571,0.0002617068373,-3.486818029e-05,-1.178481249e-05
589200000,-0.0006752156572,0.001239909276,-3.438853279e-05,-1.361914913e-06
589300000,0.000507138176,0.001763778737,-3.100127338e-05,7.402764054e-06
589400000,0.001834754174,0.001697635823,-2.579312068e-05,1.383208078e-05
589500000,0.003025790406,0.001030109338,-1.992188205e-05,1.780274125e-05
589600000,0.003821110168,-0.0001220442885,-1.436587903e-05,1.968828013e-05
589700000,0.004039393669,-0.001537236588,-9.733138923e-06,2.019823057e-05
589800000,0.003616071151,-0.00293452897,-6.169585021e-06,2.0153166e-05
589900000,0.002617908257,-0.004031733434,-3.383067706e-06,2.024832782e-05
590000000,0.001230203777,-0.004603960553,-7.743390639e-07,2.086007145e-05
590100000,-0.0002807119809,-0.004530392625,2.357481727e-06,2.193912797e-05
590200000,-0.001621853751,-0.003819549321,6.583735772e-06,2.301495493e-05
590300000,-0.002533519104,-0.002607809246,1.214375696e-05,2.331052148e-05
590400000,-0.002842340604,-0.001131515545,1.881926967e-05,2.194211741e-05
590500000,-0.002496451893,0.0003215230242,2.591704112e-05,1.815952055e-05
590600000,-0.001575489634,0.001471050801,3.236749421e-05,1.15722419e-05
590700000,-0.000273383591,0.002101635513,3.692146565e-05,2.30966992e-06
590800000,0.001142451481,0.002106281757,3.84053956e-05,-8.923666469e-06
590900000,0.002386985319,0.001507316119,3.598164708e-05,-2.091462571e-05
591000000,0.003216806035,0.0004502107115,2.935829822e-05,-3.212095697e-05
591100000,0.003480294274,-0.0008283219414,1.890217441e-05,-4.093081904e-05
591200000,0.003148192177,-0.002051212898,5.628151331e-06,-4.595189018e-05
591300000,0.002318136611,-0.002960124413,-8.93714555e-06,-4.62725549e-05
591400000,0.001192230618,-0.003370198475,-2.299342484e-05,-4.164245392e-05
591500000,3.246426546e-05,-0.003208815873,-3.476183453e-05,-3.253540256e-05
591600000,-0.0008964606575,-0.002530105401,-4.278049261e-05,-2.008106844e-05
591700000,-0.001384630781,-0.001502125086,-4.614357015e-05,-5.878009452e-06
591800000,-0.001322389977,-0.0003695053316,-4.463837566e-05,8.27571177e-06
591900000,-0.0007240038552,0.000600372919,-3.875543929e-05,2.068196468e-05
592000000,0.0002755530292,0.001176046385,-2.957209754e-05,3.001426788e-05
592100000,0.001449963731,0.001212832785,-1.853524386e-05,3.551042398e-05
592200000,0.002530735472,0.0006849407268,-7.188548048e-06,3.705151706e-05
592300000,0.003265570574,-0.0003080638935,3.100457135e-06,3.511635921e-05
592400000,0.003473402788,-0.001561802551,1.135947077e-05,3.062598239e-05
592500000,0.003084316513,-0.002810222507,1.713531593e-05,2.471482399e-05
592600000,0.002155835699,-0.003782107898,2.05021864e-05,1.847928477e-05
592700000,0.0008621278867,-0.004258935273,2.195863455e-05,1.275749631e-05
592800000,-0.0005415774198,-0.004121809368,2.224113219e-05,7.985880745e-06
592900000,-0.001771832035,-0.003377571136,2.209915449e-05,4.16029159e-06
593000000,-0.002575947501,-0.002158593219,2.208395697e-05,9.06069241e-07
593100000,-0.002784738382,-0.000696318907,2.239909223e-05,-2.362713357e-06
593200000,-0.002348009421,0.0007259085501,2.284622194e-05,-6.23404615e-06
593300000,-0.001345401485,0.001830878441,2.28781032e-05,-1.108884681e-05
593400000,2.963909851e-05,0.002404327461,2.174646988e-05,-1.694173272e-05
593500000,0.001509413798,0.002338739555,1.871110177e-05,-2.337043915e-05
593600000,0.002806817356,0.001655055953,1.326229387e-05,-2.95530284e-05
593700000,0.003674080907,0.0004978146748,5.305235441e-06,-3.440816771e-05
593800000,0.003953213279,-0.0008952426467,-4.737704922e-06,-3.681074345e-05
593900000,0.003607662851,-0.002242749763,-1.593369551e-05,-3.583786568e-05
594000000,0.002728624454,-0.003278129726,-2.695898251e-05,-3.099260459e-05
594100000,0.001514702751,-0.003804630234,-3.631090428e-05,-2.23562725e-05
594200000,0.0002292259847,-0.003735450036,-4.257188697e-05,-1.06340364e-05
594300000,-0.0008557841627,-0.00311053571,-4.467310017e-05,2.919787115e-06
594400000,-0.001517141199,-0.002086534169,-4.210445616e-05,1.668574641e-05
594500000,-0.001627330387,-0.0009020676339,-3.502772596e-05,2.893897673e-05
594600000,-0.001180711243,0.0001742493355,-2.426864533e-05,3.81352174e-05
594700000,-0.0002935290041,0.0009019368535,-1.118803985e-05,4.316798267e-05
594800000,0.0008222268784,0.001120479035,2.543791999e-06,4.35472895e-05
594900000,0.001905473904,0.0007837548879,1.522594213e-05,3.946600708e-05
595000000,0.002703151064,-3.029747752e-05,2.540516352e-05,3.174241479e-05
595100000,0.003025506544,-0.001136828416,3.210037872e-05,2.165226712e-05
595200000,0.002787671948,-0.00228431815,3.493174064e-05,1.068545746e-05
595300000,0.002028598746,-0.003209238429,3.41324152e-05,2.767711787e-07
595400000,0.0009033079407,-0.003693381942,3.044531011e-05,-8.435694493e-06
595500000,-0.0003498669282,-0.003611562214,2.493020645e-05,-1.477784232e-05
595600000,-0.001460018013,-0.002959480022,1.87243405e-05,-1.860249471e-05
595700000,-0.002181540954,-0.001855817178,1.280782581e-05,-2.024023861e-05
595800000,-0.002346827815,-0.0005181248959,7.822755255e-06,-2.035415442e-05
595900000,-0.001902596389,0.0007823629823,3.98203868e-06,-1.973424499e-05
596000000,-0.0009221817474,0.001777422958,1.083823131e-06,-1.907930489e-05
596100000,0.0004087857822,0.002258083258,-1.37592807e-06,-1.881551295e-05
596200000,0.001830288582,0.002118596205,-4.021472862e-06,-1.899196472e-05
596300000,0.003061456082,0.001378937408,-7.389607457e-06,-1.927571082e-05
596400000,0.003858524854,0.0001811453731,-1.174520545e-05,-1.904647313e-05
596500000,0.004065130432,-0.001239715112,-1.696351376e-05,-1.756891028e-05
596600000,0.003644459379,-0.002603897451,-2.250785023e-05,-1.420288924e-05
596700000,0.002686581541,-0.00364454587,-2.751020297e-05,-8.603427506e-06
596800000,0.001389455306,-0.00416250273,-3.093938495e-05,-8.636828382e-07
596900000,1.758469857e-05,-0.004066935017,-3.182175738e-05,8.433778993e-06
597000000,-0.001153028486,-0.00339331907,-2.946731757e-05,1.827273738e-05
597100000,-0.001892122775,-0.002295048679,-2.365178407e-05,2.735844736e-05
597200000,-0.002062619409,-0.001010453107,-1.471369731e-05,3.434296819e-05
597300000,-0.001648325144,0.0001878227064,-3.542745671e-06,3.807596177e-05
597400000,-0.0007560939965,0.001050401505,8.542080648e-06,3.782998291e-05
597500000,0.0004079707004,0.001403563133,2.000301282e-05,3.345368278e-05
597600000,0.001583200914,0.00118536696,2.934262108e-05,2.542050407e-05
597700000,0.002510427576,0.0004578723331,3.536106057e-05,1.476142309e-05
597800000,0.002987489019,-0.0006071047404,3.736097541e-05,2.893724638e-06
597900000,0.002912360253,-0.001765626629,3.525997249e-05,-8.621189789e-06
598000000,0.002304714899,-0.002754597666,2.958917907e-05,-1.834372113e-05
598100000,0.001301337593,-0.003348717598,2.137935111e-05,-2.51939504e-05
598200000,0.0001263973453,-0.00340923532,1.195853706e-05,-2.861579137e-05
598300000,-0.0009570294114,-0.002914074988,2.702761384e-06,-2.863712487e-05
598400000,-0.00170379157,-0.001962903248,-5.210009923e-06,-2.581707539e-05
598500000,-0.001939685461,-0.0007560757636,-1.09939877e-05,-2.109461857e-05
598600000,-0.001599337721,0.0004480148662,-1.436076062e-05,-1.557251606e-05
598700000,-0.0007408775257,0.001388069519,-1.551770701e-05,-1.028306705e-05
598800000,0.0004657075419,0.001855737979,-1.506431039e-05,-5.984803241e-06
598900000,0.001774035422,0.001740326955,-1.381231431e-05,-3.03157838e-06
599000000,0.002913073886,0.001052888845,-1.257112333e-05,-1.339225507e-06
599100000,0.003644205538,-7.538949555e-05,-1.194635099e-05,-4.535870215e-07
599200000,0.003811563709,-0.00142013969,-1.219563918e-05,2.981720481e-07
599300000,0.003375039814,-0.002710411929,-1.317271349e-05,1.608829331e-06
599400000,0.002419031695,-0.003685110771,-1.437096593e-05,3.99071169e-06
599500000,0.0011351102,-0.004147410285,-1.50559052e-05,7.619375836e-06
599600000,-0.0002177448278,-0.004005735866,-1.445628747e-05,1.2257195e-05
599700000,-0.001366990294,-0.003292731191,-1.197080136e-05,1.727507119e-05
599800000,-0.002083155233,-0.002158251628,-7.343578378e-06,2.176895995e-05
599900000,-0.002227397088,-0.0008378728992,-7.682860963e-07,2.474705656e-05
600000000,-0.001780020102,0.0003964625733,7.104259235e-06,2.534780199e-05
600100000,-0.0008439949077,0.0012932936,1.525939342e-05,2.304167481e-05
600200000,0.000377231151,0.001674042911,2.249556176e-05,1.777257886e-05
600300000,0.001622940048,0.00146997034,2.764954006e-05,1.000692295e-05
600400000,0.00263025057,0.0007359225292,2.982379433e-05,6.776268441e-07
600500000,0.003189504136,-0.0003619878663,2.856880995e-05,-8.96776302e-06
600600000,0.003188244569,-0.001582141828,2.398209775e-05,-1.758552908e-05
600700000,0.002634513665,-0.002659028861,1.67025257e-05,-2.397740983e-05
600800000,0.001654557463,-0.003359777107,7.800079633e-06,-2.730693139e-05
600900000,0.0004654581574,-0.003533614775,-1.417368991e-06,-2.724698424e-05
601000000,-0.0006714743752,-0.003143777082,-9.641704546e-06,-2.402921487e-05
601100000,-0.001506631993,-0.002275101753,-1.579904101e-05,-1.838591076e-05
601200000,-0.001855461722,-0.001115725606,-1.923432593e-05,-1.13970377e-05
601300000,-0.001637902035,8.319701567e-05,-1.980990228e-05,-4.274355681e-06
601400000,-0.0008955319105,0.001061163127,-1.789980732e-05,1.872911021e-06
601500000,0.0002171875221,0.001603951389,-1.428318511e-05,6.243124653e-06
601600000,0.001465687601,0.001589389281,-9.960907696e-06,8.476959124e-06
601700000,0.002585095286,0.001013548279,-5.935019916e-06,8.695905037e-06
601800000,0.003336477525,-8.17093758e-06,-2.997732883e-06,7.439063181e-06
601900000,0.003557594448,-0.00126526812,-1.573958923e-06,5.514081411e-06
602000000,0.003197413914,-0.002496531335,-1.649447939e-06,3.795894818e-06
602100000,0.002327094705,-0.003445169661,-2.798022676e-06,3.017474979e-06
602200000,0.001125133194,-0.003913019779,-4.300172186e-06,3.597909508e-06
602300000,-0.0001601675673,-0.003802367526,-5.325846272e-06,5.54464401e-06
602400000,-0.001262959945,-0.003136556577,-5.140790368e-06,8.450477572e-06
602500000,-0.001955796033,-0.002055047165,-3.29099399e-06,1.158539043e-05
602600000,-0.002097439364,-0.0007839880901,2.752385296e-07,1.406286593e-05
602700000,-0.001662458542,0.0004114655177,5.174539436e-06,1.504437662e-05
602800000,-0.000746373643,0.001283008791,1.065274569e-05,1.393751185e-05
602900000,0.000454707027,0.001651422771,1.573302972e-05,1.054454256e-05
603000000,0.001685637018,0.00144416964,1.941671959e-05,5.128741416e-06
603100000,0.002686178356,0.0007104282708,2.089426027e-05,-1.616751715e-06
603200000,0.003245945643,-0.0003895808374,1.972143471e-05,-8.692025946e-06
603300000,0.003248746981,-0.00161870266,1.592314905e-05,-1.498042038e-05
603400000,0.002696967807,-0.00271316256,1.000225558e-05,-1.94661822e-05
603500000,0.001710864394,-0.003438446405,2.850820375e-06,-2.143452001e-05
603600000,0.0005029375597,-0.003638933893,-4.41827705e-06,-2.061239787e-05
603700000,-0.0006671766216,-0.003270800597,-1.068481681e-05,-1.722077014e-05
603800000,-0.00154774758,-0.002411248382,-1.50357698e-05,-1.192746133e-05
603900000,-0.00194827933,-0.001242134263,-1.693670765e-05,-5.710637637e-06
604000000,-0.001779858362,-1.148214662e-05,-1.632501685e-05,3.385706109e-07
604100000,-0.001074008194,0.0010189675,-1.36062763e-05,5.233163078e-06
604200000,2.390854751e-05,0.001629076302,-9.555445347e-06,8.282039621e-06
604300000,0.001285318624,0.001686812332,-5.144373945e-06,9.216956961e-06
604400000,0.002446605701,0.001176136421,-1.332414485e-06,8.228993795e-06
604500000,0.00326463574,0.0002004095659,1.135607208e-06,5.907985478e-06
604600000,0.003567922765,-0.001039369189,1.88165978e-06,3.09881229e-06
604700000,0.003292652034,-0.002286878331,9.653745218e-07,7.058316526e-07
604800000,0.002495981624,-0.003284399446,-1.140752164e-06,-5.12516228e-07
604900000,0.001343840676,-0.003826969434,-3.665787372e-06,-1.15062874e-07
605000000,7.582379062e-05,-0.003805335835,-5.719443019e-06,1.92122138e-06
605100000,-0.001045386205,-0.003228660486,-6.497228978e-06,5.19221647e-06
605200000,-0.001789369636,-0.002222197483,-5.467681891e-06,8.951330451e-06
605300000,-0.002006391872,-0.001000463024,-2.501558805e-06,1.226983504e-05
605400000,-0.001658661288,0.0001784001689,2.084778134e-06,1.423882137e-05
605500000,-0.0008278262368,0.001067380847,7.581395244e-06,1.416994787e-05
605600000,0.0003028486993,0.001482866829,1.302169871e-05,1.175240551e-05
605700000,0.001487816946,0.001343342024,1.73757952e-05,7.132742691e-06
605800000,0.002471721946,0.000686317138,1.976000271e-05,9.004050526e-07
605900000,0.003043849131,-0.0003400766839,1.961883698e-05,-6.01837644e-06
606000000,0.003082985371,-0.001509018428,1.684159986e-05,-1.253654236e-05
606100000,0.002583158338,-0.00256364151,1.178942186e-05,-1.761565844e-05
606200000,0.001654798379,-0.003272033078,5.227348455e-06,-2.046564584e-05
606300000,0.0005010944606,-0.003476886321,-1.824147924e-06,-2.06937783e-05
606400000,-0.0006254107858,-0.003129251074,-8.287163785e-06,-1.837272588e-05
606500000,-0.001476748006,-0.002299219225,-1.323271747e-05,-1.401448605e-05
606600000,-0.001862509086,-0.001161290296,-1.605291137e-05,-8.4567586e-06
606700000,-0.001690653654,4.246072353e-05,-1.6563896e-05,-2.686529361e-06
606800000,-0.0009874955758,0.001053592671,-1.501947124e-05,2.361496005e-06
606900000,0.0001073436935,0.001652038842,-1.203413699e-05,5.989108045e-06
607000000,0.001369929017,0.001702813555,-8.433491003e-06,7.863098999e-06
607100000,0.002538819472,0.001184842983,-5.065034454e-06,8.061912905e-06
607200000,0.003369822618,0.0001958667157,-2.610498362e-06,7.031961831e-06
607300000,0.0036871817,-0.001067599776,-1.440078839e-06,5.464479834e-06
607400000,0.003420456752,-0.002351015717,-1.539657789e-06,4.120711815e-06
607500000,0.00261938046,-0.003394718959,-2.526199623e-06,3.644155295e-06
607600000,0.001443595787,-0.0039878916,-3.747448142e-06,4.401192645e-06
607700000,0.0001294462367,-0.00401228728,-4.443858881e-06,6.385237785e-06
607800000,-0.001059206496,-0.003466574578,-3.937251127e-06,9.205814825e-06
607900000,-0.001885820057,-0.00246621782,-1.804797612e-06,1.216570911e-05
608000000,-0.002190163999,-0.001218948063,2.000075426e-06,1.44103663e-05
608100000,-0.001921195165,1.899854627e-05,7.107161466e-06,1.511808237e-05
608200000,-0.001146930641,0.0009966541353,1.277963156e-05,1.369053483e-05
608300000,-3.927421051e-05,0.001520772897,1.804597352e-05,9.90275444e-06
608400000,0.001162966045,0.001495907689,2.188740493e-05,3.97982408e-06
608500000,0.002205021368,0.0009436613664,2.344252304e-05,-3.417303623e-06
608600000,0.002870258761,-2.931287412e-06,2.218700787e-05,-1.129562876e-05
608700000,0.00302594546,-0.001128661778,1.805105623e-05,-1.850368451e-05
608800000,0.002650959828,-0.002182790405,1.144987101e-05,-2.394046134e-05
608900000,0.001839566162,-0.002933109924,3.220311433e-06,-2.675786934e-05
609000000,0.0007804756255,-0.003215878179,-5.523994547e-06,-2.651620902e-05
609100000,-0.0002843028505,-0.002970946658,-1.359016712e-05,-2.326177556e-05
609200000,-0.001111993676,-0.002254579485,-1.99167413e-05,-1.751171346e-05
609300000,-0.001511706517,-0.001227236795,-2.375564258e-05,-1.015021053e-05
609400000,-0.001385932025,-0.0001189592447,-2.478992506e-05,-2.258106988e-06
609500000,-0.0007520076503,0.0008202202165,-2.316530937e-05,5.088744503e-06
609600000,0.0002610218085,0.001374225206,-1.943154586e-05,1.101122997e-05
609700000,0.001439463041,0.001407728373,-1.440822828e-05,1.497050774e-05
609800000,0.00253017576,0.0008958264603,-9.004995645e-06,1.683575659e-05
609900000,0.003294305123,-6.969690361e-05,-4.03490038e-06,1.686495396e-05
610000000,0.003558157969,-0.00129883643,-6.028676946e-08,1.560600845e-05
610100000,0.003250476803,-0.002542647453,2.697230924e-06,1.374227969e-05
610200000,0.002418265312,-0.003545062801,4.365463646e-06,1.191790584e-05
610300000,0.001217848989,-0.004096354453,5.349656823e-06,1.058204995e-05
610400000,-0.0001169459418,-0.004077036706,6.19799862e-06,9.886442435e-06
610500000,-0.001322831128,-0.003483035766,7.436291031e-06,9.658499791e-06
610600000,-0.002161276649,-0.002426883417,9.410001087e-06,9.45546656e-06
610700000,-0.002467607901,-0.001114703258,1.21701619e-05,8.687078775e-06
610800000,-0.002184758844,0.0001961964643,1.542994154e-05,6.779032948e-06
610900000,-0.001374670869,0.001250274316,1.860322072e-05,3.340320049e-06
611000000,-0.0002049909537,0.001846211995,2.091853249e-05,-1.703776134e-06
611100000,0.001086124748,0.001877943526,2.158506282e-05,-8.044235093e-06
611200000,0.002239723392,0.001355711133,1.997564589e-05,-1.500387864e-05
611300000,0.003029865068,0.0004027758827,1.578733112e-05,-2.163583068e-05
611400000,0.003310241932,-0.0007714877633,9.144098137e-06,-2.688696868e-05
611500000,0.003043816633,-0.001916417613,6.178348104e-07,-2.979434759e-05
611600000,0.002309256028,-0.002793324769,-8.839631902e-06,-2.967505304e-05
611700000,0.001282836086,-0.003225903178,-1.804233853e-05,-2.627062383e-05
611800000,0.000199700245,-0.003137085879,-2.576656066e-05,-1.98159515e-05
611900000,-0.0006972411228,-0.002564515332,-3.095990327e-05,-1.101760443e-05
612000000,-0.001209829548,-0.001651353659,-3.292240415e-05,-9.447122425e-07
612100000,-0.001227339588,-0.0006144379204,-3.142444555e-05,9.146887586e-06
612200000,-0.0007501714959,0.0003033507956,-2.673895282e-05,1.802322992e-05
612300000,0.0001105143832,0.0008862432409,-1.958258429e-05,2.467320144e-05
612400000,0.001157115172,0.0009928201614,-1.097880407e-05,2.846353904e-05
612500000,0.002148599727,0.0005871762738,-2.071115945e-06,2.921922378e-05
612600000,0.002852958087,-0.0002526757597,6.075838436e-06,2.721613621e-05
612700000,0.003097822348,-0.001350950939,1.264805001e-05,2.309080073e-05
612800000,0.002808416931,-0.002471317958,1.719405722e-05,1.768872628e-05
612900000,0.002024733981,-0.003367246836,1.965748043e-05,1.188478773e-05
613000000,0.0008942785316,-0.003834752248,2.032767051e-05,6.413844762e-06
613100000,-0.000358074855,-0.003756335273,1.972318881e-05,1.7464506e-06
613200000,-0.001476736194,-0.003126827968,1.8436628e-05,-1.966140278e-06
613300000,-0.00222872913,-0.002055694103,1.697676267e-05,-4.869060334e-06
613400000,-0.002452491544,-0.0007453065318,1.564366246e-05,-7.311603277e-06
613500000,-0.002091931903,0.0005502438941,1.446435741e-05,-9.709373378e-06
613600000,-0.001208638975,0.001577201022,1.320270361e-05,-1.239428271e-05
613700000,3.028392775e-05,0.002134213248,1.144029021e-05,-1.548827022e-05
613800000,0.001386213363,0.002113600524,8.709191714e-06,-1.883115315e-05
613900000,0.002597754098,0.001523264528,4.645557786e-06,-2.198089424e-05
614000000,0.003434115246,0.0004847179767,-8.720102232e-07,-2.428840152e-05
614100000,0.003742035981,-0.0007923305191,-7.632528753e-06,-2.503225177e-05
614200000,0.003476524413,-0.002053529061,-1.507428999e-05,-2.358504359e-05
614300000,0.002709036872,-0.003052488272,-2.234602672e-05,-1.957538797e-05
614400000,0.001611424182,-0.003601457317,-2.843837688e-05,-1.300950962e-05
614500000,0.0004190396918,-0.003609473457,-3.236105142e-05,-4.324109785e-06
614600000,-0.000619213843,-0.003099998247,-3.333072994e-05,5.644052812e-06
614700000,-0.001293351988,-0.002204360164,-3.093155968e-05,1.576934992e-05
614800000,-0.001476189679,-0.001132434365,-2.521491452e-05,2.480998707e-05
614900000,-0.00114933541,-0.0001268272082,-1.67168196e-05,3.161004476e-05
615000000,-0.000405793685,0.0005896406347,-6.387742318e-06,3.529227723e-05
615100000,0.000571336798,0.0008619125159,4.553075864e-06,3.540454838e-05
615200000,0.001549459481,0.0006358573456,1.481153054e-05,3.199181197e-05
615300000,0.002297615553,-3.048735923e-05,2.322408096e-05,2.558026917e-05
615400000,0.002637137163,-0.0009799793411,2.893592503e-05,1.707771648e-05
615500000,0.002480905783,-0.001990898665,3.15189738e-05,7.610544194e-06
615600000,0.001852766561,-0.002825477433,3.100910516e-05,-1.670014241e-06
615700000,0.0008829308728,-0.003281970294,2.785860553e-05,-9.774413475e-06
615800000,-0.0002196329715,-0.003239063475,2.281671013e-05,-1.601858465e-05
615900000,-0.001211887376,-0.002683090654,1.676520632e-05,-2.009912442e-05
616000000,-0.0018689204,-0.00171223058,1.054428844e-05,-2.2088824e-05
616100000,-0.002032506522,-0.0005167920491,4.804608748e-06,-2.23582532e-05
616200000,-0.001645705143,0.0006602193793,-8.530320851e-08,-2.14443309e-05
616300000,-0.0007661675812,0.001573896696,-4.059854541e-06,-1.989728997e-05
616400000,0.0004446527437,0.002028867861,-7.305035978e-06,-1.81410258e-05
616500000,0.001754113646,0.001920560874,-1.015028169e-05,-1.6377826e-05
616600000,0.002905984082,0.00125765807,-1.293111626e-05,-1.455785031e-05
616700000,0.003673088211,0.0001610594548,-1.585618904e-05,-1.241880717e-05
616800000,0.003904031487,-0.001160418135,-1.891090335e-05,-9.585303003e-06
616900000,0.00355430434,-0.002452544481,-2.182137958e-05,-5.703775792e-06
617000000,0.002695320028,-0.003467551448,-2.408880264e-05,-5.806909035e-07
617100000,0.001499529205,-0.004014615758,-2.508826608e-05,5.709451231e-06
617200000,0.0002047201678,-0.003998478952,-2.421148086e-05,1.2773521e-05
617300000,-0.0009350609698,-0.003438198288,-2.102235467e-05,1.992155097e-05
617400000,-0.001701746047,-0.002462153186,-1.539071461e-05,2.626021684e-05
617500000,-0.001957743255,-0.001280381906,-7.573180136e-06,3.084157221e-05
617600000,-0.00167340886,-0.0001400675831,1.779357771e-06,3.283815265e-05
617700000,-0.0009317617948,0.0007264618799,1.169320778e-05,3.170907349e-05
617800000,9.050739397e-05,0.001150263857,2.101146942e-05,2.732262696e-05
617900000,0.001161675447,0.001060599549,2.857656717e-05,2.000899759e-05
618000000,0.002045044391,0.0004986893077,3.342125796e-05,1.053040262e-05
618100000,0.002549749501,-0.0003924791487,3.493136282e-05,-2.760042574e-08
618200000,0.002571474289,-0.001400069921,3.294870131e-05,-1.042411397e-05
618300000,0.002114376633,-0.00228817704,2.779437365e-05,-1.945881759e-05
618400000,0.001289551152,-0.002849403175,2.020823339e-05,-2.615890469e-05
618500000,0.0002903897139,-0.002950146575,1.12168873e-05,-2.99221153e-05
618600000,-0.0006498316163,-0.002559858156,1.95645536e-06,-3.058995816e-05
618700000,-0.001308991659,-0.001757985198,-6.515215453e-06,-2.843938294e-05
618800000,-0.001524798266,-0.0007171243339,-1.338086267e-05,-2.409752803e-05
618900000,-0.001230634993,0.000333979729,-1.817063804e-05,-1.83993412e-05
619000000,-0.0004708941733,0.001159639565,-2.079548136e-05,-1.221872912e-05
619100000,0.0006074779477,0.001568096197,-2.150455305e-05,-6.308238601e-06
619200000,0.001785411998,0.001453197431,-2.077991727e-05,-1.179286009e-06
619300000,0.002817643035,0.0008180189122,-1.919425395e-05,2.95464762e-06
619400000,0.003484395481,-0.000224576268,-1.726427179e-05,6.163544872e-06
619500000,0.003637906266,-0.001474554245,-1.533231303e-05,8.722370794e-06
619600000,0.003233992414,-0.002685738892,-1.350151069e-05,1.098957468e-05
619700000,0.002342040209,-0.003616639218,-1.163737798e-05,1.327253415e-05
619800000,0.001131329184,-0.004080436548,-9.43360295e-06,1.571223611e-05
619900000,-0.0001634473464,-0.003983694247,-6.525357214e-06,1.821474417e-05
620000000,-0.001290270643,-0.003345725861,-2.622719257e-06,2.044624423e-05
620100000,-0.00203147517,-0.002294599875,2.367843484e-06,2.189403578e-05
620200000,-0.002248262606,-0.001040629301,8.263600063e-06,2.198087211e-05
620300000,-0.001908796326,0.0001671172814,1.458803744e-05,2.020777946e-05
620400000,-0.001094046235,0.001092210454,2.062291297e-05,1.62935565e-05
620500000,1.980473865e-05,0.001559438515,2.552184221e-05,1.027907898e-05
620600000,0.001198684824,0.001490432762,2.846368228e-05,2.571357452e-06
620700000,0.002199848175,0.0009189075081,2.881475119e-05,-6.085402465e-06
620800000,0.002822638427,-1.764686806e-05,2.626617561e-05,-1.470929466e-05
620900000,0.002950122015,-0.001108029885,2.091700443e-05,-2.223343365e-05
621000000,0.002572824698,-0.00211277581,1.328428674e-05,-2.768313691e-05
621100000,0.001789579399,-0.00281533518,4.235906881e-06,-3.03432302e-05
621200000,0.0007853435009,-0.003068121146,-5.142437199e-06,-2.98826182e-05
621300000,-0.0002092564745,-0.002823628982,-1.372137337e-05,-2.641150754e-05
621400000,-0.0009679935652,-0.002144012119,-2.051003396e-05,-2.045998006e-05
621500000,-0.001318004451,-0.001187098746,-2.481159282e-05,-1.288223667e-05
621600000,-0.001177166853,-0.0001718750901,-2.632293315e-05,-4.705538901e-06
621700000,-0.0005718949057,0.0006691415839,-2.516057902e-05,3.046362608e-06
621800000,0.0003684395623,0.001140415517,-2.180991968e-05,9.52090361e-06
621900000,0.001439240204,0.001125962742,-1.701009214e-05,1.416351073e-05
622000000,0.002404616037,0.0006148712855,-1.159949375e-05,1.678048759e-05
622100000,0.003048102812,-0.0002956730111,-6.354189772e-06,1.752844858e-05
622200000,0.003219345452,-0.001420487784,-1.852002779e-06,1.683601292e-05
622300000,0.002866799538,-0.002525330652,1.61121227e-06,1.527725839e-05
622400000,0.002049506271,-0.003376389901,4.038298907e-06,1.342589536e-05
622500000,0.0009254491475,-0.003789833723,5.680318394e-06,1.172232338e-05
622600000,-0.0002810405771,-0.003670937501,6.933017335e-06,1.038207056e-05
622700000,-0.001325947317,-0.003034534235,8.205527677e-06,9.364440854e-06
622800000,-0.001996474378,-0.00200248658,9.792122775e-06,8.406621597e-06
622900000,-0.002155488321,-0.000778719552,1.17766771e-05,7.113962713e-06
623000000,-0.001770183585,0.0003929377638,1.399188767e-05,5.084746089e-06
623100000,-0.0009189718728,0.001279259024,1.604297846e-05,2.040163292e-06
623200000,0.0002248291497,0.001705899432,1.73911944e-05,-2.070978384e-06
623300000,0.001429075652,0.001593350686,1.747900298e-05,-7.017858153e-06
623400000,0.002451081143,0.0009730654179,1.586943346e-05,-1.229768227e-05
623500000,0.003087990466,-1.960028467e-05,1.236843324e-05,-1.721026384e-05
623600000,0.003218697049,-0.001174122242,7.102277354e-06,-2.098309356e-05
623700000,0.002828529187,-0.002249173618,5.312700095e-07,-2.292160879e-05
623800000,0.002011545668,-0.003023290222,-6.6057172e-06,-2.25534349e-05
623900000,0.0009499864336,-0.003341176361,-1.340673053e-05,-1.973602924e-05
624000000,-0.0001247638621,-0.003145903739,-1.896030577e-05,-1.470428931e-05
624100000,-0.0009814366024,-0.002490227171,-2.25068965e-05,-8.046808169e-06
624200000,-0.00143793463,-0.001524653376,-2.357589758e-05,-6.140382657e-07
624300000,-0.00139979208,-0.0004648230126,-2.207067341e-05,6.624391808e-06
624400000,-0.0008798948834,0.0004548444566,-1.828440521e-05,1.274549762e-05
624500000,4.699956052e-06,0.001031376266,-1.28435441e-05,1.702942224e-05
624600000,0.001058137313,0.001136656932,-6.590286249e-06,1.907603293e-05
624700000,0.002047899722,0.000744796079,-4.277320227e-07,1.885928092e-05
624800000,0.002754715075,-6.235175443e-05,4.841281644e-06,1.670972748e-05
624900000,0.003019602142,-0.00111266501,8.649777603e-06,1.323027888e-05
625000000,0.002778042713,-0.002180486562,1.075042863e-05,9.163650276e-06
625100000,0.002074020847,-0.003034775695,1.12323231e-05,5.239598795e-06
625200000,0.001050959434,-0.003488431982,1.046952689e-05,2.033577766e-06
625300000,-7.8504182e-05,-0.003438309319,9.014372451e-06,-1.345402529e-07
625400000,-0.001077473714,-0.002887430945,7.459638854e-06,-1.241961271e-06
625500000,-0.001734937378,-0.001944704595,6.299813514e-06,-1.537925563e-06
625600000,-0.001910473042,-0.0008022117988,5.82122636e-06,-1.459562541e-06
625700000,-0.001564058236,0.0003051083336,6.044158797e-06,-1.508545549e-06
625800000,-0.000764694042,0.001148846491,6.728515097e-06,-2.116546011e-06
625900000,0.0003239622777,0.001555146207,7.440775598e-06,-3.529543248e-06
626000000,0.001477906586,0.001441232431,7.66668566e-06,-5.736666282e-06
626100000,0.002459789944,0.0008327547425,6.944285748e-06,-8.459395838e-06
626200000,0.00306869996,-0.0001416925359,4.987533302e-06,-1.120376096e-05
626300000,0.0031822342,-0.001277699836,1.772810109e-06,-1.336444758e-05
626400000,0.00278201162,-0.002338089892,-2.431406684e-06,-1.435841858e-05
626500000,0.001957262482,-0.003102803375,-7.099220714e-06,-1.375913034e-05
626600000,0.0008857585913,-0.003415106755,-1.154001895e-05,-1.140209711e-05
626700000,-0.0002038775501,-0.003214385847,-1.503037041e-05,-7.438465719e-06
626800000,-0.001080519767,-0.002548620961,-1.695775927e-05,-2.324160068e-06
626900000,-0.00155933009,-0.001563930131,-1.694604409e-05,3.254275605e-06
627000000,-0.001540694339,-0.0004734105934,-1.493615503e-05,8.502636037e-06
627100000,-0.001031088123,0.0004881187494,-1.12047599e-05,1.266597471e-05
627200000,-0.0001414845129,0.001113896012,-6.316502152e-06,1.516950576e-05
627300000,0.0009363344424,0.001268990789,-1.019225178e-06,1.572466007e-05
627400000,0.001970529732,0.0009188286934,3.896558927e-06,1.437865671e-05
627500000,0.002738387083,0.0001364538345,7.745306589e-06,1.149766003e-05
627600000,0.003073522881,-0.000912982306,1.007114132e-05,7.687356209e-06
627700000,0.002901138497,-0.002007202845,1.072444815e-05,3.667709189e-06
627800000,0.00225388396,-0.002913845216,9.875311662e-06,1.280374127e-07
627900000,0.001264996994,-0.003439606068,7.961954686e-06,-2.407565199e-06
628000000,0.0001401882879,-0.003471104423,5.585860955e-06,-3.676850754e-06
628100000,-0.0008857670564,-0.002998836593,3.376268918e-06,-3.718639744e-06
628200000,-0.001598546295,-0.002119177547,1.852909876e-06,-2.847395854e-06
628300000,-0.001849436975,-0.001014027456,1.315953834e-06,-1.569541882e-06
628400000,-0.001586600676,8.757356963e-05,1.78613124e-06,-4.601148719e-07
628500000,-0.0008658532018,0.0009577334859,3.007206641e-06,-2.658043235e-08
628600000,0.0001612925354,0.001417685666,4.509684032e-06,-5.891491965e-07
628700000,0.001279767029,0.001375318129,5.721633551e-06,-2.203257112e-06
628800000,0.002256450301,0.0008443351698,6.102580198e-06,-4.640787914e-06
628900000,0.002889405681,-5.897801222e-05,5.271571325e-06,-7.434067119e-06
629000000,0.003050421605,-0.001140677112,3.101837872e-06,-9.973300997e-06
629100000,0.002711863811,-0.002170467458,-2.384118001e-07,-1.163678986e-05
629200000,0.001952166468,-0.002930632463,-4.308099153e-06,-1.192629728e-05
629300000,0.000938819263,-0.003262202765,-8.47400972e-06,-1.057885519e-05
629400000,-0.000107519949,-0.003098575222,-1.203350282e-05,-7.631242249e-06
629500000,-0.0009601532126,-0.002479457287,-1.435370257e-05,-3.423325613e-06
629600000,-0.001434694254,-0.00154219265,-1.499821855e-05,1.460708556e-06
629700000,-0.00142837314,-0.0004923296096,-1.38150822e-05,6.301204009e-06
629800000,-0.0009419530292,0.000440299188,-1.096774071e-05,1.037949148e-05
629900000,-7.961935856e-05,0.001050647287,-6.902887238e-06,1.311379697e-05
630000000,0.0009731172672,0.001202256235,-2.262098116e-06,1.41666894e-05
630100000,0.001988801004,0.0008565029911,2.244086546e-06,1.350225549e-05
630200000,0.002746336858,8.110635403e-05,5.973311739e-06,1.13818327e-05
630300000,0.003077992766,-0.0009638941168,8.471342804e-06,8.300056543e-06
630400000,0.002905162209,-0.002059708888,9.550221792e-06,4.875450614e-06
630500000,0.00225534295,-0.002974820083,9.309103544e-06,1.719180029e-06
630600000,0.001256761543,-0.003513742952,8.0944698e-06,-6.90065147e-07
630700000,0.0001117874832,-0.003558256178,6.409274089e-06,-2.098683877e-06
630800000,-0.0009452583637,-0.003092431774,4.791318344e-06,-2.519070721e-06
630900000,-0.001697024682,-0.002206214803,3.68753912e-06,-2.210810189e-06
631000000,-0.001988503365,-0.001076817133,3.351554072e-06,-1.606997145e-06
631100000,-0.001759338662,6.815155289e-05,3.786666476e-06,-1.202279331e-06
631200000,-0.001056308975,0.0009980646225,4.746657936e-06,-1.427400694e-06
631300000,-2.338686505e-05,0.001527223877,5.794222263e-06,-2.537904941e-06
631400000,0.001128509382,0.001553313754,6.40445837e-06,-4.541637161e-06
631500000,0.002165697829,0.001078309135,6.091083298e-06,-7.181406245e-06
631600000,0.00288055031,0.0002074719545,4.528012995e-06,-9.977399793e-06
631700000,0.003134674685,-0.0008733194047,1.639747306e-06,-1.232116894e-05
631800000,0.002887377995,-0.001937101201,-2.359580075e-06,-1.360192285e-05
631900000,0.002203428946,-0.002763851406,-6.987920935e-06,-1.333882932e-05
632000000,0.001238510372,-0.003186848648,-1.157450326e-05,-1.129149385e-05
632100000,0.000205476371,-0.003127546078,-1.538111259e-05,-7.525105491e-06
632200000,-0.0006713952981,-0.002611574549,-1.774118498e-05,-2.415988145e-06
632300000,-0.001204408014,-0.00176249841,-1.818858008e-05,3.404458983e-06
632400000,-0.001282476115,-0.0007746855102,-1.654989709e-05,9.156771777e-06
632500000,-0.0008946477317,0.0001288908724,-1.298160953e-05,1.405026081e-05
632600000,-0.000132115701,0.0007448834278,-7.944568074e-06,1.742248718e-05
632700000,0.0008316885944,0.0009335163782,-2.121192519e-06,1.885374914e-05
632800000,0.001778638984,0.0006488512855,3.707721663e-06,1.823422583e-05
632900000,0.002493053311,-5.108650993e-05,8.801629077e-06,1.577127106e-05
633000000,0.00280834857,-0.001016470918,1.258653772e-05,1.193669195e-05
633100000,0.0026432548,-0.002037520593,1.474420585e-05,7.366092136e-06
633200000,0.002019873494,-0.002889233916,1.52475246e-05,2.731951077e-06
633300000,0.001059742378,-0.003379495321,1.433682574e-05,-1.382935013e-06
633400000,-4.125653726e-05,-0.003390341673,1.244424044e-05,-4.58570509e-06
633500000,-0.001053831762,-0.002903650372,1.008394664e-05,-6.727551734e-06
633600000,-0.00176341312,-0.002005823652,7.732934878e-06,-7.902096205e-06
633700000,-0.002015337689,-0.0008704839897,5.72839439e-06,-8.39052504e-06
633800000,-0.001747595876,0.0002771786717,4.203704466e-06,-8.567419094e-06
633900000,-0.001004276928,0.001206927588,3.076231174e-06,-8.789516068e-06
634000000,7.308915074e-05,0.001731130987,2.088581615e-06,-9.293089561e-06
634100000,0.001274470816,0.001743594324,8.931422989e-07,-1.012349209e-05
634200000,0.002364504184,0.00124148303,-8.398411168e-07,-1.111317711e-05
634300000,0.003130884233,0.0003257848642,-3.315653076e-06,-1.19137501e-05
634400000,0.003427892524,-0.0008197604385,-6.534818464e-06,-1.207561445e-05
634500000,0.003205997441,-0.001966846788,-1.025843512e-05,-1.115814195e-05
634600000,0.002521371793,-0.002889914166,-1.402866627e-05,-8.846289595e-06
634700000,0.001523369286,-0.003412689632,-1.72420297e-05,-5.047709089e-06
634800000,0.000422617359,-0.003444213864,-1.926161028e-05,5.19280795e-08
634900000,-0.0005535424629,-0.002996809122,-1.954564905e-05,5.989198963e-06
635000000,-0.001208862796,-0.002182239323,-1.776597293e-05,1.208110958e-05
635100000,-0.001419145187,-0.001186915392,-1.389128666e-05,1.753140388e-05
635200000,-0.001157679345,-0.0002314404847,-8.217146578e-06,2.156504156e-05
635300000,-0.0004997925322,0.0004768764524,-1.33507205e-06,2.356477077e-05
635400000,0.0003944185923,0.0007884042594,5.954484406e-06,2.318295294e-05
635500000,0.001315442012,0.0006429920714,1.276923643e-05,2.040654102e-05
635600000,0.00205018685,8.240183781e-05,1.828807717e-05,1.556238624e-05
635700000,0.002428452116,-0.0007592666173,2.188269929e-05,9.261927716e-06
635800000,0.002360044967,-0.001685072953,2.321292951e-05,2.296345041e-06
635900000,0.001854579557,-0.002478295963,2.226834142e-05,-4.497055331e-06
636000000,0.001019713205,-0.002949790793,1.934963785e-05,-1.037107624e-05
636100000,3.820814136e-05,-0.002979469995,1.499540696e-05,-1.478136368e-05
636200000,-0.0008712566884,-0.002543011844,9.87064055e-06,-1.745486845e-05
636300000,-0.001501134183,-0.001718078422,4.640635292e-06,-1.840278851e-05
636400000,-0.001699872355,-0.0006687133171,-1.438825886e-07,-1.787840451e-05
636500000,-0.001405040845,0.0003887634425,-4.127762582e-06,-1.629155662e-05
636600000,-0.0006576897477,0.001231130679,-7.18378514e-06,-1.410014825e-05
636700000,0.0004050980539,0.001675320561,-9.392408227e-06,-1.170321706e-05
636800000,0.001577894542,0.001617240932,-1.097639357e-05,-9.358962381e-06
636900000,0.002629043106,0.001054216842,-1.220743089e-05,-7.144967969e-06
637000000,0.003348391817,8.635797185e-05,-1.33076518e-05,-4.968077565e-06
637100000,0.003590685018,-0.001103428888,-1.436963804e-05,-2.620100279e-06
637200000,0.003305584291,-0.002286615178,-1.531406345e-05,1.348173382e-07
637300000,0.002548088173,-0.00323568148,-1.589545671e-05,3.462487395e-06
637400000,0.001467201105,-0.003770518856,-1.575561497e-05,7.37444212e-06
637500000,0.0002752219168,-0.003794972059,-1.451330866e-05,1.167818148e-05
637600000,-0.0007959507692,-0.003315948548,-1.187044972e-05,1.597550555e-05
637700000,-0.001542396387,-0.002441144611,-7.710683159e-06,1.971204831e-05
637800000,-0.001829719443,-0.001355896074,-2.167334045e-06,2.226982804e-05
637900000,-0.001619903791,-0.0002840242376,4.356379221e-06,2.308492596e-05
638000000,-0.0009778821758,0.0005590930442,1.122220762e-05,2.176638067e-05
638100000,-5.648622694e-05,0.001011350735,1.764268051e-05,1.819134913e-05
638200000,0.0009370001012,0.0009972018202,2.280294282e-05,1.255579047e-05
638300000,0.001785563542,0.0005423837914,2.599586972e-05,5.368530958e-06
638400000,0.002308937297,-0.0002329970666,2.674448479e-05,-2.612203056e-06
638500000,0.002401920926,-0.001141500961,2.488778825e-05,-1.048916527e-05
638600000,0.002056367618,-0.001969686722,2.061307189e-05,-1.736331258e-05
638700000,0.001362154131,-0.002524850579,1.442822815e-05,-2.247238427e-05
638800000,0.0004869585347,-0.002677116105,7.079306415e-06,-2.530507888e-05
638900000,-0.0003607718783,-0.002387818415,-5.707834198e-07,-2.566998735e-05
639000000,-0.0009776634998,-0.001718079087,-7.679148648e-06,-2.370751431e-05
639100000,-0.001210181348,-0.0008157384642,-1.354949293e-05,-1.984436095e-05
639200000,-0.0009886735685,0.0001165287429,-1.772516559e-05,-1.470140578e-05
639300000,-0.0003433758442,0.0008650512637,-2.003275298e-05,-8.974690528e-06
639400000,0.000601057441,0.001251543685,-2.057067948e-05,-3.31389608e-06
639500000,0.001651326827,0.001172108634,-1.964857795e-05,1.77773049e-06
639600000,0.002586074211,0.0006205397472,-1.769301843e-05,6.003401265e-06
639700000,0.003202663922,-0.0003090302521,-1.514151528e-05,9.283275186e-06
639800000,0.003360260919,-0.001440704387,-1.234828999e-05,1.171679538e-05
639900000,0.003010124276,-0.002552711931,-9.521790778e-06,1.350858344e-05
640000000,0.002206749992,-0.003423083858,-6.706271667e-06,1.487717283e-05
640100000,0.001097526158,-0.003875557389,-3.809513158e-06,1.596910671e-05
640200000,-0.0001069439855,-0.003816132313,-6.682498885e-07,1.679918632e-05
640300000,-0.001175673635,-0.00325267166,2.865668034e-06,1.723135326e-05
640400000,-0.001904377445,-0.002293480178,6.840076048e-06,1.70052168e-05
640500000,-0.00215703853,-0.001125167574,1.113984925e-05,1.580266389e-05
640600000,-0.001893342414,2.559499542e-05,1.546349467e-05,1.333961381e-05
640700000,-0.001176304197,0.0009384740915,1.934701853e-05,9.461839853e-06
640800000,-0.0001585343116,0.001444384137,2.223257545e-05,4.222220124e-06
640900000,0.0009499645674,0.001459572366,2.356925872e-05,-2.07983736e-06
641000000,0.001925722217,0.00100179581,2.292581327e-05,-8.908415022e-06
641100000,0.002578242174,0.0001852469973,2.009168901e-05,-1.555188413e-05
641200000,0.002789215705,-0.0008046603965,1.514445664e-05,-2.12250408e-05
641300000,0.002536272035,-0.001751293355,8.467885896e-06,-2.519415667e-05
641400000,0.00189628262,-0.002453103601,7.146563944e-07,-2.690123443e-05
641500000,0.001027564914,-0.002766398749,-7.281262407e-06,-2.606330108e-05
641600000,0.0001348205643,-0.002635482403,-1.462735667e-05,-2.272706927e-05
641700000,-0.0005756656566,-0.002103750325,-2.050806945e-05,-1.72678419e-05
641800000,-0.0009409473443,-0.001303401599,-2.43080139e-05,-1.033237664e-05
641900000,-0.0008768089848,-0.000426012054,-2.570022056e-05,-2.736341069e-06
642000000,-0.0003960285586,0.0003196691217,-2.46836541e-05,4.664261092e-06
642100000,0.0003944011921,0.0007535936331,-2.1564262e-05,1.110350684e-05
642200000,0.001316472999,0.0007640736893,-1.688488793e-05,1.601372466e-05
642300000,0.00215977751,0.0003326937755,-1.13192212e-05,1.909226687e-05
642400000,0.002727220145,-0.0004608744767,-5.551556019e-06,2.031644346e-05
642500000,0.0028780327,-0.001455183949,-1.66182459e-07,1.990682676e-05
642600000,0.002558875148,-0.002440961176,4.432634841e-06,1.824949605e-05
642700000,0.001816388696,-0.003205454619,8.056245783e-06,1.579571662e-05
642800000,0.0007885230598,-0.003577755835,1.07187347e-05,1.296142263e-05
642900000,-0.0003235344389,-0.003465490186,1.258193684e-05,1.004794939e-05
643000000,-0.001296909832,-0.002875125506,1.387350982e-05,7.200005699e-06
643100000,-0.001933335348,-0.001911618669,1.479855643e-05,4.408117528e-06
643200000,-0.002100475649,-0.0007574689685,1.546608424e-05,1.552624003e-06
643300000,-0.001759644518,0.0003644423524,1.584770996e-05,-1.523036845e-06
643400000,-0.0009741323193,0.001236471658,1.577835333e-05,-4.928544691e-06
643500000,0.0001035815108,0.001690790138,1.499890091e-05,-8.653528817e-06
643600000,0.001263058295,0.001643651152,1.323108371e-05,-1.252375531e-05
643700000,0.00227906713,0.001112237255,1.026721805e-05,-1.619886642e-05
643800000,0.002957707001,0.0002106060302,6.053658057e-06,-1.921457305e-05
643900000,0.00317589058,-0.0008743949852,7.476361371e-07,-2.106216032e-05
644000000,0.002905978832,-0.001922199927,-5.267529835e-06,-2.128954588e-05
644100000,0.002220451429,-0.002724407098,-1.141522075e-05,-1.960279944e-05
644200000,0.001275671589,-0.003127864026,-1.700245553e-05,-1.594615603e-05
644300000,0.0002781904128,-0.00306592289,-2.132758546e-05,-1.054236113e-05
644400000,-0.0005592838843,-0.002571312902,-2.379844378e-05,-3.882904572e-06
644500000,-0.001062934412,-0.001767950118,-2.403789077e-05,3.332262442e-06
644600000,-0.001134357538,-0.0008434641609,-2.195568395e-05,1.029566434e-05
644700000,-0.0007708163852,-8.320236446e-06,-1.777195523e-05,1.621566893e-05
644800000,-6.494412431e-05,0.0005497256373,-1.1986995e-05,2.043935389e-05
644900000,0.000815999063,0.0007061009338,-5.302588185e-06,2.255186618e-05
645000000,0.001666839201,0.0004261676892,1.490350128e-06,2.243384809e-05
645100000,0.002289278328,-0.000227461015,7.636583631e-06,2.026678994e-05
645200000,0.002535142781,-0.00110858268,1.253036304e-05,1.648644938e-05
645300000,0.002338812269,-0.002019091937,1.579734227e-05,1.169463117e-05
645400000,0.001731882073,-0.002751881709,1.733044854e-05,6.547567634e-06
645500000,0.0008369247858,-0.003135759237,1.727504871e-05,1.643264962e-06
645600000,-0.0001583079696,-0.003072763492,1.596902198e-05,-2.570321821e-06
645700000,-0.001040731118,-0.002559912412,1.385225604e-05,-5.849392092e-06
645800000,-0.001617326312,-0.001690743566,1.136579908e-05,-8.162132614e-06
645900000,-0.001756444218,-0.0006363184166,8.862276039e-06,-9.651663961e-06
646000000,-0.001416250466,0.0003902842355,6.545987508e-06,-1.056489926e-05
646100000,-0.0006542993157,0.001178478863,4.454089262e-06,-1.116503515e-05
646200000,0.0003837836228,0.001564301967,2.480937619e-06,-1.16483888e-05
646300000,0.001494127193,0.001464877921,4.380909295e-07,-1.208477181e-05
646400000,0.002456686699,0.0008959921631,-1.865364225e-06,-1.239492564e-05
646500000,0.003080747475,-3.090266352e-05,-4.541878825e-06,-1.236998754e-05
646600000,0.003244343651,-0.001131612169,-7.56364404e-06,-1.172837279e-05
646700000,0.002919361398,-0.00218725671,-1.073536127e-05,-1.019692115e-05
646800000,0.002177095413,-0.002989502044,-1.370929685e-05,-7.597505177e-06
646900000,0.001173115096,-0.003383513279,-1.604089413e-05,-3.918752642e-06
647000000,0.0001146232257,-0.003299659899,-1.727407527e-05,6.445643712e-07
647100000,-0.0007828455058,-0.002767354033,-1.703849769e-05,5.695187742e-06
647200000,-0.001340302804,-0.001908147599,-1.513791979e-05,1.068165441e-05
647300000,-0.001452344402,-0.0009095676826,-1.16101626e-05,1.498317457e-05
647400000,-0.001108574997,1.477857106e-05,-6.744669858e-06,1.801505967e-05
647500000,-0.0003949356314,0.0006704028149,-1.052225219e-06,1.933392173e-05
647600000,0.0005253096237,0.0009228892486,4.808808982e-06,1.87214423e-05
647700000,0.001446868967,0.0007259504085,1.01363641e-05,1.622950499e-05
647800000,0.002166491733,0.0001306640077,1.429897066e-05,1.217708275e-05
647900000,0.002526441317,-0.0007260368894,1.683852323e-05,7.098896797e-06
648000000,0.002448130944,-0.00165113974,1.75417348e-05,1.655520607e-06
648100000,0.001948776543,-0.002437229142,1.646675719e-05,-3.477710508e-06
648200000,0.001137540165,-0.002907168035,1.392043593e-05,-7.721495071e-06
648300000,0.0001920092678,-0.00295225281,1.039153744e-05,-1.068184793e-05
648400000,-0.0006799524666,-0.002555710483,6.453991516e-06,-1.220124551e-05
648500000,-0.0012848346,-0.001796538731,2.659940322e-06,-1.236295131e-05
648600000,-0.001485071235,-0.0008328842365,-5.559899469e-07,-1.144945947e-05
648700000,-0.001228737064,0.0001314872708,-2.942578913e-06,-9.865284822e-06
648800000,-0.0005610367091,0.0008904855704,-4.456047632e-06,-8.041361658e-06
648900000,0.0003848442118,0.001279550659,-5.239210644e-06,-6.341647121e-06
649000000,0.001415574844,0.001210763021,-5.562183231e-06,-4.991502445e-06
649100000,0.00231829627,0.0006917762195,-5.739041186e-06,-4.042306158e-06
649200000,0.002905423554,-0.0001754250269,-6.039619591e-06,-3.378659647e-06
649300000,0.00305416872,-0.00121567002,-6.616276956e-06,-2.765216286e-06
649400000,0.002732450536,-0.00221718161,-7.461844263e-06,-1.921589777e-06
649500000,0.002005737977,-0.0029758757,-8.407926841e-06,-6.077920703e-07
649600000,0.001023395862,-0.003338050633,-9.163757765e-06,1.299522374e-06
649700000,-1.258325363e-05,-0.003232485026,-9.386840602e-06,3.757629364e-06
649800000,-0.0008898729576,-0.002685199124,-8.769582448e-06,6.546843125e-06
649900000,-0.00143022928,-0.001813787635,-7.122504109e-06,9.301442972e-06
650000000,-0.001526685006,-0.0008025333719,-4.435189367e-06,1.157654541e-05
650100000,-0.001165703397,0.0001364436445,-9.007731803e-07,1.293712872e-05
650200000,-0.0004296446682,0.0008078091067,3.102520214e-06,1.305042445e-05
650300000,0.0005209510086,0.001074005498,7.070134249e-06,1.176189079e-05
650400000,0.001481505669,0.000883978515,1.045894257e-05,9.138195388e-06
650500000,0.002246751074,0.0002835975013,1.278643527e-05,5.467384333e-06
650600000,0.002654123721,-0.0005944054446,1.372113207e-05,1.21527838e-06
650700000,0.002618044674,-0.001558827926,1.314564601e-05,-3.053751152e-06
650800000,0.002147852146,-0.002400700339,1.117934043e-05,-6.7760341e-06
650900000,0.001345614003,-0.002937679966,8.155782765e-06,-9.488083218e-06
651000000,0.0003843046937,-0.003052740774,4.559469273e-06,-1.090642045e-05
651100000,-0.0005290144156,-0.002718976575,9.346326665e-07,-1.097190627e-05
651200000,-0.001197201218,-0.0020052806,-2.215391118e-06,-9.850054432e-06
651300000,-0.001474900466,-0.001061718065,-4.517947873e-06,-7.887879937e-06
651400000,-0.001299409807,-8.770946521e-05,-5.792116611e-06,-5.536736081e-06
651500000,-0.0007040207173,0.0007102216873,-6.069244684e-06,-3.25748738e-06
651600000,0.0001889712046,0.001162182499,-5.569691851e-06,-1.427808695e-06
651700000,0.00119408613,0.001170870128,-4.641631574e-06,-2.706949291e-07
651800000,0.002101828579,0.0007321587545,-3.675582685e-06,1.814186756e-07
651900000,0.002722908037,-6.402329445e-05,-3.013239532e-06,8.018328501e-08
652000000,0.00292815762,-0.001052691675,-2.870124473e-06,-2.852256489e-07
652100000,0.002675716767,-0.002028643873,-3.288426295e-06,-5.640404698e-07
652200000,0.002019744134,-0.002789757477,-4.129800956e-06,-4.323566073e-07
652300000,0.001098835896,-0.003179587318,-5.109304158e-06,3.252590248e-07
652400000,0.0001066172115,-0.00312025457,-5.862824389e-06,1.758782798e-06
652500000,-0.0007492558884,-0.002628679842,-6.033248839e-06,3.732794576e-06
652600000,-0.001290997604,-0.001812740971,-5.356622497e-06,5.94803954e-06
652700000,-0.001408199988,-0.000848188533,-3.729578974e-06,8.00006375e-06
652800000,-0.001081010235,5.877271963e-05,-1.24331117e-06,9.462574619e-06
652900000,-0.0003840822903,0.0007152945178,1.82354589e-06,9.977890246e-06
653000000,0.0005295146975,0.0009827972657,5.052039744e-06,9.335296911e-06
653100000,0.001461000057,0.0008063152978,7.960484471e-06,7.520647097e-06
653200000,0.002208249069,0.00022606605,1.009651463e-05,4.726559111e-06
653300000,0.002608834943,-0.0006311932308,1.112455876e-05,1.320841971e-06
653400000,0.002574622308,-0.001579173066,1.089063663e-05,-2.220483045e-06
653500000,0.002110588114,-0.00241168795,9.451141092e-06,-5.401804908e-06
653600000,0.001313893111,-0.002946517988,7.059809896e-06,-7.799953956e-06
653700000,0.0003534110648,-0.003064207949,4.115826492e-06,-9.140774263e-06
653800000,-0.0005659438084,-0.002733597511,1.084067826e-06,-9.344700831e-06
653900000,-0.001246542726,-0.002018691731,-1.595757213e-06,-8.532381573e-06
654000000,-0.001539866801,-0.001065429642,-3.592159088e-06,-6.989806689e-06
654100000,-0.00137800575,-7.115359554e-05,-4.74000585e-06,-5.10089362e-06
654200000,-0.0007881977172,0.0007567748623,-5.062054017e-06,-3.262234427e-06
654300000,0.0001126395903,0.001244491178,-4.750020413e-06,-1.798325348e-06
654400000,0.001142220399,0.001288120578,-4.109952977e-06,-8.953161697e-07
654500000,0.002090918914,0.0008755837524,-3.484211942e-06,-5.672156094e-07
654600000,0.002765513549,8.914948391e-05,-3.167276187e-06,-6.614505491e-07
654700000,0.003029457227,-0.0009117818512,-3.333814092e-06,-9.022016047e-07
654800000,0.002831223554,-0.001924027832,-3.994755496e-06,-9.618242899e-07
654900000,0.002214790657,-0.00274308491,-4.991053491e-06,-5.446314633e-07
655000000,0.001310082281,-0.00320576832,-6.026719097e-06,5.353672696e-07
655100000,0.0003054028163,-0.003224064207,-6.734267183e-06,2.299937287e-06
655200000,-0.0005923050661,-0.002803079539,-6.758715259e-06,4.587582516e-06
655300000,-0.001200983268,-0.002039329497,-5.842205927e-06,7.074777776e-06
655400000,-0.001401565705,-0.001099755265,-3.891037432e-06,9.33371116e-06
655500000,-0.001162619527,-0.0001859420534,-1.010445048e-06,1.091500901e-05
655600000,-0.0005463225707,0.0005088565201,2.50086987e-06,1.143854892e-05
655700000,0.0003054595085,0.0008407552279,6.196114592e-06,1.067362706e-05
655800000,0.001202003834,0.0007456159296,9.557037229e-06,8.591819091e-06
655900000,0.001944879388,0.000252318608,1.208666303e-05,5.381420697e-06
656000000,0.002370629995,-0.0005238790456,1.339962131e-05,1.42020981e-06
656100000,0.002385883723,-0.00140645195,1.32920301e-05,-2.788206728e-06
656200000,0.001987401657,-0.002195808222,1.177711381e-05,-6.701792965e-06
656300000,0.001262797162,-0.00271241191,9.079772444e-06,-9.833806576e-06
656400000,0.0003717836605,-0.002835617114,5.591717439e-06,-1.183429519e-05
656500000,-0.0004880390894,-0.002529927225,1.796780664e-06,-1.254353165e-05
656600000,-0.001123561373,-0.001853083213,-1.818073568e-06,-1.200751511e-05
656700000,-0.001387678109,-0.0009442607361,-4.847869164e-06,-1.045360241e-05
656800000,-0.001211116988,5.114397488e-06,-7.03388417e-06,-8.232570405e-06
656900000,-0.0006178283303,0.0007917416406,-8.294780848e-06,-5.740214233e-06
657000000,0.00027932072,0.001243467113,-8.719531784e-06,-3.335543565e-06
657100000,0.001301638482,0.001255868288,-8.525248735e-06,-1.272939599e-06
657200000,0.002241623377,0.0008146978014,-7.990419828e-06,3.377476999e-07
657300000,0.002906122935,-5.269955038e-07,-7.379120841e-06,1.535501018e-06
657400000,0.003156588782,-0.001032537258,-6.87342984e-06,2.477059325e-06
657500000,0.002938006194,-0.002078572034,-6.52921034e-06,3.378445312e-06
657600000,0.002290459628,-0.002932137212,-6.265099394e-06,4.443051132e-06
657700000,0.00134093112,-0.003425543405,-5.887099475e-06,5.793152986e-06
657800000,0.0002770580057,-0.003464349449,-5.143227873e-06,7.420967527e-06
657900000,-0.0006916581091,-0.003046535309,-3.795929979e-06,9.171099109e-06
658000000,-0.001377080027,-0.002262422161,-1.695860636e-06,1.07593702e-05
658100000,-0.001651063761,-0.001275385051,1.159935773e-06,1.182504221e-05
658200000,-0.001471413359,-0.0002874268662,4.599327915e-06,1.200602466e-05
658300000,-0.0008897457174,0.0005031401367,8.283658554e-06,1.102141924e-05
658400000,-3.965169099e-05,0.0009429968988,1.175350033e-05,8.743778299e-06
658500000,0.0008923078405,0.000955406203,1.45036206e-05,5.2452079e-06
658600000,0.001706604054,0.0005554374529,1.607283578e-05,8.065634891e-07
658700000,0.002233240234,-0.000154359517,1.613102798e-05,-4.113587147e-06
658800000,0.002367714236,-0.001006868143,1.454584027e-05,-8.945368004e-06
658900000,0.002092794898,-0.001806984733,1.141542303e-05,-1.3097249e-05
659000000,0.001481487998,-0.002374023609,7.06027774e-06,-1.605202884e-05
659100000,0.000680588607,-0.002580859293,1.97535821e-06,-1.745086351e-05
659200000,-0.0001216249342,-0.002381415517,-3.248536729e-06,-1.714941528e-05
659300000,-0.0007366001846,-0.001820611736,-8.019030435e-06,-1.523577691e-05
659400000,-0.001016761544,-0.001024645339,-1.183412289e-05,-1.200746351e-05
659500000,-0.0008879414925,-0.0001737087355,-1.435460613e-05,-7.912873217e-06
659600000,-0.0003660341384,0.0005369968796,-1.544394681e-05,-3.469522226e-06
659700000,0.0004456963774,0.0009395947588,-1.516945029e-05,8.243519536e-07
659800000,0.001378079124,0.0009301601123,-1.376646632e-05,4.567411405e-06
659900000,0.002231698817,0.0004918281488,-1.157481383e-05,7.507438793e-06
660000000,0.002819180416,-0.0003005366518,-8.961952437e-06,9.559285992e-06
660100000,0.003005137969,-0.001295109194,-6.249619854e-06,1.078714999e-05
660200000,0.002735349076,-0.0022942022,-3.659269979e-06,1.135736993e-05
660300000,0.002049008196,-0.003095157792,-1.287030221e-06,1.147404589e-05
660400000,0.001071479824,-0.003532457838,8.879278947e-07,1.131311913e-05
660500000,-1.093938707e-05,-0.003512244734,2.965256886e-06,1.097044194e-05
660600000,-0.0009889864634,-0.003032048821,5.065831329e-06,1.043586288e-05
660700000,-0.001673219599,-0.002181616482,7.269273115e-06,9.599240544e-06
660800000,-0.001932730001,-0.001124674384,9.562256014e-06,8.286914917e-06
660900000,-0.001721740395,-6.543161549e-05,1.181082552e-05,6.320113264e-06
661000000,-0.001088580044,0.0007932079211,1.376460892e-05,3.581577978e-06
661100000,-0.0001651968362,0.001291030185,1.509364052e-05,7.45053211e-08
661200000,0.0008605786375,0.001342886911,1.545112828e-05,-4.040834672e-06
661300000,0.001784204098,0.0009553360773,1.454943419e-05,-8.4429207e-06
661400000,0.002426826281,0.0002241074122,1.223314431e-05,-1.268058088e-05
661500000,0.002672023672,-0.0006870298598,8.533113119e-06,-1.623606927e-05
661600000,0.002489184999,-0.001581509361,3.688812023e-06,-1.860844356e-05
661700000,0.001938627759,-0.002271850934,-1.867503989e-06,-1.940142234e-05
661800000,0.001157420586,-0.002619301084,-7.563648705e-06,-1.839847453e-05
661900000,0.0003289713151,-0.002562812286,-1.27686863e-05,-1.561001175e-05
662000000,-0.0003570935591,-0.002131206305,-1.688791079e-05,-1.128279913e-05
662100000,-0.0007461509128,-0.001435956814,-1.945415035e-05,-5.869001983e-06
662200000,-0.0007520567017,-0.0006461796901,-2.019849475e-05,3.985182617e-08
662300000,-0.0003756901822,4.875903934e-05,-1.908751056e-05,5.801903496e-06
662400000,0.0002954051775,0.0004809465751,-1.63205532e-05,1.082052953e-05
662500000,0.001106185539,0.0005409458404,-1.228855659e-05,1.462893707e-05
662600000,0.001867931797,0.0002021630185,-7.503085399e-06,1.694874816e-05
662700000,0.002399448611,-0.0004726810418,-2.509961644e-06,1.771297192e-05
662800000,0.00256678267,-0.001344366337,2.195683369e-06,1.705102726e-05
662900000,0.002312943094,-0.002226534494,6.237008778e-06,1.524104796e-05
663000000,0.001671263419,-0.002925327291,9.393943227e-06,1.264101099e-05
663100000,0.0007595444297,-0.003280864355,1.160722865e-05,9.61398848e-06
663200000,-0.0002437965086,-0.003201754985,1.295009135e-05,6.463294308e-06
663300000,-0.001136542145,-0.00268533752,1.357633327e-05,3.390436298e-06
663400000,-0.00173471224,-0.001819368811,1.365830716e-05,4.832566179e-07
663500000,-0.001911000189,-0.0007647951487,1.332988905e-05,-2.265333415e-06
663600000,-0.001621566831,0.0002768013537,1.264787984e-05,-4.914525393e-06
663700000,-0.0009156007171,0.001104296076,1.158065929e-05,-7.520543704e-06
663800000,7.434296771e-05,0.001558106922,1.002640736e-05,-1.008383155e-05
663900000,0.001159212033,0.001552741994,7.856229673e-06,-1.251237879e-05
664000000,0.002131952353,0.001094067621,4.971599496e-06,-1.461135051e-05
664100000,0.00280963892,0.0002777339101,1.361952446e-06,-1.610314938e-05
664200000,0.003070504241,-0.0007308907229,-2.852172617e-06,-1.667503059e-05
664300000,0.002878187673,-0.001731081841,-7.402247654e-06,-1.604490646e-05
664400000,0.002288187791,-0.002528246434,-1.188745697e-05,-1.403144129e-05
664500000,0.001435210573,-0.002973872094,-1.582234197e-05,-1.061294351e-05
664600000,0.0005041036863,-0.002995587866,-1.870874234e-05,-5.96128626e-06
664700000,-0.0003094822553,-0.002611053344,-2.011885197e-05,-4.417995952e-07
664800000,-0.0008403911514,-0.001922793174,-1.977333111e-05,5.423185619e-06
664900000,-0.0009884782238,-0.001095121645,-1.759883162e-05,1.102209647e-05
665000000,-0.0007390364121,-0.0003181060109,-1.375294569e-05,1.574167108e-05
665100000,-0.0001648174689,0.0002337171292,-8.610749112e-06,1.905858753e-05
665200000,0.0005907374934,0.0004390320828,-2.714521516e-06,2.061837551e-05
665300000,0.001345418745,0.0002557675864,3.304627744e-06,2.028711072e-05
665400000,0.001918429466,-0.0002701158331,8.819080586e-06,1.816658961e-05
665500000,0.002170165178,-0.001014938195,1.329424144e-05,1.45707192e-05
665600000,0.00203302107,-0.001804467258,1.635929763e-05,9.968293553e-06
665700000,0.001526595747,-0.002452073595,1.784715095e-05,4.90364987e-06
665800000,0.00075402276,-0.002799653212,1.779772376e-05,-8.937527516e-08
665900000,-0.0001197819149,-0.002752517303,1.642613574e-05,-4.564005458e-06
666000000,-0.0009032946602,-0.002300759152,1.40640644e-05,-8.213929209e-06
666100000,-0.001419460552,-0.0015225165,1.10875481e-05,-1.089509918e-05
666200000,-0.001543911503,-0.0005684193056,7.846574838e-06,-1.2614274e-05
666300000,-0.001232198166,0.0003694864994,4.610642311e-06,-1.348958563e-05
666400000,-0.0005302583206,0.001097770112,1.540376703e-06,-1.369402907e-05
666500000,0.0004341000487,0.001462162314,-1.310820852e-06,-1.339590335e-05
666600000,0.001476922943,0.001380094434,-3.967934876e-06,-1.271026005e-05
666700000,0.002395661425,0.0008584099122,-6.487158603e-06,-1.16723804e-05
666800000,0.003010711003,-7.454318965e-06,-8.903185477e-06,-1.023890075e-05
666900000,0.003202286778,-0.001052646945,-1.118482192e-05,-8.315633841e-06
667000000,0.002934968747,-0.002076450643,-1.321071216e-05,-5.804831236e-06
667100000,0.002264826061,-0.002883226271,-1.477225951e-05,-2.659973757e-06
667200000,0.001327654742,-0.003322248605,-1.560450996e-05,1.065821475e-06
667300000,0.0003107911067,-0.00331816387,-1.543921121e-05,5.190584953e-06
667400000,-0.0005856184338,-0.002885751867,-1.406890131e-05,9.402297486e-06
667500000,-0.001189810912,-0.002125946101,-1.140789027e-05,1.328852797e-05
667600000,-0.001393464645,-0.0012039793,-7.536043591e-06,1.639296103e-05
667700000,-0.001173301688,-0.0003142660417,-2.714382367e-06,1.828880509e-05
667800000,-0.000594735594,0.0003605768946,2.632949352e-06,1.86550084e-05
667900000,0.0002031564325,0.0006879312939,7.968979881e-06,1.734003539e-05
668000000,0.001038112987,0.0006125389334,1.271841872e-05,1.439994697e-05
668100000,0.001724119402,0.000167254569,1.63531909e-05,1.010230235e-05
668200000,0.002111384426,-0.000535052778,1.847329249e-05,4.893985702e-06
668300000,0.002118337186,-0.001326678249,1.886790666e-05,-6.618904081e-07
668400000,0.001748820918,-0.002021919781,1.754540486e-05,-5.968791275e-06
668500000,0.001090826941,-0.002457662631,1.472683396e-05,-1.048423036e-05
668600000,0.0002970684852,-0.002528994726,1.080453564e-05,-1.37960384e-05
668700000,-0.0004484114266,-0.002212208069,6.274216582e-06,-1.567391437e-05
668800000,-0.0009704111563,-0.001570254286,1.653730256e-06,-1.608775986e-05
668900000,-0.001140888531,-0.0007394916726,-2.595950279e-06,-1.519094014e-05
669000000,-0.0009072044007,9.942791801e-05,-6.133017843e-06,-1.327350468e-05
669100000,-0.0003042417296,0.0007602958275,-8.769668151e-06,-1.069612162e-05
669200000,0.0005521929537,0.001091429205,-1.047470701e-05,-7.81887394e-06
669300000,0.001489285193,0.001008555301,-1.134589375e-05,-4.939466199e-06
669400000,0.002313369391,0.0005135047527,-1.156013898e-05,-2.252765353e-06
669500000,0.002850671056,-0.0003052541194,-1.131395367e-05,1.614496974e-07
669600000,0.002984030075,-0.001290361852,-1.076808276e-05,2.322023987e-06
669700000,0.002677868299,-0.002247865768,-1.000876758e-05,4.307058292e-06
669800000,0.001986152412,-0.002987290338,-9.033930583e-06,6.202364179e-06
669900000,0.00104167921,-0.003361084576,-7.766686745e-06,8.050949555e-06
670000000,2.892330879e-05,-0.003295195604,-6.092248806e-06,9.816275783e-06
670100000,-0.0008538790727,-0.002804384414,-3.908882712e-06,1.136873939e-05
670200000,-0.001435494078,-0.001989094681,-1.18025608e-06,1.249945012e-05
670300000,-0.001606797894,-0.001014540924,2.023978499e-06,1.295907745e-05
670400000,-0.001342911059,-7.639593911e-05,5.510101871e-06,1.25136888e-05
670500000,-0.0007077568962,0.0006397440601,8.970657901e-06,1.100537606e-05
670600000,0.0001598807335,0.0009966385791,1.202290424e-05,8.403964912e-06
670700000,0.001075850377,0.000933421769,1.426885044e-05,4.837565678e-06
670800000,0.001849464679,0.0004775087084,1.5365402e-05,5.938647658e-07
670900000,0.002323495562,-0.0002620782539,1.509054557e-05,-3.909988631e-06
671000000,0.002406910639,-0.001118518596,1.339186185e-05,-8.184524266e-06
671100000,0.002093457853,-0.001903077134,1.040688909e-05,-1.174202885e-05
671200000,0.001462196142,-0.002445445475,6.450325412e-06,-1.417376503e-05
671300000,0.0006598956537,-0.002629977805,1.969624839e-06,-1.521563234e-05
671400000,-0.0001309181146,-0.002420127788,-2.523148758e-06,-1.478966841e-05
671500000,-0.0007314470715,-0.001865903829,-6.530600828e-06,-1.301346391e-05
671600000,-0.001005198557,-0.001092779653,-9.645609855e-06,-1.017585453e-05
671700000,-0.0008874241282,-0.0002744537299,-1.160924317e-05,-6.683863962e-06
671800000,-0.0003991417017,0.000404703598,-1.234059165e-05,-2.99144258e-06
671900000,0.0003572386963,0.0007894815352,-1.193381441e-05,4.760609457e-07
672000000,0.001219735761,0.0007874297111,-1.062425184e-05,3.387225463e-06
672100000,0.002001395864,0.0003890614474,-8.731555233e-06,5.547622272e-06
672200000,0.002530288029,-0.0003296414402,-6.59214389e-06,6.913388214e-06
672300000,0.002686378497,-0.001222950318,-4.495052955e-06,7.57429185e-06
672400000,0.002427447172,-0.002105993284,-2.634046576e-06,7.711573722e-06
672500000,0.001798546785,-0.002793745781,-1.085028802e-06,7.540903992e-06
672600000,0.000923000553,-0.003140148834,1.878713094e-07,7.253585118e-06
672700000,-2.315869486e-05,-0.00306908239,1.300418718e-06,6.969077786e-06
672800000,-0.0008479113201,-0.002590654289,2.39899762e-06,6.709090826e-06
672900000,-0.001383393032,-0.001799372086,3.605972597e-06,6.398485203e-06
673000000,-0.00152100433,-0.0008545863668,4.972692801e-06,5.892184518e-06
673100000,-0.001234105498,5.267520659e-05,6.451286831e-06,5.021465067e-06
673200000,-0.0005835351776,0.0007395070342,7.892118026e-06,3.648664348e-06
673300000,0.00029519413,0.001069195732,9.068004606e-06,1.71742202e-06
673400000,0.001220319679,0.0009795709516,9.720301306e-06,-7.135413547e-07
673500000,0.002001888722,0.0004956953287,9.616981281e-06,-3.461590329e-06
673600000,0.002481452835,-0.0002757533428,8.610015082e-06,-6.239388579e-06
673700000,0.002565055071,-0.001169205297,6.679230817e-06,-8.699168431e-06
673800000,0.002242582912,-0.001995228007,3.952488179e-06,-1.049355387e-05
673900000,0.001589432014,-0.002580473271,6.968536998e-07,-1.134068936e-05
674000000,0.000750153874,-0.002804119382,-2.718498116e-06,-1.108024898e-05
674100000,-9.243905779e-05,-0.002623126444,-5.880987826e-06,-9.708550398e-06
674200000,-0.0007561669002,-0.0020809869,-8.403670837e-06,-7.385139401e-06
674300000,-0.001098141543,-0.001298143977,-9.991068988e-06,-4.408978753e-06
674400000,-0.001045011586,-0.0004461305119,-1.048877521e-05,-1.168566169e-06
674500000,-0.0006083995805,0.0002890733845,-9.907037136e-06,1.924375861e-06
674600000,0.0001177198503,0.0007466854285,-8.413776951e-06,4.504659684e-06
674700000,0.0009771221981,0.0008253615549,-6.298688228e-06,6.313202999e-06
674800000,0.001784632467,0.0005047786255,-3.915877221e-06,7.234919923e-06
674900000,0.002365546652,-0.0001500023329,-1.616776825e-06,7.307943154e-06
675000000,0.002592811524,-0.001002299621,3.131234702e-07,6.703095645e-06
675100000,0.002414084157,-0.00187276685,1.7011827e-06,5.678608882e-06
675200000,0.001862945771,-0.002577392746,2.509179135e-06,4.520067995e-06
675300000,0.001051906562,-0.002966488113,2.825977253e-06,3.478420358e-06
675400000,0.0001486959946,-0.002956403169,2.83380104e-06,2.719033674e-06
675500000,-0.0006591305506,-0.00254726605,2.756104968e-06,2.292221893e-06
675600000,-0.001203770397,-0.001822998567,2.798772328e-06,2.130932756e-06
675700000,-0.001372561136,-0.0009336191839,3.097594262e-06,2.07541933e-06
675800000,-0.001131696004,-6.359042542e-05,3.68345304e-06,1.918944951e-06
675900000,-0.0005332624894,0.0006070841188,4.47269251e-06,1.46411413e-06
676000000,0.0002958684976,0.0009407815709,5.284656076e-06,5.772148028e-07
676100000,0.0011809364,0.0008711845236,5.88248213e-06,-7.715461232e-07
676200000,0.001936266633,0.0004171029642,6.028218996e-06,-2.490950773e-06
676300000,0.002404500614,-0.0003217138513,5.540218643e-06,-4.378857709e-06
676400000,0.002489782623,-0.001185872473,4.340241825e-06,-6.157651764e-06
676500000,0.002177889987,-0.001990217393,2.479860715e-06,-7.527778708e-06
676600000,0.001539059386,-0.002563121142,1.401153814e-07,-8.228175621e-06
676700000,0.0007129254405,-0.002782863647,-2.395963137e-06,-8.090870851e-06
676800000,-0.0001212266873,-0.002603403183,-4.792607423e-06,-7.078186165e-06
676900000,-0.0007825869111,-0.002064091486,-6.722375316e-06,-5.294578512e-06
677000000,-0.001127247644,-0.001281287913,-7.926534069e-06,-2.970444305e-06
677100000,-0.001078799757,-0.0004236600337,-8.262396369e-06,-4.210569129e-07
677200000,-0.0006446289758,0.000323592218,-7.727949844e-06,2.011015801e-06
677300000,8.552381953e-05,0.0007980154852,-6.458855012e-06,4.018251224e-06
677400000,0.000958421998,0.0008943811379,-4.698639287e-06,5.38256532e-06
677500000,0.001789617487,0.0005870843476,-2.748472648e-06,6.010780112e-06
677600000,0.002402338068,-6.425462194e-05,-9.071053298e-07,5.944203473e-06
677700000,0.002664773462,-0.00092715679,5.864986207e-07,5.340816403e-06
677800000,0.002517904983,-0.001824000854,1.59598807e-06,4.434304664e-06
677900000,0.001988025348,-0.002569243029,2.107245333e-06,3.478987546e-06
678000000,0.001181324858,-0.003008300515,2.221118651e-06,2.692575159e-06
678100000,0.0002616969755,-0.00304991725,2.121317754e-06,2.209027845e-06
678200000,-0.0005835537937,-0.002685210125,2.024791778e-06,2.051534571e-06
678300000,-0.001182876915,-0.001989402923,2.125600977e-06,2.131257723e-06
678400000,-0.001416268932,-0.001105902895,2.544634444e-06,2.27193997e-06
678500000,-0.001240166071,-0.0002160939053,3.296238647e-06,2.254911806e-06
678600000,-0.0006962099892,0.0004987722859,4.279184224e-06,1.874651265e-06
678700000,9.79354842e-05,0.0008955427348,5.29418456e-06,9.927552823e-07
678800000,0.000973749417,0.0008989788275,6.084492937e-06,-4.215332432e-07
678900000,0.001747658068,0.0005171375665,6.391146816e-06,-2.273300216e-06
679000000,0.002259888044,-0.0001609089113,6.011243103e-06,-4.350774224e-06
679100000,0.002408135062,-0.0009845022314,4.846886819e-06,-6.359670093e-06
679200000,0.002168916467,-0.001773826288,2.934311951e-06,-7.976367565e-06
679300000,0.001602091689,-0.002358427976,4.467356435e-07,-8.909237503e-06
679400000,0.0008376131627,-0.002613629401,-2.330078782e-06,-8.955662644e-06
679500000,4.735121765e-05,-0.002487081462,-5.044943427e-06,-8.043128101e-06
679600000,-0.0005919860082,-0.002009810771,-7.341775287e-06,-6.24599962e-06
679700000,-0.0009369220735,-0.001289418841,-8.921519494e-06,-3.774580809e-06
679800000,-0.0009081503094,-0.0004868979995,-9.593211184e-06,-9.386999525e-07
679900000,-0.000507746929,0.000217981661,-9.304214404e-06,1.906760765e-06
680000000,0.0001810034141,0.0006653317705,-8.144011461e-06,4.423389241e-06
680100000,0.001011127341,0.000749618649,-6.321374576e-06,6.345534211e-06
680200000,0.001803099717,0.0004426199029,-4.120184824e-06,7.520353835e-06
680300000,0.002382987515,-0.0002000087356,-1.843435089e-06,7.924161592e-06
680400000,0.002619518799,-0.001049949414,2.428210282e-07,7.652664269e-06
680500000,0.002452237957,-0.001932852447,1.954081871e-06,6.888172639e-06
680600000,0.001904803956,-0.002664764848,3.211763396e-06,5.851621988e-06
680700000,0.001080628195,-0.003090688199,4.043017683e-06,4.750268626e-06
680800000,0.0001417660698,-0.003117163019,4.557065092e-06,3.732603279e-06
680900000,-0.0007245101868,-0.002732044199,4.904167601e-06,2.860218948e-06
681000000,-0.001344454543,-0.002007327748,5.227065133e-06,2.102491847e-06
681100000,-0.001593800233,-0.001084444064,5.616237265e-06,1.354821246e-06
681200000,-0.001423411419,-0.0001451023877,6.079419699e-06,4.759279984e-07
681300000,-0.0008692854093,0.0006262106229,6.53260591e-06,-6.645421107e-07
681400000,-4.483564674e-05,0.001080236029,6.814989315e-06,-2.13921415e-06
681500000,0.0008829056449,0.001133510514,6.724974307e-06,-3.928024655e-06
681600000,0.001728160744,0.0007851181498,6.069646499e-06,-5.903694673e-06
681700000,0.002325031688,0.0001161456316,4.716959105e-06,-7.841883258e-06
681800000,0.002561767105,-0.0007280076059,2.639039116e-06,-9.454966727e-06
681900000,0.002403476575,-0.001568706449,-6.336311885e-08,-1.04432462e-05
682000000,0.001898532367,-0.00223196297,-3.161493616e-06,-1.055349417e-05
682100000,0.001167344437,-0.002585102641,-6.325371419e-06,-9.632938572e-06
682200000,0.0003759294416,-0.002564445521,-9.172393028e-06,-7.667442384e-06
682300000,-0.0003000735144,-0.002188139609,-1.132885905e-05,-4.795641955e-06
682400000,-0.0007132509211,-0.00155144385,-1.249273853e-05,-1.295540944e-06
682500000,-0.0007760379314,-0.0008055039018,-1.248558609e-05,2.454459434e-06
682600000,-0.0004793591517,-0.0001241932972,-1.128359063e-05,6.03301282e-06
682700000,0.0001056884988,0.0003338537786,-9.021834177e-06,9.041016885e-06
682800000,0.0008434508348,0.0004598662756,-5.971125314e-06,1.116231447e-05
682900000,0.001563262474,0.0002187888952,-2.492151791e-06,1.220868258e-05
683000000,0.002096577312,-0.0003427480322,1.023936428e-06,1.214114281e-05
683100000,0.002313723195,-0.001106046736,4.216937853e-06,1.106445082e-05
683200000,0.002152414324,-0.001905492448,6.809353345e-06,9.197002753e-06
683300000,0.001631927552,-0.002563871239,8.639133543e-06,6.823213752e-06
683400000,0.0008499119984,-0.002930337258,9.668237002e-06,4.238687108e-06
683500000,-3.750531609e-05,-0.002912964736,9.966953489e-06,1.699546031e-06
683600000,-0.0008481196536,-0.002498984374,9.678964673e-06,-6.140438098e-07
683700000,-0.0014117253,-0.001758419662,8.975958561e-06,-2.613553122e-06
683800000,-0.00160585986,-0.0008303436669,8.012488576e-06,-4.295103103e-06
683900000,-0.001381715083,0.0001053719918,6.891302178e-06,-5.712983371e-06
684000000,-0.0007747893249,0.0008649122036,5.646687113e-06,-6.941087988e-06
684100000,0.0001019434347,0.001298288214,4.249096144e-06,-8.032235604e-06
684200000,0.00108092257,0.001320157139,2.629354004e-06,-8.985660284e-06
684300000,0.001974180536,0.0009272867785,7.162028288e-07,-9.730992846e-06
684400000,0.002611703334,0.0001990490477,-1.522208357e-06,-1.013323308e-05
684500000,0.002875999235,-0.0007191401864,-4.043352915e-06,-1.001837265e-05
684600000,0.002725697632,-0.001645967493,-6.711085821e-06,-9.214517007e-06
684700000,0.002203287721,-0.002401656771,-9.298032056e-06,-7.5996163e-06
684800000,0.001425417328,-0.00284487269,-1.151083221e-05,-5.145068111e-06
684900000,0.0005578211923,-0.002901380804,-1.303443675e-05,-1.944912385e-06
685000000,-0.0002198249775,-0.002578477641,-1.358731379e-05,1.776970982e-06
685100000,-0.0007517035041,-0.001962195321,-1.297674725e-05,5.684878236e-06
685200000,-0.0009383193696,-0.001197921339,-1.114294073e-05,9.372577339e-06
685300000,-0.0007567676512,-0.0004585893664,-8.182526524e-06,1.242109513e-05
685400000,-0.0002645299416,9.275806923e-05,-4.345939097e-06,1.446266719e-05
685500000,0.0004139637524,0.000338031176,-8.162205879e-09,1.523903813e-05
685600000,0.001115086833,0.0002292811625,4.382435502e-06,1.464319187e-05
685700000,0.001672094367,-0.0002013668403,8.368167804e-06,1.273668413e-05
685800000,0.001951755431,-0.0008491429637,1.154748913e-05,9.739412518e-06
685900000,0.001883652438,-0.001559799724,1.363012541e-05,5.993939533e-06
686000000,0.001475842722,-0.00216351172,1.447228071e-05,1.911303622e-06
686100000,0.0008135150454,-0.002512201491,1.40863232e-05,-2.091363917e-06
686200000,4.092972698e-05,-0.002512259089,1.262439781e-05,-5.649826266e-06
686300000,-0.0006694848523,-0.002145623517,1.03404596e-05,-8.497813135e-06
686400000,-0.001154265098,-0.001474697989,7.539235198e-06,-1.049081571e-05
686500000,-0.001294344431,-0.0006300317154,4.522794696e-06,-1.160580181e-05
686600000,-0.001041235628,0.0002166285739,1.545335317e-06,-1.19190395e-05
686700000,-0.0004283955724,0.0008882171718,-1.21549643e-06,-1.156859188e-05
686800000,0.0004346480701,0.001239585447,-3.666364958e-06,-1.071089795e-05
686900000,0.00138419132,0.00118825764,-5.785461831e-06,-9.481610813e-06
687000000,0.00223569318,0.0007322498431,-7.594081615e-06,-7.969402358e-06
687100000,0.002821600653,-4.878150029e-05,-9.120798516e-06,-6.208113765e-06
687200000,0.003025780512,-0.001009308746,-1.036792503e-05,-4.188180639e-06
687300000,0.002807400716,-0.001967345031,-1.128918398e-05,-1.883671144e-06
687400000,0.00220930838,-0.002741394046,-1.178476608e-05,7.124497466e-07
687500000,0.001349176459,-0.003187274508,-1.171578999e-05,3.554263184e-06
687600000,0.0003952703924,-0.003227188163,-1.093554287e-05,6.519398037e-06
687700000,-0.000468119261,-0.002865014664,-9.330774199e-06,9.403242788e-06
687800000,-0.00107838261,-0.002184682381,-6.863646082e-06,1.193416864e-05
687900000,-0.001327583344,-0.001331991224,-3.604306817e-06,1.380838682e-05
688000000,-0.001183869014,-0.0004837213427,2.543869014e-07,1.473856282e-05
688100000,-0.0006968521935,0.0001894722194,4.405025581e-06,1.45069598e-05
688200000,1.411748461e-05,0.0005585686189,8.457079213e-06,1.301241599e-05
688300000,0.0007862629204,0.0005626153358,1.198716289e-05,1.030121513e-05
688400000,0.001448656025,0.000220524211,1.459965123e-05,6.574756618e-06
688500000,0.001858939215,-0.0003742289515,1.598677047e-05,2.171305274e-06
688600000,0.001933658541,-0.001074819117,1.597707667e-05,-2.475890455e-06
688700000,0.001665737012,-0.001713618654,1.456323777e-05,-6.897203878e-06
688800000,0.001125369908,-0.002139065392,1.190387633e-05,-1.065176781e-05
688900000,0.0004441822352,-0.002248914295,8.29912298e-06,-1.338767801e-05
689000000,-0.0002139134543,-0.002012714736,4.144482924e-06,-1.488678464e-05
689100000,-0.0006888615382,-0.001478677777,-1.283724491e-07,-1.508663731e-05
689200000,-0.000859812254,-0.0007634611828,-4.113013717e-06,-1.407661637e-05
689300000,-0.0006720587493,-2.707481885e-05,-7.480909681e-06,-1.207025344e-05
689400000,-0.0001497650498,0.0005616997821,-1.001647507e-05,-9.360202723e-06
689500000,0.0006082559021,0.000861960433,-1.162945754e-05,-6.265371536e-06
689600000,0.001448826517,0.0007915653572,-1.234431509e-05,-3.080755547e-06
689700000,0.002196444062,0.0003456527611,-1.22708494e-05,-3.937926974e-08
689800000,0.00269028412,-0.0004011508834,-1.156393073e-05,2.70730099e-06
689900000,0.002818344781,-0.001309322597,-1.038195068e-05,5.088437637e-06
690000000,0.002541531408,-0.002202780814,-8.853329184e-06,7.094738654e-06
690100000,0.00190261285,-0.002905035143,-7.058089637e-06,8.747658428e-06
690200000,0.001018160115,-0.003275590726,-5.027735166e-06,1.006554303e-05
690300000,5.513740401e-05,-0.003239011758,-2.762251204e-06,1.103582195e-05
690400000,-0.0008029877809,-0.00280059209,-2.589927097e-07,1.160067059e-05
690500000,-0.001393573982,-0.002045377326,2.454623153e-06,1.166023415e-05
690600000,-0.001607825803,-0.001120748861,5.293688963e-06,1.109324599e-05
690700000,-0.001412658498,-0.0002061976074,8.101641044e-06,9.790629331e-06
690800000,-0.0008568850691,0.0005234230108,1.065444664e-05,7.694375926e-06
690900000,-6.046860933e-05,0.0009335203234,1.268412137e-05,4.832378956e-06
691000000,0.0008108873046,0.0009568526911,1.391812085e-05,1.340330045e-06
691100000,0.001580475057,0.0006064590455,1.412735821e-05,-2.535796316e-06
691200000,0.002097356993,-2.823700081e-05,1.317327766e-05,-6.459247793e-06
691300000,0.002267456626,-0.0008012819175,1.104408136e-05,-1.004199283e-05
691400000,0.002072439065,-0.001541777884,7.871965953e-06,-1.289793385e-05
691500000,0.001572428488,-0.002090489927,3.926732667e-06,-1.470046993e-05
691600000,0.000892034344,-0.002333696395,-4.143167224e-07,-1.523381544e-05
691700000,0.0001927073291,-0.002227086503,-4.715631195e-06,-1.442838714e-05
691800000,-0.0003626369448,-0.001804628616,-8.543437509e-06,-1.23734438e-05
691900000,-0.0006451344042,-0.001170545683,-1.152600235e-05,-9.304424469e-06
692000000,-0.0005880078802,-0.0004761536339,-1.340350191e-05,-5.567218776e-06
692100000,-0.0002011086898,0.0001134348961,-1.405888373e-05,-1.565943682e-06
692200000,0.0004311464992,0.0004555674985,-1.352480238e-05,2.296182853e-06
692300000,0.001167986103,0.000461468276,-1.19663322e-05,5.672190973e-06
692400000,0.001842720286,0.0001160621174,-9.643760644e-06,8.313288889e-06
692500000,0.002298869682,-0.0005180488541,-6.863411954e-06,1.009066038e-05
692600000,0.002424246969,-0.001313314387,-3.926413682e-06,1.099460955e-05
692700000,0.002175704898,-0.002103961034,-1.0852264e-06,1.111310957e-05
692800000,0.001589267108,-0.002721028979,1.484332272e-06,1.059582308e-05
692900000,0.0007734734533,-0.003028283966,3.691450671e-06,9.612286682e-06
693000000,-0.0001126692538,-0.0029513981,5.519303879e-06,8.313670407e-06
693100000,-0.0008924919236,-0.002494230638,6.999038366e-06,6.806223647e-06
693200000,-0.001408328205,-0.001738769385,8.176229226e-06,5.141515735e-06
693300000,-0.001554346962,-0.0008287327584,9.078648139e-06,3.324546433e-06
693400000,-0.001298676717,5.974223494e-05,9.693567688e-06,1.336623346e-06
693500000,-0.0006901984313,0.0007542047451,9.960390943e-06,-8.335115899e-07
693600000,0.0001514071924,0.001121256352,9.780682534e-06,-3.158738669e-06
693700000,0.001060275463,0.001093811596,9.043508141e-06,-5.551235481e-06
693800000,0.001858498107,0.0006845838674,7.660278279e-06,-7.855301405e-06
693900000,0.002392667562,-1.699485747e-05,5.600853396e-06,-9.858464513e-06
694000000,0.002565206418,-0.0008637535346,2.922040597e-06,-1.131984874e-05
694100000,0.002353954585,-0.001681672623,-2.190517829e-07,-1.201076729e-05
694200000,0.001815943675,-0.002306205245,-3.57130743e-06,-1.175951156e-05
694300000,0.001074602611,-0.002616408631,-6.815962524e-06,-1.049098221e-05
694400000,0.0002931200626,-0.002559723204,-9.609170988e-06,-8.252463849e-06
694500000,-0.0003603932816,-0.002162204229,-1.163334359e-05,-5.219363631e-06
694600000,-0.0007485656952,-0.001522081713,-1.264773731e-05,-1.678606656e-06
694700000,-0.0007936955906,-0.0007880536799,-1.252860992e-05,2.008189556e-06
694800000,-0.000493827428,-0.0001269579834,-1.129107633e-05,5.455570524e-06
694900000,7.741869297e-05,0.0003122740968,-9.088245819e-06,8.310076663e-06
695000000,0.0007871930802,0.0004306896329,-6.187581663e-06,1.030093729e-05
695100000,0.001472417566,0.000200570429,-2.928814836e-06,1.1276476e-05
695200000,0.001975222434,-0.0003286527122,3.28736845e-07,1.121986688e-05
695300000,0.002177231365,-0.001041073647,3.259658882e-06,1.024192349e-05
695400000,0.002025361106,-0.001779273975,5.616992112e-06,8.553065047e-06
695500000,0.001543623386,-0.002378228776,7.260084475e-06,6.420573955e-06
695600000,0.0008284109481,-0.002700907127,8.161486981e-06,4.119927698e-06
695700000,2.827413e-05,-0.002667968574,8.392927981e-06,1.889827467e-06
695800000,-0.0006875047425,-0.002275225357,8.094578538e-06,-1.005923546e-07
695900000,-0.001164856995,-0.001595151419,7.43502729e-06,-1.766738198e-06
696000000,-0.001297762807,-0.0007621116685,6.570965221e-06,-3.104018122e-06
696100000,-0.001051017679,5.556514634e-05,5.61523564e-06,-4.166280092e-06
696200000,-0.0004681134278,0.0006907697311,4.619736719e-06,-5.03326901e-06
696300000,0.0003374324454,0.00101263014,3.576160719e-06,-5.775316087e-06
696400000,0.001205474709,0.0009539901862,2.433480734e-06,-6.423825317e-06
696500000,0.001962445964,0.0005255722461,1.12733155e-06,-6.954599606e-06
696600000,0.00245739671,-0.0001861457105,-3.862175131e-07,-7.288000573e-06
696700000,0.002593310642,-0.001036887076,-2.100970398e-06,-7.306031399e-06
696800000,0.002347134862,-0.001854594956,-3.942556824e-06,-6.882520954e-06
696900000,0.001774336607,-0.002475213031,-5.767008105e-06,-5.919517291e-06
697000000,0.0009970460689,-0.002776725269,-7.377233313e-06,-4.381434217e-06
697100000,0.0001782895906,-0.002704319449,-8.554654013e-06,-2.318777678e-06
697200000,-0.0005122621526,-0.002281405749,-9.099786207e-06,1.246449319e-07
697300000,-0.0009338240668,-0.001604196327,-8.873387499e-06,2.723696694e-06
697400000,-0.001003830436,-0.0008210119192,-7.829389497e-06,5.20166637e-06
697500000,-0.0007149058957,-0.0001006991052,-6.032307771e-06,7.272579644e-06
697600000,-0.0001359168671,0.0004031625686,-3.654865293e-06,8.688057587e-06
697700000,0.000603089799,0.0005846981907,-9.555479847e-07,9.279574582e-06
697800000,0.00133884774,0.0004079677111,1.760098745e-06,8.987721557e-06
697900000,0.001909790666,-8.569913622e-05,4.187281626e-06,7.872578406e-06
698000000,0.002190520001,-0.0007867932849,6.069834371e-06,6.103027843e-06
698100000,0.00211851126,-0.001541189861,7.239061568e-06,3.927029493e-06
698200000,0.001707401495,-0.002183164686,7.636264162e-06,1.628650315e-06
698300000,0.001044051958,-0.002570842149,7.314945778e-06,-5.197654222e-07
698400000,0.0002700261245,-0.00261654294,6.422781994e-06,-2.301037617e-06
698500000,-0.0004485691421,-0.002305589776,5.167466486e-06,-3.583980503e-06
698600000,-0.0009564652845,-0.001699585784,3.773695493e-06,-4.336093065e-06
698700000,-0.001142321174,-0.0009234799544,2.440170509e-06,-4.616373122e-06
698800000,-0.0009624995005,-0.0001391744565,1.305266361e-06,-4.550611864e-06
698900000,-0.0004504938374,0.0004887212008,4.279941069e-07,-4.295066509e-06
699000000,0.0002899828434,0.0008277275402,-2.12475427e-07,-3.996664436e-06
699100000,0.001106775012,0.0008055470233,-6.99453444e-07,-3.758404434e-06
699200000,0.001831310086,0.0004253992281,-1.148041808e-06,-3.617300138e-06
699300000,0.002314094738,-0.0002345952751,-1.66837649e-06,-3.539354192e-06
699400000,0.002456178749,-0.001037841992,-2.331256423e-06,-3.432277005e-06
699500000,0.002229943034,-0.001818030333,-3.143970305e-06,-3.172778884e-06
699600000,0.001684829305,-0.002414141154,-4.041824631e-06,-2.642094644e-06
699700000,0.0009368122098,-0.00270430814,-4.897397815e-06,-1.761615263e-06
699800000,0.0001438488649,-0.002631384391,-5.545645042e-06,-5.204747199e-07
699900000,-0.0005274990671,-0.002214822006,-5.819489623e-06,1.011329738e-06
700000000,-0.0009372138853,-0.001546367131,-5.588201928e-06,2.687592943e-06
700100000,-0.001001314368,-0.0007704942592,-4.790181863e-06,4.307812658e-06
700200000,-0.0007094660229,-5.372807974e-05,-3.452869499e-06,5.652106233e-06
700300000,-0.0001269989007,0.0004506531446,-1.69517448e-06,6.522046551e-06
700400000,0.0006190783173,0.0006350678622,2.885277343e-07,6.778988892e-06
700500000,0.001367096296,0.0004603787292,2.259910645e-06,6.371898282e-06
700600000,0.001955052086,-3.586195224e-05,3.977528894e-06,5.348812509e-06
700700000,0.002254983506,-0.000747398973,5.238796138e-06,3.84944062e-06
700800000,0.002200126519,-0.001521792252,5.914668569e-06,2.080291009e-06
700900000,0.001799122959,-0.002192697762,5.970090695e-06,2.773273779e-07
701000000,0.001134286279,-0.002615086106,5.466204664e-06,-1.336292241e-06
701100000,0.0003443016609,-0.002695960149,4.544095983e-06,-2.588863306e-06
701200000,-0.0004049781294,-0.002414090563,3.393653282e-06,-3.387446899e-06
701300000,-0.0009554714995,-0.00182461221,2.214159329e-06,-3.728538604e-06
701400000,-0.001190168513,-0.001047522471,1.174869808e-06,-3.69029609e-06
701500000,-0.001057773846,-0.0002425187973,3.83736935e-07,-3.408390058e-06
701600000,-0.0005835063738,0.0004245096242,-1.293746196e-07,-3.040945981e-06
701700000,0.0001362062692,0.0008162681077,-4.117634321e-07,-2.730273272e-06
701800000,0.0009540027932,0.0008527913926,-5.698306978e-07,-2.56967031e-06
701900000,0.001702543955,0.0005280815716,-7.380989271e-07,-2.582430527e-06
702000000,0.002229612906,-8.88406012e-05,-1.042256964e-06,-2.717509133e-06
702100000,0.002429956324,-0.0008686710288,-1.564424269e-06,-2.862710168e-06
702200000,0.002267155767,-0.001649213717,-2.318329805e-06,-2.872482726e-06
702300000,0.001780927729,-0.002269627934,-3.23996961e-06,-2.604270189e-06
702400000,0.001078332195,-0.002604284906,-4.195996228e-06,-1.955499932e-06
702500000,0.0003107740017,-0.002589073324,-5.008303587e-06,-8.931226009e-07
702600000,-0.0003583106664,-0.002234594532,-5.489802868e-06,5.308552945e-07
702700000,-0.0007882170476,-0.001623469546,-5.483968593e-06,2.181479683e-06
702800000,-0.000890800924,-0.0008923531834,-4.899876913e-06,3.860539569e-06
702900000,-0.0006490425475,-0.0002024989197,-3.735337804e-06,5.340095043e-06
703000000,-0.0001204121283,0.0002948501156,-2.083152359e-06,6.403191183e-06
703100000,0.0005756611945,0.0004908725244,-1.189932657e-07,6.883587318e-06
703200000,0.001283532735,0.0003424844192,1.926817329e-06,6.696513682e-06
703300000,0.001844805782,-0.000118397125,3.808063477e-06,5.854307988e-06
703400000,0.002132386936,-0.0007916062055,5.304228276e-06,4.463891423e-06
703500000,0.00207788708,-0.001530052838,6.256706145e-06,2.7067618e-06
703600000,0.0016865436,-0.002171083996,6.592600742e-06,8.057309627e-07
703700000,0.001036494484,-0.002571220631,6.331704777e-06,-1.014726654e-06
703800000,0.0002625555681,-0.002636903388,5.575773046e-06,-2.566462377e-06
703900000,-0.0004720676057,-0.002344734467,4.482856035e-06,-3.726432688e-06
704000000,-0.001010156315,-0.001746932618,3.232489601e-06,-4.450799676e-06
704100000,-0.001233690367,-0.0009608454951,1.989304834e-06,-4.772077165e-06
704200000,-0.001088898449,-0.0001447250426,8.727694807e-07,-4.78067588e-06
704300000,-0.0005978788816,0.0005351416685,-6.071865555e-08,-4.595492053e-06
704400000,0.0001456476,0.0009390458453,-8.199648218e-07,-4.33044118e-06
704500000,0.0009955584689,0.0009829593263,-1.465416685e-06,-4.064589381e-06
704600000,0.00178349233,0.0006560364579,-2.083441413e-06,-3.82262827e-06
704700000,0.002353637383,2.28635156e-05,-2.754635831e-06,-3.570077641e-06
704800000,0.002594868103,-0.0007899995573,-3.523673092e-06,-3.224294747e-06
704900000,0.002463515002,-0.001620352216,-4.377863414e-06,-2.67883021e-06
705000000,0.00199201879,-0.002304034433,-5.239716841e-06,-1.83565779e-06
705100000,0.001281681277,-0.002708891879,-5.975745448e-06,-6.379650675e-07
705200000,0.0004810635749,-0.002761903743,-6.420180544e-06,9.040782652e-07
705300000,-0.0002454006454,-0.002463790274,-6.408965813e-06,2.700793895e-06
705400000,-0.0007519481127,-0.001888054643,-5.817026827e-06,4.587213497e-06
705500000,-0.0009418900142,-0.001164699598,-4.590917444e-06,6.344045904e-06
705600000,-0.0007874575903,-0.0004521017268,-2.769702991e-06,7.731847321e-06
705700000,-0.0003349087006,9.696295304e-05,-4.892089244e-07,8.531997256e-06
705800000,0.0003061529378,0.0003679063005,2.031925258e-06,8.586529158e-06
705900000,0.0009869329126,0.0003085893119,4.522279524e-06,7.828938685e-06
706000000,0.001551890096,-5.99038012e-05,6.698403311e-06,6.299783915e-06
706100000,0.001872516112,-0.0006482574967,8.308727138e-06,4.143852972e-06
706200000,0.001875215318,-0.001318590056,9.172426718e-06,1.589294437e-06
706300000,0.001557317146,-0.001914561397,9.206036866e-06,-1.0873619e-06
706400000,0.0009877964776,-0.002295462103,8.433065099e-06,-3.603647197e-06
706500000,0.0002925520172,-0.00236697673,6.975240375e-06,-5.713058501e-06
706600000,-0.0003726064539,-0.002102033457,5.027646846e-06,-7.2387046e-06
706700000,-0.0008554908648,-0.001547277235,2.823089833e-06,-8.092805597e-06
706800000,-0.001040435404,-0.0008137747037,5.929890477e-07,-8.279151685e-06
706900000,-0.0008735590537,-5.391572251e-05,-1.467494112e-06,-7.879141044e-06
707000000,-0.0003750182363,0.0005705980865,-3.223574263e-06,-7.025314095e-06
707100000,0.0003643580425,0.0009229108262,-4.610193386e-06,-5.868695942e-06
707200000,0.001201356685,0.0009201101986,-5.625878046e-06,-4.54726221e-06
707300000,0.001969759595,0.0005511402521,-6.313725014e-06,-3.162266173e-06
707400000,0.002514660689,-0.0001202362881,-6.734840601e-06,-1.767154318e-06
707500000,0.002724546431,-0.0009680540361,-6.941044158e-06,-3.708041315e-07
707600000,0.002554445433,-0.001829711476,-6.953608466e-06,1.046501406e-06
707700000,0.002035325831,-0.00253916289,-6.7532714e-06,2.50887151e-06
707800000,0.00126779077,-0.00296082838,-6.284058796e-06,4.01878086e-06
707900000,0.0004013946296,-0.003017171936,-5.470198925e-06,5.536077955e-06
708000000,-0.0003961029906,-0.002704221563,-4.242295977e-06,6.967806401e-06
708100000,-0.0009731329099,-0.002091821965,-2.566643034e-06,8.172228864e-06
708200000,-0.001225189055,-0.001308598007,-4.705972109e-07,8.977260975e-06
708300000,-0.001115743169,-0.0005148042494,1.942469855e-06,9.210229609e-06
708400000,-0.0006828533986,0.0001312255818,4.493105219e-06,8.733176726e-06
708500000,-3.012380287e-05,0.0005059703695,6.942003704e-06,7.476421932e-06
708600000,0.0006960315641,0.0005460336826,9.020515818e-06,5.463110965e-06
708700000,0.001337972462,0.0002605556243,1.047032721e-05,2.819030228e-06
708800000,0.001760540819,-0.0002718631964,1.108510486e-05,-2.352481895e-07
708900000,0.001879717726,-0.000921021746,1.074624893e-05,-3.409377879e-06
709000000,0.001680129083,-0.001533907669,9.44582439e-06,-6.38148802e-06
709100000,0.00121768268,-0.001968224813,7.292091006e-06,-8.843094344e-06
709200000,0.0006068041742,-0.002123454355,4.49633194e-06,-1.054272703e-05
709300000,-4.956405673e-06,-0.001962775707,1.343231671e-06,-1.132053835e-05
709400000,-0.0004694647531,-0.001521139687,-1.849847688e-06,-1.112788881e-05
709500000,-0.000670674408,-0.0008977655682,-4.77732219e-06,-1.002881685e-05
709600000,-0.0005503951264,-0.0002346817459,-7.185662777e-06,-8.183774736e-06
709700000,-0.0001216127731,0.0003140767141,-8.902611758e-06,-5.819351934e-06
709800000,0.0005335074335,0.0006160055597,-9.850828042e-06,-3.190229763e-06
709900000,0.001280522137,0.0005892231964,-1.004465448e-05,-5.408169917e-07
710000000,0.001960925967,0.0002208989668,-9.572066283e-06,1.926316358e-06
710100000,0.00242569565,-0.0004289196116,-8.566688726e-06,4.069860096e-06
710200000,0.002567059882,-0.001238915812,-7.176488864e-06,5.814501386e-06
710300000,0.002341783408,-0.002051123015,-5.536015206e-06,7.141674872e-06
710400000,0.001781053967,-0.002703396084,-3.74785607e-06,8.069989108e-06
710500000,0.0009848811368,-0.003062940078,-1.876599318e-06,8.631065757e-06
710600000,0.0001021596266,-0.003053893202,4.446017671e-08,8.847276781e-06
710700000,-0.0006994609743,-0.002673213513,1.996634368e-06,8.717148459e-06
710800000,-0.001267641217,-0.001991563403,3.954281656e-06,8.212194517e-06
710900000,-0.001496282409,-0.001139010422,5.864624824e-06,7.286096165e-06
711000000,-0.00134691264,-0.0002785188374,7.634912131e-06,5.894095429e-06
711100000,-0.000856106952,0.0004272591032,9.13122601e-06,4.017884401e-06
711200000,-0.0001274268004,0.0008489937438,1.019057121e-05,1.689729819e-06
711300000,0.0006904132225,0.0009166362052,1.064476956e-05,-9.905809227e-07
711400000,0.00143457223,0.0006329418749,1.035182751e-05,-3.851099282e-06
711500000,0.001961803141,7.177551459e-05,9.228452823e-06,-6.65803946e-06
711600000,0.002177800232,-0.0006383970939,7.276722881e-06,-9.140590442e-06
711700000,0.002056025268,-0.001342311822,4.598716734e-06,-1.102659848e-05
711800000,0.001642080129,-0.001891100028,1.395070878e-06,-1.208302157e-05
711900000,0.001042751847,-0.002173826248,-2.053525211e-06,-1.215377062e-05
712000000,0.0004021120719,-0.002140671094,-5.4195362e-06,-1.118774595e-05
712100000,-0.0001301865046,-0.001812839395,-8.371193087e-06,-9.251530655e-06
712200000,-0.0004316048094,-0.001277111123,-1.061728114e-05,-6.523992352e-06
712300000,-0.0004333790433,-0.00066624476,-1.194635128e-05,-3.273409036e-06
712400000,-0.0001354232421,-0.000129480909,-1.225359911e-05,1.790031466e-07
712500000,0.0003937211524,0.0002004798785,-1.155096997e-05,3.502782568e-06
712600000,0.001031862634,0.0002368983946,-9.959209908e-06,6.401518114e-06
712700000,0.00162982724,-4.15263628e-05,-7.683947973e-06,8.648391849e-06
712800000,0.002044072495,-0.0005853222251,-4.980786364e-06,1.010830161e-05
712900000,0.002168237594,-0.00128420737,-2.116215536e-06,1.074365344e-05
713000000,0.001956860244,-0.001990231923,6.683918646e-07,1.060415915e-05
713100000,0.001436176066,-0.002549167828,3.183480214e-06,9.804037169e-06
713200000,0.0006996762987,-0.002833471335,5.304719449e-06,8.492270719e-06
713300000,-0.0001106618216,-0.00276982242,6.972106884e-06,6.82258018e-06
713400000,-0.0008335298036,-0.002355406656,8.176799653e-06,4.929338044e-06
713500000,-0.001321704899,-0.001659489478,8.940207617e-06,2.913921725e-06
713600000,-0.001472723371,-0.0008099293904,9.291290383e-06,8.433623661e-07
713700000,-0.001250392219,3.256839414e-05,9.248056163e-06,-1.239805847e-06
713800000,-0.0006926468463,0.0007071007724,8.807968214e-06,-3.300213486e-06
713900000,9.588473444e-05,0.001085331476,7.949629787e-06,-5.290279123e-06
714000000,0.0009650664295,0.00109757112,6.645266778e-06,-7.134675312e-06
714100000,0.001749787281,0.0007467697176,4.880793584e-06,-8.723609194e-06
714200000,0.002303505634,0.0001075350614,2.67823936e-06,-9.9178137e-06
714300000,0.002527845163,-0.0006895960737,1.144783594e-07,-1.056536475e-05
714400000,0.002392107598,-0.001485339465,-2.669255382e-06,-1.052756439e-05
714500000,0.001938668601,-0.002124617239,-5.47078269e-06,-9.708792141e-06
714600000,0.00127317097,-0.002488397134,-8.044336702e-06,-8.083947714e-06
714700000,0.0005416129559,-0.002517761616,-1.012985271e-05,-5.717184425e-06
714800000,-0.000100816339,-0.002225180918,-1.148947689e-05,-2.767073591e-06
714900000,-0.0005225605464,-0.001690659256,-1.19447803e-05,5.241347192e-07
715000000,-0.0006432311497,-0.001043622273,-1.140766324e-05,3.85639279e-06
715100000,-0.0004500270948,-0.0004344400892,-9.898859761e-06,6.909085519e-06
715200000,4.225013151e-07,-1.687127069e-06,-7.55013138e-06,9.383479781e-06
715300000,0.0005951420555,0.0001578507135,-4.589240276e-06,1.104310654e-05
715400000,0.001189975648,1.000088522e-05,-1.310011851e-06,1.174505918e-05
715500000,0.001641403606,-0.0004095913594,1.967418045e-06,1.145683937e-05
715600000,0.001838154522,-0.001003405494,4.939284946e-06,1.025607576e-05
715700000,0.001725807841,-0.001633408306,7.356481578e-06,8.313636611e-06
715800000,0.001319094504,-0.002151230136,9.052113538e-06,5.863708268e-06
715900000,0.0006992494446,-0.002430662769,9.954196697e-06,3.166706889e-06
716000000,-3.022555718e-06,-0.002395498367,1.008232662e-05,4.719788723e-07
716100000,-0.0006353285013,-0.002036736443,9.53024949e-06,-2.01307219e-06
716200000,-0.001056188266,-0.001415466104,8.438870365e-06,-4.142423948e-06
716300000,-0.001165511263,-0.000650788514,6.965826019e-06,-5.837009206e-06
716400000,-0.0009264692919,0.000104676976,5.258020914e-06,-7.076966701e-06
716500000,-0.000374120899,0.000696535503,3.432453494e-06,-7.883845399e-06
716600000,0.0003910513926,0.001000920966,1.568503488e-06,-8.29796838e-06
716700000,0.001223350846,0.0009505699004,-2.879061106e-07,-8.356894698e-06
716800000,0.001961600857,0.000549193444,-2.110611741e-06,-8.080321444e-06
716900000,0.002462195151,-0.0001288648903,-3.874468544e-06,-7.464997596e-06
717000000,0.002628572118,-0.0009536194255,-5.537149233e-06,-6.490680504e-06
717100000,0.002430976416,-0.001765959012,-7.026867035e-06,-5.135421953e-06
717200000,0.001912401496,-0.002410169814,-8.239970934e-06,-3.396130658e-06
717300000,0.001179488863,-0.002765696671,-9.050007418e-06,-1.308939204e-06
717400000,0.0003802957489,-0.002771537629,-9.327089442e-06,1.036277525e-06
717500000,-0.0003264184328,-0.00243820491,-8.963865691e-06,3.491779439e-06
717600000,-0.000803965397,-0.001844783596,-7.90260411e-06,5.860617523e-06
717700000,-0.0009657087937,-0.001121738032,-6.157292498e-06,7.917690646e-06
717800000,-0.0007924052103,-0.0004231049736,-3.825366869e-06,9.440053157e-06
717900000,-0.0003352946258,0.00010605644,-1.085574864e-06,1.024113992e-05
718000000,0.0002956673278,0.0003600883956,1.818817391e-06,1.020245509e-05
718100000,0.0009559039849,0.0002946121008,4.609318801e-06,9.29646783e-06
718200000,0.001497497704,-6.474940867e-05,7.009270217e-06,7.595951354e-06
718300000,0.001800989889,-0.0006286187572,8.782254873e-06,5.267496768e-06
718400000,0.001800927008,-0.001263712329,9.765041666e-06,2.549927533e-06
718500000,0.001499714296,-0.001822021284,9.889185465e-06,-2.787767972e-07
718600000,0.0009668373187,-0.002173067876,9.187522225e-06,-2.940254572e-06
718700000,0.0003236402503,-0.002232326231,7.784651003e-06,-5.193399097e-06
718800000,-0.000283061726,-0.001979722283,5.873510063e-06,-6.864332659e-06
718900000,-0.0007128732219,-0.00146425531,3.682719414e-06,-7.863779502e-06
719000000,-0.000862379396,-0.0007937556222,1.440962409e-06,-8.189433822e-06
719100000,-0.00068783641,-0.0001119703853,-6.549977918e-07,-7.913873212e-06
719200000,-0.0002151405552,0.0004321292311,-2.463071586e-06,-7.161335126e-06
719300000,0.0004650565669,0.0007162767287,-3.905867067e-06,-6.078691434e-06
719400000,0.001216056801,0.000671280297,-4.967226045e-06,-4.806823482e-06
719500000,0.001883686247,0.0002962312949,-5.677316534e-06,-3.458161022e-06
719600000,0.002328684934,-0.0003406784051,-6.090607071e-06,-2.104521803e-06
719700000,0.00245607555,-0.001115913738,-6.262337511e-06,-7.769407037e-07
719800000,0.002235319219,-0.001876038644,-6.229144855e-06,5.235568154e-07
719900000,0.001707014146,-0.002469498329,-5.998314351e-06,1.807713571e-06
720000000,0.0009747261224,-0.002778071319,-5.547980384e-06,3.077418777e-06
720100000,0.0001836618557,-0.002741397704,-4.837975366e-06,4.308243753e-06
720200000,-0.0005093465719,-0.002369448078,-3.828493774e-06,5.439878978e-06
720300000,-0.0009682604442,-0.001740329261,-2.501854448e-06,6.377356771e-06
720400000,-0.001105871576,-0.0009838973825,-8.818175089e-07,7.003428986e-06
720500000,-0.0009015957135,-0.0002546229144,9.546756107e-07,7.199848069e-06
720600000,-0.0004053110989,0.000300596301,2.876904672e-06,6.873144501e-06
720700000,0.0002735391161,0.0005729212141,4.712094853e-06,5.979276362e-06
720800000,0.0009892670805,0.0005139647065,6.267944921e-06,4.541519288e-06
720900000,0.001590759149,0.0001454039071,7.362012278e-06,2.657181691e-06
721000000,0.001953293362,-0.0004461837792,7.852369495e-06,4.909234351e-07
721100000,0.002004647617,-0.001128140957,7.663457405e-06,-1.744829432e-06
721200000,0.001739998493,-0.001750204523,6.801834777e-06,-3.819214323e-06
721300000,0.001222482611,-0.002176592219,5.358413839e-06,-5.516787566e-06
721400000,0.0005693291926,-0.002314897447,3.496389109e-06,-6.669671296e-06
721500000,-7.346863527e-05,-0.002135668094,1.426875191e-06,-7.182002453e-06
721600000,-0.0005625452971,-0.00167852575,-6.233124684e-07,-7.042155322e-06
721700000,-0.0007879342136,-0.001043543687,-2.445770281e-06,-6.320587122e-06
721800000,-0.0006966736575,-0.0003697364496,-3.880222265e-06,-5.153962534e-06
721900000,-0.0003042313207,0.000194747496,-4.834487983e-06,-3.718870786e-06
722000000,0.0003086725081,0.0005243794855,-5.291358532e-06,-2.200413753e-06
722100000,0.001013156536,0.0005431942533,-5.301690632e-06,-7.618174397e-07
722200000,0.001659542815,0.0002411976618,-4.965779053e-06,4.791672607e-07
722300000,0.002109175744,-0.0003232425688,-4.407345953e-06,1.462861946e-06
722400000,0.002263940467,-0.001035526034,-3.74582703e-06,2.187428277e-06
722500000,0.002087221857,-0.001748893365,-3.072772719e-06,2.6966877e-06
722600000,0.001611865688,-0.002315342742,-2.437105732e-06,3.059341075e-06
722700000,0.0009334591818,-0.002616845313,-1.841926332e-06,3.344644411e-06
722800000,0.0001903541621,-0.002590259404,-1.252978568e-06,3.6001986e-06
722900000,-0.0004653437707,-0.002240681494,-6.163359768e-07,3.836892803e-06
723000000,-0.000899692514,-0.001640419062,1.191236194e-07,4.02434815e-06
723100000,-0.00102500157,-0.0009138083467,9.798893297e-07,4.097812472e-06
723200000,-0.0008181693512,-0.0002110870355,1.95188347e-06,3.974875955e-06
723300000,-0.0003254103749,0.0003231617404,2.974342651e-06,3.578166295e-06
723400000,0.0003476128453,0.0005803374647,3.945251432e-06,2.858812963e-06
723500000,0.001058159335,0.0005105303817,4.737502447e-06,1.815235219e-06
723600000,0.001656551972,0.0001328301387,5.22256194e-06,5.027567404e-07
723700000,0.002017728325,-0.0004689256219,5.296706971e-06,-9.685217044e-07
723800000,0.00206754346,-0.001164050216,4.904237668e-06,-2.447662258e-06
723900000,0.001798280202,-0.00180276291,4.052598847e-06,-3.766178041e-06
724000000,0.001270104026,-0.002247930682,2.81596049e-06,-4.766171243e-06
724100000,0.0005981695285,-0.002404089515,1.326166683e-06,-5.327724712e-06
724200000,-7.188377399e-05,-0.00223761698,-2.474293217e-07,-5.390021952e-06
724300000,-0.0005948574195,-0.001783801621,-1.72541961e-06,-4.961899704e-06
724400000,-0.0008567997357,-0.001139326898,-2.947741696e-06,-4.119667992e-06
724500000,-0.0007991803305,-0.0004417711488,-3.799267058e-06,-2.992618538e-06
724600000,-0.0004313299585,0.0001595324965,-4.226600901e-06,-1.739142289e-06
724700000,0.0001714726735,0.0005351113006,-4.242924442e-06,-5.182680637e-07
724800000,0.0008838505559,0.000602762407,-3.920168331e-06,5.376770326e-07
724900000,0.001556755225,0.0003449719812,-3.370396653e-06,1.343880873e-06
725000000,0.002048882611,-0.0001873245361,-2.720463655e-06,1.873343212e-06
725100000,0.00225644334,-0.0008854224717,-2.085325799e-06,2.1548979e-06
725200000,0.002135007643,-0.001605701667,-1.545578175e-06,2.259779812e-06
725300000,0.001708823837,-0.002199821056,-1.133804396e-06,2.279937579e-06
725400000,0.001065656931,-0.002545876759,-8.323952584e-07,2.302980367e-06
725500000,0.0003382517304,-0.002573948483,-5.830158725e-07,2.389289033e-06
725600000,-0.0003236520533,-0.002280648948,-3.054077429e-07,2.556290056e-06
725700000,-0.0007848323005,-0.001729617905,7.877294478e-08,2.773302932e-06
725800000,-0.0009529627809,-0.001037874963,6.2244032e-07,2.96806854e-06
725900000,-0.0007978628417,-0.0003509360483,1.33516282e-06,3.043536865e-06
726000000,-0.0003575599351,0.0001880260784,2.174915471e-06,2.901272585e-06
726100000,0.0002700984415,0.000468439491,3.051499084e-06,2.466394676e-06
726200000,0.0009484843226,0.000435599237,3.841129691e-06,1.708604015e-06
726300000,0.001531400657,0.0001020190632,4.40930937e-06,6.546453119e-07
726400000,0.001894254819,-0.0004555235182,4.637304761e-06,-6.106727747e-07
726500000,0.001960572647,-0.001112603484,4.446757206e-06,-1.955388749e-06
726600000,0.001718225177,-0.001723880916,3.817295355e-06,-3.221227293e-06
726700000,0.001221928594,-0.00215425931,2.793442291e-06,-4.250287926e-06
726800000,0.0005814955488,-0.00230784303,1.479303723e-06,-4.912282162e-06
726900000,-6.165763505e-05,-0.0021485396,2.202955025e-08,-5.126900726e-06
727000000,-0.0005647518952,-0.001707931506,-1.412667784e-06,-4.87690108e-06
727100000,-0.000814210993,-0.001078747663,-2.66805657e-06,-4.209423811e-06
727200000,-0.0007500659072,-0.0003953202051,-3.621534575e-06,-3.225468052e-06
727300000,-0.0003790249913,0.0001948321791,-4.2024898e-06,-2.059870878e-06
727400000,0.0002265582538,0.0005622807592,-4.3995539e-06,-8.560377373e-07
727500000,0.0009436040907,0.0006232134676,-4.256176229e-06,2.593347502e-07
727600000,0.001623966561,0.0003574029221,-3.855889086e-06,1.196417385e-06
727700000,0.002125430524,-0.0001871706073,-3.300756314e-06,1.913353003e-06
727800000,0.002341526512,-0.0009040143598,-2.687852511e-06,2.416377719e-06
727900000,0.002223901641,-0.001650099322,-2.088927839e-06,2.749419014e-06
728000000,0.00179255542,-0.002275505036,-1.537616373e-06,2.975893576e-06
728100000,0.001131800301,-0.002654517225,-1.026820993e-06,3.157082525e-06
728200000,0.0003728020531,-0.002711664294,-5.166285354e-07,3.332158474e-06
728300000,-0.0003336321801,-0.002437245724,4.923520735e-08,3.504532564e-06
728400000,-0.0008483082888,-0.001889113248,7.223075243e-07,3.637770046e-06
728500000,-0.001072388183,-0.001180352224,1.528605653e-06,3.662195229e-06
728600000,-0.0009675991075,-0.0004554714709,2.453103467e-06,3.490926008e-06
728700000,-0.0005636844885,0.0001398761372,3.433326884e-06,3.04195374e-06
728800000,4.844064071e-05,0.0004892612409,4.363995556e-06,2.261470667e-06
728900000,0.0007363522724,0.0005295373811,5.112269312e-06,1.143248955e-06
729000000,0.001354414783,0.000263531015,5.540851565e-06,-2.604170857e-07
729100000,0.001774704924,-0.0002412916949,5.534446775e-06,-1.839023951e-06
729200000,0.001914000029,-0.0008678620344,5.024237881e-06,-3.435958825e-06
729300000,0.001751106106,-0.001475020769,4.005321906e-06,-4.870490963e-06
729400000,0.001330858349,-0.001928048826,2.543366052e-06,-5.965697416e-06
729500000,0.0007539676921,-0.002127692927,7.688510278e-07,-6.577099377e-06
729600000,0.0001549074177,-0.002031486206,-1.140280928e-06,-6.616577874e-06
729700000,-0.000327412506,-0.001662812601,-2.984464489e-06,-6.067031921e-06
729800000,-0.0005798970368,-0.001105786272,-4.57206642e-06,-4.985052443e-06
729900000,-0.0005399641599,-0.000487051243,-5.747195826e-06,-3.491235705e-06
730000000,-0.0002094030254,5.159931637e-05,-6.410720643e-06,-1.750164771e-06
730100000,0.0003455736397,0.0003839288668,-6.530864582e-06,5.594727075e-08
730200000,0.001008100644,0.0004267316681,-6.141888597e-06,1.754832054e-06
730300000,0.001635330012,0.0001582161981,-5.331749666e-06,3.207771578e-06
730400000,0.002088763645,-0.0003766209251,-4.221779624e-06,4.325038826e-06
730500000,0.002263821772,-0.001074785637,-2.94289569e-06,5.070803576e-06
730600000,0.002112392184,-0.001796400343,-1.613346999e-06,5.457399425e-06
730700000,0.001653595767,-0.002393703883,-3.224317693e-07,5.531069989e-06
730800000,0.0009704903322,-0.002741848368,8.768736896e-07,5.353021463e-06
730900000,0.0001933897465,-0.002765035705,1.965516863e-06,4.980449972e-06
731000000,-0.0005267218247,-0.00245252202,2.94756382e-06,4.452018266e-06
731100000,-0.001049133988,-0.001861144255,3.83422317e-06,3.781082506e-06
731200000,-0.001272262534,-0.001103842124,4.627062005e-06,2.95808076e-06
731300000,-0.001154403924,-0.0003265713899,5.30491548e-06,1.961306985e-06
731400000,-0.0007220807054,0.0003215768954,5.818116236e-06,7.732868386e-07
731500000,-6.425882603e-05,0.0007188239064,6.091971927e-06,-6.014161129e-07
731600000,0.0006863325072,0.0007953766834,6.039267557e-06,-2.121597502e-06
731700000,0.001380854235,0.0005471975945,5.579431057e-06,-3.702076115e-06
731800000,0.001885184445,3.602337448e-05,4.660341227e-06,-5.216199752e-06
731900000,0.002107455968,-0.0006243286949,3.277941904e-06,-6.508672862e-06
732000000,0.002016534234,-0.001292447981,1.489041909e-06,-7.416926718e-06
732100000,0.001647574824,-0.001829417239,-5.861041104e-07,-7.797310281e-06
732200000,0.001093531087,-0.002128121546,-2.772866462e-06,-7.55117041e-06
732300000,0.0004844608913,-0.002135566802,-4.862070294e-06,-6.645678419e-06
732400000,-4.092397896e-05,-0.001863481641,-6.637494807e-06,-5.125103324e-06
732500000,-0.000365368498,-0.001384975291,-7.90633884e-06,-3.109967444e-06
732600000,-0.000418394274,-0.0008180050083,-8.527257359e-06,-7.837984122e-07
732700000,-0.0001914062635,-0.000299231425,-8.430948241e-06,1.630449072e-06
732800000,0.0002606424222,4.610025528e-05,-7.629637513e-06,3.900267555e-06
732900000,0.0008313685309,0.0001317666408,-6.213895872e-06,5.814566868e-06
733000000,0.001386241096,-7.028080861e-05,-4.337595696e-06,7.210400078e-06
733100000,0.001792017154,-0.0005233362354,-2.194004119e-06,7.991012236e-06
733200000,0.001946007143,-0.001133353007,1.243485859e-08,8.132536371e-06
733300000,0.001798891729,-0.001768773636,2.093453425e-06,7.678901085e-06
733400000,0.001366198303,-0.002288550039,3.898693284e-06,6.726772646e-06
733500000,0.0007259686304,-0.002572390177,5.328421406e-06,5.404170133e-06
733600000,3.086211351e-06,-0.002546803884,6.335822746e-06,3.847401789e-06
733700000,-0.0006564438882,-0.002201420868,6.919663855e-06,2.180984823e-06
733800000,-0.001115854519,-0.001592116724,7.110062167e-06,5.042513735e-07
733900000,-0.001276239918,-0.0008302647014,6.951374535e-06,-1.113362797e-06
734000000,-0.001097442846,-6.034297704e-05,6.486577801e-06,-2.628421185e-06
734100000,-0.0006068336035,0.0005694403524,5.746896183e-06,-4.013036533e-06
734200000,0.0001058569015,0.0009373925582,4.748987435e-06,-5.24138524e-06
734300000,0.0009065804097,0.0009731676752,3.500060733e-06,-6.277332428e-06
734400000,0.001644144593,0.0006720342147,2.009297491e-06,-7.066978977e-06
734500000,0.002180876965,9.563057834e-05,3.023265476e-07,-7.53872199e-06
734600000,0.002420419825,-0.0006409299898,-1.565371758e-06,-7.611586178e-06
734700000,0.002326897368,-0.001392904772,-3.500192861e-06,-7.210540187e-06
734800000,0.001931494821,-0.002015738494,-5.370323865e-06,-6.285710094e-06
734900000,0.001325116184,-0.002394628356,-7.015172496e-06,-4.831243472e-06
735000000,0.0006386985908,-0.002467666646,-8.263537572e-06,-2.899326979e-06
735100000,1.535063209e-05,-0.002237737019,-8.957738519e-06,-6.055908635e-07
735200000,-0.0004197968354,-0.001770706714,-8.979429787e-06,1.876291318e-06
735300000,-0.0005856549963,-0.001180350691,-8.272182068e-06,4.330897449e-06
735400000,-0.0004616493938,-0.0006032554837,-6.856268541e-06,6.52613826e-06
735500000,-9.113294082e-05,-0.0001690809594,-4.832395264e-06,8.243180603e-06
735600000,0.0004289416968,2.74527278e-05,-2.373106983e-06,9.306175505e-06
735700000,0.0009698328574,-5.314316742e-05,2.971151834e-07,9.606639023e-06
735800000,0.001399586122,-0.0003868938573,2.929929981e-06,9.118228059e-06
735900000,0.001612208843,-0.0008919347266,5.284728936e-06,7.899381457e-06
736000000,0.001551151945,-0.001446668443,7.158465728e-06,6.083512656e-06
736100000,0.001222037759,-0.001916578338,8.408839593e-06,3.858699348e-06
736200000,0.0006918897587,-0.002183913964,8.967280723e-06,1.440666775e-06
736300000,7.502264338e-05,-0.002173854422,8.840170876e-06,-9.560598289e-07
736400000,-0.0004913879153,-0.001871518656,8.098963722e-06,-3.143854318e-06
736500000,-0.0008768318977,-0.001326158915,6.861893085e-06,-4.980432733e-06
736600000,-0.0009857841014,-0.0006416153545,5.271368405e-06,-6.377580287e-06
736700000,-0.0007787795808,4.496473153e-05,3.471683924e-06,-7.29976826e-06
736800000,-0.000281756365,0.0005916538882,1.591227795e-06,-7.754313887e-06
736900000,0.0004183353258,0.0008815053412,-2.679102663e-07,-7.776338613e-06
737000000,0.001190761984,0.0008472868355,-2.031872847e-06,-7.412612619e-06
737100000,0.001887485601,0.0004859933271,-3.649432233e-06,-6.708280412e-06
737200000,0.002373375118,-0.0001399079554,-5.081466802e-06,-5.699487113e-06
737300000,0.002553863388,-0.0009147732863,-6.289173269e-06,-4.413300514e-06
737400000,0.002394303176,-0.001693072586,-7.224842383e-06,-2.874419721e-06
737500000,0.001927008204,-0.002328844798,-7.828298375e-06,-1.116404492e-06
737600000,0.001244527131,-0.002705213156,-8.030645277e-06,8.060576728e-07
737700000,0.0004805589412,-0.00275784676,-7.765103086e-06,2.807733706e-06
737800000,-0.0002175137841,-0.002487516051,-6.982868827e-06,4.769658868e-06
737900000,-0.000718753995,-0.001959160955,-5.670515308e-06,6.544253932e-06
738000000,-0.0009351879351,-0.00128770316,-3.86476735e-06,7.968978378e-06
738100000,-0.0008391931929,-0.0006136044148,-1.660734989e-06,8.886780884e-06
738200000,-0.0004681524953,-7.332157075e-05,7.89196199e-07,9.169931981e-06
738300000,8.45540817e-05,0.0002291185269,3.286837017e-06,8.742811734e-06
738400000,0.0006902645864,0.0002434379441,5.608972279e-06,7.599109605e-06
738500000,0.001213027545,-1.716158449e-05,7.534447391e-06,5.809719114e-06
738600000,0.001538896586,-0.0004798773533,8.873169812e-06,3.519224194e-06
738700000,0.001600276942,-0.001028916934,9.492074935e-06,9.309585649e-07
738800000,0.001390131926,-0.001531246791,9.333516056e-06,-1.717244631e-06
738900000,0.0009630298173,-0.001865928906,8.422842099e-06,-4.182739966e-06
739000000,0.0004228350584,-0.001950729468,6.863867774e-06,-6.248300456e-06
739100000,-0.0001002843536,-0.001760273518,4.823131902e-06,-7.74791895e-06
739200000,-0.0004785677992,-0.001331840565,2.505843139e-06,-8.584080825e-06
739300000,-0.0006149018019,-0.0007575557609,1.278311124e-07,-8.734054058e-06
739400000,-0.0004645074494,-0.0001646540999,-2.111620087e-06,-8.244822716e-06
739500000,-4.540757946e-05,0.0003119493875,-4.051577303e-06,-7.218381764e-06
739600000,0.0005645856473,0.0005589100296,-5.5826793e-06,-5.790795087e-06
739700000,0.001243740531,0.0005092720398,-6.650388807e-06,-4.109364605e-06
739800000,0.001851774607,0.0001575570303,-7.248923269e-06,-2.31229351e-06
739900000,0.002259354129,-0.0004381013135,-7.408314361e-06,-5.143698848e-07
740000000,0.002375491618,-0.001167254388,-7.178251312e-06,1.199347276e-06
740100000,0.002167062642,-0.001889512649,-6.612734892e-06,2.7717444e-06
740200000,0.001666328799,-0.00246331659,-5.759052198e-06,4.165494712e-06
740300000,0.0009648743584,-0.002775090538,-4.653311525e-06,5.351606657e-06
740400000,0.0001952077594,-0.002762692852,-3.323045701e-06,6.298376256e-06
740500000,-0.0004961469865,-0.002428273743,-1.795590679e-06,6.964188957e-06
740600000,-0.0009784734549,-0.001837865294,-1.094746932e-07,7.296566095e-06
740700000,-0.00116340262,-0.001107794552,1.674762041e-06,7.238241703e-06
740800000,-0.001022659864,-0.0003807549805,3.46787439e-06,6.739248317e-06
740900000,-0.0005933451462,0.0002034757364,5.152043929e-06,5.772389432e-06
741000000,3.032624849e-05,0.0005365699929,6.589020318e-06,4.348441144e-06
741100000,0.0007170676402,0.0005634941316,7.635618383e-06,2.527194724e-06
741200000,0.00132613075,0.0002931209544,8.164151042e-06,4.210908819e-07
741300000,0.001736678031,-0.0002045745173,8.084072974e-06,-1.810416205e-06
741400000,0.001872745289,-0.0008141017471,7.360558028e-06,-3.975775034e-06
741500000,0.001718552667,-0.001399496572,6.02606936e-06,-5.873611961e-06
741600000,0.001320962187,-0.001833493852,4.182153289e-06,-7.318840911e-06
741700000,0.0007786040503,-0.002024632214,1.990467038e-06,-8.168148975e-06
741800000,0.0002200262323,-0.001936533015,-3.459208765e-07,-8.340339168e-06
741900000,-0.0002244410939,-0.001595264177,-2.608053487e-06,-7.827849905e-06
742000000,-0.0004510755637,-0.001083244343,-4.589206159e-06,-6.697345924e-06
742100000,-0.0004053256061,-0.0005210209066,-6.120873378e-06,-5.079273568e-06
742200000,-9.371674705e-05,-4.084947397e-05,-7.092300775e-06,-3.148293427e-06
742300000,0.0004174419933,0.0002422460411,-7.460485883e-06,-1.098140196e-06
742400000,0.001016265698,0.0002557204332,-7.249393559e-06,8.846118401e-07
742500000,0.001569366104,-1.435282094e-05,-6.539161257e-06,2.643357395e-06
742600000,0.001950635417,-0.0005197086402,-5.447894762e-06,4.067162654e-06
742700000,0.002068589369,-0.001159657074,-4.109912236e-06,5.09721811e-06
742800000,0.001886433372,-0.001802118892,-2.654740494e-06,5.723805164e-06
742900000,0.001430571294,-0.002311465985,-1.190730148e-06,5.975418927e-06
743000000,0.0007857346,-0.002577264935,2.040523039e-07,5.903154464e-06
743100000,7.774456759e-05,-0.002537838893,1.482706093e-06,5.564220317e-06
743200000,-0.0005524686687,-0.00219366532,2.623039392e-06,5.00835079e-06
743300000,-0.0009781280522,-0.001607775931,3.616234888e-06,4.269987489e-06
743400000,-0.001113006656,-0.0008930629675,4.454075761e-06,3.36760233e-06
743500000,-0.0009294227685,-0.0001891458574,5.11835215e-06,2.309774381e-06
743600000,-0.00046406397,0.0003663614233,5.575427937e-06,1.105999666e-06
743700000,0.0001895755461,0.0006661742659,5.777635451e-06,-2.209367217e-07
743800000,0.0009005571928,0.0006553359919,5.671475647e-06,-1.624612739e-06
743900000,0.001527605303,0.0003423030309,5.210908189e-06,-3.029824327e-06
744000000,0.001948287789,-0.0002031844432,4.372694069e-06,-4.334678175e-06
744100000,0.002084168134,-0.0008649800182,3.170097212e-06,-5.420325982e-06
744200000,0.001916673977,-0.001505019814,1.661411862e-06,-6.166978534e-06
744300000,0.001490377086,-0.001992270985,-4.92651271e-08,-6.473322733e-06
744400000,0.0009030251922,-0.002230053359,-1.820048452e-06,-6.27553245e-06
744500000,0.0002844543032,-0.002175991871,-3.487273911e-06,-5.561924574e-06
744600000,-0.0002311463189,-0.00185041287,-4.887001381e-06,-4.380007763e-06
744700000,-0.0005337418664,-0.001331439703,-5.878273772e-06,-2.834068614e-06
744800000,-0.0005606968491,-0.000737858136,-6.363900399e-06,-1.073255343e-06
744900000,-0.0003098403154,-0.0002034136075,-6.30489237e-06,7.280203977e-07
745000000,0.0001604015564,0.000151981749,-5.725824283e-06,2.394021133e-06
745100000,0.00074380841,0.0002480021541,-4.710100482e-06,3.771750295e-06
745200000,0.001309356334,6.114324006e-05,-3.386019327e-06,4.750903632e-06
745300000,0.001729483415,-0.0003702210849,-1.906265091e-06,5.276268128e-06
745400000,0.001907600079,-0.0009540244449,-4.246619177e-07,5.350613562e-06
745500000,0.0017989814,-0.001564181419,9.255442008e-07,5.027974131e-06
745600000,0.001420593212,-0.002067551199,2.048032094e-06,4.399060123e-06
745700000,0.0008477622777,-0.002352448277,2.891718424e-06,3.5719971e-06
745800000,0.0001983992562,-0.00235263442,3.450062334e-06,2.652369935e-06
745900000,-0.0003918741256,-0.002061692484,3.752226946e-06,1.726501774e-06
746000000,-0.0007984160415,-0.001534728911,3.848572799e-06,8.510474474e-07
746100000,-0.0009339925787,-0.0008770409135,3.794008201e-06,5.051782171e-08
746200000,-0.0007673476303,-0.0002221446598,3.633002008e-06,-6.774070989e-07
746300000,-0.0003299877345,0.000296191931,3.389530179e-06,-1.350597824e-06
746400000,0.0002902509609,0.0005720068811,3.064005298e-06,-1.988294967e-06
746500000,0.0009674953382,0.0005493749133,2.637598863e-06,-2.597649267e-06
746600000,0.001564130131,0.0002341288235,2.082666168e-06,-3.164354008e-06
746700000,0.00195955533,-0.0003073919654,1.376589575e-06,-3.649753622e-06
746800000,0.00207535306,-0.0009622948809,5.155664499e-07,-3.99530375e-06
746900000,0.001891571677,-0.001594844957,-4.751492807e-07,-4.133558605e-06
747000000,0.001450708651,-0.002074936118,-1.537286443e-06,-4.003339761e-06
747100000,0.00084856605,-0.002305327052,-2.583244638e-06,-3.565726095e-06
747200000,0.0002139178808,-0.002241909358,-3.507116365e-06,-2.817218099e-06
747300000,-0.0003187148883,-0.001902747092,-4.201091892e-06,-1.796935781e-06
747400000,-0.0006374350416,-0.001363996574,-4.574056543e-06,-5.85903713e-07
747500000,-0.0006765007189,-0.0007435841793,-4.568616481e-06,7.018919739e-07
747600000,-0.0004300584496,-0.0001761031166,-4.17300775e-06,1.935266004e-06
747700000,4.680898663e-05,0.0002157581464,-3.425313036e-06,2.985555776e-06
747800000,0.0006499243547,0.0003472149072,-2.40893147e-06,3.746571525e-06
747900000,0.001248228005,0.0001893209018,-1.240002125e-06,4.150939158e-06
748000000,0.001711651391,-0.0002249434529,-4.91051468e-08,4.179686887e-06
748100000,0.001938751224,-0.0008077034387,1.039283103e-06,3.863263767e-06
748200000,0.001878259942,-0.001434842231,1.925663285e-06,3.273887843e-06
748300000,0.001540000123,-0.001972317025,2.549158183e-06,2.510848622e-06
748400000,0.0009928635281,-0.00230456676,2.893459692e-06,1.681774568e-06
748500000,0.0003502924608,-0.002359002212,2.984191734e-06,8.836352114e-07
748600000,-0.0002536570714,-0.002121403138,2.878553061e-06,1.87225043e-07
748700000,-0.0006926026598,-0.001638974381,2.649655265e-06,-3.719176063e-07
748800000,-0.0008744906525,-0.001010424916,2.369002621e-06,-7.945981247e-07
748900000,-0.000760987413,-0.0003651777201,2.090860704e-06,-1.11120049e-06
749000000,-0.0003755160275,0.00016388616,1.841773505e-06,-1.368856714e-06
749100000,0.0002017479467,0.0004683837004,1.617322722e-06,-1.615586686e-06
749200000,0.000850849793,0.0004871783421,1.386628884e-06,-1.885035802e-06
749300000,0.001437396969,0.0002191196704,1.103411152e-06,-2.185252757e-06
749400000,0.001840901582,-0.0002769061178,7.210070958e-07,-2.494032848e-06
749500000,0.001980127142,-0.0008946095351,2.079033571e-07,-2.761901727e-06
749600000,0.001830081259,-0.001502926147,-4.3978003e-07,-2.92214074e-06
749700000,0.001427067941,-0.001973837633,-1.191754957e-06,-2.90571374e-06
749800000,0.0008607439468,-0.002209486787,-1.984608809e-06,-2.657872799e-06
749900000,0.0002548777236,-0.002162840796,-2.730431208e-06,-2.152824931e-06
750000000,-0.0002590968064,-0.001847528117,-3.331400678e-06,-1.403216097e-06
750100000,-0.0005701138994,-0.001334772741,-3.697419795e-06,-4.62252125e-07
750200000,-0.000611146355,-0.0007380878132,-3.763210623e-06,5.821966885e-07
750300000,-0.0003734918058,-0.0001889867282,-3.501358992e-06,1.620492234e-06
750400000,9.135130325e-05,0.0001911275758,-2.92860891e-06,2.538653292e-06
750500000,0.0006826100686,0.0003169287625,-2.104084951e-06,3.236893063e-06
750600000,0.001271644313,0.0001574826936,-1.119770367e-06,3.645624725e-06
750700000,0.001729295948,-0.0002569675155,-8.514512878e-08,3.735818721e-06
750800000,0.001953389438,-0.0008411829227,8.909389495e-07,3.521768063e-06
750900000,0.001890566744,-0.001472769941,1.717543067e-06,3.055885529e-06
751000000,0.001547842952,-0.002017913579,2.334711038e-06,2.416788238e-06
751100000,0.0009914424885,-0.002359574078,2.719876812e-06,1.693277895e-06
751200000,0.0003331592278,-0.002422204817,2.886591918e-06,9.676165518e-07
751300000,-0.000292889293,-0.002187788112,2.876179405e-06,3.015656853e-07
751400000,-0.0007582252809,-0.0016998176,2.744396629e-06,-2.720082383e-07
751500000,-0.0009668166763,-0.001054393569,2.546205067e-06,-7.504095544e-07
751600000,-0.0008751000543,-0.0003803062954,2.322088593e-06,-1.155286417e-06
751700000,-0.0005010253637,0.0001877066863,2.088963568e-06,-1.521266397e-06
751800000,7.97629087e-05,0.0005369145033,1.837672933e-06,-1.88182069e-06
751900000,0.0007497904276,0.000599894634,1.537579246e-06,-2.255719628e-06
752000000,0.001374316464,0.0003683019303,1.147184992e-06,-2.637308477e-06
752100000,0.001829423924,-0.0001057675454,6.283519258e-07,-2.992997376e-06
752200000,0.002027726244,-0.0007210786069,-3.914479231e-08,-3.265000624e-06
752300000,0.001936287615,-0.001348818182,-8.461277046e-07,-3.381767165e-06
752400000,0.001582998483,-0.001859846896,-1.748397233e-06,-3.273054879e-06
752500000,0.001050088871,-0.002151872678,-2.668579929e-06,-2.886533155e-06
752600000,0.0004561843476,-0.002170797247,-3.505482255e-06,-2.202379781e-06
752700000,-6.926241558e-05,-0.001921724125,-4.149396527e-06,-1.242661315e-06
752800000,-0.0004137141737,-0.001467314221,-4.500519609e-06,-7.32870604e-08
752900000,-0.0005055556218,-0.0009138672658,-4.486934138e-06,1.202200588e-06
753000000,-0.0003292528235,-0.0003881214646,-4.078616668e-06,2.456097052e-06
753100000,7.155583132e-05,-9.74082884e-06,-3.294675982e-06,3.554898454e-06
753200000,0.0006036810049,0.0001346238822,-2.202335718e-06,4.379196138e-06
753300000,0.001144646025,1.015552935e-05,-9.077877443e-07,4.841430793e-06
753400000,0.001569253113,-0.0003584483269,4.593760892e-07,4.898263539e-06
753500000,0.001776772286,-0.0008920738228,1.765220364e-06,4.555399261e-06
753600000,0.001712946144,-0.001473983051,2.890455373e-06,3.864197545e-06
753700000,0.001382113698,-0.001974725947,3.745907413e-06,2.911016155e-06
753800000,0.0008468622291,-0.002279875242,4.281816446e-06,1.801618579e-06
753900000,0.0002152660246,-0.002314694688,4.489625451e-06,6.438578016e-07
754000000,-0.0003815998659,-0.002060507138,4.396481884e-06,-4.679511605e-07
754100000,-0.000817130241,-0.001559289757,4.054137452e-06,-1.464067222e-06
754200000,-0.0009958586312,-0.0009055110601,3.525002207e-06,-2.303965161e-06
754300000,-0.0008737144808,-0.0002269108279,2.868564149e-06,-2.974228829e-06
754400000,-0.000467612571,0.0003417560821,2.131140002e-06,-3.480822551e-06
754500000,0.000147639693,0.0006865215572,1.341040333e-06,-3.838065247e-06
754600000,0.0008544751087,0.00073774497,5.099119386e-07,-4.057291334e-06
754700000,0.001516582409,0.0004844839088,-3.604463961e-07,-4.138166755e-06
754800000,0.002006796875,-2.329378231e-05,-1.267790996e-06,-4.064946578e-06
754900000,0.002233054465,-0.000685104822,-2.198495345e-06,-3.808764487e-06
755000000,0.002157007582,-0.001370768744,-3.118995457e-06,-3.335596964e-06
755100000,0.001801437322,-0.001947290888,-3.972158573e-06,-2.618162639e-06
755200000,0.001244942109,-0.002306185965,-4.680044314e-06,-1.649003511e-06
755300000,0.0006050484409,-0.002385528476,-5.15310202e-06,-4.515745717e-07
755400000,1.331925972e-05,-0.0021821254,-5.304373084e-06,9.1355931e-07
755500000,-0.0004122819517,-0.001751286569,-5.066060338e-06,2.3494041e-06
755600000,-0.0005919359934,-0.001194285571,-4.4051506e-06,3.730705467e-06
755700000,-0.000500242388,-0.0006362081469,-3.334783733e-06,4.918668479e-06
755800000,-0.000170800695,-0.0001989230783,-1.918761188e-06,5.779892487e-06
755900000,0.0003118354144,2.505436079e-05,-2.678432429e-07,6.206230786e-06
756000000,0.0008310728756,-7.770208914e-06,1.471955988e-06,6.131976616e-06
756100000,0.001263983478,-0.0002828630814,3.137320284e-06,5.545185559e-06
756200000,0.001508268298,-0.0007312224358,4.568856706e-06,4.490991106e-06
756300000,0.001504687098,-0.001244718452,5.6319807e-06,3.066245269e-06
756400000,0.001250134406,-0.001699901405,6.233911976e-06,1.40642187e-06
756500000,0.0007985538564,-0.001985152364,6.333986987e-06,-3.328670466e-07
756600000,0.0002494920391,-0.00202533917,5.945781094e-06,-1.996453437e-06
756700000,-0.0002732594156,-0.001798680217,5.131087936e-06,-3.44872585e-06
756800000,-0.0006483676339,-0.001342190602,3.987307973e-06,-4.588127536e-06
756900000,-0.0007833065509,-0.0007445261765,2.6309493e-06,-5.354922805e-06
757000000,-0.0006347304782,-0.0001277256715,1.180515716e-06,-5.731523474e-06
757100000,-0.000218530526,0.0003782939388,-2.580530527e-07,-5.736159672e-06
757200000,0.0003925787855,0.0006631054075,-1.600974957e-06,-5.411944331e-06
757300000,0.001083461246,0.0006592340753,-2.790056295e-06,-4.814160703e-06
757400000,0.001719946997,0.0003567772737,-3.790176422e-06,-3.998745789e-06
757500000,0.002176325181,-0.0001938964161,-4.58234664e-06,-3.014436021e-06
757600000,0.002361208158,-0.0008919477736,-5.154777149e-06,-1.900009915e-06
757700000,0.002236381507,-0.001606338549,-5.494718823e-06,-6.86741985e-07
757800000,0.001824721121,-0.002202366825,-5.583534712e-06,5.951310915e-07
757900000,0.001205537026,-0.002568960074,-5.396575962e-06,1.908145459e-06
758000000,0.0004983193071,-0.002641066958,-4.908188178e-06,3.200249779e-06
758100000,-0.0001617271497,-0.002412512214,-4.100836684e-06,4.400908915e-06
758200000,-0.0006512652738,-0.001936666681,-2.976212015e-06,5.422480087e-06
758300000,-0.0008837846776,-0.001314825697,-1.565514869e-06,6.167473068e-06
758400000,-0.0008267461771,-0.0006747561976,6.392225671e-08,6.540921372e-06
758500000,-0.000507359484,-0.0001439301365,1.807919087e-06,6.465820447e-06
758600000,-5.8293758e-06,0.0001769244851,3.531753007e-06,5.898711778e-06
758700000,0.0005624549813,0.0002343928866,5.08317878e-06,4.842207465e-06
758800000,0.001071977677,3.27454818e-05,6.310432446e-06,3.351633735e-06
758900000,0.001414056502,-0.0003680418371,7.082365787e-06,1.533958941e-06
759000000,0.001519959883,-0.0008661462251,7.307273846e-06,-4.614302758e-07
759100000,0.001375256447,-0.001340629193,6.947064062e-06,-2.459011621e-06
759200000,0.001022350719,-0.00167813877,6.024164002e-06,-4.27802418e-06
759300000,0.0005506922998,-0.001797832188,4.619831947e-06,-5.754636507e-06
759400000,7.679287531e-05,-0.001669154372,2.864070057e-06,-6.761778637e-06
759500000,-0.0002816251943,-0.001318647,9.188383272e-07,-7.223455552e-06
759600000,-0.0004317664411,-0.0008243250654,-1.042567952e-06,-7.121385745e-06
759700000,-0.0003265474984,-0.000298832119,-2.856511609e-06,-6.493227589e-06
759800000,2.445292494e-05,0.000135005841,-4.386982335e-06,-5.423181563e-06
759900000,0.0005562479879,0.000370982485,-5.537861825e-06,-4.027082983e-06
760000000,0.001161655569,0.0003429269216,-6.25801124e-06,-2.434967674e-06
760100000,0.001713674503,3.972125157e-05,-6.539144873e-06,-7.743398599e-07
760200000,0.002092284498,-0.0004912989682,-6.407825885e-06,8.430337316e-07
760300000,0.002209999803,-0.00115331394,-5.913947057e-06,2.328932675e-06
760400000,0.002030778142,-0.001819498284,-5.118539871e-06,3.620508184e-06
760500000,0.001578292163,-0.002358940213,-4.083606338e-06,4.676872824e-06
760600000,0.0009318070378,-0.00266358691,-2.865942176e-06,5.472299827e-06
760700000,0.0002105019127,-0.002670593862,-1.515791745e-06,5.98850711e-06
760800000,-0.0004505172144,-0.002375421104,-7.990281156e-08,6.208537261e-06
760900000,-0.0009275389469,-0.001832950802,1.392581344e-06,6.114191314e-06
761000000,-0.001133239414,-0.001146394034,2.843691828e-06,5.687963777e-06
761100000,-0.001034172525,-0.0004462920973,4.202144536e-06,4.919190903e-06
761200000,-0.000657146339,0.0001360260674,5.382850037e-06,3.812943923e-06
761300000,-8.31873449e-05,0.0004950193606,6.291554259e-06,2.399342608e-06
761400000,0.0005696213365,0.0005720286258,6.834508003e-06,7.406305113e-07
761500000,0.001170822727,0.0003665211195,6.931795489e-06,-1.066372607e-06
761600000,0.001604614634,-6.482230382e-05,6.531931104e-06,-2.893989281e-06
761700000,0.001793559614,-0.000620936163,5.624790898e-06,-4.593891718e-06
761800000,0.001714011485,-0.001178369303,4.250012837e-06,-6.012747545e-06
761900000,0.001400042525,-0.001617774185,2.4986809e-06,-7.011035512e-06
762000000,0.0009350907478,-0.001849257806,5.072761575e-07,-7.48195656e-06
762100000,0.0004331552997,-0.001831209188,-1.55569753e-06,-7.367149443e-06
762200000,1.359465895e-05,-0.001578610664,-3.508611523e-06,-6.66635124e-06
762300000,-0.0002250523857,-0.001159089595,-5.178252436e-06,-5.439145756e-06
762400000,-0.0002265968659,-0.000677594695,-6.420577662e-06,-3.798322948e-06
762500000,1.054337121e-05,-0.0002530219317,-7.137363024e-06,-1.89585806e-06
762600000,0.0004329874705,8.157998669e-06,-7.286151637e-06,9.618389557e-08
762700000,0.0009440028743,3.557909992e-05,-6.882128292e-06,2.006659636e-06
762800000,0.001424578714,-0.0001891400578,-5.991998232e-06,3.684871469e-06
762900000,0.001759427184,-0.0006277417219,-4.721353171e-06,5.015602839e-06
763000000,0.001862327971,-0.001192914513,-3.198084252e-06,5.927623677e-06
763100000,0.001695378468,-0.00176651419,-1.554945337e-06,6.394934714e-06
763200000,0.001278019943,-0.002224547234,8.571333552e-08,6.431411083e-06
763300000,0.0006838905956,-0.002463610787,1.622695164e-06,6.080693308e-06
763400000,2.614119026e-05,-0.002423180189,2.980951945e-06,5.403922467e-06
763500000,-0.000565712163,-0.002099020425,4.110880256e-06,4.468086344e-06
763600000,-0.0009725433356,-0.001544874529,4.983182188e-06,3.337319579e-06
763700000,-0.001110372503,-0.0008620491609,5.581415319e-06,2.068593701e-06
763800000,-0.0009479419531,-0.0001790543318,5.894699631e-06,7.120539339e-07
763900000,-0.0005134370004,0.0003744690092,5.912811711e-06,-6.849251405e-07
764000000,0.0001110535927,0.0006941128765,5.625144602e-06,-2.071820296e-06
764100000,0.000806187835,0.0007218819863,5.023921891e-06,-3.389497596e-06
764200000,0.00143967032,0.0004577978966,4.110876541e-06,-4.567430926e-06
764300000,0.001893152081,-4.046792249e-05,2.905606142e-06,-5.52518647e-06
764400000,0.002086143513,-0.0006698343928,1.453224923e-06,-6.178721422e-06
764500000,0.001991979033,-0.001303353396,-1.711114737e-07,-6.450838547e-06
764600000,0.001642532923,-0.001816543842,-1.862709314e-06,-6.284030411e-06
764700000,0.001120739086,-0.002113006385,-3.493781574e-06,-5.653187425e-06
764800000,0.0005425241934,-0.002143960546,-4.925500887e-06,-4.5754091e-06
764900000,3.198860251e-05,-0.001917625158,-6.024085222e-06,-3.1145141e-06
765000000,-0.000304908273,-0.001496505832,-6.678369988e-06,-1.37873218e-06
765100000,-0.0004025872203,-0.0009832111982,-6.815833353e-06,4.886932149e-07
765200000,-0.0002493092859,-0.0004978523799,-6.414152277e-06,2.324910151e-06
765300000,0.0001109773645,-0.0001518682527,-5.506065398e-06,3.966606134e-06
765400000,0.0005887601576,-2.387754039e-05,-4.176473358e-06,5.269863632e-06
765500000,0.001068853861,-0.0001427213076,-2.552090644e-06,6.127492197e-06
765600000,0.00143577305,-0.0004813165997,-7.8530033e-07,6.481028489e-06
765700000,0.001599127528,-0.0009626234444,9.651119685e-07,6.325553785e-06
765800000,0.001513583492,-0.00147643094,2.553158574e-06,5.70678159e-06
765900000,0.001189103129,-0.001903351653,3.861700279e-06,4.711255324e-06
766000000,0.0006892614018,-0.002140873874,4.812948681e-06,3.451691949e-06
766100000,0.0001179914888,-0.002125886546,5.372146042e-06,2.050277712e-06
766200000,-0.0004024184132,-0.001848851154,5.544476672e-06,6.229223473e-07
766300000,-0.0007573921253,-0.001356581069,5.36652439e-06,-7.329176661e-07
766400000,-0.0008646523196,-0.000743016037,4.894530096e-06,-1.945130913e-06
766500000,-0.0006921038066,-0.0001299280539,4.192139353e-06,-2.96803752e-06
766600000,-0.0002652153733,0.0003583759881,3.320187672e-06,-3.778389075e-06
766700000,0.0003376756653,0.0006210269092,2.330399122e-06,-4.368022583e-06
766800000,0.001001166349,0.0006017774422,1.263830666e-06,-4.735503004e-06
766900000,0.001596395617,0.0003009470882,1.537152125e-07,-4.879139351e-06
767000000,0.00200752073,-0.0002243807005,-9.686990767e-07,-4.793268579e-06
767100000,0.002155531223,-0.0008719551591,-2.067417322e-06,-4.468788349e-06
767200000,0.002014430878,-0.00151532845,-3.096375522e-06,-3.89779329e-06
767300000,0.001616417064,-0.002029822353,-3.997481245e-06,-3.081082965e-06
767400000,0.001044987903,-0.002318073272,-4.703159e-06,-2.036507186e-06
767500000,0.0004174314485,-0.002329828702,-5.143444661e-06,-8.057766582e-07
767600000,-0.0001396288578,-0.002071873374,-5.256534194e-06,5.424256418e-07
767700000,-0.0005165059607,-0.001606032076,-5.00076396e-06,1.914482913e-06
767800000,-0.0006430331012,-0.001035697452,-4.365491996e-06,3.199411147e-06
767900000,-0.0005027322406,-0.0004837412186,-3.378381799e-06,4.281129381e-06
768000000,-0.0001356130121,-6.647888103e-05,-2.107167211e-06,5.053533038e-06
768100000,0.0003709527685,0.0001308128486,-6.549877021e-07,5.435754084e-06
768200000,0.0009013166398,7.165855306e-05,8.503772835e-07,5.384795568e-06
768300000,0.001336528238,-0.0002243147391,2.271833111e-06,4.90310279e-06
768400000,0.001579883088,-0.0006860581762,3.480377319e-06,4.03951092e-06
768500000,0.001577609967,-0.001206738427,4.371652415e-06,2.883215966e-06
768600000,0.001330302407,-0.001666977809,4.878819283e-06,1.551709865e-06
768700000,0.0008926729045,-0.001960727734,4.979592333e-06,1.747394952e-07
768800000,0.0003616982666,-0.00201824934,4.696363928e-06,-1.122932378e-06
768900000,-0.0001443012253,-0.001821296664,4.089633011e-06,-2.237012417e-06
769000000,-0.0005111758486,-0.001407264528,3.246181395e-06,-3.094858495e-06
769100000,-0.0006536061666,-0.0008614183203,2.264364473e-06,-3.660699351e-06
769200000,-0.0005336485742,-0.0002988623989,1.239319295e-06,-3.934427496e-06
769300000,-0.0001692137398,0.0001599142183,2.50762127e-07,-3.944750891e-06
769400000,0.0003693304907,0.000414715325,-6.446126619e-07,-3.738539728e-06
769500000,0.0009737170644,0.0004070850396,-1.415163473e-06,-3.368845325e-06
769600000,0.001520418954,0.0001329752845,-2.050994928e-06,-2.884175706e-06
769700000,0.001896583167,-0.0003560533193,-2.556653281e-06,-2.321177011e-06
769800000,0.002023781945,-0.000963357385,-2.941944337e-06,-1.701995423e-06
769900000,0.001874569838,-0.001567248469,-3.213291832e-06,-1.036475697e-06
770000000,0.001478356558,-0.002046324383,-3.367813809e-06,-3.282337662e-07
770100000,0.0009153586316,-0.002304764563,-3.391577528e-06,4.172368159e-07
770200000,0.0002999027055,-0.002292271567,-3.262462025e-06,1.184714488e-06
770300000,-0.0002434075511,-0.002014470659,-2.956939789e-06,1.943873338e-06
770400000,-0.0006056505206,-0.001531588951,-2.459130342e-06,2.648024268e-06
770500000,-0.000716217426,-0.0009457017311,-1.769888546e-06,3.237667302e-06
770600000,-0.0005573642345,-0.0003792380506,-9.135989914e-07,3.648431132e-06
770700000,-0.0001676370558,5.072533517e-05,5.92228027e-08,3.821934482e-06
770800000,0.0003665325337,0.0002569694089,1.074561086e-06,3.717365894e-06
770900000,0.0009292740676,0.00020028243,2.042692032e-06,3.32130713e-06
771000000,0.001399863979,-0.0001025584354,2.869945426e-06,2.653584087e-06
771100000,0.001678256567,-0.0005826384608,3.472350222e-06,1.767668855e-06
771200000,0.001706170797,-0.001133756669,3.788605165e-06,7.452254598e-07
771300000,0.001479286249,-0.001635122066,3.789867464e-06,-3.144322046e-07
771400000,0.001047983676,-0.001977084554,3.484423714e-06,-1.308164566e-06
771500000,0.0005064898476,-0.00208445234,2.916282623e-06,-2.143626098e-06
771600000,-2.72601709e-05,-0.00193246266,2.157908682e-06,-2.752012837e-06
771700000,-0.000436767194,-0.001552031789,1.298456449e-06,-3.09662785e-06
771800000,-0.0006317860744,-0.00102318339,4.297315593e-07,-3.175778561e-06
771900000,-0.0005675594056,-0.0004580589566,-3.674810387e-07,-3.019639488e-06
772000000,-0.0002543963637,2.288082218e-05,-1.034202335e-06,-2.681898158e-06
772100000,0.0002444247537,0.0003164167814,-1.53926743e-06,-2.228006934e-06
772200000,0.000825977309,0.0003584795718,-1.879668889e-06,-1.722483646e-06
772300000,0.001369402337,0.0001377701635,-2.075514065e-06,-1.217815002e-06
772400000,0.001761418406,-0.0003017839503,-2.160962041e-06,-7.471011722e-07
772500000,0.001920226346,-0.0008702486198,-2.173288414e-06,-3.217302138e-07
772600000,0.001812754771,-0.001450620899,-2.142544757e-06,6.573046539e-08
772700000,0.0014616052,-0.001923473767,-2.084073154e-06,4.343578407e-07
772800000,0.0009402366224,-0.002192093358,-1.995454325e-06,8.052462747e-07
772900000,0.0003574173167,-0.002202794354,-1.858459611e-06,1.191759981e-06
773000000,-0.0001657592976,-0.001956122854,-1.645459338e-06,1.591984438e-06
773100000,-0.0005214274879,-0.001506586552,-1.328751301e-06,1.985185218e-06
773200000,-0.000637663418,-0.000950981027,-8.906229355e-07,2.333183679e-06
773300000,-0.0004935580444,-0.0004077941152,-3.317861419e-07,2.586465702e-06
773400000,-0.0001234669703,7.943057885e-06,3.238399091e-07,2.693786259e-06
773500000,0.0003904507768,0.0002090292791,1.02924831e-06,2.613243628e-06
773600000,0.0009358128698,0.0001545301138,1.719569782e-06,2.322440442e-06
773700000,0.00139397933,-0.0001416209851,2.32151095e-06,1.825500179e-06
773800000,0.00166532139,-0.0006136710056,2.765199354e-06,1.155335149e-06
773900000,0.001690439479,-0.001158091014,2.996092495e-06,3.705329757e-07
774000000,0.001462838039,-0.001655633994,2.984561945e-06,-4.526621428e-07
774100000,0.001030376366,-0.001996732069,2.731217335e-06,-1.2317831e-06
774200000,0.0004851914015,-0.002104855403,2.266893196e-06,-1.890792726e-06
774300000,-5.577344414e-05,-0.001952890392,1.647303484e-06,-2.371510785e-06
774400000,-0.0004755154643,-0.001569074285,9.434468269e-07,-2.641628168e-06
774500000,-0.0006817668681,-0.001031232493,2.296943479e-07,-2.697831e-06
774600000,-0.0006266019718,-0.0004505352715,-4.280654591e-07,-2.563567997e-06
774700000,-0.0003167225951,5.180004318e-05,-9.819044665e-07,-2.282092657e-06
774800000,0.0001877440561,0.000369951807,-1.407171398e-06,-1.906366815e-06
774900000,0.0007856790889,0.0004357260777,-1.702766084e-06,-1.488023993e-06
775000000,0.001356017888,0.0002329038069,-1.88656711e-06,-1.067733491e-06
775100000,0.001782980586,-0.0001993072307,-1.98723036e-06,-6.689523342e-07
775200000,0.001980184352,-0.0007744323138,-2.034327209e-06,-2.962803302e-07
775300000,0.00190857533,-0.00137677641,-2.049113981e-06,6.139029208e-08
775400000,0.001584422176,-0.001885555758,-2.038052236e-06,4.237958046e-07
775500000,0.001075706551,-0.002200036285,-1.990571071e-06,8.100219163e-07
775600000,0.0004876889208,-0.002260393019,-1.88161296e-06,1.2292422e-06
775700000,-5.929264628e-05,-0.002059909935,-1.678436854e-06,1.673699426e-06
775800000,-0.0004550975753,-0.001645968718,-1.350194042e-06,2.115681105e-06
775900000,-0.0006227931006,-0.001109643534,-8.781481306e-07,2.509384499e-06
776000000,-0.0005345437566,-0.0005661276446,-2.642185646e-07,2.797509295e-06
776100000,-0.0002170349945,-0.0001301568026,4.641701223e-07,2.921381585e-06
776200000,0.0002546930571,0.0001083482926,1.254215271e-06,2.832619626e-06
776300000,0.0007736648251,0.0001032488259,2.033105259e-06,2.503968351e-06
776400000,0.001224126929,-0.0001382579844,2.717812566e-06,1.937038186e-06
776500000,0.001506499007,-0.0005575138633,3.227566074e-06,1.165263575e-06
776600000,0.001558794591,-0.001057285108,3.496682634e-06,2.513285694e-07
776700000,0.001369944997,-0.001522895011,3.485333375e-06,-7.206017704e-07
776800000,0.0009821881088,-0.001847083757,3.186207699e-06,-1.656479932e-06
776900000,0.0004820166596,-0.001953285315,2.625836586e-06,-2.465691686e-06
777000000,-1.838145895e-05,-0.001812352083,1.860380325e-06,-3.07365707e-06
777100000,-0.0004052351239,-0.00144915702,9.66758294e-07,-3.431457398e-06
777200000,-0.000587720511,-0.0009376593445,3.087925652e-08,-3.520853392e-06
777300000,-0.0005176921631,-0.0003854720558,-8.64759037e-07,-3.354001745e-06
777400000,-0.0002004195789,8.880457759e-05,-1.651792336e-06,-2.968238641e-06
777500000,0.0003059570239,0.0003806912529,-2.283157401e-06,-2.417257623e-06
777600000,0.0009021520248,0.000422076614,-2.735632445e-06,-1.760667794e-06
777700000,0.001468183649,0.000195909395,-3.007681645e-06,-1.054144479e-06
777800000,0.001888257254,-0.0002597627683,-3.113521374e-06,-3.421383015e-07
777900000,0.002074866554,-0.0008592655918,-3.075086632e-06,3.45549009e-07
778000000,0.001987066444,-0.001486725087,-2.913952407e-06,9.929355958e-07
778100000,0.001639096499,-0.002019810544,-2.645181108e-06,1.593374215e-06
778200000,0.001097555873,-0.002354837611,-2.274547534e-06,2.142838993e-06
778300000,0.0004677247112,-0.0024279958,-1.799754261e-06,2.632911675e-06
778400000,-0.0001281053365,-0.002228278989,-1.215278261e-06,3.045454429e-06
778500000,-0.0005757608474,-0.001799435404,-5.195974664e-07,3.350563746e-06
778600000,-0.000792525638,-0.00123055253,2.770696082e-07,3.508640369e-06
778700000,-0.0007438171273,-0.0006372728925,1.146580382e-06,3.476447704e-06
778800000,-0.0004497293222,-0.0001376001774,2.040050333e-06,3.216074541e-06
778900000,1.989626485e-05,0.0001726111242,2.889538963e-06,2.704975499e-06
779000000,0.0005607936858,0.0002393267757,3.614433876e-06,1.944898416e-06
779100000,0.001056718644,6.103417983e-05,4.131708554e-06,9.676067162e-07
779200000,0.001404242135,-0.0003117553507,4.368351566e-06,-1.641463839e-07
779300000,0.001534621864,-0.0007880559404,4.273715432e-06,-1.361043962e-06
779400000,0.001428106784,-0.00125651107,3.829432334e-06,-2.516631274e-06
779500000,0.001117645741,-0.00160973386,3.054918582e-06,-3.520342317e-06
779600000,0.0006812357472,-0.001767663867,2.007268863e-06,-4.271988829e-06
779700000,0.0002245756453,-0.001694934409,7.753695434e-07,-4.695246452e-06
779800000,-0.00014223417,-0.001408530468,-5.308691081e-07,-4.747826021e-06
779900000,-0.0003289321417,-0.0009741005825,-1.794364374e-06,-4.42662082e-06
780000000,-0.000285064643,-0.0004917191484,-2.905453649e-06,-3.767050621e-06
780100000,-1.139181624e-05,-7.415479826e-05,-3.774798949e-06,-2.836891775e-06
780200000,0.0004397253261,0.0001776986355,-4.342557848e-06,-1.725873907e-06
780300000,0.0009750554474,0.0001969705247,-4.58254443e-06,-5.330405014e-07
780400000,0.001480073638,-3.41951954e-05,-4.501095697e-06,6.458257256e-07
780500000,0.001843234162,-0.0004800148904,-4.131367343e-06,1.728572869e-06
780600000,0.001979797715,-0.001057813539,-3.524601685e-06,2.653285857e-06
780700000,0.001850171613,-0.0016547477,-2.740376758e-06,3.380436958e-06
780800000,0.001468883558,-0.002151003,-1.837872703e-06,3.89085535e-06
780900000,0.0009022826782,-0.002444608593,-8.697872957e-07,4.180648028e-06
781000000,0.0002554268189,-0.002472676991,1.202042689e-07,4.254773613e-06
781100000,-0.0003491235731,-0.002224630292,1.096451061e-06,4.121136389e-06
781200000,-0.0007961977475,-0.001744650897,2.027659136e-06,3.786803105e-06
781300000,-0.001001421646,-0.001122843198,2.882061108e-06,3.257316582e-06
781400000,-0.0009282820846,-0.0004769438319,3.62319773e-06,2.539232968e-06
781500000,-0.0005953150589,7.161656834e-05,4.207930623e-06,1.645135713e-06
781600000,-7.194386604e-05,0.0004223248009,4.587759028e-06,5.996762963e-07
781700000,0.0005361418126,0.0005157585113,4.713697163e-06,-5.551802262e-07
781800000,0.00110899414,0.0003451402733,4.544062817e-06,-1.757479368e-06
781900000,0.001537189851,-4.310470354e-05,4.053733144e-06,-2.926480935e-06
782000000,0.001744197067,-0.0005598595076,3.242919506e-06,-3.968263662e-06
782100000,0.001701646762,-0.001092642805,2.143417882e-06,-4.785303825e-06
782200000,0.001434327187,-0.00152964441,8.206374311e-07,-5.288693891e-06
782300000,0.001013893599,-0.001783368547,-6.295642377e-07,-5.410996482e-06
782400000,0.000542679198,-0.001808870528,-2.08924701e-06,-5.11744229e-06
782500000,0.0001310982708,-0.001612725867,-3.43095659e-06,-4.413347374e-06
782600000,-0.0001265024635,-0.001250851015,-4.532651903e-06,-3.346221174e-06
782700000,-0.0001723597361,-0.000815681333,-5.292640288e-06,-2.001948585e-06
782800000,2.22479635e-06,-0.0004154933913,-5.642103842e-06,-4.954785498e-07
782900000,0.0003551101777,-0.0001503431425,-5.553194269e-06,1.042569681e-06
783000000,0.0008026180154,-8.981474072e-05,-5.041449819e-06,2.481256813e-06
783100000,0.001237898503,-0.0002573805875,-4.162292522e-06,3.704193569e-06
783200000,0.001554403178,-0.0006247480628,-3.002397416e-06,4.621643876e-06
783300000,0.001669415118,-0.001117422003,-1.667584468e-06,5.17814919e-06
783400000,0.001542580044,-0.001630308289,-2.694028418e-07,5.354839298e-06
783500000,0.001185455105,-0.00205003918,1.087337981e-06,5.166593648e-06
783600000,0.0006600104156,-0.002279271628,2.314188724e-06,4.655134301e-06
783700000,6.63676256e-05,-0.002257795154,3.344635964e-06,3.879785208e-06
783800000,-0.0004776609892,-0.001975966473,4.135336479e-06,2.907898931e-06
783900000,-0.0008609411949,-0.001477611993,4.663615519e-06,1.806791106e-06
784000000,-0.001002183617,-0.0008517578445,4.922547792e-06,6.384852584e-07
784100000,-0.0008670562781,-0.0002148907264,4.915320214e-06,-5.422148231e-07
784200000,-0.0004756613964,0.0003125688615,4.650551395e-06,-1.686661721e-06
784300000,0.0001011914775,0.0006306960586,4.139832076e-06,-2.749378089e-06
784400000,0.000756150099,0.0006803259441,3.398054818e-06,-3.684663625e-06
784500000,0.001366987164,0.0004549557361,2.446282852e-06,-4.444379353e-06
784600000,0.001821280479,1.828764619e-06,1.316155624e-06,-4.978168355e-06
784700000,0.00203899338,-0.0005880068448,5.431543191e-08,-5.236728826e-06
784800000,0.001988283537,-0.001198580201,-1.274813876e-06,-5.177938783e-06
784900000,0.001691280815,-0.00171287648,-2.589317143e-06,-4.77482599e-06
785000000,0.001218668829,-0.002036729066,-3.793965086e-06,-4.023765406e-06
785100000,0.0006742464006,-0.002117741548,-4.788263311e-06,-2.951012976e-06
785200000,0.0001727458389,-0.001955301237,-5.477471818e-06,-1.615820978e-06
785300000,-0.0001843981082,-0.001599622507,-5.784945866e-06,-1.08911186e-07
785400000,-0.0003302049557,-0.00114007584,-5.663705109e-06,1.454092322e-06
785500000,-0.0002457620846,-0.0006853283856,-5.105101698e-06,2.943713003e-06
785600000,3.65665169e-05,-0.0003395607284,-4.142849639e-06,4.230704914e-06
785700000,0.0004409769327,-0.0001798577031,-2.851428409e-06,5.201076198e-06
785800000,0.0008653856306,-0.000239615452,-1.338839996e-06,5.769700152e-06
785900000,0.001204195212,-0.0005015130662,2.653089697e-07,5.89034259e-06
786000000,0.001371747748,-0.0009015406329,1.824605322e-06,5.560525803e-06
786100000,0.00132140484,-0.001343198237,3.211221445e-06,4.820536697e-06
786200000,0.00105613844,-0.001718794826,4.319549984e-06,3.746895715e-06
786300000,0.0006283447669,-0.001933252777,5.076099985e-06,2.441536411e-06
786400000,0.0001289097918,-0.001925290044,5.444399918e-06,1.018622455e-06
786500000,-0.0003321407429,-0.001681418599,5.424586575e-06,-4.087772251e-07
786600000,-0.0006492753406,-0.001239738911,5.048310391e-06,-1.740070991e-06
786700000,-0.0007443329029,-0.0006826905718,4.370368334e-06,-2.895026584e-06
786800000,-0.0005837651687,-0.0001202698457,3.458935034e-06,-3.817390929e-06
786900000,-0.0001865692501,0.0003327548584,2.386320892e-06,-4.474380193e-06
787000000,0.0003787943691,0.0005808335847,1.221847054e-06,-4.852976923e-06
787100000,0.001007881063,0.000567786561,2.777905695e-08,-4.954520717e-06
787200000,0.001581338881,0.0002888834788,-1.141545636e-06,-4.789267089e-06
787300000,0.00198919577,-0.0002076889947,-2.238044888e-06,-4.372388922e-06
787400000,0.002153303967,-0.0008302924729,-3.216911481e-06,-3.722363355e-06
787500000,0.002043277,-0.001462277309,-4.033829444e-06,-2.86195247e-06
787600000,0.001682612753,-0.001985574568,-4.643781732e-06,-1.821219655e-06
787700000,0.001143739336,-0.002304547402,-5.00238655e-06,-6.414015027e-07
787800000,0.0005330246836,-0.002365159052,-5.070000437e-06,6.218787662e-07
787900000,-3.11215705e-05,-0.002165492174,-4.81804488e-06,1.897536283e-06
788000000,-0.000442488299,-0.001755458243,-4.23632805e-06,3.101167229e-06
788100000,-0.0006285934514,-0.001225792949,-3.339703472e-06,4.140803734e-06
788200000,-0.0005650232007,-0.0006886742443,-2.172337581e-06,4.925852436e-06
788300000,-0.0002796088622,-0.0002540547122,-8.081763793e-07,5.378005419e-06
788400000,0.000154390129,-6.698079084e-06,6.531482556e-07,5.442342564e-06
788500000,0.0006346095923,1.124282791e-05,2.094877478e-06,5.096618084e-06
788600000,0.001051913054,-0.0001915543093,3.395169632e-06,4.356900759e-06
788700000,0.001313964208,-0.0005582694803,4.440917761e-06,3.278292962e-06
788800000,0.001365010777,-0.0009969195116,5.141203766e-06,1.950284396e-06
788900000,0.001197663757,-0.001400817058,5.438227587e-06,4.872405821e-07
789000000,0.0008541707016,-0.00167210202,5.313936347e-06,-9.846032294e-07
789100000,0.0004169332932,-0.001743284061,4.791304388e-06,-2.341648132e-06
789200000,-9.674789261e-06,-0.001592165685,3.930139232e-06,-3.476689587e-06
789300000,-0.0003222695984,-0.001246939199,2.818229575e-06,-4.309845306e-06
789400000,-0.0004412565694,-0.0007803612613,1.559425571e-06,-4.79512047e-06
789500000,-0.0003285657864,-0.0002942508792,2.606999944e-07,-4.921898075e-06
789600000,3.490490678e-06,0.0001023729132,-9.79702052e-07,-4.711567307e-06
789700000,0.000494150312,0.0003168415691,-2.081259023e-06,-4.210347778e-06
789800000,0.001046533963,0.0002930484146,-2.98621137e-06,-3.479966953e-06
789900000,0.001547773155,2.400907449e-05,-3.660379621e-06,-2.588090211e-06
790000000,0.001892683973,-0.0004459135021,-4.090339599e-06,-1.600251634e-06
790100000,0.002005984733,-0.001029614926,-4.278199908e-06,-5.745350642e-07
790200000,0.001858371516,-0.001614896437,-4.235588794e-06,4.404730805e-07
790300000,0.001473060714,-0.002087462726,-3.978448444e-06,1.404731948e-06
790400000,0.000921411777,-0.002354459844,-3.523869659e-06,2.283754501e-06
790500000,0.0003085321863,-0.002363633075,-2.889569714e-06,3.044966436e-06
790600000,-0.0002481384608,-0.002114104299,-2.095868063e-06,3.654893023e-06
790700000,-0.000642803392,-0.001656522257,-1.169318912e-06,4.078379905e-06
790800000,-0.0008028494359,-0.001082559731,-1.466741763e-07,4.280489927e-06
790900000,-0.00070347207,-0.0005059557953,9.223147917e-07,4.230990791e-06
791000000,-0.0003723506338,-3.906546676e-05,1.974553159e-06,3.910622823e-06
791100000,0.0001165787679,0.0002301849728,2.936497034e-06,3.317777683e-06
791200000,0.0006589234344,0.0002561273512,3.730341009e-06,2.473957132e-06
791300000,0.001141873287,4.425257824e-05,4.282774494e-06,1.426481934e-06
791400000,0.00146783819,-0.0003506528231,4.534921392e-06,2.473724892e-07
791500000,0.001574710012,-0.0008367051575,4.451682325e-06,-9.719632314e-07
791600000,0.001448491476,-0.001304849376,4.028661931e-06,-2.12976821e-06
791700000,0.001125649809,-0.00165227423,3.295203772e-06,-3.125460462e-06
791800000,0.00068473094,-0.001804343234,2.31271094e-06,-3.871846502e-06
791900000,0.0002290491279,-0.001730386835,1.16827332e-06,-4.306011747e-06
792000000,-0.0001358373183,-0.001450010087,-3.551562212e-08,-4.397048394e-06
792100000,-0.0003250465353,-0.001028592614,-1.192962656e-06,-4.149314194e-06
792200000,-0.0002927921021,-0.0005629630469,-2.207900185e-06,-3.600704511e-06
792300000,-4.236806926e-05,-0.0001603256778,-3.004505507e-06,-2.816308995e-06
792400000,0.0003744281479,8.50456992e-05,-3.534642946e-06,-1.878636391e-06
792500000,0.0008683065044,0.0001123600117,-3.780726733e-06,-8.761661072e-07
792600000,0.001331574363,-9.228667535e-05,-3.753947004e-06,1.077881269e-07
792700000,0.001661231777,-0.0004925200289,-3.488550728e-06,1.004078067e-06
792800000,0.001781149372,-0.001009039997,-3.033553818e-06,1.763268215e-06
792900000,0.001658606161,-0.001536162185,-2.443646471e-06,2.357159733e-06
793000000,0.001311666508,-0.001964043699,-1.771070768e-06,2.776544675e-06
793100000,0.0008058204528,-0.002201887199,-1.05990483e-06,3.026176735e-06
793200000,0.0002405851582,-0.002197213667,-3.435636432e-07,3.118436254e-06
793300000,-0.0002711140174,-0.001947128946,3.544378506e-07,3.067322004e-06
793400000,-0.0006264430054,-0.001499201378,1.0171525e-06,2.884196903e-06
793500000,-0.0007540955031,-0.0009417586318,1.629547528e-06,2.576202956e-06
793600000,-0.0006291607558,-0.0003856388032,2.174032904e-06,2.14756029e-06
793700000,-0.0002783014831,5.877396494e-05,2.627579049e-06,1.603233145e-06
793800000,0.0002258409908,0.0003044113894,2.961411398e-06,9.538441777e-07
793900000,0.0007798343017,0.0003054878822,3.143620575e-06,2.203798288e-07
794000000,0.00127104223,6.681122686e-05,3.144294262e-06,-5.627713889e-07
794100000,0.001601077315,-0.0003575036307,2.942123139e-06,-1.347567828e-06
794200000,0.001706196391,-0.0008756313141,2.531004269e-06,-2.075366487e-06
794300000,0.001570362612,-0.001377490389,1.925058429e-06,-2.683052583e-06
794400000,0.001228242943,-0.001757951642,1.160721423e-06,-3.111305554e-06
794500000,0.0007575308156,-0.001938909111,2.951163604e-07,-3.313524402e-06
794600000,0.0002622338043,-0.001885565778,-5.993482474e-07,-3.263699007e-06
794700000,-0.0001495286527,-0.001613509837,-1.443435084e-06,-2.961632934e-06
794800000,-0.0003885155537,-0.001185105316,-2.161221549e-06,-2.434378395e-06
794900000,-0.0004032779,-0.000695981441,-2.690178435e-06,-1.733444995e-06
795000000,-0.0001909978547,-0.000254499928,-2.989395452e-06,-9.281483918e-07
795100000,0.0002020303002,4.143616184e-05,-3.044487297e-06,-9.620788278e-08
795200000,0.0006903639173,0.0001253094304,-2.868330967e-06,6.867694543e-07
795300000,0.001167692752,-2.378643303e-05,-2.497572083e-06,1.357074924e-06
795400000,0.001529547907,-0.0003766345859,-1.985634928e-06,1.870270906e-06
795500000,0.001695615349,-0.0008600453306,-1.39361568e-06,2.204957034e-06
795600000,0.001626919239,-0.001372356197,-7.80800893e-07,2.362456995e-06
795700000,0.001334232577,-0.001804988588,-1.965625208e-07,2.362753961e-06
795800000,0.0008759352474,-0.002065487372,3.249610019e-07,2.23771989e-06
795900000,0.0003457769158,-0.00209715976,7.666059014e-07,2.023171609e-06
796000000,-0.0001468601173,-0.00189115432,1.126317003e-06,1.751448079e-06
796100000,-0.0005000172784,-0.001488425076,1.412391611e-06,1.446010404e-06
796200000,-0.0006406555041,-0.0009711685502,1.637126033e-06,1.119065238e-06
796300000,-0.0005400449425,-0.0004455491492,1.810444226e-06,7.725135281e-07
796400000,-0.0002197983854,-1.936924198e-05,1.935030111e-06,4.017804731e-07
796500000,0.0002527207126,0.0002205940342,2.004099864e-06,1.448275711e-09
796600000,0.0007786376828,0.0002267968699,2.002324162e-06,-4.287754355e-07
796700000,0.00124843757,8.390589396e-07,1.909679826e-06,-8.792830211e-07
796800000,0.001565052736,-0.0004070096008,1.707333238e-06,-1.328240908e-06
796900000,0.001664287446,-0.0009085569469,1.384179968e-06,-1.742416415e-06
797000000,0.001528266188,-0.001396429242,9.424884852e-07,-2.081154163e-06
797100000,0.001189069922,-0.001766836476,4.012584315e-07,-2.302787599e-06
797200000,0.0007218005411,-0.001941545468,-2.036288744e-07,-2.372208746e-06
797300000,0.0002285494203,-0.001884414664,-8.227177692e-07,-2.268026679e-06
797400000,-0.0001833315818,-0.001608997494,-1.399259047e-06,-1.987785961e-06
797500000,-0.0004240557021,-0.001175612322,-1.877339392e-06,-1.550082982e-06
797600000,-0.0004404938269,-0.0006785056757,-2.210324302e-06,-9.930343003e-07
797700000,-0.0002274974899,-0.0002258297641,-2.367986682e-06,-3.692875907e-07
797800000,0.0001709384103,8.332797478e-05,-2.340938638e-06,2.61532162e-07
797900000,0.0006709147379,0.0001800064025,-2.141516461e-06,8.415282157e-07
798000000,0.001166313408,4.007415392e-05,-1.800977047e-06,1.32274665e-06
798100000,0.001551192072,-0.0003105275453,-1.363599922e-06,1.673365808e-06
798200000,0.001742161539,-0.0008011062551,-8.788990863e-07,1.880749767e-06
798300000,0.001696027518,-0.001330978748,-3.935061857e-07,1.950903478e-06
798400000,0.001418980913,-0.001790557061,5.568209454e-08,1.904604344e-06
798500000,0.0009654048069,-0.00208431702,4.457985826e-07,1.771156052e-06
798600000,0.0004265549109,-0.002150813647,7.690128824e-07,1.581175389e-06
798700000,-8.849757533e-05,-0.001975534038,1.030231632e-06,1.359985409e-06
798800000,-0.0004756445204,-0.001593890323,1.242176025e-06,1.123016597e-06
798900000,-0.0006574445563,-0.001083734231,1.419070632e-06,8.741503008e-07
799000000,-0.0005991864933,-0.0005489828002,1.570457568e-06,6.072764448e-07
799100000,-0.0003159400629,-9.781651709e-05,1.696602325e-06,3.106220462e-07
799200000,0.0001308746324,0.0001799476344,1.786593421e-06,-2.720916627e-08
799300000,0.0006466544159,0.0002315362228,1.81963586e-06,-4.109317546e-07
799400000,0.001123716947,5.201873709e-05,1.769326688e-06,-8.335275917e-07
799500000,0.001464077467,-0.0003150377953,1.610031223e-06,-1.273713799e-06
799600000,0.001600072929,-0.0007871741731,1.323993311e-06,-1.696665297e-06
799700000,0.001508468295,-0.001260845961,9.076157574e-07,-2.058035225e-06
799800000,0.001215065659,-0.001633635841,3.754806185e-07,-2.310606705e-06
799900000,0.0007888555006,-0.001826142777,-2.388834955e-07,-2.412331806e-06
800000000,0.0003269726487,-0.001798891438,-8.858292181e-07,-2.334189818e-06
800100000,-6.63255533e-05,-0.001560667768,-1.505626806e-06,-2.066295647e-06
800200000,-0.0003021713283,-0.00116651376,-2.036667523e-06,-1.621011111e-06
800300000,-0.0003262871438,-0.0007058172233,-2.424346858e-06,-1.032390709e-06
800400000,-0.000130781799,-0.0002830406872,-2.628996107e-06,-3.520090671e-07
800500000,0.0002439723063,4.80184804e-06,-2.631416609e-06,3.580781821e-07
800600000,0.0007177834787,8.912326558e-05,-2.435046654e-06,1.033939794e-06
800700000,0.001187616121,-5.526802349e-05,-2.064456686e-06,1.618359317e-06
800800000,0.001549498039,-0.0004043949549,-1.560584937e-06,2.06787091e-06
800900000,0.001720718635,-0.0008897689924,-9.737447531e-07,2.357052557e-06
801000000,0.001657619386,-0.001412505061,-3.558300299e-07,2.479473071e-06
801100000,0.001365212658,-0.001863925349,2.467620647e-07,2.445381246e-06
801200000,0.0008965905772,-0.002148317675,7.981955867e-07,2.276878825e-06
801300000,0.0003422359902,-0.002203064167,1.275439509e-06,2.001797063e-06
801400000,-0.000188530755,-0.00201191242,1.667525972e-06,1.647701503e-06
801500000,-0.0005900871095,-0.001608603701,1.972317952e-06,1.237342305e-06
801600000,-0.0007823122817,-0.001070096244,2.191814979e-06,7.86475872e-07
801700000,-0.000727103765,-0.0005008012654,2.327319804e-06,3.043960644e-07
801800000,-0.0004361612213,-1.112899459e-05,2.37578207e-06,-2.031400861e-07
801900000,3.15768228e-05,0.0003051705681,2.328330557e-06,-7.294833605e-07
802000000,0.0005822908773,0.0003901397287,2.171471036e-06,-1.262423586e-06
802100000,0.001106829948,0.0002332290186,1.890779333e-06,-1.780631171e-06
802200000,0.001503344789,-0.0001270125418,1.47630061e-06,-2.252338837e-06
802300000,0.001698254047,-0.0006114966345,9.284119394e-07,-2.636911965e-06
802400000,0.001661147492,-0.001117572842,2.627175036e-07,-2.889314786e-06
802500000,0.001410511902,-0.001540820659,-4.873311127e-07,-2.966815478e-06
802600000,0.001009105678,-0.001797039689,-1.270983824e-06,-2.836728524e-06
802700000,0.0005500000729,-0.00183978341,-2.024184034e-06,-2.483686048e-06
802800000,0.0001362842084,-0.001669731208,-2.676577286e-06,-1.914930408e-06
802900000,-0.0001412241226,-0.001333932015,-3.160475051e-06,-1.162433396e-06
803000000,-0.0002234985152,-0.0009151127864,-3.420274893e-06,-2.812129569e-07
803100000,-9.588675503e-05,-0.0005133657828,-3.420691193e-06,6.56076315e-07
803200000,0.0002089251372,-0.0002241558278,-3.152326531e-06,1.567499834e-06
803300000,0.0006181885806,-0.0001173726483,-2.63357908e-06,2.371809399e-06
803400000,0.00103503623,-0.0002219255395,-1.908542987e-06,2.998380366e-06
803500000,0.00135966822,-0.0005191873423,-1.04128391e-06,3.395495662e-06
803600000,0.001511236539,-0.0009466988648,-1.075154296e-07,3.535678695e-06
803700000,0.001445737664,-0.00141135116,8.148632439e-07,3.417345501e-06
803800000,0.00116607875,-0.001809241391,1.654765348e-06,3.062739503e-06
803900000,0.0007221521455,-0.002047978818,2.355019478e-06,2.512788473e-06
804000000,0.0002008774278,-0.002066699679,2.876590346e-06,1.820046896e-06
804100000,-0.0002917033887,-0.001849538522,3.199548372e-06,1.041155902e-06
804200000,-0.0006525133918,-0.001429689649,3.32107894e-06,2.30219974e-07
804300000,-0.0008030678627,-0.0008831780763,3.251385606e-06,-5.658185413e-07
804400000,-0.000706098057,-0.0003136236497,3.008693209e-06,-1.309253113e-06
804500000,-0.0003736817606,0.0001688302873,2.614628755e-06,-1.9711977e-06
804600000,0.0001348292651,0.0004700341364,2.091042778e-06,-2.529315629e-06
804700000,0.0007246627314,0.0005311077608,1.458886524e-06,-2.964726013e-06
804800000,0.001284799116,0.0003404675305,7.391850271e-07,-3.259265563e-06
804900000,0.001710481529,-6.388884175e-05,-4.442585934e-08,-3.394143827e-06
805000000,0.001924387998,-0.0006023025748,-8.62569607e-07,-3.350639597e-06
805100000,0.001892074909,-0.001169916616,-1.677583801e-06,-3.112934129e-06
805200000,0.001628498174,-0.001658239523,-2.442661567e-06,-2.67258743e-06
805300000,0.001194283641,-0.001977307357,-3.103437089e-06,-2.033670596e-06
805400000,0.00068256305,-0.002073819268,-3.60223094e-06,-1.217283351e-06
805500000,0.0001991689127,-0.001941470473,-3.884547743e-06,-2.641808841e-07
805600000,-0.0001596246197,-0.001621349885,-3.906849147e-06,7.654827431e-07
805700000,-0.0003271141832,-0.001192366625,-3.644234928e-06,1.795768031e-06
805800000,-0.000279711955,-0.0007537788263,-3.096543753e-06,2.741741967e-06
805900000,-4.117838907e-05,-0.0004035719158,-2.291566768e-06,3.518619131e-06
806000000,0.0003233166069,-0.0002173129493,-1.28452292e-06,4.051907807e-06
806100000,0.0007219920417,-0.0002320010574,-1.535882485e-07,4.286946981e-06
806200000,0.00105690803,-0.0004383605691,1.00802356e-06,4.19625481e-06
806300000,0.001245657703,-0.0007832104618,2.102305232e-06,3.783446115e-06
806400000,0.001239622992,-0.001181379764,3.03747647e-06,3.083052274e-06
806500000,0.001034860655,-0.001534588787,3.738095699e-06,2.156279094e-06
806600000,0.0006732712433,-0.001753221846,4.152753187e-06,1.083429727e-06
806700000,0.0002337918285,-0.001776299339,4.258286854e-06,-4.573433225e-08
806800000,-0.0001845068508,-0.001585346465,4.060096674e-06,-1.142124395e-06
806900000,-0.000483806049,-0.001209165441,3.588823753e-06,-2.126383153e-06
807000000,-0.0005888393266,-0.0007184632601,2.894268991e-06,-2.935603291e-06
807100000,-0.0004635605159,-0.000211448945,2.037836097e-06,-3.526959958e-06
807200000,-0.0001196192764,0.0002065685249,1.084920082e-06,-3.878143255e-06
807300000,0.0003851791023,0.0004452826971,9.850899599e-08,-3.98508783e-06
807400000,0.0009581387728,0.0004485381897,-8.651322464e-07,-3.857961238e-06
807500000,0.001490328145,0.0002064956729,-1.75837712e-06,-3.5166002e-06
807600000,0.001878742614,-0.0002417495788,-2.542009983e-06,-2.986536022e-06
807700000,0.002047363514,-0.000815661507,-3.183591192e-06,-2.296448784e-06
807800000,0.001962735432,-0.001409326918,-3.655425177e-06,-1.477410629e-06
807900000,0.001640828013,-0.001912764407,-3.933158241e-06,-5.637350458e-07
808000000,0.001143762275,-0.002234066346,-3.995791969e-06,4.05232512e-07
808100000,0.0005670879448,-0.002317791969,-3.82745857e-06,1.383355787e-06
808200000,2.026112466e-05,-0.002155811874,-3.420768587e-06,2.317016845e-06
808300000,-0.0003956163825,-0.001788377002,-2.781033479e-06,3.146329442e-06
808400000,-0.000608167705,-0.001295222888,-1.930304449e-06,3.808670783e-06
808500000,-0.0005879915697,-0.0007785998563,-9.100423079e-07,4.24439223e-06
808600000,-0.0003538475599,-0.0003418074072,2.18621554e-07,4.404005649e-06
808700000,3.226416433e-05,-6.775089868e-05,1.377677371e-06,4.25569364e-06
808800000,0.0004790403109,-2.029062154e-06,2.47815691e-06,3.791762368e-06
808900000,0.0008858372821,-0.0001440988637,3.428627166e-06,3.03270363e-06
809000000,0.001164394001,-0.0004483482854,4.145147051e-06,2.027859242e-06
809100000,0.00125767995,-0.0008347987322,4.561209017e-06,8.522283134e-07
809200000,0.001151851936,-0.001207105137,4.636090603e-06,-4.003779514e-07
809300000,0.0008787812781,-0.001473963468,4.360240809e-06,-1.626978658e-06
809400000,0.0005086370894,-0.001569308781,3.75678908e-06,-2.726499282e-06
809500000,0.0001341472647,-0.001466951051,2.878903526e-06,-3.610653068e-06
809600000,-0.0001500535175,-0.001186495633,1.803416686e-06,-4.213030809e-06
809700000,-0.0002685256776,-0.0007892723045,6.217483978e-07,-4.495122867e-06
809800000,-0.00018202027,-0.0003651459784,-5.704306238e-07,-4.448543128e-06
809900000,0.0001033025689,-1.303989612e-05,-1.683210331e-06,-4.093386832e-06
810000000,0.0005364327784,0.0001806520117,-2.64069724e-06,-3.473302356e-06
810100000,0.001031754696,0.0001611385316,-3.386492702e-06,-2.64836596e-06
810200000,0.001486818349,-8.229502654e-05,-3.885946404e-06,-1.687123599e-06
810300000,0.001803880697,-0.0005130918534,-4.125358216e-06,-6.591605262e-07
810400000,0.001910663585,-0.001054218711,-4.108840357e-06,3.707091653e-07
810500000,0.001775943608,-0.001603552275,-3.853903183e-06,1.346006823e-06
810600000,0.00141667949,-0.002054650839,-3.386927617e-06,2.219837478e-06
810700000,0.0008951599319,-0.002318577661,-2.739526386e-06,2.95427599e-06
810800000,0.000306743429,-0.002342224849,-1.946421866e-06,3.518723679e-06
810900000,-0.0002392753131,-0.002119319716,-1.044972407e-06,3.88822308e-06
811000000,-0.0006417075032,-0.001691822278,-7.597825849e-08,4.042622066e-06
811100000,-0.0008278535678,-0.001141423127,9.149915028e-07,3.967158934e-06
811200000,-0.0007680084109,-0.0005729093505,1.876698491e-06,3.654574667e-06
811300000,-0.0004810947091,-9.285536611e-05,2.752651847e-06,3.108357224e-06
811400000,-3.027835797e-05,0.0002119348543,3.483441773e-06,2.346303374e-06
811500000,0.0004904924582,0.0002917599418,4.011125953e-06,1.403346659e-06
811600000,0.0009761904748,0.000143539283,4.285272352e-06,3.326064477e-07
811700000,0.001332518369,-0.000189433828,4.269779265e-06,-7.961292587e-07
811800000,0.001495249887,-0.0006274058536,3.949271683e-06,-1.90081293e-06
811900000,0.001443053014,-0.001071612754,3.333790208e-06,-2.894191123e-06
812000000,0.001201124266,-0.00142554759,2.460673659e-06,-3.692689718e-06
812100000,0.0008349105965,-0.001615523648,1.392961083e-06,-4.225879961e-06
812200000,0.0004353007337,-0.001606164982,2.142244494e-07,-4.445059901e-06
812300000,9.848288297e-05,-0.001407541054,-9.796241969e-07,-4.329545725e-06
812400000,-9.519874072e-05,-0.001072449671,-2.090453442e-06,-3.88959748e-06
812500000,-9.884638079e-05,-0.0006844621963,-3.028499207e-06,-3.165443954e-06
812600000,9.070822184e-05,-0.0003393244389,-3.721854984e-06,-2.222519356e-06
812700000,0.0004321442009,-0.000123729622,-4.123487206e-06,-1.143654853e-06
812800000,0.0008485728396,-9.603988318e-05,-4.214830301e-06,-1.945951066e-08
812900000,0.001244219536,-0.0002731101545,-4.005612305e-06,1.061615602e-06
813000000,0.001525283981,-0.0006260560213,-3.530204466e-06,2.022055558e-06
813100000,0.001620504514,-0.001085889766,-2.841351982e-06,2.801714909e-06
813200000,0.001497019254,-0.00155783926,-2.002520811e-06,3.36121143e-06
813300000,0.001168122437,-0.001941313939,-1.080219998e-06,3.682178917e-06
813400000,0.0006912400339,-0.002151283084,-1.375154883e-07,3.764850778e-06
813500000,0.0001565238508,-0.002136534574,7.704193359e-07,3.623884551e-06
813600000,-0.0003315530347,-0.001890944354,1.598383052e-06,3.283557906e-06
813700000,-0.0006757420924,-0.001455362822,2.31106177e-06,2.773433448e-06
813800000,-0.000806190529,-0.0009096989619,2.881438627e-06,2.125321751e-06
813900000,-0.00069501301,-0.0003568397576,3.28862417e-06,1.371937663e-06
814000000,-0.000362214002,9.824941368e-05,3.51606906e-06,5.471468152e-07
814100000,0.0001282795296,0.0003698929478,3.550919828e-06,-3.127482922e-07
814200000,0.0006816503533,0.0004090967221,3.384894011e-06,-1.167528967e-06
814300000,0.001191573598,0.0002133510741,3.016574185e-06,-1.972311188e-06
814400000,0.001561913374,-0.0001731820717,2.454562693e-06,-2.67829116e-06
814500000,0.001726217686,-0.0006691178508,1.720607331e-06,-3.235390003e-06
814600000,0.00166095923,-0.001172941359,8.51682426e-07,-3.596721002e-06
814700000,0.001389780361,-0.001584157057,-9.987588654e-08,-3.724308418e-06
814800000,0.0009778865457,-0.001824060465,-1.068744731e-06,-3.59509131e-06
814900000,0.0005178007683,-0.001851781025,-1.981572855e-06,-3.206041329e-06
815000000,0.0001095075089,-0.001672243553,-2.764050714e-06,-2.577262617e-06
815100000,-0.0001608047624,-0.001334403138,-3.349138899e-06,-1.752225804e-06
815200000,-0.0002389015237,-0.0009201662284,-3.685186997e-06,-7.947654558e-07
815300000,-0.0001137211207,-0.000526384121,-3.74259889e-06,2.169516169e-07
815400000,0.0001807067236,-0.0002437737866,-3.517885502e-06,1.198716734e-06
815500000,0.0005730222965,-0.0001372705086,-3.034361e-06,2.069624028e-06
815600000,0.0009702929573,-0.0002320064204,-2.339304725e-06,2.761049302e-06
815700000,0.001278377225,-0.0005079036518,-1.498018474e-06,3.223890591e-06
815800000,0.001422527003,-0.0009040276258,-5.857381798e-07,3.433001135e-06
815900000,0.001363812696,-0.001331759544,3.212929082e-07,3.388244531e-06
816000000,0.001107852618,-0.001693963823,1.15418214e-06,3.112198088e-06
816100000,0.0007039745774,-0.00190604849,1.857932796e-06,2.645106006e-06
816200000,0.0002349805172,-0.001914415939,2.395323566e-06,2.038126911e-06
816300000,-0.0002003123222,-0.001708360899,2.747803598e-06,1.346146362e-06
816400000,-0.0005080445302,-0.001322869732,2.913653116e-06,6.213960546e-07
816500000,-0.0006193485922,-0.0008317098954,2.904146994e-06,-9.114840959e-08
816600000,-0.0005051926563,-0.000332257894,2.738768889e-06,-7.560664946e-07
816700000,-0.0001828841414,7.473844022e-05,2.440599447e-06,-1.34748965e-06
816800000,0.0002871527614,0.0003061996553,2.032836678e-06,-1.847289118e-06
816900000,0.0008136600337,0.0003141266431,1.537043906e-06,-2.242302034e-06
817000000,0.001293317036,9.572186519e-05,9.732455622e-07,-2.521588674e-06
817100000,0.00163206604,-0.0003059082682,3.615109319e-07,-2.674624491e-06
817200000,0.001764524733,-0.0008106193027,-2.757126582e-07,-2.691032261e-06
817300000,0.001667422673,-0.001317805403,-9.114496389e-07,-2.562022664e-06
817400000,0.001364254205,-0.001727213985,-1.513128709e-06,-2.283236212e-06
817500000,0.0009201834488,-0.001959639422,-2.043246346e-06,-1.858273492e-06
817600000,0.0004282815232,-0.001973165168,-2.461995425e-06,-1.301956766e-06
817700000,-1.000608839e-05,-0.001771560477,-2.731607876e-06,-6.42341234e-07
817800000,-0.000306054665,-0.001403087666,-2.821711963e-06,7.930195231e-08
817900000,-0.000402464241,-0.0009499928415,-2.714693867e-06,8.109167113e-07
818000000,-0.0002848099298,-0.0005109133111,-2.409951756e-06,1.494394283e-06
818100000,1.571849566e-05,-0.0001799253538,-1.926065907e-06,2.071994262e-06
818200000,0.0004293203491,-2.666116657e-05,-1.300257875e-06,2.493448619e-06
818300000,0.0008627261394,-8.169340059e-05,-5.850064943e-07,2.72254169e-06
818400000,0.00121925355,-0.0003302672487,1.577715766e-07,2.741996536e-06
818500000,0.001419515913,-0.0007156894657,8.64094872e-07,2.555770833e-06
818600000,0.001418388034,-0.001151635871,1.475651342e-06,2.188321483e-06
818700000,0.001214632518,-0.001540748154,1.946619691e-06,1.680945709e-06
818800000,0.0008511509089,-0.001795558679,2.248468629e-06,1.085837494e-06
818900000,0.0004058163945,-0.001857291494,2.372003719e-06,4.589050526e-07
819000000,-2.515490943e-05,-0.001708542872,2.326447849e-06,-1.474035701e-07
819100000,-0.000347754211,-0.001377148131,2.135890747e-06,-6.900626212e-07
819200000,-0.0004902823444,-0.0009304154721,1.833914775e-06,-1.139290185e-06
819300000,-0.0004187336029,-0.0004609530534,1.457504766e-06,-1.47975069e-06
819400000,-0.000144195479,-6.709805398e-05,1.041421078e-06,-1.709189546e-06
819500000,0.0002793055514,0.0001679017489,6.140477257e-07,-1.835051086e-06
819600000,0.0007660564686,0.0001935427953,1.953608262e-07,-1.869999491e-06
819700000,0.001216626908,2.819547467e-06,-2.028226331e-07,-1.827426216e-06
819800000,0.001538754825,-0.0003661970043,-5.746556667e-07,-1.717957213e-06
819900000,0.001666734934,-0.0008382888827,-9.168807126e-07,-1.547689027e-06
820000000,0.001575216019,-0.001316852386,-1.225239497e-06,-1.318449606e-06
820100000,0.001284496923,-0.00170416208,-1.491665577e-06,-1.029892839e-06
820200000,0.0008562077333,-0.001921860213,-1.703040735e-06,-6.828015692e-07
820300000,0.0003802928708,-0.001927349458,-1.841912369e-06,-2.826854987e-07
820400000,-4.395198802e-05,-0.001722634263,-1.889097181e-06,1.573201836e-07
820500000,-0.000328783878,-0.001353752153,-1.827640149e-06,6.151058168e-07
820600000,-0.000416445071,-0.0009009239623,-1.64725668e-06,1.06030168e-06
820700000,-0.0002912366587,-0.0004615112948,-1.348234656e-06,1.457112957e-06
820800000,1.730872718e-05,-0.0001293867703,-9.438456547e-07,1.768854464e-06
820900000,0.0004408152954,2.492268669e-05,-4.605969154e-07,1.963368273e-06
821000000,0.0008866539433,-3.087390977e-05,6.3911195e-08,2.018279091e-06
821100000,0.001257642803,-0.0002840486992,5.852647496e-07,1.925032174e-06
821200000,0.001472690862,-0.0006796051224,1.057947154e-06,1.690870793e-06
821300000,0.001484021396,-0.00113197204,1.441467005e-06,1.3383019e-06
821400000,0.001287338004,-0.001543164154,1.705785316e-06,9.020886669e-07
821500000,0.0009227895275,-0.001823567431,1.835049248e-06,4.24295177e-07
821600000,0.0004665349348,-0.001910957047,1.828967162e-06,-5.170957272e-08
821700000,1.469411948e-05,-0.001783732106,1.701622529e-06,-4.871833955e-07
821800000,-0.0003369235013,-0.001465575566,1.478026108e-06,-8.528004113e-07
821900000,-0.0005130324883,-0.001020560021,1.189142845e-06,-1.131465916e-06
822000000,-0.0004747629077,-0.0005397368569,8.664119369e-07,-1.318736304e-06
822100000,-0.0002278816057,-0.0001220420681,5.368480983e-07,-1.420915759e-06
822200000,0.0001783839337,0.0001464520664,2.196565497e-07,-1.451370489e-06
822300000,0.000661662736,0.0002105655064,-7.505200661e-08,-1.425949742e-06
822400000,0.001123714729,5.752335963e-05,-3.453227223e-07,-1.358558967e-06
822500000,0.001471013712,-0.0002804646042,-5.945512705e-07,-1.257863268e-06
822600000,0.001634296131,-0.0007330887879,-8.275661125e-07,-1.125824892e-06
822700000,0.001582955434,-0.001206822314,-1.04658302e-06,-9.583567059e-07
822800000,0.001331253985,-0.001604647573,-1.248032202e-06,-7.47894839e-07
822900000,0.0009350559099,-0.001846452565,-1.421057128e-06,-4.872602913e-07
823000000,0.0004797896454,-0.001885784881,-1.548109555e-06,-1.738833079e-07
823100000,6.220436552e-05,-0.001719425602,-1.607597434e-06,1.866311851e-07
823200000,-0.0002302030581,-0.00138776923,-1.57808102e-06,5.784935734e-07
823300000,-0.0003377232173,-0.0009659466743,-1.443155717e-06,9.758517585e-07
823400000,-0.0002410001224,-0.0005475925389,-1.195983945e-06,1.345175495e-06
823500000,3.503262474e-05,-0.0002247183056,-8.424804269e-07,1.64955283e-06
823600000,0.0004266703966,-6.797736851e-05,-4.024076156e-07,1.854136504e-06
823700000,0.0008452257886,-0.0001115210609,9.195175947e-08,1.931720545e-06
823800000,0.001196144762,-0.0003456655934,5.99395197e-07,1.86737817e-06
823900000,0.001399378881,-0.0007189272968,1.075069043e-06,1.661261927e-06
824000000,0.00140667798,-0.001148992074,1.47646719e-06,1.329020352e-06
824100000,0.00121212448,-0.001540288182,1.769079194e-06,8.99748606e-07
824200000,0.0008536669298,-0.001804431881,1.93068334e-06,4.118676604e-07
824300000,0.0004053196123,-0.001879208752,1.953557894e-06,-9.228101602e-08
824400000,-3.832836425e-05,-0.001742066072,1.844303582e-06,-5.72110526e-07
824500000,-0.0003820257299,-0.001415254746,1.621443893e-06,-9.937005798e-07
824600000,-0.0005499929362,-0.0009615244546,1.31139813e-06,-1.33310608e-06
824700000,-0.000502032822,-0.0004712685015,9.437168402e-07,-1.577581268e-06
824800000,-0.0002422238201,-4.381455407e-05,5.465709317e-07,-1.724686894e-06
824900000,0.0001816362251,0.0002332136692,1.433763925e-07,-1.779689353e-06
825000000,0.0006877236601,0.0003021369628,-2.488572172e-07,-1.752001639e-06
825100000,0.001176991462,0.0001472435141,-6.192785479e-07,-1.651585216e-06
825200000,0.001553563901,-0.0002019190675,-9.613109821e-07,-1.486195228e-06
825300000,0.001744457723,-0.0006766643603,-1.26977105e-06,-1.260119502e-06
825400000,0.001714509386,-0.001183410024,-1.537850209e-06,-9.746863779e-07
825500000,0.001473396261,-0.001623052278,-1.754848851e-06,-6.30380717e-07
825600000,0.001073300147,-0.001911408429,-1.905375862e-06,-2.300069443e-07
825700000,0.0005977265924,-0.001996443796,-1.970386377e-06,2.179389211e-07
825800000,0.0001438515198,-0.001868679358,-1.929997868e-06,6.966179005e-07
825900000,-0.0001978733702,-0.00156261548,-1.767594009e-06,1.179730951e-06
826000000,-0.0003625507369,-0.001148903931,-1.474390488e-06,1.632448143e-06
826100000,-0.0003241328712,-0.0007189556002,-1.053471292e-06,2.014470892e-06
826200000,-0.00010038808,-0.0003652711888,-5.223464778e-07,2.284853906e-06
826300000,0.0002514854676,-0.0001616858919,8.667176764e-08,2.407815267e-06
826400000,0.0006476326942,-0.0001477326408,7.28576945e-07,2.358511663e-06
826500000,0.0009959506373,-0.0003204467256,1.350086269e-06,2.127705643e-06
826600000,0.001216183648,-0.0006353440141,1.89574158e-06,1.724416381e-06
826700000,0.001257398681,-0.001016344395,2.314726909e-06,1.17599344e-06
826800000,0.001109098313,-0.001372500562,2.567281667e-06,5.255156531e-07
826900000,0.0008035923419,-0.001617938924,2.629649473e-06,-1.730981679e-07
827000000,0.0004091193778,-0.001690735133,2.496766822e-06,-8.614701875e-07
827100000,1.518684588e-05,-0.001566676958,2.182309397e-06,-1.483585656e-06
827200000,-0.0002867416029,-0.001264960914,1.716192781e-06,-1.991956288e-06
827300000,-0.000423091892,-0.0008445902656,1.140072278e-06,-2.352186576e-06
827400000,-0.0003543276478,-0.0003922214606,5.017148832e-07,-2.54534057e-06
827500000,-8.395705907e-05,-4.021698606e-06,-1.507378326e-07,-2.567944876e-06
827600000,0.0003415305567,0.0002346323479,-7.736579894e-07,-2.429912668e-06
827700000,0.000841810016,0.0002673305994,-1.331261186e-06,-2.151041219e-06
827800000,0.001319045149,7.884673424e-05,-1.797046161e-06,-1.756948717e-06
827900000,0.001677983317,-0.0003011824342,-2.153436458e-06,-1.275335639e-06
828000000,0.001845621469,-0.0008039025065,-2.390094121e-06,-7.332844357e-07
828100000,0.001786338154,-0.001335047645,-2.501627163e-06,-1.559920331e-07
828200000,0.001509335722,-0.001794039451,-2.485486661e-06,4.330628977e-07
828300000,0.001066843255,-0.002094408783,-2.340733482e-06,1.010892511e-06
828400000,0.0005434577451,-0.002181298004,-2.068078223e-06,1.553362816e-06
828500000,3.884745844e-05,-0.002042413014,-1.671225538e-06,2.033911139e-06
828600000,-0.0003525766705,-0.001710163126,-1.159170868e-06,2.42330686e-06
828700000,-0.0005607865594,-0.001254567825,-5.487918034e-07,2.690896316e-06
828800000,-0.0005540801531,-0.0007684392357,1.330808842e-07,2.807405842e-06
828900000,-0.0003449524605,-0.000347964569,8.488966516e-07,2.748971875e-06
829000000,1.329804315e-05,-7.277419861e-05,1.551489588e-06,2.501713695e-06
829100000,0.0004384696042,1.031600623e-05,2.187258102e-06,2.065943354e-06
829200000,0.0008373123989,-0.0001035198058,2.701191192e-06,1.45907147e-06
829300000,0.001125530693,-0.0003769290112,3.043099396e-06,7.164317405e-07
829400000,0.001245673378,-0.0007391744267,3.174103201e-06,-1.104166708e-07
829500000,0.001179109141,-0.001101994433,3.072301221e-06,-9.57905187e-07
829600000,0.0009495492949,-0.001379107758,2.736616567e-06,-1.756721833e-06
829700000,0.0006173917676,-0.001505165764,2.188092143e-06,-2.439266648e-06
829800000,0.0002661272565,-0.001450077726,1.468323683e-06,-2.947195887e-06
829900000,-1.624947577e-05,-0.00122563114,6.352025251e-07,-3.237915331e-06
830000000,-0.0001568100857,-0.0008829860437,-2.434051599e-07,-3.289053618e-06
830100000,-0.0001140239622,-0.0005015831071,-1.097077929e-06,-3.10029324e-06
830200000,0.0001126726149,-0.0001718477044,-1.860235276e-06,-2.692391271e-06
830300000,0.000482140875,2.459942401e-05,-2.478439161e-06,-2.103694552e-06
830400000,0.0009198178144,3.298279761e-05,-2.912773715e-06,-1.384853274e-06
830500000,0.001333264556,-0.0001622026791,-3.141860488e-06,-5.926872685e-07
830600000,0.001631694424,-0.0005330519254,-3.161510849e-06,2.157828334e-07
830700000,0.001745347285,-0.001013305972,-2.982430854e-06,9.882655239e-07
830800000,0.001640610769,-0.001511569878,-2.626695113e-06,1.680512765e-06
830900000,0.001327687033,-0.001929937852,-2.123838875e-06,2.25783012e-06
831000000,0.0008591711416,-0.002184136012,-1.507362505e-06,2.694987148e-06
831100000,0.0003198117416,-0.002220976814,-8.122207778e-07,2.975046662e-06
831200000,-0.000190432976,-0.002029482678,-7.353726031e-08,3.087801718e-06
831300000,-0.0005765342265,-0.001643358105,6.735797435e-07,3.02850359e-06
831400000,-0.0007675537147,-0.001134291712,1.393554564e-06,2.797389807e-06
831500000,-0.0007308602983,-0.0005974766806,2.049817554e-06,2.400223028e-06
831600000,-0.0004784664843,-0.0001323542211,2.604878662e-06,1.849700932e-06
831700000,-6.41897475e-05,0.0001774251778,3.021495283e-06,1.167277672e-06
831800000,0.0004277462363,0.0002806693647,3.265140094e-06,3.847252549e-07
831900000,0.0009002727109,0.0001684947136,3.307612831e-06,-4.552884864e-07
832000000,0.001263518098,-0.0001246600514,3.13128671e-06,-1.300201996e-06
832100000,0.001453135631,-0.0005290234655,2.73321757e-06,-2.090455375e-06
832200000,0.001443086042,-0.0009547613954,2.128235286e-06,-2.76420847e-06
832300000,0.001250217789,-0.001311273726,1.35021446e-06,-3.263406913e-06
832400000,0.0009297242158,-0.001526417289,4.509772603e-07,-3.54038312e-06
832500000,0.0005624929034,-0.001561575779,-5.033300895e-07,-3.563981501e-06
832600000,0.0002370862551,-0.001419386436,-1.438098894e-06,-3.324186798e-06
832700000,3.023481418e-05,-0.001142504732,-2.277652791e-06,-2.834420593e-06
832800000,-9.961731142e-06,-0.000803708437,-2.953168387e-06,-2.131022613e-06
832900000,0.0001254833479,-0.0004894997226,-3.409987698e-06,-1.269885452e-06
833000000,0.0004045267037,-0.0002807584292,-3.613264889e-06,-3.206778471e-07
833100000,0.0007611468855,-0.0002346300815,-3.551156152e-06,6.405165671e-07
833200000,0.001109840205,-0.0003715628751,-3.235166971e-06,1.539075482e-06
833300000,0.001364436445,-0.0006702980225,-2.697737132e-06,2.309110617e-06
833400000,0.001457184991,-0.001071908548,-1.987581396e-06,2.899168918e-06
833500000,0.001354006144,-0.001492042054,-1.163630312e-06,3.275710394e-06
833600000,0.001062623815,-0.001838769475,-2.885726261e-07,3.424126558e-06
833700000,0.0006318143551,-0.002032247549,5.770352989e-07,3.34749452e-06
833800000,0.0001418945991,-0.002022018178,1.379340523e-06,3.063623204e-06
833900000,-0.0003115722573,-0.001798269207,2.074030614e-06,2.601171718e-06
834000000,-0.0006374431248,-0.001394656541,2.627410199e-06,1.995667923e-06
834100000,-0.0007679153883,-0.0008820634031,3.016044532e-06,1.286128038e-06
834200000,-0.0006727404914,-0.0003545732805,3.225544653e-06,5.127128184e-07
834300000,-0.0003657558837,8.943920922e-05,3.249160556e-06,-2.844819117e-07
834400000,9.763567302e-05,0.0003671784572,3.086772459e-06,-1.065733418e-06
834500000,0.000631524975,0.0004281402488,2.744650143e-06,-1.791580004e-06
834600000,0.001136804212,0.0002642071059,2.236042436e-06,-2.422879077e-06
834700000,0.001521138128,-8.895519186e-05,1.582338132e-06,-2.921572096e-06
834800000,0.001717462711,-0.0005594726136,8.142835685e-07,-3.252489739e-06
834900000,0.00169718564,-0.001054216688,-2.738637361e-08,-3.38622432e-06
835000000,0.001475369613,-0.001478009857,-8.925133589e-07,-3.302758134e-06
835100000,0.001106854873,-0.001753071601,-1.723691822e-06,-2.995245084e-06
835200000,0.000674173243,-0.001834648746,-2.460153877e-06,-2.473168963e-06
835300000,0.0002698264825,-0.001719578511,-3.043085707e-06,-1.764091053e-06
835400000,-2.331570928e-05,-0.001446023922,-3.421746544e-06,-9.133637527e-07
835500000,-0.0001493507647,-0.001084487129,-3.559510268e-06,1.850035395e-08
835600000,-9.07500421e-05,-0.0007220534927,-3.438857558e-06,9.607117108e-07
835700000,0.0001285590719,-0.0004432549515,-3.064439816e-06,1.838833088e-06
835800000,0.0004490545502,-0.0003116568672,-2.463603471e-06,2.582307081e-06
835900000,0.0007891315401,-0.0003561122042,-1.68415725e-06,3.131834747e-06
836000000,0.001063335102,-0.0005646222646,-7.896120502e-07,3.445544102e-06
836100000,0.001201375492,-0.0008871082539,1.474624741e-07,3.503063879e-06
836200000,0.001163823917,-0.001246483595,1.053017678e-06,3.306953264e-06
836300000,0.0009511034056,-0.001555634852,1.858961586e-06,2.881368683e-06
836400000,0.0006038316406,-0.001736652403,2.509429267e-06,2.268291884e-06
836500000,0.0001944288926,-0.001738171711,2.965104284e-06,1.522015597e-06
836600000,-0.0001882246987,-0.001547092793,3.205173827e-06,7.028153267e-07
836700000,-0.0004578130569,-0.001192148795,3.226920862e-06,-1.292113075e-07
836800000,-0.0005492358766,-0.0007385337161,3.043348633e-06,-9.192857429e-07
836900000,-0.0004329150348,-0.0002747010343,2.679520998e-06,-1.621496202e-06
837000000,-0.0001217051727,0.0001058952676,2.168434489e-06,-2.200541732e-06
837100000,0.000331077805,0.0003242776223,1.547196579e-06,-2.631833328e-06
837200000,0.0008421243843,0.0003325447928,8.540878076e-07,-2.900414036e-06
837300000,0.001314924397,0.0001241059474,1.267839573e-07,-2.999331238e-06
837400000,0.001659389956,-0.000264604459,-5.983204856e-07,-2.928105542e-06
837500000,0.001810223098,-0.0007613021798,-1.286038174e-06,-2.691797083e-06
837600000,0.001740206992,-0.001272434622,-1.902098334e-06,-2.300910743e-06
837700000,0.001465659945,-0.001702140931,-2.413209834e-06,-1.772070748e-06
837800000,0.001042925731,-0.001971653177,-2.787929627e-06,-1.129107039e-06
837900000,0.000556641793,-0.002035111914,-2.998544603e-06,-4.039997399e-07
838000000,0.0001022399345,-0.00188851983,-3.023862814e-06,3.629277953e-07
838100000,-0.0002336645452,-0.00156999173,-2.852502413e-06,1.124075646e-06
838200000,-0.000390901616,-0.00115127979,-2.486036427e-06,1.82716191e-06
838300000,-0.0003477189505,-0.0007223798622,-1.941255386e-06,2.419284265e-06
838400000,-0.0001246152024,-0.0003724744881,-1.250876427e-06,2.852039774e-06
838500000,0.000220733197,-0.0001712347974,-4.622500571e-07,3.087004317e-06
838600000,0.0006063394269,-0.0001544223119,3.660460674e-07,3.100706768e-06
838700000,0.0009438088259,-0.0003168168757,1.169449581e-06,2.888231685e-06
838800000,0.001157453937,-0.0006139394818,1.883856996e-06,2.464755086e-06
838900000,0.001200546937,-0.0009721677228,2.452378064e-06,1.864632602e-06
839000000,0.001065249292,-0.00130505478,2.831412624e-06,1.138059238e-06
839100000,0.0007841116837,-0.001532342025,2.995143876e-06,3.457284516e-07
839200000,0.0004228405673,-0.001597583741,2.937791374e-06,-4.47744361e-07
839300000,6.589572228e-05,-0.001480603443,2.673336414e-06,-1.180668073e-06
839400000,-0.0002019844912,-0.001202110473,2.232851168e-06,-1.800400232e-06
839500000,-0.0003143647552,-0.000819485022,1.659950157e-06,-2.267911148e-06
839600000,-0.0002378159865,-0.0004146288261,1.005165002e-06,-2.560248665e-06
839700000,2.04140665e-05,-7.647297288e-05,3.201688416e-07,-2.670749709e-06
839800000,0.0004134150117,0.0001181277575,-3.472740814e-07,-2.607238468e-06
839900000,0.0008641149531,0.0001210432546,-9.569693018e-07,-2.388776296e-06
840000000,0.001281267619,-7.648732451e-05,-1.478222294e-06,-2.041723768e-06
840100000,0.001578550481,-0.0004414865891,-1.890062131e-06,-1.595907283e-06
840200000,0.001692742377,-0.0009056658787,-2.180114072e-06,-1.081552419e-06
840300000,0.001597145218,-0.001379311742,-2.342706238e-06,-5.273887475e-07
840400000,0.001307417681,-0.001769724863,-2.376879926e-06,3.999344444e-08
840500000,0.000878585336,-0.002000348394,-2.284900162e-06,5.957718834e-07
840600000,0.0003938445333,-0.00202657956,-2.071655196e-06,1.115985205e-06
840700000,-5.250218762e-05,-0.001844955658,-1.745041792e-06,1.576681798e-06
840800000,-0.0003744130883,-0.00149379543,-1.31712612e-06,1.953678236e-06
840900000,-0.0005117304662,-0.001045167275,-8.05618876e-07,2.223302408e-06
841000000,-0.000442381872,-0.0005898719838,-2.350663853e-07,2.364219398e-06
841100000,-0.0001866195424,-0.0002185894631,3.628305241e-07,2.360126311e-06
841200000,0.0001975709577,-3.140019388e-06,9.502006948e-07,2.20282731e-06
841300000,0.0006269088266,1.821705464e-05,1.485448557e-06,1.895026251e-06
841400000,0.001010472162,-0.000151623296,1.926991696e-06,1.452144082e-06
841500000,0.001268843627,-0.0004696998519,2.237806041e-06,9.02593436e-07
841600000,0.001350713228,-0.0008624975287,2.390065111e-06,2.862017098e-07
841700000,0.001243444676,-0.001241851077,2.369067121e-06,-3.491845564e-07
841800000,0.0009753908051,-0.001523859115,2.175712567e-06,-9.525266042e-07
841900000,0.0006094916943,-0.001646794388,1.827015589e-06,-1.47517024e-06
842000000,0.0002295366576,-0.001584213204,1.354463967e-06,-1.876319504e-06
842100000,-7.797377218e-05,-0.001350489581,8.004199266e-07,-2.127542745e-06
842200000,-0.0002424983281,-0.0009976114759,2.131022523e-07,-2.21559998e-06
842300000,-0.000224681256,-0.0006039349683,-3.590602097e-07,-2.143169814e-06
842400000,-2.489416459e-05,-0.0002573018432,-8.728123683e-07,-1.927422924e-06
842500000,0.0003167215865,-3.612256058e-05,-1.294369619e-06,-1.596764403e-06
842600000,0.0007287174929,7.544186969e-06,-1.602023534e-06,-1.186375136e-06
842700000,0.001123502733,-0.0001406875728,-1.786781083e-06,-7.333631208e-07
842800000,0.001415985884,-0.00045421946,-1.851131589e-06,-2.723558026e-07
842900000,0.0015417326,-0.0008708736065,-1.806371859e-06,1.67776289e-07
843000000,0.001470784084,-0.001305871441,-1.669156222e-06,5.656435007e-07
843100000,0.00121420354,-0.001669639302,-1.458029621e-06,9.074268743e-07
843200000,0.0008219595757,-0.001886673437,-1.190634182e-06,1.185589903e-06
843300000,0.0003725890918,-0.001911475068,-8.820719679e-07,1.396734581e-06
843400000,-4.318044031e-05,-0.001738187748,-5.446068329e-07,1.539265173e-06
843500000,-0.0003413947557,-0.001401901313,-1.885629619e-07,1.611512586e-06
843600000,-0.0004624242224,-0.0009713468022,1.760024546e-07,1.610816473e-06
843700000,-0.0003834048743,-0.0005345229617,5.374499336e-07,1.533798211e-06
843800000,-0.000122950961,-0.0001802843804,8.811624865e-07,1.377745809e-06
843900000,0.0002628481868,2.022961e-05,1.189120868e-06,1.142741055e-06
844000000,0.0006922966629,2.841542686e-05,1.44073025e-06,8.339543992e-07
844100000,0.00107531872,-0.0001538413143,1.614875153e-06,4.63459709e-07
844200000,0.001332409367,-0.0004847461639,1.692873842e-06,5.09960217e-08
844300000,0.001411314013,-0.0008915766687,1.661764015e-06,-3.766884174e-07
844400000,0.001297924337,-0.00128615925,1.517231775e-06,-7.879773062e-07
844500000,0.00101910025,-0.001583569081,1.265523787e-06,-1.149757285e-06
844600000,0.0006368332246,-0.001720102399,9.238543586e-07,-1.431484416e-06
844700000,0.0002349945066,-0.001666727374,5.191007456e-07,-1.609237085e-06
844800000,-9.852339219e-05,-0.001435177445,8.491312283e-08,-1.669014563e-06
844900000,-0.0002904926395,-0.001075407607,-3.423188317e-07,-1.608660604e-06
845000000,-0.000297912567,-0.0006649601649,-7.279689737e-07,-1.438040028e-06
845100000,-0.0001171613491,-0.0002924957461,-1.043374271e-06,-1.177423145e-06
845200000,0.0002151925996,-3.897634532e-05,-1.26901226e-06,-8.543711054e-07
845300000,0.0006300846528,3.952000535e-05,-1.396135171e-06,-4.996955472e-07
845400000,0.001040521274,-7.62779907e-05,-1.426639536e-06,-1.432309109e-07
845500000,0.001359938049,-0.0003646902485,-1.371290939e-06,1.898258472e-07
845600000,0.001520468315,-0.0007675890079,-1.246735256e-06,4.813880151e-07
845700000,0.001487264882,-0.001202593916,-1.07194664e-06,7.214008622e-07
845800000,0.001265854437,-0.001580378333,-8.648445648e-07,9.071733394e-07
845900000,0.0009009781435,-0.001823429843,-6.397423428e-07,1.041405156e-06
846000000,0.0004671711067,-0.001882304181,-4.060841217e-07,1.129451642e-06
846100000,5.30778987e-05,-0.001745944631,-1.68631361e-07,1.176505622e-06
846200000,-0.0002571771932,-0.001443895676,7.106353783e-08,1.185365009e-06
846300000,-0.0004016270975,-0.001039954496,3.123406754e-07,1.155301065e-06
846400000,-0.0003533814504,-0.0006186144119,5.528985679e-07,1.082279438e-06
846500000,-0.0001261052514,-0.0002671776328,7.867105636e-07,9.604711334e-07
846600000,0.0002290896009,-5.732830673e-05,1.002955732e-06,7.846912955e-07
846700000,0.0006346670672,-3.00675205e-05,1.186300342e-06,5.531839634e-07
846800000,0.001003255403,-0.000187196048,1.318563411e-06,2.7007785e-07
846900000,0.001256275296,-0.0004911400606,1.381487188e-06,-5.310842364e-08
847000000,0.001340652338,-0.000873144513,1.360077554e-06,-3.973444331e-07
847100000,0.001240068036,-0.001248084019,1.245834738e-06,-7.374977677e-07
847200000,0.0009783650242,-0.001532738262,1.039192651e-06,-1.045103764e-06
847300000,0.0006143887918,-0.001663645927,7.506263725e-07,-1.292034847e-06
847400000,0.0002293660625,-0.001610743008,4.001428316e-07,-1.454412947e-06
847500000,-9.049699199e-05,-0.001383888143,1.518627008e-08,-1.516045733e-06
847600000,-0.0002725010866,-0.001030888007,-3.72698023e-07,-1.470751269e-06
847700000,-0.0002731012181,-0.0006274385867,-7.318557364e-07,-1.323148568e-06
847800000,-8.739524537e-05,-0.0002611103935,-1.034462053e-06,-1.087788896e-06
847900000,0.0002495608813,-1.276488272e-05,-1.259718042e-06,-7.868226077e-07
848000000,0.0006698967696,6.066970124e-05,-1.395775402e-06,-4.466725657e-07
848100000,0.001087029537,-6.15755948e-05,-1.440123088e-06,-9.436113615e-08
848200000,0.001413757273,-0.0003594647552,-1.398480553e-06,2.458218129e-07
848300000,0.001580538676,-0.0007760756792,-1.282536066e-06,5.547239363e-07
848400000,0.001550117079,-0.001229265562,-1.107083717e-06,8.194423749e-07
848500000,0.001325417997,-0.00162863752,-8.872051433e-07,1.033066602e-06
848600000,0.0009490639211,-0.001894251989,-6.360941607e-07,1.193273628e-06
848700000,0.0004946104147,-0.001973163076,-3.63946589e-07,1.300238336e-06
848800000,5.134412234e-05,-0.001850319538,-7.807323902e-08,1.354455543e-06
848900000,-0.0002941677319,-0.001551555299,2.159005785e-07,1.355068867e-06
849000000,-0.0004759082031,-0.001138056509,5.12146069e-07,1.299165811e-06
849100000,-0.0004618878057,-0.0006934823537,8.026188747e-07,1.182258757e-06
849200000,-0.0002604530773,-0.0003064592986,1.075531214e-06,9.998802955e-07
849300000,8.187690961e-05,-5.213844928e-05,1.314818406e-06,7.499420484e-07
849400000,0.0004905631393,2.330154164e-05,1.500894627e-06,4.353002117e-07
849500000,0.0008790204396,-8.804984783e-05,1.612704641e-06,6.588432366e-08
849600000,0.00116701714,-0.0003546817318,1.630778623e-06,-3.402010449e-07
849700000,0.001297596074,-0.000712865513,1.540750259e-06,-7.57007785e-07
849800000,0.001248930892,-0.001080657338,1.336657621e-06,-1.152636561e-06
849900000,0.001038612014,-0.001375698371,1.023343633e-06,-1.492501772e-06
850000000,0.0007194704106,-0.001533006973,6.174111191e-07,-1.743493074e-06
850100000,0.0003678518131,-0.001518962405,1.464403519e-07,-1.878357218e-06
850200000,6.68639761e-05,-0.001338495716,-3.535057493e-07,-1.879553585e-06
850300000,-0.0001118090236,-0.001033956414,-8.417455937e-07,-1.741911661e-06
850400000,-0.0001236279597,-0.0006759027842,-1.277614083e-06,-1.473624457e-06
850500000,3.891344664e-05,-0.0003477886094,-1.62513027e-06,-1.095407397e-06
850600000,0.0003443548957,-0.0001278208805,-1.856959622e-06,-6.379783298e-07
850700000,0.0007287142835,-7.186471427e-05,-1.957073713e-06,-1.383059426e-07
850800000,0.001108950415,-0.0002010469254,-1.921760722e-06,3.647262608e-07
850900000,0.001400591905,-0.0004967094383,-1.758948429e-06,8.345230841e-07
851000000,0.001535797745,-0.0009038036588,-1.486104305e-06,1.240200725e-06
851100000,0.001478024797,-0.001342030039,-1.127214119e-06,1.558774989e-06
851200000,0.001230195052,-0.001722391874,-7.094651348e-07,1.775931034e-06
851300000,0.0008346256259,-0.001965692512,-2.602508998e-07,1.88548261e-06
851400000,0.000364716256,-0.002019097759,1.950212582e-07,1.887878969e-06
851500000,-8.988223395e-05,-0.001867292436,6.340681905e-07,1.788275068e-06
851600000,-0.0004415310361,-0.001535893205,1.03783224e-06,1.594714592e-06
851700000,-0.0006224948931,-0.001086399735,1.389813668e-06,1.3168824e-06
851800000,-0.0005987390272,-0.0006037335374,1.675076675e-06,9.656871916e-07
851900000,-0.00037676576,-0.0001789595693,1.879433116e-06,5.536830028e-07
852000000,-2.079825719e-06,0.000109211774,1.989243639e-06,9.608786494e-08
852100000,0.0004503802097,0.0002102940433,1.992100784e-06,-3.880327097e-07
852200000,0.0008918296047,0.0001119708531,1.878412228e-06,-8.749361407e-07
852300000,0.001237973308,-0.0001579329706,1.643640498e-06,-1.336206264e-06
852400000,0.001426247993,-0.0005378334476,1.290737898e-06,-1.73990938e-06
852500000,0.001428363401,-0.0009457467052,8.321928285e-07,-2.052974961e-06
852600000,0.001255530791,-0.001296782963,2.911072319e-07,-2.244590064e-06
852700000,0.000955313615,-0.001521064314,-2.991413098e-07,-2.290138767e-06
852800000,0.0006008103795,-0.001578271147,-8.968587478e-07,-2.175042135e-06
852900000,0.000274506391,-0.001465743227,-1.455520453e-06,-1.897800972e-06
853000000,5.02626114e-05,-0.001218437802,-1.928389125e-06,-1.471628398e-06
853100000,-2.269726241e-05,-0.0009007871742,-2.273631561e-06,-9.242694553e-07
853200000,6.962735831e-05,-0.000592230533,-2.459173927e-06,-2.959014895e-07
853300000,0.0003031174096,-0.0003695479024,-2.466546819e-06,3.646646647e-07
853400000,0.0006209376857,-0.0002898065899,-2.293121546e-06,1.004970266e-06
853500000,0.0009460695922,-0.0003775956316,-1.952399646e-06,1.5743667e-06
853600000,0.001198273569,-0.0006193009243,-1.472338509e-06,2.029159163e-06
853700000,0.001311833445,-0.0009656625515,-8.92015153e-07,2.336718715e-06
853800000,0.001250269094,-0.00134208182,-2.571868739e-07,2.478041517e-06
853900000,0.00101485275,-0.001664489249,3.845460783e-07,2.448515912e-06
854000000,0.0006450861923,-0.001857399167,9.88259008e-07,2.256968939e-06
854100000,0.0002110058332,-0.001870311648,1.515305955e-06,1.923342292e-06
854200000,-0.0002010842169,-0.001688972923,1.935633675e-06,1.475540547e-06
854300000,-0.000506461653,-0.001339092267,2.228708052e-06,9.460675273e-07
854400000,-0.0006396736179,-0.0008817031263,2.38322416e-06,3.690116271e-07
854500000,-0.0005683523904,-0.0004011118095,2.395979175e-06,-2.222236534e-07
854600000,-0.000300260874,1.20703187e-05,2.270392987e-06,-7.962805296e-07
854700000,0.0001179148112,0.000279288735,2.015147121e-06,-1.32438227e-06
854800000,0.0006097869846,0.0003499903508,1.64328741e-06,-1.780330559e-06
854900000,0.001084595683,0.0002118448955,1.171933112e-06,-2.140369179e-06
855000000,0.001455470461,-0.000106870335,6.22504706e-07,-2.38332256e-06
855100000,0.001656842966,-0.0005432051803,2.118004241e-08,-2.491310164e-06
855200000,0.001657408867,-0.001012543562,-6.008370851e-07,-2.451144162e-06
855300000,0.001465967944,-0.001425965223,-1.207668877e-06,-2.256284199e-06
855400000,0.001128958701,-0.00170834055,-1.760069932e-06,-1.909004258e-06
855500000,0.0007202402916,-0.00181338847,-2.217825849e-06,-1.422275638e-06
855600000,0.0003252973821,-0.001732568884,-2.543129321e-06,-8.208256504e-07
855700000,2.321182645e-05,-0.001495981089,-2.70456486e-06,-1.409098119e-07
855800000,-0.0001297896728,-0.001165127435,-2.681134114e-06,5.714739142e-07
855900000,-0.00011174245,-0.0008191221478,-2.465655841e-06,1.263932096e-06
856000000,6.108757652e-05,-0.0005373134819,-2.066904311e-06,1.882293935e-06
856100000,0.0003384789456,-0.000382045951,-1.510007461e-06,2.375951262e-06
856200000,0.0006478170529,-0.0003852533062,-8.348852492e-07,2.703199946e-06
856300000,0.0009104292058,-0.0005417472654,-9.282181475e-08,2.83581581e-06
856400000,0.0010591574,-0.0008106267813,6.584270203e-07,2.762189024e-06
856500000,0.00105337225,-0.00112448654,1.360345705e-06,2.488554209e-06
856600000,0.0008881853657,-0.00140442696,1.959412405e-06,2.038149932e-06
856700000,0.0005958673667,-0.001577622022,2.412118983e-06,1.448465319e-06
856800000,0.0002391548595,-0.001593653305,2.688619488e-06,7.670223236e-07
856900000,-0.0001021291818,-0.001436084682,2.774611814e-06,4.634622565e-08
857000000,-0.0003482847904,-0.001126772437,2.671357357e-06,-6.611415668e-07
857100000,-0.0004370988415,-0.0007219583951,2.394042502e-06,-1.307626054e-06
857200000,-0.000337654993,-0.0003009448576,1.968926825e-06,-1.853283339e-06
857300000,-5.763609916e-05,5.027387456e-05,1.429862712e-06,-2.268282044e-06
857400000,0.0003574570737,0.0002569808009,8.147880778e-07,-2.533409062e-06
857500000,0.0008330417758,0.0002715259591,1.626927032e-07,-2.639569209e-06
857600000,0.001280342601,8.361455529e-05,-4.88631997e-07,-2.58657138e-06
857700000,0.001614343845,-0.0002770753947,-1.103983446e-06,-2.381668805e-06
857800000,0.001771075251,-0.0007465117816,-1.651424757e-06,-2.038262897e-06
857900000,0.001720641567,-0.001239012536,-2.102555764e-06,-1.575029006e-06
858000000,0.001473293367,-0.001664410685,-2.432752175e-06,-1.015517946e-06
858100000,0.001077283966,-0.001946130307,-2.621705053e-06,-3.880806361e-07
858200000,0.0006089641505,-0.002036436581,-2.654455369e-06,2.741948774e-07
858300000,0.000157178516,-0.001925713267,-2.522919564e-06,9.339149373e-07
858400000,-0.0001947899958,-0.001643865878,-2.227690211e-06,1.550524509e-06
858500000,-0.0003859739718,-0.001253590756,-1.779723026e-06,2.082369847e-06
858600000,-0.0003896970268,-0.0008369479363,-1.20143175e-06,2.489673795e-06
858700000,-0.000218298969,-0.0004780744383,-5.267321691e-07,2.738179388e-06
858800000,8.033606708e-05,-0.0002456797621,2.002916076e-07,2.803005305e-06
858900000,0.0004336682348,-0.000179004926,9.282035518e-07,2.672120611e-06
859000000,0.0007604621475,-0.0002801882924,1.602350159e-06,2.348820681e-06
859100000,0.0009884030364,-0.0005146185564,2.169885148e-06,1.85268371e-06
859200000,0.001069607337,-0.0008191545384,2.585054469e-06,1.21869432e-06
859300000,0.0009907214404,-0.001116414221,2.814013987e-06,4.945014261e-07
859400000,0.0007754645094,-0.001332040675,2.838482333e-06,-2.639206309e-07
859500000,0.0004790932551,-0.001411218951,2.657687412e-06,-9.976731676e-07
859600000,0.0001760009792,-0.001330883251,2.288319823e-06,-1.650683845e-06
859700000,-5.686292475e-05,-0.001104983236,1.76251331e-06,-2.175038124e-06
859800000,-0.0001571707101,-0.0007816722408,1.124174082e-06,-2.53519873e-06
859900000,-9.128289896e-05,-0.0004330165178,4.242216871e-07,-2.710613464e-06
860000000,0.0001378350875,-0.0001394295261,-2.845594695e-07,-2.696483761e-06
860100000,0.0004905664082,2.783510816e-05,-9.523491375e-07,-2.502764644e-06
860200000,0.0008985035797,2.238400892e-05,-1.536205958e-06,-2.151734416e-06
860300000,0.001278567757,-0.0001667845169,-2.002683633e-06,-1.674660365e-06
860400000,0.001550407389,-0.0005121814745,-2.329025627e-06,-1.108163227e-06
860500000,0.001653402205,-0.0009528492135,-2.503073645e-06,-4.908399161e-07
860600000,0.001559681703,-0.001406477964,-2.522228662e-06,1.394423822e-07
860700000,0.001280406294,-0.001786096684,-2.391914047e-06,7.473801388e-07
860800000,0.0008639734581,-0.002017857845,-2.123991515e-06,1.301223797e-06
860900000,0.0003865020107,-0.002056206978,-1.735479122e-06,1.773147246e-06
861000000,-6.343942307e-05,-0.001893274758,-1.247745651e-06,2.139337243e-06
861100000,-0.0004026938289,-0.001560535199,-6.861518806e-07,2.380161654e-06
861200000,-0.0005702631843,-0.0011223854,-7.992638177e-08,2.480692925e-06
861300000,-0.0005394720875,-0.00066298425,5.380541107e-07,2.431702524e-06
861400000,-0.000323034947,-0.0002690897507,1.131933016e-06,2.231043123e-06
861500000,3.000535456e-05,-1.246533287e-05,1.664265843e-06,1.885146996e-06
861600000,0.0004448032581,6.448870051e-05,2.098246685e-06,1.410238303e-06
861700000,0.0008364786118,-4.309914417e-05,2.400666401e-06,8.328181857e-07
861800000,0.001127810939,-0.0003022840953,2.545283986e-06,1.890494513e-07
861900000,0.001265144747,-0.0006499159379,2.516125124e-06,-4.771669596e-07
862000000,0.001229172907,-0.001006506726,2.310143229e-06,-1.117399453e-06
862100000,0.001038350971,-0.001293396728,1.938711302e-06,-1.682900571e-06
862200000,0.0007442579239,-0.001449566881,1.427557362e-06,-2.129332233e-06
862300000,0.0004199286115,-0.001444526777,8.149880055e-07,-2.421363649e-06
862400000,0.0001436766784,-0.001284547423,1.485213175e-07,-2.536474604e-06
862500000,-1.8115314e-05,-0.001010931013,-5.196812799e-07,-2.467388776e-06
862600000,-2.554593822e-05,-0.0006907128404,-1.13798674e-06,-2.222760761e-06
862700000,0.0001260338894,-0.0004018090416,-1.66036179e-06,-1.826010632e-06
862800000,0.000404906658,-0.0002158108809,-2.050656407e-06,-1.312490705e-06
862900000,0.0007497671505,-0.0001821272731,-2.285547731e-06,-7.254259607e-07
863000000,0.001082940174,-0.0003168854148,-2.355821852e-06,-1.112446212e-07
863100000,0.001327206025,-0.0005989789401,-2.265948677e-06,4.850227424e-07
863200000,0.001422633056,-0.0009741242263,-2.03217789e-06,1.023657085e-06
863300000,0.001339816534,-0.001366076505,-1.679600517e-06,1.47302535e-06
863400000,0.001086689179,-0.001692633024,-1.238741784e-06,1.810999222e-06
863500000,0.000707435013,-0.001883033724,-7.422578385e-07,2.025058784e-06
863600000,0.0002737122221,-0.001893073958,-2.222064215e-07,2.111347564e-06
863700000,-0.0001299828381,-0.001714727788,2.918233838e-07,2.073096649e-06
863800000,-0.0004237423838,-0.001378238801,7.736614993e-07,1.918885233e-06
863900000,-0.0005488094311,-0.0009462213005,1.200740316e-06,1.661148792e-06
864000000,-0.0004798026149,-0.0005009934284,1.553821749e-06,1.315202194e-06
864100000,-0.0002300414555,-0.0001277828432,1.816647158e-06,8.988500939e-07
864200000,0.000151143928,0.0001026910719,1.975857493e-06,4.324577694e-07
864300000,0.0005885569625,0.0001486260192,2.02140906e-06,-6.080114003e-08
864400000,0.0009966126811,5.535815011e-06,1.947528767e-06,-5.548811788e-07
864500000,0.001296916271,-0.0002931023002,1.75405548e-06,-1.021327277e-06
864600000,0.001434272304,-0.0006830713194,1.447848388e-06,-1.430490328e-06
864700000,0.001387786871,-0.001082980993,1.043849547e-06,-1.75354128e-06
864800000,0.001174756482,-0.001411321852,5.653907572e-07,-1.965118027e-06
864900000,0.000846553538,-0.001603422877,4.343810333e-08,-2.046248168e-06
865000000,0.0004774011279,-0.001624753451,-4.853477282e-07,-1.987063436e-06
865100000,0.0001484259123,-0.001477784348,-9.816279553e-07,-1.788789879e-06
865200000,-6.96291275e-05,-0.001200984779,-1.407145357e-06,-1.464573309e-06
865300000,-0.0001313715119,-0.0008601965113,-1.728718393e-06,-1.038870983e-06
865400000,-2.624133953e-05,-0.000534239758,-1.921875825e-06,-5.453764086e-07
865500000,0.0002194882025,-0.0002978264392,-1.973562889e-06,-2.369879281e-08
865600000,0.0005485970893,-0.0002054241511,-1.883483702e-06,4.847586055e-07
865700000,0.0008854192069,-0.0002795073847,-1.663862606e-06,9.411306676e-07
865800000,0.001152279279,-0.0005056947223,-1.337668335e-06,1.313002629e-06
865900000,0.001286352555,-0.0008358018002,-9.35598687e-07,1.577346463e-06
866000000,0.001253347346,-0.001198153011,-4.923209136e-07,1.722100428e-06
866100000,0.001055090216,-0.001512949759,-4.256666544e-08,1.746251195e-06
866200000,0.0007293938501,-0.001709418346,3.823284865e-07,1.658536639e-06
866300000,0.0003422304456,-0.001741084095,7.569679167e-07,1.475113651e-06
866400000,-2.613087857e-05,-0.001595918637,1.063245555e-06,1.216686153e-06
866500000,-0.0002980832214,-0.001299197631,1.290472311e-06,9.0563651e-07
866600000,-0.0004151426322,-0.0009084533867,1.434474184e-06,5.636431196e-07
866700000,-0.000350422656,-0.0005015818687,1.496034491e-06,2.101146653e-07
866800000,-0.0001144799039,-0.0001606115714,1.479139203e-06,-1.384375543e-07
866900000,0.0002467100212,4.544269997e-05,1.389467622e-06,-4.681875252e-07
867000000,0.0006612251832,7.502665596e-05,1.233458176e-06,-7.672241771e-07
867100000,0.001046127147,-7.72493892e-05,1.018098933e-06,-1.024612719e-06
867200000,0.001324708056,-0.000379480959,7.513862947e-07,-1.22968962e-06
867300000,0.001442429064,-0.000769150436,4.432098625e-07,-1.371908681e-06
867400000,0.001378201865,-0.001166210971,1.06298246e-07,-1.441395228e-06
867500000,0.001148646994,-0.001489819417,-2.431729536e-07,-1.430166417e-06
867600000,0.0008044417497,-0.001675198558,-5.856460313e-07,-1.33378326e-06
867700000,0.0004195358405,-0.001687084192,-8.991067076e-07,-1.15305827e-06
867800000,7.551369473e-05,-0.001526934161,-1.160859482e-06,-8.953843497e-07
867900000,-0.0001555972235,-0.001232392565,-1.349935662e-06,-5.752905855e-07
868000000,-0.0002264480623,-0.0008691357781,-1.449748539e-06,-2.13962319e-07
868100000,-0.0001242359694,-0.0005168332618,-1.450517727e-06,1.623401615e-07
868200000,0.0001267552956,-0.0002521962667,-1.350990127e-06,5.248086669e-07
868300000,0.0004704651212,-0.0001326993203,-1.159089825e-06,8.452052131e-07
868400000,0.000831080999,-0.0001844135837,-8.913136283e-07,1.099082193e-06
868500000,0.001129225617,-0.0003965186245,-5.709162942e-07,1.268575313e-06
868600000,0.001298875808,-0.0007236446729,-2.251536205e-07,1.344303601e-06
868700000,0.001301431795,-0.001095540436,1.179732166e-07,1.32606657e-06
868800000,0.001133961397,-0.001432012652,4.32938378e-07,1.222245868e-06
868900000,0.0008298788289,-0.001659970342,6.99356424e-07,1.048053617e-06
869000000,0.0004519197475,-0.001728964333,9.036845839e-07,8.229750813e-07
869100000,7.890405017e-05,-0.001621934072,1.039745785e-06,5.678879823e-07
869200000,-0.0002109092059,-0.001358890438,1.108084602e-06,3.023783906e-07
869300000,-0.0003563519184,-0.0009927593738,1.114388132e-06,4.270731872e-08
869400000,-0.0003262666155,-0.0005982698457,1.067370265e-06,-1.992719755e-07
869500000,-0.0001260868072,-0.0002562397586,9.765979712e-07,-4.161552349e-07
869600000,0.0002033079661,-3.658442045e-05,8.507171353e-07,-6.04116446e-07
869700000,0.0005942137614,1.636084569e-05,6.964196992e-07,-7.614396516e-07
869800000,0.0009663714415,-0.0001068950439,5.183095052e-07,-8.868798565e-07
869900000,0.001243862054,-0.0003790994458,3.196115674e-07,-9.782960398e-07
870000000,0.001371054448,-0.0007421138587,1.034742573e-07,-1.031918358e-06
870100000,0.001324234808,-0.001119280793,-1.255222461e-07,-1.042452004e-06
870200000,0.001116464154,-0.001431675375,-3.600862622e-07,-1.004017061e-06
870300000,0.0007946449547,-0.001614797455,-5.895493987e-07,-9.117213473e-07
870400000,0.0004294281697,-0.001632169386,-8.000656649e-07,-7.635054352e-07
870500000,0.0001001078344,-0.001482962615,-9.757316532e-07,-5.618199625e-07
870600000,-0.0001222892824,-0.00120204332,-1.100475835e-06,-3.147122608e-07
870700000,-0.0001901312044,-0.0008524349509,-1.1603855e-06,-3.600903886e-08
870800000,-8.931804882e-05,-0.0005118027551,-1.146028143e-06,2.55538541e-07
870900000,0.0001577184643,-0.0002558312171,-1.054304418e-06,5.380692993e-07
871000000,0.0004967868412,-0.0001420218544,-8.894468667e-07,7.891085654e-07
871100000,0.0008534658288,-0.0001973474022,-6.629368328e-07,9.883243849e-07
871200000,0.001148949148,-0.0004123796713,-3.923186577e-07,1.120060898e-06
871300000,0.001316849961,-0.0007431368818,-9.910239611e-08,1.175203782e-06
871400000,0.001317409102,-0.001120263252,1.938798574e-07,1.152059798e-06
871500000,0.001146101623,-0.001463604699,4.651992886e-07,1.056122758e-06
871600000,0.0008348202548,-0.001699106445,6.971671705e-07,8.988121017e-07
871700000,0.000445380943,-0.001774470251,8.774021264e-07,6.954632273e-07
871800000,5.671364002e-05,-0.001670272274,9.994109887e-07,4.629812727e-07
871900000,-0.00025156971,-0.001404200209,1.062170529e-06,2.176152831e-07
872000000,-0.000415777559,-0.001027517458,1.068898218e-06,-2.674038049e-08
872100000,-0.0004014257308,-0.000614497036,1.025355709e-06,-2.594440367e-07
872200000,-0.0002104227564,-0.0002470447051,9.381066839e-07,-4.731180689e-07
872300000,0.0001193482522,2.260459989e-06,8.131356036e-07,-6.628881903e-07
872400000,0.0005219542527,8.515072331e-05,6.551301953e-07,-8.251355088e-07
872500000,0.0009171694925,-1.245901972e-05,4.675614688e-07,-9.561501427e-07
872600000,0.001227167374,-0.0002677734294,2.534979366e-07,-1.051090223e-06
872700000,0.00139263535,-0.000626141168,1.690859534e-08,-1.103573429e-06
872800000,0.001384927138,-0.001012723901,-2.359179735e-07,-1.106076377e-06
872900000,0.001211706187,-0.001348332959,-4.952551531e-07,-1.051123051e-06
873000000,0.0009149114419,-0.001566080238,-7.474878763e-07,-9.330489974e-07
873100000,0.0005615011202,-0.001625322068,-9.755642296e-07,-7.49975499e-07
873200000,0.0002289588865,-0.001519952454,-1.160393124e-06,-5.055510554e-07
873300000,-1.134472647e-05,-0.00127930419,-1.283025316e-06,-2.100339254e-07
873400000,-0.0001093909112,-0.0009614887773,-1.327275019e-06,1.196023834e-07
873500000,-4.710833377e-05,-0.0006406146856,-1.282324334e-06,4.6068015e-07
873600000,0.0001579244888,-0.000390625724,-1.144827719e-06,7.868711708e-07
873700000,0.0004564490444,-0.000269218978,-9.201051364e-07,1.071014806e-06
873800000,0.0007783107441,-0.0003052816758,-6.22166881e-07,1.288267874e-06
873900000,0.001047745838,-0.0004925329868,-2.725198631e-07,1.419081763e-06
874000000,0.001199901383,-0.0007907316172,1.020770582e-07,1.451526552e-06
874100000,0.00119505716,-0.001134196649,4.725555668e-07,1.382597769e-06
874200000,0.001027509175,-0.001445831717,8.10708475e-07,1.218325066e-06
874300000,0.0007272106213,-0.001653672527,1.092093137e-06,9.727160512e-07
874400000,0.0003538045289,-0.001706442319,1.298241329e-06,6.657699925e-07
874500000,-1.570471724e-05,-0.001584810456,1.417896584e-06,3.209450171e-07
874600000,-0.0003030480914,-0.001305958618,1.447193948e-06,-3.746933172e-08
874700000,-0.000445168537,-0.0009204722039,1.388896973e-06,-3.866460852e-07
874800000,-0.0004076095118,-0.000502191544,1.250971342e-06,-7.068607392e-07
874900000,-0.0001919974301,-0.0001331375474,1.044871056e-06,-9.823220935e-07
875000000,0.0001639599115,0.000113340775,7.839238002e-07,-1.201225769e-06
875100000,0.0005939685655,0.0001876784072,4.821280621e-07,-1.355228949e-06
875200000,0.001016579634,7.431357501e-05,1.535347275e-07,-1.438656042e-06
875300000,0.001351759661,-0.0002051138084,-1.877864314e-07,-1.447777407e-06
875400000,0.001537150366,-0.0005962447063,-5.273601993e-07,-1.380451446e-06
875500000,0.001540636081,-0.001023220523,-8.497843613e-07,-1.236297405e-06
875600000,0.00136661215,-0.001404289685,-1.138405871e-06,-1.01740088e-06
875700000,0.00105466741,-0.00166853707,-1.375490986e-06,-7.293845728e-07
875800000,0.0006709835231,-0.00177024146,-1.543072077e-06,-3.825425629e-07
875900000,0.000294280759,-0.001697868585,-1.624487547e-06,7.330632717e-09
876000000,-7.169203499e-07,-0.001475839353,-1.606448497e-06,4.187672081e-07
876100000,-0.0001588068323,-0.001158737851,-1.481307111e-06,8.253584533e-07
876200000,-0.0001555512048,-0.0008192211661,-1.249103381e-06,1.197474293e-06
876300000,-1.880419959e-06,-0.0005322246851,-9.189527572e-07,1.504852994e-06
876400000,0.0002588890983,-0.0003588387028,-5.094143193e-07,1.719754377e-06
876500000,0.0005609510654,-0.000333296451,-4.763469344e-08,1.820229273e-06
876600000,0.0008306742937,-0.0004558444293,4.327316978e-07,1.792997086e-06
876700000,0.001002874886,-0.0006930045835,8.946101032e-07,1.635456734e-06
876800000,0.001035194035,-0.0009851536136,1.301201594e-06,1.356479757e-06
876900000,0.0009174893622,-0.0012597768,1.619774238e-06,9.758253729e-07
877000000,0.0006742192871,-0.001447538482,1.825012194e-06,5.222397049e-07
877100000,0.0003593031873,-0.001497709122,1.901457927e-06,3.051274361e-08
877200000,4.455224461e-05,-0.001389627919,1.844736306e-06,-4.62073054e-07
877300000,-0.0001958585556,-0.00113772876,1.661453848e-06,-9.193889262e-07
877400000,-0.0003015611824,-0.0007890321127,1.367881802e-06,-1.309701109e-06
877500000,-0.0002393545962,-0.0004136111039,9.877166926e-07,-1.608109638e-06
877600000,-1.08974127e-05,-9.003351613e-05,5.493322658e-07,-1.797953805e-06
877700000,0.0003469228699,0.0001111532629,8.297204297e-08,-1.871149578e-06
877800000,0.0007690530769,0.0001424132335,-3.817202853e-07,-1.827609438e-06
877900000,0.001175313507,-1.047187242e-05,-8.175591461e-07,-1.674032707e-06
878000000,0.00148670155,-0.0003249579523,-1.200956006e-06,-1.422418985e-06
878100000,0.001641564807,-0.0007458957157,-1.512400371e-06,-1.088639799e-06
878200000,0.001608276537,-0.001196441757,-1.736480589e-06,-6.913128978e-07
878300000,0.001391776409,-0.001593467827,-1.861716468e-06,-2.510841312e-07
878400000,0.001032617798,-0.00186427724,-1.880473675e-06,2.09731566e-07
878500000,0.0005987223033,-0.001961167436,-1.78915471e-06,6.673291246e-07
878600000,0.0001715585726,-0.001870828449,-1.588732529e-06,1.09666744e-06
878700000,-0.000170379252,-0.001616644426,-1.285542522e-06,1.472056996e-06
878800000,-0.0003673592898,-0.001253445743,-8.921134048e-07,1.768267474e-06
878900000,-0.000390189705,-0.0008558347104,-4.27731466e-07,1.962209955e-06
879000000,-0.0002455539781,-0.0005025494898,8.158110048e-08,2.035085761e-06
879100000,2.617421432e-05,-0.0002601566786,6.03926883e-07,1.974737509e-06
879200000,0.0003601315094,-0.0001694977916,1.103350112e-06,1.777824323e-06
879300000,0.0006811974798,-0.0002377271857,1.542547003e-06,1.451400758e-06
879400000,0.000920215592,-0.0004375902263,1.886219416e-06,1.013521915e-06
879500000,0.001028742867,-0.0007140503625,2.104665909e-06,4.926217302e-07
879600000,0.0009891886142,-0.0009968087824,2.177113918e-06,-7.440345924e-08
879700000,0.0008181929009,-0.001216004583,2.094293467e-06,-6.452623302e-07
879800000,0.0005625462157,-0.001317706836,1.859840535e-06,-1.176145488e-06
879900000,0.0002885528546,-0.001275859281,1.490283167e-06,-1.62592499e-06
880000000,6.714811157e-05,-0.001098104282,1.013576001e-06,-1.960125153e-06
880100000,-4.20097248e-05,-0.0008242310349,4.663700432e-07,-2.154142797e-06
880200000,-4.033168087e-06,-0.0005175797356,-1.096066207e-07,-2.195313177e-06
880300000,0.0001830341346,-0.0002512470104,-6.715594317e-07,-2.083601954e-06
880400000,0.0004871647359,-9.205315736e-05,-1.179497199e-06,-1.830918665e-06
880500000,0.0008486543968,-8.571113824e-05,-1.59948629e-06,-1.459252737e-06
880600000,0.001192468686,-0.0002463811143,-1.905948668e-06,-9.979915648e-07
880700000,0.001444022447,-0.0005528612353,-2.082845943e-06,-4.808642414e-07
880800000,0.001545055773,-0.0009522575833,-2.123785116e-06,5.704734184e-08
880900000,0.001466248346,-0.001370394492,-2.031247866e-06,5.818700912e-07
881000000,0.001213900131,-0.0017268054,-1.815253183e-06,1.062853694e-06
881100000,0.0008292519712,-0.001951181377,-1.491795325e-06,1.473581178e-06
881200000,0.0003805605639,-0.001997848398,-1.081354735e-06,1.792572894e-06
881300000,-5.04444584e-05,-0.001855255663,-6.076743733e-07,2.003489053e-06
881400000,-0.0003849231216,-0.001548497029,-9.685625191e-08,2.095178376e-06
881500000,-0.0005627233738,-0.001134337337,4.233025183e-07,2.061790947e-06
881600000,-0.0005543500063,-0.0006897730716,9.239150167e-07,1.903082494e-06
881700000,-0.0003666370423,-0.0002964988768,1.375772381e-06,1.624909569e-06
881800000,-4.096693985e-05,-2.44995022e-05,1.750465779e-06,1.23978326e-06
881900000,0.0003555689261,8.183546645e-05,2.021960323e-06,7.672472127e-07
882000000,0.0007442047885,1.220716679e-05,2.168582189e-06,2.33801212e-07
882100000,0.00105078543,-0.0002082241262,2.175232416e-06,-3.278807886e-07
882200000,0.001220891591,-0.0005248408788,2.035517106e-06,-8.805909572e-07
882300000,0.001230645903,-0.0008656365302,1.753415173e-06,-1.385087351e-06
882400000,0.001090955271,-0.00115677157,1.344111443e-06,-1.803279563e-06
882500000,0.0008443369956,-0.001338307353,8.337094885e-07,-2.101765188e-06
882600000,0.0005550500539,-0.001376776612,2.576924565e-07,-2.255269048e-06
882700000,0.0002946758622,-0.001271929188,-3.418055274e-07,-2.24949884e-06
882800000,0.0001262599163,-0.001056239545,-9.196565298e-07,-2.082979297e-06
882900000,9.042832509e-05,-0.0007873139458,-1.431899703e-06,-1.767556605e-06
883000000,0.0001964644579,-0.0005348576604,-1.839883708e-06,-1.327454035e-06
883100000,0.0004202615873,-0.000365028851,-2.113857564e-06,-7.969746661e-07
883200000,0.0007095871325,-0.0003255645001,-2.235555547e-06,-2.171484131e-07
883300000,0.000995521637,-0.0004348949813,-2.199475837e-06,3.682284069e-07
883400000,0.001207609295,-0.0006776049096,-2.012753451e-06,9.16638973e-07
883500000,0.001289460925,-0.001007235054,-1.693738165e-06,1.390470576e-06
883600000,0.001211453523,-0.001355847231,-1.269569218e-06,1.759809915e-06
883700000,0.0009777905848,-0.00164832845,-7.731586834e-07,2.004161616e-06
883800000,0.0006263885303,-0.00181839972,-2.400354467e-07,2.113032091e-06
883900000,0.0002215783586,-0.00182293136,2.945407972e-07,2.085501972e-06
884000000,-0.0001588665281,-0.001651523701,7.978974163e-07,1.92904894e-06
884100000,-0.000439666853,-0.001329310139,1.24155324e-06,1.657954745e-06
884200000,-0.0005636039663,-0.0009123649004,1.602124116e-06,1.291626442e-06
884300000,-0.0005034586214,-0.000476649165,1.86167709e-06,8.530894666e-07
884400000,-0.0002678229161,-0.0001027812221,2.007759628e-06,3.677906214e-07
884500000,0.0001004346468,0.000140212196,2.03334144e-06,-1.372867549e-07
884600000,0.0005327399326,0.0002087948731,1.936851623e-06,-6.343119882e-07
884700000,0.0009486447897,9.359250104e-05,1.722389737e-06,-1.095290498e-06
884800000,0.001272051743,-0.0001789521342,1.400063869e-06,-1.49294183e-06
884900000,0.001446468992,-0.0005522680083,9.862941914e-07,-1.801917822e-06
885000000,0.001446138544,-0.0009514878778,5.038470667e-07,-2.000399117e-06
885100000,0.001280744342,-0.001298944071,-1.864695728e-08,-2.071973655e-06
885200000,0.0009927509149,-0.001530087446,-5.478809645e-07,-2.00757139e-06
885300000,0.0006479665981,-0.001606505609,-1.047838357e-06,-1.807137156e-06
885400000,0.0003213459619,-0.00152333085,-1.482457773e-06,-1.480693423e-06
885500000,8.104418196e-05,-0.001309513868,-1.818756929e-06,-1.048488447e-06
885600000,-2.590066978e-05,-0.001020948115,-2.03004687e-06,-5.400394582e-07
885700000,1.67673371e-05,-0.0007279434018,-2.098797871e-06,7.954146496e-09
885800000,0.0001915405387,-0.0004997444125,-2.018725318e-06,5.546665172e-07
885900000,0.0004514538467,-0.0003894140006,-1.795751204e-06,1.058838075e-06
886000000,0.0007307261875,-0.0004223174197,-1.447651088e-06,1.48265171e-06
886100000,0.0009594317209,-0.0005906685374,-1.002390428e-06,1.795291397e-06
886200000,0.001079035657,-0.0008552976118,-4.953527407e-07,1.975719471e-06
886300000,0.001055447828,-0.001154251192,3.417180067e-08,2.014325064e-06
886400000,0.0008867823253,-0.001416370379,5.467653585e-07,1.913270331e-06
886500000,0.0006041479045,-0.001576927874,1.006434932e-06,1.685560535e-06
886600000,0.0002652870416,-0.001591964494,1.383505793e-06,1.353052133e-06
886700000,-5.7588979e-05,-0.001448244601,1.65655468e-06,9.437553482e-07
886800000,-0.0002931824287,-0.001166685273,1.813255749e-06,4.888600321e-07
886900000,-0.000386436695,-0.0007985041646,1.850194744e-06,1.99057716e-08
887000000,-0.0003105478217,-0.0004148783464,1.771862355e-06,-4.335647406e-07
887100000,-7.310102906e-05,-9.228203893e-05,1.589138089e-06,-8.45665415e-07
887200000,0.000284985294,0.00010341494,1.317605031e-06,-1.195094116e-06
887300000,0.0006975093457,0.0001307444921,9.75993033e-07,-1.465429332e-06
887400000,0.001086359769,-1.856783344e-05,5.849475083e-07,-1.645003669e-06
887500000,0.001377426845,-0.0003176669959,1.661891804e-07,-1.726606182e-06
887600000,0.001515733314,-0.0007099031618,-2.58001235e-07,-1.707242703e-06
887700000,0.001476631276,-0.001120330804,-6.651397251e-07,-1.588102331e-06
887800000,0.001270734851,-0.001470978682,-1.032949654e-06,-1.374760978e-06
887900000,0.0009415676999,-0.001696711141,-1.340021182e-06,-1.077529171e-06
888000000,0.0005564264505,-0.001758380034,-1.566836993e-06,-7.117521159e-07
888100000,0.0001923779756,-0.001650535519,-1.697163616e-06,-2.978207213e-07
888200000,-7.96760528e-05,-0.001402104676,-1.719676532e-06,1.39333219e-07
888300000,-0.0002095327771,-0.001069921203,-1.629574632e-06,5.714064867e-07
888400000,-0.0001777839492,-0.0007264889034,-1.42987374e-06,9.685808005e-07
888500000,6.251119598e-07,-0.0004445710883,-1.132068032e-06,1.301939491e-06
888600000,0.0002800928604,-0.0002818621437,-7.55916924e-07,1.546178845e-06
888700000,0.0005945025903,-0.0002689747167,-3.282428748e-07,1.682250274e-06
888800000,0.000871633791,-0.0004032696017,1.192111022e-07,1.699535407e-06
888900000,0.001048769403,-0.0006498135553,5.526482781e-07,1.597196902e-06
889000000,0.001086175703,-0.0009492355334,9.394561829e-07,1.384458347e-06
889100000,0.0009755886897,-0.001230785807,1.251383263e-06,1.079728026e-06
889200000,0.0007419076754,-0.001427797236,1.467217632e-06,7.08663557e-07
889300000,0.0004377463282,-0.001492239486,1.574604514e-06,3.014430051e-07
889400000,0.0001320148411,-0.001405253869,1.570776365e-06,-1.103690791e-07
889500000,-0.0001050210212,-0.001181416556,1.462145321e-06,-4.969183101e-07
889600000,-0.0002170086285,-0.0008658172589,1.262888199e-06,-8.327019143e-07
889700000,-0.0001738416875,-0.0005245727038,9.928057627e-07,-1.098433982e-06
889800000,2.157832185e-05,-0.0002307924267,6.748324334e-07,-1.281962644e-06
889900000,0.0003336020103,-4.898125773e-05,3.325940341e-07,-1.378238443e-06
890000000,0.0007010702077,-2.119401162e-05,-1.164154817e-08,-1.388492528e-06
890100000,0.001050006644,-0.0001578851013,-3.38389121e-07,-1.318900273e-06
890200000,0.001309086342,-0.0004354004015,-6.316627103e-07,-1.179059467e-06
890300000,0.001424614438,-0.0008006533214,-8.790511854e-07,-9.805948254e-07
890400000,0.001371854283,-0.001182009713,-1.071342759e-06,-7.361198734e-07
890500000,0.001160314373,-0.001504097094,-1.201957586e-06,-4.586636751e-07
890600000,0.0008318767337,-0.001703427676,-1.266451687e-06,-1.615325918e-07
890700000,0.0004521561223,-0.001741554423,-1.262295985e-06,1.415426308e-07
890800000,9.690260542e-05,-0.001612999365,-1.189027165e-06,4.361999145e-07
890900000,-0.000163699091,-0.001346293405,-1.048738317e-06,7.074197605e-07
891000000,-0.0002795397837,-0.0009979151851,-8.467574133e-07,9.398726871e-07
891100000,-0.0002308643437,-0.0006404087258,-5.922787348e-07,1.118732868e-06
891200000,-3.216905321e-05,-0.0003471818944,-2.986865788e-07,1.230921707e-06
891300000,0.0002710881159,-0.0001771832264,1.665103887e-08,1.266616751e-06
891400000,0.0006122575775,-0.000162676997,3.332451114e-07,1.220763339e-06
891500000,0.0009176785013,-0.000302680744,6.289978508e-07,1.094282128e-06
891600000,0.001122272675,-0.0005634336612,8.822147679e-07,8.946871395e-07
891700000,0.001183260499,-0.0008857802722,1.073846054e-06,6.359141927e-07
891800000,0.001089107846,-0.001197894588,1.189614255e-06,3.372926132e-07
891900000,0.0008618231405,-0.00143064374,1.221678352e-06,2.174770921e-08
892000000,0.0005521317949,-0.001532335091,1.169546555e-06,-2.865338119e-07
892100000,0.0002285624946,-0.001479724759,1.040070488e-06,-5.646382687e-07
892200000,-3.723250386e-05,-0.001282960119,8.465089501e-07,-7.932786913e-07
892300000,-0.0001858055983,-0.0009834159038,6.068094722e-07,-9.586150053e-07
892400000,-0.0001826387933,-0.0006448901432,3.41388844e-07,-1.053281988e-06
892500000,-2.556830666e-05,-0.0003400327157,7.077335419e-08,-1.07650806e-06
892600000,0.0002546625818,-0.0001348877791,-1.865296966e-07,-1.033369352e-06
892700000,0.0006008364846,-7.48282926e-05,-4.156169802e-07,-9.333724117e-07
892800000,0.0009413148667,-0.0001748630622,-6.060349974e-07,-7.886662049e-07
892900000,0.001205156321,-0.0004163682541,-7.518406721e-07,-6.122291639e-07
893000000,0.001337098703,-0.0007509336653,-8.509821472e-07,-4.163524834e-07
893100000,0.001309235027,-0.001110507914,-9.042281858e-07,-2.11653534e-07
893200000,0.001126914832,-0.001421694799,-9.139445574e-07,-6.722843262e-09
893300000,0.0008276258656,-0.001621176662,-8.830198116e-07,1.916370937e-07
893400000,0.0004730961618,-0.001669004407,-8.141820232e-07,3.777519708e-07
893500000,0.0001362899922,-0.001556947171,-7.098370513e-07,5.462515281e-07
893600000,-0.0001139504114,-0.001310141186,-5.724226764e-07,6.913632041e-07
893700000,-0.0002273695946,-0.0009816955293,-4.051417072e-07,8.065661434e-07
893800000,-0.0001828136679,-0.000641402055,-2.128394296e-07,8.847532678e-07
893900000,7.423573684e-06,-0.0003609428864,-2.747800354e-09,9.189203528e-07
894000000,0.0003003354091,-0.0001987277671,2.151601821e-07,9.032668508e-07
894100000,0.0006314314231,-0.0001875694244,4.2838201e-07,8.344831814e-07
894200000,0.0009285012807,-0.0003278021544,6.227166079e-07,7.129376398e-07
894300000,0.001126995216,-0.0005872952,7.836298957e-07,5.434768746e-07
894400000,0.001183763465,-0.0009083526317,8.979460442e-07,3.356175799e-07
894500000,0.001086246315,-0.001220034456,9.555723339e-07,1.030207504e-07
894600000,0.0008551706859,-0.001453287743,9.509416447e-07,-1.377200639e-07
894700000,0.0005401837739,-0.001555683751,8.838977261e-07,-3.688078538e-07
894800000,0.0002093480376,-0.001502642107,7.598465544e-07,-5.732144016e-07
894900000,-6.528110605e-05,-0.001302767275,5.891323099e-07,-7.36569782e-07
895000000,-0.0002229470776,-0.0009961677451,3.857409828e-07,-8.48656269e-07
895100000,-0.0002271236733,-0.0006461106759,1.655586606e-07,-9.042689844e-07
895200000,-7.335652335e-05,-0.0003257709078,-5.551028452e-08,-9.033273625e-07
895300000,0.0002096402596,-0.0001028666479,-2.632433094e-07,-8.502645157e-07
895400000,0.0005658644873,-2.541756838e-05,-4.463442048e-07,-7.528563182e-07
895500000,0.0009236460735,-0.0001116222937,-5.970597457e-07,-6.207508146e-07
895600000,0.001210562581,-0.0003459827913,-7.111298918e-07,-4.640014517e-07
895700000,0.001368514522,-0.0006824870657,-7.871702242e-07,-2.918865824e-07
895800000,0.001365794054,-0.001054176181,-8.256973232e-07,-1.1221813e-07
895900000,0.00120361616,-0.001387079477,-8.280712454e-07,6.877798292e-08
896000000,0.0009157488902,-0.001615584976,-7.95631309e-07,2.460618132e-07
896100000,0.0005613330553,-0.001696013078,-7.29242316e-07,4.150320473e-07
896200000,0.0002124159091,-0.001615543687,-6.293614653e-07,5.706831247e-07
896300000,-6.116433503e-05,-0.001394629667,-4.966050534e-07,7.069404958e-07
896400000,-0.0002063506682,-0.001082406153,-3.326672293e-07,8.16407114e-07
896500000,-0.0001978225771,-0.0007460853632,-1.413483569e-07,8.906598952e-07
896600000,-4.302996735e-05,-0.0004565972518,7.059117497e-08,9.211068517e-07
896700000,0.0002197417245,-0.0002735282462,2.930148321e-07,9.002813602e-07
896800000,0.0005298436649,-0.0002325550366,5.126145363e-07,8.233384243e-07
896900000,0.0008174542353,-0.0003380365536,7.137959569e-07,6.894531437e-07
897000000,0.001018668812,-0.0005623277926,8.801638302e-07,5.028184195e-07
897100000,0.001089268563,-0.0008519475391,9.963976215e-07,2.729989399e-07
897200000,0.00101423246,-0.001139272885,1.050217405e-06,1.451022557e-08
897300000,0.0008109657515,-0.001357257421,1.034107084e-06,-2.543672738e-07
897400000,0.0005255580326,-0.001454027536,9.464941672e-07,-5.133868102e-07
897500000,0.0002228691218,-0.001404238796,7.921762516e-07,-7.424798474e-07
897600000,-2.744519527e-05,-0.001214765345,5.819158394e-07,-9.239155672e-07
897700000,-0.0001659922358,-0.0009235014697,3.312709463e-07,-1.044143544e-06
897800000,-0.0001565808777,-0.0005915184112,5.885990806e-08,-1.095049459e-06
897900000,5.715727163e-06,-0.0002902295999,-2.156507744e-07,-1.074464835e-06
898000000,0.0002930951926,-8.627495102e-05,-4.735139481e-07,-9.859091993e-07
898100000,0.00065048538,-2.731709638e-05,-6.985329936e-07,-8.376785854e-07
898200000,0.001006793525,-0.0001317497753,-8.781495931e-07,-6.415007887e-07
898300000,0.001289590787,-0.0003844942481,-1.003901154e-06,-4.110345081e-07
898400000,0.001440156113,-0.0007397793167,-1.071290552e-06,-1.604867358e-07
898500000,0.001425728629,-0.001130334682,-1.079222357e-06,9.643661305e-08
898600000,0.0012464038,-0.001481083642,-1.029230071e-06,3.471329224e-07
898700000,0.0009352308005,-0.001724480289,-9.247343388e-07,5.802633011e-07
898800000,0.0005514912239,-0.001814294184,-7.705310569e-07,7.855870291e-07
898900000,0.0001685645968,-0.001734972397,-5.726214597e-07,9.536627928e-07
899000000,-0.000141083562,-0.001504636031,-3.383844144e-07,1.07563593e-06
899100000,-0.0003206564891,-0.001171101714,-7.698036598e-08,1.143301099e-06
899200000,-0.0003404470248,-0.0008017793137,2.00207426e-07,1.14955054e-06
899300000,-0.0002035511746,-0.0004695792833,4.793255834e-07,1.089207188e-06
899400000,5.529700136e-05,-0.0002377971122,7.442086032e-07,9.601244511e-07
899500000,0.0003774917068,-0.000147152204,9.770796243e-07,7.643373197e-07
899600000,0.0006932545728,-0.0002076983719,1.159818117e-06,5.089955155e-07
899700000,0.0009365593245,-0.000397288631,1.275689428e-06,2.068127428e-07
899800000,0.00105910846,-0.0006668855648,1.311313538e-06,-1.241714158e-07
899900000,0.001040395621,-0.0009515545995,1.258570166e-06,-4.616092979e-07
900000000,0.0008917255273,-0.001184770178,1.116112966e-06,-7.805964169e-07
900100000,0.0006533553514,-0.00131296207,8.902042136e-07,-1.055971193e-06
900200000,0.0003853922307,-0.001307182066,5.946775608e-07,-1.264867127e-06
900300000,0.0001544167948,-0.001169391092,2.499726658e-07,-1.389160741e-06
900400000,1.871604138e-05,-0.0009320213245,-1.18663778e-07,-1.417461147e-06
900500000,1.530477924e-05,-0.0006509096702,-4.835796577e-07,-1.346353106e-06
900600000,0.000151530158,-0.0003931189278,-8.17394539e-07,-1.180722603e-06
900700000,0.0004030719971,-0.0002222568992,-1.095586983e-06,-9.331398252e-07
900800000,0.0007187841935,-0.0001844384231,-1.298653107e-06,-6.224213299e-07
900900000,0.001031362678,-0.0002978984645,-1.413581613e-06,-2.716133118e-07
901000000,0.001271584564,-0.000548487788,-1.434514826e-06,9.429029595e-08
901100000,0.001383103896,-0.0008920342985,-1.362604396e-06,4.505694159e-07
901200000,0.001334670227,-0.001263099627,-1.205196819e-06,7.746611335e-07
901300000,0.001127178969,-0.001588309965,-9.745738276e-07,1.047520803e-06
901400000,0.0007940494143,-0.001801476311,-6.865103241e-07,1.254396003e-06
901500000,0.0003948266382,-0.001857342604,-3.5889388e-07,1.385066193e-06
901600000,3.322465127e-06,-0.001741086798,-1.058257697e-08,1.433692881e-06
901700000,-0.00030724819,-0.001471587188,3.394197238e-07,1.398472965e-06
901800000,-0.0004790529847,-0.001097766963,6.724959143e-07,1.281283725e-06
901900000,-0.0004812846942,-0.0006887720545,9.707673423e-07,1.087455579e-06
902000000,-0.0003162517741,-0.0003200203162,1.217424096e-06,8.257227433e-07
902100000,-1.866570855e-05,-5.801728635e-05,1.397192235e-06,5.083044956e-07
902200000,0.00035170829,5.291302391e-05,1.497046627e-06,1.509853275e-07
902300000,0.0007224879499,-7.623876838e-07,1.507191474e-06,-2.269874386e-07
902400000,0.00102358959,-0.0001996032086,1.422227512e-06,-6.033711818e-07
902500000,0.001201500889,-0.0004958605236,1.242330031e-06,-9.538929537e-07
902600000,0.001229930176,-0.0008239718253,9.741988216e-07,-1.253751099e-06
902700000,0.001114620103,-0.00111464573,6.315270839e-07,-1.479575591e-06
902800000,0.0008913496322,-0.001309543496,2.347782545e-07,-1.611652718e-06
902900000,0.0006175921997,-0.001373444791,-1.898472669e-07,-1.636129686e-06
903000000,0.0003596441033,-0.001301326228,-6.1224555e-07,-1.546871984e-06
903100000,0.000177998355,-0.001118870249,-1.000893831e-06,-1.346662904e-06
903200000,0.0001141086842,-0.0008763283405,-1.325714821e-06,-1.047510453e-06
903300000,0.0001813852089,-0.0006370858883,-1.56096705e-06,-6.699500467e-07
903400000,0.0003623511024,-0.0004634107269,-1.687783635e-06,-2.413802187e-07
903500000,0.0006125636678,-0.0004024694671,-1.696021805e-06,2.063841845e-07
903600000,0.0008704486327,-0.0004756352798,-1.585182859e-06,6.400382343e-07
903700000,0.001070926027,-0.0006734015868,-1.364299525e-06,1.027821246e-06
903800000,0.001159892282,-0.0009570115337,-1.050839712e-06,1.342281901e-06
903900000,0.001106439471,-0.00126647294,-6.688147051e-07,1.562452986e-06
904000000,0.0009101759199,-0.001533261722,-2.463812062e-07,1.675220709e-06
904100000,0.0006020567387,-0.001695015014,1.867263961e-07,1.675808304e-06
904200000,0.0002385130596,-0.001709089836,6.016103962e-07,1.567430705e-06
904300000,-0.0001099096749,-0.001562101345,9.722146564e-07,1.360290933e-06
904400000,-0.0003730320936,-0.001273402415,1.276768053e-06,1.070159374e-06
904500000,-0.0004956087251,-0.0008917413376,1.49863247e-06,7.167942955e-07
904600000,-0.0004489317594,-0.0004857665986,1.626628047e-06,3.224268567e-07
904700000,-0.0002370383601,-0.0001303361023,1.654982548e-06,-8.954123073e-08
904800000,0.0001037847631,0.0001085353708,1.583080147e-06,-4.955742961e-07
904900000,0.000512109616,0.0001869731186,1.415164961e-06,-8.728119358e-07
905000000,0.0009136230729,9.20325146e-05,1.16009486e-06,-1.199755377e-06
905100000,0.001235997572,-0.0001558315649,8.311587274e-07,-1.456961089e-06
905200000,0.00142330236,-0.0005071156077,4.458876312e-07,-1.627851443e-06
905300000,0.001446980231,-0.0008935212747,2.572949548e-08,-1.69969158e-06
905400000,0.001311132924,-0.001241968868,-4.045652239e-07,-1.664695898e-06
905500000,0.001051047291,-0.001489447765,-8.179746345e-07,-1.521138172e-06
905600000,0.0007253071478,-0.001595611905,-1.186712295e-06,-1.274269344e-06
905700000,0.000403177569,-0.001550506764,-1.484169443e-06,-9.368156929e-07
905800000,0.0001499372984,-0.001375842328,-1.687142795e-06,-5.28848879e-07
905900000,1.326096773e-05,-0.001119590067,-1.77810324e-06,-7.688876203e-08
906000000,1.352342111e-05,-0.0008450940245,-1.747202447e-06,3.877904759e-07
906100000,0.0001400593268,-0.0006170472592,-1.593708287e-06,8.315502555e-07
906200000,0.0003541386898,-0.00048734673,-1.326611266e-06,1.221247179e-06
906300000,0.0005979831152,-0.0004838590544,-9.642466087e-07,1.527239551e-06
906400000,0.0008078557122,-0.0006045003433,-5.329133511e-07,1.726171277e-06
906500000,0.0009283869227,-0.0008178891076,-6.461869217e-08,1.803177005e-06
906600000,0.0009250369284,-0.001070417184,4.057936977e-07,1.75322532e-06
906700000,0.0007919991795,-0.001298203652,8.437825649e-07,1.581437145e-06
906800000,0.0005538318221,-0.001441347528,1.218132647e-06,1.302362798e-06
906900000,0.0002604524722,-0.001457401683,1.503508726e-06,9.383473535e-07
907000000,-2.344347555e-05,-0.001331157463,1.682269863e-06,5.172340277e-07
907100000,-0.0002322855635,-0.001078619106,1.745396268e-06,6.97290428e-08
907200000,-0.0003138854567,-0.0007442878638,1.692519125e-06,-3.732323643e-07
907300000,-0.0002410044296,-0.0003923010695,1.531171037e-06,-7.828199096e-07
907400000,-1.775604881e-05,-9.327732957e-05,1.275468774e-06,-1.13412977e-06
907500000,0.0003205395186,9.03704181e-05,9.444859138e-07,-1.407393429e-06
907600000,0.0007140526007,0.0001175669623,5.605659578e-07,-1.588587761e-06
907700000,0.001090318064,-2.261007199e-05,1.477732033e-07,-1.669553239e-06
907800000,0.001378826141,-0.0003082906934,-2.694052939e-07,-1.647781763e-06
907900000,0.001525301303,-0.0006889171078,-6.670865126e-07,-1.526043809e-06
908000000,0.001502705195,-0.001095254726,-1.022806915e-06,-1.311988882e-06
908100000,0.001316681909,-0.00145324269,-1.316235145e-06,-1.01778605e-06
908200000,0.001004320234,-0.001698819532,-1.52989746e-06,-6.59791704e-07
908300000,0.0006264970965,-0.001790658804,-1.649996261e-06,-2.581612564e-07
908400000,0.0002554003244,-0.001718186843,-1.667334684e-06,1.63720589e-07
908500000,-4.017017931e-05,-0.001503239472,-1.578278116e-06,5.801177936e-07
908600000,-0.0002086648255,-0.001195042214,-1.385608174e-06,9.642138923e-07
908700000,-0.0002259322211,-0.0008595928835,-1.099076516e-06,1.289782601e-06
908800000,-9.95575086e-05,-0.0005656946678,-7.354597259e-07,1.533167277e-06
908900000,0.0001334801944,-0.0003705858748,-3.179582951e-07,1.675382829e-06
909000000,0.0004152943649,-0.0003081906204,1.251323487e-07,1.704082467e-06
909100000,0.0006798887104,-0.0003824541989,5.624372349e-07,1.615102908e-06
909200000,0.0008675240603,-0.0005671440363,9.620413157e-07,1.413325231e-06
909300000,0.0009375855177,-0.0008121202697,1.294286662e-06,1.112663876e-06
909400000,0.000877206928,-0.001054701518,1.534495433e-06,7.351118737e-07
909500000,0.0007038211944,-0.001233665722,1.665274126e-06,3.089064932e-07
909600000,0.0004611080744,-0.00130286602,1.678099645e-06,-1.339885531e-07
909700000,0.000209227127,-0.001241528253,1.573983865e-06,-5.607846872e-07
909800000,1.144870274e-05,-0.001059011831,1.363143871e-06,-9.40798246e-07
909900000,-7.993266533e-05,-0.0007930056318,1.063746918e-06,-1.248054737e-06
910000000,-3.53655005e-05,-0.0005015396191,6.999267899e-07,-1.463272611e-06
910100000,0.0001450499742,-0.0002505183277,2.99359489e-07,-1.575035607e-06
910200000,0.0004310112907,-9.944082081e-05,-1.09274144e-07,-1.580091986e-06
910300000,0.0007679631878,-8.835963818e-05,-4.986279008e-07,-1.482849073e-06
910400000,0.001088304146,-0.0002288684293,-8.445875743e-07,-1.294238902e-06
910500000,0.001325489489,-0.0005010533032,-1.127583302e-06,-1.030196964e-06
910600000,0.001428055599,-0.0008570804589,-1.333287977e-06,-7.100118394e-07
910700000,0.001370604819,-0.001230691125,-1.452776371e-06,-3.547698713e-07
910800000,0.001159429377,-0.001550630069,-1.482292867e-06,1.395267382e-08
910900000,0.0008315780676,-0.001755206641,-1.422806135e-06,3.750889069e-07
911000000,0.0004475435766,-0.001804949108,-1.279514045e-06,7.088002954e-07
911100000,7.908310821e-05,-0.001690711608,-1.061408996e-06,9.970105056e-07
911200000,-0.0002052985254,-0.001435543283,-7.809381244e-07,1.223879614e-06
911300000,-0.0003541871452,-0.001089931593,-4.537148695e-07,1.376332379e-06
911400000,-0.0003435459391,-0.0007214141721,-9.81781785e-08,1.444704789e-06
911500000,-0.0001813211481,-0.0004007274756,2.649308356e-07,1.423499228e-06
911600000,9.457479206e-05,-0.0001873808727,6.133900198e-07,1.312159357e-06
911700000,0.0004244593685,-0.0001176609807,9.246758515e-07,1.115711865e-06
911800000,0.0007395200665,-0.0001975579659,1.177479679e-06,8.450909385e-07
911900000,0.0009762347686,-0.0004020697779,1.353445879e-06,5.169732147e-07
912000000,0.001089539873,-0.0006809982546,1.438935858e-06,1.530069773e-07
912100000,0.001061982886,-0.0009699844494,1.426571402e-06,-2.215894696e-07
912200000,0.0009069487841,-0.001204427599,1.316305138e-06,-5.799760611e-07
912300000,0.000665306386,-0.00133332681,1.11580951e-06,-8.959960885e-07
912400000,0.0003962170401,-0.00133010642,8.400632047e-07,-1.146568395e-06
912500000,0.0001640867346,-0.001198131905,5.101304578e-07,-1.313859852e-06
912600000,2.446034127e-05,-0.0009697570217,1.512529985e-07,-1.3869465e-06
912700000,1.187806399e-05,-0.0006991234569,-2.095169106e-07,-1.362738159e-06
912800000,0.000132291471,-0.0004502672262,-5.458414102e-07,-1.246047733e-06
912900000,0.0003616598779,-0.0002830865746,-8.344567286e-07,-1.048813759e-06
913000000,0.0006510262293,-0.0002401805394,-1.057076379e-06,-7.886096809e-07
913100000,0.0009369876948,-0.0003373792327,-1.201626585e-06,-4.866729897e-07
913200000,0.001155325443,-0.0005599975321,-1.26271498e-06,-1.657441476e-07
913300000,0.001254885275,-0.0008656229225,-1.241356709e-06,1.519900299e-07
913400000,0.001208747899,-0.001192856817,-1.144092793e-06,4.465999582e-07
913500000,0.00102030394,-0.001474163009,-9.817137417e-07,7.016010537e-07
913600000,0.000722930021,-0.001650105128,-7.678339675e-07,9.045698149e-07
913700000,0.0003733177324,-0.001681960312,-5.175461298e-07,1.047238284e-06
913800000,3.984958987e-05,-0.001560039325,-2.463256748e-07,1.125200833e-06
913900000,-0.0002115381394,-0.001305949375,3.073035224e-08,1.137413479e-06
914000000,-0.0003310360476,-0.0009683125528,2.993394822e-07,1.085667397e-06
914100000,-0.000295312221,-0.0006128301518,5.462339038e-07,9.741777743e-07
914200000,-0.0001123600128,-0.0003087714811,7.59262154e-07,8.093582802e-07
914300000,0.0001801735846,-0.0001147159222,9.275382792e-07,5.997683229e-07
914400000,0.0005228268776,-6.653225468e-05,1.041751374e-06,3.561451742e-07
914500000,0.0008466841245,-0.000170108004,1.094683177e-06,9.138415886e-08
914600000,0.001087665165,-0.0004003431953,1.081900051e-06,-1.796805974e-07
914700000,0.001199748977,-0.0007066071808,1.002507952e-06,-4.408116299e-07
914800000,0.001164363004,-0.001023500301,8.598040428e-07,-6.752705777e-07
914900000,0.0009939786943,-0.001284649002,6.616406816e-07,-8.670514447e-07
915000000,0.0007291743916,-0.001436627873,4.203427102e-07,-1.002319992e-06
915100000,0.0004298029151,-0.001450078958,1.520840572e-07,-1.070864639e-06
915200000,0.0001621429641,-0.00132569327,-1.242775994e-07,-1.067329588e-06
915300000,-1.524140467e-05,-0.001093806791,-3.888075307e-07,-9.920109555e-07
915400000,-6.39396207e-05,-0.0008077141548,-6.223515353e-07,-8.510516936e-07
915500000,2.619791046e-05,-0.0005321319902,-8.083950499e-07,-6.559616796e-07
915600000,0.0002349927984,-0.0003292690438,-9.346596619e-07,-4.22498609e-07
915700000,0.0005163390759,-0.0002454642251,-9.942064765e-07,-1.690520929e-07
915800000,0.0008081261057,-0.0003012297405,-9.858921924e-07,8.524331614e-08
915900000,0.001045568667,-0.0004868109662,-9.141286871e-07,3.223970267e-07
916000000,0.001175108172,-0.0007642020168,-7.880103777e-07,5.271891221e-07
916100000,0.001165930441,-0.001075185289,-6.199737413e-07,6.883230736e-07
916200000,0.001016653567,-0.001353685557,-4.242211514e-07,7.989816577e-07
916300000,0.0007557657155,-0.001539815284,-2.151641473e-07,8.567711694e-07
916400000,0.0004357188525,-0.001592630923,-6.11613063e-09,8.631443892e-07
916500000,0.0001219290771,-0.001498894918,1.916023331e-07,8.224751179e-07
916600000,-0.0001209874427,-0.001275985793,3.690761935e-07,7.410009323e-07
916700000,-0.000242829845,-0.000968338735,5.197580007e-07,6.258488928e-07
916800000,-0.0002183992045,-0.0006381685291,6.390978868e-07,4.843135073e-07
916900000,-5.281859674e-05,-0.0003524356457,7.240156855e-07,3.234785896e-07
917000000,0.0002195364623,-0.00016880939,7.724033941e-07,1.501824449e-07
917100000,0.0005422692352,-0.000123592239,7.828168407e-07,-2.876052966e-08
917200000,0.0008488251115,-0.0002241532116,7.544506297e-07,-2.062305424e-07
917300000,0.00107648025,-0.0004474640069,6.874054392e-07,-3.745382553e-07
917400000,0.001179501623,-0.0007450417229,5.831710002e-07,-5.253803951e-07
917500000,0.001138701636,-0.001053248833,4.451809546e-07,-6.50113622e-07
917600000,0.0009653739127,-0.001306770455,2.792624767e-07,-7.403639257e-07
917700000,0.00069878499,-0.001452419385,9.381178779e-08,-7.889007038e-07
917800000,0.0003977585785,-0.001460352099,-1.004248074e-07,-7.906293932e-07
917900000,0.0001281368337,-0.001330327962,-2.910060786e-07,-7.435110913e-07
918000000,-5.12268794e-05,-0.001091692963,-4.648368094e-07,-6.492126843e-07
918100000,-0.0001009807028,-0.0007970964633,-6.09458258e-07,-5.133285545e-07
918200000,-9.647370851e-06,-0.0005112739236,-7.143908678e-07,-3.450879173e-07
918300000,0.0002039107793,-0.0002972703539,-7.72309239e-07,-1.565554964e-07
918400000,0.0004944537402,-0.0002030182945,-7.798504074e-07,3.857161137e-08
918500000,0.0007999136145,-0.0002511071944,-7.379175558e-07,2.263910776e-07
918600000,0.001054513793,-0.0004339051368,-6.514303025e-07,3.942238966e-07
918700000,0.00120268708,-0.0007150625702,-5.285716866e-07,5.318220448e-07
918800000,0.001210855685,-0.001037080443,-3.796708473e-07,6.321763006e-07
918900000,0.001074588991,-0.001333346369,-2.159211958e-07,6.918227502e-07
919000000,0.0008196312605,-0.001542101611,-4.815452998e-08,7.10642128e-07
919100000,0.0004965844497,-0.001619396621,1.141316788e-07,6.912402546e-07
919200000,0.0001703684275,-0.001548308236,2.633582618e-07,6.380712288e-07
919300000,-9.331977741e-05,-0.0013424815,3.940107694e-07,5.565029852e-07
919400000,-0.0002416958102,-0.001043256502,5.023928471e-07,4.520201418e-07
919500000,-0.0002458464252,-0.0007109930382,5.861113471e-07,3.297135373e-07
919600000,-0.0001066548163,-0.0004124280974,6.434683716e-07,1.941299082e-07
919700000,0.0001455449625,-0.0002067355308,6.729457718e-07,4.946547875e-08
919800000,0.0004574978201,-0.0001332277183,6.729361381e-07,-9.999661842e-08
919900000,0.0007643495876,-0.0002032885931,6.418082724e-07,-2.493650792e-07
920000000,0.001003358375,-0.0003982299141,5.783090582e-07,-3.927182817e-07
920100000,0.001127090507,-0.0006735077832,4.822164377e-07,-5.22945232e-07
920200000,0.001113309156,-0.0009683894375,3.550888542e-07,-6.319565417e-07
920300000,0.0009694681642,-0.001219006552,2.009203905e-07,-7.112894138e-07
920400000,0.0007308704321,-0.001372015388,2.651615453e-08,-7.530392949e-07
920500000,0.000452896445,-0.001395958337,-1.58551255e-07,-7.50970769e-07
920600000,0.0001989682608,-0.001287912777,-3.424652765e-07,-7.016085836e-07
920700000,2.681962496e-05,-0.001074017403,-5.121359903e-07,-6.050978361e-07
920800000,-2.399873307e-05,-0.0008037697567,-6.544943408e-07,-4.656533701e-07
920900000,5.928574813e-05,-0.0005393140137,-7.579180573e-07,-2.914865278e-07
921000000,0.0002598052663,-0.0003420032241,-8.135651963e-07,-9.418905974e-08
921100000,0.0005345360326,-0.0002590988242,-8.164020158e-07,1.123491579e-07
921200000,0.000823394143,-0.0003134402627,-7.657635085e-07,3.133293138e-07
921300000,0.001062016894,-0.0004982866241,-6.653668583e-07,4.945284398e-07
921400000,0.001195522378,-0.0007784355147,-5.227937508e-07,6.436570337e-07
921500000,0.001190333132,-0.001097395663,-3.485476183e-07,7.513975501e-07
921600000,0.001041558686,-0.001389110222,-1.548587335e-07,8.119976917e-07
921700000,0.0007743687713,-0.001591767476,4.555919781e-08,8.233792763e-07
921800000,0.0004390548213,-0.001660795825,2.406076456e-07,7.868130506e-07
921900000,0.0001008048685,-0.001578311566,4.196116418e-07,7.062837128e-07
922000000,-0.0001736728824,-0.001357033279,5.737665212e-07,5.877129007e-07
922100000,-0.0003298821097,-0.001037837809,6.962350538e-07,4.382130148e-07
922200000,-0.0003367570553,-0.0006814654761,7.819816494e-07,2.655118562e-07
922300000,-0.0001930269062,-0.00035610691,8.274800269e-07,7.762575589e-08
922400000,7.259706681e-05,-0.0001234643674,8.304452174e-07,-1.172180492e-07
922500000,0.0004074403171,-2.619693244e-05,7.897174482e-07,-3.104827083e-07
922600000,0.000745819145,-7.936554221e-05,7.053702639e-07,-4.931730864e-07
922700000,0.001022627324,-0.0002676519099,5.790410693e-07,-6.557842928e-07
922800000,0.001186703986,-0.0005489114055,4.144063675e-07,-7.884774901e-07
922900000,0.001211182517,-0.0008632883744,2.176640277e-07,-8.815613032e-07
923000000,0.001098660777,-0.001145953176,-2.144578902e-09,-9.262816451e-07
923100000,0.0008801292881,-0.001340760179,-2.331308563e-07,-9.158398773e-07
923200000,0.0006079153947,-0.001411936564,-4.609848881e-07,-8.464873301e-07
923300000,0.0003441686968,-0.001351334543,-6.698655173e-07,-7.184996777e-07
923400000,0.000147356921,-0.001179726307,-8.4369793e-07,-5.368285111e-07
923500000,5.966041112e-05,-0.0009418914325,-9.677348802e-07,-3.112627705e-07
923600000,9.795708292e-05,-0.0006965703986,-1.030172661e-06,-5.60040324e-08
923700000,0.0002503189944,-0.000503452677,-1.023584032e-06,2.113459956e-07
923800000,0.00047876084,-0.0004099992115,-9.459444034e-07,4.71287997e-07
923900000,0.0007276421911,-0.0004409317458,-8.010829664e-07,7.042344861e-07
924000000,0.0009359156881,-0.0005926486295,-5.984771293e-07,8.923884113e-07
924100000,0.001050591267,-0.0008337716146,-3.524104253e-07,1.021439697e-06
924200000,0.001038526936,-0.001111717127,-8.061182877e-08,1.081858602e-06
924300000,0.0008940136692,-0.001363899043,1.974300236e-07,1.069632282e-06
924400000,0.0006405177012,-0.001531182236,4.622444116e-07,9.863823851e-07
924500000,0.0003261855935,-0.001570726102,6.960168546e-07,8.388991117e-07
924600000,1.404084363e-05,-0.001465484913,8.838991806e-07,6.38212244e-07
924700000,-0.0002310748556,-0.001228337567,1.01487421e-06,3.98376756e-07
924800000,-0.0003560739939,-0.000899951648,1.082143923e-06,1.351703443e-07
924900000,-0.0003308577157,-0.0005408051577,1.083092215e-06,-1.351187783e-07
925000000,-0.000154850344,-0.0002190162018,1.018935485e-06,-3.96686573e-07
925100000,0.0001425443884,3.490628833e-06,8.942048039e-07,-6.349331548e-07
925200000,0.0005076734905,8.360463363e-05,7.161982438e-07,-8.369233122e-07
925300000,0.0008733686448,5.813267668e-06,4.945046758e-07,-9.916611676e-07
925400000,0.00117245925,-0.0002146720293,2.406418993e-07,-1.090284103e-06
925500000,0.001351262917,-0.0005350912162,-3.221250331e-08,-1.126279434e-06
925600000,0.001380259339,-0.0008939425029,-3.094732841e-07,-1.095793968e-06
925700000,0.001259743818,-0.001223578806,-5.754882383e-07,-9.980502992e-07
925800000,0.001019307002,-0.001463964632,-8.140707178e-07,-8.358186907e-07
925900000,0.0007112790304,-0.001574726606,-1.009291709e-06,-6.1583612e-07
926000000,0.0003995393249,-0.001542993893,-1.14653775e-06,-3.490295204e-07
926100000,0.0001460627467,-0.001385413856,-1.213766678e-06,-5.039874355e-08
926200000,-1.956380465e-06,-0.001143958056,-1.202822831e-06,2.615505602e-07
926300000,-2.168987611e-05,-0.0008764456589,-1.110623395e-06,5.658679202e-07
926400000,8.103791955e-05,-0.0006438277885,-9.400109314e-07,8.406711697e-07
926500000,0.0002736410849,-0.0004969594928,-7.00090013e-07,1.064981704e-06
926600000,0.0005044001644,-0.0004656887934,-4.059264766e-07,1.220678693e-06
926700000,0.0007141623832,-0.000552591178,-7.757653529e-08,1.294326584e-06
926800000,0.0008495802974,-0.0007326788407,2.614858853e-07,1.278628233e-06
926900000,0.000875029112,-0.0009591303698,5.863801963e-07,1.173296698e-06
927000000,0.0007806300321,-0.001173793684,8.730340352e-07,9.852156703e-07
927100000,0.0005846456939,-0.001320190429,1.100333538e-06,7.27858613e-07
927200000,0.0003297234575,-0.00135621352,1.251950118e-06,4.200418467e-07
927300000,7.378299312e-05,-0.001263775427,1.317635972e-06,8.417848201e-08
927400000,-0.0001225071073,-0.001053317486,1.293863223e-06,-2.557378188e-07
927500000,-0.0002089880772,-0.0007621885968,1.183780283e-06,-5.761677792e-07
927600000,-0.0001571703285,-0.0004472089519,9.965552885e-07,-8.55847997e-07
927700000,3.309747145e-05,-0.0001729718274,7.462533183e-07,-1.077222144e-06
927800000,0.0003328908317,1.658201316e-06,4.504386982e-07,-1.227383725e-06
927900000,0.0006895926975,3.600862643e-05,1.287004254e-07,-1.298517805e-06
928000000,0.001037298129,-8.360206975e-05,-1.987303142e-07,-1.287904524e-06
928100000,0.001310086235,-0.0003405890342,-5.121570828e-07,-1.197598474e-06
928200000,0.001455403947,-0.0006910537854,-7.933438487e-07,-1.033917159e-06
928300000,0.001444781797,-0.00107237033,-1.026207495e-06,-8.068578583e-07
928400000,0.001279657048,-0.001415636887,-1.197341024e-06,-5.295221295e-07
928500000,0.0009910970368,-0.001659422138,-1.296449387e-06,-2.175728867e-07
928600000,0.0006334831509,-0.001761967387,-1.316767659e-06,1.11304294e-07
928700000,0.0002734698639,-0.001709329036,-1.255493363e-06,4.380019864e-07
928800000,-2.348669463e-05,-0.001517792228,-1.114211939e-06,7.427322971e-07
928900000,-0.0002062342358,-0.001230080647,-8.992410637e-07,1.005969248e-06
929000000,-0.0002479490089,-0.0009061809255,-6.217806739e-07,1.209607435e-06
929100000,-0.0001510141661,-0.0006107229976,-2.977430631e-07,1.33828964e-06
929200000,5.42309512e-05,-0.000399574196,5.284259369e-08,1.38079031e-06
929300000,0.0003165632035,-0.0003084630511,4.06905443e-07,1.33128874e-06
929400000,0.0005752360463,-0.0003460131267,7.398674384e-07,1.190339277e-06
929500000,0.0007731915238,-0.0004926277502,1.027532825e-06,9.653546998e-07
929600000,0.00086930111,-0.0007054206066,1.248152077e-06,6.704649401e-07
929700000,0.0008470267978,-0.0009280990414,1.38442709e-06,3.256904052e-07
929800000,0.0007176647549,-0.001103651463,1.425207501e-06,-4.453519607e-08
929900000,0.0005174980569,-0.001187094052,1.366652154e-06,-4.133603978e-07
930000000,0.0002994935845,-0.001155523966,1.212692544e-06,-7.538166884e-07
930100000,0.000121350187,-0.001013308879,9.7472654e-07,-1.041161412e-06
930200000,3.24885751e-05,-0.0007912910638,6.705751654e-07,-1.25499079e-06
930300000,6.279980662e-05,-0.0005401725899,3.228346562e-07,-1.380884388e-06
930400000,0.0002155908223,-0.0003194992777,-4.316691375e-08,-1.411412147e-06
930500000,0.000466264988,-0.000184606367,-4.015570984e-07,-1.34642831e-06
930600000,0.0007670476984,-0.0001743268988,-7.279983498e-07,-1.192676458e-06
930700000,0.001056775567,-0.0003021030952,-1.001445045e-06,-9.628185249e-07
930800000,0.001273688036,-0.0005524187062,-1.205432478e-06,-6.740634501e-07
930900000,0.001368520497,-0.0008833427199,-1.328835815e-06,-3.465986556e-07
931000000,0.001315131086,-0.001234682823,-1.366119655e-06,-2.017983357e-09
931100000,0.001116410154,-0.001540063844,-1.317164897e-06,3.381013777e-07
931200000,0.0008042101558,-0.001740420084,-1.186797957e-06,6.533816102e-07
931300000,0.0004332849649,-0.001796092188,-9.841534908e-07,9.255615271e-07
931400000,7.047878372e-05,-0.001695008957,-7.219781286e-07,1.139179653e-06
931500000,-0.000218604869,-0.001455249492,-4.159384775e-07,1.282089041e-06
931600000,-0.0003826994124,-0.001121450204,-8.394484334e-08,1.345876399e-06
931700000,-0.0003950318488,-0.0007558004591,2.545428359e-07,1.32623744e-06
931800000,-0.0002584476185,-0.0004254941353,5.792862219e-07,1.223319524e-06
931900000,-4.459313606e-06,-0.000189238572,8.701758244e-07,1.041993787e-06
932000000,0.000313559979,-8.56144804e-05,1.108305307e-06,7.919759875e-07
932100000,0.0006315988795,-0.000125689757,1.277194766e-06,4.876913554e-07
932200000,0.000888287194,-0.0002913972448,1.364085821e-06,1.477823541e-07
932300000,0.001037449533,-0.0005399769276,1.361176775e-06,-2.058078407e-07
932400000,0.001057309298,-0.0008135096694,1.266630129e-06,-5.491837947e-07
932500000,0.0009544313679,-0.001051500261,1.085178343e-06,-8.582112374e-07
932600000,0.0007616082806,-0.001203828842,8.281817188e-07,-1.110453581e-06
932700000,0.0005301805025,-0.001241318689,5.130526507e-07,-1.28713019e-06
932800000,0.0003184637225,-0.001161682138,1.620439538e-07,-1.374864411e-06
932900000,0.0001787825053,-0.0009895973347,-1.995086099e-07,-1.366995856e-06
933000000,0.0001459024457,-0.0007709261333,-5.45315043e-07,-1.26427608e-06
933100000,0.0002293482957,-0.0005623388475,-8.503957215e-07,-1.074843475e-06
933200000,0.0004112580127,-0.0004185953451,-1.093221189e-06,-8.134692123e-07
933300000,0.000650231934,-0.0003802328609,-1.25748158e-06,-5.001648705e-07
933400000,0.0008903481973,-0.0004643215524,-1.333293422e-06,-1.583269406e-07
933500000,0.001073406687,-0.0006602893015,-1.317733396e-06,1.873509421e-07
933600000,0.001151771428,-0.0009317302362,-1.214684343e-06,5.129492119e-07
933700000,0.001099052361,-0.001223830807,-1.034071272e-06,7.971497287e-07
933800000,0.0009163272515,-0.001474847111,-7.906385138e-07,1.022647256e-06
933900000,0.0006325527973,-0.001629202777,-5.024616818e-07,1.177050236e-06
934000000,0.0002990471397,-0.001649430107,-1.89394602e-07,1.253259699e-06
934100000,-2.081841983e-05,-0.001524419413,1.283763812e-07,1.24938931e-06
934200000,-0.0002645679716,-0.001272218519,4.315515081e-07,1.168341232e-06
934300000,-0.0003835015233,-0.0009367702527,7.026565124e-07,1.01717381e-06
934400000,-0.0003528115585,-0.0005792480397,9.26710762e-07,8.063872544e-07
934500000,-0.0001768172474,-0.0002657813973,1.091681175e-06,5.492181364e-07
934600000,0.0001117821215,-5.411801985e-05,1.188800569e-06,2.609837482e-07
934700000,0.0004584848764,1.800914953e-05,1.212823321e-06,-4.153325027e-08
934800000,0.0007980308937,-5.960209014e-05,1.16226126e-06,-3.407076254e-07
934900000,0.001067617292,-0.0002677767681,1.03959792e-06,-6.187654147e-07
935000000,0.001219541285,-0.0005621557998,8.514324865e-07,-8.586017308e-07
935100000,0.001230648498,-0.0008825389833,6.08469302e-07,-1.044740367e-06
935200000,0.001106635772,-0.001165414935,3.252553756e-07,-1.164401849e-06
935300000,0.0008803365583,-0.001357052182,1.958282568e-08,-1.208591687e-06
935400000,0.000604379185,-0.001424413188,-2.884851589e-07,-1.17307584e-06
935500000,0.0003397890322,-0.001361615928,-5.779444816e-07,-1.059088082e-06
935600000,0.0001429560197,-0.001190609927,-8.284462238e-07,-8.736218175e-07
935700000,5.372841667e-05,-0.0009559578718,-1.022005199e-06,-6.291984708e-07
935800000,8.714937883e-05,-0.000714861554,-1.1446248e-06,-3.430707012e-07
935900000,0.0002305742256,-0.0005245774214,-1.187630225e-06,-3.590008448e-08
936000000,0.0004467586387,-0.0004299175996,-1.148525955e-06,2.699690749e-07
936100000,0.000682234616,-0.0004535088836,-1.031250137e-06,5.52451178e-07
936200000,0.0008791637296,-0.0005908890934,-8.45779363e-07,7.916484764e-07
936300000,0.0009881168781,-0.000811483686,-6.07128114e-07,9.715374921e-07
936400000,0.0009790345391,-0.001065247105,-3.338718348e-07,1.081216499e-06
936500000,0.0008480129131,-0.001293542101,-4.638610627e-08,1.115583243e-06
936600000,0.0006184550307,-0.001441924928,2.349743148e-07,1.075396764e-06
936700000,0.0003363302077,-0.001472097707,4.915385514e-07,9.667658147e-07
936800000,6.054262842e-05,-0.001370467002,7.076471755e-07,8.001829925e-07
936900000,-0.00014954768,-0.001151470417,8.715330644e-07,5.892753197e-07
937000000,-0.0002468017508,-0.000854945435,9.757230627e-07,3.494605076e-07
937100000,-0.0002064836155,-0.000538079395,1.017003733e-06,9.668251061e-08
937200000,-3.178187307e-05,-0.0002636278394,9.96053183e-07,-1.536443349e-07
937300000,0.0002465101026,-8.687811723e-05,9.168726032e-07,-3.874151812e-07
937400000,0.0005761042983,-4.410070767e-05,7.861518329e-07,-5.923366399e-07
937500000,0.0008938482423,-0.0001449181016,6.126756437e-07,-7.582039513e-07
937600000,0.001138654676,-0.0003701978406,4.06830142e-07,-8.770399533e-07
937700000,0.001264027617,-0.0006759167093,1.802141799e-07,-9.431885526e-07
937800000,0.001247566936,-0.001002191028,-5.468751542e-08,-9.534346472e-07
937900000,0.001095467658,-0.001285585947,-2.848429772e-07,-9.071814113e-07
938000000,0.0008410796773,-0.001472130993,-4.971018966e-07,-8.066657045e-07
938100000,0.000537838297,-0.001528323169,-6.787718781e-07,-6.571462053e-07
938200000,0.0002480552525,-0.001447823193,-8.183563491e-07,-4.669689306e-07
938300000,2.992612906e-05,-0.001252456097,-9.064143016e-07,-2.474095711e-07
938400000,-7.451858018e-05,-0.0009873247079,-9.36449603e-07,-1.221449146e-08
938500000,-4.799376056e-05,-0.0007110818877,-9.056998071e-07,2.231910838e-07
938600000,9.871989018e-05,-0.0004834245404,-8.156813579e-07,4.427973123e-07
938700000,0.0003293951641,-0.0003524544321,-6.723647805e-07,6.313117404e-07
938800000,0.0005903426414,-0.0003445745668,-4.858985311e-07,7.755216265e-07
938900000,0.0008220523943,-0.0004590495337,-2.698661408e-07,8.655397602e-07
939000000,0.0009720143055,-0.0006683677947,-4.013588623e-08,8.957584747e-07
939100000,0.001005992303,-0.000924312816,1.865689161e-07,8.653702381e-07
939200000,0.0009153596333,-0.001168439217,3.942014547e-07,7.783738234e-07
939300000,0.0007189415407,-0.001344716657,5.68827269e-07,6.430618268e-07
939400000,0.0004589802567,-0.00141164625,6.99780657e-07,4.710640163e-07
939500000,0.0001920866066,-0.001351269016,7.80403178e-07,2.760869773e-07
939600000,-2.289260981e-05,-0.001173148629,8.082940723e-07,7.253149986e-08
939700000,-0.0001375082152,-0.0009124801274,7.850807154e-07,-1.258221639e-07
939800000,-0.0001241550861,-0.0006227247624,7.157907524e-07,-3.068955798e-07
939900000,1.789090952e-05,-0.0003643332884,6.079626438e-07,-4.610464923e-07
940000000,0.0002621311035,-0.0001919493531,4.706583026e-07,-5.814115877e-07
940100000,0.0005602749184,-0.0001428059495,3.135363788e-07,-6.638844501e-07
940200000,0.0008522980743,-0.0002287741336,1.461102373e-07,-7.068155181e-07
940300000,0.001079003729,-0.0004337493015,-2.274075055e-08,-7.105581041e-07
940400000,0.001194433614,-0.0007169309512,-1.850017744e-07,-6.769926888e-07
940500000,0.001175508895,-0.001021306295,-3.335485143e-07,-6.091407485e-07
940600000,0.001026866481,-0.001285549463,-4.620625823e-07,-5.109353606e-07
940700000,0.0007798713968,-0.001456827897,-5.649454665e-07,-3.87159638e-07
940800000,0.0004860149632,-0.001501817301,-6.373267419e-07,-2.4350881e-07
940900000,0.0002060925951,-0.001413605743,-6.752249199e-07,-8.669019736e-08
941000000,-2.555739451e-06,-0.001213035793,-6.758668863e-07,7.55431464e-08
941100000,-9.80522435e-05,-0.0009442075101,-6.381169024e-07,2.345205019e-07
941200000,-6.27057454e-05,-0.0006650968426,-5.629214868e-07,3.810043593e-07
941300000,9.338122143e-05,-0.0004352736299,-4.536528351e-07,5.057730573e-07
941400000,0.0003345765943,-0.0003033136993,-3.162368219e-07,6.003857338e-07
941500000,0.0006073684159,-0.0002965618411,-1.589821899e-07,6.580285497e-07
941600000,0.0008517778146,-0.0004154038652,7.920570037e-09,6.743082073e-07
941700000,0.001014120145,-0.0006332520593,1.731994629e-07,6.478523969e-07
941800000,0.001058416542,-0.0009022408948,3.255088014e-07,5.805993345e-07
941900000,0.0009740454331,-0.001163423906,4.545077819e-07,4.777062038e-07
942000000,0.00077801965,-0.001359312976,5.518526862e-07,3.470699419e-07
942100000,0.0005114111528,-0.001446108202,6.119549126e-07,1.985207762e-07
942200000,0.0002306818274,-0.00140303383,6.323946428e-07,4.280577459e-08
942300000,-4.245965587e-06,-0.001236808826,6.139386065e-07,-1.094850521e-07
942400000,-0.000142658306,-0.0009803094839,5.601784931e-07,-2.488909695e-07
942500000,-0.0001537830874,-0.0006857083958,4.768705989e-07,-3.678152364e-07
942600000,-3.332351525e-05,-0.0004135398387,3.711045439e-07,-4.609348046e-07
942700000,0.0001955843626,-0.0002200001358,2.504502611e-07,-5.25260819e-07
942800000,0.0004871883985,-0.0001451619265,1.222240973e-07,-5.598911011e-07
942900000,0.0007826912083,-0.0002045859395,-7.020809481e-09,-5.655499534e-07
943000000,0.001022553018,-0.0003860945995,-1.317297511e-07,-5.440427707e-07
943100000,0.001158930026,-0.0006523808441,-2.473196197e-07,-4.977570312e-07
943200000,0.00116562604,-0.000948893345,-3.499590391e-07,-4.293171386e-07
943300000,0.001043463022,-0.00121532603,-4.362633984e-07,-3.414541021e-07
943400000,0.000819946195,-0.001398280412,-5.030259408e-07,-2.370926358e-07
943500000,0.0005433064492,-0.001462424149,-5.470911258e-07,-1.196008326e-07
943600000,0.0002721919115,-0.001397790431,-5.654369665e-07,6.896326974e-09
943700000,6.319994932e-05,-0.001221682301,-5.554777791e-07,1.372591101e-07
943800000,-4.110415422e-05,-0.0009747906527,-5.155399704e-07,2.65243293e-07
943900000,-2.114174018e-05,-0.0007123616825,-4.45414015e-07,3.836576243e-07
944000000,0.0001156467681,-0.00049229892,-3.468566496e-07,4.847947875e-07
944100000,0.0003365401089,-0.0003627337132,-2.239151367e-07,5.61101157e-07
944200000,0.0005906675282,-0.0003517086181,-8.297119426e-08,6.059944068e-07
944300000,0.0008200103694,-0.0004611671983,6.754910903e-08,6.146986124e-07
944400000,0.0009719299392,-0.0006665274647,2.177913513e-07,5.84952428e-07
944500000,0.001010554753,-0.0009219295597,3.57344126e-07,5.174605652e-07
944600000,0.0009246034696,-0.001170043502,4.76245134e-07,4.159994566e-07
944700000,0.0007299767562,-0.001354355447,5.659736836e-07,2.871466432e-07
944800000,0.0004665606613,-0.001431325635,6.202817306e-07,1.396683315e-07
944900000,0.0001899102406,-0.001379838428,6.357439283e-07,-1.634225692e-08
945000000,-4.043454114e-05,-0.001205937645,6.119575093e-07,-1.704431642e-07
945100000,-0.0001735368246,-0.0009418365478,5.513848087e-07,-3.127919546e-07
945200000,-0.0001779000755,-0.0006393999469,4.588922927e-07,-4.349313536e-07
945300000,-4.826872114e-05,-0.0003594607878,3.410878216e-07,-5.303182525e-07
945400000,0.0001930439405,-0.0001592100529,2.055833264e-07,-5.945565909e-07
945500000,0.0005005862361,-8.030326101e-05,6.030870378e-08,-6.253533477e-07
945600000,0.0008150337692,-0.0001401754841,-8.702417446e-08,-6.222674103e-07
945700000,0.0010753534,-0.0003283825885,-2.292541484e-07,-5.863530575e-07
945800000,0.001231322614,-0.0006087317002,-3.599009191e-07,-5.198069844e-07
945900000,0.001253789125,-0.0009267502737,-4.731434213e-07,-4.257094708e-07
946000000,0.001140531803,-0.001220925061,-5.637321139e-07,-3.079112654e-07
946100000,0.0009165087052,-0.001435354056,-6.269330193e-07,-1.710673837e-07
946200000,0.0006284570757,-0.001531161454,-6.585880765e-07,-2.07690515e-08
946300000,0.0003349963374,-0.001494289684,-6.553407339e-07,1.363128065e-07
946400000,9.432878158e-05,-0.001338048614,-6.150257093e-07,2.923757852e-07
946500000,-4.786523494e-05,-0.001099909486,-5.371687886e-07,4.386201881e-07
946600000,-6.778694872e-05,-0.0008332467788,-4.234986105e-07,5.656299609e-07
946700000,3.18312527e-05,-0.0005957980622,-2.78347954e-07,6.64009718e-07
946800000,0.0002227492936,-0.0004373037949,-1.088235723e-07,7.252284506e-07
946900000,0.0004576724342,-0.0003889582049,7.534797855e-08,7.425668787e-07
947000000,0.0006807359158,-0.0004569122591,2.623404422e-07,7.120286055e-07
947100000,0.0008397666534,-0.0006212025392,4.390925017e-07,6.330636939e-07
947200000,0.0008976915604,-0.0008403201158,5.924318634e-07,5.089704384e-07
947300000,0.0008406475301,-0.001060428587,7.103222711e-07,3.468845436e-07
947400000,0.0006810552922,-0.001227247641,7.830681719e-07,1.573269446e-07
947500000,0.0004549970481,-0.00129804982,8.043115875e-07,-4.664946006e-08
947600000,0.0002144554879,-0.001251194673,7.716845175e-07,-2.506107731e-07
947700000,1.606935992e-05,-0.001091150456,6.870325032e-07,-4.400420173e-07
947800000,-9.119562706e-05,-0.0008479156643,5.561909188e-07,-6.016278882e-07
947900000,-7.682960278e-05,-0.0005709450345,3.883625904e-07,-7.243558925e-07
948000000,6.42888886e-05,-0.0003188529226,1.952010951e-07,-8.003194529e-07
948100000,0.0003102995402,-0.000147063514,-1.02614046e-08,-8.251531564e-07
948200000,0.0006164667385,-9.601334351e-05,-2.1469504e-07,-7.980942725e-07
948300000,0.0009241439715,-0.0001823970193,-4.054336966e-07,-7.217217177e-07
948400000,0.001172731398,-0.0003953082617,-5.712285935e-07,-6.014650068e-07
948500000,0.001312132426,-0.0006981017206,-7.027567046e-07,-4.44994358e-07
948600000,0.001313109723,-0.00103560314,-7.928979613e-07,-2.615969779e-07
948700000,0.001173379756,-0.001345177373,-8.368354048e-07,-6.161704466e-08
948800000,0.0009181746666,-0.001569358707,-8.320536525e-07,1.44004125e-07
948900000,0.0005951542616,-0.001667423147,-7.783095693e-07,3.44095211e-07
949000000,0.0002647283631,-0.001623504592,-6.776266684e-07,5.275728109e-07
949100000,-1.21949389e-05,-0.001449579601,-5.343279355e-07,6.837728615e-07
949200000,-0.0001864856436,-0.00118271761,-3.550803367e-07,8.028559344e-07
949300000,-0.0002305425313,-0.0008771915694,-1.488891087e-07,8.763231837e-07
949400000,-0.0001435011107,-0.0005931172797,7.303935625e-08,8.976402325e-07
949500000,4.916192098e-05,-0.0003840131694,2.976445833e-07,8.629201296e-07
949600000,0.0003015089798,-0.0002858929692,5.106218499e-07,7.715748323e-07
949700000,0.000557233219,-0.0003101740076,6.973028577e-07,6.268180562e-07
949800000,0.000761802063,-0.0004418717415,8.4376019e-07,4.358984667e-07
949900000,0.0008740644245,-0.0006434272962,9.380342926e-07,2.099641488e-07
950000000,0.0008748541067,-0.0008633170123,9.713401572e-07,-3.649529786e-08
950100000,0.0007707679585,-0.001047576128,9.390915492e-07,-2.866212333e-07
950200000,0.0005923321115,-0.001151750261,8.41588977e-07,-5.224987751e-07
950300000,0.0003869725578,-0.0011507014,6.842536865e-07,-7.266767352e-07
950400000,0.0002083199289,-0.00104415903,4.77348379e-07,-8.837214688e-07
950500000,0.0001041636828,-0.0008568228149,2.351961549e-07,-9.816182498e-07
950600000,0.000105659447,-0.0006329943131,-2.50200425e-08,-1.012850463e-06
950700000,0.0002201234815,-0.0004268900573,-2.847370169e-07,-9.750307016e-07
950800000,0.0004289789118,-0.0002907150748,-5.255939854e-07,-8.710209698e-07
950900000,0.0006913155195,-0.0002630566784,-7.309353277e-07,-7.085502487e-07
951000000,0.0009523252543,-0.0003600919275,-8.87072151e-07,-4.994041027e-07
951100000,0.001154835332,-0.0005715048427,-9.841867772e-07,-2.58311354e-07
951200000,0.001251500192,-0.0008620106053,-1.016823881e-06,-1.679293085e-09
951300000,0.001215070807,-0.001178197158,-9.839741957e-07,2.536716094e-07
951400000,0.001044562435,-0.001459271402,-8.888099058e-07,4.916475148e-07
951500000,0.0007660023727,-0.00164947367,-7.38165937e-07,6.978119987e-07
951600000,0.00042757484,-0.001709571702,-5.418735289e-07,8.600738959e-07
951700000,9.01519958e-05,-0.001625035613,-3.120419107e-07,9.691442376e-07
951800000,-0.0001848366803,-0.001409186466,-6.235570699e-08,1.018807058e-06
951900000,-0.0003476896861,-0.001100657276,1.925815067e-07,1.006062506e-06
952000000,-0.0003703347618,-0.0007556879904,4.378630899e-07,9.311940514e-07
952100000,-0.000251804162,-0.0004368488875,6.588856557e-07,7.977882086e-07
952200000,-1.816335425e-05,-0.0002005270923,8.419850478e-07,6.127027159e-07
952300000,0.0002830732084,-8.576454868e-05,9.751300371e-07,3.859471471e-07
952400000,0.0005928587457,-0.0001067498734,1.048673889e-06,1.30418126e-07
952500000,0.0008527824407,-0.0002504999325,1.05612617e-06,-1.385730351e-07
952600000,0.001016943456,-0.0004801790277,9.948691057e-07,-4.040260915e-07
952700000,0.001061053439,-0.000743321372,8.667147497e-07,-6.482413399e-07
952800000,0.0009868799851,-0.0009831942469,6.781896121e-07,-8.540347755e-07
952900000,0.0008211317141,-0.00115088224,4.404471627e-07,-1.006089301e-06
953000000,0.0006090647381,-0.001215527667,1.687456754e-07,-1.092308631e-06
953100000,0.0004042105835,-0.001170561431,-1.185158056e-07,-1.105014782e-06
953200000,0.0002564483542,-0.001034619067,-4.011462711e-07,-1.04182929e-06
953300000,0.0002009922562,-0.0008469761188,-6.587774541e-07,-9.061048359e-07
953400000,0.0002506637899,-0.0006585119912,-8.725780429e-07,-7.068248773e-07
953500000,0.000393108256,-0.0005201698859,-1.026877057e-06,-4.579561661e-07
953600000,0.0005935497096,-0.000471416193,-1.110510793e-06,-1.773116616e-07
953700000,0.0008024861909,-0.0005312006277,-1.117741084e-06,1.149532652e-07
953800000,0.0009666643583,-0.0006933793333,-1.04864903e-06,3.980414007e-07
953900000,0.001040967528,-0.0009276038834,-9.089782079e-07,6.522202543e-07
954000000,0.0009986538445,-0.001185506401,-7.094725757e-07,8.603520926e-07
954100000,0.0008377323555,-0.001410876521,-4.64814867e-07,1.009099781e-06
954200000,0.0005820870656,-0.001551671678,-1.923115853e-07,1.089714974e-06
954300000,0.000277075388,-0.001571308674,8.951478551e-08,1.098378194e-06
954400000,-1.950035919e-05,-0.001456833081,3.622773744e-07,1.036120471e-06
954500000,-0.0002491699259,-0.001222219424,6.089045004e-07,9.08403165e-07
954600000,-0.0003648601493,-0.0009060784874,8.1457764e-07,7.244591892e-07
954700000,-0.0003407238657,-0.0005642215556,9.674070058e-07,4.965026151e-07
954800000,-0.0001776739336,-0.0002586083756,1.058865205e-06,2.388969891e-07
954900000,9.654146974e-05,-4.496159083e-05,1.084025395e-06,-3.265791246e-08
955000000,0.0004327497965,3.839109044e-05,1.041657262e-06,-3.018965289e-07
955100000,0.0007701383465,-2.185894638e-05,9.342228457e-07,-5.527213766e-07
955200000,0.001048391159,-0.0002114818109,7.677900432e-07,-7.699244616e-07
955300000,0.001219671416,-0.0004918044949,5.518525663e-07,-9.399211947e-07
955400000,0.00125797754,-0.0008077645581,2.990205911e-07,-1.051505497e-06
955500000,0.001163951258,-0.001099236093,2.453435555e-08,-1.096605824e-06
955600000,0.0009641668072,-0.001313264084,-2.544412778e-07,-1.07098799e-06
955700000,0.0007050844817,-0.001414659306,-5.197589837e-07,-9.748213481e-07
955800000,0.0004429678176,-0.001392755728,-7.534463862e-07,-8.130090113e-07
955900000,0.0002319073776,-0.001262944227,-9.390108747e-07,-5.951866595e-07
956000000,0.000112486546,-0.001062700903,-1.062780217e-06,-3.353203495e-07
956100000,0.0001034813587,-0.0008429928796,-1.115136396e-06,-5.087900951e-08
956200000,0.0001983356541,-0.0006569223764,-1.091489971e-06,2.383849695e-07
956300000,0.0003671315689,-0.0005480522515,-9.928573037e-07,5.11953547e-07
956400000,0.0005636004885,-0.0005409177557,-8.259426976e-07,7.502144927e-07
956500000,0.0007356419441,-0.0006357555578,-6.02686326e-07,9.361093668e-07
956600000,0.0008370686828,-0.0008085727915,-3.393074963e-07,1.056574237e-06
956700000,0.0008380362343,-0.001016530419,-5.493966443e-08,1.103610596e-06
956800000,0.0007319006282,-0.001207473076,2.299927315e-07,1.074870109e-06
956900000,0.0005370168683,-0.001331546934,4.954742833e-07,9.737002935e-07
957000000,0.0002930776983,-0.001352398679,7.234902931e-07,8.086682963e-07
957100000,5.276347388e-05,-0.001255537682,8.993485187e-07,5.926446743e-07
957200000,-0.0001295212691,-0.001052049192,1.012615371e-06,3.415780031e-07
957300000,-0.0002094246763,-0.0007768378664,1.057610427e-06,7.311681895e-08
957400000,-0.0001624256568,-0.0004817453809,1.033465071e-06,-1.947648918e-07
957500000,1.047779372e-05,-0.0002249751363,9.438045536e-07,-4.450064525e-07
957600000,0.0002823979257,-5.904091705e-05,7.961492177e-07,-6.624724633e-07
957700000,0.0006056115208,-1.977067044e-05,6.011452274e-07,-8.346957765e-07
957800000,0.000921005389,-0.0001186775303,3.717279378e-07,-9.523555097e-07
957900000,0.001169957396,-0.0003403061586,1.222964035e-07,-1.009528841e-06
958000000,0.00130618653,-0.0006451228221,-1.320567216e-07,-1.003772713e-06
958100000,0.001305111037,-0.0009773606735,-3.762502183e-07,-9.360901399e-07
958200000,0.001168772843,-0.001276199039,-5.958707584e-07,-8.108184572e-07
958300000,0.0009253100705,-0.001487961922,-7.778088179e-07,-6.354500775e-07
958400000,0.0006230946774,-0.001576810393,-9.108966451e-07,-4.20368727e-07
958500000,0.0003207625136,-0.001531719646,-9.865503968e-07,-1.784642735e-07
958600000,7.521700795e-05,-0.001368308539,-9.993888704e-07,7.541620673e-08
958700000,-6.98932699e-05,-0.001125165636,-9.477706323e-07,3.252114626e-07
958800000,-9.282710264e-05,-0.0008554665812,-8.341687111e-07,5.545852054e-07
958900000,2.256270788e-06,-0.0006156619081,-6.652948359e-07,7.480240095e-07
959000000,0.0001867700691,-0.0004536250199,-4.518976989e-07,8.92014602e-07
959100000,0.0004142925971,-0.0003987573639,-2.081919128e-07,9.761860179e-07
959200000,0.0006308532916,-0.0004561278575,4.907825857e-08,9.942825809e-07
959300000,0.0007867077024,-0.0006058639177,3.018817733e-07,9.448357845e-07
959400000,0.0008470864466,-0.0008078934412,5.323401296e-07,8.314286974e-07
959500000,0.000799627455,-0.001010998031,7.242145611e-07,6.62492662e-07
959600000,0.0006569130195,-0.001164220409,8.642752809e-07,4.506356709e-07
959700000,0.0004535818669,-0.001228169413,9.433950614e-07,2.115648783e-07
959800000,0.0002386478639,-0.001183791393,9.57242404e-07,-3.727877413e-08
959900000,6.468258151e-05,-0.001036721818,9.065021825e-07,-2.782176361e-07
960000000,-2.381056768e-05,-0.0008162787684,7.966150114e-07,-4.947957408e-07
960100000,-3.306277672e-07,-0.0005693073824,6.370897591e-07,-6.730400693e-07
960200000,0.0001375162486,-0.0003501857563,4.40495905e-07,-8.024017364e-07
960300000,0.0003670623051,-0.0002091231006,2.212752394e-07,-8.763061719e-07
960400000,0.0006449967002,-0.0001812461207,-5.478841054e-09,-8.923001633e-07
960500000,0.0009162366194,-0.000278803419,-2.251414807e-07,-8.518384616e-07
960600000,0.00112538451,-0.0004881574181,-4.244777301e-07,-7.597940979e-07
960700000,0.001228355731,-0.0007722205727,-5.923129596e-07,-6.237982697e-07
960800000,0.00120172304,-0.001077842786,-7.199477683e-07,-4.535155492e-07
960900000,0.001047803891,-0.001346612835,-8.013524457e-07,-2.59940651e-07
961000000,0.0007944109038,-0.001526817551,-8.332004878e-07,-5.47703713e-08
961100000,0.0004893059718,-0.001584058431,-8.148064112e-07,1.501327941e-07
961200000,0.0001905088383,-0.001508306347,-7.480209629e-07,3.432013578e-07
961300000,-4.552099668e-05,-0.001315920925,-6.371116222e-07,5.135842486e-07
961400000,-0.0001753658227,-0.001046215288,-4.886256183e-07,6.515691861e-07
961500000,-0.0001774033836,-0.0007532879746,-3.112052571e-07,7.490333915e-07
961600000,-5.601405463e-05,-0.0004948332385,-1.153088889e-07,7.999241057e-07
961700000,0.0001596235383,-0.0003202712357,8.720957715e-08,8.007384629e-07
961800000,0.0004218789659,-0.0002606787618,2.836928502e-07,7.509428408e-07
961900000,0.0006748113579,-0.0003226196698,4.614432088e-07,6.532531481e-07
962000000,0.0008659641917,-0.0004871516278,6.086162536e-07,5.136955718e-07
962100000,0.0009573283859,-0.0007141949686,7.151672803e-07,3.413845127e-07
962200000,0.0009331686224,-0.0009513195206,7.7374361e-07,1.479889399e-07
962300000,0.0008030742734,-0.00114507487,7.804047784e-07,-5.309561345e-08
962400000,0.0005996089701,-0.001252455417,7.350621072e-07,-2.478032894e-07
962500000,0.0003710778092,-0.001250067465,6.415595773e-07,-4.225741169e-07
962600000,0.0001709657987,-0.001139057157,5.073645875e-07,-5.655152326e-07
962700000,4.63056491e-05,-0.0009447614015,3.428920893e-07,-6.674067938e-07
962800000,2.745745236e-05,-0.0007111673026,1.60538858e-07,-7.224300944e-07
962900000,0.0001214793436,-0.0004913700638,-2.645350485e-08,-7.285337486e-07
963000000,0.0003105016063,-0.0003360698294,-2.051655296e-07,-6.874060133e-07
963100000,0.0005554503481,-0.000282563667,-3.640559999e-07,-6.040779914e-07
963200000,0.0008043280656,-0.0003465818538,-4.937897698e-07,-4.862334115e-07
963300000,0.001003289405,-0.0005187113923,-5.877612264e-07,-3.433368921e-07
963400000,0.001108156817,-0.0007661739318,-6.422887263e-07,-1.857080643e-07
963500000,0.001093927864,-0.001039587899,-6.56506845e-07,-2.366178128e-08
963600000,0.0009602522567,-0.001283287173,-6.320253461e-07,1.331925375e-07
963700000,0.0007317109468,-0.001447014909,-5.724490849e-07,2.764401745e-07
963800000,0.0004528299521,-0.001496519972,-4.828578465e-07,3.991322694e-07
963900000,0.0001788750281,-0.001420815468,-3.693300314e-07,4.958729782e-07
964000000,-3.563543933e-05,-0.001234564073,-2.385637557e-07,5.627848415e-07
964100000,-0.0001482805782,-0.0009750834769,-9.761100621e-08,5.974248958e-07
964200000,-0.0001375608424,-0.0006945999303,4.629606826e-08,5.987156297e-07
964300000,-7.339299875e-06,-0.0004493790656,1.85874545e-07,5.669308069e-07
964400000,0.0002140318256,-0.0002880202271,3.139349431e-07,5.037429514e-07
964500000,0.0004797119118,-0.0002413753532,4.235929186e-07,4.123052928e-07
964600000,0.0007342331794,-0.0003162097126,5.085786341e-07,2.973146362e-07
964700000,0.0009251438126,-0.0004939322803,5.636410413e-07,1.64989561e-07
964800000,0.001013980963,-0.000734654812,5.850087643e-07,2.290391705e-08
964900000,0.0009842651036,-0.0009857159648,5.708397193e-07,-1.203618583e-07
965000000,0.0008448371802,-0.001192866738,5.215754047e-07,-2.557540571e-07
965100000,0.0006278435842,-0.001311754224,4.401174935e-07,-3.744260337e-07
965200000,0.0003818037279,-0.001317280134,3.317646303e-07,-4.684915629e-07
965300000,0.0001612324003,-0.001208861578,2.038828191e-07,-5.31752724e-07
965400000,1.501510474e-05,-0.001010488854,6.532674143e-08,-5.602970387e-07
965500000,-2.400417821e-05,-0.0007655752409,-7.432694971e-08,-5.528717775e-07
965600000,5.397801501e-05,-0.0005276943743,-2.05638745e-07,-5.109746033e-07
965700000,0.0002336161217,-0.0003491689361,-3.201439062e-07,-4.386433935e-07
965800000,0.0004776395508,-0.0002699268067,-4.110566676e-07,-3.419758254e-07
965900000,0.0007347235034,-0.0003089820364,-4.737511508e-07,-2.284519437e-07
966000000,0.000950339253,-0.000460341046,-5.059671222e-07,-1.061621652e-07
966100000,0.001078288206,-0.0006941975539,-5.077352436e-07,1.694652975e-08
966200000,0.001090481492,-0.0009631612915,-4.81062418e-07,1.337038662e-07
966300000,0.0009828995877,-0.001212202101,-4.294543377e-07,2.381552919e-07
966400000,0.000776475263,-0.001390207082,-3.5737248e-07,3.257738466e-07
966500000,0.0005127167307,-0.00146070941,-2.697231516e-07,3.934565006e-07
966600000,0.0002449992719,-0.001409524481,-1.714573401e-07,4.393557358e-07
966700000,2.736797423e-05,-0.001247684492,-6.732668771e-08,4.626231666e-07
966800000,-9.67815266e-05,-0.001009057505,3.819965786e-08,4.631499652e-07
966900000,-0.0001037539143,-0.0007431611745,1.408913994e-07,4.413777578e-07
967000000,5.571710614e-06,-0.0005046967219,2.366495536e-07,3.982264952e-07
967100000,0.0002060674977,-0.0003420208243,3.214106828e-07,3.351489484e-07
967200000,0.0004538039941,-0.0002869953982,3.911327543e-07,2.542833138e-07
967300000,0.000695456483,-0.0003483609753,4.419096442e-07,1.586444741e-07
967400000,0.000879671009,-0.0005100309029,4.702266121e-07,5.227769299e-08
967500000,0.0009679774051,-0.0007346596524,4.733302782e-07,-5.970024293e-08
967600000,0.0009429348946,-0.0009717203251,4.496523624e-07,-1.712282297e-07
967700000,0.0008117845373,-0.001168371013,3.992043984e-07,-2.756190046e-07
967800000,0.0006048369483,-0.001280799456,3.23855871e-07,-3.660506091e-07
967900000,0.0003689408728,-0.001283635374,2.274222362e-07,-4.361747574e-07
968000000,0.0001574213916,-0.001175430885,1.155194638e-07,-4.80756705e-07
968100000,1.862465704e-05,-0.0009790439351,-4.817816936e-09,-4.962482449e-07
968200000,-1.449914499e-05,-0.0007368404297,-1.257149922e-07,-4.812014988e-07
968300000,6.843668189e-05,-0.0005017283972,-2.391574181e-07,-4.36455206e-07
968400000,0.0002528604914,-0.000325919664,-3.377139928e-07,-3.650625761e-07
968500000,0.0005021338117,-0.0002497949538,-4.151828023e-07,-2.719729835e-07
968600000,0.0007651261371,-0.0002932263211,-4.670723545e-07,-1.635202466e-07
968700000,0.0009868817151,-0.0004511921428,-4.908626453e-07,-4.679995692e-08
968800000,0.001120135527,-0.0006946150068,-4.860303274e-07,7.09683804e-08
968900000,0.00113525722,-0.0009762531526,-4.53863323e-07,1.830040149e-07
969000000,0.001026532917,-0.001240413387,-3.971240393e-07,2.833844122e-07
969100000,0.0008134650007,-0.001434450873,-3.196402435e-07,3.672877125e-07
969200000,0.0005368166717,-0.001519646986,-2.259050643e-07,4.310628839e-07
969300000,0.0002502311186,-0.001479188518,-1.207526354e-07,4.721667455e-07
969400000,9.183026067e-06,-0.001321581598,-9.147507884e-09,4.890302107e-07
969500000,-0.0001404219302,-0.001078793411,1.039092055e-07,4.809232387e-07
969600000,-0.0001716129499,-0.0007995223801,2.133878016e-07,4.478779083e-07
969700000,-8.172955126e-05,-0.0005390201655,3.142076829e-07,3.907043693e-07
969800000,0.0001073069876,-0.0003476114281,4.012504108e-07,3.111009988e-07
969900000,0.0003538633801,-0.0002603275208,4.694666035e-07,2.118256722e-07
970000000,0.0006055586836,-0.0002898307421,5.141122333e-07,9.68677095e-08
970100000,0.0008104143188,-0.0004241066571,5.311160426e-07,-2.845365666e-08
970200000,0.0009278225033,-0.0006293905751,5.175424301e-07,-1.575348167e-07
970300000,0.0009370091042,-0.0008576844061,4.720815739e-07,-2.827269242e-07
970400000,0.000841203183,-0.001057247097,3.954781895e-07,-3.957837824e-07
970500000,0.0006666414564,-0.00118381256,2.908072659e-07,-4.884923977e-07
970600000,0.0004566370561,-0.001210137682,1.635207946e-07,-5.534205177e-07
970700000,0.0002619939438,-0.001131842294,2.12216436e-08,-5.846856803e-07
970800000,0.0001298267799,-0.0009682965459,-1.268365546e-07,-5.786367581e-07
970900000,9.318484067e-05,-0.0007583696603,-2.704793359e-07,-5.343448339e-07
971000000,0.0001637055896,-0.0005519516194,-3.994878081e-07,-4.538248849e-07
971100000,0.0003288761141,-0.0003990615767,-5.045126287e-07,-3.419487586e-07
971200000,0.0005544976044,-0.0003388717522,-5.779095957e-07,-2.060560907e-07
971300000,0.0007918394433,-0.0003909942271,-6.143935382e-07,-5.531453473e-08
971400000,0.0009879714043,-0.0005508977704,-6.114368637e-07,1.000842751e-07
971500000,0.001097086491,-0.0007904460038,-5.693799358e-07,2.497873967e-07
971600000,0.001090415248,-0.001063463723,-4.912644129e-07,3.840958391e-07
971700000,0.0009626280742,-0.001315175014,-3.8243948e-07,4.946438758e-07
971800000,0.0007333610061,-0.001493539122,-2.500175296e-07,5.748849632e-07
971900000,0.0004435254915,-0.001560109078,-1.02266015e-07,6.20364547e-07
972000000,0.0001471576264,-0.001498136707,5.198478046e-08,6.287964691e-07
972100000,-9.950268384e-05,-0.001316223504,2.03859609e-07,5.99987508e-07
972200000,-0.0002494323906,-0.001046748237,3.44853134e-07,5.356686698e-07
972300000,-0.0002743713651,-0.0007393932125,4.671441961e-07,4.392902951e-07
972400000,-0.0001705116836,-0.0004511138625,5.638367777e-07,3.158224843e-07
972500000,4.084597911e-05,-0.0002346370241,6.291681354e-07,1.71577558e-07
972600000,0.0003177937991,-0.0001278777198,6.587232278e-07,1.404400869e-08
972700000,0.0006065244606,-0.0001464688251,6.496793751e-07,-1.483010566e-07
972800000,0.0008524164852,-0.00028094355,6.010800711e-07,-3.062455437e-07
972900000,0.001011175237,-0.0004991337829,5.141083544e-07,-4.502037141e-07
973000000,0.00105770162,-0.0007532524955,3.923055809e-07,-5.707092929e-07
973100000,0.0009908441221,-0.0009901455007,2.416675034e-07,-6.590353592e-07
973200000,0.0008330623284,-0.001162534252,7.055084841e-08,-7.079016353e-07
973300000,0.0006251079909,-0.001238868074,-1.106585983e-07,-7.121976277e-07
973400000,0.0004168853364,-0.001209705532,-2.901332849e-07,-6.696276691e-07
973500000,0.0002564612607,-0.001089287892,-4.554225732e-07,-5.811771028e-07
973600000,0.0001795854354,-0.0009119955904,-5.944368396e-07,-4.51310473e-07
973700000,0.0002019661622,-0.0007244724607,-6.964961713e-07,-2.878418056e-07
973800000,0.0003159536598,-0.0005751283103,-7.533222979e-07,-1.014594788e-07
973900000,0.0004923351051,-0.000503289895,-7.598507741e-07,9.506341525e-08
974000000,0.000686848124,-0.0005303433151,-7.147587822e-07,2.878964302e-07
974100000,0.0008500068905,-0.000654781957,-6.206395128e-07,4.633049574e-07
974200000,0.0009381244223,-0.0008522357757,-4.838008898e-07,6.087992634e-07
974300000,0.0009231576206,-0.001080490198,-3.137163366e-07,7.141514102e-07
974400000,0.0007992519066,-0.001288434982,-1.221997193e-07,7.721735336e-07
974500000,0.0005845649953,-0.001427042843,7.75918798e-08,7.791875514e-07
974600000,0.0003179532306,-0.001460042724,2.722100705e-07,7.351611455e-07
974700000,5.119464098e-05,-0.001372013862,4.489094487e-07,6.435296254e-07
974800000,-0.0001616308565,-0.001172169444,5.964938151e-07,5.107601951e-07
974900000,-0.0002753810394,-0.0008930057064,7.059569589e-07,3.457383678e-07
975000000,-0.0002633540435,-0.0005840714872,7.708977506e-07,1.590629748e-07
975100000,-0.0001230587737,-0.0003021370164,7.877228579e-07,-3.767290205e-08
975200000,0.0001229635797,-9.979505038e-05,7.556742142e-07,-2.325588026e-07
975300000,0.0004314517854,-1.485576558e-05,6.767286804e-07,-4.139721507e-07
975400000,0.0007469865392,-6.273202044e-05,5.554137834e-07,-5.711081895e-07
975500000,0.001013034703,-0.0002333893285,3.985686872e-07,-6.944491958e-07
975600000,0.001183193856,-0.0004934854571,2.150589757e-07,-7.761943991e-07
975700000,0.001230316171,-0.0007932457936,1.543389577e-08,-8.106662591e-07
975800000,0.001151635067,-0.001076636987,-1.884983875e-07,-7.946924368e-07
975900000,0.0009688537049,-0.001292717817,-3.842037058e-07,-7.279407879e-07
976000000,0.0007232073525,-0.001405805816,-5.590778757e-07,-6.131633561e-07
976100000,0.0004665621358,-0.001402352105,-7.012179105e-07,-4.562912513e-07
976200000,0.0002504403789,-0.001293113195,-8.002709037e-07,-2.663205753e-07
976300000,0.0001152927586,-0.001110202079,-8.482929214e-07,-5.494279709e-08
976400000,8.227775704e-05,-0.0008996829244,-8.405269191e-07,1.640995717e-07
976500000,0.0001492704141,-0.0007113152469,-7.759984033e-07,3.759134956e-07
976600000,0.0002919180298,-0.0005876540587,-6.578342157e-07,5.655523042e-07
976700000,0.0004694819244,-0.0005548430935,-4.932340733e-07,7.192119358e-07
976800000,0.0006341816284,-0.0006170698192,-2.930634624e-07,8.254039455e-07
976900000,0.0007420100463,-0.0007558613894,-7.108422358e-08,8.759743147e-07
977000000,0.000762675943,-0.0009343587724,1.571122475e-07,8.668484835e-07
977100000,0.0006865208383,-0.001105635532,3.75363156e-07,7.984130869e-07
977200000,0.0005269100264,-0.001223258097,5.682513292e-07,6.7548904e-07
977300000,0.0003175714224,-0.001251802403,7.223413485e-07,5.069016954e-07
977400000,0.0001054417456,-0.001175050342,8.272080605e-07,3.047033437e-07
977500000,-5.945576813e-05,-0.00100008544,8.761614717e-07,8.314329268e-08
977600000,-0.0001349403418,-0.0007563831067,8.666147918e-07,-1.424950248e-07
977700000,-9.607189146e-05,-0.000490058305,8.000895159e-07,-3.570650808e-07
977800000,5.899720334e-05,-0.0002544645377,6.818948508e-07,-5.466245874e-07
977900000,0.0003079839963,-9.911426605e-05,5.205515402e-07,-6.99314882e-07
978000000,0.0006085027697,-5.92492214e-05,3.270477668e-07,-8.060039929e-07
978100000,0.0009063447054,-0.0001482562724,1.140160414e-07,-8.606818513e-07
978200000,0.001146302028,-0.0003545307986,-1.050930814e-07,-8.606269707e-07
978300000,0.001283294933,-0.0006434613361,-3.1678719e-07,-8.063837127e-07
978400000,0.001291494448,-0.0009641417606,-5.082305745e-07,-7.015957382e-07
978500000,0.00116955029,-0.001259433315,-6.67860039e-07,-5.527353045e-07
978600000,0.0009408418963,-0.001477302789,-7.859267944e-07,-3.687534124e-07
978700000,0.0006487042414,-0.001581099159,-8.549760719e-07,-1.606580098e-07
978800000,0.0003476229212,-0.001556653469,-8.702680021e-07,5.898741451e-08
978900000,9.222838591e-05,-0.001414749216,-8.301274811e-07,2.766593073e-07
979000000,-7.362677882e-05,-0.001188475579,-7.361924431e-07,4.785737787e-07
979100000,-0.0001254462588,-0.0009260425281,-5.935152249e-07,6.514852777e-07
979200000,-6.255834747e-05,-0.0006805824967,-4.104661245e-07,7.835550994e-07
979300000,9.24258071e-05,-0.0004990894865,-1.983953778e-07,8.652336741e-07
979400000,0.0002990089844,-0.0004128204931,2.896957397e-08,8.900770738e-07
979500000,0.0005078820885,-0.0004311680586,2.563828485e-07,8.554043826e-07
979600000,0.0006717245095,-0.0005402717541,4.681484095e-07,7.627032875e-07
979700000,0.0007554195991,-0.0007066264048,6.493144165e-07,6.177084605e-07
979800000,0.0007435060354,-0.0008848800167,7.868814293e-07,4.30109769e-07
979900000,0.000643282455,-0.001028121719,8.708979238e-07,2.128906523e-07
980000000,0.0004829175241,-0.001098430882,8.953204077e-07,-1.86557057e-08
980100000,0.0003049908313,-0.001075406886,8.585379661e-07,-2.481414204e-07
980200000,0.0001568714744,-0.000960836329,7.634993183e-07,-4.594072431e-07
980300000,8.002018019e-05,-0.0007784869585,6.174285712e-07,-6.378163835e-07
980400000,0.000100531636,-0.0005690662806,4.311660062e-07,-7.713857457e-07
980500000,0.0002229674953,-0.0003814221975,2.182143618e-07,-8.516449855e-07
980600000,0.0004288254489,-0.0002618703974,-6.397823586e-09,-8.741517604e-07
980700000,0.0006799980127,-0.0002439364502,-2.273106015e-07,-8.386373323e-07
980800000,0.0009265090412,-0.0003407150478,-4.299645692e-07,-7.488024175e-07
980900000,0.001116903607,-0.0005414948127,-6.015717113e-07,-6.118214346e-07
981000000,0.001209100744,-0.0008133942702,-7.318593214e-07,-4.376383959e-07
981100000,0.001179416781,-0.001107695582,-8.135586323e-07,-2.381468229e-07
981200000,0.001027848876,-0.001369571533,-8.426446283e-07,-2.633965787e-08
981300000,0.0007784914309,-0.001549186097,-8.183597483e-07,1.845033909e-07
981400000,0.0004749764424,-0.001611858501,-7.430681263e-07,3.815487261e-07
981500000,0.0001718687004,-0.001545174152,-6.219878715e-07,5.530448814e-07
981600000,-7.62091612e-05,-0.001361561281,-4.628388822e-07,6.888642113e-07
981700000,-0.0002254738026,-0.001095795945,-2.754273438e-07,7.809627382e-07
981800000,-0.0002516486268,-0.0007979531195,-7.117109013e-08,8.237696062e-07
981900000,-0.0001546150192,-0.0005232679977,1.374419952e-07,8.14507103e-07
982000000,4.190165475e-05,-0.0003210123919,3.374733169e-07,7.534262525e-07
982100000,0.0002955252177,-0.0002246925081,5.16233653e-07,6.439270091e-07
982200000,0.0005541980874,-0.0002455940899,6.620496526e-07,4.925217647e-07
982300000,0.00076703804,-0.0003709968425,7.650593133e-07,3.086006727e-07
982400000,0.0008948034886,-0.0005673989257,8.179756894e-07,1.039694399e-07
982500000,0.0009177772855,-0.0007880395694,8.16740736e-07,-1.078459357e-07
982600000,0.0008394292329,-0.0009831050476,7.60985102e-07,-3.125009806e-07
982700000,0.0006851140425,-0.001110441429,6.542181242e-07,-4.958801129e-07
982800000,0.0004961154903,-0.001144496631,5.036956381e-07,-6.451983528e-07
982900000,0.0003203355133,-0.001081596961,3.199487595e-07,-7.500466644e-07
983000000,0.0002016384802,-0.0009404492061,1.159991731e-07,-8.032661702e-07
983100000,0.0001701435059,-0.0007577814383,-9.367142684e-08,-8.015498301e-07
983200000,0.0002355504754,-0.0005800759735,-2.942955548e-07,-7.45699695e-07
983300000,0.0003849324042,-0.0004531836639,-4.720148824e-07,-6.405091781e-07
983400000,0.0005854677231,-0.0004120610223,-6.14969862e-07,-4.942863267e-07
983500000,0.0007915266098,-0.0004728439457,-7.141730771e-07,-3.180781656e-07
983600000,0.0009545925023,-0.0006289706428,-7.640861365e-07,-1.246906268e-07
983700000,0.001033892634,-0.0008521998706,-7.628608474e-07,7.238201937e-08
983800000,0.001005458661,-0.001098324668,-7.122494448e-07,2.600025196e-07
983900000,0.0008676713913,-0.001316379875,-6.172282952e-07,4.263101544e-07
984000000,0.0006420899069,-0.001459396755,-4.854085072e-07,5.614420425e-07
984100000,0.0003693651133,-0.001494427176,-3.263212078e-07,6.580192728e-07
984200000,0.0001010784898,-0.001409711627,-1.506639608e-07,7.113965877e-07
984300000,-0.0001107915162,-0.001217465991,3.042005608e-08,7.197037933e-07
984400000,-0.0002245713238,-0.0009516833794,2.059822892e-07,6.837255671e-07
984500000,-0.0002175208235,-0.0006613945661,3.658073431e-07,6.066717591e-07
984600000,-9.058072483e-05,-0.0004007833923,5.008521613e-07,4.938834673e-07
984700000,0.0001317572909,-0.0002182125092,6.036035062e-07,3.525045765e-07
984800000,0.0004064336831,-0.0001464426734,6.683758293e-07,1.911292764e-07
984900000,0.0006806195446,-0.0001960786442,6.915652704e-07,1.941907249e-08
985000000,0.0009024965228,-0.000353599462,6.718611086e-07,-1.523270979e-07
985100000,0.001031772286,-0.0005843720281,6.103982131e-07,-3.136657912e-07
985200000,0.001047743935,-0.0008400050294,5.108184811e-07,-4.545703884e-07
985300000,0.0009532381843,-0.001068493423,3.792010392e-07,-5.660471245e-07
985400000,0.0007736238867,-0.001225022076,2.238236267e-07,-6.407692808e-07
985500000,0.0005511279329,-0.001281163214,5.473206507e-08,-6.736720967e-07
985600000,0.0003356723582,-0.001230544906,-1.168807397e-07,-6.624376444e-07
985700000,0.0001741804775,-0.001089815515,-2.794544807e-07,-6.077974676e-07
985800000,0.0001006185741,-0.0008947247184,-4.219378435e-07,-5.13593199e-07
985900000,0.0001288789313,-0.0006921750509,-5.346758729e-07,-3.865606856e-07
986000000,0.0002500032109,-0.0005299500758,-6.102106317e-07,-2.358376942e-07
986100000,0.0004343206256,-0.0004463150706,-6.439006102e-07,-7.223320823e-08
986200000,0.000638029282,-0.0004617091541,-6.342830022e-07,9.266909474e-08
986300000,0.0008128039891,-0.0005742989852,-5.831345348e-07,2.474757743e-07
986400000,0.0009163709333,-0.0007603390567,-4.952259115e-07,3.819091862e-07
986500000,0.0009217857093,-0.0009792580464,-3.778053536e-07,4.875920309e-07
986600000,0.0008234293526,-0.001182383239,-2.398812685e-07,5.586108722e-07
986700000,0.0006384374949,-0.001323440154,-9.139685939e-08,5.918118224e-07
986800000,0.0004032508963,-0.0013685868,5.760308516e-08,5.868203475e-07
986900000,0.0001660139947,-0.001303841042,1.977215808e-07,5.4581457e-07
987000000,-2.356899515e-05,-0.001138313524,3.208056412e-07,4.731110282e-07
987100000,-0.0001247705801,-0.000902548824,4.203509949e-07,3.746388763e-07
987200000,-0.000114535268,-0.0006423146262,4.91710636e-07,2.573808609e-07
987300000,7.511074337e-06,-0.0004091426595,5.321321285e-07,1.28847914e-07
987400000,0.0002188037011,-0.0002496123348,5.406688968e-07,-3.36757778e-09
987500000,0.0004783961583,-0.0001956339201,5.180185994e-07,-1.319414101e-07
987600000,0.0007353797426,-0.0002577775671,4.663367709e-07,-2.50077095e-07
987700000,0.0009393993454,-0.0004230528975,3.890586229e-07,-3.517009394e-07
987800000,0.001051058917,-0.0006576070441,2.907407495e-07,-4.316265285e-07
987900000,0.001050033708,-0.0009137745289,1.769131755e-07,-4.857190315e-07
988000000,0.0009391895776,-0.001139997814,5.391616363e-08,-5.110761947e-07
988100000,0.0007438499624,-0.001291534936,-7.131040569e-08,-5.062230845e-07
988200000,0.0005063717586,-0.001339706822,-1.915126212e-07,-4.712968917e-07
988300000,0.0002771775855,-0.001277746002,-2.994955835e-07,-4.081819624e-07
988400000,0.0001041361547,-0.001122025447,-3.885742707e-07,-3.205482111e-07
988500000,2.252800428e-05,-0.0009084200922,-4.530684609e-07,-2.137507137e-07
988600000,4.7707765e-05,-0.0006845792764,-4.887875678e-07,-9.456444425e-08
988700000,0.0001720029171,-0.0004997492471,-4.934396871e-07,2.924689759e-08
988800000,0.0003664931584,-0.0003942996044,-4.668997974e-07,1.495000994e-07
988900000,0.0005872832159,-0.0003911671324,-4.11285737e-07,2.582448053e-07
989000000,0.0007849331176,-0.0004910224732,-3.308153584e-07,3.48424832e-07
989100000,0.0009150441572,-0.0006721758149,-2.314498458e-07,4.144668836e-07
989200000,0.0009477567432,-0.0008952342344,-1.203606841e-07,4.527217974e-07
989300000,0.0008741490316,-0.001111517935,-5.285020655e-09,4.617033439e-07
989400000,0.0007081832184,-0.001273448062,1.061491414e-07,4.420992779e-07
989500000,0.0004837901077,-0.001344703047,2.07043534e-07,3.965633351e-07
989600000,0.0002477121471,-0.001307991313,2.91723011e-07,3.293289005e-07
989700000,4.962256605e-05,-0.001168794384,3.560521773e-07,2.457091829e-07
989800000,-6.838626976e-05,-0.0009542886643,3.975565768e-07,1.515606236e-07
989900000,-8.0720145e-05,-0.0007076750258,4.153620405e-07,5.27840487e-08
990000000,1.628031078e-05,-0.0004791169162,4.099933019e-07,-4.507725858e-08
990100000,0.0002035321108,-0.0003152042555,3.830906319e-07,-1.371083227e-07
990200000,0.0004432002628,-0.0002491708002,3.371080409e-07,-2.191569438e-07
990300000,0.000686639987,-0.0002939316074,2.750482856e-07,-2.878539669e-07
990400000,0.0008846099245,-0.0004394093407,2.002709169e-07,-3.405612753e-07
990500000,0.000997596706,-0.0006547101957,1.163845016e-07,-3.752980567e-07
990600000,0.001004069518,-0.0008946844109,2.720871022e-08,-3.906919789e-07
990700000,0.0009049228671,-0.001109479583,-6.322816897e-08,-3.859868638e-07
990800000,0.0007231734105,-0.001255063219,-1.507011167e-07,-3.61116016e-07
990900000,0.0004989815144,-0.00130248762,-2.308529811e-07,-3.168258751e-07
991000000,0.000281057507,-0.001243938157,-2.993420582e-07,-2.548138206e-07
991100000,0.0001162770235,-0.001094288449,-3.52081394e-07,-1.778316429e-07
991200000,3.970765618e-05,-0.0008878382623,-3.855533251e-07,-8.970539868e-08
991300000,6.716044275e-05,-0.0006709303677,-3.971595756e-07,4.766436214e-09
991400000,0.0001918435838,-0.0004920149601,-3.855513246e-07,1.000535522e-07
991500000,0.0003858260114,-0.000391269918,-3.508788149e-07,1.902635739e-07
991600000,0.0006059995146,-0.0003919781417,-2.949077418e-07,2.6960488e-07
991700000,0.0008032759036,-0.0004954902778,-2.209685964e-07,3.328854065e-07
991800000,0.0009330715626,-0.0006808417733,-1.337317625e-07,3.759795729e-07
991900000,0.0009648599906,-0.0009091085378,-3.883019993e-08,3.961972557e-07
992000000,0.0008887703731,-0.001131583929,5.762278558e-08,3.925029314e-07
992100000,0.0007178344239,-0.001300052851,1.495560244e-07,3.655569967e-07
992200000,0.0004854022787,-0.001376996414,2.31433257e-07,3.17580142e-07
992300000,0.0002382669414,-0.00134357558,2.986537882e-07,2.520698074e-07
992400000,2.694083367e-05,-0.001203710522,3.478172532e-07,1.734196346e-07
992500000,-0.0001048728433,-0.0009833948765,3.768345979e-07,8.650431437e-08
992600000,-0.0001294026334,-0.0007253868462,3.848950328e-07,-3.708696241e-09
992700000,-4.061078451e-05,-0.0004803911208,3.723225697e-07,-9.247181252e-08
992800000,0.0001445405507,-0.0002965822888,3.403710235e-07,-1.754669451e-07
992900000,0.0003896198876,-0.0002096672451,2.910101961e-07,-2.489100315e-07
993000000,0.0006463065683,-0.0002355684205,2.267480323e-07,-3.095720001e-07
993100000,0.0008644231538,-0.0003672561423,1.505159342e-07,-3.547545076e-07
993200000,0.001002309374,-0.0005763837109,6.562145444e-08,-3.82265249e-07
993300000,0.001035358501,-0.0008193670203,-2.425046396e-08,-3.9043249e-07
993400000,0.0009609279014,-0.001046614905,-1.150242826e-07,-3.781830054e-07
993500000,0.0007986035699,-0.001212954241,-2.022535755e-07,-3.451854128e-07
993600000,0.0005857816485,-0.001287045196,-2.812152611e-07,-2.920370512e-07
993700000,0.0003695206397,-0.001257799863,-3.471055789e-07,-2.204525892e-07
993800000,0.0001964063075,-0.001136456151,-3.953423932e-07,-1.334012043e-07
993900000,0.0001025897881,-0.0009538831878,-4.219522561e-07,-3.513941112e-08
994000000,0.0001061189282,-0.0007537085246,-4.239966369e-07,6.890102622e-08
994100000,0.0002031916511,-0.0005827455495,-3.999750798e-07,1.72388236e-07
994200000,0.0003691225684,-0.0004807725772,-3.50137677e-07,2.685182954e-07
994300000,0.0005638084993,-0.00047185104,-2.766467489e-07,3.505574431e-07
994400000,0.0007405193146,-0.0005590401931,-1.835469909e-07,4.124364574e-07
994500000,0.0008561319354,-0.0007236403986,-7.653119284e-08,4.493220416e-07
994600000,0.0008806180245,-0.0009291312906,3.748021268e-08,4.580897213e-07
994700000,0.0008037547307,-0.001128970835,1.508988711e-07,4.376354522e-07
994800000,0.0006376181566,-0.001276599237,2.560997781e-07,3.8898653e-07
994900000,0.000414314745,-0.001335522012,3.460471832e-07,3.152020526e-07
995000000,0.0001794158618,-0.001287328095,4.148420173e-07,2.21083554e-07
995100000,-1.752867018e-05,-0.001135934275,4.581334568e-07,1.127418996e-07
995200000,-0.0001334036295,-0.0009071432787,4.733614262e-07,-2.917364561e-09
995300000,-0.0001406763412,-0.0006435903829,4.598245056e-07,-1.187237473e-07
995400000,-3.33522877e-05,-0.000396124068,4.185933875e-07,-2.277277638e-07
995500000,0.0001715195829,-0.0002134158037,3.523088808e-07,-3.236012805e-07
995600000,0.0004371174101,-0.0001319660513,2.649123136e-07,-4.009327365e-07
995700000,0.0007142188908,-0.0001685909105,1.61354084e-07,-4.554201552e-07
995800000,0.0009511444587,-0.0003169549473,4.731458071e-08,-4.839825438e-07
995900000,0.001104203908,-0.0005488699202,-7.104584896e-08,-4.848195956e-07
996000000,0.001146475929,-0.0008200836034,-1.873099692e-07,-4.574489842e-07
996100000,0.001073100746,-0.001079345866,-2.95017085e-07,-4.027407351e-07
996200000,0.0009019973187,-0.00127885652,-3.87891848e-07,-3.229521111e-07
996300000,0.0006698754554,-0.001383914161,-4.601116062e-07,-2.217485419e-07
996400000,0.000424398879,-0.001379757422,-5.066241833e-07,-1.041812571e-07
996500000,0.0002141608592,-0.001274184258,-5.235097771e-07,2.341527005e-08
996600000,7.858958132e-05,-0.001095426653,-5.083597188e-07,1.536405135e-07
996700000,3.990920177e-05,-0.0008857600893,-4.606262339e-07,2.783812548e-07
996800000,9.884171162e-05,-0.0006922274504,-3.818858349e-07,3.893011742e-07
996900000,0.0002349368037,-0.0005564647709,-2.75958086e-07,4.784406894e-07
997000000,0.0004114307399,-0.0005058016091,-1.488325437e-07,5.388756003e-07
997100000,0.000583570403,-0.0005475316103,-8.378625403e-09,5.653636331e-07
997200000,0.0007086011377,-0.0006675674896,1.361574573e-07,5.548989031e-07
997300000,0.0007552644522,-0.0008337543336,2.748327727e-07,5.07098176e-07
997400000,0.0007107597998,-0.00100311673,3.978004349e-07,4.243596772e-07
997500000,0.0005836703959,-0.001131472455,4.961310112e-07,3.117626372e-07
997600000,0.0004022193344,-0.001183338617,5.625711912e-07,1.76709285e-07
997700000,0.0002082234549,-0.00113999335,5.921549198e-07,2.834488284e-08
997800000,4.803415291e-05,-0.001003950217,5.826015437e-07,-1.231801031e-07
997900000,-3.760005841e-05,-0.0007988680621,5.344642337e-07,-2.675232431e-07
998000000,-2.258184758e-05,-0.0005648921783,4.510248872e-07,-3.94950901e-07
998100000,9.851453967e-05,-0.0003503953114,3.37963205e-07,-4.970464122e-07
998200000,0.0003087499466,-0.000201853014,2.028524193e-07,-5.672645156e-07
998300000,0.000571839607,-0.0001539856989,5.454854322e-08,-6.012968246e-07
998400000,0.0008392770657,-0.0002222470789,-9.745753769e-08,-5.972409379e-07
998500000,0.001060090537,-0.0003992484548,-2.436643868e-07,-5.555903003e-07
998600000,0.001191205608,-0.0006558852088,-3.751166588e-07,-4.790789916e-07
998700000,0.001206259294,-0.0009469494332,-4.838702785e-07,-3.724229862e-07
998800000,0.001101032057,-0.001220076613,-5.633615614e-07,-2.419970661e-07
998900000,0.0008943681375,-0.001426179717,-6.086896241e-07,-9.547657741e-08
999000000,0.0006243931219,-0.00152921506,-6.168274858e-07,5.854067668e-08
999100000,0.0003408151676,-0.001513264694,-5.867749374e-07,2.109305341e-07
999200000,9.490943265e-05,-0.001385480186,-5.196570981e-07,3.52463586e-07
999300000,-7.073562263e-05,-0.001174295951,-4.187599159e-07,4.74259885e-07
999400000,-0.0001305863173,-0.0009233067086,-2.894819675e-07,5.682792319e-07
999500000,-8.092147647e-05,-0.0006821073261,-1.391749039e-07,6.278355315e-07
999600000,5.998462855e-05,-0.0004960247391,2.315407052e-08,6.481064968e-07
999700000,0.0002562558132,-0.0003968976403,1.872939379e-07,6.265934343e-07
999800000,0.0004624227159,-0.0003968316124,3.424333097e-07,5.634745083e-07
999900000,0.0006333256651,-0.000486222237,4.778888384e-07,4.617925842e-07
1000000000,0.0007337954732,-0.0006364298871,5.839067885e-07,3.274275434e-07
