Frequency,S11_Real,S11_Imaginary,
2500,-0.5728170031,0.231797456,
202519,0.9913990076,-0.103816772,
402539,0.9590831076,-0.2317328267,
602559,0.9324823394,-0.3779897932,
802579,0.8739809197,-0.5017975167,
1002598,0.7999015158,-0.6019271261,
1202618,0.7131471368,-0.7051668459,
1402638,0.6090634132,-0.7853918564,
1602658,0.5029830625,-0.8553992429,
1802677,0.3856896513,-0.9110616251,
2002697,0.2625274958,-0.9518753937,
2202717,0.1384216016,-0.9726966687,
2402737,0.01262906727,-0.9806482891,
2602756,-0.1149895309,-0.9676774129,
2802776,-0.2375427159,-0.9439201487,
3002796,-0.3564260739,-0.9014212004,
3202816,-0.4689973097,-0.8437326468,
3402835,-0.5715926572,-0.7747538148,
3602855,-0.6642113783,-0.6933615384,
3802875,-0.7439182925,-0.5989007649,
4002895,-0.8120206641,-0.4969940597,
4202914,-0.8649745979,-0.3883456188,
4402934,-0.9036436441,-0.2741232879,
4602954,-0.9269174983,-0.156076404,
4802974,-0.9369061474,-0.03782548356,
5002993,-0.9303084763,0.08162932975,
5203013,-0.9082937994,0.1989912812,
5403033,-0.8739222869,0.3115966925,
5603053,-0.824315989,0.4176871396,
5803072,-0.7626370296,0.5175222413,
6003092,-0.6895974928,0.6077498201,
6203112,-0.6057722695,0.6887250211,
6403132,-0.511364238,0.7591328066,
6603151,-0.4114243354,0.8162527898,
6803171,-0.30280843,0.8598917982,
7003191,-0.1920601699,0.890591657,
7203211,-0.07535817333,0.9077573542,
7403230,0.03962107714,0.908246538,
7603250,0.1544360988,0.8947050793,
7803270,0.2676591378,0.8672566474,
8003290,0.3763664002,0.8256365796,
8203309,0.4773426717,0.77116572,
8403329,0.5717726951,0.7035327776,
8603349,0.6552683667,0.625396048,
8803369,0.7305446859,0.5360989595,
9003388,0.7931642355,0.4387157791,
9203408,0.8427063349,0.334790161,
9403428,0.8803017852,0.2252614087,
9603448,0.902661883,0.1106857622,
9803467,0.9100734877,-0.003723713357,
10003487,0.901864835,-0.1193082535,
10203507,0.8808946594,-0.2333900747,
10403527,0.8444362832,-0.3430941799,
10603546,0.7942434848,-0.4465512815,
10803566,0.7316388829,-0.5439792355,
11003586,0.6575235341,-0.6316278699,
11203606,0.5733124414,-0.7085072047,
11403625,0.4781862623,-0.7757513181,
11603645,0.3769960176,-0.8293213241,
11803665,0.2685298469,-0.8703580836,
12003685,0.1576121435,-0.8969459577,
12203704,0.04342082375,-0.9087855103,
12403724,-0.07213322899,-0.9056620667,
12603744,-0.1844352642,-0.8891386522,
12803764,-0.2947379137,-0.8577576555,
13003783,-0.3994609195,-0.8134865251,
13203803,-0.4969637467,-0.7549704364,
13403823,-0.5866345912,-0.6851957506,
13603843,-0.6671162621,-0.6049445172,
13803862,-0.7357163857,-0.5149332259,
14003882,-0.7925381389,-0.4174037624,
14203902,-0.8365615399,-0.3142283509,
14403922,-0.8663576449,-0.2058132234,
14603941,-0.8830554175,-0.09443082839,
14803961,-0.8851267005,0.01785499079,
15003981,-0.8733251824,0.1287382708,
15204001,-0.848311066,0.2362664286,
15404020,-0.8087691992,0.3417766721,
15604040,-0.7567502436,0.439170179,
15804060,-0.6936136509,0.5300094196,
16004080,-0.619705832,0.6130000248,
16204099,-0.5344110965,0.6850572357,
16404119,-0.442416383,0.7466989292,
16604139,-0.3427199822,0.7945620404,
16804159,-0.2379670894,0.8317159189,
17004178,-0.129949748,0.8534115294,
17204198,-0.0190803193,0.8622226092,
17404218,0.09105246079,0.8558521889,
17604238,0.2004109821,0.837611714,
17804257,0.3058932685,0.8037142392,
18004277,0.4071717802,0.7577275896,
18204297,0.5021380614,0.6996406074,
18404317,0.5875202401,0.6285513815,
18604336,0.6641572171,0.5480891595,
18804356,0.7306980699,0.4579362453,
19004376,0.7834262394,0.3610033452,
19204396,0.8241762102,0.2565461276,
19404415,0.8514090024,0.149169383,
19604435,0.8645343164,0.03851529665,
19804455,0.8627180306,-0.07340240788,
20004475,0.8478001367,-0.1836252139,
20204494,0.8178663457,-0.2912757077,
20404514,0.7744602087,-0.3937902399,
20604534,0.718048285,-0.4898344366,
20804554,0.6513681969,-0.5772852945,
21004573,0.5725487624,-0.6569136835,
21204593,0.4858704811,-0.7231781406,
21404613,0.3906921001,-0.7799383351,
21604633,0.2881448094,-0.8232024547,
21804652,0.183015899,-0.8528122273,
22004672,0.0742266665,-0.8692279819,
22204692,-0.03457064765,-0.8713453765,
22404712,-0.1445358998,-0.8592261238,
22604731,-0.250331124,-0.8335834646,
22804751,-0.3509197746,-0.7956146532,
23004771,-0.4468919374,-0.743679754,
23204791,-0.5348140327,-0.6813878141,
23404810,-0.6136645113,-0.6081384548,
23604830,-0.6825288864,-0.526286587,
23804850,-0.7413890773,-0.4381911136,
24004870,-0.7879923936,-0.3414732206,
24204889,-0.8215386202,-0.2416401169,
24404909,-0.8438704506,-0.138024628,
24604929,-0.8515855484,-0.03260851219,
24804949,-0.8474285408,0.07317530033,
25004968,-0.8320414633,0.1766235169,
25204988,-0.8010550338,0.2760079129,
25405008,-0.7592646249,0.3715982605,
25605028,-0.7065841024,0.4622838346,
25805047,-0.6421115806,0.5461123387,
26005067,-0.5670140068,0.6218647158,
26205087,-0.4831351,0.6865918012,
26405107,-0.3924419962,0.7397456453,
26605126,-0.2965009508,0.7812102088,
26805146,-0.1959288221,0.8116241147,
27005166,-0.09168516175,0.8298896596,
27205186,0.0148244332,0.8331712037,
27405206,0.1202603763,0.8236336647,
27605225,0.2229549211,0.8007331957,
27805245,0.3226952208,0.7652139316,
28005265,0.4176087625,0.7179118633,
28205285,0.5061777953,0.6576906333,
28405304,0.5869733639,0.5868723465,
28605324,0.6567595267,0.5066008141,
28805344,0.7169820896,0.4193189998,
29005364,0.7656484343,0.3236917904,
29205383,0.8025643521,0.222524074,
29405403,0.8256033233,0.116826345,
29605423,0.8338673521,0.009405693851,
29805443,0.8279068555,-0.09818992595,
30005462,0.8091475064,-0.203679994,
30205482,0.7776268998,-0.3060269266,
30405502,0.7330131373,-0.4037587346,
30605522,0.6754072702,-0.4969722259,
30805541,0.6035142492,-0.5808173763,
31005561,0.5285863657,-0.657503133,
31205581,0.4388081408,-0.7136658965,
31405601,0.3459644624,-0.7646928942,
31605620,0.2470248942,-0.8019893292,
31805640,0.1451788199,-0.8261161732,
32005660,0.03857262189,-0.8387130411,
32205680,-0.06786254827,-0.8355999791,
32405699,-0.172061594,-0.8204074084,
32605719,-0.2720118513,-0.7906696565,
32805739,-0.3688212467,-0.7497060984,
33005759,-0.4591338885,-0.6978551326,
33205778,-0.5424426061,-0.634113998,
33405798,-0.6164247988,-0.5610731583,
33605818,-0.6799179421,-0.4787054455,
33805838,-0.7334846555,-0.389915113,
34005857,-0.7746490992,-0.296207351,
34205877,-0.8026579855,-0.1972978076,
34405897,-0.8205204174,-0.09616977589,
34605917,-0.8239809908,0.006119846159,
34805936,-0.8155706771,0.1085833143,
35005956,-0.7940605573,0.208095413,
35205976,-0.7609632455,0.3052833468,
35405996,-0.7160664331,0.3972545263,
35606015,-0.6589901958,0.482447585,
35806035,-0.5924026663,0.5600996996,
36006055,-0.5158927788,0.6289447887,
36206075,-0.4321473866,0.6870288121,
36406094,-0.3412901042,0.7344865259,
36606114,-0.2469870703,0.7700351266,
36806134,-0.1470365782,0.7937780823,
37006154,-0.04564670111,0.8045442838,
37206173,0.05644150537,0.8016548555,
37406193,0.1561841296,0.7875512582,
37606213,0.2540674731,0.7604446497,
37806233,0.3499009467,0.7229324817,
38006252,0.4393376215,0.6720747471,
38206272,0.5218951716,0.6109462171,
38406292,0.5979796477,0.5384016402,
38606312,0.663122379,0.4567764531,
38806331,0.716756857,0.3689453672,
39006351,0.7586950789,0.2737908601,
39206371,0.788207833,0.1730013244,
39406391,0.805601326,0.07045930302,
39606410,0.8069721347,-0.03390029162,
39806430,0.7971008732,-0.1365986705,
40006450,0.773485451,-0.2375880261,
40206470,0.7386780498,-0.3353447968,
40406489,0.6910501238,-0.4264422511,
40606509,0.6292147048,-0.5115446449,
40806529,0.5616006411,-0.5871412119,
41006549,0.4825206382,-0.6549319719,
41206568,0.3947501993,-0.7120697244,
41406588,0.3017702203,-0.7559498772,
41606608,0.205896111,-0.7872378947,
41806628,0.1050275604,-0.806990279,
42006647,0.002443729282,-0.8138386822,
42206667,-0.09923898435,-0.8079939464,
42406687,-0.1992808933,-0.789033195,
42606707,-0.2951042527,-0.758516431,
42806726,-0.384862653,-0.7154092373,
43006746,-0.4724614655,-0.661549668,
43206766,-0.5483131171,-0.5992779688,
43406786,-0.6165280742,-0.5254026642,
43606805,-0.6773457149,-0.4454862242,
43806825,-0.7247668569,-0.3589150133,
44006845,-0.7632378042,-0.2664207016,
44206865,-0.7883338046,-0.1708878414,
44406884,-0.8024528457,-0.0721610637,
44606904,-0.8042361591,0.02534569458,
44806924,-0.793666285,0.1244835178,
45006944,-0.770733978,0.2186800967,
45206963,-0.7366393548,0.311482962,
45406983,-0.6923675147,0.4004257409,
45607003,-0.636500274,0.4815574618,
45807023,-0.5699467108,0.5566945158,
46007042,-0.495027865,0.6214850568,
46207062,-0.4128346029,0.6762559398,
46407082,-0.3253566953,0.7209466126,
46607102,-0.2311179896,0.7557818547,
46807121,-0.1348229284,0.7767842317,
47007141,-0.03550347328,0.7862082303,
47207161,0.06396514535,0.7831583818,
47407181,0.1626659313,0.7674188949,
47607200,0.2592458997,0.7402056084,
47807220,0.3515258642,0.6997261094,
48007240,0.4384488206,0.6489077987,
48207260,0.5183874365,0.5855897255,
48407279,0.5898988987,0.5136202893,
48607299,0.652478433,0.4320641234,
48807319,0.7027429068,0.3430706976,
49007339,0.7423728315,0.2485060532,
49207358,0.7675919741,0.1508844412,
49407378,0.7818493489,0.04861973304,
49607398,0.7814901767,-0.05365866202,
49807418,0.7682986606,-0.1554061697,
50007437,0.7413829944,-0.254688592,
50207457,0.7017067623,-0.3490330397,
50407477,0.6515949945,-0.4374901482,
50607497,0.588317436,-0.5192653006,
50807516,0.5173714804,-0.5911526656,
51007536,0.436680421,-0.6534998925,
51207556,0.3484233473,-0.7053982231,
51407576,0.2548720409,-0.7451696731,
51607595,0.1574198093,-0.7713620223,
51807615,0.05714826878,-0.7861737767,
52007635,-0.04325273062,-0.7869527385,
52207655,-0.1431108179,-0.7756829067,
52407674,-0.2398126319,-0.7513452955,
52607694,-0.3328050529,-0.7155831265,
52807714,-0.4198776112,-0.6671595126,
53007734,-0.4998027405,-0.6083841604,
53207753,-0.5719895826,-0.5417584559,
53407773,-0.6350991802,-0.4639489211,
53607793,-0.6868590659,-0.3820412791,
53807813,-0.7299729334,-0.293368005,
54007833,-0.7596132982,-0.2013092915,
54207852,-0.7765586089,-0.1065316893,
54407872,-0.7844095804,-0.009321200134,
54607892,-0.7780236601,0.08664664184,
54807912,-0.7616098462,0.1796573584,
55007931,-0.731169355,0.2727264639,
55207951,-0.6916142489,0.359553572,
55407971,-0.6433273657,0.4412926328,
55607991,-0.5822504219,0.5149489826,
55808010,-0.5144511532,0.5830392457,
56008030,-0.4377391718,0.6416674154,
56208050,-0.354990187,0.6889284916,
56408070,-0.2660319228,0.726636843,
56608089,-0.1742232037,0.7518301179,
56808109,-0.08009592032,0.7671390536,
57008129,0.01588959981,0.7701124921,
57208149,0.1115849165,0.7618523796,
57408168,0.2055836282,0.7403960755,
57608188,0.2965288933,0.7089007603,
57808208,0.3830370392,0.665458749,
58008228,0.4629007985,0.6112176945,
58208247,0.5366460596,0.5475662245,
58408267,0.6020106192,0.4760041086,
58608287,0.6561147978,0.3948142343,
58808307,0.7022198566,0.3080855836,
59008326,0.7352628818,0.2163722932,
59208346,0.7568530063,0.1224209812,
59408366,0.7662448735,0.02414916468,
59608386,0.763134798,-0.07352753402,
59808405,0.7462565869,-0.1703387405,
60008425,0.7187785545,-0.2650408074,
60208445,0.6775992019,-0.3545340618,
60408465,0.6290393794,-0.4406107645,
60608484,0.566478769,-0.5157861719,
60808504,0.4954736723,-0.5865681599,
61008524,0.4165488872,-0.6415793141,
61208544,0.3335935818,-0.6834311856,
61408563,0.2403654028,-0.7239683901,
61608583,0.1430648872,-0.7413724696,
61808603,0.05135211183,-0.7592359692,
62008623,-0.0173432809,-0.7648097805,
62208642,-0.1397893509,-0.7487734987,
62408662,-0.241925333,-0.7192177137,
62608682,-0.3232499051,-0.692305485,
62808702,-0.4062727383,-0.6423563587,
63008721,-0.4853835388,-0.5901287751,
63208741,-0.5539588678,-0.5229238018,
63408761,-0.6168785156,-0.4490557385,
63608781,-0.6683522579,-0.369301328,
63808800,-0.7084450342,-0.2804769552,
64008820,-0.7381314739,-0.1899751729,
64208840,-0.7551712027,-0.09467461034,
64408860,-0.7601911691,-0.001221614105,
64608879,-0.7524746327,0.09459665912,
64808899,-0.734549763,0.1866081764,
65008919,-0.7045408823,0.2769532821,
65208939,-0.6618766567,0.3624411615,
65408958,-0.611557986,0.4425326747,
65608978,-0.5504727352,0.5150354051,
65808998,-0.4796747342,0.5792583248,
66009018,-0.4042872561,0.6325645187,
66209037,-0.3213764213,0.6778050029,
66409057,-0.2324355055,0.710791172,
66609077,-0.1412510022,0.7344935779,
66809097,-0.04768569333,0.746347583,
67009116,0.04652102345,0.7455300861,
67209136,0.1417236063,0.733880898,
67409156,0.2330722537,0.7089843724,
67609176,0.3232181573,0.6735840152,
67809195,0.4040842485,0.6265083488,
68009215,0.4821479876,0.5693142313,
68209235,0.5487868764,0.502970236,
68409255,0.6088177966,0.4290780153,
68609274,0.6594408016,0.3475807266,
68809294,0.699116121,0.2605600346,
69009314,0.7272212135,0.1680013397,
69209334,0.7423626585,0.0747103504,
69409353,0.7469138795,-0.02289138412,
69609373,0.7378068351,-0.118131225,
69809393,0.7177453464,-0.2105204958,
70009413,0.6839668166,-0.3014857288,
70209432,0.6416706245,-0.3872897793,
70409452,0.5846970195,-0.4671655528,
70609472,0.5219271226,-0.5380759493,
70809492,0.4476325064,-0.6011090389,
71009511,0.3671010467,-0.6539576066,
71209531,0.2808315703,-0.6964860769,
71409551,0.1916748676,-0.7279274156,
71609571,0.09841815361,-0.7459390354,
71809590,0.001831927821,-0.7514451119,
72009610,-0.0931540334,-0.7447426862,
72209630,-0.1878376145,-0.7269452978,
72409650,-0.2763355667,-0.6999887852,
72609669,-0.3639336917,-0.659283605,
72809689,-0.4424015139,-0.6084387799,
73009709,-0.5134977634,-0.5464530441,
73209729,-0.5777077875,-0.4774982436,
73409748,-0.6338740348,-0.4010586552,
73609768,-0.6767634365,-0.3182420175,
73809788,-0.7103012864,-0.2304998409,
74009808,-0.7322111879,-0.1407265027,
74209827,-0.7431130417,-0.0492013162,
74409847,-0.7446785403,0.04432679998,
74609867,-0.7320443603,0.1363725396,
74809887,-0.7079074072,0.2244684798,
75009906,-0.6740134944,0.3102923425,
75209926,-0.6283064157,0.3919734042,
75409946,-0.5739232652,0.4657281181,
75609966,-0.5110873186,0.53289177,
75809985,-0.4401406432,0.5915766357,
76010005,-0.3639615272,0.6404782095,
76210025,-0.280517713,0.6803221819,
76410045,-0.1936620428,0.709084347,
76610064,-0.1031516755,0.7267496401,
76810084,-0.01129879034,0.7339984495,
77010104,0.07933185781,0.7293974058,
77210124,0.1686310178,0.7129035851,
77410143,0.2556970928,0.6843664919,
77610163,0.3418217454,0.645977974,
77810183,0.420121598,0.5991566719,
78010203,0.4932771169,0.5408661263,
78210222,0.556267592,0.4761537551,
78410242,0.6106234758,0.4010176698,
78610262,0.6576973261,0.3217538682,
78810282,0.6923307581,0.2346477233,
79010301,0.7176141138,0.1473473528,
79210321,0.7304999135,0.05365721511,
79410341,0.7319401156,-0.03912544791,
79610361,0.7207456876,-0.1312510699,
79810380,0.6989699945,-0.2202780311,
80010400,0.6677472673,-0.3080163115,
80210420,0.6227879069,-0.3895174264,
80410440,0.5679309201,-0.4674002503,
80610460,0.5054727475,-0.5352557961,
80810479,0.434158499,-0.5954571234,
81010499,0.3549493636,-0.6448735943,
81210519,0.2697115768,-0.6843269852,
81410539,0.1807285705,-0.7130657373,
81610558,0.09155756745,-0.7307840879,
81810578,-0.002583642234,-0.7369422721,
82010598,-0.09464647518,-0.7302043749,
82210618,-0.1873603809,-0.7107885511,
82410637,-0.2748975398,-0.6798637158,
82610657,-0.358961871,-0.6412870776,
82810677,-0.4354805491,-0.5910799491,
83010697,-0.5058560824,-0.5312865757,
83210716,-0.5681374296,-0.461132198,
83410736,-0.6201485937,-0.3872139603,
83610756,-0.661949321,-0.3049108365,
83810776,-0.6963958192,-0.2182720048,
84010795,-0.7168890437,-0.1282690674,
84210815,-0.7264541486,-0.03728987798,
84410835,-0.7235776987,0.05380063232,
84610855,-0.7098840176,0.1461035808,
84810874,-0.682853129,0.2351035014,
85010894,-0.6476153641,0.3168890489,
85210914,-0.6009964511,0.3983499491,
85410934,-0.5430607443,0.4697751095,
85610953,-0.4790268181,0.5352231359,
85810973,-0.4063103041,0.5904597157,
86010993,-0.3279916469,0.6369024152,
86211013,-0.2432643409,0.6725149045,
86411032,-0.1574008247,0.6961957735,
86611052,-0.06627621823,0.7109406821,
86811072,0.02636060888,0.7121664011,
87011092,0.1167304779,0.7026812844,
87211111,0.2063797734,0.6812071261,
87411131,0.2920405304,0.6493292932,
87611151,0.3715762543,0.6066446576,
87811171,0.4463119213,0.5525646609,
88011190,0.5153285803,0.4931474404,
88211210,0.5728691964,0.4237211052,
88411230,0.6220014807,0.3448668181,
88611250,0.6637320148,0.2636498864,
88811269,0.6923533618,0.1769039441,
89011289,0.7087431529,0.08680057965,
89211309,0.7159044526,-0.002110152387,
89411329,0.7110807052,-0.09433769781,
89611348,0.6924602023,-0.1824893414,
89811368,0.664569657,-0.2694130028,
90011388,0.6264246221,-0.3516242916,
90211408,0.577311831,-0.4303205475,
90411427,0.5191833309,-0.4991289492,
90611447,0.4531374127,-0.5616859451,
90811467,0.378666102,-0.6139686885,
91011487,0.2989539581,-0.6577278359,
91211506,0.2159792054,-0.6882368339,
91411526,0.1282123238,-0.7124963939,
91611546,0.04064976187,-0.7225470558,
91811566,-0.05019962387,-0.7201823605,
92011585,-0.1395597566,-0.710444145,
92211605,-0.2250329499,-0.6855415101,
92411625,-0.3080856947,-0.6525797078,
92611645,-0.3853437407,-0.609599586,
92811664,-0.4583862654,-0.5577645547,
93011684,-0.521814059,-0.4942374911,
93211704,-0.5783214476,-0.4280162611,
93411724,-0.6255799729,-0.3512085432,
93611743,-0.6650936694,-0.2724886128,
93811763,-0.6900863426,-0.1880301098,
94011783,-0.7081082486,-0.1025953632,
94211803,-0.7128992683,-0.01420908027,
94411822,-0.7092497898,0.07295099916,
94611842,-0.6921772135,0.1596589159,
94811862,-0.6659174888,0.2452669662,
95011882,-0.6290241321,0.3253406676,
95211901,-0.5837934539,0.3998249755,
95411921,-0.528352438,0.4689266631,
95611941,-0.4640702672,0.5306939936,
95811961,-0.3940217466,0.5839028573,
96011980,-0.3178262624,0.6277202665,
96212000,-0.2344382344,0.6618023132,
96412020,-0.1498344383,0.6859007554,
96612040,-0.06090122338,0.6976395148,
96812059,0.02689177636,0.6985095714,
97012079,0.1151289527,0.6886806563,
97212099,0.2020162652,0.6682334932,
97412119,0.2852406867,0.6369206716,
97612138,0.3635738913,0.5941337809,
97812158,0.4383474019,0.5423343575,
98012178,0.501557537,0.4818019913,
98212198,0.5614099652,0.4136689565,
98412217,0.6082521777,0.3376137031,
98612237,0.6476312087,0.2589211955,
98812257,0.6746757431,0.1726814218,
99012277,0.6935321462,0.08506731789,
99212296,0.698514175,-0.002650984493,
99412316,0.6939485852,-0.09264236209,
99612336,0.6756669444,-0.1802187861,
99812356,0.6476387218,-0.2655776168,
100012375,0.6102506356,-0.345130297,
100212395,0.5612220867,-0.4217141987,
100412415,0.5045432231,-0.4898212917,
100612435,0.4400960258,-0.5509713441,
100812454,0.3662291882,-0.603766684,
101012474,0.2861917987,-0.6447454426,
101212494,0.2030135435,-0.6760295141,
101412514,0.1194050714,-0.696080922,
101612533,0.02836236691,-0.7066638048,
101812553,-0.05912264175,-0.7043789431,
102012573,-0.1474437074,-0.6911001442,
102212593,-0.2338885389,-0.6688851566,
102412612,-0.3134704308,-0.6320881918,
102612632,-0.3896864418,-0.5911273064,
102812652,-0.4614376056,-0.5359550497,
103012672,-0.5241673061,-0.4742300906,
103212691,-0.578074084,-0.4056435394,
103412711,-0.62199549,-0.3280181708,
103612731,-0.6577490534,-0.2508709218,
103812751,-0.6833720136,-0.1652057472,
104012770,-0.6960382102,-0.07984425141,
104212790,-0.6988412982,0.008153725218,
104412810,-0.6927792813,0.09588307966,
104612830,-0.6717222254,0.18083923,
104812849,-0.6432843556,0.2642157019,
105012869,-0.6035556969,0.342462739,
105212889,-0.5555980946,0.4147977964,
105412909,-0.4968791979,0.4806040521,
105612928,-0.4293781586,0.5396233529,
105812948,-0.3574583957,0.5880478923,
106012968,-0.2784892318,0.629236605,
106212988,-0.1961405207,0.6581742978,
106413007,-0.1090877266,0.6761651182,
106613027,-0.02177177199,0.6841336564,
106813047,0.06674037208,0.6795557094,
107013067,0.1522506343,0.6667590074,
107213087,0.2353864494,0.6390688966,
107413106,0.3171779308,0.6026413465,
107613126,0.3921327375,0.5568607546,
107813146,0.4602476107,0.501923053,
108013166,0.5213183199,0.4386753047,
108213185,0.5730678896,0.367159943,
108413205,0.6158456554,0.2896108582,
108613225,0.648321684,0.2082574067,
108813245,0.6719444711,0.1236124205,
109013264,0.6823372156,0.0358699715,
109213284,0.6826907729,-0.05129391299,
109413304,0.6720021166,-0.1383382098,
109613324,0.6504233536,-0.2217329564,
109813343,0.6162115458,-0.3042757023,
110013363,0.5738013659,-0.379524626,
110213383,0.5212692325,-0.451148424,
110413403,0.4642105171,-0.513319668,
110613422,0.3932180951,-0.5692586554,
110813442,0.3210432615,-0.6146456001,
111013462,0.242212939,-0.6506874279,
111213482,0.1598644074,-0.6765994817,
111413501,0.07479979915,-0.6915598452,
111613521,-0.01187541057,-0.6958920529,
111813541,-0.09779612217,-0.6899834967,
112013561,-0.1815545552,-0.6732990483,
112213580,-0.2626044075,-0.6467044462,
112413600,-0.340850851,-0.6093239403,
112613620,-0.4132339096,-0.563539985,
112813640,-0.4765477498,-0.5090191108,
113013659,-0.5356016524,-0.4473476068,
113213679,-0.5871476039,-0.3761045115,
113413699,-0.627175835,-0.3033867972,
113613719,-0.65762484,-0.22468528,
113813738,-0.6795740576,-0.1426073225,
114013758,-0.6909945471,-0.05774729581,
114213778,-0.6898982764,0.02930252704,
114413798,-0.6824484639,0.1129561514,
114613817,-0.6614148105,0.1944589161,
114813837,-0.6298864948,0.2757841839,
115013857,-0.5904356928,0.3503400956,
115213877,-0.5409042943,0.4187327233,
115413896,-0.4839819573,0.4816650712,
115613916,-0.4170766083,0.5376010887,
115813936,-0.3463502976,0.584711147,
116013956,-0.2696494359,0.6217731571,
116213975,-0.1874148029,0.6490604124,
116413995,-0.1040639279,0.6675516822,
116614015,-0.0192619118,0.6738263181,
116814035,0.06726214028,0.6674760831,
117014054,0.1521339883,0.6524337219,
117214074,0.2355795014,0.6280426043,
117414094,0.3133879257,0.5907755643,
117614114,0.3860229598,0.5457923642,
117814133,0.4542815129,0.4897005294,
118014153,0.5119954987,0.428024825,
118214173,0.5630105549,0.3570808502,
118414193,0.6043871645,0.2824718834,
118614212,0.6389850692,0.2012886295,
118814232,0.6597386033,0.1166207503,
119014252,0.6674893747,0.02971698848,
119214272,0.6665451842,-0.05692405587,
119414291,0.6540689659,-0.1438589287,
119614311,0.6326242949,-0.2259930054,
119814331,0.5994580901,-0.3069115881,
120014351,0.5566408006,-0.3831345851,
120214370,0.5042467299,-0.4513898198,
120414390,0.4427568512,-0.5119785776,
120614410,0.3749602005,-0.5659447546,
120814430,0.2976019984,-0.6084831667,
121014449,0.2197077923,-0.6426688295,
121214469,0.138441931,-0.6656496228,
121414489,0.05375331684,-0.6780554032,
121614509,-0.03319554885,-0.6819328032,
121814528,-0.1180110528,-0.6732657233,
122014548,-0.2008163107,-0.6540682624,
122214568,-0.2794580944,-0.6231271634,
122414588,-0.3543735364,-0.5849646327,
122614607,-0.4253333649,-0.5364698607,
122814627,-0.4856545292,-0.4811772609,
123014647,-0.5427416097,-0.4175987515,
123214667,-0.5878036576,-0.3474314115,
123414686,-0.6276249845,-0.2734862671,
123614706,-0.6543682533,-0.1926138895,
123814726,-0.6735856767,-0.1138934967,
124014746,-0.6798196415,-0.02779099325,
124214765,-0.677856378,0.05499982005,
124414785,-0.6654862788,0.1356811152,
124614805,-0.6413251949,0.2174094996,
124814825,-0.6081344291,0.2927201784,
125014844,-0.5666539542,0.3669358211,
125214864,-0.5164866994,0.4331795276,
125414884,-0.4575980912,0.4911167953,
125614904,-0.3924231728,0.5439037605,
125814923,-0.3204429903,0.5875960507,
126014943,-0.2432890206,0.6206938506,
126214963,-0.1627785183,0.6456935386,
126414983,-0.07912533106,0.6583679198,
126615002,0.00529726602,0.661077872,
126815022,0.0872004772,0.6543722578,
127015042,0.1716233549,0.6386633472,
127215062,0.2477241989,0.6106678487,
127415081,0.3234192462,0.5723533262,
127615101,0.3966962996,0.5247102858,
127815121,0.4576647194,0.4704391709,
128015141,0.515272202,0.4055044221,
128215160,0.5629503743,0.3358718105,
128415180,0.6036161801,0.2594746091,
128615200,0.6319344051,0.1789856099,
128815220,0.6499690041,0.09749482983,
129015239,0.6582973315,0.01322254009,
129215259,0.6542836559,-0.07428909022,
129415279,0.6411073488,-0.1579578271,
129615299,0.614924456,-0.2394357208,
129815318,0.5789150075,-0.3153804047,
130015338,0.5341007515,-0.3899999844,
130215358,0.4831337575,-0.4556593625,
130415378,0.4197878628,-0.5143299271,
130615397,0.3536705705,-0.563991448,
130815417,0.27875978,-0.6051758304,
131015437,0.2018325742,-0.6372573621,
131215457,0.1196188786,-0.6567225734,
131415476,0.03628147715,-0.6683004244,
131615496,-0.04832882539,-0.670871394,
131815516,-0.1292708019,-0.6570538737,
132015536,-0.2135125356,-0.6391609968,
132215555,-0.2904014423,-0.6068282902,
132415575,-0.3601501356,-0.5689067837,
132615595,-0.4285928456,-0.521092234,
132815615,-0.4910404182,-0.4628345927,
133015634,-0.541102598,-0.3979267811,
133215654,-0.5869390496,-0.3282858961,
133415674,-0.6240218293,-0.2542683719,
133615694,-0.6472874493,-0.177077559,
133815714,-0.6629598442,-0.09723290236,
134015733,-0.6699594426,-0.01484776785,
134215753,-0.6668971876,0.06742021301,
134415773,-0.6512283284,0.1459636372,
134615793,-0.629110507,0.2259826817,
134815812,-0.5957566584,0.3003699715,
135015832,-0.5524773243,0.3686195147,
135215852,-0.4996225937,0.4345361347,
135415872,-0.4437455397,0.491546427,
135615891,-0.3785471566,0.5413932598,
135815911,-0.3071792185,0.5826325103,
136015931,-0.2302664825,0.6144914906,
136215951,-0.1526392182,0.6380546448,
136415970,-0.07008386711,0.6496198044,
136615990,0.01244786741,0.6507729018,
136816010,0.09521924403,0.6421149106,
137016030,0.1764290723,0.6233218736,
137216049,0.2530215016,0.5960395103,
137416069,0.3260361452,0.5560383027,
137616089,0.3959276036,0.5069398415,
137816109,0.4583648514,0.4534050776,
138016128,0.5110947517,0.3886957929,
138216148,0.5574310627,0.3173142304,
138416168,0.5935258978,0.2406430225,
138616188,0.6205184412,0.1632340933,
138816207,0.6368202241,0.07991363877,
139016227,0.6427970487,-0.004579628292,
139216247,0.6360450311,-0.09019698912,
139416267,0.6194290653,-0.1707184153,
139616286,0.5926416396,-0.251079126,
139816306,0.5555151883,-0.3292647191,
140016326,0.5064031961,-0.3967197919,
140216346,0.4519845053,-0.4615140693,
140416365,0.3880087265,-0.5165455061,
140616385,0.3183292016,-0.5632971817,
140816405,0.2419944169,-0.601753331,
141016425,0.1616210187,-0.6298842145,
141216444,0.07948016226,-0.6453202176,
141416464,-0.00108840101,-0.6507787953,
141616484,-0.08636489902,-0.6483216923,
141816504,-0.1671627842,-0.6302983193,
142016523,-0.2461029255,-0.6058977458,
142216543,-0.3199121169,-0.5714213808,
142416563,-0.3899307679,-0.5274887807,
142616583,-0.4541344058,-0.4740704818,
142816602,-0.5097486054,-0.4131416056,
143016622,-0.5567079381,-0.3496886116,
143216642,-0.5953345519,-0.2770295129,
143416662,-0.6271952186,-0.1995786705,
143616681,-0.6446735076,-0.1221470316,
143816701,-0.653071418,-0.04066819456,
144016721,-0.6532282279,0.03871858049,
144216741,-0.6435189733,0.1199076933,
144416760,-0.622365544,0.1984267464,
144616780,-0.5928561211,0.2716484675,
144816800,-0.5540704365,0.3434797415,
145016820,-0.5084063278,0.4098885297,
145216839,-0.4544923733,0.4679518251,
145416859,-0.3928796195,0.5194703331,
145616879,-0.3256701084,0.5626221894,
145816899,-0.2510984751,0.5973440345,
146016918,-0.1745606899,0.6212080905,
146216938,-0.09578175089,0.6370868596,
146416958,-0.01656919932,0.6426132241,
146616978,0.06336228302,0.6390392563,
146816997,0.1419984608,0.6249125978,
147017017,0.2189854185,0.6008739317,
147217037,0.2930918207,0.5703391499,
147417057,0.3600176265,0.5281868984,
147617076,0.422285068,0.4765347081,
147817096,0.4824013018,0.4182217885,
148017116,0.5300459589,0.3566138642,
148217136,0.5716802514,0.2857036994,
148417155,0.6031102761,0.2081486119,
148617175,0.6226399222,0.1312219886,
148817195,0.6359253499,0.04959243018,
149017215,0.6376967529,-0.03260753821,
149217234,0.6282652875,-0.1132810731,
149417254,0.608872894,-0.1925997266,
149617274,0.5804887766,-0.2678196515,
149817294,0.5424452374,-0.3400617724,
150017313,0.495738408,-0.4085027976,
150217333,0.4408526478,-0.468998305,
150417353,0.3778840213,-0.5222806058,
150617373,0.3123815346,-0.5643429055,
150817392,0.2377232215,-0.6020249433,
151017412,0.1584337938,-0.6275134406,
151217432,0.07947466889,-0.6399402379,
151417452,-0.0023488184,-0.6469963143,
151617471,-0.08021854045,-0.6427601832,
151817491,-0.1602712194,-0.6274592325,
152017511,-0.2393471609,-0.6046205456,
152217531,-0.3100320655,-0.5696226754,
152417550,-0.3794336989,-0.5265965065,
152617570,-0.442317792,-0.4779698273,
152817590,-0.4953072917,-0.4209600407,
153017610,-0.5443422882,-0.3572070121,
153217629,-0.5836758928,-0.2855781558,
153417649,-0.6145477018,-0.2141765184,
153617669,-0.6353032991,-0.1359811838,
153817689,-0.6468396795,-0.05675822762,
154017708,-0.6456816925,0.02207215194,
154217728,-0.6382441023,0.1021278341,
154417748,-0.6215486954,0.1757931189,
154617768,-0.5917836986,0.2524028882,
154817787,-0.5584631281,0.3223835597,
155017807,-0.5127570036,0.3855367356,
155217827,-0.4603286106,0.4472566072,
155417847,-0.4006255678,0.4994330787,
155617866,-0.3366655452,0.5420827644,
155817886,-0.2643425018,0.5771100367,
156017906,-0.1889060255,0.6021188137,
156217926,-0.1133484554,0.6211854379,
156417945,-0.03403717392,0.6272997192,
156617965,0.04500598948,0.6270313316,
156817985,0.1241516074,0.6148669156,
157018005,0.2020189939,0.5904780573,
157218024,0.2734622693,0.5592678985,
157418044,0.3417358307,0.5181145551,
157618064,0.4038923832,0.4685044478,
157818084,0.4603738367,0.4156411312,
158018103,0.5090832441,0.3518711787,
158218123,0.550500578,0.2821401119,
158418143,0.5810948021,0.2075591599,
158618163,0.6004135013,0.1319587671,
158818182,0.6147396242,0.05315512264,
159018202,0.6155549887,-0.02500985883,
159218222,0.609526394,-0.1044074403,
159418242,0.5893852038,-0.1807974852,
159618261,0.5632484287,-0.2552779056,
159818281,0.5254375246,-0.3299039286,
160018301,0.4820328572,-0.3932970787,
160218321,0.4254874554,-0.4521918264,
160418341,0.36655329,-0.5043385011,
160618360,0.3004151462,-0.5500507563,
160818380,0.2266700827,-0.584147365,
161018400,0.1527980684,-0.6095510005,
161218420,0.07473418986,-0.6254653677,
161418439,-0.004925205916,-0.6285239725,
161618459,-0.08698229802,-0.6254786166,
161818479,-0.1619301615,-0.6108459101,
162018499,-0.2370340486,-0.586685969,
162218518,-0.311087434,-0.5534605364,
162418538,-0.3757107801,-0.5103216321,
162618558,-0.4378411563,-0.4602362848,
162818578,-0.4891056265,-0.4028698069,
163018597,-0.5345703761,-0.3404772558,
163218617,-0.575024677,-0.2720675419,
163418637,-0.6020415529,-0.1976370479,
163618657,-0.6203907179,-0.1251835295,
163818676,-0.6298720057,-0.0476302767,
164018696,-0.630023303,0.02942484494,
164218716,-0.6201274843,0.106206916,
164418736,-0.6013406531,0.1818983789,
164618755,-0.5748318082,0.2544309246,
164818775,-0.5369623376,0.3219294347,
165018795,-0.4926452723,0.3844379254,
165218815,-0.4431029585,0.43914024,
165418834,-0.3819493616,0.4887484488,
165618854,-0.3190054523,0.5339782058,
165818874,-0.2516224762,0.5670572393,
166018894,-0.174631221,0.5903506111,
166218913,-0.09890817745,0.6068732913,
166418933,-0.02143327678,0.6142810061,
166618953,0.05261836551,0.6095765674,
166818973,0.1302034498,0.5969354804,
167018992,0.2051256885,0.5713154888,
167219012,0.278654423,0.5405592342,
167419032,0.3457525202,0.4978777886,
167619052,0.4073916582,0.4487960043,
167819071,0.4621678265,0.3917175355,
168019091,0.5075486539,0.3276586924,
168219111,0.5462967117,0.2563642184,
168419131,0.5751219259,0.1814712248,
168619150,0.5964045741,0.1054125081,
168819170,0.6041079313,0.02437006296,
169019190,0.6009818218,-0.05575570943,
169219210,0.5923084176,-0.1346650911,
169419229,0.5699847189,-0.2097347552,
169619249,0.5391926697,-0.2863566188,
169819269,0.4971704004,-0.3546635747,
170019289,0.4484028697,-0.41618125,
170219308,0.3909412751,-0.4745883042,
170419328,0.328257913,-0.5197517018,
170619348,0.2604829017,-0.5612727971,
170819368,0.1880685815,-0.5915398538,
171019387,0.1123345949,-0.6129626159,
171219407,0.03448474056,-0.6223490253,
171419427,-0.04348711364,-0.6288744983,
171619447,-0.1179249535,-0.6205317887,
171819466,-0.1944589316,-0.6015418073,
172019486,-0.2668502343,-0.5751753357,
172219506,-0.33336037,-0.5439966912,
172419526,-0.3986691759,-0.4984385384,
172619545,-0.4540480111,-0.4496930652,
172819565,-0.5057548422,-0.395476622,
173019585,-0.5502014307,-0.3374038395,
173219605,-0.5831391449,-0.271923088,
173419624,-0.613937636,-0.2037845503,
173619644,-0.6321201955,-0.1340878509,
173819664,-0.6471057708,-0.06381665224,
174019684,-0.6499468473,0.006360198568,
174219703,-0.6445788538,0.0771980178,
174419723,-0.6316495791,0.1485413679,
174619743,-0.6098546772,0.2187130151,
174819763,-0.5824752216,0.2827769898,
175019782,-0.5490392611,0.3437781727,
175219802,-0.5065163127,0.4007628025,
175419822,-0.4596375996,0.4548450565,
175619842,-0.4075218287,0.5013099536,
175819861,-0.3500220187,0.5410043654,
176019881,-0.2860377924,0.5750034741,
176219901,-0.2190525642,0.6009849838,
176419921,-0.1521154755,0.6197029865,
176619940,-0.0816915776,0.6279009411,
176819960,-0.01164136562,0.6328692063,
177019980,0.06070312068,0.6277003775,
177220000,0.135445027,0.6107126293,
177420019,0.2010783057,0.5899478962,
177620039,0.2712389899,0.5570309712,
177820059,0.3330913717,0.5181849319,
178020079,0.3907488587,0.4715141563,
178220098,0.4415207685,0.4164084568,
178420118,0.4867493512,0.3537542192,
178620138,0.5254366674,0.2881074503,
178820158,0.553055639,0.2168443179,
179020177,0.5735406686,0.1370236067,
179220197,0.5801000969,0.05776754764,
179420217,0.5788890642,-0.02179572927,
179620237,0.5653677225,-0.09991172264,
179820256,0.5417126904,-0.1790536694,
180020276,0.5056093816,-0.2537910234,
180220296,0.4609447763,-0.3235658575,
180420316,0.4049645832,-0.3851983386,
180620335,0.3382863999,-0.4404889261,
180820355,0.2675617345,-0.4821508952,
181020375,0.1872674695,-0.5179402869,
181220395,0.1052074772,-0.5383273039,
181420414,0.01941975592,-0.5476150248,
181620434,-0.06512144871,-0.5433764518,
181820454,-0.1496090008,-0.5268806532,
182020474,-0.2319590128,-0.4967254207,
182220493,-0.3081925626,-0.4541784268,
182420513,-0.3749291038,-0.4029893929,
182620533,-0.4364779834,-0.3439716643,
182820553,-0.4862159632,-0.2735149596,
183020572,-0.5249858191,-0.1975081771,
183220592,-0.5516992231,-0.119043444,
183420612,-0.5688628313,-0.03934940866,
183620632,-0.5706575593,0.04553874558,
183820651,-0.5647192093,0.125757925,
184020671,-0.5458706942,0.2063229506,
184220691,-0.5143360562,0.2791856524,
184420711,-0.4769970355,0.349262586,
184620730,-0.428199076,0.4117320093,
184820750,-0.3718815917,0.4659732712,
185020770,-0.3109507639,0.5131060618,
185220790,-0.2458800629,0.5542683943,
185420809,-0.1753175628,0.5839417767,
185620829,-0.103391342,0.6029881589,
185820849,-0.02875819591,0.615545325,
186020869,0.04540780151,0.6170506972,
186220888,0.1189214165,0.6091000429,
186420908,0.1893490736,0.5906650409,
186620928,0.2591117126,0.5681265624,
186820948,0.3239750522,0.535216092,
187020968,0.3865636891,0.4969577787,
187220987,0.4416542027,0.4505664627,
187421007,0.4880083744,0.3949055868,
187621027,0.5309912612,0.3412242484,
187821047,0.5653695399,0.277972887,
188021066,0.5949691062,0.2097576446,
188221086,0.6128485376,0.1418514349,
188421106,0.6253791293,0.07165920551,
188621126,0.6305540503,0.0008728158245,
188821145,0.6267410199,-0.07280462838,
189021165,0.612758796,-0.1429850635,
189221185,0.5906539668,-0.2137764588,
189421205,0.5608482555,-0.2805727933,
189621224,0.5214072199,-0.340961249,
189821244,0.4789701944,-0.4004753453,
190021264,0.429403781,-0.4510312419,
190221284,0.3691440443,-0.4986944472,
190421303,0.3057683713,-0.5356323447,
190621323,0.2388158781,-0.5648382323,
190821343,0.1683548585,-0.5908690849,
191021363,0.09544270744,-0.6016707693,
191221382,0.02079060105,-0.6087703486,
191421402,-0.05459075808,-0.6016454139,
191621422,-0.1270677026,-0.5911173558,
191821442,-0.2004102968,-0.5675893593,
192021461,-0.2673824938,-0.5353180324,
192221481,-0.3320181909,-0.4951165532,
192421501,-0.3884396045,-0.4485345839,
192621521,-0.4410142967,-0.3912685327,
192821540,-0.4894945996,-0.3310609948,
193021560,-0.5260619359,-0.2657402694,
193221580,-0.5540412844,-0.196871811,
193421600,-0.5722362604,-0.1210437803,
193621619,-0.5839770339,-0.04768265589,
193821639,-0.5834989218,0.02895963384,
194021659,-0.5728568996,0.1066457067,
194221679,-0.5541081065,0.1790188734,
194421698,-0.527521133,0.2526298943,
194621718,-0.488581439,0.3170588036,
194821738,-0.4439284973,0.377728727,
195021758,-0.3902515309,0.4336186257,
195221777,-0.3346555063,0.4797219927,
195421797,-0.2693151741,0.5184720863,
195621817,-0.198623753,0.5513869867,
195821837,-0.1288583121,0.5741105504,
196021856,-0.05535467127,0.5856550642,
196221876,0.02054076394,0.588602034,
196421896,0.09599272064,0.5821002165,
196621916,0.1678939557,0.5692259812,
196821935,0.2383415651,0.5421745454,
197021955,0.3034020073,0.5100847679,
197221975,0.3664464477,0.4681092731,
197421995,0.4216071878,0.4202341464,
197622014,0.473267238,0.3661355327,
197822034,0.5133591474,0.3049256347,
198022054,0.5496859275,0.2412619565,
198222074,0.5745345145,0.1722226027,
198422093,0.5918936477,0.0973632855,
198622113,0.6007513645,0.02482382094,
198822133,0.5997519364,-0.04918552529,
199022153,0.5889343412,-0.1222170041,
199222172,0.5672125303,-0.1933706463,
199422192,0.5421156771,-0.2627532607,
199622212,0.5055245846,-0.3236149274,
199822232,0.4605766609,-0.3871716213,
200022251,0.4103780409,-0.4393502633,
200222271,0.3521662204,-0.487120309,
200422291,0.2894237598,-0.5254429561,
200622311,0.2183852082,-0.55696505,
200822330,0.1479151142,-0.5801123301,
201022350,0.07377915933,-0.589972318,
201222370,-0.00221812143,-0.5927935183,
201422390,-0.07731131092,-0.5884175501,
201622409,-0.1517795881,-0.5731291012,
201822429,-0.2223628683,-0.5475553282,
202022449,-0.2925205297,-0.5127639793,
202222469,-0.3539346577,-0.4676669541,
202422488,-0.4103574966,-0.4179620441,
202622508,-0.4642124888,-0.3594595754,
202822528,-0.5034915953,-0.2933020699,
203022548,-0.5354769909,-0.2257052568,
203222567,-0.5599554367,-0.1512338375,
203422587,-0.5772526161,-0.07566715078,
203622607,-0.5782353293,0.0007795961639,
203822627,-0.5740972142,0.07861032635,
204022646,-0.5560944303,0.1530161914,
204222666,-0.5307022683,0.2244041876,
204422686,-0.4949997581,0.2934371023,
204622706,-0.4559531366,0.3573839352,
204822725,-0.4044517905,0.412970386,
205022745,-0.3441995681,0.4659830557,
205222765,-0.2807724484,0.5041303989,
205422785,-0.2131395079,0.5377140882,
205622804,-0.1414224494,0.559224506,
205822824,-0.06457492468,0.5761827422,
206022844,0.009704068586,0.5788704687,
206222864,0.08393220703,0.5743263538,
206422883,0.1558783735,0.5603881953,
206622903,0.2243831005,0.5371971746,
206822923,0.2941470312,0.5071548745,
207022943,0.3569036706,0.4631999485,
207222962,0.4100306268,0.4173303971,
207422982,0.4613063189,0.364576801,
207623002,0.5036500758,0.3038860772,
207823022,0.5399213111,0.2390689405,
208023041,0.5642540946,0.1711404269,
208223061,0.5802557407,0.1007011682,
208423081,0.5897925624,0.02570130975,
208623101,0.592085268,-0.04617392034,
208823120,0.582504087,-0.1169900114,
209023140,0.5635217481,-0.1877645675,
209223160,0.5342129074,-0.2551239803,
209423180,0.4997853354,-0.3187934257,
209623199,0.4583053691,-0.3736424315,
209823219,0.4105998338,-0.4304048061,
210023239,0.3521476713,-0.4767561867,
210223259,0.2931142474,-0.5166506259,
210423278,0.2265821731,-0.5479729256,
210623298,0.160281128,-0.5669195732,
210823318,0.08833155267,-0.5825902538,
211023338,0.01432315319,-0.5874334423,
211223357,-0.05895029785,-0.5829413379,
211423377,-0.1316634427,-0.5719231862,
211623397,-0.1992876413,-0.5512564578,
211823417,-0.2670120216,-0.5210824418,
212023436,-0.329893097,-0.480961061,
212223456,-0.3869143703,-0.4325084548,
212423476,-0.4389226771,-0.3822790385,
212623496,-0.481144823,-0.3206613533,
212823515,-0.5192341151,-0.2591786204,
213023535,-0.5476291824,-0.1887483417,
213223555,-0.5656997483,-0.1156667029,
213423575,-0.5745509085,-0.04217988495,
213623595,-0.5734573219,0.03191346094,
213823614,-0.566811294,0.1050718481,
214023634,-0.5450131068,0.1786402211,
214223654,-0.5207735606,0.245594108,
214423674,-0.4810937369,0.309795109,
214623693,-0.43678431,0.3693437585,
214823713,-0.3854104326,0.4231129443,
215023733,-0.3286707291,0.4715420787,
215223753,-0.2670012294,0.5095866068,
215423772,-0.2002480033,0.5401247086,
215623792,-0.1290575142,0.5627764223,
215823812,-0.05781692059,0.573155827,
216023832,0.01679174896,0.5763919637,
216223851,0.08751882422,0.5748525452,
216423871,0.1620037636,0.5593036403,
216623891,0.2288055101,0.5354395406,
216823911,0.2943275822,0.5046026866,
217023930,0.3521800918,0.4653003555,
217223950,0.4098070637,0.4228380744,
217423970,0.457767046,0.3687770007,
217623990,0.5013586609,0.3120205258,
217824009,0.5340507654,0.2513788058,
218024029,0.5645975366,0.1853238513,
218224049,0.5806536444,0.1182058093,
218424069,0.5934012501,0.04739129692,
218624088,0.5970201004,-0.02228912661,
218824108,0.5907354372,-0.08864089315,
219024128,0.5759573464,-0.1588620092,
219224148,0.5559505502,-0.2244458872,
219424167,0.5263946055,-0.2900010099,
219624187,0.488040336,-0.3486675809,
219824207,0.4456883008,-0.4015459263,
220024227,0.3984762055,-0.4516099348,
220224246,0.3418748553,-0.4939735818,
220424266,0.2805728781,-0.5309032283,
220624286,0.2195731488,-0.5617929075,
220824306,0.152471665,-0.5808213114,
221024325,0.08077783166,-0.595594764,
221224345,0.01146412201,-0.6002449109,
221424365,-0.05970089999,-0.5927609273,
221624385,-0.1296189271,-0.5824697174,
221824404,-0.1968275042,-0.5613613946,
222024424,-0.2602134446,-0.5312964277,
222224444,-0.3208839541,-0.4940214228,
222424464,-0.3761581795,-0.4516629593,
222624483,-0.4268480571,-0.4007233545,
222824503,-0.472854709,-0.339665061,
223024523,-0.5075938573,-0.277942004,
223224543,-0.5367131169,-0.2125396096,
223424562,-0.559207619,-0.1422547711,
223624582,-0.5688332419,-0.07081781915,
223824602,-0.5709267398,0.004872449778,
224024622,-0.560350412,0.07655155899,
224224641,-0.5424331153,0.1477376003,
224424661,-0.5162149108,0.2175821027,
224624681,-0.4809178052,0.2832640321,
224824701,-0.4398209988,0.3443769406,
225024720,-0.3861126764,0.3964088661,
225224740,-0.3300373163,0.443708121,
225424760,-0.2669076988,0.4845196859,
225624780,-0.1998833399,0.5142378483,
225824799,-0.1269539727,0.5358774438,
226024819,-0.05585708372,0.5463093254,
226224839,0.02192714993,0.5502058226,
226424859,0.09499249097,0.5401559281,
226624878,0.1666013566,0.5238186951,
226824898,0.2357281899,0.4967171028,
227024918,0.3003879731,0.4631385767,
227224938,0.3599891818,0.4198975537,
227424957,0.4147738398,0.3678136522,
227624977,0.4577913337,0.3105877577,
227824997,0.4956477042,0.2482397194,
228025017,0.5256675023,0.1806572342,
228225036,0.5474735414,0.110180567,
228425056,0.5606658904,0.03943724983,
228625076,0.5603303665,-0.03183308468,
228825096,0.5539008996,-0.1037881049,
229025115,0.5381863566,-0.1730642192,
229225135,0.5157098558,-0.2415177745,
229425155,0.4830757184,-0.3047262893,
229625175,0.4414750831,-0.361528625,
229825194,0.3943480855,-0.415875502,
230025214,0.3417265937,-0.4626357162,
230225234,0.2819250389,-0.5017381493,
230425254,0.2194699601,-0.5343966674,
230625273,0.152029593,-0.5598082799,
230825293,0.08579635865,-0.572509623,
231025313,0.01419393689,-0.5799440846,
231225333,-0.0578300167,-0.5773722807,
231425352,-0.126194478,-0.5668832495,
231625372,-0.1919405672,-0.5464059599,
231825392,-0.2588540959,-0.5185763797,
232025412,-0.3172834973,-0.4827854769,
232225431,-0.3733899663,-0.4410730967,
232425451,-0.4273565721,-0.3928379431,
232625471,-0.4721051761,-0.3366366834,
232825491,-0.507331622,-0.2725582381,
233025510,-0.534440364,-0.2076414192,
233225530,-0.5534165729,-0.1415909844,
233425550,-0.5666045751,-0.06884016497,
233625570,-0.5683331726,-0.0005105220391,
233825589,-0.5657353711,0.07144498362,
234025609,-0.5504527457,0.1402170346,
234225629,-0.5256604976,0.2071135609,
234425649,-0.4902835272,0.2733803304,
234625668,-0.4515313362,0.3295531395,
234825688,-0.4023380485,0.3840344775,
235025708,-0.3522435264,0.4303544287,
235225728,-0.2924968545,0.4725610802,
235425747,-0.2265404146,0.5025367,
235625767,-0.1611436684,0.5253283447,
235825787,-0.09163872331,0.5405667909,
236025807,-0.02186993191,0.5469169895,
236225826,0.04890794571,0.544358048,
236425846,0.1185450665,0.534307492,
236625866,0.1846826415,0.5110289998,
236825886,0.2510807772,0.4852347897,
237025905,0.3076842503,0.4506141078,
237225925,0.3660616936,0.4068269588,
237425945,0.4119442612,0.3561268754,
237625965,0.4564163972,0.3000483995,
237825984,0.4925778613,0.2427657078,
238026004,0.5197692717,0.1770123701,
238226024,0.5382965266,0.1096218328,
238426044,0.5490726326,0.04302924611,
238626063,0.5510039867,-0.02783362265,
238826083,0.5470419234,-0.09759632318,
239026103,0.5293522893,-0.1659588075,
239226123,0.5086276315,-0.2295900702,
239426142,0.4742617309,-0.2909088622,
239626162,0.4349575291,-0.3505178081,
239826182,0.3928470378,-0.4032200053,
240026202,0.338488878,-0.4504121267,
240226222,0.2804787774,-0.4891396997,
240426241,0.2178120361,-0.5201611255,
240626261,0.1531673264,-0.5433719824,
240826281,0.08432516781,-0.5583899448,
241026301,0.01490810337,-0.5669666584,
241226320,-0.05407238309,-0.5652396053,
241426340,-0.1258247105,-0.5503882734,
241626360,-0.1931260121,-0.5320497178,
241826380,-0.2556715227,-0.5032445222,
242026399,-0.3133787693,-0.4680947109,
242226419,-0.3702725921,-0.4257548808,
242426439,-0.4225504183,-0.3737559895,
242626459,-0.465604421,-0.3173218319,
242826478,-0.4979828819,-0.2531967121,
243026498,-0.5274432347,-0.1903485084,
243226518,-0.5424225739,-0.1223307111,
243426538,-0.5518371075,-0.05086328019,
243626557,-0.5525043848,0.01934430821,
243826577,-0.5436170485,0.09417677265,
244026597,-0.5279170719,0.1605993655,
244226617,-0.5009609534,0.2276413942,
244426636,-0.4631020366,0.290089199,
244626656,-0.4191916995,0.3483810836,
244826676,-0.3690798546,0.3988503472,
245026696,-0.3139761774,0.4451020275,
245226715,-0.249274779,0.4798819582,
245426735,-0.1853195613,0.5076440985,
245626755,-0.113884256,0.5277579664,
245826775,-0.04452295989,0.5394931251,
246026794,0.02963168098,0.5364469318,
246226814,0.09831241481,0.5309594407,
246426834,0.1709369382,0.5097392889,
246626854,0.2356216538,0.4879605884,
246826873,0.2966547214,0.4506942305,
247026893,0.3563651855,0.4083130945,
247226913,0.4083428841,0.359313034,
247426933,0.449221885,0.301527576,
247626952,0.486331338,0.2406066274,
247826972,0.5150890897,0.1775071175,
248026992,0.5348646645,0.1085165371,
248227012,0.5463799211,0.04096296007,
248427031,0.5505067146,-0.02799567761,
248627051,0.5437630932,-0.09658153377,
248827071,0.5297174123,-0.1681934478,
249027091,0.5072360983,-0.2334597316,
249227110,0.4763100807,-0.2965210573,
249427130,0.4398777576,-0.3507933704,
249627150,0.3948314795,-0.4028908569,
249827170,0.3409269805,-0.4497538713,
250027189,0.2861863974,-0.4915128291,
250227209,0.2259514788,-0.5218463411,
250427229,0.1618735024,-0.548735006,
250627249,0.09375676941,-0.5636552041,
250827268,0.02882360911,-0.5734254325,
251027288,-0.0408271346,-0.5720600848,
251227308,-0.1068296097,-0.5634867002,
251427328,-0.1730159889,-0.5480908429,
251627347,-0.2357485173,-0.5237920216,
251827367,-0.2969874376,-0.4929646268,
252027387,-0.3521601031,-0.4524723055,
252227407,-0.404343575,-0.4068877886,
252427426,-0.4488251212,-0.3582354127,
252627446,-0.4896531101,-0.3004355055,
252827466,-0.5176041183,-0.2411487013,
253027486,-0.5409833843,-0.1766114111,
253227505,-0.5574175683,-0.1057334969,
253427525,-0.564770738,-0.04089108175,
253627545,-0.562680343,0.03066048783,
253827565,-0.5572190674,0.09746791575,
254027584,-0.5380979764,0.1627461177,
254227604,-0.5122176131,0.2296677113,
254427624,-0.4770205909,0.2902686797,
254627644,-0.4320298984,0.3429741087,
254827663,-0.3864410261,0.3966110681,
255027683,-0.3312265549,0.440564993,
255227703,-0.2708385027,0.4774999762,
255427723,-0.2100167701,0.5033776409,
255627742,-0.1401995472,0.5217342105,
255827762,-0.07307902457,0.5341017064,
256027782,-0.0008335725911,0.5387394161,
256227802,0.06891374997,0.5317201804,
256427821,0.1388690967,0.51765775,
256627841,0.20488957,0.4908573705,
256827861,0.2699614943,0.4609872988,
257027881,0.3278442996,0.4202418626,
257227900,0.3797724545,0.3743677761,
257427920,0.4245753166,0.3189096719,
257627940,0.4643480776,0.2596929343,
257827960,0.4936264489,0.1981597633,
258027979,0.5134235116,0.1318695971,
258227999,0.5281016257,0.06006519575,
258428019,0.5323256375,-0.01001054348,
258628039,0.5270004381,-0.08010406401,
258828058,0.5136093733,-0.1468237003,
259028078,0.4903131755,-0.2111939842,
259228098,0.4589290061,-0.2766368282,
259428118,0.4244197887,-0.333092012,
259628137,0.3789506838,-0.3873780664,
259828157,0.3248682271,-0.4334575943,
260028177,0.2689851133,-0.4720228625,
260228197,0.2072192163,-0.5024459177,
260428216,0.1432880491,-0.5284266562,
260628236,0.07223002947,-0.54349219,
260828256,0.005699621276,-0.548176051,
261028276,-0.06259568512,-0.5454875797,
261228295,-0.1307663122,-0.5348458368,
261428315,-0.1964676511,-0.5145436222,
261628335,-0.259563239,-0.4867823916,
261828355,-0.3182466411,-0.4526560822,
262028374,-0.3716785283,-0.4088276251,
262228394,-0.4218609544,-0.3598058957,
262428414,-0.4604933815,-0.3064090675,
262628434,-0.4961608577,-0.2449456883,
262828453,-0.5250288825,-0.1825722968,
263028473,-0.5417004068,-0.1154718539,
263228493,-0.5506856349,-0.05075296117,
263428513,-0.5523893762,0.01764368091,
263628532,-0.5442678579,0.08583975199,
263828552,-0.5276609055,0.1552249784,
264028572,-0.5059874953,0.2174155704,
264228592,-0.4710666226,0.2811854211,
264428611,-0.434400737,0.3345529081,
264628631,-0.3858424555,0.3858247077,
264828651,-0.3344062812,0.4294508602,
265028671,-0.278387486,0.4675235669,
265228690,-0.2164530107,0.4981713136,
265428710,-0.151763907,0.5201103548,
265628730,-0.08630715679,0.5348658411,
265828750,-0.01435143649,0.5378125843,
266028769,0.05202422405,0.5388174554,
266228789,0.1179989114,0.5256590385,
266428809,0.1863942637,0.5059095087,
266628829,0.2475834371,0.4754339224,
266828849,0.3063647881,0.4411355595,
267028868,0.3577995664,0.3987556778,
267228888,0.4067040979,0.3505930041,
267428908,0.4487939618,0.2980938146,
267628928,0.4818659756,0.2350964292,
267828947,0.505998423,0.1752280324,
268028967,0.5270789787,0.1109080286,
268228987,0.5349372045,0.04360216132,
268429007,0.5371484874,-0.02386052407,
268629026,0.5313265854,-0.0934955848,
268829046,0.5144901484,-0.1564933093,
269029066,0.491965103,-0.2225249364,
269229086,0.4619426977,-0.2836370496,
269429105,0.4245637738,-0.3374798084,
269629125,0.3798327912,-0.3851703051,
269829145,0.3322223307,-0.4310392767,
270029165,0.272792903,-0.4683420675,
270229184,0.2150329861,-0.5027850451,
270429204,0.1544767209,-0.5241177388,
270629224,0.08516299234,-0.5390112545,
270829244,0.0191632314,-0.5470773026,
271029263,-0.04551360261,-0.5423578752,
271229283,-0.1123029688,-0.5343856766,
271429303,-0.1766925392,-0.5161240446,
271629323,-0.2355598815,-0.4911845169,
271829342,-0.2980203121,-0.4560557532,
272029362,-0.3478757264,-0.4158565086,
272229382,-0.3965618412,-0.3699904987,
272429402,-0.4419461107,-0.3181240011,
272629421,-0.4732322598,-0.2624619393,
272829441,-0.5020637425,-0.1993378705,
273029461,-0.5203958934,-0.1374950714,
273229481,-0.5354436531,-0.07074199642,
273429500,-0.5365998596,-0.004587767741,
273629520,-0.5308538782,0.06529802055,
273829540,-0.5165405043,0.1308061866,
274029560,-0.496473578,0.194417247,
274229579,-0.4641416779,0.2541903049,
274429599,-0.426183987,0.3126758152,
274629619,-0.384217624,0.3610300159,
274829639,-0.3308803628,0.4048884081,
275029658,-0.2756888404,0.4432766198,
275229678,-0.216327994,0.4772332344,
275429698,-0.152937347,0.4978738495,
275629718,-0.08574113072,0.511278609,
275829737,-0.01711809823,0.5172511736,
276029757,0.05081182203,0.5141048406,
276229777,0.1165802018,0.504272851,
276429797,0.1811134408,0.4828230791,
276629816,0.2444329331,0.4528991686,
276829836,0.3029221148,0.4155792627,
277029856,0.3517952282,0.3741370391,
277229876,0.3994176991,0.3269492927,
277429895,0.4408408237,0.270896251,
277629915,0.4750024888,0.2094236499,
277829935,0.4984448324,0.1464700559,
278029955,0.5148062068,0.08125574781,
278229974,0.5227477724,0.01626539401,
278429994,0.5184040588,-0.05065187227,
278630014,0.5111055406,-0.1170471448,
278830034,0.4932463945,-0.1816646585,
279030053,0.4679512321,-0.2433337693,
279230073,0.4354055479,-0.3007742402,
279430093,0.3956468053,-0.3540872655,
279630113,0.3482959876,-0.4060436483,
279830132,0.2996429927,-0.4443586646,
280030152,0.2410373847,-0.4829302045,
280230172,0.178645926,-0.5086908912,
280430192,0.1161984717,-0.5298074119,
280630211,0.05118136707,-0.540871826,
280830231,-0.01113465078,-0.5469310312,
281030251,-0.07815747838,-0.5377248745,
281230271,-0.1432863847,-0.5254503582,
281430290,-0.2048110515,-0.5110155786,
281630310,-0.2623852891,-0.4821722603,
281830330,-0.3193468915,-0.4445451784,
282030350,-0.3744251592,-0.4039197398,
282230369,-0.4189329306,-0.356098607,
282430389,-0.4558533303,-0.307312214,
282630409,-0.4896980779,-0.2478055556,
282830429,-0.5153174893,-0.1880555867,
283030448,-0.5339109626,-0.1257847895,
283230468,-0.5461970154,-0.06173672644,
283430488,-0.5466283168,0.00755650311,
283630508,-0.5439009899,0.07087829519,
283830527,-0.5273471595,0.1370562934,
284030547,-0.507119372,0.1978207514,
284230567,-0.4760828629,0.2562189704,
284430587,-0.4412032925,0.3122602175,
284630606,-0.3986720126,0.3641295771,
284830626,-0.350361018,0.4061906918,
285030646,-0.296162932,0.4447002107,
285230666,-0.2346894844,0.4753670278,
285430685,-0.176323715,0.4999628688,
285630705,-0.1076400087,0.514891592,
285830725,-0.04045374333,0.5247885218,
286030745,0.02447423307,0.5257418891,
286230764,0.08924376649,0.5148323749,
286430784,0.1521770252,0.4986322749,
286630804,0.2148680644,0.4707631701,
286830824,0.2745263572,0.4393128472,
287030843,0.325489944,0.4027129822,
287230863,0.3739218095,0.3541975899,
287430883,0.4158950269,0.3016068531,
287630903,0.4524979514,0.2449776531,
287830922,0.4809681088,0.1885486032,
288030942,0.499688827,0.1261405447,
288230962,0.5125212344,0.06055827992,
288430982,0.5144326749,-0.008501470472,
288631001,0.5089692419,-0.07243660385,
288831021,0.4966986046,-0.1378393372,
289031041,0.4775102972,-0.2017387471,
289231061,0.4485453283,-0.2619215165,
289431080,0.4112783888,-0.3143456936,
289631100,0.3695981072,-0.3658286282,
289831120,0.3189478642,-0.4096212808,
290031140,0.2676513379,-0.4495884931,
290231159,0.2095401836,-0.4805331916,
290431179,0.1489580048,-0.5044307233,
290631199,0.08441701263,-0.5218183785,
290831219,0.0221679102,-0.527939694,
291031238,-0.04802674157,-0.5292834617,
291231258,-0.1131162309,-0.5184466242,
291431278,-0.1763042133,-0.5013875044,
291631298,-0.2365295423,-0.4776142175,
291831317,-0.2947259976,-0.444323708,
292031337,-0.3465186284,-0.4066056054,
292231357,-0.3937464764,-0.3622226707,
292431377,-0.4332538654,-0.3094675887,
292631396,-0.4700644441,-0.254951753,
292831416,-0.497549422,-0.1948386539,
293031436,-0.5143235471,-0.1325865168,
293231456,-0.5281242087,-0.0712063987,
293431476,-0.5306231813,-0.00667895376,
293631495,-0.5286409983,0.05907184185,
293831515,-0.5167760524,0.1251676053,
294031535,-0.4942896313,0.1860115695,
294231555,-0.4676739001,0.2447001128,
294431574,-0.4323702386,0.2998762984,
294631594,-0.3918979194,0.351763973,
294831614,-0.342556898,0.3947571137,
295031634,-0.2887809654,0.433113661,
295231653,-0.2322408988,0.4639455093,
295431673,-0.1716207822,0.4915987818,
295631693,-0.1066099358,0.5037348468,
295831713,-0.04119202265,0.5163120566,
296031732,0.0269474785,0.5121243588,
296231752,0.08866655699,0.503270918,
296431772,0.1540860496,0.487333251,
296631792,0.2159182425,0.462883983,
296831811,0.2746441522,0.429362093,
297031831,0.3255880875,0.3913053293,
297231851,0.3722545434,0.3444558951,
297431871,0.4122156253,0.2925913408,
297631890,0.4470316542,0.237050954,
297831910,0.4721840785,0.1768205139,
298031930,0.4928353235,0.1134453429,
298231950,0.5035577555,0.04572651183,
298431969,0.5057482929,-0.01567294778,
298631989,0.4969180698,-0.08258559035,
298832009,0.4835679217,-0.1456172107,
299032029,0.4598611418,-0.2071324986,
299232048,0.4324059108,-0.2667706744,
299432068,0.3941055134,-0.3205222036,
299632088,0.3517709207,-0.3672739892,
299832108,0.3024416565,-0.4108203758,
300032127,0.2482143079,-0.4472191307,
300232147,0.189661653,-0.4742486686,
300432167,0.1302717769,-0.496194655,
300632187,0.06656427671,-0.511820587,
300832206,0.003514070643,-0.5158623612,
301032226,-0.06159953583,-0.5118060058,
301232246,-0.1234261621,-0.5032551999,
301432266,-0.183186061,-0.4859424564,
301632285,-0.2429790921,-0.4593238681,
301832305,-0.2966063599,-0.4239412059,
302032325,-0.3484209674,-0.3868034947,
302232345,-0.3911152338,-0.3419174074,
302432364,-0.4301302014,-0.2904719686,
302632384,-0.4656046157,-0.2386012512,
302832404,-0.4912436139,-0.1804970906,
303032424,-0.5053528213,-0.1166513572,
303232443,-0.5167296814,-0.05705095785,
303432463,-0.5224303904,0.007108543787,
303632483,-0.514190332,0.06926999112,
303832503,-0.5002244212,0.1359077362,
304032522,-0.4802501164,0.1953144689,
304232542,-0.45126682,0.2491056437,
304432562,-0.4164738963,0.3049827753,
304632582,-0.373337317,0.3506443314,
304832601,-0.3249908188,0.3947521064,
305032621,-0.2735251476,0.4300639731,
305232641,-0.2195645225,0.4614751805,
305432661,-0.1563802242,0.4851535192,
305632680,-0.0937167135,0.4972086358,
305832700,-0.03138487523,0.5038032579,
306032720,0.03230045979,0.5028674398,
306232740,0.09757755276,0.4892899152,
306432759,0.1616440523,0.4718748313,
306632779,0.2212359683,0.4492582843,
306832799,0.2737256496,0.4114244503,
307032819,0.3247970163,0.3741909461,
307232838,0.3697844891,0.3261993035,
307432858,0.4090939003,0.2737126663,
307632878,0.4403174903,0.2181154822,
307832898,0.4656523774,0.155067499,
308032917,0.4840451533,0.09254326927,
308232937,0.4889304616,0.02655999751,
308432957,0.4884640304,-0.03579986669,
308632977,0.4822081959,-0.1012769572,
308832996,0.4647960037,-0.165303455,
309033016,0.4369411762,-0.2241167754,
309233036,0.4045947969,-0.282615058,
309433056,0.3636696696,-0.333815759,
309633075,0.3197289856,-0.3786883359,
309833095,0.2677940586,-0.4185753932,
310033115,0.2120482066,-0.4515260899,
310233135,0.1519015182,-0.4775405277,
310433154,0.08784388178,-0.4945014598,
310633174,0.02479759511,-0.5035711361,
310833194,-0.04000028833,-0.5041998238,
311033214,-0.1043080543,-0.4979127733,
311233233,-0.1680062525,-0.4812676665,
311433253,-0.2268715567,-0.4587510864,
311633273,-0.2857535256,-0.4286401345,
311833293,-0.3341175166,-0.3937353798,
312033312,-0.3836154733,-0.3492116593,
312233332,-0.4248543628,-0.3005177376,
312433352,-0.4597947125,-0.2476200366,
312633372,-0.4902121163,-0.1893872515,
312833391,-0.5084346589,-0.1283091702,
313033411,-0.5217209885,-0.06617115886,
313233431,-0.5278465806,-0.002906293221,
313433451,-0.5275747203,0.06077378171,
313633470,-0.5172846521,0.1194859921,
313833490,-0.499446837,0.1823623694,
314033510,-0.4729462023,0.240903165,
314233530,-0.4409413373,0.2934666227,
314433549,-0.403687008,0.3461665887,
314633569,-0.3595379794,0.3896216004,
314833589,-0.3131701113,0.4312715996,
315033609,-0.2605928359,0.464147821,
315233628,-0.2030029329,0.4880461927,
315433648,-0.1417946407,0.5078098014,
315633668,-0.08213490687,0.5195507938,
315833688,-0.02138053922,0.5244144823,
316033707,0.04174860051,0.5221668532,
316233727,0.1052315885,0.5150318158,
316433747,0.1628398343,0.4979071771,
316633767,0.2216569204,0.4696763403,
316833786,0.2748082986,0.4384547854,
317033806,0.323367568,0.4045513538,
317233826,0.3674874854,0.3595048798,
317433846,0.4111240819,0.3094535806,
317633865,0.4436601019,0.2570239509,
317833885,0.4669176796,0.2009013852,
318033905,0.4880290561,0.1423173299,
318233925,0.4990985604,0.07814647745,
318433944,0.5057638159,0.01796030932,
318633964,0.5012393517,-0.04568351733,
318833984,0.4882795919,-0.1076268101,
319034004,0.4713287539,-0.1673126594,
319234023,0.4426258553,-0.2279383727,
319434043,0.4101413394,-0.2797312971,
319634063,0.3670507971,-0.3322190663,
319834083,0.3201102912,-0.3754166377,
320034103,0.2698421618,-0.4100909935,
320234122,0.2108379947,-0.4446273313,
320434142,0.1523708967,-0.4665379433,
320634162,0.08876275936,-0.4824642341,
320834182,0.02622038304,-0.4889096369,
321034201,-0.03911792368,-0.4871324778,
321234221,-0.1044378228,-0.4769555332,
321434241,-0.1669081789,-0.4593111973,
321634261,-0.2250779821,-0.4330885723,
321834280,-0.2811351953,-0.3992003113,
322034300,-0.3296922005,-0.3586940023,
322234320,-0.3769583338,-0.3105388607,
322434340,-0.4146207073,-0.260691955,
322634359,-0.4479413382,-0.2017075694,
322834379,-0.4683215794,-0.1409117598,
323034399,-0.4869381494,-0.07623453935,
323234419,-0.4938244776,-0.01337041521,
323434438,-0.489532129,0.04943751898,
323634458,-0.4809799986,0.1141726212,
323834478,-0.4623846036,0.1786775119,
324034498,-0.4331883541,0.2376162659,
324234517,-0.399789637,0.2926351814,
324434537,-0.3608327328,0.340628667,
324634557,-0.313293047,0.3846977917,
324834577,-0.259130777,0.4219979775,
325034596,-0.2028466881,0.4519716237,
325234616,-0.1436693287,0.4762688197,
325434636,-0.08518954449,0.4912911109,
325634656,-0.02115908752,0.500585327,
325834675,0.04342520495,0.4973713604,
326034695,0.106129087,0.4858977221,
326234715,0.1643404062,0.4697406541,
326434735,0.2218790548,0.4475553689,
326634754,0.2799307377,0.4157928092,
326834774,0.3256889196,0.378097791,
327034794,0.3708832226,0.3324213114,
327234814,0.4127628877,0.2859816973,
327434833,0.4416926762,0.2306386664,
327634853,0.4682193852,0.1720681819,
327834873,0.4866029407,0.1138314199,
328034893,0.4957819576,0.05242957719,
328234912,0.5016820483,-0.01187456452,
328434932,0.494379256,-0.07574712001,
328634952,0.4811704139,-0.136643925,
328834972,0.4592876532,-0.1914726363,
329034991,0.4320366415,-0.2516047799,
329235011,0.3962271078,-0.29897229,
329435031,0.3541428349,-0.3500325774,
329635051,0.3077751052,-0.3899587704,
329835070,0.2565486844,-0.4257392201,
330035090,0.2013677554,-0.4538668678,
330235110,0.1415331294,-0.4761664216,
330435130,0.07952356619,-0.4916102725,
330635149,0.01697036536,-0.4941722819,
330835169,-0.04738226761,-0.4921403499,
331035189,-0.1092812808,-0.4871335058,
331235209,-0.1702405431,-0.4689171443,
331435228,-0.2281358132,-0.4423969964,
331635248,-0.2803762406,-0.4090055354,
331835268,-0.3348346976,-0.3680033669,
332035288,-0.3792862467,-0.3233551207,
332235307,-0.4169969907,-0.2724839347,
332435327,-0.4488572961,-0.2166829042,
332635347,-0.4724197577,-0.1563487493,
332835367,-0.4903640606,-0.09606075596,
333035386,-0.498391168,-0.03283507864,
333235406,-0.4984294951,0.03123511563,
333435426,-0.4912955957,0.0936740994,
333635446,-0.4730586166,0.1538749742,
333835465,-0.453937133,0.2134964851,
334035485,-0.4232701456,0.2679049957,
334235505,-0.3867763954,0.3204379568,
334435525,-0.3435376409,0.3650347793,
334635544,-0.2927452001,0.4082959088,
334835564,-0.2394734548,0.4380251836,
335035584,-0.1824747051,0.4655092863,
335235604,-0.1267154143,0.4853674465,
335435623,-0.06589998857,0.4968992554,
335635643,0.0005097363596,0.5022798772,
335835663,0.05659729404,0.500828196,
336035683,0.1182128798,0.4899011917,
336235702,0.1768745658,0.4714922131,
336435722,0.2363792574,0.4486668231,
336635742,0.2883736657,0.4162918811,
336835762,0.3347622841,0.3776549653,
337035781,0.3805635784,0.3348739973,
337235801,0.4164624487,0.2834930217,
337435821,0.450419136,0.2340677196,
337635841,0.474852908,0.1766206004,
337835860,0.4892126991,0.1196568599,
338035880,0.5042383659,0.05796473965,
338235900,0.5030272356,-0.002260026159,
338435920,0.4982498174,-0.06375167994,
338635939,0.4882819194,-0.1235157906,
338835959,0.4707304776,-0.1807112652,
339035979,0.4438544465,-0.2350882182,
339235999,0.4111436394,-0.290059792,
339436018,0.3740530964,-0.3379410324,
339636038,0.3304246673,-0.3808504283,
339836058,0.2786744516,-0.4181819479,
340036078,0.227884613,-0.4439796846,
340236097,0.1713405449,-0.4714421306,
340436117,0.1122140566,-0.4854423847,
340636137,0.04933863878,-0.4969738512,
340836157,-0.01376421843,-0.4980476995,
341036176,-0.07487148985,-0.4927483725,
341236196,-0.1321456593,-0.4765311152,
341436216,-0.1944106174,-0.4535063207,
341636236,-0.2493222783,-0.42505906,
341836255,-0.2981154123,-0.3916537782,
342036275,-0.3457558966,-0.3489237572,
342236295,-0.3866886962,-0.3049087093,
342436315,-0.4217707049,-0.251508207,
342636334,-0.449004683,-0.1978824183,
342836354,-0.4691796583,-0.134911115,
343036374,-0.4837911351,-0.07624465471,
343236394,-0.4884386298,-0.01333374362,
343436413,-0.4852007189,0.04834127635,
343636433,-0.4721048325,0.1082676763,
343836453,-0.452534166,0.1691965773,
344036473,-0.4277327381,0.2265843758,
344236492,-0.3951434923,0.2786204761,
344436512,-0.3581854643,0.3235921581,
344636532,-0.3134956248,0.3679150889,
344836552,-0.2605541632,0.4030527514,
345036571,-0.2091764561,0.4321755799,
345236591,-0.1524976968,0.4543816214,
345436611,-0.09427031368,0.470221714,
345636631,-0.03237159294,0.477354523,
345836650,0.02857478993,0.4774685046,
346036670,0.08903445672,0.4704612849,
346236690,0.1476849498,0.4540183639,
346436710,0.2019515053,0.4318111145,
346636729,0.2566003561,0.4015802865,
346836749,0.3043005714,0.3664142917,
347036769,0.3474527547,0.3248998862,
347236789,0.3864415661,0.276482268,
347436809,0.4160547191,0.2265560846,
347636828,0.442054564,0.1726239347,
347836848,0.458102999,0.1144259161,
348036868,0.4688998129,0.05212339585,
348236888,0.4744399132,-0.005157945824,
348436907,0.4686953563,-0.06705074111,
348636927,0.4561791114,-0.1245884947,
348836947,0.4342416044,-0.1821227626,
349036967,0.4084515143,-0.2385488592,
349236986,0.3732712907,-0.2873286331,
349437006,0.3337919126,-0.3344894917,
349637026,0.2859763972,-0.3737892556,
349837046,0.2373094282,-0.4076978977,
350037065,0.1834535272,-0.4346027483,
350237085,0.1226061589,-0.4572266695,
350437105,0.06239359316,-0.4715534058,
350637125,-0.0001633800973,-0.4738854457,
350837144,-0.06155143429,-0.47112037,
351037164,-0.1199230355,-0.4616529703,
351237184,-0.1836498122,-0.4416654486,
351437204,-0.2389659794,-0.4165103226,
351637223,-0.2914223481,-0.3826656684,
351837243,-0.3374367067,-0.3455253254,
352037263,-0.3835087508,-0.2984619491,
352237283,-0.4188216194,-0.2509463074,
352437302,-0.4493418635,-0.1959282534,
352637322,-0.472397115,-0.1360079747,
352837342,-0.4866393636,-0.07971119886,
353037362,-0.4945092724,-0.01861704963,
353237381,-0.4957936291,0.04450641938,
353437401,-0.4883348208,0.104311637,
353637421,-0.475858094,0.1644196974,
353837441,-0.4573215567,0.2237389641,
354037460,-0.4266367008,0.277070937,
354237480,-0.3965183874,0.3274374918,
354437500,-0.3602249216,0.3731094276,
354637520,-0.317009621,0.4139579504,
354837539,-0.2669921929,0.4480463851,
355037559,-0.215064982,0.4757281526,
355237579,-0.1604912192,0.4993666982,
355437599,-0.1091045324,0.5187351713,
355637618,-0.05162464773,0.5261726215,
355837638,0.005909561945,0.5311268755,
356037658,0.06245354624,0.5312044567,
356237678,0.1213716519,0.5220365025,
356437697,0.1766503528,0.5072472785,
356637717,0.2292106126,0.4840817489,
356837737,0.2780652197,0.4582965801,
357037757,0.3245735886,0.4286667127,
357237776,0.3711880095,0.3944390216,
357437796,0.4099863524,0.3530900971,
357637816,0.4409861705,0.3075409639,
357837836,0.4708215551,0.2566739421,
358037855,0.4937153517,0.2096506561,
358237875,0.5109569845,0.1533298642,
358437895,0.5222170539,0.09725418907,
358637915,0.5306712387,0.0430690226,
358837934,0.529093261,-0.01484532679,
359037954,0.5185840435,-0.06995400397,
359237974,0.5061854161,-0.1268212586,
359437994,0.4824970605,-0.1816204411,
359638013,0.4530574413,-0.229571894,
359838033,0.4187725248,-0.2785765004,
360038053,0.3786358103,-0.3204402085,
360238073,0.3348030954,-0.3617776655,
360438092,0.2869409983,-0.3928515475,
360638112,0.2338647777,-0.418927756,
360838132,0.1712685775,-0.4359501248,
361038152,0.1155478911,-0.4481052508,
361238171,0.05154314376,-0.4508332849,
361438191,-0.01143938009,-0.4446396723,
361638211,-0.07026402886,-0.430292742,
361838231,-0.1298006712,-0.4049307097,
362038250,-0.1877652751,-0.3750842401,
362238270,-0.2381726861,-0.3353695447,
362438290,-0.2808667099,-0.2864462529,
362638310,-0.3178977418,-0.2318734059,
362838329,-0.3459408767,-0.1721019794,
363038349,-0.3652176615,-0.1079187027,
363238369,-0.3752602399,-0.04012600361,
363438389,-0.3721536902,0.02676368984,
363638408,-0.3610635225,0.09410262249,
363838428,-0.3398674225,0.1540737952,
364038448,-0.3080286012,0.2151801655,
364238468,-0.2646491302,0.2662141286,
364438487,-0.2199824643,0.3112446487,
364638507,-0.1656011255,0.3519618022,
364838527,-0.1043435269,0.3807108064,
365038547,-0.04288401869,0.3988068749,
365238566,0.01991809424,0.4089113268,
365438586,0.08397492172,0.408622045,
365638606,0.1462056118,0.4004386393,
365838626,0.2074872348,0.3835916123,
366038645,0.2636346294,0.3598626736,
366238665,0.3153853836,0.3277532062,
366438685,0.3608644736,0.2879863956,
366638705,0.4022549054,0.2440833847,
366838724,0.4377043716,0.1952936752,
367038744,0.4644914113,0.1440838565,
367238764,0.4881806249,0.0885625579,
367438784,0.4987934803,0.0351098649,
367638803,0.5058388625,-0.02571629351,
367838823,0.5065379417,-0.08299500094,
368038843,0.4966247035,-0.1373362145,
368238863,0.4876770667,-0.1901010591,
368438882,0.4649309993,-0.2472664911,
368638902,0.4385636241,-0.2966671839,
368838922,0.4083939223,-0.337866727,
369038942,0.3722402468,-0.3832374616,
369238961,0.3322006456,-0.4200646351,
369438981,0.2864420994,-0.4511080944,
369639001,0.2365395329,-0.4788488135,
369839021,0.1874148124,-0.5030750343,
370039040,0.1341584524,-0.5199953288,
370239060,0.08138500992,-0.5272082285,
370439080,0.02071150049,-0.535028007,
370639100,-0.03444890992,-0.5287212684,
370839119,-0.09004475286,-0.5207835826,
371039139,-0.1437076865,-0.5073435341,
371239159,-0.1978734244,-0.4823562978,
371439179,-0.244496678,-0.4568098476,
371639198,-0.295844675,-0.4220918895,
371839218,-0.3350422653,-0.3841488284,
372039238,-0.3755988235,-0.33921929,
372239258,-0.4089384162,-0.2917031517,
372439277,-0.4361599481,-0.2372130725,
372639297,-0.4554675533,-0.1815670515,
372839317,-0.4676113775,-0.1244738764,
373039337,-0.4738988677,-0.06430096472,
373239356,-0.4753715577,-0.001147946797,
373439376,-0.4652791389,0.05501442599,
373639396,-0.4471215035,0.117389835,
373839416,-0.426804304,0.1736375027,
374039436,-0.3912076423,0.2274014001,
374239455,-0.3552606866,0.2732219738,
374439475,-0.3097157176,0.318253172,
374639495,-0.2604287937,0.3590327614,
374839515,-0.2104943716,0.3888959389,
375039534,-0.1478519366,0.4104787867,
375239554,-0.0904906582,0.4259875558,
375439574,-0.02829983506,0.4344295784,
375639594,0.03648884072,0.4342121136,
375839613,0.09746405874,0.4248584247,
376039633,0.1545913158,0.4079916602,
376239653,0.213875844,0.384133421,
376439673,0.2658702628,0.3480231161,
376639692,0.3145917523,0.3091068103,
376839712,0.3552560564,0.2677195862,
377039732,0.3891554836,0.2165262166,
377239752,0.4190038595,0.1645990697,
377439771,0.4403022798,0.1088491918,
377639791,0.4537338447,0.0502605351,
377839811,0.4594201446,-0.01042409507,
378039831,0.4596056603,-0.06887379614,
378239850,0.4493974211,-0.1289767267,
378439870,0.4346116117,-0.1843313897,
378639890,0.4087092235,-0.2357307245,
378839910,0.3808910472,-0.288410947,
379039929,0.3439459735,-0.3347212869,
379239949,0.3004440566,-0.3746949348,
379439969,0.2535119686,-0.4082409912,
379639989,0.2037007667,-0.4380791224,
379840008,0.1474335996,-0.4604854553,
380040028,0.09235503462,-0.4750519204,
380240048,0.03632437098,-0.4832601956,
380440068,-0.02539476181,-0.4829284808,
380640087,-0.08139371464,-0.4768341473,
380840107,-0.1398437796,-0.4615789849,
381040127,-0.1923456884,-0.440657797,
381240147,-0.2433606334,-0.4113745466,
381440166,-0.2938083177,-0.376360995,
381640186,-0.3347406784,-0.3362113629,
381840206,-0.3745571427,-0.2905330279,
382040226,-0.4063561107,-0.2400612396,
382240245,-0.4287807948,-0.1868139293,
382440265,-0.447308143,-0.1307360705,
382640285,-0.459577774,-0.06890043036,
382840305,-0.4616694827,-0.01027511059,
383040324,-0.453605221,0.05264898553,
383240344,-0.4439506588,0.1118866862,
383440364,-0.4195992168,0.1659611847,
383640384,-0.3945807156,0.2225792845,
383840403,-0.3567295807,0.2704060978,
384040423,-0.315161939,0.316589882,
384240443,-0.2716608475,0.3578126801,
384440463,-0.218078681,0.3892892306,
384640482,-0.1667123451,0.4137203303,
384840502,-0.1083285294,0.4329740643,
385040522,-0.04616849902,0.4459018626,
385240542,0.01104192353,0.447644428,
385440561,0.07144641255,0.4447674046,
385640581,0.1311472289,0.4309066908,
385840601,0.1886503547,0.4107098543,
386040621,0.2412034341,0.386776831,
386240640,0.2906090647,0.3537294902,
386440660,0.336971682,0.3174084625,
386640680,0.375684386,0.2729146873,
386840700,0.4102546465,0.2244560552,
387040719,0.4374435929,0.1730645717,
387240739,0.4582537883,0.1228136311,
387440759,0.470080631,0.06566358126,
387640779,0.4772872788,0.00973828378,
387840798,0.4772510658,-0.04819819273,
388040818,0.470929425,-0.1047849599,
388240838,0.462038625,-0.1599092036,
388440858,0.4408611255,-0.2147343872,
388640877,0.4135512928,-0.2604417636,
388840897,0.3831448628,-0.3065526136,
389040917,0.3421332176,-0.3520811567,
389240937,0.3017663681,-0.3855873057,
389440956,0.2554212465,-0.4223442036,
389640976,0.2081490629,-0.4467284013,
389840996,0.1526077907,-0.4653483186,
390041016,0.09694901797,-0.4792606999,
390241035,0.04078283533,-0.4851686264,
390441055,-0.01637967301,-0.485013083,
390641075,-0.07330057999,-0.4737799844,
390841095,-0.1300072646,-0.4609032028,
391041114,-0.1819823184,-0.4370989576,
391241134,-0.2327837182,-0.4092431731,
391441154,-0.2783090026,-0.3731391872,
391641174,-0.3205147001,-0.3313378812,
391841193,-0.3592129697,-0.2853440575,
392041213,-0.38786076,-0.2339157221,
392241233,-0.4091782926,-0.1801389211,
392441253,-0.4264409271,-0.1184984187,
392641272,-0.4321841565,-0.05774243153,
392841292,-0.430621453,0.004417247653,
393041312,-0.4203424793,0.06162779829,
393241332,-0.4038054258,0.1238729834,
393441351,-0.3782954632,0.1794823623,
393641371,-0.3438605739,0.2322305761,
393841391,-0.303753525,0.2764842144,
394041411,-0.2578000522,0.3192170747,
394241430,-0.2057236297,0.3521316667,
394441450,-0.1508683539,0.3811286151,
394641470,-0.0908663535,0.400418612,
394841490,-0.03070645762,0.410296506,
395041509,0.03159716526,0.4125292735,
395241529,0.0920841059,0.4084120612,
395441549,0.1517523259,0.3943768851,
395641569,0.2089476143,0.3731562524,
395841588,0.262644277,0.3456449447,
396041608,0.3115097939,0.3102842855,
396241628,0.3528586532,0.2705601006,
396441648,0.3917269379,0.2258771659,
396641667,0.4224600019,0.1782459683,
396841687,0.4488416228,0.1240935049,
397041707,0.4715362268,0.07066510663,
397241727,0.4826616064,0.01567230029,
397441746,0.4857229029,-0.04147395749,
397641766,0.4868891095,-0.09598251874,
397841786,0.4776474791,-0.1524876651,
398041806,0.4634331041,-0.2054838357,
398241825,0.4438147933,-0.2581606235,
398441845,0.4207414256,-0.3067584619,
398641865,0.3913981473,-0.3471434008,
398841885,0.3557237898,-0.3875959201,
399041904,0.3183644041,-0.428511899,
399241924,0.2764727603,-0.460861612,
399441944,0.2313692068,-0.4884194397,
399641964,0.1853852075,-0.5098833736,
399841983,0.1366417873,-0.5294072613,
400042003,0.08671490555,-0.5396753441,
400242023,0.03059888609,-0.5457244415,
400442043,-0.01944337371,-0.5504309183,
400642063,-0.06899499132,-0.5450480397,
400842082,-0.1236558026,-0.5351146592,
401042102,-0.1722618086,-0.5204446445,
401242122,-0.2198480156,-0.5031179533,
401442142,-0.2671635202,-0.4761097986,
401642161,-0.3141479781,-0.4439709222,
401842181,-0.352406129,-0.4130378879,
402042201,-0.3900230351,-0.3735570988,
402242221,-0.41879716,-0.3285071239,
402442240,-0.446660242,-0.2791624077,
402642260,-0.4680245677,-0.2343393586,
402842280,-0.4860242267,-0.1825726722,
403042300,-0.4963600469,-0.1274723107,
403242319,-0.5007099735,-0.06894059642,
403442339,-0.4988677109,-0.01307812239,
403642359,-0.4909902094,0.03977854547,
403842379,-0.4752944516,0.09828867029,
404042398,-0.4558244587,0.150723339,
404242418,-0.4260954729,0.2017278334,
404442438,-0.3903510292,0.2471491996,
404642458,-0.352498796,0.2883443746,
404842477,-0.304466506,0.3242254702,
405042497,-0.2537065272,0.3574728409,
405242517,-0.1998736571,0.3824465292,
405442537,-0.1428602231,0.3997579546,
405642556,-0.08208441992,0.4114113629,
405842576,-0.02024147515,0.408893805,
406042596,0.03911235565,0.4062636326,
406242616,0.09772390978,0.3900841495,
406442635,0.1543442214,0.3677985865,
406642655,0.2069899133,0.3374656934,
406842675,0.2573854247,0.3011167782,
407042695,0.299767675,0.2586089819,
407242714,0.3372071034,0.2100805292,
407442734,0.3660037602,0.1547593662,
407642754,0.3876210788,0.09760081925,
407842774,0.402521389,0.04223461569,
408042793,0.4051504438,-0.0175055602,
408242813,0.4065182534,-0.078421234,
408442833,0.392525538,-0.1357680421,
408642853,0.375067742,-0.1926569175,
408842872,0.3508232526,-0.2469126703,
409042892,0.3180125729,-0.2931925072,
409242912,0.2844950742,-0.3380920506,
409442932,0.2367859925,-0.3758895428,
409642951,0.1909189629,-0.4060194369,
409842971,0.1399407324,-0.4362184151,
410042991,0.08818455946,-0.4537286327,
410243011,0.03143146892,-0.4634683556,
410443030,-0.02420574588,-0.4685879195,
410643050,-0.07736019314,-0.4649564301,
410843070,-0.1329270095,-0.4568052812,
411043090,-0.188013808,-0.4429143921,
411243109,-0.2398416246,-0.4170381513,
411443129,-0.2872987073,-0.3870585638,
411643149,-0.3275962698,-0.352076967,
411843169,-0.3679351434,-0.3133039349,
412043188,-0.4032778186,-0.2689625277,
412243208,-0.4264642032,-0.2237609577,
412443228,-0.4487645766,-0.1678227977,
412643248,-0.4628660702,-0.1170806597,
412843267,-0.4725335192,-0.06320859049,
413043287,-0.4722004135,-0.005783435509,
413243307,-0.4700524295,0.05171670818,
413443327,-0.4551109452,0.1054779854,
413643346,-0.4341511609,0.1597382446,
413843366,-0.4084222129,0.2109750642,
414043386,-0.3762331585,0.2565762423,
414243406,-0.3368997139,0.30161048,
414443425,-0.2936116791,0.3378334681,
414643445,-0.2430014195,0.3694509255,
414843465,-0.1897172105,0.3920830515,
415043485,-0.1357760491,0.4108112771,
415243504,-0.07824717777,0.4218992716,
415443524,-0.01964282867,0.4253934197,
415643544,0.0394045922,0.4213081746,
415843564,0.09732859851,0.4077186168,
416043583,0.1516703896,0.3867600058,
416243603,0.204762496,0.3610586836,
416443623,0.2516949474,0.3288839454,
416643643,0.2983281515,0.2908156932,
416843662,0.3349785521,0.2455901307,
417043682,0.3664884121,0.1962343528,
417243702,0.3920893195,0.1412448505,
417443722,0.4101237562,0.08575492431,
417643741,0.4223151874,0.02880611611,
417843761,0.4228249307,-0.02880049623,
418043781,0.4213452241,-0.08581150175,
418243801,0.4095446634,-0.1415475493,
418443820,0.3899700353,-0.1983093072,
418643840,0.363454448,-0.2499415708,
418843860,0.3346370141,-0.29642658,
419043880,0.2972848709,-0.3398800504,
419243899,0.258126425,-0.3741215584,
419443919,0.2107254033,-0.4103797381,
419643939,0.1645637508,-0.4344045034,
419843959,0.1106745314,-0.4548831078,
420043978,0.05788097322,-0.4704455097,
420243998,0.001632484842,-0.4770576622,
420444018,-0.05325281263,-0.4739268273,
420644038,-0.1074908186,-0.4711091066,
420844057,-0.1612246249,-0.4569092003,
421044077,-0.2087234692,-0.4413049934,
421244097,-0.2584099042,-0.4129958271,
421444117,-0.3034831774,-0.3865399985,
421644136,-0.3407437868,-0.350597971,
421844156,-0.3820558513,-0.3083109159,
422044176,-0.4126998327,-0.2645672337,
422244196,-0.4365469972,-0.2156317691,
422444215,-0.4598287277,-0.1700686255,
422644235,-0.4737137153,-0.1146909272,
422844255,-0.4805368033,-0.06357476928,
423044275,-0.4838424522,-0.007273823562,
423244294,-0.4788868078,0.04807020616,
423444314,-0.4679288093,0.1013750491,
423644334,-0.4481093938,0.1512017033,
423844354,-0.4252170796,0.2007558274,
424044373,-0.3946921237,0.2486729659,
424244393,-0.3562060154,0.2895845081,
424444413,-0.3153996459,0.3283731566,
424644433,-0.2727942399,0.3607252532,
424844452,-0.2211914953,0.3886680095,
425044472,-0.1696533428,0.4086645827,
425244492,-0.1158952535,0.4228193429,
425444512,-0.05747135585,0.4310653755,
425644531,0.002159598792,0.4264612716,
425844551,0.05857687247,0.4177183331,
426044571,0.1134878949,0.4057082324,
426244591,0.1679236094,0.3794272997,
426444610,0.216458711,0.3488867349,
426644630,0.2590269629,0.3139143871,
426844650,0.301955472,0.2715097132,
427044670,0.3363358028,0.2256293866,
427244690,0.3638463969,0.1733384705,
427444709,0.3842643163,0.1204313338,
427644729,0.3969104988,0.06227088302,
427844749,0.4024186943,0.004255730292,
428044769,0.399178901,-0.05267248961,
428244788,0.3913294003,-0.10849081,
428444808,0.371217144,-0.1623864885,
428644828,0.3480283689,-0.2136270852,
428844848,0.3146178647,-0.2635042722,
429044867,0.277101328,-0.3060274854,
429244887,0.2366605349,-0.3459273105,
429444907,0.1919165689,-0.3747901348,
429644927,0.1404281025,-0.4013234393,
429844946,0.08935584502,-0.4189384086,
430044966,0.03508417053,-0.430773361,
430244986,-0.02081704184,-0.4336949683,
430445006,-0.07446062601,-0.4312871396,
430645025,-0.1286278542,-0.4215974162,
430845045,-0.1802661429,-0.4044838002,
431045065,-0.2304855837,-0.3790239742,
431245085,-0.2782271493,-0.3516960849,
431445104,-0.3188246752,-0.3187492698,
431645124,-0.3559463114,-0.2797402776,
431845144,-0.3885483185,-0.2345283921,
432045164,-0.4152161021,-0.1895303319,
432245183,-0.4322912637,-0.138460116,
432445203,-0.4470346797,-0.08633831566,
432645223,-0.4547891835,-0.03357619757,
432845243,-0.4576166597,0.01982467424,
433045262,-0.4509281818,0.07088316346,
433245282,-0.4376010361,0.1230358892,
433445302,-0.4173425628,0.1748498477,
433645322,-0.3931944253,0.2217156459,
433845341,-0.3621331574,0.2671052187,
434045361,-0.3283946131,0.3067818912,
434245381,-0.2897797712,0.3441302701,
434445401,-0.2418981478,0.3750031698,
434645420,-0.1952730916,0.3985572554,
434845440,-0.146643385,0.4202334302,
435045460,-0.09073628901,0.4302661094,
435245480,-0.03668984182,0.4387043857,
435445499,0.01971491186,0.4371417433,
435645519,0.07104327835,0.4283026314,
435845539,0.1287199615,0.4149505638,
436045559,0.1770368319,0.3917869574,
436245578,0.227290197,0.3651740602,
436445598,0.2713324811,0.3322891218,
436645618,0.3113183332,0.2960876399,
436845638,0.3456592414,0.2526281846,
437045657,0.3764312114,0.202001503,
437245677,0.3970834248,0.1511568054,
437445697,0.4117659516,0.09882566648,
437645717,0.4217848797,0.04515148368,
437845736,0.4231822963,-0.01428549888,
438045756,0.4202627143,-0.06960631436,
438245776,0.4084702643,-0.1246998148,
438445796,0.3873522286,-0.1744422545,
438645815,0.3642929685,-0.2243471297,
438845835,0.3301658459,-0.2693798236,
439045855,0.2958054985,-0.3148318006,
439245875,0.249637221,-0.3487310465,
439445894,0.2067112258,-0.3799872599,
439645914,0.1550482031,-0.4069059692,
439845934,0.09996016159,-0.4222677249,
440045954,0.04891322288,-0.4321597935,
440245973,-0.007810521288,-0.4365143102,
440445993,-0.06352180511,-0.4329363982,
440646013,-0.1194440428,-0.4219660272,
440846033,-0.1716788609,-0.4047572925,
441046052,-0.2205561205,-0.3799568707,
441246072,-0.2682493659,-0.3490292663,
441446092,-0.3091622235,-0.3142622786,
441646112,-0.3463897238,-0.2701733462,
441846131,-0.3764205222,-0.2256216345,
442046151,-0.4009347576,-0.1756410593,
442246171,-0.4217598179,-0.1239046258,
442446191,-0.4319090076,-0.06617033689,
442646210,-0.4372550724,-0.01052960757,
442846230,-0.4341560206,0.04460536329,
443046250,-0.422943407,0.09841378357,
443246270,-0.4056421849,0.151699097,
443446289,-0.3825024777,0.2011350979,
443646309,-0.3503157257,0.2506024221,
443846329,-0.3139513108,0.2930159666,
444046349,-0.2729248805,0.3279888509,
444246368,-0.2290905644,0.3630403219,
444446388,-0.1789054451,0.3868652286,
444646408,-0.1262399934,0.4075701935,
444846428,-0.07082514753,0.4156305309,
445046447,-0.0157139925,0.4236349102,
445246467,0.04189682544,0.4200651296,
445446487,0.09686974269,0.4105617177,
445646507,0.1509203952,0.3932743511,
445846526,0.2020542578,0.3735989759,
446046546,0.2484011391,0.343016704,
446246566,0.2947213161,0.306816865,
446446586,0.3309574853,0.2689753617,
446646605,0.364754917,0.2244174424,
446846625,0.3935945685,0.1760747878,
447046645,0.4140859884,0.123718832,
447246665,0.4262672953,0.0711762158,
447446684,0.4352393278,0.01472672419,
447646704,0.4351103563,-0.04016825213,
447846724,0.431758519,-0.09300763308,
448046744,0.4190414293,-0.1453252356,
448246763,0.4007879892,-0.1992556828,
448446783,0.374857802,-0.2453384199,
448646803,0.3468631955,-0.2920836771,
448846823,0.3112730492,-0.3333102025,
449046842,0.2690732655,-0.3690679233,
449246862,0.2271369756,-0.4027400968,
449446882,0.1795897643,-0.4283747588,
449646902,0.133654269,-0.4476752466,
449846921,0.08054300841,-0.4593993853,
450046941,0.02549215008,-0.467784328,
450246961,-0.02233682982,-0.4720046377,
450446981,-0.07782036284,-0.4673855756,
450647000,-0.1296021625,-0.4571233419,
450847020,-0.1816802646,-0.4406273048,
451047040,-0.2309442325,-0.4177702114,
451247060,-0.274911802,-0.3877585795,
451447079,-0.3152841859,-0.3562058154,
451647099,-0.3511009454,-0.3200294457,
451847119,-0.3837118303,-0.2769013921,
452047139,-0.4144164828,-0.2343342723,
452247158,-0.4347350103,-0.1867496292,
452447178,-0.4497890226,-0.1360836892,
452647198,-0.4627142306,-0.08362666788,
452847218,-0.4680010212,-0.0269860962,
453047237,-0.4642303113,0.02687215857,
453247257,-0.454261774,0.07920842287,
453447277,-0.4394207836,0.1296620642,
453647297,-0.4168666093,0.1800115422,
453847317,-0.3880768069,0.2269327176,
454047336,-0.3543227339,0.2664683524,
454247356,-0.3124568077,0.3070075198,
454447376,-0.271812012,0.341872082,
454647396,-0.2244672703,0.3658906218,
454847415,-0.1750573306,0.3890914333,
455047435,-0.1176814663,0.4031225401,
455247455,-0.06531205026,0.4130369629,
455447475,-0.01008907702,0.4126388663,
455647494,0.04461136685,0.4053511088,
455847514,0.09851175983,0.3921685555,
456047534,0.1510699208,0.3708459915,
456247554,0.1992267401,0.3434663657,
456447573,0.2435920275,0.3078975959,
456647593,0.2839205947,0.2672107998,
456847613,0.317783053,0.2256834774,
457047633,0.3464352318,0.1736572015,
457247652,0.3663730487,0.123742059,
457447672,0.3781896361,0.06956617194,
457647692,0.3839790927,0.01413773516,
457847712,0.3849218019,-0.04262846897,
458047731,0.3734501137,-0.09852104077,
458247751,0.3595583084,-0.1492814925,
458447771,0.3358307806,-0.1995308916,
458647791,0.3028360065,-0.2476739675,
458847810,0.2709532329,-0.2901539007,
459047830,0.2305464884,-0.3261298781,
459247850,0.182544077,-0.3585026544,
459447870,0.1347955007,-0.3819242566,
459647889,0.08234854536,-0.3979392178,
459847909,0.02835815933,-0.4126744693,
460047929,-0.02205424567,-0.4152297588,
460247949,-0.07692428868,-0.4118457701,
460447968,-0.1313353568,-0.4003270236,
460647988,-0.1807123655,-0.3837647291,
460848008,-0.2321769471,-0.3604351618,
461048028,-0.2756419048,-0.3305617742,
461248047,-0.3153234136,-0.2962641133,
461448067,-0.3515179945,-0.2588869894,
461648087,-0.3831745448,-0.2141255836,
461848107,-0.4081498387,-0.1671034711,
462048126,-0.4263350305,-0.1172915747,
462248146,-0.4391149533,-0.06257131457,
462448166,-0.4451079606,-0.0119771888,
462648186,-0.4411286756,0.04278915115,
462848205,-0.4366673106,0.09702586256,
463048225,-0.4190257188,0.1469309512,
463248245,-0.3984786411,0.1967573287,
463448265,-0.3751780516,0.2417949904,
463648284,-0.3389135539,0.2842419657,
463848304,-0.304499066,0.3213626574,
464048324,-0.2637680386,0.3571470274,
464248344,-0.2163635031,0.3829714289,
464448363,-0.1690400776,0.4070436414,
464648383,-0.1168849875,0.4228120422,
464848403,-0.06234224531,0.4337012162,
465048423,-0.01030374745,0.4335329101,
465248442,0.04285654476,0.4328267429,
465448462,0.09394390561,0.4217730704,
465648482,0.1468185171,0.4056019004,
465848502,0.1964134195,0.381272732,
466048521,0.2425276399,0.3524960263,
466248541,0.2819608554,0.3183306097,
466448561,0.3206440721,0.2796087578,
466648581,0.3523949319,0.2359318118,
466848600,0.3785583241,0.1901566774,
467048620,0.3992637286,0.1403755562,
467248640,0.4098246805,0.0860352274,
467448660,0.4201030783,0.03274112031,
467648679,0.421765898,-0.02196315814,
467848699,0.4127353582,-0.07325992762,
468048719,0.4021747919,-0.1266714443,
468248739,0.3816945853,-0.1776992202,
468448758,0.3554871149,-0.2228778665,
468648778,0.3246704748,-0.267229401,
468848798,0.2884920137,-0.308420708,
469048818,0.2489944233,-0.3436106322,
469248837,0.2039637881,-0.3734541138,
469448857,0.1552713434,-0.3958360134,
469648877,0.1041096651,-0.4142025061,
469848897,0.05176543112,-0.4249167018,
470048916,-0.002167378581,-0.4293189431,
470248936,-0.05428857276,-0.4260327585,
470448956,-0.1106538542,-0.4179236679,
470648976,-0.158557288,-0.4030190153,
470848995,-0.2072605027,-0.3785053191,
471049015,-0.2526544423,-0.3526277731,
471249035,-0.2946477275,-0.3176503979,
471449055,-0.3316830642,-0.2814329489,
471649074,-0.3655748266,-0.2366481572,
471849094,-0.3911524779,-0.1909942303,
472049114,-0.412474481,-0.1398450268,
472249134,-0.4281398133,-0.0889024345,
472449153,-0.4344833168,-0.03553582515,
472649173,-0.4355920259,0.01919033132,
472849193,-0.4305016168,0.07217526154,
473049213,-0.4170448047,0.1241555952,
473249232,-0.3998968769,0.1730246166,
473449252,-0.3747356231,0.2186122208,
473649272,-0.3408461485,0.2625094636,
473849292,-0.3044725203,0.303003352,
474049311,-0.264375145,0.3364654842,
474249331,-0.2192111331,0.3665132545,
474449351,-0.1714620164,0.3925014339,
474649371,-0.1224489484,0.4078042917,
474849390,-0.06945291611,0.4176927157,
475049410,-0.01694785333,0.4227511135,
475249430,0.03615615683,0.4207229374,
475449450,0.08891713805,0.4114955181,
475649469,0.1440104915,0.3970218172,
475849489,0.1901211702,0.3728188504,
476049509,0.2358603925,0.3463110793,
476249529,0.2797853205,0.3125447922,
476449548,0.316043448,0.2725537069,
476649568,0.3466225707,0.2311705838,
476849588,0.3753629401,0.1842626097,
477049608,0.3950464617,0.1353180338,
477249627,0.4106384527,0.08403975939,
477449647,0.4153721922,0.02984920534,
477649667,0.4174914183,-0.023119776,
477849687,0.4120175868,-0.07800537079,
478049706,0.3992411793,-0.1299687798,
478249726,0.3816240284,-0.1779681984,
478449746,0.3539570865,-0.2263656326,
478649766,0.324661717,-0.2677182401,
478849785,0.2910902237,-0.309242142,
479049805,0.2474751507,-0.3447658464,
479249825,0.2050520884,-0.3751511258,
479449845,0.1579237027,-0.3977240386,
479649864,0.1078814964,-0.4149818822,
479849884,0.05604555934,-0.4244675603,
480049904,0.001049159284,-0.4304390058,
480249924,-0.04829537862,-0.4306712946,
480449944,-0.1017242898,-0.4194469526,
480649963,-0.1528425188,-0.4058260609,
480849983,-0.200627047,-0.3849011477,
481050003,-0.2494353224,-0.3583374287,
481250023,-0.2894292032,-0.3268587961,
481450042,-0.328089101,-0.288488367,
481650062,-0.3585027892,-0.2493830585,
481850082,-0.3881896688,-0.2030869736,
482050102,-0.4091277177,-0.1534512693,
482250121,-0.4252668333,-0.1035516265,
482450141,-0.435374596,-0.05249539771,
482650161,-0.4351750134,0.0004558244866,
482850181,-0.4312005625,0.05154791365,
483050200,-0.4227014018,0.1067224438,
483250220,-0.40687141,0.1556705133,
483450240,-0.3836230767,0.2038599703,
483650260,-0.3539388231,0.246464833,
483850279,-0.3210551718,0.2869462596,
484050299,-0.2830521083,0.3230462724,
484250319,-0.2399220036,0.3565385139,
484450339,-0.1915586476,0.3818713426,
484650358,-0.140608962,0.4011372416,
484850378,-0.09322275672,0.412368754,
485050398,-0.03862262168,0.422215599,
485250418,0.01357717737,0.4179401843,
485450437,0.06882864105,0.4125874759,
485650457,0.1206531913,0.4011993852,
485850477,0.1666153684,0.3787460441,
486050497,0.2130084588,0.3547834779,
486250516,0.2559604672,0.3231519625,
486450536,0.296656971,0.2890344001,
486650556,0.3281814541,0.2455817869,
486850576,0.3590773842,0.2026590282,
487050595,0.3809601022,0.1543590006,
487250615,0.3970739492,0.1027461135,
487450635,0.4044436336,0.05231719412,
487650655,0.4075140966,0.0001038560307,
487850674,0.4044349613,-0.05614363454,
488050694,0.3957055104,-0.1048978587,
488250714,0.3801354497,-0.1563515729,
488450734,0.3580619238,-0.2039844092,
488650753,0.3262269932,-0.2484939877,
488850773,0.293312972,-0.2869340639,
489050793,0.2535271277,-0.3248618392,
489250813,0.2127770548,-0.3562690035,
489450832,0.1654322381,-0.3803357541,
489650852,0.1153363209,-0.3989777117,
489850872,0.0621947252,-0.4114431807,
490050892,0.01128752711,-0.4174317208,
490250911,-0.04189410458,-0.4169226409,
490450931,-0.09321899371,-0.4077607353,
490650951,-0.1447671392,-0.3934123027,
490850971,-0.1921601334,-0.3772770654,
491050990,-0.2392780736,-0.3482837604,
491251010,-0.2818366127,-0.3170137011,
491451030,-0.3174403255,-0.2815067819,
491651050,-0.3525642626,-0.2373572184,
491851069,-0.3795091139,-0.1938068597,
492051089,-0.4009752489,-0.1464072317,
492251109,-0.417850713,-0.09532491798,
492451129,-0.4277134714,-0.0451824908,
492651148,-0.4270080529,0.00941593581,
492851168,-0.4240854558,0.06004839785,
493051188,-0.4129541126,0.1115337514,
493251208,-0.3988070838,0.1624995361,
493451227,-0.3768202604,0.2094116537,
493651247,-0.3471378857,0.255351374,
493851267,-0.3147938885,0.2925529285,
494051287,-0.2723848437,0.3302684595,
494251306,-0.2335133088,0.3590374384,
494451326,-0.1869286732,0.3852444797,
494651346,-0.1385113291,0.4046825445,
494851366,-0.08736482007,0.419681204,
495051385,-0.03354468479,0.4255726734,
495251405,0.01462914411,0.4266157769,
495451425,0.06821037859,0.4184332826,
495651445,0.1213181635,0.4074618278,
495851464,0.165684884,0.3896804308,
496051484,0.2125629546,0.3647679984,
496251504,0.2575623391,0.3379835802,
496451524,0.2963734946,0.3023718267,
496651543,0.3299963366,0.2599868395,
496851563,0.3581790113,0.2171845392,
497051583,0.3814625854,0.1718816906,
497251603,0.4009150009,0.1261239971,
497451622,0.4137381881,0.07251191223,
497651642,0.4147822789,0.02037854266,
497851662,0.4163902899,-0.02914423379,
498051682,0.408877503,-0.08250131733,
498251701,0.3934688183,-0.1328244603,
498451721,0.3711354275,-0.1782018247,
498651741,0.3463011044,-0.2266876052,
498851761,0.3144214761,-0.2644323776,
499051780,0.2793487736,-0.302994394,
499251800,0.2384636323,-0.3353756277,
499451820,0.1911248798,-0.3634645312,
499651840,0.1456645076,-0.3818214388,
499851859,0.09289174754,-0.3952206245,
500051879,0.04241050144,-0.4021693138,
500251899,-0.01147544615,-0.4072185582,
500451919,-0.06310554474,-0.3973521022,
500651938,-0.1148087932,-0.3853285256,
500851958,-0.1623480936,-0.3656892395,
501051978,-0.2093866242,-0.3402907948,
501251998,-0.2523363582,-0.3110813758,
501452017,-0.289774781,-0.2756100183,
501652037,-0.3241131494,-0.2318630838,
501852057,-0.3527238994,-0.1872105186,
502052077,-0.3723154888,-0.1378054543,
502252096,-0.3881056164,-0.0886580641,
502452116,-0.396171549,-0.03616421324,
502652136,-0.3941455855,0.01610658381,
502852156,-0.3895286325,0.0670623089,
503052175,-0.3762271633,0.118240929,
503252195,-0.3589660986,0.1667097973,
503452215,-0.3314799255,0.2159885915,
503652235,-0.3008178732,0.2586900382,
503852254,-0.2649809234,0.293317856,
504052274,-0.2263903504,0.3294133669,
504252294,-0.1812647286,0.3529673652,
504452314,-0.1337115733,0.378664628,
504652333,-0.08392587947,0.3938785407,
504852353,-0.03526442145,0.4000994268,
505052373,0.01870611328,0.4049098805,
505252393,0.06787307382,0.3995572369,
505452412,0.1184726382,0.3878173849,
505652432,0.1675075229,0.3741219613,
505852452,0.2163985765,0.3504973672,
506052472,0.2570976321,0.3209651863,
506252491,0.2973330864,0.2898455303,
506452511,0.3294548155,0.2533473233,
506652531,0.360834453,0.2110877289,
506852551,0.3844555352,0.1675368403,
507052571,0.4045267216,0.1213187151,
507252590,0.4182165157,0.0732279351,
507452610,0.423731733,0.02339109309,
507652630,0.42488484,-0.02770327531,
507852650,0.4195953614,-0.0776571604,
508052669,0.4102072875,-0.1262520309,
508252689,0.3934801756,-0.1763735897,
508452709,0.3699612693,-0.2190717059,
508652729,0.3428173115,-0.262559286,
508852748,0.3121242236,-0.3021954618,
509052768,0.2743209551,-0.3351958477,
509252788,0.2356540128,-0.3660144363,
509452808,0.1933099342,-0.3911343863,
509652827,0.1467286552,-0.4105741613,
509852847,0.09404364753,-0.4210915986,
510052867,0.04819984193,-0.4313719648,
510252887,-0.00583938395,-0.4307057116,
510452906,-0.05475180173,-0.4264717406,
510652926,-0.1053539964,-0.4183329861,
510852946,-0.1527281871,-0.4016722831,
511052966,-0.1988006604,-0.3780206762,
511252985,-0.2409081334,-0.3494193445,
511453005,-0.2819112145,-0.3175906295,
511653025,-0.3152251811,-0.2766910649,
511853045,-0.3466085206,-0.2354093093,
512053064,-0.3680216182,-0.1918454917,
512253084,-0.3897912815,-0.1404847802,
512453104,-0.4000536518,-0.09335490268,
512653124,-0.4078407145,-0.03905476243,
512853143,-0.4063259567,0.01104091563,
513053163,-0.3985456787,0.0643126784,
513253183,-0.381413169,0.1164437885,
513453203,-0.362866739,0.1645940941,
513653222,-0.3367363407,0.2080006793,
513853242,-0.3032037115,0.2493943222,
514053262,-0.2650265975,0.286478357,
514253282,-0.2221222147,0.3183896702,
514453301,-0.177053762,0.3436710461,
514653321,-0.1265419333,0.3641481646,
514853341,-0.07661109993,0.3772271685,
515053361,-0.02518123906,0.3818560745,
515253380,0.02766887381,0.3809793292,
515453400,0.08072224978,0.3717261469,
515653420,0.1301887128,0.3573793549,
515853440,0.1789732177,0.3349271431,
516053459,0.2209588778,0.3103197986,
516253479,0.2649387047,0.2758572168,
516453499,0.2980723079,0.2392486003,
516653519,0.3283349989,0.1975183864,
516853538,0.3521962014,0.1519899892,
517053558,0.3713520768,0.1044232974,
517253578,0.3832986837,0.05383517017,
517453598,0.3916114756,0.002159426935,
517653617,0.3889048042,-0.04744749856,
517853637,0.3792083749,-0.101110843,
518053657,0.3680586051,-0.1485993284,
518253677,0.3469972788,-0.1953218442,
518453696,0.3176576499,-0.2402315336,
518653716,0.286222012,-0.2809685726,
518853736,0.2519701194,-0.3152530034,
519053756,0.211427433,-0.3454453929,
519253775,0.1681823917,-0.3718040196,
519453795,0.1183325885,-0.3906903539,
519653815,0.06900752957,-0.4041767936,
519853835,0.01934597218,-0.4082259354,
520053854,-0.03138730056,-0.4100317821,
520253874,-0.081205907,-0.4032560669,
520453894,-0.1318531015,-0.3940362889,
520653914,-0.1791596681,-0.3737706684,
520853933,-0.2239764808,-0.3502216523,
521053953,-0.2645408877,-0.3231932021,
521253973,-0.3030130617,-0.2894101902,
521453993,-0.3346581693,-0.2484055197,
521654012,-0.3637308624,-0.2039709217,
521854032,-0.3883308197,-0.1586150703,
522054052,-0.4023724828,-0.1104471525,
522254072,-0.4139404986,-0.0596061897,
522454091,-0.4210900313,-0.009566857106,
522654111,-0.4176854466,0.03972542524,
522854131,-0.4111962369,0.09136937646,
523054151,-0.3933718153,0.1410009082,
523254170,-0.3758480592,0.1890881494,
523454190,-0.3497882502,0.2315029122,
523654210,-0.3188274356,0.2745413557,
523854230,-0.2823738443,0.3098475006,
524054249,-0.2434533596,0.3435420677,
524254269,-0.2003985134,0.3719719689,
524454289,-0.1532547049,0.3927551192,
524654309,-0.1063527418,0.4098875346,
524854328,-0.05746260953,0.4192257384,
525054348,-0.006598047099,0.4245311744,
525254368,0.04310476132,0.4227896539,
525454388,0.09317786364,0.4112915939,
525654407,0.1409648683,0.3979530614,
525854427,0.187951319,0.3796700723,
526054447,0.2322612229,0.3535234241,
526254467,0.2711463196,0.3251379923,
526454486,0.3093559615,0.2894597921,
526654506,0.3413469721,0.2523527318,
526854526,0.3691126241,0.2143593619,
527054546,0.3902077911,0.1659874681,
527254565,0.409135613,0.1191532109,
527454585,0.4196853183,0.07069463555,
527654605,0.4223926688,0.0247934139,
527854625,0.4233721352,-0.02821848125,
528054644,0.4177058539,-0.07447578234,
528254664,0.4050874917,-0.1223119849,
528454684,0.3850709186,-0.1689854964,
528654704,0.3587498591,-0.2127052624,
528854723,0.3300442813,-0.252465008,
529054743,0.2969379948,-0.2875186102,
529254763,0.258708222,-0.3191775676,
529454783,0.2173779764,-0.3448799651,
529654802,0.1706994642,-0.3658782299,
529854822,0.1241352089,-0.3828971486,
530054842,0.07370103551,-0.3906273022,
530254862,0.02450011302,-0.3913941315,
530454881,-0.0235917085,-0.3876177163,
530654901,-0.07641293538,-0.3794176285,
530854921,-0.121019329,-0.3592934051,
531054941,-0.1666142387,-0.3395742663,
531254960,-0.209334583,-0.3080732959,
531454980,-0.2464579332,-0.2748434968,
531655000,-0.2804436688,-0.2333066068,
531855020,-0.3038485516,-0.1872931804,
532055039,-0.3257195046,-0.1421892783,
532255059,-0.3406328833,-0.09163487388,
532455079,-0.3446778408,-0.03862302628,
532655099,-0.3458443117,0.01497923104,
532855118,-0.3370613256,0.06481323206,
533055138,-0.3205507741,0.1158334252,
533255158,-0.3003201508,0.1650804743,
533455178,-0.2721996528,0.2066910496,
533655198,-0.2378837632,0.2474650286,
533855217,-0.1961964042,0.2814673898,
534055237,-0.1522461294,0.3107526536,
534255257,-0.1046396456,0.3341192566,
534455277,-0.05714338052,0.3483158244,
534655296,-0.003450823873,0.3583345513,
534855316,0.04708457187,0.3627405967,
535055336,0.09827775827,0.3578926263,
535255356,0.1471028872,0.3453341882,
535455375,0.1971297343,0.325830775,
535655395,0.2428015942,0.3051350996,
535855415,0.2855357657,0.2753809682,
536055435,0.3216783711,0.2418829038,
536255454,0.3551551873,0.2071367901,
536455474,0.3818935965,0.1633429003,
536655494,0.4033993875,0.1218153335,
536855514,0.4247931253,0.07339792458,
537055533,0.4329698388,0.02663213158,
537255553,0.441962833,-0.01997277514,
537455573,0.4433588089,-0.06852520008,
537655593,0.4365573162,-0.1188610042,
537855612,0.426849889,-0.1622468634,
538055632,0.4132630686,-0.2077156033,
538255652,0.3938171774,-0.2505186099,
538455672,0.368494231,-0.291400507,
538655691,0.3407947438,-0.3301431651,
538855711,0.3098929404,-0.3638146204,
539055731,0.2732395947,-0.3964626323,
539255751,0.2332243387,-0.4213854615,
539455770,0.1927540146,-0.4441197072,
539655790,0.1531815789,-0.4597731164,
539855810,0.1041116366,-0.4729139277,
540055830,0.06085597678,-0.4805783513,
540255849,0.01473219307,-0.48321019,
540455869,-0.03175940272,-0.4818284269,
540655889,-0.07701504612,-0.4793369198,
540855909,-0.1223853442,-0.4672105977,
541055928,-0.1650117955,-0.4482150598,
541255948,-0.2085837434,-0.4297367743,
541455968,-0.2467204332,-0.4026788326,
541655988,-0.2847626456,-0.3747832456,
541856007,-0.3193458775,-0.3387862352,
542056027,-0.3441716041,-0.3018529644,
542256047,-0.3702140926,-0.2623411396,
542456067,-0.3915066372,-0.2156721562,
542656086,-0.4059131041,-0.1717371051,
542856106,-0.4142130076,-0.1252027725,
543056126,-0.418900107,-0.07276056046,
543256146,-0.4180575254,-0.02706620293,
543456165,-0.410201838,0.0223759976,
543656185,-0.3935341057,0.07179564711,
543856205,-0.3730802606,0.1160518411,
544056225,-0.3485720696,0.1602204525,
544256244,-0.3167481184,0.199182811,
544456264,-0.2793421431,0.2327759493,
544656284,-0.2360411583,0.2632223685,
544856304,-0.1920519815,0.2886245569,
545056323,-0.1452360396,0.3033944314,
545256343,-0.09449421408,0.3139179139,
545456363,-0.04200763511,0.31849536,
545656383,0.009873489393,0.3165300705,
545856402,0.06067957419,0.3059213794,
546056422,0.1086088444,0.2858064269,
546256442,0.1526366164,0.262586964,
546456462,0.1950689371,0.2310990362,
546656481,0.2317828328,0.1941382316,
546856501,0.2620923419,0.1535259939,
547056521,0.2869854186,0.1073400024,
547256541,0.3032046236,0.05862734741,
547456560,0.3133988254,0.008632710104,
547656580,0.3142660716,-0.04196131143,
547856600,0.3109105986,-0.09038621874,
548056620,0.2990275995,-0.1402709471,
548256639,0.2803653155,-0.1869943271,
548456659,0.2561323521,-0.2296488783,
548656679,0.2251678535,-0.2705619748,
548856699,0.1917944773,-0.3025727609,
549056718,0.1539357331,-0.3330888544,
549256738,0.1081412581,-0.3587282117,
549456758,0.06359015646,-0.3747222071,
549656778,0.01653058161,-0.3861637272,
549856797,-0.03184793111,-0.3911180406,
550056817,-0.07977827567,-0.3892427562,
550256837,-0.1276035717,-0.3795177919,
550456857,-0.1728580463,-0.3683072913,
550656876,-0.2187174963,-0.3473243842,
550856896,-0.258911421,-0.3221073067,
551056916,-0.2968694587,-0.2928121312,
551256936,-0.3302156073,-0.2584343859,
551456955,-0.3568536443,-0.2182161478,
551656975,-0.3816318656,-0.1806585818,
551856995,-0.4009528579,-0.1360519209,
552057015,-0.4147774806,-0.08639917294,
552257034,-0.4210744846,-0.04197409333,
552457054,-0.419398513,0.008680493039,
552657074,-0.4143701637,0.05759420787,
552857094,-0.4051433658,0.1053298495,
553057113,-0.3900470098,0.1489884357,
553257133,-0.3670412909,0.1907028401,
553457153,-0.3402564793,0.234333749,
553657173,-0.3052392912,0.2683511722,
553857192,-0.270906917,0.3029472179,
554057212,-0.2310942256,0.3301920547,
554257232,-0.1868188316,0.35244779,
554457252,-0.1399478364,0.3702894395,
554657271,-0.09291605945,0.3812157133,
554857291,-0.04521807235,0.3860769484,
555057311,0.004553195072,0.387439796,
555257331,0.05363869169,0.3795322581,
555457350,0.1020508227,0.3673394687,
555657370,0.1464730962,0.3474750146,
555857390,0.1893464788,0.3270391895,
556057410,0.2301229354,0.2964768923,
556257429,0.2659088338,0.261649471,
556457449,0.2963314549,0.2253323332,
556657469,0.3234210861,0.1826520108,
556857489,0.3412051871,0.1392327908,
557057508,0.3583685111,0.09101604902,
557257528,0.3682883324,0.04441064378,
557457548,0.3689614082,-0.002652613805,
557657568,0.366467475,-0.05203759488,
557857587,0.3574462752,-0.1000146975,
558057607,0.3429200567,-0.1459172013,
558257627,0.3220610933,-0.1898894811,
558457647,0.2986844274,-0.2306177998,
558657666,0.266474183,-0.2669109517,
558857686,0.2309949509,-0.3000515985,
559057706,0.1926927885,-0.3272253551,
559257726,0.1515278282,-0.3510161387,
559457745,0.1078180398,-0.3693329827,
559657765,0.06094997219,-0.3819617535,
559857785,0.0132452846,-0.3858797226,
560057805,-0.03204339921,-0.3884589932,
560257825,-0.07963415145,-0.3821511693,
560457844,-0.1288330304,-0.3674967562,
560657864,-0.1709605002,-0.3501692207,
560857884,-0.2141415451,-0.3260777978,
561057904,-0.2519224716,-0.2980966896,
561257923,-0.2895734413,-0.2653842268,
561457943,-0.3189488729,-0.2287920635,
561657963,-0.3416356303,-0.1868143747,
561857983,-0.3611083338,-0.1435916031,
562058002,-0.3781058871,-0.09678925402,
562258022,-0.3856963777,-0.04849189731,
562458042,-0.3838287903,-0.001109570683,
562658062,-0.382814311,0.0485079471,
562858081,-0.3693416821,0.09682355043,
563058101,-0.3535858132,0.1429468848,
563258121,-0.3292590866,0.1841537757,
563458141,-0.2999138449,0.2254681874,
563658160,-0.265533109,0.2626118292,
563858180,-0.2288460632,0.2939755044,
564058200,-0.1851091328,0.3197379308,
564258220,-0.1428870513,0.3374909617,
564458239,-0.094079525,0.3528956714,
564658259,-0.04623229164,0.3597666463,
564858279,0.006055503368,0.3619475996,
565058299,0.05218736314,0.3586436405,
565258318,0.1017217317,0.3450030865,
565458338,0.1483901778,0.3299442113,
565658358,0.1918158129,0.306608286,
565858378,0.2300327258,0.2765778877,
566058397,0.2676803447,0.243385763,
566258417,0.2982367534,0.2063057167,
566458437,0.322573357,0.1662806658,
566658457,0.34483727,0.1236844729,
566858476,0.3612401163,0.0746362406,
567058496,0.3672709456,0.02879922205,
567258516,0.3713336515,-0.01818623704,
567458536,0.3689770852,-0.0678973352,
567658555,0.361818979,-0.1133884377,
567858575,0.3465567139,-0.1564479131,
568058595,0.3254492853,-0.2018257416,
568258615,0.3029106928,-0.2420495967,
568458634,0.2726842067,-0.2785335519,
568658654,0.2388410775,-0.309563596,
568858674,0.1995075504,-0.3387216184,
569058694,0.1616193427,-0.3638377472,
569258713,0.1177024646,-0.3819130916,
569458733,0.07188203935,-0.3930086495,
569658753,0.03059638371,-0.4000475017,
569858773,-0.01635352617,-0.4002769501,
570058792,-0.06563156343,-0.3987595454,
570258812,-0.1087244393,-0.3881129865,
570458832,-0.1532166693,-0.3740598952,
570658852,-0.1951953851,-0.3501422677,
570858871,-0.2324280847,-0.3273670739,
571058891,-0.2685558475,-0.2954030295,
571258911,-0.3011938919,-0.260749049,
571458931,-0.3264574809,-0.2236284611,
571658950,-0.3468079298,-0.181128603,
571858970,-0.3602800691,-0.1366531808,
572058990,-0.3696972299,-0.08965017919,
572259010,-0.3744960006,-0.04195109017,
572459029,-0.3703924371,0.004725698167,
572659049,-0.360236116,0.05251557891,
572859069,-0.3432604718,0.0954894385,
573059089,-0.3222628463,0.1380370167,
573259108,-0.2938292459,0.1784730398,
573459128,-0.2580651896,0.21231118,
573659148,-0.2217949619,0.2414270405,
573859168,-0.1779079788,0.2627138136,
574059187,-0.1340213337,0.2806755822,
574259207,-0.08512188365,0.2912324902,
574459227,-0.03622086781,0.2924277028,
574659247,0.01227971393,0.2882159992,
574859266,0.05875884727,0.2782677196,
575059286,0.1044472241,0.2598449567,
575259306,0.1458734179,0.2328181038,
575459326,0.1829360389,0.2021757399,
575659345,0.2147935398,0.166631415,
575859365,0.239351264,0.1266870378,
576059385,0.2604932726,0.08324282422,
576259405,0.2737330978,0.03864326899,
576459424,0.2813172839,-0.007601307468,
576659444,0.2804457797,-0.05464790268,
576859464,0.2758598611,-0.1019279643,
577059484,0.2623603938,-0.1466185782,
577259503,0.2431497512,-0.1874430271,
577459523,0.2173870072,-0.2271345173,
577659543,0.1915953285,-0.2627614822,
577859563,0.1568524734,-0.2954875299,
578059582,0.1197641956,-0.3218054564,
578259602,0.08144087013,-0.3423798334,
578459622,0.03776619155,-0.3580040994,
578659642,-0.005158925007,-0.3717823388,
578859661,-0.04993149059,-0.3777091616,
579059681,-0.09218379276,-0.3763466327,
579259701,-0.1390439792,-0.3700604123,
579459721,-0.1819018714,-0.3625331985,
579659740,-0.2238412659,-0.3456153956,
579859760,-0.2620697735,-0.3275560137,
580059780,-0.2994597327,-0.3032130572,
580259800,-0.3351559945,-0.276995131,
580459819,-0.3635407998,-0.2447598918,
580659839,-0.391185273,-0.2096696405,
580859859,-0.417522459,-0.1701691349,
581059879,-0.4365743197,-0.1329323029,
581259898,-0.4515668227,-0.08930972626,
581459918,-0.4623399458,-0.0477595341,
581659938,-0.4672497176,-0.002736250711,
581859958,-0.465523247,0.04185295885,
582059977,-0.4633069019,0.08647701178,
582259997,-0.4547023909,0.12994108,
582460017,-0.4417017575,0.1714391918,
582660037,-0.4260749882,0.2129756741,
582860056,-0.4032581141,0.2530114362,
583060076,-0.377848596,0.2890766564,
583260096,-0.3507210168,0.323526526,
583460116,-0.3194230868,0.3534341673,
583660135,-0.2823272376,0.3829766675,
583860155,-0.2425831647,0.4054723956,
584060175,-0.2026207896,0.422723358,
584260195,-0.1631588245,0.4403818156,
584460214,-0.118885907,0.4519079458,
584660234,-0.07155493429,0.4578412654,
584860254,-0.02812020404,0.4589769203,
585060274,0.01882935149,0.4581258468,
585260293,0.06291340791,0.4499358235,
585460313,0.1049894655,0.4361276267,
585660333,0.1485760461,0.4153783458,
585860353,0.1880473644,0.3952643347,
586060372,0.22734188,0.3702088586,
586260392,0.2629782319,0.3382874513,
586460412,0.2926636486,0.3020552738,
586660432,0.321509736,0.264185454,
586860452,0.3431831035,0.2231077386,
587060471,0.3633132835,0.1812016964,
587260491,0.3740145979,0.1364901084,
587460511,0.3818236639,0.08815818822,
587660531,0.3844102177,0.04056889485,
587860550,0.381219958,-0.006621241248,
588060570,0.3704022826,-0.0541441431,
588260590,0.357327181,-0.098496566,
588460610,0.3350950462,-0.1406786336,
588660629,0.3096704895,-0.1799310355,
588860649,0.2776717501,-0.2181315553,
589060669,0.2457408533,-0.2505027465,
589260689,0.2056006328,-0.2795007288,
589460708,0.160572941,-0.3014661506,
589660728,0.1167316656,-0.3192826377,
589860748,0.06869903176,-0.3309607611,
590060768,0.02223992912,-0.3351239632,
590260787,-0.02589552965,-0.3322295206,
590460807,-0.07602661139,-0.3266658779,
590660827,-0.121612577,-0.3121698469,
590860847,-0.1640488937,-0.2904107578,
591060866,-0.2057232178,-0.2639333589,
591260886,-0.2429066719,-0.233643897,
591460906,-0.2739596266,-0.1980560976,
591660926,-0.30300668,-0.1589963421,
591860945,-0.3246508033,-0.1153099939,
592060965,-0.3408357337,-0.07000813105,
592260985,-0.3494756609,-0.02127807926,
592461005,-0.3512810224,0.0242529715,
592661024,-0.3488329698,0.07262185216,
592861044,-0.3392944914,0.1183389877,
593061064,-0.326666673,0.1640076627,
593261084,-0.3059704981,0.2052337759,
593461103,-0.2793982734,0.2451023757,
593661123,-0.2485366439,0.2805006323,
593861143,-0.2123754539,0.3104634737,
594061163,-0.1725372188,0.3380603411,
594261182,-0.1311937308,0.356687249,
594461202,-0.08978366376,0.3736600532,
594661222,-0.04386981957,0.3839938871,
594861242,0.002288015806,0.3862708734,
595061261,0.05021378208,0.3848484152,
595261281,0.09581674122,0.3766414088,
595461301,0.1393110832,0.3621772197,
595661321,0.1807372965,0.3444574802,
595861340,0.2208061483,0.3205416665,
596061360,0.2568816217,0.2911606116,
596261380,0.2904670323,0.2588665433,
596461400,0.3156166709,0.220575034,
596661419,0.3404061299,0.1794836322,
596861439,0.3583591108,0.1366869587,
597061459,0.3686623078,0.0950015458,
597261479,0.3747461365,0.04879923071,
597461498,0.3757568039,0.001545620207,
597661518,0.3709943285,-0.0453225214,
597861538,0.3596817487,-0.09163466092,
598061558,0.3423212616,-0.1348799272,
598261577,0.3194098334,-0.1744033518,
598461597,0.2923977949,-0.2140847333,
598661617,0.2588359619,-0.2489191626,
598861637,0.2203183554,-0.2756874528,
599061656,0.1806334969,-0.3026327347,
599261676,0.1369585128,-0.3190029919,
599461696,0.09114399346,-0.3340190995,
599661716,0.04080049685,-0.3409110577,
599861735,-0.005065886443,-0.341101623,
600061755,-0.05367932335,-0.3340883092,
600261775,-0.09976021886,-0.3219775132,
600461795,-0.14620422,-0.302649983,
600661814,-0.1884929662,-0.2787721526,
600861834,-0.2259719039,-0.2491526743,
601061854,-0.2589884379,-0.2146954021,
601261874,-0.2892729051,-0.1740656499,
601461893,-0.313570612,-0.1323601442,
601661913,-0.3323843944,-0.08755213662,
601861933,-0.3430969147,-0.04206476961,
602061953,-0.3483375584,0.00624122264,
602261972,-0.3468370105,0.05593597523,
602461992,-0.3401130421,0.1033817081,
602662012,-0.3295910497,0.1494519107,
602862032,-0.3083159178,0.1947997541,
603062051,-0.2859991774,0.2368086154,
603262071,-0.2558315039,0.2735238466,
603462091,-0.2235532381,0.3089184111,
603662111,-0.1863878355,0.3393420459,
603862130,-0.1446294556,0.3620792329,
604062150,-0.1041692574,0.3803387667,
604262170,-0.05905889361,0.3958563507,
604462190,-0.01291072586,0.4042588416,
604662209,0.03303882886,0.4073698963,
604862229,0.07956679869,0.4056562485,
605062249,0.1248373153,0.398554606,
605262269,0.1680283083,0.3838419281,
605462288,0.2107962478,0.3689491077,
605662308,0.2503181688,0.3457831045,
605862328,0.2854441354,0.3194795088,
606062348,0.3190948012,0.2886263853,
606262367,0.3472573535,0.2571491552,
606462387,0.374179505,0.2180714546,
606662407,0.396995873,0.1798940203,
606862427,0.4113342246,0.1412734937,
607062446,0.4228925372,0.09533995342,
607262466,0.4293428737,0.05295629166,
607462486,0.4346215599,0.007615583596,
607662506,0.432471428,-0.03589119313,
607862525,0.4240519972,-0.07941713388,
608062545,0.4088873471,-0.1215950441,
608262565,0.3911975548,-0.161857302,
608462585,0.369334246,-0.2027157126,
608662604,0.3440782757,-0.2354590478,
608862624,0.3143476497,-0.2711769579,
609062644,0.279937601,-0.29758535,
609262664,0.2412433444,-0.3220900032,
609462683,0.2017795663,-0.3438501515,
609662703,0.1566366028,-0.3589347845,
609862723,0.1122815973,-0.3678995296,
610062743,0.06628874913,-0.3728320519,
610262762,0.02158959719,-0.3708026069,
610462782,-0.02646398404,-0.3647420775,
610662802,-0.07126795671,-0.3478891692,
610862822,-0.1151809841,-0.3307773467,
611062841,-0.1539253858,-0.3065760591,
611262861,-0.1921750733,-0.2757811116,
611462881,-0.2224740858,-0.2397721563,
611662901,-0.2507332946,-0.1981684751,
611862920,-0.2726785091,-0.1565152177,
612062940,-0.2888569632,-0.1101912952,
612262960,-0.2989805588,-0.06203411248,
612462980,-0.3024933555,-0.01415429604,
612662999,-0.2982198023,0.03466434855,
612863019,-0.2865135808,0.08353792394,
613063039,-0.269176162,0.1291982965,
613263059,-0.2454290629,0.1714857831,
613463079,-0.2166702505,0.2113055186,
613663098,-0.1822572099,0.2460005947,
613863118,-0.1437074419,0.2760947906,
614063138,-0.1009179118,0.2992666943,
614263158,-0.05807049705,0.319332339,
614463177,-0.009559448445,0.331332658,
614663197,0.03745229725,0.3350341599,
614863217,0.08613591637,0.3356232479,
615063237,0.1324339391,0.3307346058,
615263256,0.1756148504,0.3176407839,
615463276,0.221587329,0.3001483904,
615663296,0.2595318999,0.2771462677,
615863316,0.2962731485,0.2485345553,
616063335,0.328503783,0.2178428675,
616263355,0.35977588,0.1815855347,
616463375,0.3839684847,0.1435426498,
616663395,0.4026752741,0.1063452829,
616863414,0.4178934418,0.06263790456,
617063434,0.4276856027,0.02061569857,
617263454,0.4332074313,-0.0222502889,
617463474,0.4341576134,-0.06860891258,
617663493,0.4296133831,-0.1113952723,
617863513,0.4181153169,-0.1526794397,
618063533,0.403918045,-0.1927467469,
618263553,0.3868679034,-0.230629375,
618463572,0.3628933719,-0.2682370369,
618663592,0.340185786,-0.3032468229,
618863612,0.3079068164,-0.3317179621,
619063632,0.2756485343,-0.3599377657,
619263651,0.2410229756,-0.3833841193,
619463671,0.2029812741,-0.4044750378,
619663691,0.1623191083,-0.4188773388,
619863711,0.1211586236,-0.4293155625,
620063730,0.07863424328,-0.4369031093,
620263750,0.03443296397,-0.4392037745,
620463770,-0.009060378957,-0.4349492525,
620663790,-0.05075171581,-0.4245711082,
620863809,-0.09406148178,-0.412913796,
621063829,-0.1348138492,-0.3946513337,
621263849,-0.173371388,-0.3673967662,
621463869,-0.2070394753,-0.342249043,
621663888,-0.2389976681,-0.3097136082,
621863908,-0.2659924846,-0.2706328625,
622063928,-0.2875261399,-0.2312432053,
622263948,-0.3040226757,-0.1890181412,
622463967,-0.3157079328,-0.1427896489,
622663987,-0.3202620558,-0.09648970579,
622864007,-0.3183724996,-0.04998522337,
623064027,-0.3100517973,-0.001703317306,
623264046,-0.2969815905,0.04295390753,
623464066,-0.2755561197,0.08664964398,
623664086,-0.2471942759,0.1252965318,
623864106,-0.2146893498,0.1615567999,
624064125,-0.1774190051,0.1916496117,
624264145,-0.1357729225,0.215671237,
624464165,-0.08905216493,0.2347678397,
624664185,-0.04147662402,0.2451294549,
624864204,0.006305162107,0.2475875991,
625064224,0.05581963604,0.2450381245,
625264244,0.1014514891,0.2347428605,
625464264,0.1465197051,0.2188595413,
625664283,0.1888490626,0.1960949947,
625864303,0.2276947127,0.1650440254,
626064323,0.259354916,0.1315871924,
626264343,0.2878463508,0.09517373926,
626464362,0.3102921015,0.05336084282,
626664382,0.3280590282,0.00883467572,
626864402,0.3363974066,-0.03713891199,
627064422,0.339594812,-0.08272975437,
627264441,0.3390187622,-0.1282690896,
627464461,0.3316938881,-0.1727565695,
627664481,0.3186321526,-0.2147629292,
627864501,0.3008455596,-0.2567703089,
628064520,0.2777788771,-0.2940597799,
628264540,0.2516728561,-0.3277033856,
628464560,0.2206977571,-0.3597785873,
628664580,0.185499691,-0.3876543137,
628864599,0.1503254614,-0.4124661836,
629064619,0.1109561514,-0.4296057694,
629264639,0.07147916878,-0.4431695033,
629464659,0.03075397731,-0.4567192918,
629664678,-0.01071127779,-0.4620628869,
629864698,-0.05435587778,-0.4630559395,
630064718,-0.09473295941,-0.4585459612,
630264738,-0.1388095804,-0.4488707138,
630464757,-0.1777296673,-0.4377182636,
630664777,-0.2177649968,-0.4226208193,
630864797,-0.2543853954,-0.4020321068,
631064817,-0.289318746,-0.3793358107,
631264836,-0.3213988374,-0.3543116762,
631464856,-0.3506391585,-0.3212935563,
631664876,-0.3777717355,-0.2897759507,
631864896,-0.3991996306,-0.2546786403,
632064915,-0.4171375238,-0.2164365966,
632264935,-0.4340911695,-0.1778669377,
632464955,-0.4454645129,-0.1353468329,
632664975,-0.4528825057,-0.0946013689,
632864994,-0.4549454446,-0.05068913892,
633065014,-0.4517362379,-0.007914198619,
633265034,-0.4462667049,0.03393665451,
633465054,-0.4365737836,0.07671165786,
633665073,-0.4199811795,0.113896619,
633865093,-0.4014544288,0.1525382712,
634065113,-0.3759302209,0.190137926,
634265133,-0.3500693908,0.2226578074,
634465152,-0.3172634898,0.2544335424,
634665172,-0.2819767633,0.2807758492,
634865192,-0.244157227,0.3025891805,
635065212,-0.2042775295,0.3208925768,
635265231,-0.1601327075,0.3335205071,
635465251,-0.1170578365,0.341578969,
635665271,-0.07263332379,0.3444623346,
635865291,-0.02795182633,0.3403180703,
636065310,0.01615686245,0.328424818,
636265330,0.05780364354,0.3133290329,
636465350,0.09836979435,0.2922364168,
636665370,0.1350664341,0.2655754421,
636865389,0.1671580425,0.2353140217,
637065409,0.1951575867,0.1975930576,
637265429,0.2184756858,0.1581611327,
637465449,0.2339656917,0.1167392179,
637665468,0.2418462837,0.0717920423,
637865488,0.2453047854,0.02730127916,
638065508,0.241811741,-0.0179992999,
638265528,0.2302825679,-0.06288899038,
638465547,0.2128463329,-0.1033011343,
638665567,0.1868734053,-0.1414572012,
638865587,0.158297619,-0.1764359042,
639065607,0.1218799846,-0.2047273212,
639265626,0.0826742139,-0.226816921,
639465646,0.04107318839,-0.2426450128,
639665666,-0.002550631647,-0.2512611439,
639865686,-0.04859945269,-0.2523741134,
640065706,-0.09324616567,-0.2466451213,
640265725,-0.135871878,-0.2347549918,
640465745,-0.1769820162,-0.2156211895,
640665765,-0.2146870952,-0.1912571686,
640865785,-0.246719965,-0.1607131184,
641065804,-0.2769284623,-0.1245884859,
641265824,-0.2968581589,-0.08614615972,
641465844,-0.3140392811,-0.04547791317,
641665864,-0.3255615357,0.0001804065449,
641865883,-0.3287679873,0.04306859085,
642065903,-0.3269203812,0.08929262427,
642265923,-0.3195875266,0.1334621613,
642465943,-0.3045433097,0.1759033759,
642665962,-0.2848462083,0.2162202748,
642865982,-0.2609470335,0.2521501892,
643066002,-0.2323419029,0.2885556225,
643266022,-0.1990507172,0.3186915133,
643466041,-0.1604261078,0.3419516768,
643666061,-0.122731674,0.3633839044,
643866081,-0.08111002511,0.3795147888,
644066101,-0.03485673271,0.3892775442,
644266120,0.00612847904,0.3949266025,
644466140,0.05202142972,0.3932890072,
644666160,0.09616174471,0.3891962233,
644866180,0.1381387757,0.3771259675,
645066199,0.1800909715,0.3624515383,
645266219,0.2195708606,0.3437107646,
645466239,0.255493633,0.3196641431,
645666259,0.2891118551,0.2926450943,
645866278,0.3194048054,0.2610364189,
646066298,0.3468267869,0.2285509122,
646266318,0.3683477736,0.1890728087,
646466338,0.3867803338,0.1520057152,
646666357,0.4017670482,0.108067714,
646866377,0.4109108153,0.06760338116,
647066397,0.4171122381,0.02378394401,
647266417,0.4153500438,-0.01795156039,
647466436,0.4126894646,-0.06085225128,
647666456,0.4009788879,-0.1036309867,
647866476,0.3903633579,-0.1452606898,
648066496,0.3684572675,-0.1825352757,
648266515,0.3485244921,-0.2202040801,
648466535,0.3217411071,-0.2546385744,
648666555,0.289411697,-0.2857160051,
648866575,0.2558626518,-0.3116397456,
649066594,0.2190202649,-0.3361360788,
649266614,0.1806569611,-0.3545909934,
649466634,0.1393353674,-0.3664333297,
649666654,0.09530464359,-0.3765835124,
649866673,0.0519550831,-0.3797096527,
650066693,0.006307004592,-0.3774311385,
650266713,-0.03479287315,-0.3713168445,
650466733,-0.0797577388,-0.3593753664,
650666752,-0.1190821733,-0.3422363263,
650866772,-0.1565655338,-0.3171703446,
651066792,-0.1933585048,-0.2908811719,
651266812,-0.2236533459,-0.2582877069,
651466831,-0.249989264,-0.2219474563,
651666851,-0.2731080319,-0.1828597432,
651866871,-0.2891125815,-0.1380829989,
652066891,-0.2994808567,-0.09396538713,
652266910,-0.3022594067,-0.05018283347,
652466930,-0.3016606493,-0.004191692556,
652666950,-0.293401782,0.04154422784,
652866970,-0.2777971386,0.08437925559,
653066989,-0.2561472621,0.1265591866,
653267009,-0.2294896435,0.1633969781,
653467029,-0.1992913731,0.1981050321,
653667049,-0.1628230427,0.2268889321,
653867068,-0.1214112573,0.2491129869,
654067088,-0.079587862,0.2663044316,
654267108,-0.03472730187,0.2776840984,
654467128,0.01106107154,0.2825620723,
654667147,0.05690165009,0.2802929074,
654867167,0.1017900766,0.2723999097,
655067187,0.145038789,0.2564627952,
655267207,0.1851545197,0.237345665,
655467226,0.2226013526,0.2129610368,
655667246,0.2561901508,0.1827628605,
655867266,0.2866105726,0.1474920808,
656067286,0.3084463284,0.1100178208,
656267305,0.3285242741,0.06783266387,
656467325,0.3427099442,0.02794161264,
656667345,0.3486592733,-0.01556276533,
656867365,0.3512394449,-0.06127809276,
657067384,0.3484519756,-0.1053346529,
657267404,0.3405564635,-0.1470462342,
657467424,0.3244108489,-0.1888812667,
657667444,0.3068749816,-0.2258809871,
657867463,0.2824702765,-0.2610935231,
658067483,0.2564845183,-0.2958482796,
658267503,0.2231819746,-0.3268418907,
658467523,0.1877854418,-0.3499716756,
658667542,0.1493899103,-0.3726146071,
658867562,0.111458128,-0.3878013062,
659067582,0.07006638624,-0.4020132135,
659267602,0.02661535817,-0.4068563496,
659467621,-0.01680970645,-0.4090817833,
659667641,-0.05933936367,-0.408139733,
659867661,-0.1020153827,-0.397593131,
660067681,-0.1410701195,-0.3856901035,
660267700,-0.181034006,-0.3688005381,
660467720,-0.2195117503,-0.3444164526,
660667740,-0.2534060977,-0.320629963,
660867760,-0.2850668779,-0.2908414115,
661067779,-0.311879895,-0.2537110785,
661267799,-0.3358447524,-0.2192901888,
661467819,-0.3551440007,-0.1786639148,
661667839,-0.3698634776,-0.1375043647,
661867858,-0.376953909,-0.09451791979,
662067878,-0.3814955936,-0.05079864854,
662267898,-0.3805956979,-0.006603755533,
662467918,-0.3743136881,0.03994801896,
662667937,-0.3631413834,0.08290851336,
662867957,-0.3459408358,0.1249382973,
663067977,-0.3239401191,0.1614845037,
663267997,-0.2951319328,0.1976089095,
663468016,-0.2640705092,0.2298742678,
663668036,-0.230666807,0.2609749288,
663868056,-0.1905719591,0.2831327873,
664068076,-0.1496968756,0.3020671607,
664268095,-0.1072624646,0.3161077116,
664468115,-0.06054570299,0.3250351709,
664668135,-0.01725801275,0.3267892495,
664868155,0.02791418279,0.3221320985,
665068174,0.07311223222,0.3114564337,
665268194,0.116918013,0.2970924933,
665468214,0.1556837952,0.2761155808,
665668234,0.1942793065,0.2513693459,
665868253,0.2284506036,0.2214654062,
666068273,0.2552907076,0.1873204242,
666268293,0.2816061037,0.1486453177,
666468313,0.2992550056,0.109960928,
666668333,0.3130408052,0.06713412933,
666868353,0.3211427815,0.02162650087,
667068372,0.3222263248,-0.02082539579,
667268392,0.3198727156,-0.06428920205,
667468412,0.3101901508,-0.1073795982,
667668432,0.2949946785,-0.1505962294,
667868451,0.2746841151,-0.1893198921,
668068471,0.2498212832,-0.2252907133,
668268491,0.2207124082,-0.2573386394,
668468511,0.1881508494,-0.2853013428,
668668530,0.1519411599,-0.3097473745,
668868550,0.1120825054,-0.3284030143,
669068570,0.06955608673,-0.341837848,
669268590,0.02683441117,-0.3497185579,
669468609,-0.01764344619,-0.353620278,
669668629,-0.06111502572,-0.3480442463,
669868649,-0.1025027586,-0.3394178216,
670068669,-0.1425745119,-0.3262430472,
670268688,-0.1822648936,-0.3083565734,
670468708,-0.2192411312,-0.28271463,
670668728,-0.252490279,-0.2545515726,
670868748,-0.2814661449,-0.2222683366,
671068767,-0.3065836683,-0.1854151579,
671268787,-0.3276335792,-0.1466435423,
671468807,-0.3415001224,-0.1062170101,
671668827,-0.3515535593,-0.06227069542,
671868846,-0.3559452084,-0.01897883736,
672068866,-0.3535977644,0.02806653746,
672268886,-0.3473193342,0.07055989697,
672468906,-0.3348083403,0.1142365664,
672668925,-0.3164287446,0.1540865492,
672868945,-0.2935261341,0.1913741936,
673068965,-0.2669495208,0.2273592739,
673268985,-0.2344524765,0.2580231227,
673469004,-0.1993647219,0.285449658,
673669024,-0.161207034,0.3094946473,
673869044,-0.1198380757,0.327450744,
674069064,-0.07672002841,0.3389902283,
674269083,-0.03212670726,0.3456336154,
674469103,0.0118004253,0.3468553323,
674669123,0.05512077352,0.3427838798,
674869143,0.09860200935,0.3337086568,
675069162,0.1412829013,0.318388963,
675269182,0.1808233446,0.2988207945,
675469202,0.2171411185,0.2747972294,
675669222,0.2506532671,0.2454991061,
675869241,0.2799043512,0.214089112,
676069261,0.3037979143,0.1777089017,
676269281,0.3264212588,0.1387125496,
676469301,0.3406708398,0.09766931388,
676669320,0.350418888,0.05682808994,
676869340,0.3549829556,0.01293076779,
677069360,0.355684478,-0.02902501834,
677269380,0.349508856,-0.07251368545,
677469399,0.3391186284,-0.1142802618,
677669419,0.3229482035,-0.1553266689,
677869439,0.3038691932,-0.1917027606,
678069459,0.2776957806,-0.2264796379,
678269478,0.2469051517,-0.2571842566,
678469498,0.2142622899,-0.2850865522,
678669518,0.1788148923,-0.310270469,
678869538,0.1398257431,-0.3252553291,
679069557,0.09853097597,-0.3412087522,
679269577,0.05688933012,-0.3487563809,
679469597,0.01365993146,-0.3498433813,
679669617,-0.02986914797,-0.3464090646,
679869636,-0.069718943,-0.3374991082,
680069656,-0.1108198936,-0.3225098056,
680269676,-0.1495679809,-0.3024883607,
680469696,-0.1851991545,-0.2787456445,
680669715,-0.2180979327,-0.2494795201,
680869735,-0.2471073053,-0.21664849,
681069755,-0.2698907872,-0.1796110268,
681269775,-0.2889437034,-0.140339621,
681469794,-0.3030235261,-0.09739682245,
681669814,-0.3086171399,-0.0525935904,
681869834,-0.3106370782,-0.009646392522,
682069854,-0.3046259612,0.03399544521,
682269873,-0.2935274838,0.07926779293,
682469893,-0.2765048538,0.1206728901,
682669913,-0.2550898912,0.1596467145,
682869933,-0.2269468188,0.1929926358,
683069952,-0.1964601413,0.2253810234,
683269972,-0.1594452954,0.2516781329,
683469992,-0.1201409551,0.2736989211,
683670012,-0.07793107237,0.2892388607,
683870031,-0.03458439318,0.3004984187,
684070051,0.00939374144,0.3055796527,
684270071,0.05431019178,0.304474105,
684470091,0.09760960984,0.2965267925,
684670110,0.1414316602,0.2837979574,
684870130,0.1811377585,0.2662990505,
685070150,0.2186368186,0.2424378421,
685270170,0.2528447,0.2155342583,
685470189,0.2832373404,0.1829705655,
685670209,0.3089962658,0.1466095122,
685870229,0.3296425732,0.1090120324,
686070249,0.3473560555,0.07036697461,
686270268,0.3582667134,0.02986720646,
686470288,0.362745618,-0.0142405567,
686670308,0.36618776,-0.05676737281,
686870328,0.3598471548,-0.1004765697,
687070347,0.3508372378,-0.1419293283,
687270367,0.338249412,-0.1814417399,
687470387,0.3186737842,-0.2173636633,
687670407,0.2968181851,-0.2551276171,
687870426,0.2709749205,-0.2860795247,
688070446,0.2402596958,-0.3147911823,
688270466,0.2074932691,-0.3402097492,
688470486,0.1697357536,-0.3620619154,
688670505,0.1343853536,-0.3795860736,
688870525,0.09424739426,-0.3916796985,
689070545,0.05168024236,-0.4007241119,
689270565,0.009459072364,-0.4037778051,
689470584,-0.03064237445,-0.4000937719,
689670604,-0.07182323307,-0.3952207703,
689870624,-0.1121698877,-0.3832433283,
690070644,-0.1523807476,-0.3678253812,
690270663,-0.1907111866,-0.3496853122,
690470683,-0.2231622964,-0.3255180811,
690670703,-0.254380399,-0.2967946745,
690870723,-0.2848284794,-0.2636080691,
691070742,-0.3068372285,-0.2276531446,
691270762,-0.3270075024,-0.1889755979,
691470782,-0.342911597,-0.1512032142,
691670802,-0.3536293649,-0.1088157484,
691870821,-0.3576486463,-0.0636980925,
692070841,-0.3594627029,-0.02217955585,
692270861,-0.3529572907,0.02217358238,
692470881,-0.3421831821,0.06445302527,
692670900,-0.3249623708,0.1047353503,
692870920,-0.3048310259,0.1435550348,
693070940,-0.2790603532,0.1803552874,
693270960,-0.2483367791,0.2119745918,
693470979,-0.2134478918,0.2392384151,
693670999,-0.1764707094,0.2636627096,
693871019,-0.1347631213,0.2828061579,
694071039,-0.0926546147,0.2953895494,
694271059,-0.04967466191,0.3033993662,
694471078,-0.00317109598,0.3062402118,
694671098,0.0402565126,0.3012742003,
694871118,0.0843907023,0.2926813674,
695071138,0.1263330744,0.2787837083,
695271157,0.1652680379,0.2569966535,
695471177,0.2017801846,0.2325985489,
695671197,0.2332742654,0.2037998351,
695871217,0.2632077731,0.1697386605,
696071236,0.2881130007,0.133300688,
696271256,0.306300358,0.0949842755,
696471276,0.319915958,0.05338865356,
696671296,0.3292996797,0.0124587445,
696871315,0.3325217286,-0.03045357356,
697071335,0.3310637849,-0.07401184048,
697271355,0.322906881,-0.1160948146,
697471375,0.3110206323,-0.156165119,
697671394,0.2926598318,-0.1956604492,
697871414,0.2713960605,-0.2318371258,
698071434,0.2447939326,-0.264309715,
698271454,0.2146163446,-0.2921957155,
698471473,0.1809490762,-0.3180710654,
698671493,0.1471227095,-0.3399658044,
698871513,0.1084972467,-0.355439757,
699071533,0.06722755527,-0.3669893786,
699271552,0.02647784689,-0.373622479,
699471572,-0.01511697023,-0.3765755123,
699671592,-0.0552782743,-0.3708300433,
699871612,-0.09753608124,-0.3636473071,
700071631,-0.1353890261,-0.3488481517,
700271651,-0.173209349,-0.3304808452,
700471671,-0.2074765798,-0.3086733903,
700671691,-0.2400368413,-0.2808775601,
700871710,-0.2681112259,-0.251211402,
701071730,-0.2931398598,-0.2151463932,
701271750,-0.3113744557,-0.1788314424,
701471770,-0.3263339379,-0.1395759803,
701671789,-0.3356763179,-0.09812981255,
701871809,-0.3401672704,-0.05385651102,
702071829,-0.338225644,-0.01209084715,
702271849,-0.3320014729,0.03036605193,
702471868,-0.3194895348,0.07049774761,
702671888,-0.3015600387,0.1111960958,
702871908,-0.2782583531,0.1474361346,
703071928,-0.2508283398,0.1819917416,
703271947,-0.2176134985,0.2110925453,
703471967,-0.182292249,0.2367740594,
703671987,-0.1430785824,0.2566699863,
703872007,-0.1024651242,0.2716858575,
704072026,-0.05957134653,0.2798142791,
704272046,-0.01538511498,0.2821622075,
704472066,0.02872470973,0.2788081668,
704672086,0.07299362308,0.2717953429,
704872105,0.1148593135,0.2556030507,
705072125,0.1545135684,0.2345384663,
705272145,0.1897770703,0.2098633622,
705472165,0.2219418808,0.1806113463,
705672184,0.2501406735,0.146370092,
705872204,0.2724925238,0.1089359243,
706072224,0.2920069539,0.07050832468,
706272244,0.3041749496,0.02865428939,
706472263,0.3109080725,-0.01464869451,
706672283,0.3118304633,-0.05797541795,
706872303,0.3092460169,-0.1017621281,
707072323,0.2997552723,-0.1429407242,
707272342,0.2837160873,-0.1832561382,
707472362,0.2649131646,-0.221617642,
707672382,0.2425429924,-0.2561602345,
707872402,0.2129978455,-0.2881419025,
708072421,0.1815107049,-0.3159164777,
708272441,0.147373813,-0.3385099758,
708472461,0.1100538342,-0.3572685683,
708672481,0.07270037912,-0.3723196837,
708872500,0.03274569953,-0.3840639202,
709072520,-0.009153454049,-0.3901164297,
709272540,-0.04972872391,-0.3896744454,
709472560,-0.09268729575,-0.3843858511,
709672579,-0.1315684108,-0.376475093,
709872599,-0.1692420519,-0.3627217031,
710072619,-0.2076955547,-0.3448316981,
710272639,-0.2423819147,-0.3218822284,
710472658,-0.2741103636,-0.2960552512,
710672678,-0.3027056619,-0.267408576,
710872698,-0.3288837079,-0.2336829495,
711072718,-0.3488783712,-0.1985973848,
711272737,-0.3654284168,-0.1620313356,
711472757,-0.379602569,-0.1219213077,
711672777,-0.386917403,-0.0822077651,
711872797,-0.388944007,-0.03975369477,
712072816,-0.3870230416,0.001665669971,
712272836,-0.3804287623,0.04288637,
712472856,-0.3689963279,0.08288601785,
712672876,-0.3513214807,0.1212863763,
712872895,-0.3304693302,0.1593214835,
713072915,-0.3053020734,0.1925138419,
713272935,-0.2758032085,0.2235803593,
713472955,-0.2419400344,0.2485523878,
713672974,-0.2061529612,0.2720666269,
713872994,-0.1673493808,0.2887226017,
714073014,-0.1267062031,0.301421701,
714273034,-0.08372325549,0.306864679,
714473053,-0.04097451936,0.3100059528,
714673073,0.001797471837,0.3051507907,
714873093,0.04379723853,0.295211523,
715073113,0.08277968521,0.2805226638,
715273132,0.1217732454,0.2584798023,
715473152,0.157133241,0.2351484766,
715673172,0.1883827464,0.202940922,
715873192,0.2130237295,0.1702950106,
716073211,0.2351483229,0.1329408436,
716273231,0.2525725233,0.09333660742,
716473251,0.2622483434,0.05092065426,
716673271,0.2670982463,0.008440256221,
716873290,0.2667939512,-0.03321355676,
717073310,0.2602823216,-0.0759463055,
717273330,0.2472368177,-0.1162625076,
717473350,0.2273064436,-0.156788207,
717673369,0.2043426269,-0.1911708257,
717873389,0.1767200056,-0.2225561925,
718073409,0.1435768998,-0.2521114415,
718273429,0.1083669264,-0.2731636211,
718473448,0.07014510145,-0.2910554865,
718673468,0.0304348704,-0.3026883532,
718873488,-0.01173056107,-0.3094557712,
719073508,-0.05412113493,-0.3100773581,
719273527,-0.09562011094,-0.3067871143,
719473547,-0.1368212748,-0.2966805926,
719673567,-0.1758294213,-0.280833683,
719873587,-0.212214461,-0.2607445771,
720073606,-0.2456162165,-0.2351802087,
720273626,-0.2755621372,-0.2058951782,
720473646,-0.3007617774,-0.173202644,
720673666,-0.3247411675,-0.138685053,
720873686,-0.3401417067,-0.09874385563,
721073705,-0.3528732866,-0.06026509599,
721273725,-0.3588081945,-0.01816811184,
721473745,-0.3613980418,0.02406895575,
721673765,-0.3576843636,0.06647480846,
721873784,-0.3489594831,0.1069879791,
722073804,-0.3345776991,0.1465631631,
722273824,-0.3169831615,0.1830796321,
722473844,-0.293431292,0.2185316305,
722673863,-0.2684906616,0.251688618,
722873883,-0.2376026215,0.2805283007,
723073903,-0.2032188872,0.3056946095,
723273923,-0.1665733123,0.3268172636,
723473942,-0.1289800745,0.3427969081,
723673962,-0.08705367533,0.3544429649,
723873982,-0.04656414142,0.361830974,
724074002,-0.003893867922,0.3629720064,
724274021,0.0386211295,0.3604735521,
724474041,0.07946465148,0.352632126,
724674061,0.1196912485,0.3394560398,
724874081,0.158804845,0.3235449335,
725074100,0.1932091952,0.3024504494,
725274120,0.2268523733,0.2770998319,
725474140,0.2578431,0.2448961022,
725674160,0.284563157,0.2150474378,
725874179,0.3082133575,0.1783848037,
726074199,0.3246154478,0.1413125625,
726274219,0.3388049306,0.1005365284,
726474239,0.3485953247,0.05931295503,
726674258,0.3527213751,0.0169324733,
726874278,0.3522387662,-0.0231903226,
727074298,0.3479134848,-0.06521405852,
727274318,0.3376033024,-0.1060572438,
727474337,0.3218491283,-0.1438342059,
727674357,0.3031321081,-0.1822944835,
727874377,0.2784375082,-0.216205894,
728074397,0.2519551257,-0.2480779049,
728274416,0.2218339719,-0.2754126459,
728474436,0.1878128522,-0.3006682893,
728674456,0.1517963439,-0.3204798506,
728874476,0.1142834703,-0.335772572,
729074495,0.07254956302,-0.3469357934,
729274515,0.0323973382,-0.3530420104,
729474535,-0.009544363753,-0.3546752543,
729674555,-0.05070737059,-0.3502067052,
729874574,-0.09211039325,-0.3426942463,
730074594,-0.1313407162,-0.3290794368,
730274614,-0.1684798584,-0.3105208923,
730474634,-0.20278923,-0.2872692786,
730674653,-0.2340224635,-0.2614283445,
730874673,-0.2627864258,-0.2317010513,
731074693,-0.2870097399,-0.197332201,
731274713,-0.3064676397,-0.1608986988,
731474732,-0.3235323177,-0.1228954521,
731674752,-0.3341867157,-0.08242007293,
731874772,-0.3387556308,-0.03967569417,
732074792,-0.3387059367,0.0003362675233,
732274811,-0.3353848234,0.04220353809,
732474831,-0.3243358959,0.08379943953,
732674851,-0.309787579,0.1217565825,
732874871,-0.2888731557,0.1585501498,
733074890,-0.2649761181,0.1931038245,
733274910,-0.2345891893,0.2215516569,
733474930,-0.2031860459,0.2486381601,
733674950,-0.1664852403,0.2706024843,
733874969,-0.1277304196,0.2867324919,
734074989,-0.08806820894,0.2998321835,
734275009,-0.04755905604,0.3056180159,
734475029,-0.004098594335,0.3057818944,
734675048,0.0362878394,0.3008365541,
734875068,0.07681725522,0.2917932689,
735075088,0.1155127101,0.2763258255,
735275108,0.1531869611,0.2554266457,
735475127,0.1867834302,0.2308366265,
735675147,0.2166000126,0.201144611,
735875167,0.2417602962,0.1691057772,
736075187,0.2628897617,0.1313684281,
736275206,0.2780302643,0.09435440905,
736475226,0.2894894022,0.05424841526,
736675246,0.2936784082,0.01206843076,
736875266,0.2954266436,-0.03008267919,
737075285,0.28791582,-0.07088738949,
737275305,0.2782445795,-0.1110553208,
737475325,0.2610179344,-0.1502612517,
737675345,0.2401900083,-0.1855265758,
737875364,0.215469729,-0.2180006877,
738075384,0.1840105561,-0.2476744243,
738275404,0.150866485,-0.2729252367,
738475424,0.1144274961,-0.290949757,
738675443,0.07694713871,-0.3071536097,
738875463,0.03718454775,-0.3188902635,
739075483,-0.005095394348,-0.3251275717,
739275503,-0.04865599903,-0.323219063,
739475522,-0.08847145966,-0.3181336893,
739675542,-0.1285225508,-0.3086864018,
739875562,-0.1666923739,-0.2929465356,
740075582,-0.2039132974,-0.2729467729,
740275601,-0.2367095735,-0.2487121371,
740475621,-0.2680443955,-0.2200637072,
740675641,-0.2935354969,-0.1876446908,
740875661,-0.3170531523,-0.1541553792,
741075680,-0.336265274,-0.1171035879,
741275700,-0.3498886526,-0.07653447514,
741475720,-0.358401995,-0.03570056565,
741675740,-0.3624710653,0.004140905502,
741875759,-0.3606721929,0.0457602857,
742075779,-0.3549600033,0.08784306218,
742275799,-0.3436262938,0.1278637412,
742475819,-0.3291644902,0.1659157195,
742675838,-0.3092091771,0.2005979399,
742875858,-0.2855356569,0.2370031423,
743075878,-0.2580487513,0.2678051048,
743275898,-0.2273220945,0.292900465,
743475917,-0.195202434,0.3176237844,
743675937,-0.1577156832,0.3370737286,
743875957,-0.1203709822,0.352956221,
744075977,-0.08061813167,0.3634196339,
744275996,-0.04061913183,0.3688797625,
744476016,0.0002870876604,0.37087735,
744676036,0.04151555593,0.3676944762,
744876056,0.08166329199,0.360646751,
745076075,0.1197209654,0.3470670152,
745276095,0.1573293928,0.3292809421,
745476115,0.1923138463,0.3085834488,
745676135,0.2251548756,0.2844452957,
745876154,0.2538502139,0.2556446828,
746076174,0.2777925717,0.2247101031,
746276194,0.3001685503,0.1906895646,
746476214,0.3173641199,0.1529055392,
746676233,0.3319855814,0.1148745681,
746876253,0.3388042878,0.0749655155,
747076273,0.3430510275,0.03438520526,
747276293,0.3409985604,-0.00489497499,
747476313,0.3363125675,-0.04651133475,
747676332,0.3241980455,-0.08556533007,
747876352,0.3078996948,-0.1222876225,
748076372,0.2896827242,-0.1581213585,
748276392,0.2648583628,-0.1901956282,
748476411,0.2352854117,-0.2201349744,
748676431,0.2033145885,-0.2468227489,
748876451,0.1685400675,-0.2690458428,
749076471,0.1318471521,-0.285934303,
749276490,0.09228308938,-0.2981484544,
749476510,0.05015413208,-0.3047882528,
749676530,0.01012300762,-0.3071346098,
749876550,-0.03151787141,-0.3050964483,
750076569,-0.07333529805,-0.2954603624,
750276589,-0.1133030258,-0.2813798207,
750476609,-0.1494662455,-0.2633235738,
750676629,-0.1845299566,-0.2405009711,
750876648,-0.2163193385,-0.2122748025,
751076668,-0.2448703309,-0.1814810159,
751276688,-0.2670802622,-0.1461977861,
751476708,-0.2866036872,-0.1092632088,
751676727,-0.300887463,-0.06901477932,
751876747,-0.3097984174,-0.02834656458,
752076767,-0.3130232599,0.01382619947,
752276787,-0.3117975098,0.05569009203,
752476806,-0.3047222773,0.09733803835,
752676826,-0.2923886401,0.1380033285,
752876846,-0.276805252,0.176283697,
753076866,-0.2546183476,0.2115155813,
753276885,-0.2299731776,0.2437021158,
753476905,-0.201133051,0.2736089025,
753676925,-0.1676827941,0.2996570832,
753876945,-0.1312878517,0.3217180989,
754076964,-0.09576977839,0.3372761549,
754276984,-0.05804164291,0.3508944006,
754477004,-0.017690084,0.3596153336,
754677024,0.02225692871,0.362985314,
754877043,0.06320125033,0.3622549964,
755077063,0.1029658483,0.3544549969,
755277083,0.1408876182,0.3441570936,
755477103,0.1777010811,0.3303449171,
755677122,0.214324061,0.311697961,
755877142,0.2454579856,0.2882485884,
756077162,0.2765249111,0.263011833,
756277182,0.3026654467,0.2334484931,
756477201,0.326416797,0.2018230591,
756677221,0.3452335978,0.1678774452,
756877241,0.3596276773,0.1324866372,
757077261,0.370709392,0.09257765451,
757277280,0.3776363454,0.0563905808,
757477300,0.3800107357,0.01560907261,
757677320,0.3781444954,-0.02366115623,
757877340,0.3717659874,-0.06143163582,
758077359,0.3587061877,-0.09918350895,
758277379,0.3453921289,-0.1344122896,
758477399,0.3244063534,-0.1690561337,
758677419,0.3007904476,-0.1987908472,
758877438,0.2746336784,-0.2280747619,
759077458,0.2440462012,-0.2532886069,
759277478,0.2097076561,-0.2742322809,
759477498,0.1743821406,-0.2909455952,
759677517,0.1359858563,-0.3039037827,
759877537,0.09726169391,-0.3101884023,
760077557,0.05687038398,-0.3130240714,
760277577,0.0173408693,-0.3107953973,
760477596,-0.02228367607,-0.3019725414,
760677616,-0.06125995548,-0.2877734864,
760877636,-0.096602744,-0.2696378003,
761077656,-0.1296871857,-0.2454199598,
761277675,-0.1596759519,-0.2178555866,
761477695,-0.1852194676,-0.1855235657,
761677715,-0.2057483102,-0.1504822002,
761877735,-0.2215768369,-0.1117783989,
762077754,-0.2314696592,-0.07163958246,
762277774,-0.23602746,-0.02998156718,
762477794,-0.2342014108,0.0111991631,
762677814,-0.2254817452,0.05176544011,
762877833,-0.2126611743,0.09012218415,
763077853,-0.1927121312,0.1273936558,
763277873,-0.1680688138,0.1608137136,
763477893,-0.1397845564,0.1899942156,
763677912,-0.1071485114,0.2147888394,
763877932,-0.07109610526,0.2351071994,
764077952,-0.03316261136,0.2488217872,
764277972,0.006506097004,0.2567181486,
764477991,0.0457202141,0.2607934615,
764678011,0.08596813539,0.2574849896,
764878031,0.1252458144,0.2485313894,
765078051,0.1619311894,0.2344260124,
765278070,0.1969894946,0.2172274449,
765478090,0.2280964904,0.1940346061,
765678110,0.2570341359,0.1666252633,
765878130,0.2821829527,0.1374976492,
766078149,0.3013791406,0.1047200512,
766278169,0.3159550915,0.06730182889,
766478189,0.3261006429,0.03167991512,
766678209,0.3312090435,-0.005654226562,
766878228,0.3322918595,-0.0451543951,
767078248,0.3271067905,-0.08244142926,
767278268,0.3175573128,-0.120021983,
767478288,0.3028245546,-0.1538044686,
767678307,0.2855677551,-0.186951097,
767878327,0.2614329466,-0.2178276009,
768078347,0.2356179356,-0.2450548347,
768278367,0.204690615,-0.2680197546,
768478386,0.172041938,-0.28644041,
768678406,0.1376059052,-0.3016744585,
768878426,0.1005347808,-0.3115197375,
769078446,0.06239325178,-0.3179348322,
769278465,0.02455058645,-0.3178046757,
769478485,-0.0143359232,-0.313324813,
769678505,-0.0520831584,-0.30248618,
769878525,-0.08812322782,-0.2876444854,
770078544,-0.1216653294,-0.2674542923,
770278564,-0.1525702767,-0.2438626275,
770478584,-0.1805194218,-0.215066335,
770678604,-0.2028016612,-0.1819191934,
770878623,-0.2229612796,-0.1468607691,
771078643,-0.2353342914,-0.1091273006,
771278663,-0.2439319647,-0.06885321234,
771478683,-0.2468080096,-0.02865763992,
771678702,-0.2433404581,0.01187671158,
771878722,-0.2352579417,0.05199426974,
772078742,-0.2200859233,0.09079823837,
772278762,-0.1998368616,0.1263603202,
772478781,-0.1761476107,0.1591896277,
772678801,-0.1458980316,0.188592168,
772878821,-0.1140850692,0.213334262,
773078841,-0.07731196568,0.2344867124,
773278860,-0.03992492537,0.2490571186,
773478880,4.57993059e-05,0.2584955758,
773678900,0.04043321774,0.263300554,
773878920,0.08092784702,0.2613084827,
774078940,0.1215190276,0.2552703759,
774278959,0.1594828347,0.2427788693,
774478979,0.1955257161,0.227174896,
774678999,0.2302579744,0.2058811696,
774879019,0.2607952068,0.1806413488,
775079038,0.2896661186,0.1530576401,
775279058,0.3121335455,0.1207578643,
775479078,0.3316265293,0.08744328413,
775679098,0.3468590679,0.05110288176,
775879117,0.3581466769,0.01295633659,
776079137,0.3633479947,-0.0246881738,
776279157,0.3663071394,-0.06261394735,
776479177,0.3626579336,-0.1006444841,
776679196,0.3565041897,-0.138863382,
776879216,0.3442146454,-0.1757649402,
777079236,0.3292488059,-0.2104057643,
777279256,0.3107483598,-0.2418793757,
777479275,0.2874735585,-0.2732852144,
777679295,0.262178892,-0.3002960404,
777879315,0.2330349008,-0.3251776669,
778079335,0.2019460799,-0.3472836393,
778279354,0.1688787142,-0.3638040662,
778479374,0.1321161439,-0.3787420799,
778679394,0.09660556303,-0.3873502118,
778879414,0.0585489966,-0.3937590815,
779079433,0.01995553168,-0.3953493171,
779279453,-0.01884167385,-0.3916879466,
779479473,-0.05622011991,-0.384673782,
779679493,-0.09185534742,-0.3734825409,
779879512,-0.1276720602,-0.3579363951,
780079532,-0.1611050743,-0.3369189719,
780279552,-0.1918209841,-0.3137255138,
780479572,-0.2199814528,-0.2869623789,
780679591,-0.2440965012,-0.2559748384,
780879611,-0.2654539588,-0.2222369926,
781079631,-0.2826097746,-0.186734964,
781279651,-0.294267955,-0.1483469485,
781479670,-0.301755653,-0.1081400418,
781679690,-0.302818748,-0.06844423813,
781879710,-0.2994654859,-0.02825815292,
782079730,-0.2913256005,0.01185571901,
782279749,-0.2779362978,0.05025311058,
782479769,-0.2590938594,0.08645345913,
782679789,-0.2349832787,0.1197136628,
782879809,-0.2066476207,0.149170189,
783079828,-0.1753082652,0.1755695633,
783279848,-0.1400759727,0.196135341,
783479868,-0.1024411342,0.2116284374,
783679888,-0.06333320423,0.2225798306,
783879907,-0.02296834894,0.227328424,
784079927,0.01774387991,0.2259558829,
784279947,0.05803628448,0.2197739445,
784479967,0.09621914099,0.2070311273,
784679986,0.1321215719,0.1892228339,
784880006,0.1651977867,0.1666507498,
785080026,0.1942522846,0.1388154036,
785280046,0.2207466747,0.1089247817,
785480065,0.2409880836,0.07432370356,
785680085,0.256249971,0.03863504923,
785880105,0.265538665,0.0005513447141,
786080125,0.2712027727,-0.0379980671,
786280144,0.2703488447,-0.07666353333,
786480164,0.2641237681,-0.1155107512,
786680184,0.2531281918,-0.1530640626,
786880204,0.2375689489,-0.1865989532,
787080223,0.2181539413,-0.2203085313,
787280243,0.1919341814,-0.2498857936,
787480263,0.1640624162,-0.2760214437,
787680283,0.1329780619,-0.2990064586,
787880302,0.09898164019,-0.3159595702,
788080322,0.06351324877,-0.3291168737,
788280342,0.02557281109,-0.3381436703,
788480362,-0.0126424631,-0.3431291048,
788680381,-0.05061929395,-0.3410300389,
788880401,-0.08923020078,-0.3364680282,
789080421,-0.1261074705,-0.3263534727,
789280441,-0.1616128703,-0.3104250358,
789480460,-0.194484003,-0.2912407714,
789680480,-0.2266041163,-0.2688652478,
789880500,-0.253696319,-0.2421662676,
790080520,-0.2794189169,-0.212019232,
790280539,-0.2995815422,-0.1785535567,
790480559,-0.3172589404,-0.144364243,
790680579,-0.3304917863,-0.1068998679,
790880599,-0.338479578,-0.06849816635,
791080618,-0.3403715421,-0.0296759061,
791280638,-0.339621725,0.01063741528,
791480658,-0.3347999323,0.04899316924,
791680678,-0.3231152258,0.08709766685,
791880697,-0.3073965197,0.1236223288,
792080717,-0.2887451313,0.1582011207,
792280737,-0.2645741637,0.1902711515,
792480757,-0.2369734183,0.2192901626,
792680776,-0.2067823044,0.2441563621,
792880796,-0.1733209219,0.2650614577,
793080816,-0.1377357826,0.2823802269,
793280836,-0.0991154535,0.2947242548,
793480855,-0.06104982159,0.3012654991,
793680875,-0.02167322487,0.3041204289,
793880895,0.01699082328,0.3017498626,
794080915,0.05609386736,0.2943956234,
794280934,0.09285812143,0.282819143,
794480954,0.1292300198,0.2655294691,
794680974,0.1613073665,0.2453655056,
794880994,0.1904913656,0.2199437159,
795081013,0.2167158543,0.1910231176,
795281033,0.2381801056,0.1583806246,
795481053,0.2564456861,0.1250614566,
795681073,0.2692392099,0.08839719724,
795881092,0.2768004859,0.0498724402,
796081112,0.2794008414,0.01232417036,
796281132,0.2760060425,-0.02641303468,
796481152,0.2687222844,-0.06357565805,
796681171,0.2555048573,-0.09939301238,
796881191,0.2371148458,-0.1335840918,
797081211,0.2160582473,-0.1642607897,
797281231,0.1885962885,-0.1923657417,
797481250,0.15823555,-0.2158032334,
797681270,0.1246016791,-0.2352381516,
797881290,0.08886244968,-0.2504636151,
798081310,0.05127955716,-0.258758574,
798281329,0.01190671585,-0.2636915361,
798481349,-0.02579035655,-0.2622016527,
798681369,-0.06504260286,-0.2552450207,
798881389,-0.1022185921,-0.2430555639,
799081408,-0.1375318662,-0.2257556793,
799281428,-0.1711186522,-0.2041534997,
799481448,-0.200901472,-0.1777767121,
799681468,-0.2271608667,-0.147780026,
799881487,-0.2493129118,-0.1152963984,
800081507,-0.2663718886,-0.07785131523,
800281527,-0.2784806373,-0.03986751727,
800481547,-0.2863837471,0.0001819947069,
800681567,-0.2890781968,0.04004089304,
800881586,-0.2869725865,0.08020856527,
801081606,-0.2796920396,0.1196417775,
801281626,-0.267658989,0.1579694028,
801481646,-0.2495249602,0.1944767049,
801681665,-0.2283164437,0.2290534842,
801881685,-0.2043169974,0.2600317134,
802081705,-0.1768875205,0.2897486356,
802281725,-0.1447600981,0.3139850709,
802481744,-0.1115326839,0.3345101918,
802681764,-0.07525357975,0.3524006331,
802881784,-0.03898900809,0.3651866245,
803081804,-0.0008279747976,0.3736046669,
803281823,0.03690118207,0.3785375852,
803481843,0.07683215135,0.3794805146,
803681863,0.1147028536,0.3747440808,
803881883,0.1515519261,0.3673938466,
804081902,0.1884961356,0.3577153803,
804281922,0.2228303376,0.3424425309,
804481942,0.2555490119,0.324728013,
804681962,0.2852802072,0.3040721189,
804881981,0.3130895071,0.279028913,
805082001,0.3383793105,0.2542310852,
805282021,0.3610542939,0.2258701208,
805482041,0.379688246,0.1936916632,
805682060,0.3967304964,0.1606728982,
805882080,0.4089143362,0.1278485231,
806082100,0.4180594132,0.09329204517,
806282120,0.4216244036,0.05862734652,
806482139,0.4238318152,0.02195087436,
806682159,0.4202086647,-0.01330408487,
806882179,0.4149341706,-0.0465228224,
807082199,0.4043901103,-0.07972594012,
807282218,0.3897375783,-0.111440505,
807482238,0.3721406188,-0.1429932817,
807682258,0.3508718679,-0.1688960321,
807882278,0.3251893666,-0.1942603631,
808082297,0.2984578714,-0.2158852154,
808282317,0.2674692993,-0.2323238278,
808482337,0.2348652166,-0.2453348683,
808682357,0.201334659,-0.2536883869,
808882376,0.1660390427,-0.2561739196,
809082396,0.1308803137,-0.2533614483,
809282416,0.09721762312,-0.2448821737,
809482436,0.06449222021,-0.2311100608,
809682455,0.03514885665,-0.2108577174,
809882475,0.009346607664,-0.1868927204,
810082495,-0.01188760714,-0.1579861204,
810282515,-0.02720552625,-0.124913337,
810482534,-0.03616747731,-0.09047312349,
810682554,-0.03887339535,-0.05275721619,
810882574,-0.03295430097,-0.01665396415,
811082594,-0.0208203984,0.01884701794,
811282613,-0.003248099042,0.05088269138,
811482633,0.02066559754,0.08004422474,
811682653,0.04947017646,0.1042168513,
811882673,0.081718123,0.1227658639,
812082692,0.116512652,0.1356943986,
812282712,0.1538759289,0.1425337768,
812482732,0.1911989631,0.1434111006,
812682752,0.2286775121,0.1394661014,
812882771,0.2642768405,0.1284694003,
813082791,0.297633935,0.1129906441,
813282811,0.3281475615,0.09429322323,
813482831,0.3561246543,0.07088566527,
813682850,0.379509212,0.04461958033,
813882870,0.4010550268,0.0171096322,
814082890,0.4181150456,-0.0149881697,
814282910,0.4313030558,-0.04682544685,
814482929,0.4414585286,-0.07892155936,
814682949,0.4495005764,-0.1135194886,
814882969,0.4503873435,-0.1469546827,
815082989,0.4509010473,-0.1816617324,
815283008,0.4475936227,-0.2148519265,
815483028,0.4404087085,-0.2464994468,
815683048,0.4310581577,-0.2786715847,
815883068,0.4191187654,-0.3089587982,
816083087,0.4049645564,-0.3367745268,
816283107,0.3877552764,-0.3648880498,
816483127,0.3700806815,-0.3900194708,
816683147,0.350743629,-0.4161197764,
816883166,0.3274134911,-0.4374357261,
817083186,0.3028416843,-0.4587328992,
817283206,0.2776395433,-0.4785533304,
817483226,0.253330206,-0.4958181947,
817683245,0.2243007182,-0.5101167351,
817883265,0.195172655,-0.5249095251,
818083285,0.1665856601,-0.5333719569,
818283305,0.1357209315,-0.5425866146,
818483324,0.1060736271,-0.5502119872,
818683344,0.07512855234,-0.5546133507,
818883364,0.04202860909,-0.5550776554,
819083384,0.01088967759,-0.5546878031,
819283403,-0.02046799374,-0.5528052622,
819483423,-0.05293623652,-0.5466596026,
819683443,-0.08369956155,-0.5393761891,
819883463,-0.1140388997,-0.5291914054,
820083482,-0.1458439201,-0.5174692817,
820283502,-0.1745316804,-0.5033965076,
820483522,-0.2041867836,-0.4856646195,
820683542,-0.2299307067,-0.4656941773,
820883561,-0.2557157285,-0.4437236973,
821083581,-0.2792889801,-0.4195114517,
821283601,-0.3022446627,-0.3931570959,
821483621,-0.3218265651,-0.3646390937,
821683640,-0.3392184134,-0.3327361923,
821883660,-0.3534326277,-0.3009542258,
822083680,-0.3654867855,-0.2656794455,
822283700,-0.3727650506,-0.2305295947,
822483719,-0.3784361018,-0.1942057802,
822683739,-0.3791587971,-0.1565157644,
822883759,-0.3755219211,-0.1191413441,
823083779,-0.3680777072,-0.08188993167,
823283798,-0.3555332102,-0.04525210794,
823483818,-0.3402045934,-0.009639648894,
823683838,-0.3200906941,0.02424137734,
823883858,-0.2950644254,0.05478430249,
824083877,-0.26682385,0.08374457086,
824283897,-0.2345878979,0.1072271104,
824483917,-0.1995640455,0.1271590584,
824683937,-0.1620761124,0.1423846533,
824883956,-0.1228671508,0.1521499417,
825083976,-0.08203361117,0.1561553349,
825283996,-0.04156311048,0.1542587762,
825484016,-0.001392813114,0.1471651392,
825684035,0.03654906222,0.1337240794,
825884055,0.07247365141,0.1150873691,
826084075,0.1044893392,0.09172753932,
826284095,0.1330933504,0.06354633193,
826484114,0.1567609134,0.03235059087,
826684134,0.1752090949,-0.001558910082,
826884154,0.1888212091,-0.03794466553,
827084174,0.1962030463,-0.07557721448,
827284194,0.1980397689,-0.1134348208,
827484213,0.1947528423,-0.1511713799,
827684233,0.1861553859,-0.1871232149,
827884253,0.1725174888,-0.2212219728,
828084273,0.154446878,-0.2523859592,
828284292,0.1330665246,-0.2817136846,
828484312,0.1073471586,-0.3066612577,
828684332,0.0790819752,-0.328181804,
828884352,0.0484137605,-0.3446079679,
829084371,0.01523592374,-0.3591810517,
829284391,-0.0182141171,-0.3668729525,
829484411,-0.0532280036,-0.3710759564,
829684431,-0.08885405231,-0.3711988936,
829884450,-0.1227130764,-0.3666612202,
830084470,-0.1567969342,-0.3572444753,
830284490,-0.1889457543,-0.3448457991,
830484510,-0.2191755861,-0.3284136334,
830684529,-0.2485822353,-0.3080251487,
830884549,-0.2749588941,-0.2852229066,
831084569,-0.297843048,-0.2571625711,
831284589,-0.3178875098,-0.2284866409,
831484608,-0.3345127302,-0.1972279958,
831684628,-0.3469023964,-0.1632654625,
831884648,-0.3557191203,-0.1277404068,
832084668,-0.3593411601,-0.0915728391,
832284687,-0.3594545109,-0.05484719497,
832484707,-0.3548534926,-0.01894328715,
832684727,-0.3464764598,0.01751617462,
832884747,-0.3336277642,0.05318452854,
833084766,-0.3155894691,0.08529799909,
833284786,-0.2936241988,0.1171340981,
833484806,-0.2683981989,0.1463290566,
833684826,-0.2392656088,0.1713625084,
833884845,-0.206043994,0.1917841517,
834084865,-0.1709904948,0.2089228317,
834284885,-0.1341965452,0.2210337805,
834484905,-0.09561642473,0.2287873668,
834684924,-0.05610206004,0.2309507045,
834884944,-0.01739123522,0.2278030771,
835084964,0.02199478923,0.2200388066,
835284984,0.05886696245,0.2064854295,
835485003,0.09352680669,0.188162562,
835685023,0.1258585974,0.1652425542,
835885043,0.1540110531,0.138267273,
836085063,0.1786297029,0.1081431113,
836285082,0.1985651439,0.07451943551,
836485102,0.2137647083,0.03901653832,
836685122,0.2239223308,0.001892168846,
836885142,0.2288392109,-0.03617307753,
837085161,0.2282462745,-0.0737848824,
837285181,0.2221787062,-0.111730184,
837485201,0.2119688091,-0.1468054977,
837685221,0.1967116114,-0.1814692871,
837885240,0.1771620293,-0.2122288807,
838085260,0.1533375833,-0.2401318828,
838285280,0.1267962074,-0.2647925454,
838485300,0.09689837904,-0.2851493076,
838685319,0.06473218646,-0.3016360589,
838885339,0.03092898094,-0.3133368755,
839085359,-0.004663900549,-0.3200439087,
839285379,-0.03973696833,-0.3226000211,
839485398,-0.07562967999,-0.3200766746,
839685418,-0.1097885275,-0.3138036293,
839885438,-0.1437356242,-0.3018856987,
840085458,-0.1749064769,-0.2850364197,
840285477,-0.2044597592,-0.2659738207,
840485497,-0.2305775952,-0.2424073985,
840685517,-0.2543029159,-0.2148515449,
840885537,-0.2739285941,-0.1854506589,
841085556,-0.2883220599,-0.1529496186,
841285576,-0.2998397361,-0.1178105288,
841485596,-0.3059596745,-0.08206549569,
841685616,-0.3077937542,-0.04585074904,
841885635,-0.3042017258,-0.008713450454,
842085655,-0.2956686389,0.02679232364,
842285675,-0.2830764054,0.06146038382,
842485695,-0.2654029166,0.09437943237,
842685714,-0.2430450019,0.1245647178,
842885734,-0.2170290002,0.151848259,
843085754,-0.1876075572,0.1760661661,
843285774,-0.1544216629,0.1949233327,
843485793,-0.1193714335,0.210658194,
843685813,-0.08218990573,0.2203014283,
843885833,-0.0434589336,0.2257363561,
844085853,-0.004704633984,0.2251841944,
844285872,0.03390276076,0.2199257237,
844485892,0.07077597843,0.209819955,
844685912,0.1069859679,0.1935450789,
844885932,0.1402774049,0.1743918393,
845085951,0.1710003018,0.1491079827,
845285971,0.1978138375,0.1212049862,
845485991,0.2206425654,0.09110497615,
845686011,0.2399753044,0.05705725242,
845886030,0.2541899704,0.02125583128,
846086050,0.2630155135,-0.01559197346,
846286070,0.26820658,-0.05403850053,
846486090,0.2685656761,-0.09170108526,
846686109,0.2638226667,-0.1290286425,
846886129,0.2554989191,-0.1655603968,
847086149,0.2417536184,-0.1999530882,
847286169,0.225224366,-0.2338954447,
847486188,0.2042973077,-0.2638159566,
847686208,0.1804042492,-0.2915690295,
847886228,0.153259052,-0.3169428244,
848086248,0.1237651196,-0.3382453638,
848286267,0.09278785233,-0.3567177726,
848486287,0.05953861872,-0.3707705275,
848686307,0.02510360649,-0.3803663893,
848886327,-0.01030966644,-0.387386218,
849086346,-0.04541582282,-0.3904685077,
849286366,-0.08076582933,-0.3890737424,
849486386,-0.1157686622,-0.3845466451,
849686406,-0.1509149538,-0.3761867046,
849886425,-0.1836657789,-0.3645623821,
850086445,-0.215074249,-0.3489058347,
850286465,-0.2458855042,-0.3297621962,
850486485,-0.2730202964,-0.3084017264,
850686504,-0.2993554403,-0.2840281606,
850886524,-0.3225135837,-0.2564532372,
851086544,-0.3418187439,-0.226535962,
851286564,-0.3581154727,-0.1953652654,
851486583,-0.3712670609,-0.1622673701,
851686603,-0.3811394398,-0.1280690107,
851886623,-0.3871329705,-0.09249234216,
852086643,-0.3891157848,-0.05605977584,
852286662,-0.3875347013,-0.02013493061,
852486682,-0.3816616589,0.01530134287,
852686702,-0.3723881738,0.05069377681,
852886722,-0.3588710486,0.08413618293,
853086741,-0.341094163,0.1172435767,
853286761,-0.3202585078,0.1471065887,
853486781,-0.2958964301,0.1752896625,
853686801,-0.2690356235,0.200271691,
853886821,-0.2386039753,0.2218287852,
854086840,-0.2047594792,0.2403662221,
854286860,-0.1701534923,0.2545454017,
854486880,-0.1335142869,0.2633945422,
854686900,-0.09600507789,0.2683276956,
854886919,-0.0579169478,0.269197852,
855086939,-0.02008849067,0.2650613034,
855286959,0.01734129564,0.2551745249,
855486979,0.05295973322,0.2411785769,
855686998,0.08674831339,0.2220600686,
855887018,0.1167250799,0.1993947549,
856087038,0.143965429,0.172383877,
856287058,0.1673443544,0.1425241692,
856487077,0.1864634615,0.1097503758,
856687097,0.2007892212,0.07472177932,
856887117,0.2100538356,0.03749560055,
857087137,0.2140683877,0.0003386763694,
857287156,0.2128934611,-0.03728771751,
857487176,0.2062568132,-0.0740984534,
857687196,0.1948703022,-0.1093373707,
857887216,0.1790625238,-0.1424874368,
858087235,0.1586476788,-0.1729630234,
858287255,0.1335782645,-0.1999943696,
858487275,0.1052578181,-0.2233460779,
858687295,0.07473419826,-0.2423545756,
858887314,0.04162380037,-0.2569884528,
859087334,0.006182762238,-0.2664025885,
859287354,-0.02921955997,-0.2712847481,
859487374,-0.06494959479,-0.2708520032,
859687393,-0.09991767948,-0.2652859547,
859887413,-0.1351515077,-0.2552094101,
860087433,-0.1666354796,-0.2409169063,
860287453,-0.1975593597,-0.2224136303,
860487472,-0.2249143897,-0.1988089932,
860687492,-0.2486064697,-0.172431671,
860887512,-0.2688105254,-0.1432377015,
861087532,-0.2849426615,-0.1111516908,
861287551,-0.2970623475,-0.07686015907,
861487571,-0.3032853736,-0.04150330463,
861687591,-0.3060657848,-0.006295002388,
861887611,-0.3039139137,0.02948395639,
862087630,-0.2971778398,0.06496648198,
862287650,-0.2845597436,0.09937778335,
862487670,-0.2688102145,0.1318120691,
862687690,-0.2487314684,0.1625452501,
862887709,-0.2241361937,0.1900358676,
863087729,-0.1965789381,0.214450042,
863287749,-0.1662396048,0.2354108305,
863487769,-0.1336210648,0.2516691893,
863687788,-0.09841436522,0.2637282703,
863887808,-0.06183634193,0.2721986171,
864087828,-0.02510118644,0.2747285851,
864287848,0.01176715634,0.2730423173,
864487867,0.04870615028,0.267084812,
864687887,0.08475444392,0.2562397642,
864887907,0.1189229215,0.2392733056,
865087927,0.1504859676,0.2212578715,
865287946,0.1794047674,0.1968404973,
865487966,0.2055339492,0.1698356168,
865687986,0.2278212363,0.1396672534,
865888006,0.2463610533,0.1073307503,
866088025,0.2600299164,0.0728913351,
866288045,0.2697798254,0.03619692816,
866488065,0.2748748279,-0.0003105871444,
866688085,0.2759270221,-0.03708966782,
866888104,0.271507294,-0.07465078982,
867088124,0.2625464494,-0.11075129,
867288144,0.2498155979,-0.1448645115,
867488164,0.2320190846,-0.1770608651,
867688183,0.2110656131,-0.2082229299,
867888203,0.1864736027,-0.2355584596,
868088223,0.1586802818,-0.2593438786,
868288243,0.1267644696,-0.2793679896,
868488262,0.09473369509,-0.2960004404,
868688282,0.06012042007,-0.3081851212,
868888302,0.0247273607,-0.315465589,
869088322,-0.01153466276,-0.319124903,
869288341,-0.0484325422,-0.3175536406,
869488361,-0.08460649891,-0.3123425188,
869688381,-0.1190278015,-0.3027587255,
869888401,-0.1526911778,-0.2881137909,
870088420,-0.1843321665,-0.2697983805,
870288440,-0.2133755258,-0.2469647448,
870488460,-0.2392054176,-0.2217503494,
870688480,-0.2624014616,-0.1937076738,
870888499,-0.2814447358,-0.1625316004,
871088519,-0.2966579111,-0.1294138574,
871288539,-0.3073805468,-0.09477519363,
871488559,-0.3140758081,-0.05836823563,
871688578,-0.3160344645,-0.02139832031,
871888598,-0.3132958084,0.01469547255,
872088618,-0.3062044274,0.05089779532,
872288638,-0.2953181193,0.08556352908,
872488657,-0.2792752741,0.1193658601,
872688677,-0.2592125354,0.1503069148,
872888697,-0.2363414459,0.1796270917,
873088717,-0.2088828122,0.2047366774,
873288736,-0.1793921002,0.2269269547,
873488756,-0.1469487664,0.2449800682,
873688776,-0.1119402722,0.258980646,
873888796,-0.0757070684,0.2679506914,
874088815,-0.03943559594,0.2732562378,
874288835,-0.002029996571,0.2731810992,
874488855,0.03518614916,0.2685763765,
874688875,0.07101977219,0.2595563541,
874888894,0.1055315918,0.2455605869,
875088914,0.138085967,0.2275499174,
875288934,0.1686341362,0.2065585581,
875488954,0.1951780461,0.1810750043,
875688973,0.2185086258,0.1520944129,
875888993,0.2390187917,0.12250553,
876089013,0.2539908315,0.08773804881,
876289033,0.2657718007,0.05392831697,
876489052,0.2726919252,0.01739008494,
876689072,0.2742886608,-0.01855814795,
876889092,0.2722949731,-0.05557009268,
877089112,0.2648585805,-0.09112311872,
877289131,0.2537753872,-0.1255407687,
877489151,0.2377073678,-0.15852377,
877689171,0.2190099916,-0.1879677903,
877889191,0.1959803682,-0.215710452,
878089210,0.1693114529,-0.2399322484,
878289230,0.1407363976,-0.2611480101,
878489250,0.1080625228,-0.2779550308,
878689270,0.07523368325,-0.2901712038,
878889289,0.04075660642,-0.298618497,
879089309,0.0047533053,-0.3030793608,
879289329,-0.03088389595,-0.3030239825,
879489349,-0.06648538,-0.2970635274,
879689368,-0.1004060754,-0.2878071966,
879889388,-0.134046212,-0.2742267351,
880089408,-0.1649394669,-0.2561338799,
880289428,-0.1935086259,-0.2344346227,
880489448,-0.2192978967,-0.208733224,
880689467,-0.2414203023,-0.1806914842,
880889487,-0.2599840237,-0.1490381154,
881089507,-0.2740179722,-0.1161574349,
881289527,-0.284311288,-0.08083911608,
881489546,-0.2900741222,-0.04501354057,
881689566,-0.2914469071,-0.00848287382,
881889586,-0.2873473174,0.02810071,
882089606,-0.2791573746,0.06427749206,
882289625,-0.2659281796,0.0988549447,
882489645,-0.2492117454,0.1309498291,
882689665,-0.2278923018,0.1617594449,
882889685,-0.2033401319,0.1895991709,
883089704,-0.1753821403,0.2136893369,
883289724,-0.1438761127,0.235340134,
883489744,-0.1106878249,0.2506573331,
883689764,-0.07542752689,0.2632323028,
883889783,-0.03882062673,0.2717483479,
884089803,-0.001373272046,0.2749694468,
884289823,0.03524472716,0.273550444,
884489843,0.07245640699,0.2680487443,
884689862,0.1084749128,0.2577226021,
884889882,0.1420067146,0.2441571125,
885089902,0.1747622254,0.2260751068,
885289922,0.2048896185,0.2037260461,
885489941,0.2314338072,0.178799909,
885689961,0.255043178,0.1499249678,
885889981,0.2756890016,0.1205842306,
886090001,0.2926728298,0.08801838175,
886290020,0.3048181529,0.05365679782,
886490040,0.3131735667,0.01832575507,
886690060,0.3176594075,-0.01720895386,
886890080,0.3178890224,-0.05362455508,
887090099,0.3140179681,-0.08878337544,
887290119,0.3060172399,-0.1239462705,
887490139,0.2944830931,-0.1576371569,
887690159,0.2788560115,-0.1891209951,
887890178,0.2602963702,-0.219030445,
888090198,0.2380790853,-0.2466629784,
888290218,0.2130012662,-0.2717224828,
888490238,0.1851313532,-0.2928778358,
888690257,0.1554871272,-0.3111309063,
888890277,0.1236080218,-0.3255591297,
889090297,0.0905285851,-0.3364317879,
889290317,0.05631845415,-0.3434147587,
889490336,0.02171350055,-0.3462358948,
889690356,-0.01294812836,-0.3455924993,
889890376,-0.04701964899,-0.3394179498,
890090396,-0.08078923692,-0.3298453934,
890290415,-0.11263979,-0.3170034898,
890490435,-0.1428359354,-0.3000258394,
890690455,-0.170714929,-0.2780779061,
890890475,-0.1957056446,-0.254105067,
891090494,-0.2170839226,-0.226776517,
891290514,-0.234970982,-0.196376201,
891490534,-0.2494454779,-0.1649669457,
891690554,-0.258444172,-0.1311762624,
891890573,-0.2635563132,-0.09584349722,
892090593,-0.2640495623,-0.06083441133,
892290613,-0.2597438925,-0.02657684184,
892490633,-0.2501213702,0.008193377618,
892690652,-0.2358335805,0.04036191312,
892890672,-0.2176009304,0.07086541767,
893090692,-0.1949594928,0.09813263265,
893290712,-0.1684251178,0.1224088031,
893490731,-0.1389779562,0.1425904735,
893690751,-0.1070489995,0.1581563374,
893890771,-0.0727865931,0.1687547855,
894090791,-0.0375110871,0.1742625329,
894290810,-0.001333457139,0.1742916207,
894490830,0.03404204492,0.1703557102,
894690850,0.06793267876,0.1603734596,
894890870,0.1009057961,0.1451828105,
895090889,0.1313796541,0.1267794098,
895290909,0.1577737869,0.1031707728,
895490929,0.1815331201,0.07630193308,
895690949,0.2007625113,0.04755348898,
895890968,0.2161757733,0.01509617377,
896090988,0.2264175657,-0.01883147835,
896291008,0.232705903,-0.05349397987,
896491028,0.2335932951,-0.08846111268,
896691047,0.2302544973,-0.1231188772,
896891067,0.2219604376,-0.1575272998,
897091087,0.2098441718,-0.1893715835,
897291107,0.1936453942,-0.2204473728,
897491126,0.1742287207,-0.2482731796,
897691146,0.1508137481,-0.2743646609,
897891166,0.1250105399,-0.296301879,
898091186,0.09612325124,-0.315767451,
898291205,0.06575538654,-0.3307127885,
898491225,0.03329003267,-0.34248956,
898691245,0.0004206516764,-0.3503622267,
898891265,-0.03289695966,-0.3554120562,
899091284,-0.06676794234,-0.3546203171,
899291304,-0.1009612837,-0.3511184905,
899491324,-0.1350242653,-0.3434099546,
899691344,-0.1665291086,-0.331409398,
899891363,-0.1978034053,-0.3176270338,
900091383,-0.2261594762,-0.2991312449,
900291403,-0.2531147287,-0.2773253764,
900491423,-0.2774192081,-0.2532563814,
900691442,-0.2992777169,-0.2264636436,
900891462,-0.3173225875,-0.1969853315,
901091482,-0.332451051,-0.1656239523,
901291502,-0.3442173477,-0.1336044458,
901491521,-0.3515179147,-0.09964282759,
901691541,-0.3563847598,-0.06582525486,
901891561,-0.3563257994,-0.03039074531,
902091581,-0.3527733344,0.004283244919,
902291600,-0.3449420838,0.03917563719,
902491620,-0.3336424255,0.07257937007,
902691640,-0.3171581864,0.1041755924,
902891660,-0.2987450223,0.1345848398,
903091679,-0.2760190259,0.1615494008,
903291699,-0.2506405885,0.1865697868,
903491719,-0.222538355,0.2085442097,
903691739,-0.1918005154,0.2271166966,
903891758,-0.1588940094,0.2411306706,
904091778,-0.1241899653,0.2515487527,
904291798,-0.08867578006,0.2582299656,
904491818,-0.05236084194,0.2594841829,
904691837,-0.01716393138,0.2571083914,
904891857,0.0184147832,0.2505508326,
905091877,0.05263820943,0.2390479211,
905291897,0.0848784877,0.2233494474,
905491916,0.1150699279,0.2047960118,
905691936,0.1422638706,0.1817896273,
905891956,0.1666582221,0.1551521413,
906091976,0.1871957327,0.1262856352,
906291995,0.2042564854,0.09508224897,
906492015,0.216810533,0.06279617063,
906692035,0.2247646393,0.02879622775,
906892055,0.228928179,-0.00590653187,
907092075,0.228801068,-0.0406423225,
907292094,0.2231656878,-0.07498524333,
907492114,0.2143305949,-0.1083397693,
907692134,0.2007260882,-0.1396503741,
907892154,0.1840867827,-0.1692598645,
908092173,0.1633518985,-0.1965398756,
908292193,0.1398656897,-0.2207073678,
908492213,0.1135705844,-0.2405896502,
908692233,0.08453370013,-0.2581846057,
908892252,0.05369579958,-0.2717410078,
909092272,0.02237627597,-0.2811769572,
909292292,-0.01056669052,-0.2863340453,
909492312,-0.04402628923,-0.2877992585,
909692331,-0.07727936618,-0.2843335056,
909892351,-0.1091391254,-0.2774059683,
910092371,-0.140604591,-0.2667385612,
910292391,-0.1697267374,-0.2512674331,
910492410,-0.1977015782,-0.2332689477,
910692430,-0.2224006388,-0.2112808803,
910892450,-0.244795378,-0.1861311849,
911092470,-0.2640219662,-0.15902775,
911292489,-0.2791956343,-0.1296934759,
911492509,-0.2905154081,-0.09826289886,
911692529,-0.298261029,-0.06579972545,
911892549,-0.3012345641,-0.03206663005,
912092568,-0.3013946528,0.00105468299,
912292588,-0.2959012876,0.03593386733,
912492608,-0.286758408,0.06818181453,
912692628,-0.2732601086,0.09952410742,
912892647,-0.2557041911,0.1295328146,
913092667,-0.2349918499,0.1560672557,
913292687,-0.2104591635,0.1804851964,
913492707,-0.18265822,0.2020136785,
913692726,-0.1525477773,0.2195341543,
913892746,-0.1206571005,0.2329490527,
914092766,-0.08664932323,0.2427940582,
914292786,-0.05193530471,0.247285326,
914492805,-0.01671546296,0.2478202788,
914692825,0.01839425121,0.2432969285,
914892845,0.05313430372,0.2344236982,
915092865,0.08590544346,0.2216638167,
915292884,0.1168415985,0.2040196785,
915492904,0.1455957202,0.1832580217,
915692924,0.1712546186,0.1575565033,
915892944,0.1933100576,0.1299475517,
916092963,0.2112582886,0.09962277538,
916292983,0.2255319701,0.06677159757,
916493003,0.2355574367,0.03209690205,
916693023,0.2404506704,-0.002804906516,
916893042,0.2416605248,-0.0381316836,
917093062,0.2368873543,-0.07390492709,
917293082,0.2285760917,-0.1085469811,
917493102,0.2161793651,-0.1410607876,
917693121,0.1992145985,-0.1718783502,
917893141,0.1782927996,-0.1999631684,
918093161,0.1543764732,-0.2259532244,
918293181,0.1271460821,-0.2480710627,
918493200,0.09732536052,-0.2666478806,
918693220,0.06544956482,-0.2811243269,
918893240,0.03248111287,-0.2915134144,
919093260,-0.001209159642,-0.2977960267,
919293279,-0.03561855436,-0.2996376995,
919493299,-0.07055671875,-0.2977224091,
919693319,-0.1042900969,-0.2906130906,
919893339,-0.1367520723,-0.2795793607,
920093358,-0.1676269268,-0.2645622679,
920293378,-0.1964550373,-0.2462172159,
920493398,-0.2233372446,-0.2242812549,
920693418,-0.2461898069,-0.1992707272,
920893437,-0.2666062909,-0.1715704902,
921093457,-0.283139831,-0.1418823062,
921293477,-0.2956523094,-0.1100935878,
921493497,-0.3039901229,-0.07697718507,
921693516,-0.3081019361,-0.04286889468,
921893536,-0.3082482667,-0.009053806108,
922093556,-0.3044003924,0.02506896313,
922293576,-0.2951318973,0.05824326652,
922493595,-0.2835475378,0.09058520288,
922693615,-0.2660323321,0.1205239443,
922893635,-0.2462276406,0.147333653,
923093655,-0.2231877271,0.1730982949,
923293674,-0.1955001123,0.1944235522,
923493694,-0.1662489344,0.2126275932,
923693714,-0.1352384597,0.2266343621,
923893734,-0.1020179281,0.2364439732,
924093753,-0.06839625155,0.2422381674,
924293773,-0.03321826971,0.243001158,
924493793,0.0007887539507,0.2403961564,
924693813,0.03438075041,0.231785026,
924893832,0.06718327491,0.2194964711,
925093852,0.09731856128,0.203185888,
925293872,0.1255743204,0.1831249225,
925493892,0.1502880882,0.1587165746,
925693911,0.1720999076,0.1323147084,
925893931,0.1898762136,0.1023372801,
926093951,0.2037753325,0.07052320144,
926293971,0.2133641716,0.03702109825,
926493990,0.2179837208,0.003124215221,
926694010,0.2186639143,-0.03179010436,
926894030,0.2143934205,-0.06559908634,
927094050,0.2052466955,-0.0991469824,
927294069,0.192911657,-0.1312196067,
927494089,0.1758642486,-0.1614575518,
927694109,0.1547703231,-0.1885970968,
927894129,0.1310213501,-0.2132668305,
928094148,0.1040521109,-0.2347632112,
928294168,0.07490090886,-0.2518885603,
928494188,0.04346090209,-0.2652521837,
928694208,0.01003938799,-0.2752020328,
928894227,-0.02319452062,-0.280316803,
929094247,-0.05738390644,-0.2811970231,
929294267,-0.09186773213,-0.2775901058,
929494287,-0.1248085924,-0.2705322851,
929694306,-0.1567072296,-0.2584030334,
929894326,-0.1872090731,-0.2431554075,
930094346,-0.2151372846,-0.2238289165,
930294366,-0.2410441838,-0.2021047287,
930494385,-0.2633488702,-0.1766104165,
930694405,-0.2820293726,-0.1486459757,
930894425,-0.2982506842,-0.1187033971,
931094445,-0.309755273,-0.08696473129,
931294464,-0.3182553488,-0.05370695017,
931494484,-0.3225092092,-0.02098416235,
931694504,-0.3221817004,0.01259658832,
931894524,-0.3173212263,0.046396621,
932094543,-0.3083844714,0.07869893611,
932294563,-0.2966251208,0.1099575762,
932494583,-0.2801016272,0.1391419115,
932694603,-0.2597384269,0.1655591469,
932894622,-0.2367155319,0.1906953288,
933094642,-0.2101410823,0.2112506534,
933294662,-0.182302437,0.2291120729,
933494682,-0.1516171452,0.2428733653,
933694702,-0.1203422648,0.2518901547,
933894721,-0.08715631582,0.2568409516,
934094741,-0.05335432203,0.2570904998,
934294761,-0.02038737168,0.2525011992,
934494781,0.01113192616,0.2448025183,
934694800,0.0420300365,0.2318218418,
934894820,0.0700956086,0.2138403259,
935094840,0.09517672049,0.193286382,
935294860,0.1172702919,0.1689817697,
935494879,0.135142791,0.1413205872,
935694899,0.1487227163,0.1121256448,
935894919,0.1576570893,0.08013546109,
936094939,0.1621100356,0.0478611588,
936294958,0.1616031838,0.01519263348,
936494978,0.1556654107,-0.0167488122,
936694998,0.144430792,-0.04756881097,
936895018,0.1295500111,-0.07634783595,
937095037,0.1095998988,-0.1023290191,
937295057,0.08649008853,-0.1251299508,
937495077,0.05991324792,-0.143996043,
937695097,0.03075241966,-0.1584360791,
937895116,-0.0006896167936,-0.1682866368,
938095136,-0.03302943399,-0.1733464397,
938295156,-0.06600891325,-0.1738821514,
938495176,-0.09869735241,-0.1688823209,
938695195,-0.1304851183,-0.1593419365,
938895215,-0.1602361945,-0.1461670297,
939095235,-0.1879096124,-0.1276781608,
939295255,-0.2137368664,-0.1063528418,
939495274,-0.2356705782,-0.08159117628,
939695294,-0.2547593832,-0.05437059761,
939895314,-0.2693176733,-0.02375692798,
940095334,-0.2806432445,0.007125424661,
940295353,-0.2871717632,0.0408963671,
940495373,-0.2901595588,0.07397102336,
940695393,-0.2891590379,0.1071946777,
940895413,-0.2835585228,0.1407277722,
941095432,-0.2752728328,0.1735432385,
941295452,-0.2616019289,0.204500906,
941495472,-0.2457549385,0.2332687409,
941695492,-0.226022071,0.2616367562,
941895511,-0.2040573845,0.2870258348,
942095531,-0.1790280951,0.3094017913,
942295551,-0.1512940848,0.3291968802,
942495571,-0.1223031325,0.3463758893,
942695590,-0.09158461687,0.3598908206,
942895610,-0.0597655336,0.3698014921,
943095630,-0.02777552609,0.377027998,
943295650,0.006661958037,0.3808125743,
943495669,0.03989467156,0.3811825466,
943695689,0.07334053925,0.3779578741,
943895709,0.1059237636,0.3716613371,
944095729,0.1378747968,0.3621891611,
944295748,0.1697439807,0.3493255259,
944495768,0.199049219,0.3336876046,
944695788,0.2266053992,0.3153742491,
944895808,0.252335953,0.2938693899,
945095827,0.2760784854,0.271077836,
945295847,0.2976348974,0.2451795984,
945495867,0.3162338755,0.2168274578,
945695887,0.3318605956,0.1882954428,
945895906,0.3442202565,0.1570963237,
946095926,0.3542142829,0.125225612,
946295946,0.3608220509,0.09256328161,
946495966,0.3628816358,0.05848781704,
946695985,0.363194675,0.0252614575,
946896005,0.358679245,-0.008422060119,
947096025,0.3508699348,-0.03988829195,
947296045,0.3400535877,-0.07193331051,
947496064,0.325645219,-0.1029177496,
947696084,0.3072959458,-0.1310229344,
947896104,0.2864828826,-0.1574462902,
948096124,0.2632257263,-0.1812484903,
948296143,0.2360332526,-0.2019938681,
948496163,0.2063811458,-0.2204189367,
948696183,0.1763297605,-0.2344958762,
948896203,0.1435610173,-0.2450514088,
949096222,0.1099643784,-0.2511797135,
949296242,0.07544518193,-0.252637739,
949496262,0.04137884465,-0.2508821906,
949696282,0.007926751322,-0.2431246074,
949896301,-0.02506549289,-0.2321273434,
950096321,-0.05594508892,-0.2168132844,
950296341,-0.08454935695,-0.1965008827,
950496361,-0.1098410449,-0.173440137,
950696380,-0.1317410538,-0.1463288004,
950896400,-0.1499793536,-0.1164411416,
951096420,-0.1640169114,-0.08473148496,
951296440,-0.1726785113,-0.05117641041,
951496459,-0.1770695416,-0.01683513953,
951696479,-0.1762290381,0.01848815018,
951896499,-0.1708259089,0.05170296362,
952096519,-0.1608032338,0.08512970417,
952296538,-0.1461329057,0.1165608281,
952496558,-0.1274506506,0.1451773814,
952696578,-0.1039966256,0.171024431,
952896598,-0.07806296976,0.1935482865,
953096617,-0.04922055107,0.2120091259,
953296637,-0.01787964246,0.2262195976,
953496657,0.0142626411,0.2363909154,
953696677,0.04714925104,0.242435655,
953896696,0.08119555725,0.2435710182,
954096716,0.114430606,0.2399886014,
954296736,0.146658551,0.2330956139,
954496756,0.1784581259,0.2210697673,
954696775,0.2083295752,0.2056796715,
954896795,0.2356420613,0.1875010706,
955096815,0.2593728366,0.1648597379,
955296835,0.2813948342,0.1403747591,
955496854,0.3000921598,0.1132055717,
955696874,0.3152879549,0.08428737487,
955896894,0.326427016,0.05390833754,
956096914,0.3349512182,0.02239162321,
956296933,0.3386543968,-0.009283231455,
956496953,0.3391816595,-0.042192879,
956696973,0.3357558218,-0.07466354473,
956896993,0.3287980982,-0.1063466847,
957097012,0.3179135128,-0.1367538458,
957297032,0.3039589284,-0.1660397974,
957497052,0.2870895401,-0.1930390885,
957697072,0.2663038571,-0.218584409,
957897091,0.2436465628,-0.240734011,
958097111,0.2175141448,-0.260704797,
958297131,0.1895605138,-0.2772911577,
958497151,0.1592412551,-0.2909881445,
958697170,0.1285138962,-0.3008700037,
958897190,0.09522474884,-0.3063396717,
959097210,0.06286683002,-0.3087977776,
959297230,0.02987945553,-0.3065412457,
959497249,-0.002846950717,-0.3001993763,
959697269,-0.03476601633,-0.2903212832,
959897289,-0.0650998367,-0.2757717357,
960097309,-0.09293090764,-0.2577382746,
960297329,-0.1188579731,-0.2362028359,
960497348,-0.1419255397,-0.2104241267,
960697368,-0.1616829632,-0.1825091989,
960897388,-0.1775043557,-0.1520708375,
961097408,-0.1885447696,-0.1191143282,
961297427,-0.1954790582,-0.08590004549,
961497447,-0.197993641,-0.05072949184,
961697467,-0.1951412376,-0.01683334603,
961897487,-0.187841605,0.01715012753,
962097506,-0.1753184495,0.04959375642,
962297526,-0.1588474893,0.08034895082,
962497546,-0.1384918142,0.1073282929,
962697566,-0.1139142351,0.1324075943,
962897585,-0.08655047451,0.1533771213,
963097605,-0.05682074494,0.1704935787,
963297625,-0.02422767184,0.1829841649,
963497645,0.00902941324,0.1907803001,
963697664,0.04354978068,0.1944046584,
963897684,0.0775323914,0.1927759326,
964097704,0.1105990692,0.1871980389,
964297724,0.1424027234,0.1758132794,
964497743,0.1732013468,0.1616907299,
964697763,0.2006284954,0.1436581853,
964897783,0.2261836952,0.121466447,
965097803,0.2477915036,0.09709890484,
965297822,0.2660368528,0.07002900434,
965497842,0.2813402725,0.04038186936,
965697862,0.2918777639,0.009914184338,
965897882,0.2997399296,-0.02164148423,
966097901,0.303213973,-0.05409538461,
966297921,0.3020466696,-0.08644402688,
966497941,0.2973053828,-0.1181172127,
966697961,0.2887909267,-0.1490138862,
966897980,0.2772042185,-0.1785475894,
967098000,0.2622698902,-0.2073155961,
967298020,0.2434118253,-0.2332884188,
967498040,0.2214829063,-0.2563529999,
967698059,0.1973695309,-0.2777961658,
967898079,0.1709639335,-0.2956922501,
968098099,0.1426833282,-0.311042921,
968298119,0.1128496216,-0.3229307229,
968498138,0.08177931461,-0.3302036725,
968698158,0.0495978079,-0.335337808,
968898178,0.01653284554,-0.3358240655,
969098198,-0.01603642137,-0.3329251256,
969298217,-0.04728211217,-0.3267402245,
969498237,-0.0785242267,-0.3161594711,
969698257,-0.1077556128,-0.3014443452,
969898277,-0.1366241511,-0.2849211134,
970098296,-0.1625100712,-0.2633339791,
970298316,-0.1860058909,-0.239593252,
970498336,-0.2063727714,-0.212417473,
970698356,-0.2236871121,-0.1832052937,
970898375,-0.2368566527,-0.1522746617,
971098395,-0.2469408186,-0.1200577511,
971298415,-0.2532494238,-0.08588585134,
971498435,-0.254597947,-0.05230812034,
971698454,-0.252020416,-0.01723099324,
971898474,-0.2457288594,0.01704340612,
972098494,-0.234059938,0.05019487635,
972298514,-0.2191123451,0.08153891484,
972498533,-0.2005516362,0.1110562487,
972698553,-0.177869743,0.1382491041,
972898573,-0.1518694021,0.162391603,
973098593,-0.1237974701,0.1826773595,
973298612,-0.09243874255,0.1989124087,
973498632,-0.05996595113,0.2116667421,
973698652,-0.02564360937,0.22057354,
973898672,0.009492595639,0.2248492874,
974098691,0.0438586632,0.2242784367,
974298711,0.07828766134,0.2194148569,
974498731,0.1120442675,0.2110687476,
974698751,0.1437015908,0.1984954053,
974898770,0.1732964637,0.1814752008,
975098790,0.2007937492,0.1606878962,
975298810,0.2253543344,0.1376672485,
975498830,0.2469610458,0.111703524,
975698849,0.2649983373,0.08345921374,
975898869,0.2789963,0.0537794269,
976098889,0.2900923225,0.02211273785,
976298909,0.2965851347,-0.009648513325,
976498928,0.299568706,-0.04216588448,
976698948,0.2979075131,-0.07532995008,
976898968,0.2931694886,-0.1072159217,
977098988,0.284292543,-0.1378360868,
977299007,0.2720172483,-0.1676032233,
977499027,0.2557435125,-0.195071955,
977699047,0.2378669503,-0.2216881898,
977899067,0.215742336,-0.2442525363,
978099086,0.191168553,-0.2642125424,
978299106,0.1634120302,-0.2813270445,
978499126,0.136530401,-0.2917713518,
978699146,0.1063222719,-0.3057751318,
978899165,0.07580080748,-0.3118255367,
979099185,0.04268542347,-0.31412074,
979299205,0.01259021066,-0.3137263665,
979499225,-0.01936599451,-0.3078470841,
979699244,-0.04922621528,-0.2988848287,
979899264,-0.0779612033,-0.2855390091,
980099284,-0.1054198589,-0.2689152412,
980299304,-0.1301872983,-0.2490844047,
980499323,-0.1519997713,-0.2255546429,
980699343,-0.1706926033,-0.1997755835,
980899363,-0.1864568474,-0.1716870777,
981099383,-0.1978406178,-0.1411720149,
981299402,-0.205402995,-0.1088099394,
981499422,-0.2079253448,-0.07610685684,
981699442,-0.2059901134,-0.04352565027,
981899462,-0.1998078636,-0.01175106059,
982099481,-0.1885534643,0.0204669545,
982299501,-0.1731121216,0.04958333773,
982499521,-0.1539506681,0.07694741138,
982699541,-0.130655523,0.1009637985,
982899560,-0.1052145915,0.1209695424,
983099580,-0.07592090138,0.1380542783,
983299600,-0.04520510702,0.1500920342,
983499620,-0.0130401766,0.158099534,
983699639,0.0202135616,0.1612383502,
983899659,0.05342937457,0.1594965947,
984099679,0.08631007094,0.1531650048,
984299699,0.1174855509,0.142640206,
984499718,0.1471212608,0.1278142339,
984699738,0.1734290401,0.1089704271,
984899758,0.1981951463,0.08665380317,
985099778,0.2188375345,0.06205737503,
985299797,0.2358001664,0.03434324406,
985499817,0.2486973397,0.004681500456,
985699837,0.2579624523,-0.02632541806,
985899857,0.2635134889,-0.05761840174,
986099876,0.2638940024,-0.0895714285,
986299896,0.2612888067,-0.1212006802,
986499916,0.2533815801,-0.1519404814,
986699936,0.2426915128,-0.1812605426,
986899956,0.2283417807,-0.2099553136,
987099975,0.2095182024,-0.2354216263,
987299995,0.1888953885,-0.2589700096,
987500015,0.1648516789,-0.2780289043,
987700035,0.1385161785,-0.2957836102,
987900054,0.1117094273,-0.3100130581,
988100074,0.08199688437,-0.3211086238,
988300094,0.05175936436,-0.3287865637,
988500114,0.02102584338,-0.3323178999,
988700133,-0.01178009825,-0.3310822908,
988900153,-0.04253551574,-0.3283714329,
989100173,-0.07322602947,-0.3204720271,
989300193,-0.1023035107,-0.309006804,
989500212,-0.1312594031,-0.2931002138,
989700232,-0.1572450584,-0.2747436819,
989900252,-0.1804460876,-0.2539695695,
990100272,-0.202052306,-0.2290770411,
990300291,-0.2197980473,-0.2021136919,
990500311,-0.2345714572,-0.1727111317,
990700331,-0.2458144547,-0.1428372042,
990900351,-0.2535269667,-0.1102005379,
991100370,-0.2561771435,-0.07673797615,
991300390,-0.255944216,-0.04404590061,
991500410,-0.2509216034,-0.0114323049,
991700430,-0.2411861543,0.02134671404,
991900449,-0.2281108403,0.05185065534,
992100469,-0.2116642025,0.081495105,
992300489,-0.1903106856,0.1083151534,
992500509,-0.1668747537,0.1323743727,
992700528,-0.1398708687,0.1534477351,
992900548,-0.1107160491,0.1701534069,
993100568,-0.07951480241,0.1838131973,
993300588,-0.04702256728,0.1932700593,
993500607,-0.01304427192,0.1988928225,
993700627,0.02128191269,0.1994434471,
993900647,0.05436370014,0.1967474097,
994100667,0.08722715964,0.1890311879,
994300686,0.1193268466,0.1770737067,
994500706,0.148426617,0.1611441604,
994700726,0.1758782148,0.1428045542,
994900746,0.2010954797,0.1205232074,
995100765,0.2232216978,0.09583810398,
995300785,0.2417255904,0.06904866222,
995500805,0.2562684592,0.03945571997,
995700825,0.2684009927,0.009860364975,
995900844,0.2760053132,-0.02196158481,
996100864,0.2792851301,-0.0538699987,
996300884,0.2791115918,-0.08547182834,
996500904,0.2762171329,-0.1170182339,
996700923,0.2682775588,-0.1481151847,
996900943,0.2570075325,-0.1775669902,
997100963,0.2431248688,-0.205908479,
997300983,0.2261860501,-0.2321562716,
997501002,0.2050110569,-0.2559437004,
997701022,0.1830646903,-0.276599625,
997901042,0.1580881279,-0.2948797268,
998101062,0.1297882954,-0.3089936082,
998301081,0.1015898633,-0.3225565375,
998501101,0.07116742542,-0.3300060925,
998701121,0.04167306646,-0.3352712853,
998901141,0.009868509243,-0.3363041636,
999101160,-0.02039309693,-0.3340234335,
999301180,-0.05164582785,-0.3278350043,
999501200,-0.0805542312,-0.3182670698,
999701220,-0.1097473879,-0.3049334207,
999901239,-0.1357718887,-0.2880477564,
1000101259,-0.1599168581,-0.2683182869,
1000301279,-0.1817876756,-0.2444509557,
1000501299,-0.2003607865,-0.2197922181,
1000701318,-0.215867366,-0.1911030284,
1000901338,-0.2279533461,-0.1622504446,
1001101358,-0.2364372666,-0.1300609363,
1001301378,-0.238978155,-0.09797010996,
1001501397,-0.2394366465,-0.06630427515,
1001701417,-0.2342868193,-0.03373974131,
1001901437,-0.2250367903,-0.001356760357,
1002101457,-0.2125044171,0.02876288041,
1002301476,-0.1947783001,0.05686909526,
1002501496,-0.1728942126,0.08260928721,
1002701516,-0.1491920167,0.1053611091,
1002901536,-0.1214947944,0.1243852991,
1003101555,-0.09209070654,0.139641126,
1003301575,-0.06001193603,0.1503848371,
1003501595,-0.02694534021,0.1568540691,
1003701615,0.007039132912,0.1590607057,
1003901634,0.04018614707,0.1561743421,
1004101654,0.0730222404,0.1483723595,
1004301674,0.1043155224,0.1372770622,
1004501694,0.1342390295,0.1220797754,
1004701713,0.1608947798,0.1027612201,
1004901733,0.1847145174,0.07983903412,
1005101753,0.2058244086,0.055055904,
1005301773,0.2230251587,0.02615853658,
1005501792,0.2368229548,-0.00382309041,
1005701812,0.2460760707,-0.03474186859,
1005901832,0.2519828429,-0.06648867485,
1006101852,0.2532984032,-0.09819182161,
1006301871,0.2509221302,-0.1301994758,
1006501891,0.2453422569,-0.1608076947,
1006701911,0.2344680671,-0.191245762,
1006901931,0.2212457759,-0.2193847508,
1007101950,0.204826879,-0.245863869,
1007301970,0.1858192572,-0.2704447456,
1007501990,0.1636323663,-0.2930796152,
1007702010,0.1383294346,-0.3110764823,
1007902029,0.1129762832,-0.3268898671,
1008102049,0.085421798,-0.3408475217,
1008302069,0.05566297926,-0.3502878061,
1008502089,0.02622660495,-0.3569192227,
1008702108,-0.004931386693,-0.3608047138,
1008902128,-0.03483395611,-0.3607160858,
1009102148,-0.06622582256,-0.3565972238,
1009302168,-0.09639547484,-0.349681877,
1009502187,-0.1250342722,-0.339409469,
1009702207,-0.1528833679,-0.325765491,
1009902227,-0.1790130383,-0.3092939564,
1010102247,-0.2036980668,-0.2891557196,
1010302266,-0.2253330456,-0.2673824176,
1010502286,-0.2446996431,-0.2424406635,
1010702306,-0.2603558082,-0.215260578,
1010902326,-0.2745029529,-0.1875030402,
1011102345,-0.2838778608,-0.1567384108,
1011302365,-0.289992139,-0.125408942,
1011502385,-0.2924164069,-0.09335710542,
1011702405,-0.2914738707,-0.06024685674,
1011902424,-0.2864204727,-0.02859537313,
1012102444,-0.2766754581,0.002110575462,
1012302464,-0.2636205747,0.03199220689,
1012502484,-0.2467168579,0.06086877488,
1012702503,-0.2262781748,0.08695953172,
1012902523,-0.202420567,0.1100917023,
1013102543,-0.1764517477,0.1295702042,
1013302563,-0.1468861439,0.1464556414,
1013502582,-0.1162679164,0.1585509204,
1013702602,-0.0837979034,0.1668786842,
1013902622,-0.04967035662,0.1710003811,
1014102642,-0.01672492005,0.1705120048,
1014302662,0.01656965612,0.1651478975,
1014502681,0.04882838249,0.1549972117,
1014702701,0.0791149121,0.1412598613,
1014902721,0.1075806597,0.1233548615,
1015102741,0.1330261678,0.1019700911,
1015302760,0.1550943152,0.07700349194,
1015502780,0.1734271165,0.05014776596,
1015702800,0.1877998924,0.02051469044,
1015902820,0.1982395137,-0.01065452208,
1016102839,0.2043575438,-0.04262919229,
1016302859,0.2063995127,-0.07488584986,
1016502879,0.2035200601,-0.107176508,
1016702899,0.1966299647,-0.1384910371,
1016902918,0.186060491,-0.1689029497,
1017102938,0.1713847379,-0.1968054321,
1017302958,0.1539406388,-0.2231747873,
1017502978,0.1325055631,-0.2464773872,
1017702997,0.1091235881,-0.2662802232,
1017903017,0.08302827908,-0.2845541208,
1018103037,0.05473246733,-0.2986221188,
1018303057,0.0244746691,-0.3077762347,
1018503076,-0.005725190333,-0.3140903404,
1018703096,-0.03634219862,-0.3184067247,
1018903116,-0.06750505999,-0.3163176568,
1019103136,-0.09844449469,-0.311279312,
1019303155,-0.1281256737,-0.302162388,
1019503175,-0.156063222,-0.2908071381,
1019703195,-0.1834220571,-0.2756872322,
1019903215,-0.2089038807,-0.2563615087,
1020103234,-0.2306803696,-0.2341270735,
1020303254,-0.2510264289,-0.2101423452,
1020503274,-0.268334881,-0.1842987266,
1020703294,-0.281993026,-0.1558984112,
1020903313,-0.2917248904,-0.1267486163,
1021103333,-0.2977437601,-0.09402521497,
1021303353,-0.3006943143,-0.06214529085,
1021503373,-0.3005115169,-0.03028079791,
1021703392,-0.2954617287,0.001185429547,
1021903412,-0.2865648719,0.0319639922,
1022103432,-0.2738463831,0.06202552089,
1022303452,-0.2578667262,0.09030043308,
1022503471,-0.2381304968,0.1167596157,
1022703491,-0.2149652912,0.1401671683,
1022903511,-0.1892245976,0.1609538462,
1023103531,-0.1613618023,0.1784644182,
1023303550,-0.1310091996,0.1922673025,
1023503570,-0.09909846075,0.201925356,
1023703590,-0.06650076074,0.206700966,
1023903610,-0.03338160298,0.2083096613,
1024103629,-2.596419477e-05,0.2056179642,
1024303649,0.03265586762,0.1981826252,
1024503669,0.06430811534,0.1867660581,
1024703689,0.09282000309,0.1704672431,
1024903708,0.1198975156,0.1520052978,
1025103728,0.1444121383,0.1295287687,
1025303748,0.1655655784,0.1045805358,
1025503768,0.1829850083,0.07645731808,
1025703787,0.1971086673,0.0471280842,
1025903807,0.2065096109,0.01600691399,
1026103827,0.2121137567,-0.01619467262,
1026303847,0.2133397831,-0.04833741963,
1026503866,0.210266694,-0.08031426277,
1026703886,0.2027153979,-0.1112385058,
1026903906,0.1926502621,-0.1421206056,
1027103926,0.1769750874,-0.1695231789,
1027303945,0.1591744427,-0.1951812303,
1027503965,0.1380708955,-0.218141152,
1027703985,0.1134923722,-0.2395657271,
1027904005,0.08754596745,-0.2557289944,
1028104024,0.05887734971,-0.2681874637,
1028304044,0.02953191296,-0.2776417949,
1028504064,-0.001370250949,-0.283890236,
1028704084,-0.03220926495,-0.285401658,
1028904103,-0.06355347672,-0.2832803556,
1029104123,-0.09310915266,-0.2762707879,
1029304143,-0.1227963481,-0.267948166,
1029504163,-0.1506021749,-0.2539023502,
1029704182,-0.1767024264,-0.2370344055,
1029904202,-0.2003139015,-0.2176190826,
1030104222,-0.2221356729,-0.1933361895,
1030304242,-0.2392075222,-0.1687647563,
1030504261,-0.2542105838,-0.1408610254,
1030704281,-0.2654669184,-0.111844084,
1030904301,-0.2725858637,-0.0811054626,
1031104321,-0.2768646338,-0.0505379202,
1031304340,-0.2759398888,-0.01819807182,
1031504360,-0.2725779477,0.01258772092,
1031704380,-0.264432788,0.04422339083,
1031904400,-0.2527725517,0.07378836102,
1032104419,-0.236853937,0.1022705274,
1032304439,-0.2180019494,0.1280844446,
1032504459,-0.1955548573,0.1514199314,
1032704479,-0.1700608498,0.1714476091,
1032904498,-0.1430445661,0.1896316608,
1033104518,-0.1141797756,0.2023961765,
1033304538,-0.08329548478,0.2135086715,
1033504558,-0.05034799878,0.2190794259,
1033704577,-0.01804667322,0.220927652,
1033904597,0.01527902464,0.2184892063,
1034104617,0.04656343292,0.2132024523,
1034304637,0.07762497583,0.2020335329,
1034504656,0.1076560389,0.1886363997,
1034704676,0.1349442023,0.1715974911,
1034904696,0.1594523577,0.1504172647,
1035104716,0.1816848934,0.1272009558,
1035304735,0.2011217088,0.1007063099,
1035504755,0.2165782604,0.07251810963,
1035704775,0.2290451066,0.04256795157,
1035904795,0.2372180646,0.01155420925,
1036104814,0.2409264375,-0.02066533007,
1036304834,0.2414886757,-0.05221057737,
1036504854,0.2380689139,-0.08342880353,
1036704874,0.2303496097,-0.1144677651,
1036904893,0.2196189344,-0.1441033275,
1037104913,0.2049116151,-0.1717526101,
1037304933,0.1868280387,-0.1975677945,
1037504953,0.1665296913,-0.2207655345,
1037704972,0.141290102,-0.2415373022,
1037904992,0.1163791464,-0.2592121063,
1038105012,0.08827752935,-0.2731456687,
1038305032,0.05972759113,-0.2836348333,
1038505051,0.03028900475,-0.2907061071,
1038705071,-0.001110632245,-0.2933542032,
1038905091,-0.03316641854,-0.2921805411,
1039105111,-0.06324807922,-0.287543196,
1039305130,-0.09370103478,-0.2796351899,
1039505150,-0.1203477032,-0.2670270286,
1039705170,-0.1474865576,-0.251394437,
1039905190,-0.1734292361,-0.2334956739,
1040105209,-0.1952838188,-0.2112881058,
1040305229,-0.2146214608,-0.1876332196,
1040505249,-0.2290285712,-0.1611367877,
1040705269,-0.2435534853,-0.131658531,
1040905289,-0.2518860436,-0.1025638276,
1041105308,-0.2569747063,-0.07128654939,
1041305328,-0.2577301018,-0.03947397528,
1041505348,-0.2549504858,-0.006965177625,
1041705368,-0.2479955642,0.02345407565,
1041905387,-0.2365528318,0.05348845634,
1042105407,-0.2212305131,0.08164641354,
1042305427,-0.2032971043,0.1068623557,
1042505447,-0.1808637804,0.130461246,
1042705466,-0.1564420536,0.1514123926,
1042905486,-0.1298103564,0.1688664108,
1043105506,-0.09986217662,0.1814901058,
1043305526,-0.06863358875,0.191786333,
1043505545,-0.03645043963,0.1966738722,
1043705565,-0.004088413554,0.1976980876,
1043905585,0.02774888507,0.1945434759,
1044105605,0.05944965026,0.1875341697,
1044305624,0.0893632412,0.1761291085,
1044505644,0.117877108,0.160812776,
1044705664,0.1441077899,0.1424960972,
1044905684,0.1681260117,0.1202956704,
1045105703,0.188387369,0.09575656664,
1045305723,0.2054436714,0.0682896186,
1045505743,0.219193314,0.03918710492,
1045705763,0.2287783154,0.008971090295,
1045905782,0.2342073089,-0.02244427396,
1046105802,0.2356986236,-0.0537334686,
1046305822,0.2337508977,-0.08679224313,
1046505842,0.2269645088,-0.1170027666,
1046705861,0.2177341803,-0.1470601492,
1046905881,0.2043523206,-0.1746865472,
1047105901,0.1874057813,-0.2009556393,
1047305921,0.1677878948,-0.2247793898,
1047505940,0.1446174493,-0.2455036998,
1047705960,0.1192773876,-0.2649717886,
1047905980,0.0925877428,-0.2798174468,
1048106000,0.0636876893,-0.2916102686,
1048306019,0.03445915621,-0.2992551188,
1048506039,0.003453324434,-0.3042793249,
1048706059,-0.02754277474,-0.3050467779,
1048906079,-0.05726263567,-0.3021868401,
1049106098,-0.08815206159,-0.2955319918,
1049306118,-0.1175397293,-0.284866316,
1049506138,-0.1446525245,-0.272347558,
1049706158,-0.1701383353,-0.2558036627,
1049906177,-0.1945898193,-0.2358828496,
1050106197,-0.2158475547,-0.2128217308,
1050306217,-0.2339278317,-0.1880147126,
1050506237,-0.2486602023,-0.1597936656,
1050706256,-0.2614916355,-0.1313058798,
1050906276,-0.2680920175,-0.1008009681,
1051106296,-0.2729377128,-0.06923020345,
1051306316,-0.2739204601,-0.03864323542,
1051506335,-0.2697890368,-0.00717858731,
1051706355,-0.2625516757,0.0242388263,
1051906375,-0.2511646478,0.05405277934,
1052106395,-0.2362508564,0.08180360973,
1052306414,-0.21738179,0.1078682369,
1052506434,-0.1963678019,0.1321500557,
1052706454,-0.1717963713,0.1516062349,
1052906474,-0.1452261346,0.1694176057,
1053106493,-0.1160108749,0.1834105416,
1053306513,-0.08543563469,0.1935507527,
1053506533,-0.05375762169,0.1997583753,
1053706553,-0.02188613481,0.2017861722,
1053906572,0.01040678078,0.1997398097,
1054106592,0.04134494604,0.1932436907,
1054306612,0.07257816538,0.1831781186,
1054506632,0.1019009547,0.1685789363,
1054706651,0.1281015467,0.1513512163,
1054906671,0.1521224154,0.1306187043,
1055106691,0.1728771711,0.1065808788,
1055306711,0.19144971,0.08049703705,
1055506730,0.2056578384,0.05214258495,
1055706750,0.2162465668,0.02269126104,
1055906770,0.2232681327,-0.008912225172,
1056106790,0.2262806473,-0.03945047426,
1056306809,0.2247902793,-0.07084298723,
1056506829,0.2192551708,-0.1014834394,
1056706849,0.2107714846,-0.1311074063,
1056906869,0.1986153602,-0.1588779166,
1057106888,0.1825655628,-0.1864848909,
1057306908,0.1645212409,-0.2104144141,
1057506928,0.1421968254,-0.2321246941,
1057706948,0.1186447693,-0.2499943823,
1057906967,0.09191926171,-0.2652479446,
1058106987,0.06348907301,-0.2775904356,
1058307007,0.0342142101,-0.287106068,
1058507027,0.004586802414,-0.2915214816,
1058707046,-0.02551919396,-0.2930245327,
1058907066,-0.05561869286,-0.2897953301,
1059107086,-0.08510378582,-0.2854115059,
1059307106,-0.1150883096,-0.2746747856,
1059507125,-0.142050774,-0.2617755302,
1059707145,-0.1672922068,-0.2445635427,
1059907165,-0.1901242499,-0.2260244416,
1060107185,-0.2108128705,-0.2034779142,
1060307204,-0.227473851,-0.1793289706,
1060507224,-0.2436811231,-0.1514787304,
1060707244,-0.2547459142,-0.1234752764,
1060907264,-0.2613507964,-0.0942836936,
1061107283,-0.2665362948,-0.06410562096,
1061307303,-0.2665287111,-0.03369595011,
1061507323,-0.2622281816,-0.002221935091,
1061707343,-0.2536874876,0.02716356785,
1061907362,-0.2430519344,0.0562769702,
1062107382,-0.2274808162,0.08391927083,
1062307402,-0.2092865598,0.1080188107,
1062507422,-0.187768821,0.1310841404,
1062707441,-0.1627942569,0.1501881648,
1062907461,-0.136131867,0.1659728329,
1063107481,-0.1073000726,0.178676719,
1063307501,-0.07716933564,0.1866608035,
1063507520,-0.04592709416,0.1917703476,
1063707540,-0.01479788149,0.192059437,
1063907560,0.01638048769,0.1880689425,
1064107580,0.04620924206,0.1801570534,
1064307599,0.07478387202,0.1682860666,
1064507619,0.1024298311,0.1532711144,
1064707639,0.1272324201,0.1337109156,
1064907659,0.1487579322,0.1118798479,
1065107678,0.1679276594,0.08720180732,
1065307698,0.1827732924,0.05990002833,
1065507718,0.1950417565,0.03177759314,
1065707738,0.2023904008,0.001586769147,
1065907757,0.2062455429,-0.02887759376,
1066107777,0.2054944226,-0.05909441843,
1066307797,0.2012638841,-0.09054510551,
1066507817,0.1932489612,-0.1191901748,
1066707836,0.1813559173,-0.1472420938,
1066907856,0.1657558174,-0.1735562151,
1067107876,0.147208223,-0.1971710265,
1067307896,0.1257291874,-0.2184164249,
1067507916,0.1016349619,-0.2370226322,
1067707935,0.07486645234,-0.2522549791,
1067907955,0.04744379104,-0.2646646673,
1068107975,0.01835593315,-0.2724485983,
1068307995,-0.0106486228,-0.2774241893,
1068508014,-0.04068804361,-0.2778024743,
1068708034,-0.07159112004,-0.274396589,
1068908054,-0.101519318,-0.2680301705,
1069108074,-0.1297386768,-0.2566900511,
1069308093,-0.1559084445,-0.2434562142,
1069508113,-0.1826146765,-0.2262228197,
1069708133,-0.2050083728,-0.2071877917,
1069908153,-0.2256145669,-0.1838454579,
1070108172,-0.2432132351,-0.1578447607,
1070308192,-0.2561925179,-0.1312525695,
1070508212,-0.267592122,-0.1027829822,
1070708232,-0.2749504607,-0.07198263711,
1070908251,-0.2787093288,-0.04159924948,
1071108271,-0.2791971513,-0.009027827313,
1071308291,-0.2743015145,0.02049918951,
1071508311,-0.2661501054,0.05146400356,
1071708330,-0.255354184,0.08011001688,
1071908350,-0.2397753703,0.107627139,
1072108370,-0.2231719262,0.1340006125,
1072308390,-0.2007666101,0.1561500796,
1072508409,-0.1763546235,0.1770236875,
1072708429,-0.1499399267,0.1950113802,
1072908449,-0.1214837926,0.2087265515,
1073108469,-0.09128232011,0.2194328823,
1073308488,-0.06011991017,0.2255111193,
1073508508,-0.02917997549,0.2283988378,
1073708528,0.002703089348,0.226582432,
1073908548,0.0335113179,0.2217973074,
1074108567,0.06367494248,0.212685294,
1074308587,0.0929920119,0.1995465307,
1074508607,0.1197975766,0.183682912,
1074708627,0.1446516835,0.1641059705,
1074908646,0.166615641,0.1414212805,
1075108666,0.1846503472,0.1163823498,
1075308686,0.2002621046,0.08929689078,
1075508706,0.2135120552,0.06134494043,
1075708725,0.2202984798,0.03141570853,
1075908745,0.2246009567,0.0008473772359,
1076108765,0.2248960022,-0.02993263936,
1076308785,0.2219997827,-0.05996216288,
1076508804,0.2144793043,-0.08936051795,
1076708824,0.2029337348,-0.1187236687,
1076908844,0.1887315272,-0.1448056268,
1077108864,0.1719007671,-0.1698826818,
1077308883,0.1506199041,-0.1914600947,
1077508903,0.1277650472,-0.2105849082,
1077708923,0.1013696614,-0.2265767054,
1077908943,0.07474825404,-0.237856257,
1078108962,0.0455485965,-0.2475575564,
1078308982,0.01558584702,-0.2526085702,
1078509002,-0.01232018703,-0.2535678841,
1078709022,-0.04249687579,-0.2514292097,
1078909041,-0.07279736572,-0.2441504574,
1079109061,-0.1004784981,-0.2349725912,
1079309081,-0.1270573725,-0.2211576684,
1079509101,-0.1524896653,-0.20310282,
1079709120,-0.1743611325,-0.183784776,
1079909140,-0.193841365,-0.1597157761,
1080109160,-0.2105366289,-0.1351904612,
1080309180,-0.2232562168,-0.1083581552,
1080509199,-0.232203586,-0.0784867177,
1080709219,-0.2378422422,-0.04911125695,
1080909239,-0.2405592119,-0.0182832668,
1081109259,-0.2385060575,0.01242949734,
1081309278,-0.2319110655,0.04216622514,
1081509298,-0.2212326755,0.07156849133,
1081709318,-0.2072646501,0.09915632543,
1081909338,-0.1907161498,0.1251397699,
1082109357,-0.1706145969,0.149031808,
1082309377,-0.1470887205,0.1702743671,
1082509397,-0.1213351559,0.1872033125,
1082709417,-0.09401631602,0.201149129,
1082909436,-0.0657921193,0.2126351655,
1083109456,-0.03463451555,0.2195687723,
1083309476,-0.003456962015,0.2230358012,
1083509496,0.02775952571,0.221039248,
1083709515,0.05874641294,0.217892574,
1083909535,0.08930380929,0.2092618129,
1084109555,0.1185769645,0.1969000509,
1084309575,0.1449559539,0.1818200216,
1084509594,0.1697538187,0.1622804064,
1084709614,0.1924974889,0.1415578533,
1084909634,0.2119294761,0.1171759301,
1085109654,0.2283321434,0.09039532911,
1085309673,0.2416566024,0.06251630186,
1085509693,0.2526842042,0.03315585416,
1085709713,0.2589635755,0.003585854798,
1085909733,0.2603738712,-0.02750843809,
1086109752,0.2601705212,-0.05857624454,
1086309772,0.2543636496,-0.08757717107,
1086509792,0.2458721939,-0.1174530272,
1086709812,0.2346383054,-0.1458465615,
1086909831,0.219443098,-0.1719166832,
1087109851,0.2008191188,-0.1958627964,
1087309871,0.1808358263,-0.2174154607,
1087509891,0.1576056604,-0.2371815622,
1087709910,0.1317147011,-0.2533817784,
1087909930,0.1049946554,-0.2676315945,
1088109950,0.07627792406,-0.2770012589,
1088309970,0.04648263611,-0.2819305994,
1088509989,0.01730954978,-0.2847461025,
1088710009,-0.01346929548,-0.2839528874,
1088910029,-0.04137638443,-0.2790884888,
1089110049,-0.07126316262,-0.2708740202,
1089310068,-0.09917157991,-0.2596784827,
1089510088,-0.1251578826,-0.2445067269,
1089710108,-0.1479892057,-0.2258174775,
1089910128,-0.1700780022,-0.2056056038,
1090110147,-0.1878245754,-0.1802775577,
1090310167,-0.2034560257,-0.1545208417,
1090510187,-0.2152851182,-0.1271393202,
1090710207,-0.2234582127,-0.09753083674,
1090910226,-0.2295174463,-0.06694057369,
1091110246,-0.2296884454,-0.03653318991,
1091310266,-0.2260578769,-0.006030000927,
1091510286,-0.2173919525,0.02327484381,
1091710305,-0.2064710068,0.05202519328,
1091910325,-0.191902211,0.07898002202,
1092110345,-0.1737302114,0.1028412067,
1092310365,-0.1519645807,0.1248152299,
1092510384,-0.1265836194,0.144289949,
1092710404,-0.1005501415,0.1593958155,
1092910424,-0.07209515228,0.1707940095,
1093110444,-0.04249287466,0.179893204,
1093310463,-0.01113781784,0.1831961328,
1093510483,0.01988067446,0.1826283256,
1093710503,0.05029249564,0.1784748178,
1093910523,0.08046851595,0.1700573742,
1094110543,0.1077080646,0.1588761085,
1094310562,0.1346857312,0.1426373106,
1094510582,0.1590196737,0.1230333096,
1094710602,0.1797483506,0.1009135309,
1094910622,0.198443694,0.07664058939,
1095110641,0.2129186451,0.05074907967,
1095310661,0.2244208731,0.02256510973,
1095510681,0.2320737088,-0.006750183832,
1095710701,0.235691115,-0.03776729562,
1095910720,0.2353230961,-0.06783554401,
1096110740,0.2323650224,-0.09815375831,
1096310760,0.2245077566,-0.1273159777,
1096510780,0.2131504463,-0.1538290389,
1096710799,0.1990733388,-0.1796342998,
1096910819,0.1807344083,-0.2047453826,
1097110839,0.1608298621,-0.2260890685,
1097310859,0.1377277167,-0.2452264306,
1097510878,0.113470127,-0.2610202922,
1097710898,0.08700928686,-0.2742939193,
1097910918,0.05745796489,-0.2838225333,
1098110938,0.02951646951,-0.2902967833,
1098310957,0.0001261817601,-0.2933413532,
1098510977,-0.03027138556,-0.2911200869,
1098710997,-0.05873403884,-0.2872820928,
1098911017,-0.08854705652,-0.2781119211,
1099111036,-0.1146416565,-0.2673113064,
1099311056,-0.1411928819,-0.2523012388,
1099511076,-0.1648467135,-0.2353446966,
1099711096,-0.1868649007,-0.2131685089,
1099911115,-0.2063348395,-0.1896920131,
1100111135,-0.2218402731,-0.1663910713,
1100311155,-0.2356439545,-0.1394406584,
1100511175,-0.2446517025,-0.109037015,
1100711194,-0.2501611679,-0.08001083598,
1100911214,-0.252610344,-0.04873861236,
1101111234,-0.2511427447,-0.01878050812,
1101311254,-0.246086739,0.01155948359,
1101511273,-0.2372548288,0.0402581782,
1101711293,-0.2249979424,0.06950372077,
1101911313,-0.2094519745,0.09599631223,
1102111333,-0.1898030784,0.118178566,
1102311352,-0.1674136299,0.1407999884,
1102511372,-0.1434291458,0.1588988468,
1102711392,-0.1168724273,0.1750538181,
1102911412,-0.08745168713,0.1875353095,
1103111431,-0.05798042258,0.1955111261,
1103311451,-0.02775194928,0.1994370918,
1103511471,0.002921776618,0.2002600076,
1103711491,0.03339717759,0.1962339628,
1103911510,0.06293737603,0.1899648656,
1104111530,0.09184350464,0.1790520943,
1104311550,0.1186435323,0.1650103815,
1104511570,0.1435816489,0.1470896393,
1104711589,0.16603526,0.12682709,
1104911609,0.186076375,0.1042665323,
1105111629,0.2018847822,0.07937700001,
1105311649,0.2154633346,0.05144177524,
1105511668,0.224915613,0.02317437997,
1105711688,0.2311465743,-0.006042832877,
1105911708,0.2343335617,-0.03556536488,
1106111728,0.2320285132,-0.06475424567,
1106311747,0.2273089279,-0.09358053652,
1106511767,0.2194577199,-0.1221944898,
1106711787,0.2070958583,-0.149153805,
1106911807,0.1906210641,-0.1734224342,
1107111826,0.1735032588,-0.1971372188,
1107311846,0.1529957461,-0.2160887836,
1107511866,0.129659723,-0.2347147772,
1107711886,0.1036710355,-0.2490831708,
1107911905,0.07635500518,-0.2602718751,
1108111925,0.04872778135,-0.2686565233,
1108311945,0.02046685756,-0.2730062942,
1108511965,-0.00855068574,-0.2730861318,
1108711984,-0.03723054303,-0.2704731757,
1108912004,-0.06507477308,-0.2630935332,
1109112024,-0.09398249937,-0.2532428246,
1109312044,-0.1185676519,-0.2397162497,
1109512063,-0.1425311414,-0.2233957338,
1109712083,-0.1653317748,-0.2036082886,
1109912103,-0.1832884079,-0.1810655396,
1110112123,-0.2013388429,-0.155789057,
1110312142,-0.2129668034,-0.1300447402,
1110512162,-0.2220978139,-0.1000262343,
1110712182,-0.2278281296,-0.07149645918,
1110912202,-0.2307012251,-0.04185546256,
1111112221,-0.2285096763,-0.01159961178,
1111312241,-0.2221166065,0.01806274432,
1111512261,-0.2123721327,0.04686413327,
1111712281,-0.1984149021,0.07448835588,
1111912300,-0.1825015569,0.09966892798,
1112112320,-0.1614576587,0.1231988894,
1112312340,-0.1380416085,0.1427019377,
1112512360,-0.1125881652,0.1596478086,
1112712379,-0.08454527599,0.1734734446,
1112912399,-0.05632341118,0.1833487422,
1113112419,-0.02662885443,0.1895659306,
1113312439,0.005007850514,0.1920712457,
1113512458,0.03490787093,0.189803726,
1113712478,0.06572105592,0.1854388901,
1113912498,0.09530965674,0.1753835906,
1114112518,0.1225365304,0.1624689583,
1114312537,0.1478856664,0.1459168019,
1114512557,0.1727036053,0.1266595184,
1114712577,0.1922964544,0.1042326676,
1114912597,0.2111905457,0.08050373723,
1115112616,0.2255555036,0.05293807082,
1115312636,0.236979829,0.02642081018,
1115512656,0.2445856368,-0.002710114956,
1115712676,0.2487483286,-0.03260284578,
1115912695,0.2495247636,-0.06232902057,
1116112715,0.245933825,-0.09069208632,
1116312735,0.2387645756,-0.1204714853,
1116512755,0.2295013773,-0.1490042123,
1116712774,0.2159167765,-0.1738740529,
1116912794,0.1998550532,-0.1979275588,
1117112814,0.1818793474,-0.2214511745,
1117312834,0.1599798331,-0.2406708907,
1117512853,0.136956042,-0.2586435751,
1117712873,0.1115194471,-0.2734762438,
1117912893,0.08492560282,-0.2829467436,
1118112913,0.05687023776,-0.2920314623,
1118312932,0.02826494869,-0.2965857499,
1118512952,-0.001370842441,-0.2966491361,
1118712972,-0.0288178313,-0.2948623259,
1118912992,-0.0571912064,-0.2881551887,
1119113011,-0.08472571652,-0.2793669176,
1119313031,-0.1115144351,-0.2656838281,
1119513051,-0.1359065861,-0.2499191982,
1119713071,-0.159291415,-0.2311623388,
1119913090,-0.177600848,-0.2092543634,
1120113110,-0.1956118296,-0.1867683737,
1120313130,-0.2089516549,-0.1608229009,
1120513150,-0.2198604363,-0.133348031,
1120713170,-0.2263672264,-0.1053813729,
1120913189,-0.2298756135,-0.07662904265,
1121113209,-0.2308538818,-0.04653931418,
1121313229,-0.2263257947,-0.01667478249,
1121513249,-0.218194522,0.0110636959,
1121713268,-0.2056320699,0.03843208444,
1121913288,-0.1916864322,0.06377491915,
1122113308,-0.1728023235,0.08773397161,
1122313328,-0.1511385073,0.1090927659,
1122513347,-0.1268860467,0.1264012482,
1122713367,-0.1006171775,0.1411128106,
1122913387,-0.07363170788,0.1522384687,
1123113407,-0.04401391451,0.1584733151,
1123313426,-0.01516864895,0.1616800603,
1123513446,0.01471310376,0.1609250218,
1123713466,0.04434796341,0.1563837908,
1123913486,0.07301465796,0.1472116196,
1124113505,0.09918598734,0.1354074292,
1124313525,0.1243008618,0.1192362784,
1124513545,0.1476943779,0.1004579139,
1124713565,0.1670460412,0.0773655004,
1124913584,0.1835472394,0.05469821859,
1125113604,0.1975846958,0.02869586481,
1125313624,0.2072284582,0.001890564481,
1125513644,0.2138210526,-0.02679074295,
1125713663,0.2153048746,-0.05615336584,
1125913683,0.214784136,-0.08540085395,
1126113703,0.2089752053,-0.1123523623,
1126313723,0.2006524919,-0.1407118246,
1126513742,0.1889494563,-0.1669985057,
1126713762,0.1733309932,-0.1915904682,
1126913782,0.1557544851,-0.2122976102,
1127113802,0.1349008227,-0.2325396048,
1127313821,0.113896793,-0.2484489039,
1127513841,0.0889742431,-0.2624745763,
1127713861,0.06213205061,-0.2753012014,
1127913881,0.03586163375,-0.2813123491,
1128113900,0.006955058148,-0.2859381202,
1128313920,-0.02167872369,-0.2870555167,
1128513940,-0.04993594411,-0.2831861385,
1128713960,-0.07758211304,-0.2764540788,
1128913979,-0.1041283601,-0.2675344329,
1129113999,-0.12979535,-0.2541425734,
1129314019,-0.1541906989,-0.2383534215,
1129514039,-0.1745591763,-0.2197574122,
1129714058,-0.194008861,-0.1975093963,
1129914078,-0.2095181705,-0.173924016,
1130114098,-0.2226154571,-0.1473518432,
1130314118,-0.2325753845,-0.1214897472,
1130514137,-0.2398148537,-0.09159553592,
1130714157,-0.2417455661,-0.0640169676,
1130914177,-0.241706636,-0.03346747077,
1131114197,-0.237685207,-0.004598927978,
1131314216,-0.2285720648,0.02420938411,
1131514236,-0.2169135091,0.05135566533,
1131714256,-0.20160307,0.07670954856,
1131914276,-0.1829935201,0.09951184477,
1132114295,-0.1619020725,0.1206979019,
1132314315,-0.1395885203,0.1398216668,
1132514335,-0.1121025128,0.1538982889,
1132714355,-0.08463106173,0.1661937479,
1132914374,-0.05595278465,0.1744865203,
1133114394,-0.02506968966,0.1776308111,
1133314414,0.00488716268,0.1779401813,
1133514434,0.03505430643,0.1743121601,
1133714453,0.06360082181,0.1672012864,
1133914473,0.09232622023,0.1558206141,
1134114493,0.1178293959,0.1415734071,
1134314513,0.1427390553,0.1234958923,
1134514532,0.1635261354,0.102969732,
1134714552,0.1823618929,0.07997114261,
1134914572,0.1984363227,0.05438211559,
1135114592,0.2111409308,0.02754956044,
1135314611,0.2202532762,-0.0008865760032,
1135514631,0.2256939324,-0.02973453143,
1135714651,0.2263169679,-0.0598775558,
1135914671,0.2243461029,-0.0887433254,
1136114690,0.2201538255,-0.1161939178,
1136314710,0.2104582952,-0.1448891609,
1136514730,0.1988509688,-0.171444556,
1136714750,0.1846867874,-0.196280364,
1136914769,0.165898153,-0.2177468376,
1137114789,0.1455993554,-0.2384616598,
1137314809,0.1224827099,-0.2573126218,
1137514829,0.09742798901,-0.2700035309,
1137714848,0.07202217145,-0.2820375581,
1137914868,0.04425158881,-0.2922186952,
1138114888,0.01570149957,-0.296061411,
1138314908,-0.01204133602,-0.2976754383,
1138514927,-0.04118809615,-0.2968744355,
1138714947,-0.06782352737,-0.2916520758,
1138914967,-0.09722734624,-0.2833798218,
1139114987,-0.1234180525,-0.270440778,
1139315006,-0.1472513223,-0.2579369256,
1139515026,-0.1707874441,-0.2390127571,
1139715046,-0.1918252795,-0.2190141416,
1139915066,-0.2086541515,-0.1975959253,
1140115085,-0.224466134,-0.1723907148,
1140315105,-0.2367803825,-0.1477270231,
1140515125,-0.2465181639,-0.1187508438,
1140715145,-0.2507994915,-0.09027173858,
1140915164,-0.2539840255,-0.06120543823,
1141115184,-0.251579815,-0.03118868378,
1141315204,-0.2461659016,-0.002642802045,
1141515224,-0.2377819891,0.02512952379,
1141715243,-0.2246398796,0.05321735324,
1141915263,-0.2097306216,0.07894616339,
1142115283,-0.1901471314,0.1006316748,
1142315303,-0.1695770718,0.1214303674,
1142515322,-0.1447537931,0.1395321821,
1142715342,-0.1178386504,0.1533561582,
1142915362,-0.09048316879,0.1637941478,
1143115382,-0.06089166327,0.1707382904,
1143315401,-0.03115380123,0.1740696088,
1143515421,-0.002033146297,0.1746325503,
1143715441,0.02892072365,0.1687812494,
1143915461,0.05705307576,0.1599379435,
1144115480,0.08380467447,0.1478856382,
1144315500,0.1090991245,0.132672099,
1144515520,0.1323813499,0.1146019871,
1144715540,0.1529997636,0.09257287954,
1144915559,0.1697251791,0.06905027681,
1145115579,0.1834472162,0.04233198029,
1145315599,0.1946192692,0.01609116078,
1145515619,0.2011558239,-0.01172514748,
1145715638,0.2041469411,-0.04074925988,
1145915658,0.2034048266,-0.07017396317,
1146115678,0.1996463706,-0.09871473323,
1146315698,0.1906618988,-0.1261795934,
1146515717,0.1801934606,-0.1525896585,
1146715737,0.1651462934,-0.1767675218,
1146915757,0.1486313307,-0.1995193313,
1147115777,0.1285738845,-0.2202249074,
1147315797,0.1055222351,-0.2371295693,
1147515816,0.08105077433,-0.2504251026,
1147715836,0.05581903452,-0.263841868,
1147915856,0.02858293887,-0.2716372293,
1148115876,0.0001438591692,-0.2744723077,
1148315895,-0.02740831865,-0.275970989,
1148515915,-0.05653294725,-0.2729792872,
1148715935,-0.08444203501,-0.2685877366,
1148915955,-0.1099262233,-0.2594419342,
1149115974,-0.134265923,-0.2461551258,
1149315994,-0.1590113139,-0.2307689728,
1149516014,-0.1820473891,-0.2132508908,
1149716034,-0.2016287667,-0.1910510629,
1149916053,-0.2169377435,-0.1672095393,
1150116073,-0.2307670016,-0.1438531277,
1150316093,-0.2430583778,-0.1161962806,
1150516113,-0.2487374985,-0.08713639775,
1150716132,-0.2524152179,-0.05898417109,
1150916152,-0.2518166871,-0.02910736777,
1151116172,-0.2486400813,-0.001221171236,
1151316192,-0.2411717842,0.02766025823,
1151516211,-0.23144352,0.05478167439,
1151716231,-0.2171969424,0.08035840878,
1151916251,-0.1991353881,0.1049110859,
1152116271,-0.1802116355,0.126341694,
1152316290,-0.1574294293,0.1449732134,
1152516310,-0.1315489487,0.1612658055,
1152716330,-0.1044614491,0.173761818,
1152916350,-0.07774183537,0.1832809814,
1153116369,-0.04785794855,0.189542584,
1153316389,-0.01829602683,0.1912366123,
1153516409,0.01206101981,0.1894303073,
1153716429,0.04187468135,0.1832665595,
1153916448,0.0694137945,0.1749166053,
1154116468,0.09659081722,0.161416217,
1154316488,0.1214502587,0.1456666786,
1154516508,0.1443802109,0.1260465168,
1154716527,0.1643118647,0.1048754398,
1154916547,0.1817842306,0.08055920056,
1155116567,0.1960812106,0.05456135703,
1155316587,0.205384191,0.02837274913,
1155516606,0.2125381506,-0.001108935833,
1155716626,0.2157062337,-0.02957573461,
1155916646,0.2162791108,-0.05909688881,
1156116666,0.2134379461,-0.08748168028,
1156316685,0.2067093319,-0.1147457449,
1156516705,0.1946212821,-0.1413372771,
1156716725,0.180540112,-0.1665864892,
1156916745,0.1652078397,-0.1898653306,
1157116764,0.1435742902,-0.2105011355,
1157316784,0.1235689807,-0.2285481238,
1157516804,0.1001502566,-0.2431695463,
1157716824,0.07377719198,-0.2551674738,
1157916843,0.04757833689,-0.2644506398,
1158116863,0.02049614609,-0.2710357398,
1158316883,-0.009359262933,-0.272252003,
1158516903,-0.03606135631,-0.2715527425,
1158716922,-0.06365374134,-0.2656126637,
1158916942,-0.09109510997,-0.2595292625,
1159116962,-0.1173113228,-0.2482743075,
1159316982,-0.1420215756,-0.2337567039,
1159517001,-0.1649687209,-0.2159883946,
1159717021,-0.1829408569,-0.1964575664,
1159917041,-0.2013245546,-0.1737663748,
1160117061,-0.2152326866,-0.1494518731,
1160317080,-0.2271862874,-0.1220148445,
1160517100,-0.234351444,-0.09629679988,
1160717120,-0.2392964593,-0.06666402147,
1160917140,-0.2397221354,-0.03922020415,
1161117159,-0.2369981658,-0.01018465404,
1161317179,-0.2295725457,0.01847559,
1161517199,-0.2190889198,0.04484297352,
1161717219,-0.2069485138,0.0695462359,
1161917238,-0.1897815209,0.09391878493,
1162117258,-0.1709314803,0.1165137299,
1162317278,-0.1473039631,0.1336876846,
1162517298,-0.1236463972,0.149030189,
1162717317,-0.09789632567,0.1623028101,
1162917337,-0.06983112103,0.1705648945,
1163117357,-0.04017204106,0.1754747605,
1163317377,-0.01122472917,0.17689831,
1163517396,0.01705934432,0.1741552863,
1163717416,0.0459599642,0.1680352319,
1163917436,0.07256645332,0.1584968407,
1164117456,0.09872597411,0.1441062549,
1164317475,0.1227014943,0.1283856228,
1164517495,0.1428524722,0.1076796884,
1164717515,0.161546952,0.08621211587,
1164917535,0.1770400351,0.06260397765,
1165117554,0.1890919867,0.03628928044,
1165317574,0.1982143881,0.009077584386,
1165517594,0.2032478006,-0.01950914183,
1165717614,0.2045006584,-0.04634956357,
1165917633,0.202308808,-0.075751776,
1166117653,0.1961907076,-0.1023369959,
1166317673,0.1875865937,-0.1299568611,
1166517693,0.1753387477,-0.1552475727,
1166717712,0.1602101653,-0.1780532931,
1166917732,0.1419254932,-0.1987614979,
1167117752,0.1210207858,-0.2171792492,
1167317772,0.09750311628,-0.233507809,
1167517791,0.07360828613,-0.2462792999,
1167717811,0.04882325069,-0.2574114795,
1167917831,0.01999019121,-0.2632731757,
1168117851,-0.006900104488,-0.2674684669,
1168317870,-0.03500249566,-0.2663430386,
1168517890,-0.06240876115,-0.2620786043,
1168717910,-0.08877693365,-0.256201717,
1168917930,-0.1159380185,-0.2449686608,
1169117949,-0.1392489354,-0.231237096,
1169317969,-0.161362657,-0.2153698866,
1169517989,-0.1832622903,-0.1952919242,
1169718009,-0.2010239114,-0.1741034736,
1169918028,-0.2154952241,-0.1514312462,
1170118048,-0.2269099706,-0.1258956248,
1170318068,-0.237847732,-0.09960783932,
1170518088,-0.2434947135,-0.07317478508,
1170718107,-0.245455019,-0.04423320271,
1170918127,-0.2438230459,-0.01560519235,
1171118147,-0.2399054774,0.01312851855,
1171318167,-0.2319182007,0.03979678922,
1171518186,-0.2207050542,0.06625010935,
1171718206,-0.2050894874,0.09033087119,
1171918226,-0.1874376051,0.1136988501,
1172118246,-0.166937035,0.132856309,
1172318265,-0.1440054659,0.1509847991,
1172518285,-0.1189185742,0.1661129367,
1172718305,-0.09380299381,0.1770734919,
1172918325,-0.06520495711,0.1847595367,
1173118344,-0.03696436728,0.1888205371,
1173318364,-0.006894426181,0.1897741539,
1173518384,0.02051285976,0.1858539111,
1173718404,0.04819091214,0.1799158027,
1173918424,0.07641797953,0.1696534032,
1174118443,0.1010757958,0.157545043,
1174318463,0.1252467567,0.1403841658,
1174518483,0.1454796906,0.1206892447,
1174718503,0.1645607366,0.100094285,
1174918522,0.1798764445,0.07531143151,
1175118542,0.191899942,0.049855336,
1175318562,0.2016069316,0.02307597319,
1175518582,0.2077766244,-0.004167473482,
1175718601,0.2091478351,-0.03268293519,
1175918621,0.2076625176,-0.06150983357,
1176118641,0.2039871336,-0.0891142068,
1176318661,0.195213909,-0.1146381361,
1176518680,0.1825463116,-0.1406861816,
1176718700,0.1687387279,-0.1639612997,
1176918720,0.1512735136,-0.1863039209,
1177118740,0.1311047245,-0.2056893735,
1177318759,0.1089060641,-0.2229070973,
1177518779,0.08521900076,-0.236812441,
1177718799,0.05781367983,-0.246643874,
1177918819,0.03153664175,-0.2552015661,
1178118838,0.004724463248,-0.2585754543,
1178318858,-0.02344998606,-0.2604969194,
1178518878,-0.05191579231,-0.2575321699,
1178718898,-0.07854141923,-0.2516019313,
1178918917,-0.1055913678,-0.2428370489,
1179118937,-0.1300729764,-0.2304984809,
1179318957,-0.1527004629,-0.2144217908,
1179518977,-0.1742157951,-0.1972796472,
1179718996,-0.1947305227,-0.1752400557,
1179919016,-0.2100983691,-0.1516152857,
1180119036,-0.2248688941,-0.1283484295,
1180319056,-0.2346246445,-0.1002945068,
1180519075,-0.2426479998,-0.07390880245,
1180719095,-0.2465119146,-0.0462134721,
1180919115,-0.2472546721,-0.01743098725,
1181119135,-0.2438384825,0.01131011431,
1181319154,-0.2370854406,0.03939144806,
1181519174,-0.2273186006,0.06736451409,
1181719194,-0.2149863831,0.09241196441,
1181919214,-0.1987616813,0.1157140606,
1182119233,-0.1807707305,0.1372333491,
1182319253,-0.1598865301,0.1578315439,
1182519273,-0.1359030797,0.1736531676,
1182719293,-0.1109907691,0.1879128515,
1182919312,-0.08506113511,0.1992936507,
1183119332,-0.05681683771,0.2066141655,
1183319352,-0.0285453707,0.2110260961,
1183519372,-0.0005034428161,0.2116561646,
1183719391,0.02885582343,0.2083168848,
1183919411,0.05593199659,0.2019417084,
1184119431,0.08322985709,0.1926953517,
1184319451,0.1078559888,0.1802570724,
1184519470,0.1310800838,0.164804624,
1184719490,0.1544997054,0.1467821519,
1184919510,0.1728697217,0.1258376009,
1185119530,0.1891029925,0.103082459,
1185319549,0.2021903988,0.07892893989,
1185519569,0.2112181085,0.0524991981,
1185719589,0.218058595,0.02691373608,
1185919609,0.2218673392,-0.0005677833055,
1186119628,0.22156004,-0.02827023068,
1186319648,0.2196742095,-0.05460905269,
1186519668,0.2111904331,-0.08152587424,
1186719688,0.2018536711,-0.105170299,
1186919707,0.1886831787,-0.1291000573,
1187119727,0.1748198938,-0.1510997849,
1187319747,0.1564985065,-0.1692092771,
1187519767,0.135292249,-0.1862659165,
1187719786,0.1128807153,-0.2004542821,
1187919806,0.08810873474,-0.2113016422,
1188119826,0.0633866837,-0.218246298,
1188319846,0.03784914087,-0.223981139,
1188519865,0.0101130895,-0.2236614588,
1188719885,-0.01592924376,-0.2217296965,
1188919905,-0.04120009762,-0.2151345452,
1189119925,-0.06562207648,-0.205614903,
1189319944,-0.08864196747,-0.1921295244,
1189519964,-0.1096545654,-0.1758741905,
1189719984,-0.1287783126,-0.1566523944,
1189920004,-0.1444525046,-0.1348941129,
1190120023,-0.1577631673,-0.1127297848,
1190320043,-0.1651395866,-0.0868773678,
1190520063,-0.171995232,-0.06060154383,
1190720083,-0.1746139762,-0.03421783057,
1190920102,-0.1731208185,-0.007436725112,
1191120122,-0.1675263308,0.01946778366,
1191320142,-0.1582511577,0.04443917601,
1191520162,-0.146766368,0.0696789335,
1191720181,-0.1301073444,0.09186620598,
1191920201,-0.1112957896,0.112161458,
1192120221,-0.08985146681,0.1294077633,
1192320241,-0.06574881236,0.143609712,
1192520260,-0.04089320577,0.1545276979,
1192720280,-0.0138663827,0.161522986,
1192920300,0.01344277263,0.1651574762,
1193120320,0.04125937342,0.1654222612,
1193320339,0.06793074978,0.1619509396,
1193520359,0.09543401039,0.1540847497,
1193720379,0.1213362537,0.1423322391,
1193920399,0.1446634086,0.1290329491,
1194120418,0.1670428856,0.1122026133,
1194320438,0.1867455062,0.09228888766,
1194520458,0.2041057719,0.07159919996,
1194720478,0.2170629007,0.04772007535,
1194920497,0.2281965034,0.02154974907,
1195120517,0.2353068389,-0.003161485464,
1195320537,0.2395475613,-0.03074995587,
1195520557,0.2403863499,-0.05759342519,
1195720576,0.2391261905,-0.08466681749,
1195920596,0.2330311248,-0.1115104345,
1196120616,0.2242526166,-0.1381414361,
1196320636,0.211784594,-0.1597653794,
1196520655,0.198447517,-0.184813487,
1196720675,0.180419008,-0.2049356876,
1196920695,0.1610908462,-0.2236693334,
1197120715,0.1402791522,-0.2392904791,
1197320734,0.1176242616,-0.2526469235,
1197520754,0.09312028695,-0.2630154364,
1197720774,0.06720214724,-0.2703421093,
1197920794,0.03959717128,-0.2746602824,
1198120813,0.01400025267,-0.2764772693,
1198320833,-0.01265698465,-0.273181318,
1198520853,-0.03899355415,-0.268720768,
1198720873,-0.06413353823,-0.2602512871,
1198920892,-0.08813110835,-0.2483826167,
1199120912,-0.1107307697,-0.2340832015,
1199320932,-0.132148921,-0.2168007641,
1199520952,-0.1502945304,-0.1987975422,
1199720971,-0.1670459559,-0.1760988637,
1199920991,-0.1805620736,-0.1523519469,
1200121011,-0.1905269034,-0.1275087331,
1200321031,-0.1972991048,-0.1016572131,
1200521051,-0.2011887293,-0.07286988837,
1200721070,-0.2012362442,-0.04715574599,
1200921090,-0.1969562973,-0.01935836524,
1201121110,-0.1890742065,0.007453603556,
1201321130,-0.1794759928,0.03422489807,
1201521149,-0.1652397333,0.05789903484,
1201721169,-0.1485323583,0.08004926158,
1201921189,-0.1300954304,0.1003768805,
1202121209,-0.1067527626,0.1169592285,
1202321228,-0.08253112627,0.1313083156,
1202521248,-0.05731789243,0.1416155305,
1202721268,-0.0301932024,0.1493877946,
1202921288,-0.002973216235,0.1534599539,
1203121307,0.02617035483,0.1523450993,
1203321327,0.05342713245,0.1500456467,
1203521347,0.08097512662,0.1416003529,
1203721367,0.1064209243,0.1316948602,
1203921386,0.130684167,0.1178568382,
1204121406,0.1531222105,0.1013294614,
1204321426,0.1717896489,0.08125533787,
1204521446,0.1894307521,0.05998938096,
1204721465,0.2038099959,0.0359403511,
1204921485,0.2148308489,0.009940764085,
1205121505,0.2227542486,-0.01496337441,
1205321525,0.2263559213,-0.04284216657,
1205521544,0.2279379996,-0.07106993139,
1205721564,0.2263982976,-0.09668891731,
1205921584,0.2191961174,-0.1239523666,
1206121604,0.2122684146,-0.1481825969,
1206321623,0.1996877638,-0.1744055413,
1206521643,0.1853770369,-0.19643659,
1206721663,0.168837571,-0.2184892834,
1206921683,0.1497298869,-0.2369638247,
1207121702,0.1267910354,-0.2515769974,
1207321722,0.1037841697,-0.2659235264,
1207521742,0.08054801123,-0.2755258606,
1207721762,0.05389187799,-0.283023164,
1207921781,0.02735370121,-0.2873707636,
1208121801,0.0004921008062,-0.2876541172,
1208321821,-0.02686653351,-0.2855259336,
1208521841,-0.05201635731,-0.2820930051,
1208721860,-0.07852866626,-0.2714093193,
1208921880,-0.1018266712,-0.2630325881,
1209121900,-0.1245564243,-0.2461437534,
1209321920,-0.1478660863,-0.2309105136,
1209521939,-0.1647797283,-0.2116401482,
1209721959,-0.1822257328,-0.1898567301,
1209921979,-0.196178129,-0.1648195462,
1210121999,-0.2056720322,-0.1395197635,
1210322018,-0.213157479,-0.1149218961,
1210522038,-0.2164317233,-0.08737594332,
1210722058,-0.2184919609,-0.06001814578,
1210922078,-0.2138465664,-0.03318812515,
1211122097,-0.2089330533,-0.005500115601,
1211322117,-0.1986508035,0.02142242058,
1211522137,-0.1864299876,0.04469553389,
1211722157,-0.1687410854,0.06786179742,
1211922176,-0.1504354081,0.08809134289,
1212122196,-0.1288298203,0.10521401,
1212322216,-0.1054578277,0.1197450235,
1212522236,-0.0801024522,0.1308709752,
1212722255,-0.05307255024,0.1387430853,
1212922275,-0.02552784192,0.1425010498,
1213122295,0.0007489595456,0.1435188706,
1213322315,0.02893163673,0.1397125764,
1213522334,0.05612959652,0.1335887297,
1213722354,0.08129325573,0.1227439716,
1213922374,0.1054718273,0.1101485685,
1214122394,0.1270077722,0.09341168148,
1214322413,0.1459372252,0.07501161364,
1214522433,0.1627444779,0.05364836085,
1214722453,0.1764015982,0.03012030166,
1214922473,0.1859173446,0.004510146189,
1215122492,0.193198232,-0.02198027967,
1215322512,0.1976243332,-0.04796433815,
1215522532,0.197689675,-0.07357062746,
1215722552,0.1934439135,-0.1006346312,
1215922571,0.1861046706,-0.1244966898,
1216122591,0.1765461243,-0.1495735118,
1216322611,0.1631090267,-0.1719106356,
1216522631,0.1487598294,-0.1928537665,
1216722650,0.1293552638,-0.2127118398,
1216922670,0.1090233788,-0.2296456799,
1217122690,0.08787646566,-0.2414107532,
1217322710,0.06495954347,-0.2527048791,
1217522729,0.03866321532,-0.2591421144,
1217722749,0.01294174172,-0.263678234,
1217922769,-0.01182316781,-0.2653031079,
1218122789,-0.04021452547,-0.2628697718,
1218322808,-0.06423840751,-0.2563223467,
1218522828,-0.08943286304,-0.2488797087,
1218722848,-0.1126090372,-0.2367669974,
1218922868,-0.1355568002,-0.2213944951,
1219122887,-0.154315404,-0.2053893869,
1219322907,-0.170900065,-0.1845790863,
1219522927,-0.1874347459,-0.1623495136,
1219722947,-0.1997677185,-0.1404961327,
1219922966,-0.2091721231,-0.1140543957,
1220122986,-0.2138446046,-0.08785434112,
1220323006,-0.2162265808,-0.06124027651,
1220523026,-0.2171158373,-0.03452101256,
1220723045,-0.2128700749,-0.007584401468,
1220923065,-0.2057730654,0.01780079706,
1221123085,-0.1932121423,0.04359508681,
1221323105,-0.1787236163,0.06708356115,
1221523124,-0.1625470444,0.0877335303,
1221723144,-0.1420782167,0.108086875,
1221923164,-0.1212624298,0.1246204272,
1222123184,-0.09724170007,0.1389366304,
1222323203,-0.07161961291,0.1488518972,
1222523223,-0.04522954097,0.1555972863,
1222723243,-0.01704897039,0.1601809457,
1222923263,0.01024618866,0.1592239972,
1223123282,0.03758811083,0.1572731201,
1223323302,0.06450679309,0.1488557276,
1223523322,0.08975471344,0.1398684521,
1223723342,0.1153911968,0.1267734023,
1223923361,0.1372986932,0.1102738176,
1224123381,0.1583464039,0.09207131574,
1224323401,0.1753183998,0.07095380202,
1224523421,0.1904820164,0.04730707274,
1224723440,0.2017570389,0.0226021858,
1224923460,0.2099705648,-0.002501857768,
1225123480,0.2167232775,-0.02870760231,
1225323500,0.2177522432,-0.05573315477,
1225523519,0.2165583938,-0.08302846456,
1225723539,0.2128141872,-0.1103210638,
1225923559,0.2050597683,-0.13376334,
1226123579,0.1964748031,-0.1606507801,
1226323598,0.1823846127,-0.183913934,
1226523618,0.1664286201,-0.205001047,
1226723638,0.1482326528,-0.2244828579,
1226923658,0.1279357923,-0.2403106812,
1227123678,0.1063142414,-0.2564141718,
1227323697,0.08265755931,-0.265335697,
1227523717,0.05837216365,-0.2765297911,
1227723737,0.03249302556,-0.2814057186,
1227923757,0.006835669696,-0.2854406342,
1228123776,-0.02050713881,-0.2839091494,
1228323796,-0.04730337335,-0.2807500504,
1228523816,-0.07149156003,-0.2762858064,
1228723836,-0.0984571703,-0.2664434716,
1228923855,-0.1201687301,-0.2545615797,
1229123875,-0.1425550897,-0.2393335014,
1229323895,-0.1633032518,-0.2204445413,
1229523915,-0.1811419176,-0.2011865641,
1229723934,-0.1967499095,-0.1805806122,
1229923954,-0.2085482946,-0.1561861264,
1230123974,-0.2188726185,-0.1305718113,
1230323994,-0.22509665,-0.1058435158,
1230524013,-0.2278740477,-0.07874762888,
1230724033,-0.228330648,-0.0503487782,
1230924053,-0.2259657133,-0.02397172185,
1231124073,-0.2186482589,0.002308502202,
1231324092,-0.2084245931,0.02744214034,
1231524112,-0.194939643,0.05187062469,
1231724132,-0.1789455813,0.07326016259,
1231924152,-0.1601820666,0.09367282965,
1232124171,-0.1388469015,0.1104956499,
1232324191,-0.1146011263,0.1252599478,
1232524211,-0.09052105271,0.136813991,
1232724231,-0.06475232298,0.1448394632,
1232924250,-0.03788778088,0.1489972441,
1233124270,-0.0101433197,0.1502024563,
1233324290,0.01725618489,0.1479177152,
1233524310,0.04351902568,0.1411755971,
1233724329,0.06958735249,0.1314094003,
1233924349,0.0932487714,0.1193488454,
1234124369,0.1160019985,0.1025798695,
1234324389,0.135755762,0.0837061143,
1234524408,0.1523923297,0.06267993365,
1234724428,0.1667252261,0.03885532317,
1234924448,0.177601213,0.0144943817,
1235124468,0.1843482938,-0.01094071873,
1235324487,0.1894768236,-0.03574999558,
1235524507,0.1894650209,-0.06281602368,
1235724527,0.1875601182,-0.08908985146,
1235924547,0.1808941269,-0.1164240035,
1236124566,0.1717243119,-0.1407193787,
1236324586,0.1592579252,-0.1632556567,
1236524606,0.1442657051,-0.1851118339,
1236724626,0.1264467352,-0.2043775132,
1236924645,0.1060523084,-0.2211888873,
1237124665,0.08595072343,-0.2361473739,
1237324685,0.06064502613,-0.2469075999,
1237524705,0.03654169823,-0.256826632,
1237724724,0.01033223647,-0.2622474216,
1237924744,-0.01477770572,-0.2637236197,
1238124764,-0.04168496119,-0.2627477945,
1238324784,-0.06778182878,-0.2574975182,
1238524803,-0.09289440262,-0.2507357755,
1238724823,-0.1159692972,-0.2414802672,
1238924843,-0.13992594,-0.2289092619,
1239124863,-0.160051397,-0.2122452137,
1239324882,-0.1797517462,-0.1925030004,
1239524902,-0.198059245,-0.1727777534,
1239724922,-0.2113619522,-0.150908091,
1239924942,-0.2228660624,-0.1247565905,
1240124961,-0.2320468944,-0.1004322115,
1240324981,-0.2364371338,-0.07155893902,
1240525001,-0.2381127177,-0.04692712575,
1240725021,-0.2379105489,-0.01909568778,
1240925040,-0.2334462971,0.00800176725,
1241125060,-0.2243901434,0.03497908162,
1241325080,-0.2154251949,0.05989839067,
1241525100,-0.2009687764,0.08392549518,
1241725119,-0.1838501775,0.105766921,
1241925139,-0.1649420325,0.1262458469,
1242125159,-0.1427238338,0.1432458646,
1242325179,-0.118769333,0.1574362275,
1242525198,-0.09390079954,0.1687586224,
1242725218,-0.06687435082,0.1774742532,
1242925238,-0.03962574941,0.1828636152,
1243125258,-0.0125315061,0.1842337621,
1243325277,0.01609112064,0.1832567211,
1243525297,0.04259781277,0.1773875796,
1243725317,0.06785237144,0.1687202436,
1243925337,0.09440005213,0.1570736837,
1244125356,0.1162925564,0.1428631065,
1244325376,0.137084132,0.1268065798,
1244525396,0.1556367137,0.1061337157,
1244725416,0.1729220208,0.08379200107,
1244925435,0.1863443892,0.06081068828,
1245125455,0.1957473447,0.03588495536,
1245325475,0.2027013066,0.009536810782,
1245525495,0.2054983639,-0.01656879512,
1245725514,0.207165125,-0.04219338642,
1245925534,0.2036746005,-0.06949583054,
1246125554,0.1966448141,-0.09586555274,
1246325574,0.1870241511,-0.1195266731,
1246525593,0.1741105724,-0.1416145211,
1246725613,0.1583465452,-0.1628755144,
1246925633,0.1404986137,-0.1807661366,
1247125653,0.1221669537,-0.1979952388,
1247325672,0.09895754117,-0.2100727471,
1247525692,0.07559748108,-0.2204790855,
1247725712,0.0521884753,-0.2282013662,
1247925732,0.02736059083,-0.2319524368,
1248125751,0.002006975435,-0.2342967637,
1248325771,-0.02237200923,-0.2319059078,
1248525791,-0.04842952002,-0.2249226008,
1248725811,-0.07154354994,-0.2155252487,
1248925830,-0.09440763462,-0.203387815,
1249125850,-0.1148381137,-0.1891882924,
1249325870,-0.1326458317,-0.1713692771,
1249525890,-0.1493612861,-0.1516684775,
1249725909,-0.1626502702,-0.1296249128,
1249925929,-0.1720878921,-0.1068908362,
1250125949,-0.179556854,-0.08285171645,
1250325969,-0.1837719176,-0.05619890529,
1250525988,-0.1842501339,-0.03172999376,
1250726008,-0.1815282454,-0.004997060777,
1250926028,-0.1749209327,0.01989557804,
1251126048,-0.1646358824,0.04350433256,
1251326067,-0.1517414302,0.06682619269,
1251526087,-0.1361650877,0.08798129996,
1251726107,-0.1178599662,0.1069923711,
1251926127,-0.09681658562,0.1237625808,
1252126146,-0.07412017555,0.1360792452,
1252326166,-0.04882762944,0.1472418006,
1252526186,-0.02393073126,0.1539682497,
1252726206,0.002253662264,0.1583948825,
1252926225,0.02967236286,0.1577803104,
1253126245,0.05569166143,0.1554436179,
1253326265,0.08178166068,0.1483944594,
1253526285,0.1066898463,0.1398980295,
1253726305,0.1296128592,0.1278568819,
1253926324,0.1519832443,0.1123810837,
1254126344,0.1710229561,0.09395915365,
1254326364,0.1882394059,0.07381982593,
1254526384,0.2043545866,0.05121525525,
1254726403,0.2145806499,0.02896094226,
1254926423,0.2240103691,0.002509737948,
1255126443,0.2316657212,-0.02259997232,
1255326463,0.2332105444,-0.04767685765,
1255526482,0.2336384046,-0.07469062194,
1255726502,0.2302203446,-0.1007624152,
1255926522,0.2239896514,-0.1265342712,
1256126542,0.2128794506,-0.1496820807,
1256326561,0.2006934672,-0.1728022396,
1256526581,0.1867580215,-0.1948173105,
1256726601,0.1710701849,-0.2140003092,
1256926621,0.1518094355,-0.2307347613,
1257126640,0.1313457238,-0.2466956878,
1257326660,0.1079856192,-0.2593172864,
1257526680,0.08335481427,-0.2684338923,
1257726700,0.0584077467,-0.277184945,
1257926719,0.03289938871,-0.2787552369,
1258126739,0.008950437191,-0.2796830651,
1258326759,-0.01893540392,-0.2787625312,
1258526779,-0.04231971857,-0.2728035845,
1258726798,-0.06877586144,-0.2643666701,
1258926818,-0.0917320015,-0.2539995798,
1259126838,-0.1130942849,-0.2403492999,
1259326858,-0.1342486274,-0.2250655871,
1259526877,-0.1502872808,-0.205764031,
1259726897,-0.1671471215,-0.1840460514,
1259926917,-0.1802574494,-0.1632535224,
1260126937,-0.1897299983,-0.1391672249,
1260326956,-0.1967832534,-0.1131318805,
1260526976,-0.1998855162,-0.08757999283,
1260726996,-0.2009326263,-0.06175277617,
1260927016,-0.1974634121,-0.03466561066,
1261127035,-0.192243115,-0.01024497631,
1261327055,-0.1817142201,0.01569236811,
1261527075,-0.1702693147,0.03773416387,
1261727095,-0.1533587984,0.0592536673,
1261927114,-0.1366331053,0.07830223725,
1262127134,-0.1149077044,0.0936895014,
1262327154,-0.09326108754,0.1076765632,
1262527174,-0.06949950444,0.1191327804,
1262727193,-0.04381362199,0.125996382,
1262927213,-0.01764357833,0.129653638,
1263127233,0.008110984574,0.1291784529,
1263327253,0.03384468402,0.1273169465,
1263527272,0.05907739436,0.1201641792,
1263727292,0.08341909401,0.1113434495,
1263927312,0.1050945777,0.09830152718,
1264127332,0.125948543,0.08257868946,
1264327351,0.1442157548,0.06434481348,
1264527371,0.1584452667,0.04377184419,
1264727391,0.1720103195,0.02229645571,
1264927411,0.1823642968,-0.001782958972,
1265127430,0.188162858,-0.02486874388,
1265327450,0.1922877833,-0.05017513927,
1265527470,0.1929973798,-0.07447288344,
1265727490,0.1888274744,-0.09993690787,
1265927509,0.1829702218,-0.1242097896,
1266127529,0.1722272029,-0.14696863,
1266327549,0.1605961692,-0.1690745693,
1266527569,0.1468356288,-0.1882931497,
1266727588,0.1303258254,-0.2067341315,
1266927608,0.1116575125,-0.2226658792,
1267127628,0.09084435475,-0.2369320205,
1267327648,0.06911108456,-0.2454694593,
1267527667,0.04449814402,-0.2552109048,
1267727687,0.02204955606,-0.2590149312,
1267927707,-0.002525477102,-0.2610028044,
1268127727,-0.02606622765,-0.2592408894,
1268327746,-0.05229242361,-0.2563656345,
1268527766,-0.07652820553,-0.2477452034,
1268727786,-0.09811863505,-0.238938222,
1268927806,-0.118976362,-0.2245100981,
1269127825,-0.1386377461,-0.2079864802,
1269327845,-0.157860058,-0.1908285267,
1269527865,-0.1731585723,-0.171740845,
1269727885,-0.1843186883,-0.1495719101,
1269927904,-0.1954046701,-0.1253932386,
1270127924,-0.2044497469,-0.1014676071,
1270327944,-0.207379858,-0.07540318541,
1270527964,-0.207109223,-0.05027949025,
1270727983,-0.2046185558,-0.02530170051,
1270928003,-0.1990133461,0.00186296452,
1271128023,-0.1893152044,0.0257493868,
1271328043,-0.1778157046,0.04889550442,
1271528062,-0.1636782405,0.07052725993,
1271728082,-0.1439899531,0.08937043553,
1271928102,-0.1249517957,0.1073605407,
1272128122,-0.1034476106,0.1209899926,
1272328141,-0.07883582794,0.132084876,
1272528161,-0.05346893864,0.1404109062,
1272728181,-0.02846762107,0.1457013499,
1272928201,-0.0007989682971,0.1466051311,
1273128220,0.02559340487,0.1457661163,
1273328240,0.05093022193,0.1407429977,
1273528260,0.07662748474,0.1325441397,
1273728280,0.09983683786,0.1201753184,
1273928299,0.1216835514,0.1056983575,
1274128319,0.1402966523,0.08896876029,
1274328339,0.1576400587,0.06944662116,
1274528359,0.1723582256,0.04946720766,
1274728378,0.1838561847,0.02535910909,
1274928398,0.1943030283,0.0002912184572,
1275128418,0.1998414356,-0.02429316251,
1275328438,0.2013393802,-0.05014198209,
1275528457,0.2001641282,-0.07450635956,
1275728477,0.1964064896,-0.09951286291,
1275928497,0.1886823749,-0.1237423979,
1276128517,0.1794148317,-0.1466999167,
1276328536,0.1653136625,-0.1677191897,
1276528556,0.1507471594,-0.1882213569,
1276728576,0.1340337662,-0.2037385882,
1276928596,0.1143792414,-0.2188206754,
1277128615,0.09245774271,-0.2315213947,
1277328635,0.07118609836,-0.2427048244,
1277528655,0.04715103165,-0.2491358478,
1277728675,0.02343642751,-0.2528243788,
1277928694,-0.002109293458,-0.253312318,
1278128714,-0.0258302347,-0.2514067087,
1278328734,-0.04917481151,-0.245733221,
1278528754,-0.07253994804,-0.2377269944,
1278728773,-0.09363307085,-0.22721509,
1278928793,-0.115332668,-0.2136119911,
1279128813,-0.1337316003,-0.1962905822,
1279328833,-0.1507069878,-0.1797943227,
1279528852,-0.1638898224,-0.1574024198,
1279728872,-0.1751796374,-0.1369371478,
1279928892,-0.1829021129,-0.1128114545,
1280128912,-0.1901185994,-0.08732996967,
1280328932,-0.192805999,-0.06321117545,
1280528951,-0.1905867197,-0.03755758903,
1280728971,-0.1864439035,-0.0127666312,
1280928991,-0.1793005378,0.01223659929,
1281129011,-0.1678963723,0.0351160016,
1281329030,-0.155170867,0.05638834097,
1281529050,-0.1381564552,0.07698674807,
1281729070,-0.1191122718,0.09367731074,
1281929090,-0.09814233429,0.1094446557,
1282129109,-0.0756271696,0.1216604968,
1282329129,-0.05194512649,0.1311388382,
1282529149,-0.02633523001,0.1373512778,
1282729169,-0.000566610152,0.140072585,
1282929188,0.02522816888,0.139260681,
1283129208,0.0509680317,0.1354802128,
1283329228,0.07647692887,0.1285753699,
1283529248,0.1005419598,0.1182273153,
1283729267,0.1234794748,0.1049247567,
1283929287,0.1444724186,0.08898033133,
1284129307,0.1624461155,0.07014709012,
1284329327,0.1772325255,0.0497553755,
1284529346,0.1915847001,0.02905693354,
1284729366,0.2012803598,0.004493938919,
1284929386,0.208716893,-0.01950116891,
1285129406,0.2143765581,-0.04630061908,
1285329425,0.2151173011,-0.07031899554,
1285529445,0.2122098093,-0.09574685008,
1285729465,0.2068646698,-0.120825198,
1285929485,0.2000618641,-0.1443978624,
1286129504,0.1870800772,-0.1671374949,
1286329524,0.1769166531,-0.1887197621,
1286529544,0.160085217,-0.2085067315,
1286729564,0.1414757113,-0.2264586369,
1286929583,0.1222819189,-0.2407134958,
1287129603,0.101258631,-0.2527744631,
1287329623,0.07839954864,-0.2629776823,
1287529643,0.05534915619,-0.2715819207,
1287729662,0.02915055158,-0.2749959127,
1287929682,0.005876014818,-0.2765758743,
1288129702,-0.01959913254,-0.2749992328,
1288329722,-0.04249011801,-0.269679416,
1288529741,-0.06566668885,-0.2624852256,
1288729761,-0.0906041108,-0.2515473827,
1288929781,-0.1107604429,-0.2385996762,
1289129801,-0.1285320422,-0.2242866246,
1289329820,-0.1470354734,-0.2054565397,
1289529840,-0.160189979,-0.1852994497,
1289729860,-0.1739071406,-0.1649081721,
1289929880,-0.1841341039,-0.1416819036,
1290129899,-0.1898838757,-0.1160273,
1290329919,-0.1922973582,-0.092546477,
1290529939,-0.1927851936,-0.06717550102,
1290729959,-0.1904329597,-0.04335981499,
1290929978,-0.1842254955,-0.01996309849,
1291129998,-0.1746708791,0.005626110109,
1291330018,-0.1629031639,0.0265340829,
1291530038,-0.147151668,0.04652399682,
1291730057,-0.1303423967,0.06300934146,
1291930077,-0.1104764079,0.07971271178,
1292130097,-0.08788040722,0.09159755505,
1292330117,-0.06496512518,0.1014424195,
1292530136,-0.04061287119,0.1077064324,
1292730156,-0.01543964049,0.1100619118,
1292930176,0.009631679112,0.1100421583,
1293130196,0.0331882752,0.1058783118,
1293330215,0.05773707874,0.09909136346,
1293530235,0.08036808614,0.08834727471,
1293730255,0.101399879,0.07462139845,
1293930275,0.1203581666,0.05961380462,
1294130294,0.1370877649,0.04137112635,
1294330314,0.1504722971,0.02139365418,
1294530334,0.1622582512,-0.0009087280601,
1294730354,0.1702207419,-0.02343559591,
1294930373,0.1757142172,-0.0481418588,
1295130393,0.1778244967,-0.07192831787,
1295330413,0.1752808762,-0.09632347381,
1295530433,0.1715139473,-0.1199024169,
1295730452,0.1645592643,-0.1431734844,
1295930472,0.1544988472,-0.1656374454,
1296130492,0.1429521883,-0.1845607604,
1296330512,0.1259462673,-0.2040659847,
1296530531,0.1090696789,-0.2203270456,
1296730551,0.08980239821,-0.2337396137,
1296930571,0.06935059015,-0.2471634257,
1297130591,0.04753928915,-0.2554711639,
1297330610,0.02344149324,-0.2639778404,
1297530630,-0.0002196951685,-0.2665272283,
1297730650,-0.02376664707,-0.2665279779,
1297930670,-0.0479413262,-0.2639878509,
1298130689,-0.07153508638,-0.2585576604,
1298330709,-0.09433262897,-0.2512708219,
1298530729,-0.1170086397,-0.2377943224,
1298730749,-0.1375397906,-0.2270257675,
1298930768,-0.1575088121,-0.2089369385,
1299130788,-0.1722372244,-0.1903789999,
1299330808,-0.1885910643,-0.1708355439,
1299530828,-0.1999203467,-0.1491174274,
1299730847,-0.2084755735,-0.1246776312,
1299930867,-0.2161739678,-0.09976771385,
1300130887,-0.218772647,-0.07716846245,
1300330907,-0.2191267844,-0.05028990489,
1300530926,-0.2159835651,-0.02570776328,
1300730946,-0.2107702922,-0.000166546969,
1300930966,-0.2015691461,0.02388047708,
1301130986,-0.1877233047,0.04594761606,
1301331005,-0.1737560238,0.06865209898,
1301531025,-0.1552774306,0.08697072869,
1301731045,-0.1356999453,0.1035897403,
1301931065,-0.1139153813,0.117746567,
1302131084,-0.09056937504,0.1294886183,
1302331104,-0.0650636288,0.1375976862,
1302531124,-0.04013776622,0.1429517072,
1302731144,-0.01423385962,0.1453810092,
1302931163,0.01175972141,0.1430331774,
1303131183,0.0365906983,0.1380959216,
1303331203,0.06116596165,0.1302431121,
1303531223,0.08529753779,0.1194693626,
1303731242,0.1066117196,0.1054289138,
1303931262,0.126363091,0.08896860496,
1304131282,0.1435509168,0.07095858325,
1304331302,0.1587187074,0.04999163116,
1304531321,0.1706948655,0.02750867923,
1304731341,0.1805372088,0.003783656932,
1304931361,0.1859801478,-0.02064575441,
1305131381,0.1884972702,-0.04467125338,
1305331400,0.1884410531,-0.06970061759,
1305531420,0.1857037717,-0.09371175753,
1305731440,0.1794409518,-0.1177254883,
1305931460,0.1700311364,-0.1403717683,
1306131479,0.1575162257,-0.1616852814,
1306331499,0.1447251769,-0.1803818738,
1306531519,0.1281476148,-0.1989503955,
1306731539,0.1090362269,-0.2146882724,
1306931559,0.08859714047,-0.2276383072,
1307131578,0.06590128455,-0.2374231825,
1307331598,0.04473857927,-0.2452469925,
1307531618,0.02182771018,-0.249154225,
1307731638,-0.002905891602,-0.2500781226,
1307931657,-0.02656224548,-0.2507731763,
1308131677,-0.05002274856,-0.2437258465,
1308331697,-0.07376429051,-0.2376927769,
1308531717,-0.09571081624,-0.2277518904,
1308731736,-0.116108841,-0.2142724764,
1308931756,-0.134070717,-0.1996711155,
1309131776,-0.1505740038,-0.1831433922,
1309331796,-0.1659148953,-0.1639986965,
1309531815,-0.1774678598,-0.1429096279,
1309731835,-0.1860148752,-0.1200490063,
1309931855,-0.1927930896,-0.09669637447,
1310131875,-0.1955855347,-0.07172280979,
1310331894,-0.1954023031,-0.04819628132,
1310531914,-0.1937037199,-0.02333623595,
1310731934,-0.1876076763,0.0002454930327,
1310931954,-0.1776791307,0.02473071536,
1311131973,-0.1654249822,0.04584700195,
1311331993,-0.150885924,0.06746928865,
1311532013,-0.1333853772,0.08482967531,
1311732033,-0.1138643413,0.1016206952,
1311932052,-0.09170667598,0.1145994773,
1312132072,-0.07038881024,0.1250133123,
1312332092,-0.04491865882,0.1322016663,
1312532112,-0.01990966442,0.1366072641,
1312732131,0.005705310351,0.1364227548,
1312932151,0.0311375042,0.1355738393,
1313132171,0.05550395761,0.1297862192,
1313332191,0.07980055117,0.1211016066,
1313532210,0.1031381129,0.1084485473,
1313732230,0.124096596,0.09465486803,
1313932250,0.1421847643,0.07767731685,
1314132270,0.1587384322,0.0582595025,
1314332289,0.1730061137,0.03790464018,
1314532309,0.1850195834,0.01475650818,
1314732329,0.1926436192,-0.009212849423,
1314932349,0.1972013201,-0.03323385656,
1315132368,0.1995976931,-0.05797159387,
1315332388,0.1991023719,-0.08141274768,
1315532408,0.1959378952,-0.1065003105,
1315732428,0.1885173743,-0.1318730388,
1315932447,0.1789176942,-0.1520051634,
1316132467,0.1685447813,-0.1754860474,
1316332487,0.1533847474,-0.1932009968,
1316532507,0.1350174372,-0.2112742665,
1316732526,0.1167956029,-0.2274410089,
1316932546,0.0971509128,-0.2405891832,
1317132566,0.07456614471,-0.250752353,
1317332586,0.0525368264,-0.2592044466,
1317532605,0.02858909685,-0.2629637624,
1317732625,0.003664695692,-0.266818359,
1317932645,-0.02008578931,-0.2635524813,
1318132665,-0.04300132285,-0.2602513354,
1318332684,-0.06820898588,-0.2546664294,
1318532704,-0.08935877877,-0.2444760189,
1318732724,-0.1106488841,-0.2333411146,
1318932744,-0.1306463627,-0.2185013759,
1319132763,-0.1485717948,-0.2010346771,
1319332783,-0.1635953683,-0.1813359831,
1319532803,-0.175017741,-0.1602195234,
1319732823,-0.1858574037,-0.1382899485,
1319932842,-0.192255451,-0.1166827083,
1320132862,-0.1972963184,-0.09184677432,
1320332882,-0.19756112,-0.06710944685,
1320532902,-0.195981338,-0.0418043796,
1320732921,-0.1902688352,-0.01781536532,
1320932941,-0.182521928,0.006727619897,
1321132961,-0.1714249967,0.02731399278,
1321332981,-0.1583945262,0.04924112189,
1321533000,-0.1399673756,0.06676888069,
1321733020,-0.1216220483,0.08300368944,
1321933040,-0.100080947,0.09798303523,
1322133060,-0.07759520172,0.1079852553,
1322333079,-0.05474941094,0.1161529732,
1322533099,-0.03023143712,0.1212430054,
1322733119,-0.004531347406,0.1215700282,
1322933139,0.02060948157,0.1200010132,
1323133158,0.04500372029,0.1147618468,
1323333178,0.06824582365,0.1065214904,
1323533198,0.09023714721,0.0963465568,
1323733218,0.1118179505,0.082020858,
1323933237,0.1301553751,0.06482102504,
1324133257,0.1465656107,0.04618969093,
1324333277,0.1595885479,0.02658006119,
1324533297,0.1708398906,0.003080241475,
1324733316,0.1790836331,-0.01980886074,
1324933336,0.1826837191,-0.04363868063,
1325133356,0.1857986951,-0.06783555461,
1325333376,0.1834014556,-0.09263535928,
1325533395,0.1801700855,-0.1163117582,
1325733415,0.1726877472,-0.1402448663,
1325933435,0.1624003934,-0.161885798,
1326133455,0.1493729155,-0.1828008542,
1326333474,0.1341807921,-0.2006838326,
1326533494,0.1179169963,-0.2182232974,
1326733514,0.09760233472,-0.2337242324,
1326933534,0.07687187855,-0.2440099106,
1327133553,0.05509639472,-0.2536569848,
1327333573,0.03071797518,-0.2616056867,
1327533593,0.007540986646,-0.2646928909,
1327733613,-0.01632956955,-0.2675630859,
1327933632,-0.04118840047,-0.2650206288,
1328133652,-0.0649852678,-0.2592909786,
1328333672,-0.08712986294,-0.2527978503,
1328533692,-0.1090133815,-0.2410821012,
1328733711,-0.1309198865,-0.230155345,
1328933731,-0.1494870499,-0.2143427598,
1329133751,-0.1657690328,-0.1979918056,
1329333771,-0.1808955574,-0.1783144066,
1329533790,-0.1935666906,-0.1549065731,
1329733810,-0.2023573713,-0.1331486593,
1329933830,-0.2107473857,-0.1084112242,
1330133850,-0.2137287307,-0.08449297886,
1330333869,-0.2156643151,-0.05981869679,
1330533889,-0.2140390623,-0.03384524936,
1330733909,-0.2089795284,-0.01059255979,
1330933929,-0.1991648284,0.01391584959,
1331133948,-0.188595979,0.03591965965,
1331333968,-0.1738864036,0.05703469014,
1331533988,-0.1573609007,0.07577757518,
1331734008,-0.1392733878,0.09308961826,
1331934027,-0.1179131076,0.1078303111,
1332134047,-0.09495843551,0.1190423764,
1332334067,-0.0717394471,0.127899585,
1332534087,-0.04710851518,0.1338953917,
1332734106,-0.0215658574,0.1360385541,
1332934126,0.004173895212,0.1346013626,
1333134146,0.02895072127,0.1306954412,
1333334166,0.05138693114,0.1230239898,
1333534186,0.07529966729,0.1132854163,
1333734206,0.0966258561,0.1000610078,
1333934225,0.1151494471,0.08413610109,
1334134245,0.1327752031,0.0658183101,
1334334265,0.1462988144,0.04628429963,
1334534285,0.1580039654,0.02468574762,
1334734304,0.1668348068,0.001281870602,
1334934324,0.1727928405,-0.02171273643,
1335134344,0.1750388637,-0.04645637727,
1335334364,0.1747008634,-0.07079167009,
1335534383,0.1697639443,-0.0940592077,
1335734403,0.1647953996,-0.1171119782,
1335934423,0.155275303,-0.137603999,
1336134443,0.1434344145,-0.1582722857,
1336334462,0.1276423089,-0.1782261893,
1336534482,0.1116330555,-0.1946403557,
1336734502,0.09257880755,-0.2082038965,
1336934522,0.07238394143,-0.2191832295,
1337134541,0.05106501057,-0.2298094562,
1337334561,0.02788294466,-0.235253164,
1337534581,0.00517156047,-0.2377475179,
1337734601,-0.01780448089,-0.2390636551,
1337934620,-0.04081114245,-0.2369029281,
1338134640,-0.0642601219,-0.2303649501,
1338334660,-0.08598681052,-0.2232629736,
1338534680,-0.1072379335,-0.2119715417,
1338734699,-0.1259679143,-0.1964932076,
1338934719,-0.144863652,-0.181040761,
1339134739,-0.159897925,-0.1624907834,
1339334759,-0.1735460662,-0.1429644101,
1339534778,-0.1838006141,-0.1204944401,
1339734798,-0.1913394589,-0.09747061121,
1339934818,-0.1942049283,-0.07374894177,
1340134838,-0.1958750593,-0.05000620132,
1340334857,-0.1940355745,-0.0259480527,
1340534877,-0.1898542257,-0.001832169293,
1340734897,-0.1814183152,0.02258572316,
1340934917,-0.1720010595,0.0448389986,
1341134936,-0.1583089511,0.06494939044,
1341334956,-0.1422301411,0.08498571036,
1341534976,-0.1231878158,0.1021829408,
1341734996,-0.1014973599,0.115336294,
1341935015,-0.08005684092,0.1270462204,
1342135035,-0.05637863771,0.1361876683,
1342335055,-0.03195872292,0.1426467108,
1342535075,-0.006648337611,0.1443576467,
1342735094,0.01893660554,0.1440838758,
1342935114,0.04396065215,0.1395245464,
1343135134,0.06845414081,0.1318907093,
1343335154,0.09200132532,0.1221412517,
1343535173,0.1134634458,0.1087424415,
1343735193,0.133005958,0.09324596601,
1343935213,0.150206079,0.0752924463,
1344135233,0.1658948589,0.05541832525,
1344335252,0.1782346942,0.03370459856,
1344535272,0.1873191299,0.01188353942,
1344735292,0.1947073774,-0.01204440725,
1344935312,0.1985776954,-0.03688513795,
1345135331,0.1987990948,-0.06100271368,
1345335351,0.1970804616,-0.08606374795,
1345535371,0.1924844536,-0.1100571366,
1345735391,0.1840228141,-0.1314951356,
1345935410,0.1730308754,-0.1541667801,
1346135430,0.159661874,-0.1726418929,
1346335450,0.1437194262,-0.1910692233,
1346535470,0.1252062941,-0.2083217181,
1346735489,0.1060172444,-0.220517338,
1346935509,0.08613521574,-0.2313895495,
1347135529,0.06466843141,-0.2421448194,
1347335549,0.04235132039,-0.2469410707,
1347535568,0.01764632541,-0.2509752622,
1347735588,-0.004698837993,-0.2508204436,
1347935608,-0.02823890135,-0.248328983,
1348135628,-0.05327742192,-0.241778193,
1348335647,-0.07210425132,-0.2338800989,
1348535667,-0.09442530148,-0.2223697354,
1348735687,-0.1137291792,-0.2083392335,
1348935707,-0.1315052297,-0.1940474399,
1349135726,-0.1467257835,-0.1746894353,
1349335746,-0.1594098721,-0.1562775818,
1349535766,-0.1704427466,-0.1347456457,
1349735786,-0.1788968068,-0.110977653,
1349935805,-0.1842926128,-0.0877539715,
1350135825,-0.184397949,-0.06330072044,
1350335845,-0.1845675101,-0.03817138165,
1350535865,-0.1796425422,-0.01532869892,
1350735884,-0.1726078856,0.007856030645,
1350935904,-0.1632179899,0.0307378473,
1351135924,-0.1506566738,0.05165539705,
1351335944,-0.1340105668,0.06918989508,
1351535963,-0.1174799158,0.08626512915,
1351735983,-0.09662832928,0.1003425199,
1351936003,-0.07555049862,0.1125620071,
1352136023,-0.05122427369,0.1222848298,
1352336042,-0.02770273917,0.1273497409,
1352536062,-0.003533728715,0.1304527246,
1352736082,0.02216948018,0.1299888518,
1352936102,0.04642188134,0.1265709072,
1353136121,0.06983479504,0.120700149,
1353336141,0.09290407655,0.1092981185,
1353536161,0.1147590622,0.09724803606,
1353736181,0.1340567975,0.0828696533,
1353936200,0.1517488861,0.06620094724,
1354136220,0.1661658776,0.04561218327,
1354336240,0.178450425,0.02517472768,
1354536260,0.1883579287,0.002191910006,
1354736279,0.1961508519,-0.02085833297,
1354936299,0.1997259787,-0.04346079645,
1355136319,0.2002885112,-0.06794512475,
1355336339,0.1994808525,-0.09322466041,
1355536358,0.1936590683,-0.1163865762,
1355736378,0.1872793817,-0.1380717635,
1355936398,0.1773108563,-0.159100905,
1356136418,0.163539554,-0.1811439364,
1356336437,0.1476518385,-0.1979165026,
1356536457,0.1316974217,-0.2131653819,
1356736477,0.1118445911,-0.2282278385,
1356936497,0.09211200739,-0.2403094341,
1357136516,0.07229467301,-0.2493124237,
1357336536,0.0494163743,-0.2556390958,
1357536556,0.02599141319,-0.2598846186,
1357736576,0.001652172097,-0.2597749549,
1357936595,-0.02182819358,-0.2581292993,
1358136615,-0.04557432534,-0.2537495237,
1358336635,-0.06650673,-0.2472391589,
1358536655,-0.08672047972,-0.2370478237,
1358736675,-0.1077811043,-0.2232562175,
1358936694,-0.1246570948,-0.2078291966,
1359136714,-0.1419141742,-0.1896656216,
1359336734,-0.1548964266,-0.1715576134,
1359536754,-0.1670679959,-0.1498794806,
1359736773,-0.173935186,-0.127615577,
1359936793,-0.1806504063,-0.1064014052,
1360136813,-0.1848031919,-0.08195809402,
1360336833,-0.1834931063,-0.05698641792,
1360536852,-0.1805718264,-0.03401445858,
1360736872,-0.1728780641,-0.01041286573,
1360936892,-0.1641876791,0.01244004844,
1361136912,-0.1526731235,0.03268335961,
1361336931,-0.1368736522,0.05179609334,
1361536951,-0.1192389878,0.06975251356,
1361736971,-0.09972142713,0.08356330209,
1361936991,-0.0789732621,0.09578115647,
1362137010,-0.05667854645,0.1053972415,
1362337030,-0.03185795043,0.1111366297,
1362537050,-0.007963660144,0.1140348803,
1362737070,0.01605490815,0.1133971968,
1362937089,0.04052754944,0.1100380108,
1363137109,0.06385345314,0.1039456109,
1363337129,0.08605552266,0.09395384675,
1363537149,0.1081386726,0.08134141832,
1363737168,0.1265424801,0.06726287487,
1363937188,0.1430753785,0.04989312028,
1364137208,0.1578281284,0.03084800066,
1364337228,0.1691279182,0.0102210343,
1364537247,0.1798576621,-0.01336094852,
1364737267,0.1849535987,-0.0365351964,
1364937287,0.1879878705,-0.05925974845,
1365137307,0.1885189722,-0.08285293598,
1365337326,0.188046872,-0.1071513148,
1365537346,0.1814021723,-0.1298501704,
1365737366,0.1731429188,-0.1522375865,
1365937386,0.1615679305,-0.1726811245,
1366137405,0.1491716055,-0.1931089714,
1366337425,0.1338160708,-0.2102395509,
1366537445,0.1165429478,-0.2266254656,
1366737465,0.097177147,-0.2381648696,
1366937484,0.0764263524,-0.2500411581,
1367137504,0.05417298455,-0.2586228956,
1367337524,0.03119407587,-0.2642939381,
1367537544,0.009511263618,-0.2672779654,
1367737563,-0.01594348106,-0.2664187874,
1367937583,-0.03871047868,-0.2662991455,
1368137603,-0.06129330347,-0.2605196186,
1368337623,-0.08396400776,-0.2516241145,
1368537642,-0.1062786905,-0.2420394167,
1368737662,-0.1237473556,-0.228146407,
1368937682,-0.1436535775,-0.2125985099,
1369137702,-0.1597235255,-0.1949124253,
1369337721,-0.1734971073,-0.1750697959,
1369537741,-0.1852196022,-0.1544244862,
1369737761,-0.1941102873,-0.1326868117,
1369937781,-0.1995391966,-0.1094160043,
1370137800,-0.203777687,-0.08419216149,
1370337820,-0.2035202041,-0.06091848436,
1370537840,-0.2006184846,-0.03576102319,
1370737860,-0.1952616398,-0.01276261461,
1370937879,-0.1866421318,0.009364756802,
1371137899,-0.1760664336,0.03172160152,
1371337919,-0.1617098696,0.05218527321,
1371537939,-0.1450438468,0.07043791562,
1371737958,-0.1257753911,0.08711198224,
1371937978,-0.1053222496,0.1010977696,
1372137998,-0.08350984618,0.1120065375,
1372338018,-0.06054274032,0.1192692259,
1372538037,-0.03629466291,0.124487175,
1372738057,-0.01117407068,0.1260006827,
1372938077,0.01406975334,0.1244959513,
1373138097,0.0374108806,0.120615473,
1373338116,0.06093906989,0.1126095542,
1373538136,0.08233470089,0.1030505191,
1373738156,0.1032407008,0.09013855303,
1373938176,0.1221131522,0.0735344708,
1374138195,0.1387933668,0.05633015215,
1374338215,0.1524446238,0.03672576835,
1374538235,0.1628380088,0.01618805847,
1374738255,0.172695269,-0.006157485905,
1374938274,0.1771895513,-0.02954939544,
1375138294,0.1799251269,-0.05307236032,
1375338314,0.180428285,-0.07688969833,
1375538334,0.1765288531,-0.1006050015,
1375738353,0.170137708,-0.1214215159,
1375938373,0.1613982422,-0.1430621497,
1376138393,0.1478160482,-0.1638847908,
1376338413,0.1347416609,-0.1805831876,
1376538432,0.1184409077,-0.1968713748,
1376738452,0.09901285104,-0.2121040347,
1376938472,0.08117506281,-0.2237883613,
1377138492,0.05961549174,-0.2327164597,
1377338511,0.0377625596,-0.2390642784,
1377538531,0.01478246064,-0.2428754183,
1377738551,-0.008100449393,-0.2428871882,
1377938571,-0.03090785563,-0.2405446495,
1378138590,-0.05257569643,-0.2363020852,
1378338610,-0.07309300075,-0.228838376,
1378538630,-0.0935584978,-0.2187593482,
1378738650,-0.1130602608,-0.2052662895,
1378938669,-0.1299912141,-0.1894334722,
1379138689,-0.1463730888,-0.1715039331,
1379338709,-0.1581565569,-0.1528930636,
1379538729,-0.1693865804,-0.132543357,
1379738748,-0.1756849637,-0.1099539242,
1379938768,-0.1818481939,-0.08669427016,
1380138788,-0.1834443296,-0.06274543919,
1380338808,-0.1813108617,-0.03873003905,
1380538827,-0.1784682176,-0.01467153177,
1380738847,-0.1711590528,0.007928051876,
1380938867,-0.1603422575,0.02949659874,
1381138887,-0.1477336285,0.05031520579,
1381338906,-0.1315424496,0.06829678544,
1381538926,-0.1139315223,0.08465933833,
1381738946,-0.09415327155,0.09993186651,
1381938966,-0.07223883197,0.1109660959,
1382138985,-0.04922895421,0.1189317692,
1382339005,-0.0261103576,0.1252512086,
1382539025,-0.0004770200671,0.1278370246,
1382739045,0.02350304526,0.1263553977,
1382939064,0.04835429373,0.1223750647,
1383139084,0.07035535442,0.1168222636,
1383339104,0.09365454117,0.1066718289,
1383539124,0.1153734471,0.09412603888,
1383739144,0.1341706505,0.07968347583,
1383939163,0.1508045662,0.0618868416,
1384139183,0.1659956262,0.04414336157,
1384339203,0.1786250118,0.02224961621,
1384539223,0.1880978813,0.0003079018528,
1384739242,0.1956821961,-0.02269043427,
1384939262,0.1990433068,-0.04490182119,
1385139282,0.1991937104,-0.0690398742,
1385339302,0.1994809297,-0.09261971269,
1385539321,0.1945122451,-0.11645411,
1385739341,0.1858396312,-0.139830933,
1385939361,0.1770587227,-0.1588648314,
1386139381,0.164640332,-0.1797872849,
1386339400,0.1502731855,-0.1970571891,
1386539420,0.1346047395,-0.2143053996,
1386739440,0.1153234724,-0.2267360988,
1386939460,0.09614123778,-0.2400513949,
1387139479,0.07460873038,-0.2487954036,
1387339499,0.05182145143,-0.2561739317,
1387539519,0.02812835356,-0.2601626155,
1387739539,0.005628910114,-0.2594531363,
1387939558,-0.0173562974,-0.2577616674,
1388139578,-0.0390820984,-0.2548524016,
1388339598,-0.06100703997,-0.2480739278,
1388539618,-0.0818596853,-0.2375319768,
1388739637,-0.1010555649,-0.2249139717,
1388939657,-0.1194041376,-0.208862446,
1389139677,-0.135578828,-0.1931038505,
1389339697,-0.1490189025,-0.1732346591,
1389539716,-0.1594310742,-0.1540895578,
1389739736,-0.1687415018,-0.1319201362,
1389939756,-0.1746465974,-0.1078872879,
1390139776,-0.1769369656,-0.08569008607,
1390339795,-0.1766764884,-0.06275701782,
1390539815,-0.1749009808,-0.03811807173,
1390739835,-0.167640723,-0.01505677883,
1390939855,-0.1585315388,0.004881391191,
1391139874,-0.1464307539,0.02675098351,
1391339894,-0.1323818314,0.04541236778,
1391539914,-0.1154578337,0.06273656392,
1391739934,-0.09586980276,0.07752280988,
1391939953,-0.07408488526,0.08854655797,
1392139973,-0.05247869853,0.09775109004,
1392339993,-0.03008418249,0.1041435559,
1392540013,-0.004882149447,0.1070942942,
1392740032,0.01784531089,0.1063365481,
1392940052,0.04175278822,0.1028509915,
1393140072,0.06499698624,0.09774198866,
1393340092,0.08648806611,0.08770723384,
1393540111,0.1068114472,0.07517519237,
1393740131,0.1270770399,0.06079567822,
1393940151,0.1431404033,0.04389892408,
1394140171,0.1573658945,0.02542461186,
1394340190,0.1679769891,0.004646931362,
1394540210,0.1782497933,-0.01705201508,
1394740230,0.1837800852,-0.03904021964,
1394940250,0.1879340527,-0.06139555406,
1395140269,0.1878765716,-0.08489850733,
1395340289,0.1868606418,-0.1072967875,
1395540309,0.1805780375,-0.130512845,
1395740329,0.1734031291,-0.1524382568,
1395940348,0.1620362222,-0.1719417844,
1396140368,0.1504118974,-0.1913398465,
1396340388,0.1365498699,-0.207628659,
1396540408,0.120213475,-0.2229363251,
1396740427,0.1015958878,-0.2357158661,
1396940447,0.07936878892,-0.246624037,
1397140467,0.06004130226,-0.2559855475,
1397340487,0.03944544165,-0.2626077001,
1397540506,0.01608227712,-0.2637811131,
1397740526,-0.007036096984,-0.2650850504,
1397940546,-0.02940924572,-0.2636132784,
1398140566,-0.05243302114,-0.257177075,
1398340585,-0.07213312691,-0.2494511331,
1398540605,-0.09300826927,-0.2391161158,
1398740625,-0.1123512546,-0.2271591762,
1398940645,-0.1295830783,-0.2121006829,
1399140664,-0.1461261233,-0.1948778834,
1399340684,-0.1581724724,-0.1759600047,
1399540704,-0.1701588948,-0.1557104958,
1399740724,-0.1774696507,-0.1339417182,
1399940743,-0.1833721379,-0.111060903,
1400140763,-0.1857173705,-0.0882371101,
1400340783,-0.1855678458,-0.06457095752,
1400540803,-0.1812697227,-0.04141937337,
1400740822,-0.1743733723,-0.01782580234,
1400940842,-0.1649026861,0.003729012894,
1401140862,-0.1538833277,0.02404226774,
1401340882,-0.1385072215,0.04275169772,
1401540901,-0.1213525583,0.05951271749,
1401740921,-0.1027427161,0.07364982555,
1401940941,-0.08198110055,0.08509727068,
1402140961,-0.05933569649,0.0937345696,
1402340980,-0.03603530404,0.1002923086,
1402541000,-0.0124744623,0.1027363027,
1402741020,0.01146263569,0.1013019882,
1402941040,0.0351958754,0.09823513283,
1403141059,0.05720190354,0.09116815899,
1403341079,0.07869791151,0.08103551214,
1403541099,0.09909755244,0.06847118063,
1403741119,0.1174794272,0.0532868366,
1403941138,0.1322540389,0.03690285728,
1404141158,0.1465653939,0.01798759313,
1404341178,0.1562541912,-0.002375792326,
1404541198,0.1652589604,-0.02453725513,
1404741217,0.1699337797,-0.0458099336,
1404941237,0.1729517613,-0.06908070559,
1405141257,0.1709385412,-0.09011871563,
1405341277,0.1678663781,-0.1145204974,
1405541296,0.1629470401,-0.1351641121,
1405741316,0.1537944005,-0.154722535,
1405941336,0.1419335984,-0.1749513981,
1406141356,0.1275220205,-0.1919643847,
1406341375,0.1118826755,-0.2079020991,
1406541395,0.09449518267,-0.2214416576,
1406741415,0.07652769324,-0.2314222856,
1406941435,0.05561597384,-0.2404101473,
1407141454,0.03472518936,-0.2472744101,
1407341474,0.01371497088,-0.2498727719,
1407541494,-0.01025805097,-0.2517658254,
1407741514,-0.03097179998,-0.2476349683,
1407941534,-0.05212179192,-0.244746639,
1408141553,-0.07321239663,-0.2366139929,
1408341573,-0.0931079375,-0.2268418578,
1408541593,-0.1114899093,-0.2127469376,
1408741613,-0.1292691473,-0.1992084475,
1408941632,-0.1433254066,-0.1826712168,
1409141652,-0.1560359134,-0.1634964299,
1409341672,-0.1665472403,-0.1422995344,
1409541692,-0.1738295439,-0.1225667377,
1409741711,-0.1809478876,-0.09934096164,
1409941731,-0.1820103282,-0.07725772926,
1410141751,-0.1809041873,-0.05354015806,
1410341771,-0.1781389438,-0.03122549134,
1410541790,-0.1708253585,-0.007758754827,
1410741810,-0.1621859871,0.01351094811,
1410941830,-0.1491975812,0.03429379471,
1411141850,-0.1355068734,0.05276827265,
1411341869,-0.1170672965,0.0695720618,
1411541889,-0.09912809316,0.08325317267,
1411741909,-0.07750998652,0.09580086622,
1411941929,-0.05501228504,0.1045092811,
1412141948,-0.03136375009,0.1113507438,
1412341968,-0.00826317756,0.1134967494,
1412541988,0.01657208822,0.1149069096,
1412742008,0.04016434467,0.1113038562,
1412942027,0.06416855917,0.1051669594,
1413142047,0.08617674282,0.09585612061,
1413342067,0.106641136,0.08493889248,
1413542087,0.1266531494,0.07147756327,
1413742106,0.1437751389,0.05349178814,
1413942126,0.1603000624,0.03561201014,
1414142146,0.172407416,0.01573794706,
1414342166,0.1818866035,-0.006663758401,
1414542185,0.1896148492,-0.02740902951,
1414742205,0.1952696081,-0.05255020654,
1414942225,0.1966242337,-0.07391066085,
1415142245,0.1944136976,-0.0983102681,
1415342264,0.1899643149,-0.1213943074,
1415542284,0.1834684799,-0.1434188837,
1415742304,0.1753343879,-0.1656537234,
1415942324,0.1644181677,-0.1852460299,
1416142343,0.1510658923,-0.2014675756,
1416342363,0.1348144246,-0.2183998517,
1416542383,0.1174457086,-0.2338214906,
1416742403,0.09911132324,-0.2447227296,
1416942422,0.07834879366,-0.2550557633,
1417142442,0.05749587166,-0.2613877235,
1417342462,0.03601558317,-0.2665999745,
1417542482,0.01304566615,-0.2673343883,
1417742501,-0.009145009826,-0.2694106097,
1417942521,-0.03104602911,-0.2639153157,
1418142541,-0.05348508434,-0.2584265706,
1418342561,-0.07342057814,-0.2506423817,
1418542580,-0.09316237056,-0.23956008,
1418742600,-0.1103152952,-0.227048922,
1418942620,-0.128286763,-0.2113355563,
1419142640,-0.1421271397,-0.1939374338,
1419342659,-0.1528786941,-0.1754123416,
1419542679,-0.1625421968,-0.1539724327,
1419742699,-0.1685720814,-0.1323287909,
1419942719,-0.1735668049,-0.1107011267,
1420142738,-0.1741153178,-0.08801318076,
1420342758,-0.1737856921,-0.06451161134,
1420542778,-0.1691852745,-0.04393254948,
1420742798,-0.1610900092,-0.02175279563,
1420942817,-0.1505109451,-0.001019736422,
1421142837,-0.138087221,0.01753735324,
1421342857,-0.1222148008,0.03430954919,
1421542877,-0.1051559762,0.04918964642,
1421742896,-0.08530600508,0.06179929557,
1421942916,-0.06444845843,0.07150810706,
1422142936,-0.04304216253,0.07881790427,
1422342956,-0.02002675552,0.08195419238,
1422542975,0.002501577661,0.08368772072,
1422742995,0.02590035217,0.08100375081,
1422943015,0.04785043428,0.07504039155,
1423143035,0.06897677109,0.06683747354,
1423343054,0.08968094985,0.05656949902,
1423543074,0.1073416388,0.04192112687,
1423743094,0.1241327132,0.02678610285,
1423943114,0.1384032194,0.009069813145,
1424143133,0.1496193683,-0.01053428784,
1424343153,0.1586974258,-0.03067487378,
1424543173,0.1668405539,-0.0525071858,
1424743193,0.1686237189,-0.07430726816,
1424943212,0.1705063902,-0.09648205466,
1425143232,0.1678736725,-0.1186859332,
1425343252,0.1620747209,-0.1419132228,
1425543272,0.1550419933,-0.1621526297,
1425743291,0.1442672068,-0.1835781784,
1425943311,0.1336859203,-0.2010055437,
1426143331,0.1177345156,-0.2165303544,
1426343351,0.1031309761,-0.2333930735,
1426543370,0.08409821333,-0.2455411488,
1426743390,0.06530170024,-0.2547807378,
1426943410,0.04387362083,-0.2630064433,
1427143430,0.02372145413,-0.2689675313,
1427343449,0.001794922216,-0.2720833209,
1427543469,-0.02083753439,-0.2724320934,
1427743489,-0.04385693398,-0.2699694227,
1427943509,-0.06511626709,-0.265320526,
1428143528,-0.08404047278,-0.2581132103,
1428343548,-0.1062260178,-0.2482594848,
1428543568,-0.1235183544,-0.2367711042,
1428743588,-0.140182829,-0.2223741164,
1428943607,-0.1566316226,-0.2041658437,
1429143627,-0.1685154821,-0.1865867911,
1429343647,-0.1822021295,-0.1668911997,
1429543667,-0.1889534532,-0.1461588676,
1429743686,-0.1953298579,-0.1240797761,
1429943706,-0.199561819,-0.1022055869,
1430143726,-0.1984792618,-0.0796873258,
1430343746,-0.1963260734,-0.0561356505,
1430543765,-0.1903573233,-0.03316329316,
1430743785,-0.1830256671,-0.01100119072,
1430943805,-0.1710097289,0.009729080446,
1431143825,-0.1580133549,0.02861381456,
1431343844,-0.1416374199,0.04450663499,
1431543864,-0.1239665566,0.05991528583,
1431743884,-0.1036627801,0.07238940433,
1431943904,-0.08238849095,0.08227157105,
1432143923,-0.05941871262,0.08908767977,
1432343943,-0.0371865766,0.09236358011,
1432543963,-0.0128039326,0.09361693185,
1432743983,0.01018763664,0.09102856656,
1432944003,0.03194137893,0.08572736246,
1433144022,0.05363898032,0.07675745351,
1433344042,0.07418543415,0.06539702967,
1433544062,0.09240811712,0.05241474403,
1433744082,0.1087244517,0.03628189781,
1433944101,0.1235216137,0.0179066453,
1434144121,0.1339297062,-0.001192841935,
1434344141,0.143702874,-0.02282678716,
1434544161,0.1496793625,-0.04360361131,
1434744180,0.1521105235,-0.06667750765,
1434944200,0.1528543051,-0.08834168426,
1435144220,0.150218889,-0.1107842819,
1435344240,0.1440745324,-0.1309604043,
1435544259,0.1356624613,-0.1525876141,
1435744279,0.1253691619,-0.1723741843,
1435944299,0.1117967751,-0.1901882628,
1436144319,0.09705010854,-0.2061373358,
1436344338,0.08014686126,-0.2175240661,
1436544358,0.06044454794,-0.2314723157,
1436744378,0.04257351639,-0.2386648157,
1436944398,0.02258706221,-0.246324875,
1437144417,-0.001344044301,-0.2498707899,
1437344437,-0.02324366786,-0.251775244,
1437544457,-0.04309092324,-0.2485764392,
1437744477,-0.06389004154,-0.2464488965,
1437944496,-0.08665058338,-0.240442515,
1438144516,-0.1064855111,-0.230123686,
1438344536,-0.1249502748,-0.2184025375,
1438544556,-0.1422289071,-0.2048105948,
1438744575,-0.1576478602,-0.1879438737,
1438944595,-0.1710007232,-0.1708380362,
1439144615,-0.1833938937,-0.1516788837,
1439344635,-0.1920084349,-0.1300605918,
1439544654,-0.1977452291,-0.1091479868,
1439744674,-0.2008839208,-0.0852810953,
1439944694,-0.2017022961,-0.0628074025,
1440144714,-0.1989646266,-0.03956365813,
1440344733,-0.1957887407,-0.01704905977,
1440544753,-0.1878723705,0.004503557834,
1440744773,-0.1789739961,0.02448465535,
1440944793,-0.1651551766,0.0452304467,
1441144812,-0.1514718649,0.06243820952,
1441344832,-0.1336963876,0.07793019265,
1441544852,-0.1142816801,0.09365301573,
1441744872,-0.09399441707,0.1033477643,
1441944891,-0.07236046704,0.1123889541,
1442144911,-0.04832698154,0.1182067614,
1442344931,-0.02497726458,0.121865365,
1442544951,-0.00154683664,0.1226411316,
1442744970,0.02175217342,0.119345786,
1442944990,0.04513793594,0.1138386106,
1443145010,0.06755393516,0.1059047514,
1443345030,0.08787050263,0.09459305161,
1443545049,0.1079169284,0.08004158199,
1443745069,0.1239813135,0.0644247815,
1443945089,0.1401562786,0.04743596994,
1444145109,0.1525824772,0.02731931999,
1444345128,0.1622519134,0.006888117373,
1444545148,0.1702716965,-0.0150048645,
1444745168,0.1734742185,-0.03733894306,
1444945188,0.1770616906,-0.05973340371,
1445145207,0.1745519729,-0.08239912361,
1445345227,0.1716631419,-0.1032861571,
1445545247,0.1636497869,-0.125932746,
1445745267,0.1533232352,-0.1477279144,
1445945286,0.1430633129,-0.1645658799,
1446145306,0.1322066644,-0.1825102362,
1446345326,0.1136448664,-0.1988573948,
1446545346,0.09736466753,-0.2116007835,
1446745365,0.07897006314,-0.2220297968,
1446945385,0.0576518302,-0.2311670132,
1447145405,0.03796598615,-0.2375780274,
1447345425,0.01615815102,-0.2389472936,
1447545444,-0.004577924264,-0.2391742481,
1447745464,-0.02634485598,-0.2368035728,
1447945484,-0.04586736132,-0.2326221757,
1448145504,-0.06757856258,-0.2237947266,
1448345523,-0.08726262866,-0.2147373039,
1448545543,-0.1051155699,-0.2013220745,
1448745563,-0.1185167357,-0.1874913024,
1448945583,-0.1336871339,-0.1704160667,
1449145602,-0.1445606774,-0.1522890332,
1449345622,-0.1541641027,-0.1318575565,
1449545642,-0.1593611324,-0.1121029618,
1449745662,-0.1629971048,-0.08942038981,
1449945681,-0.1640147226,-0.0668238523,
1450145701,-0.162730475,-0.04537394634,
1450345721,-0.1575487176,-0.02321097729,
1450545741,-0.1496995228,-0.003152323971,
1450745760,-0.1385373643,0.01766918235,
1450945780,-0.125664731,0.03596877616,
1451145800,-0.110154564,0.05287770033,
1451345820,-0.09238191019,0.06735886532,
1451545839,-0.07307939123,0.07857780793,
1451745859,-0.05223427436,0.08767063474,
1451945879,-0.02927443541,0.09486169147,
1452145899,-0.006386916697,0.09816640894,
1452345918,0.01616233587,0.09879766829,
1452545938,0.03958538745,0.09557950296,
1452745958,0.06231802887,0.09007077226,
1452945978,0.08390146203,0.08283479409,
1453145997,0.1041034104,0.07153596614,
1453346017,0.1227041848,0.0576657121,
1453546037,0.139886063,0.04232773979,
1453746057,0.1546779083,0.02504048618,
1453946076,0.167239062,0.005428728653,
1454146096,0.1777410176,-0.01536874638,
1454346116,0.1853354498,-0.03667205736,
1454546136,0.1892624337,-0.05992501257,
1454746155,0.1919696812,-0.08229969908,
1454946175,0.1901947615,-0.1053626685,
1455146195,0.1871712795,-0.1274968906,
1455346215,0.1810675075,-0.1496603566,
1455546234,0.1737103199,-0.1703004451,
1455746254,0.1612364908,-0.1907338098,
1455946274,0.1499428484,-0.2076703229,
1456146294,0.1344717324,-0.2249299066,
1456346313,0.1175775081,-0.238677977,
1456546333,0.1001266972,-0.2523259777,
1456746353,0.08080434099,-0.2619620899,
1456946373,0.0592945017,-0.2709653351,
1457146393,0.03887998367,-0.2752265558,
1457346412,0.01712972491,-0.2776338079,
1457546432,-0.004269653893,-0.2810792473,
1457746452,-0.02737862498,-0.2796666084,
1457946472,-0.04931440375,-0.2734212841,
1458146491,-0.07168619905,-0.2673319067,
1458346511,-0.08824461068,-0.2580031474,
1458546531,-0.1103827664,-0.2469904144,
1458746551,-0.1256523714,-0.2333587885,
1458946570,-0.1410636108,-0.2176681506,
1459146590,-0.1555488868,-0.2006551369,
1459346610,-0.1684324642,-0.179693862,
1459546630,-0.1763397924,-0.1600247888,
1459746649,-0.1834169296,-0.1392289451,
1459946669,-0.1865139208,-0.1158903563,
1460146689,-0.1880176682,-0.09359286576,
1460346709,-0.1864018533,-0.07215325583,
1460546728,-0.1823821523,-0.05016117137,
1460746748,-0.1755889253,-0.02868715917,
1460946768,-0.1647351943,-0.008772923406,
1461146788,-0.1536677832,0.01063606151,
1461346807,-0.1372356378,0.02738473939,
1461546827,-0.1208853578,0.04224482263,
1461746847,-0.1024024718,0.05463826681,
1461946867,-0.08240137063,0.06504348228,
1462146886,-0.06057379164,0.07310461012,
1462346906,-0.03918101128,0.07719926914,
1462546926,-0.01629602674,0.07922543726,
1462746946,0.006160971966,0.07758602497,
1462946965,0.02780650401,0.07303390657,
1463146985,0.04857926857,0.06558341527,
1463347005,0.06907640832,0.05555257537,
1463547025,0.086732328,0.04282661885,
1463747044,0.1036344464,0.02892341794,
1463947064,0.1182910175,0.01199640067,
1464147084,0.1296366658,-0.006169827325,
1464347104,0.1393013581,-0.02616339407,
1464547123,0.1457230601,-0.04707868411,
1464747143,0.1505348932,-0.06850225456,
1464947163,0.1501652526,-0.09058597467,
1465147183,0.1509236272,-0.1114721784,
1465347202,0.1449272965,-0.1330501205,
1465547222,0.1385852029,-0.1531196665,
1465747242,0.1291888773,-0.1722666343,
1465947262,0.1175004135,-0.1895513882,
1466147281,0.1041134832,-0.2058309235,
1466347301,0.08717801153,-0.2213313873,
1466547321,0.07002829552,-0.2312964107,
1466747341,0.05076846429,-0.2431197476,
1466947360,0.03252475751,-0.249913163,
1467147380,0.01115100866,-0.2546111788,
1467347400,-0.01006310478,-0.2577099323,
1467547420,-0.03150549197,-0.2569898654,
1467747439,-0.05279458125,-0.2544267948,
1467947459,-0.07241116126,-0.2497739342,
1468147479,-0.09283969938,-0.2411979047,
1468347499,-0.1110266022,-0.2325209318,
1468547518,-0.1294744345,-0.2196363667,
1468747538,-0.1436262679,-0.2022521897,
1468947558,-0.1587414769,-0.185885471,
1469147578,-0.1692182375,-0.1693763111,
1469347597,-0.178889118,-0.1493788635,
1469547617,-0.1878975744,-0.1288001682,
1469747637,-0.1924079601,-0.1073651021,
1469947657,-0.1935639674,-0.0855782739,
1470147676,-0.1925704744,-0.06276518214,
1470347696,-0.1878220271,-0.03999730621,
1470547716,-0.1807867045,-0.0187020893,
1470747736,-0.1716761385,0.001086842301,
1470947755,-0.1602189587,0.02062428312,
1471147775,-0.1451594521,0.03768386093,
1471347795,-0.1296693532,0.05241105779,
1471547815,-0.1108487109,0.06603720743,
1471747834,-0.09132064133,0.07617454843,
1471947854,-0.06966336496,0.0841733114,
1472147874,-0.04728166024,0.08996466129,
1472347894,-0.02485180669,0.09231539986,
1472547913,-0.002015522036,0.0912870463,
1472747933,0.01990102907,0.08775695191,
1472947953,0.04186916305,0.08051325318,
1473147973,0.06220184314,0.07202706539,
1473347992,0.07995800117,0.06018886729,
1473548012,0.09818418576,0.04511656399,
1473748032,0.1133655593,0.02924187507,
1473948052,0.1263369171,0.01165682343,
1474148071,0.1364065917,-0.007463771686,
1474348091,0.1447578857,-0.02839317667,
1474548111,0.1499306282,-0.04979190288,
1474748131,0.1514127427,-0.07111815921,
1474948150,0.1524686211,-0.09150610156,
1475148170,0.147606612,-0.1133125445,
1475348190,0.1422103341,-0.1338759387,
1475548210,0.1351807372,-0.1543389713,
1475748229,0.124504392,-0.1728300337,
1475948249,0.1113543484,-0.1893168303,
1476148269,0.09613707556,-0.2042784999,
1476348289,0.07888417588,-0.2176418794,
1476548308,0.06137364694,-0.2294463385,
1476748328,0.04267316381,-0.2371349085,
1476948348,0.02292160159,-0.2437771221,
1477148368,0.002144387592,-0.2475211584,
1477348387,-0.01829553887,-0.2481670254,
1477548407,-0.04045148904,-0.2466561461,
1477748427,-0.06077196765,-0.2422963734,
1477948447,-0.08131522663,-0.2366128776,
1478148466,-0.0995517126,-0.2278686757,
1478348486,-0.1189991996,-0.2173066756,
1478548506,-0.1346646028,-0.2040139587,
1478748526,-0.1500090118,-0.1863401978,
1478948545,-0.1622202693,-0.1711651498,
1479148565,-0.1734211935,-0.1515679953,
1479348585,-0.1811194466,-0.1312385256,
1479548605,-0.1870865623,-0.1099134779,
1479748624,-0.1898869333,-0.08826755651,
1479948644,-0.1889758111,-0.06613047331,
1480148664,-0.1864401994,-0.04377059777,
1480348684,-0.1828290374,-0.02224465945,
1480548703,-0.1744838992,-0.00253524638,
1480748723,-0.1640066613,0.01789914632,
1480948743,-0.1504414326,0.03648808428,
1481148763,-0.1354067281,0.05243205945,
1481348782,-0.1180087833,0.06726335997,
1481548802,-0.09780442902,0.07898446645,
1481748822,-0.07809027796,0.08839045808,
1481948842,-0.05605422672,0.09622627168,
1482148862,-0.03349995828,0.1004138547,
1482348881,-0.01021543211,0.1015690103,
1482548901,0.01217335488,0.09973435299,
1482748921,0.03391060345,0.09443121681,
1482948941,0.05543270916,0.08725181504,
1483148960,0.0760798209,0.07679617628,
1483348980,0.0951241203,0.06483931163,
1483549000,0.1119441522,0.04917288961,
1483749020,0.1269734223,0.03207582778,
1483949039,0.1386489688,0.01367317974,
1484149059,0.148732791,-0.006035203866,
1484349079,0.1559229454,-0.02660819337,
1484549099,0.1619487241,-0.04911408626,
1484749118,0.1634436404,-0.07068907501,
1484949138,0.1625136307,-0.09279437852,
1485149158,0.1587514532,-0.1147725557,
1485349178,0.1529126194,-0.1353005429,
1485549197,0.1433494733,-0.1553842363,
1485749217,0.1321957361,-0.1741404684,
1485949237,0.1195094626,-0.1907510471,
1486149257,0.1044949944,-0.2064784722,
1486349276,0.08815669534,-0.2195440346,
1486549296,0.07115015043,-0.230763705,
1486749316,0.05095028208,-0.2390401373,
1486949336,0.03068555391,-0.2452915878,
1487149355,0.01097973978,-0.2491446668,
1487349375,-0.01173620379,-0.251560129,
1487549395,-0.03283166346,-0.2490400503,
1487749415,-0.0520858341,-0.2452973958,
1487949434,-0.07311303597,-0.2372410682,
1488149454,-0.09210304216,-0.2305914857,
1488349474,-0.1114557462,-0.2185658869,
1488549494,-0.1252829174,-0.2051494671,
1488749513,-0.1413326094,-0.1916315856,
1488949533,-0.1545026444,-0.1725577685,
1489149553,-0.1664110533,-0.1539073336,
1489349573,-0.1723129766,-0.1344394789,
1489549592,-0.1806243885,-0.1123197118,
1489749612,-0.1828529032,-0.09290872149,
1489949632,-0.1822170286,-0.06925134993,
1490149652,-0.1803556215,-0.0484728737,
1490349671,-0.1740098261,-0.02725318515,
1490549691,-0.1665000367,-0.006838060263,
1490749711,-0.1563676877,0.01345547797,
1490949731,-0.1424238652,0.03027246554,
1491149750,-0.1280878494,0.04691893029,
1491349770,-0.1103970686,0.06129477208,
1491549790,-0.09070836658,0.07317731497,
1491749810,-0.07098412399,0.08253225733,
1491949829,-0.04932972371,0.08903484463,
1492149849,-0.02726721639,0.09260434691,
1492349869,-0.004499734635,0.09237937335,
1492549889,0.01767513364,0.09077199224,
1492749908,0.04008516137,0.08575903393,
1492949928,0.06058715531,0.0779648645,
1493149948,0.08041256094,0.06728234792,
1493349968,0.09831834832,0.05447681049,
1493549987,0.1147086607,0.03837926503,
1493750007,0.1284205152,0.02242000311,
1493950027,0.1406685343,0.003452139528,
1494150047,0.1503149817,-0.01610035038,
1494350066,0.1578380026,-0.03722325347,
1494550086,0.1616517202,-0.05951494836,
1494750106,0.1631461083,-0.08079467946,
1494950126,0.161122833,-0.1017377195,
1495150145,0.1586780304,-0.1233884195,
1495350165,0.1508118734,-0.1442516236,
1495550185,0.1434823234,-0.1646296483,
1495750205,0.1325018067,-0.1811775325,
1495950224,0.119529418,-0.1979448823,
1496150244,0.1041698477,-0.2148775409,
1496350264,0.08747313029,-0.2279651407,
1496550284,0.06986552799,-0.2367690181,
1496750303,0.05122256323,-0.2474390659,
1496950323,0.02948426467,-0.2520555262,
1497150343,0.009357747351,-0.2583907512,
1497350363,-0.01163971181,-0.2580661361,
1497550382,-0.03183186295,-0.2573873712,
1497750402,-0.05749544164,-0.2514064793,
1497950422,-0.07423775592,-0.247175804,
1498150442,-0.09113877629,-0.2393367622,
1498350461,-0.1117945095,-0.2283104646,
1498550481,-0.1283213573,-0.2153237747,
1498750501,-0.1438443916,-0.2007137608,
1498950521,-0.1568518309,-0.1840650498,
1499150540,-0.1673990507,-0.1656607647,
1499350560,-0.1766816985,-0.1452522487,
1499550580,-0.1822539428,-0.1249309037,
1499750600,-0.1869242788,-0.1034152166,
1499950619,-0.1874464844,-0.08248510702,
1500150639,-0.1849273499,-0.06083320248,
1500350659,-0.1812542886,-0.03982560016,
1500550679,-0.1751334217,-0.01893501632,
1500750698,-0.1652397432,-4.70792758e-05,
1500950718,-0.1530018343,0.01863910507,
1501150738,-0.1383991253,0.03450298241,
1501350758,-0.1220797432,0.04939012206,
1501550777,-0.1050162418,0.06192711987,
1501750797,-0.08441120808,0.07231696171,
1501950817,-0.06451449534,0.07940258564,
1502150837,-0.04227173058,0.08431499982,
1502350856,-0.02039807192,0.08521492397,
1502550876,0.001524016885,0.08356244667,
1502750896,0.02260609307,0.0797559418,
1502950916,0.04318841081,0.07312146533,
1503150935,0.06348564239,0.06336268423,
1503350955,0.08152416282,0.05140207753,
1503550975,0.09739381535,0.03646873386,
1503750995,0.1116864674,0.02053540159,
1503951014,0.1233475267,0.002347523048,
1504151034,0.1334954898,-0.01665815306,
1504351054,0.1406249,-0.03686459915,
1504551074,0.1447989767,-0.05802308352,
1504751093,0.1464598919,-0.07838752069,
1504951113,0.1459897391,-0.1001310399,
1505151133,0.141078567,-0.1203840859,
1505351153,0.1345883632,-0.1406864097,
1505551172,0.1258656915,-0.1603839256,
1505751192,0.1136335358,-0.1784330126,
1505951212,0.100205012,-0.193998186,
1506151232,0.08559471362,-0.208021916,
1506351251,0.06891630398,-0.2204981343,
1506551271,0.0510560636,-0.2302003298,
1506751291,0.03150442609,-0.2384762577,
1506951311,0.01044857841,-0.2453760576,
1507151331,-0.008800953527,-0.2477342384,
1507351350,-0.02956540405,-0.2466905131,
1507551370,-0.04998869628,-0.2460975525,
1507751390,-0.08091746166,-0.2425212266,
1507951410,-0.09112586352,-0.2333708758,
1508151429,-0.1089798966,-0.2262131697,
1508351449,-0.1261761415,-0.213599648,
1508551469,-0.1439655711,-0.1984334012,
1508751489,-0.1573046572,-0.1829771789,
1508951508,-0.1698772827,-0.1658593804,
1509151528,-0.1796883591,-0.1473577377,
1509351548,-0.1888652146,-0.1279281453,
1509551568,-0.1925314541,-0.1059928588,
1509751587,-0.1956945251,-0.08579118239,
1509951607,-0.1976274244,-0.06304786153,
1510151627,-0.1945450527,-0.04112209925,
1510351647,-0.1893609413,-0.01994527816,
1510551666,-0.1821898084,0.0001057322484,
1510751686,-0.1703826679,0.02028187423,
1510951706,-0.158606078,0.03779855979,
1511151726,-0.1436327276,0.05459141634,
1511351745,-0.1261388026,0.06874272579,
1511551765,-0.1080010643,0.0824370832,
1511751785,-0.08782981631,0.09218972489,
1511951805,-0.06713246323,0.09928063891,
1512151824,-0.04556029622,0.1050389556,
1512351844,-0.02263851887,0.1064061347,
1512551864,-0.0001251691139,0.1051367509,
1512751884,0.02187909936,0.101193752,
1512951903,0.04292601804,0.0950188309,
1513151923,0.06282680048,0.08622543876,
1513351943,0.08246003429,0.07387384277,
1513551963,0.09965549161,0.06013869313,
1513751982,0.113889647,0.04469704922,
1513952002,0.127282044,0.02763216593,
1514152022,0.1378766628,0.008789781374,
1514352042,0.1459411823,-0.01126508943,
1514552061,0.1512026967,-0.032348107,
1514752081,0.1543927578,-0.05428614187,
1514952101,0.1545386166,-0.07556059346,
1515152121,0.1528855872,-0.09668624016,
1515352140,0.1466609445,-0.116753896,
1515552160,0.139897008,-0.1362900026,
1515752180,0.1298837197,-0.1540782594,
1515952200,0.1178198302,-0.1717180909,
1516152219,0.1030580199,-0.1862176069,
1516352239,0.08850785808,-0.2011707283,
1516552259,0.07061638692,-0.2113194388,
1516752279,0.05287012295,-0.2197881751,
1516952298,0.03182541531,-0.2270504199,
1517152318,0.01151428949,-0.2309655485,
1517352338,-0.006313779439,-0.232496233,
1517552358,-0.0275378727,-0.2314791746,
1517752377,-0.04744165967,-0.2258427909,
1517952397,-0.06842930344,-0.2217326406,
1518152417,-0.08506104615,-0.2116517912,
1518352437,-0.1039713221,-0.2005406852,
1518552456,-0.1188536049,-0.188305686,
1518752476,-0.1328956873,-0.173536622,
1518952496,-0.1461892972,-0.1567358857,
1519152516,-0.1562525716,-0.1380912604,
1519352535,-0.1635440395,-0.1174583258,
1519552555,-0.1664928066,-0.09817941395,
1519752575,-0.1691582532,-0.07838173395,
1519952595,-0.1692354056,-0.05627041951,
1520152614,-0.1659930402,-0.03463578802,
1520352634,-0.1604964699,-0.01388474501,
1520552654,-0.1516102601,0.005296617532,
1520752674,-0.1404210052,0.02381853087,
1520952693,-0.1265054393,0.03992404488,
1521152713,-0.1113899611,0.05412020913,
1521352733,-0.09335647496,0.06811269486,
1521552753,-0.07465422155,0.07906322593,
1521752772,-0.05405359534,0.08666548506,
1521952792,-0.03319176143,0.09194771233,
1522152812,-0.01147120549,0.09421009418,
1522352832,0.01092601185,0.09364821018,
1522552851,0.03229624492,0.09024030668,
1522752871,0.05391114559,0.08454652593,
1522952891,0.07380177004,0.0762214881,
1523152911,0.09180635544,0.0650697194,
1523352930,0.1089948525,0.05174366257,
1523552950,0.1247882826,0.03627351091,
1523752970,0.1376103397,0.01804715833,
1523952990,0.1497357425,-7.401702495e-05,
1524153009,0.1573359241,-0.01985034942,
1524353029,0.1629933999,-0.04083623354,
1524553049,0.1658274877,-0.06290728051,
1524753069,0.1674220767,-0.08349907818,
1524953088,0.165623221,-0.104822138,
1525153108,0.1611844971,-0.1253261285,
1525353128,0.1535985797,-0.1460207892,
1525553148,0.1438487699,-0.1632688307,
1525753167,0.1325881652,-0.1828582702,
1525953187,0.1185493759,-0.1969741416,
1526153207,0.104486499,-0.2106915241,
1526353227,0.08686169045,-0.2247645191,
1526553246,0.06934833229,-0.233999894,
1526753266,0.0493315884,-0.2411421911,
1526953286,0.02983831917,-0.246463043,
1527153306,0.008320269968,-0.2509710784,
1527353325,-0.0104154775,-0.2514689807,
1527553345,-0.03309029018,-0.2485400164,
1527753365,-0.05221987516,-0.2445558757,
1527953385,-0.07088841538,-0.2379884974,
1528153404,-0.09063805206,-0.2303029096,
1528353424,-0.106762033,-0.2159493406,
1528553444,-0.1225289474,-0.2044932406,
1528753464,-0.1369099757,-0.1875267849,
1528953483,-0.1489926107,-0.1701515307,
1529153503,-0.1589683773,-0.1521423095,
1529353523,-0.1666058735,-0.1323435242,
1529553543,-0.1718564236,-0.1138672071,
1529753562,-0.1749743341,-0.09211430266,
1529953582,-0.1742730262,-0.06988083108,
1530153602,-0.1706884038,-0.05025269581,
1530353622,-0.1645264511,-0.02894392062,
1530553641,-0.1573339966,-0.009773401897,
1530753661,-0.1459482504,0.008583160283,
1530953681,-0.1330643729,0.02553871956,
1531153701,-0.1179837283,0.040530373,
1531353721,-0.1010957667,0.05380184778,
1531553740,-0.08249604768,0.06409349918,
1531753760,-0.06245661618,0.07249322163,
1531953780,-0.04146181571,0.07841008662,
1532153800,-0.01953082309,0.07996978613,
1532353819,0.001151307854,0.08014348074,
1532553839,0.02270760838,0.07671027949,
1532753859,0.04314817608,0.07101253519,
1532953879,0.06302044199,0.0618937723,
1533153898,0.08061597173,0.05157817677,
1533353918,0.0973758643,0.03785159581,
1533553938,0.1116365275,0.02203587039,
1533753958,0.1243707705,0.006008105124,
1533953977,0.1334290641,-0.01301992922,
1534153997,0.1413931978,-0.03296801137,
1534354017,0.146920048,-0.0528048338,
1534554037,0.1481279368,-0.07330926645,
1534754056,0.1485651092,-0.09336743379,
1534954076,0.1461846236,-0.1140004098,
1535154096,0.1397407369,-0.1338942553,
1535354116,0.1323540489,-0.1533042265,
1535554135,0.1213085901,-0.1706203284,
1535754155,0.1108102738,-0.1868817921,
1535954175,0.09557034448,-0.2017761216,
1536154195,0.07921727081,-0.2137986519,
1536354214,0.06226222676,-0.2252992722,
1536554234,0.04411549258,-0.2329483708,
1536754254,0.02490832022,-0.2391915898,
1536954274,0.005739035759,-0.2420009776,
1537154293,-0.01483286945,-0.2446267001,
1537354313,-0.03538429473,-0.2433463482,
1537554333,-0.05599019451,-0.2401327225,
1537754353,-0.07443828449,-0.2322063306,
1537954372,-0.09368399563,-0.2251122157,
1538154392,-0.1114969115,-0.2130880561,
1538354412,-0.1263252913,-0.2012088296,
1538554432,-0.1419500318,-0.1856672031,
1538754451,-0.1541642168,-0.1699834848,
1538954471,-0.1654106524,-0.1527712789,
1539154491,-0.1725581205,-0.1329229613,
1539354511,-0.1789325756,-0.1127685807,
1539554530,-0.1828899274,-0.09230862603,
1539754550,-0.1838250835,-0.06992361871,
1539954570,-0.1817100074,-0.05000622433,
1540154590,-0.1772370688,-0.02872016585,
1540354609,-0.1716800478,-0.00892432761,
1540554629,-0.1610484793,0.01120700481,
1540754649,-0.1489732521,0.02896600638,
1540954669,-0.1360325468,0.04544163706,
1541154688,-0.1204252301,0.06005817728,
1541354708,-0.1020852378,0.07346689269,
1541554728,-0.08318744531,0.08278614056,
1541754748,-0.0628847127,0.09144317166,
1541954767,-0.04108696256,0.09640657801,
1542154787,-0.01918331648,0.09958677821,
1542354807,0.002355373954,0.09968015254,
1542554827,0.02368745256,0.09593593563,
1542754846,0.04452306046,0.09075004878,
1542954866,0.06495744878,0.08235231329,
1543154886,0.08392560954,0.07125741032,
1543354906,0.1014652636,0.05897063455,
1543554925,0.1164914564,0.04398696989,
1543754945,0.1302233358,0.02825055729,
1543954965,0.1417034406,0.009113978838,
1544154985,0.1504498114,-0.009571147829,
1544355004,0.1567835734,-0.02950306814,
1544555024,0.1601616743,-0.04956624803,
1544755044,0.1612212583,-0.07056969115,
1544955064,0.1603117086,-0.09249127251,
1545155083,0.1568701835,-0.1128462241,
1545355103,0.1504646646,-0.1307206577,
1545555123,0.1417578011,-0.1492850048,
1545755143,0.1312630565,-0.1670935292,
1545955162,0.1173532366,-0.1825477513,
1546155182,0.1036831047,-0.1953411938,
1546355202,0.08737025948,-0.2078001996,
1546555222,0.06976654379,-0.2189810371,
1546755241,0.05246201467,-0.2259392883,
1546955261,0.03313377404,-0.2326756102,
1547155281,0.01349800357,-0.2337816921,
1547355301,-0.006475483669,-0.2348304754,
1547555320,-0.02540448244,-0.2329906437,
1547755340,-0.04464214386,-0.2274865035,
1547955360,-0.06417765088,-0.2209349754,
1548155380,-0.08146187403,-0.2117036513,
1548355399,-0.09608998922,-0.1984638093,
1548555419,-0.1121471346,-0.1867737803,
1548755439,-0.1241917852,-0.1715640094,
1548955459,-0.1344574564,-0.1542871883,
1549155478,-0.1429779542,-0.1357587505,
1549355498,-0.1484673295,-0.1168702336,
1549555518,-0.1527544368,-0.09735781888,
1549755538,-0.1531069752,-0.07672519867,
1549955557,-0.1519433912,-0.0560918146,
1550155577,-0.1470797267,-0.03632121193,
1550355597,-0.1405149986,-0.01787789531,
1550555617,-0.1313165331,-0.001014607889,
1550755636,-0.1189497402,0.01706126075,
1550955656,-0.1042611568,0.03201568228,
1551155676,-0.08906620209,0.04530498448,
1551355696,-0.07144056887,0.05642808629,
1551555715,-0.05241592665,0.06426746033,
1551755735,-0.03215473429,0.07061187342,
1551955755,-0.01215057962,0.07381545932,
1552155775,0.009114462376,0.07400068877,
1552355794,0.02999764227,0.07183066382,
1552555814,0.05003375913,0.06641767945,
1552755834,0.06960268089,0.05921528799,
1552955854,0.08810952482,0.04955411952,
1553155873,0.1040059903,0.03728919934,
1553355893,0.1192943225,0.02263832292,
1553555913,0.1334605044,0.006627407774,
1553755933,0.1441146002,-0.01066249821,
1553955952,0.152508298,-0.02911883901,
1554155972,0.1579792296,-0.04970138517,
1554355992,0.1617243759,-0.06928203502,
1554556012,0.1635599099,-0.08945186771,
1554756031,0.1619661324,-0.1089550426,
1554956051,0.1581229205,-0.1293300326,
1555156071,0.1519050766,-0.1502609237,
1555356091,0.1431537343,-0.1668856892,
1555556110,0.1330231944,-0.1837215374,
1555756130,0.1197668398,-0.1999017266,
1555956150,0.1055265122,-0.2133559008,
1556156170,0.09047474888,-0.2245560353,
1556356190,0.07322938808,-0.2366175605,
1556556209,0.05656105534,-0.2432204478,
1556756229,0.03577256859,-0.2507128371,
1556956249,0.01698438126,-0.2526804641,
1557156269,-0.002876800352,-0.2541487061,
1557356288,-0.02246017424,-0.251761779,
1557556308,-0.04327322057,-0.2499725757,
1557756328,-0.06196320878,-0.2445509138,
1557956348,-0.07889282686,-0.2360628713,
1558156367,-0.09608419278,-0.2233008867,
1558356387,-0.1113578262,-0.2110471632,
1558556407,-0.124677706,-0.1969120594,
1558756427,-0.1366898331,-0.1816191452,
1558956446,-0.1474165403,-0.1637419009,
1559156466,-0.1541555471,-0.1452518937,
1559356486,-0.160976799,-0.1253371913,
1559556506,-0.1629659395,-0.10626368,
1559756525,-0.1630418722,-0.08650975323,
1559956545,-0.1601849304,-0.06614763299,
1560156565,-0.1546301995,-0.0451765707,
1560356585,-0.1474902831,-0.02615256198,
1560556604,-0.1373348867,-0.00811327318,
1560756624,-0.124228529,0.007714525018,
1560956644,-0.1103825894,0.02222306484,
1561156664,-0.0940646781,0.03602964996,
1561356683,-0.07592344787,0.04622886353,
1561556703,-0.05655900412,0.05426403752,
1561756723,-0.03595232707,0.05909261038,
1561956743,-0.0155760486,0.06141340224,
1562156762,0.005474411783,0.0619419832,
1562356782,0.02570552382,0.0584098902,
1562556802,0.04573661104,0.05313286094,
1562756822,0.06587046297,0.04484520184,
1562956841,0.08321902176,0.03398100051,
1563156861,0.09944758136,0.0210239241,
1563356881,0.1141753107,0.005229772948,
1563556901,0.1261199256,-0.01021592877,
1563756920,0.1365244888,-0.02885410762,
1563956940,0.1433697065,-0.04785944327,
1564156960,0.1489228411,-0.06701071768,
1564356980,0.1522982372,-0.08805743318,
1564556999,0.151059009,-0.1082368663,
1564757019,0.1494423381,-0.1286245628,
1564957039,0.1441519278,-0.147410812,
1565157059,0.1378438693,-0.1682703958,
1565357078,0.1278748659,-0.1853784998,
1565557098,0.1174952742,-0.2010074986,
1565757118,0.1028910417,-0.2163371543,
1565957138,0.08804899863,-0.2294330263,
1566157157,0.07174927223,-0.2407170107,
1566357177,0.05460217535,-0.2493922695,
1566557197,0.03614929778,-0.2575377893,
1566757217,0.01491374138,-0.2625814032,
1566957236,-0.003770246054,-0.2646912842,
1567157256,-0.02330144861,-0.2650817032,
1567357276,-0.04289287247,-0.2634053662,
1567557296,-0.06253656363,-0.2595991078,
1567757315,-0.08134042107,-0.2507185426,
1567957335,-0.09910120489,-0.2434146582,
1568157355,-0.1165155111,-0.2315895344,
1568357375,-0.1321399232,-0.2184144344,
1568557394,-0.1452501446,-0.204149625,
1568757414,-0.1577596276,-0.1875762371,
1568957434,-0.1669047355,-0.1696902489,
1569157454,-0.1751127739,-0.1504372112,
1569357473,-0.1793027654,-0.1315069229,
1569557493,-0.1831857753,-0.1114872688,
1569757513,-0.1820688091,-0.09087429837,
1569957533,-0.179723736,-0.07129563495,
1570157552,-0.1744690672,-0.05060849592,
1570357572,-0.1671828609,-0.03174379652,
1570557592,-0.1574471554,-0.01378700784,
1570757612,-0.1450569536,0.001986908804,
1570957631,-0.1319749152,0.01785210833,
1571157651,-0.1150621078,0.03056011645,
1571357671,-0.0977836424,0.04150522716,
1571557691,-0.07945027974,0.05011429752,
1571757710,-0.05860418252,0.05564510541,
1571957730,-0.03847658059,0.05818001995,
1572157750,-0.0187825077,0.0587330746,
1572357770,0.001505192564,0.05590556497,
1572557789,0.02150468049,0.05054851832,
1572757809,0.04054040669,0.0431169897,
1572957829,0.05795468213,0.03289709305,
1573157849,0.07419487375,0.02036587348,
1573357868,0.08869841966,0.005887487253,
1573557888,0.1006321569,-0.01060037399,
1573757908,0.1097472513,-0.0285311129,
1573957928,0.1168311101,-0.04737806002,
1574157947,0.1210439998,-0.06696595092,
1574357967,0.1231899936,-0.085103875,
1574557987,0.1225106445,-0.1050006147,
1574758007,0.1198894309,-0.1251296384,
1574958026,0.115133372,-0.1446625406,
1575158046,0.1067238046,-0.1615294275,
1575358066,0.09585155634,-0.1795173889,
1575558086,0.08397726217,-0.1933373291,
1575758105,0.07065484029,-0.2071098133,
1575958125,0.05521060514,-0.2196448167,
1576158145,0.03769202193,-0.2289620644,
1576358165,0.01964704046,-0.2369284824,
1576558184,0.001112368486,-0.24245861,
1576758204,-0.0184409537,-0.2465827183,
1576958224,-0.03848045499,-0.2464516399,
1577158244,-0.05652253792,-0.2444337699,
1577358263,-0.07697417444,-0.2411571113,
1577558283,-0.09587232563,-0.2348378919,
1577758303,-0.113941255,-0.2252581586,
1577958323,-0.1302678311,-0.2161675796,
1578158342,-0.1456679681,-0.2033385252,
1578358362,-0.1604894291,-0.1873373623,
1578558382,-0.1730400057,-0.1723498773,
1578758402,-0.1833416729,-0.1533202106,
1578958421,-0.1919511669,-0.1345353812,
1579158441,-0.1975661051,-0.11520097,
1579358461,-0.201179999,-0.09459935338,
1579558481,-0.201124126,-0.07484370115,
1579758500,-0.2001384469,-0.05250857272,
1579958520,-0.1965803533,-0.03277545955,
1580158540,-0.1901571524,-0.01275821792,
1580358560,-0.1813312757,0.007906373214,
1580558580,-0.1702689526,0.02526007947,
1580758599,-0.1572283473,0.04183824572,
1580958619,-0.1417396655,0.0561829729,
1581158639,-0.1256298963,0.06962974123,
1581358659,-0.1071376525,0.08142920112,
1581558678,-0.08761719069,0.08914818077,
1581758698,-0.06709931875,0.0960873687,
1581958718,-0.04603430856,0.1005591279,
1582158738,-0.02452311343,0.1016634587,
1582358757,-0.003587782017,0.1002593261,
1582558777,0.01815435128,0.09571295914,
1582758797,0.03751333872,0.08971938227,
1582958817,0.05683630307,0.08040843528,
1583158836,0.07512289515,0.06941950168,
1583358856,0.09169200869,0.05632111498,
1583558876,0.1053605079,0.04104304293,
1583758896,0.1177321028,0.02448927574,
1583958915,0.1282390719,0.00639042182,
1584158935,0.13614144,-0.01238697691,
1584358955,0.1412905381,-0.03233450832,
1584558975,0.1447800899,-0.05240624783,
1584758994,0.145281462,-0.07248810482,
1584959014,0.1428887531,-0.09122591425,
1585159034,0.1388637787,-0.1106163349,
1585359054,0.1319777876,-0.1308294283,
1585559073,0.1228540169,-0.1471400557,
1585759093,0.1129676787,-0.1639376446,
1585959113,0.1009725902,-0.1788262258,
1586159133,0.08494068679,-0.1919758731,
1586359152,0.07018432727,-0.202034227,
1586559172,0.05286614735,-0.2124070351,
1586759192,0.03509779726,-0.2174795847,
1586959212,0.01631783726,-0.223373438,
1587159231,-0.00112349205,-0.2256222963,
1587359251,-0.02113812351,-0.2260328619,
1587559271,-0.03971981381,-0.222947878,
1587759291,-0.05882130246,-0.2177154464,
1587959310,-0.07598892958,-0.2106356547,
1588159330,-0.09376681428,-0.2009851978,
1588359350,-0.1088374565,-0.1900113115,
1588559370,-0.1228503593,-0.1768541324,
1588759389,-0.1354236184,-0.1615222117,
1588959409,-0.1454067712,-0.1457003957,
1589159429,-0.1520999934,-0.1274961801,
1589359449,-0.1589015652,-0.1086200271,
1589559468,-0.1627170855,-0.08904715699,
1589759488,-0.1625674035,-0.0697238495,
1589959508,-0.1608911611,-0.0503894108,
1590159528,-0.156597246,-0.03117978485,
1590359547,-0.1490686007,-0.01223018217,
1590559567,-0.1412135194,0.005873246319,
1590759587,-0.1294432936,0.02307105301,
1590959607,-0.1157233432,0.03798797694,
1591159626,-0.1002529526,0.05103488122,
1591359646,-0.08286866621,0.06197108544,
1591559666,-0.06400999567,0.07065352747,
1591759686,-0.04504223593,0.07674404727,
1591959705,-0.02432037091,0.08124527189,
1592159725,-0.003798405954,0.08201920884,
1592359745,0.0163887423,0.07970905563,
1592559765,0.03663746614,0.07568728665,
1592759784,0.05602150136,0.06900635375,
1592959804,0.07482703821,0.05913654642,
1593159824,0.09121983009,0.0477646988,
1593359844,0.1073911225,0.03407099342,
1593559863,0.1209626823,0.0187796702,
1593759883,0.1322677715,0.001464671335,
1593959903,0.1412520301,-0.01680097872,
1594159923,0.1473703587,-0.03551389662,
1594359942,0.1518853785,-0.0554914889,
1594559962,0.1537187292,-0.07597218593,
1594759982,0.1525705763,-0.09622599043,
1594960002,0.1496177211,-0.1150849747,
1595160021,0.1447821803,-0.1349139099,
1595360041,0.136469114,-0.1525091419,
1595560061,0.1264421197,-0.1708507154,
1595760081,0.1139919,-0.1861432578,
1595960100,0.09933253928,-0.2002950682,
1596160120,0.08439733197,-0.2129662507,
1596360140,0.06827551657,-0.2229185228,
1596560160,0.05063902486,-0.230144619,
1596760179,0.03138782556,-0.2366440828,
1596960199,0.01232664188,-0.240143709,
1597160219,-0.005864440151,-0.2419494371,
1597360239,-0.02701309827,-0.2419906692,
1597560258,-0.04491179911,-0.2373310197,
1597760278,-0.06558019576,-0.2314047847,
1597960298,-0.08324193649,-0.2232223608,
1598160318,-0.09879240642,-0.2135743626,
1598360337,-0.1154866335,-0.2012716996,
1598560357,-0.1287018909,-0.1864760566,
1598760377,-0.139475861,-0.1712105366,
1598960397,-0.1509029733,-0.1556673914,
1599160416,-0.1583895195,-0.1374545587,
1599360436,-0.1634988628,-0.1180554871,
1599560456,-0.1674708533,-0.09685098877,
1599760476,-0.167457221,-0.07778425185,
1599960495,-0.1657506822,-0.05797201924,
1600160515,-0.1615838868,-0.0383821669,
1600360535,-0.1539099161,-0.01924704011,
1600560555,-0.1450750697,-0.0008632722434,
1600760574,-0.1332332813,0.01515078982,
1600960594,-0.1195665091,0.02981876203,
1601160614,-0.1051168545,0.04315964866,
1601360634,-0.08769844716,0.05411212122,
1601560653,-0.06937162922,0.06279050718,
1601760673,-0.05014270212,0.06950959322,
1601960693,-0.03026328697,0.0733234621,
1602160713,-0.009257912214,0.07400329363,
1602360732,0.01031775377,0.07220741467,
1602560752,0.02992811883,0.0679859492,
1602760772,0.0488933658,0.06123222391,
1602960792,0.06667543246,0.0526123205,
1603160811,0.0829531119,0.04086304596,
1603360831,0.0986386069,0.02717625547,
1603560851,0.111662872,0.01187305186,
1603760871,0.1216022021,-0.003906615819,
1603960890,0.1307992646,-0.02223190963,
1604160910,0.1369059883,-0.04054821019,
1604360930,0.1397253218,-0.05984295995,
1604560950,0.1413089389,-0.07920970225,
1604760969,0.1405159572,-0.09818373371,
1604960989,0.136664195,-0.1166471366,
1605161009,0.1299009634,-0.1351461112,
1605361029,0.122256568,-0.1525513823,
1605561049,0.112407996,-0.1691578071,
1605761068,0.09925957965,-0.183292369,
1605961088,0.085572107,-0.1959348308,
1606161108,0.07008719004,-0.2070163918,
1606361128,0.05364135793,-0.21559136,
1606561147,0.03614252288,-0.2232622739,
1606761167,0.0181121887,-0.2274245474,
1606961187,-0.0008785572842,-0.2304831417,
1607161207,-0.01878277687,-0.2307730739,
1607361226,-0.03876005629,-0.2272585731,
1607561246,-0.05556649305,-0.2225138283,
1607761266,-0.07501759478,-0.2158616422,
1607961286,-0.09080152638,-0.2060419275,
1608161305,-0.1063915065,-0.1949073667,
1608361325,-0.1219422999,-0.1823283427,
1608561345,-0.1335188778,-0.1677264726,
1608761365,-0.1449563088,-0.1512483869,
1608961384,-0.153320137,-0.1333794471,
1609161404,-0.159077834,-0.1146605084,
1609361424,-0.1622514961,-0.09509521806,
1609561444,-0.1634965952,-0.07458489544,
1609761463,-0.1626815963,-0.05509588019,
1609961483,-0.1582501204,-0.0349817382,
1610161503,-0.1520985535,-0.01565950162,
1610361523,-0.1437501825,0.002054943365,
1610561542,-0.1329720968,0.02036411318,
1610761562,-0.1194290222,0.0360745014,
1610961582,-0.1047885857,0.0495450825,
1611161602,-0.08737955807,0.06225478147,
1611361621,-0.06961876816,0.07158516705,
1611561641,-0.05057477912,0.08001508452,
1611761661,-0.0297628027,0.08450651326,
1611961681,-0.009815724494,0.08706966946,
1612161700,0.0116283997,0.08640914564,
1612361720,0.03212353631,0.08372383889,
1612561740,0.05252824553,0.07788155204,
1612761760,0.07136995649,0.07014185171,
1612961779,0.08946120057,0.06074375799,
1613161799,0.1052423462,0.04756030149,
1613361819,0.120148428,0.03374571101,
1613561839,0.1331216276,0.01797599914,
1613761858,0.1443197494,0.0004069484298,
1613961878,0.1521131659,-0.01801160956,
1614161898,0.1589981118,-0.03692823627,
1614361918,0.162614305,-0.05610803657,
1614561937,0.1631957843,-0.07596261914,
1614761957,0.1624605688,-0.09606862269,
1614961977,0.1597187624,-0.1148319925,
1615161997,0.1537893077,-0.1350736692,
1615362016,0.1462391876,-0.1509363682,
1615562036,0.1360761897,-0.1678743271,
1615762056,0.1242937627,-0.1836341185,
1615962076,0.1100692281,-0.1965047956,
1616162095,0.09608984942,-0.2078156505,
1616362115,0.07847799245,-0.2180226356,
1616562135,0.06279168542,-0.2258782196,
1616762155,0.04428752007,-0.2306388321,
1616962174,0.02614226989,-0.2343254253,
1617162194,0.007547176265,-0.2347287691,
1617362214,-0.01181749401,-0.2332946828,
1617562234,-0.02953400434,-0.2297657623,
1617762253,-0.04755876419,-0.22342613,
1617962273,-0.06442626348,-0.2147937352,
1618162293,-0.07917508867,-0.2058018192,
1618362313,-0.09337428543,-0.1927008357,
1618562332,-0.1060203865,-0.1795188444,
1618762352,-0.1170269964,-0.1632051838,
1618962372,-0.1257437881,-0.1465968936,
1619162392,-0.1309537862,-0.1293477886,
1619362411,-0.1349469929,-0.1105614309,
1619562431,-0.1360247672,-0.09158476795,
1619762451,-0.1347563943,-0.07272946743,
1619962471,-0.131811859,-0.05298654642,
1620162490,-0.1247745761,-0.03551248441,
1620362510,-0.1169551544,-0.01764680675,
1620562530,-0.1055962904,-0.002237341432,
1620762550,-0.09295906603,0.01289278361,
1620962569,-0.07804650451,0.02594790288,
1621162589,-0.06160614903,0.03636295448,
1621362609,-0.04303772827,0.04421301706,
1621562629,-0.02474753718,0.049853067,
1621762648,-0.005220781134,0.05334671026,
1621962668,0.01450415543,0.05386122492,
1622162688,0.03460852903,0.05223305261,
1622362708,0.05375833222,0.04805524202,
1622562727,0.0729391273,0.04061860607,
1622762747,0.09033968813,0.03172899451,
1622962767,0.1069325827,0.01971056766,
1623162787,0.1214085534,0.006920439388,
1623362806,0.1341772386,-0.008753167007,
1623562826,0.1440885534,-0.02571440274,
1623762846,0.152518892,-0.04274903352,
1623962866,0.1585603285,-0.06090072512,
1624162885,0.162453007,-0.08069544315,
1624362905,0.1647237612,-0.09967782139,
1624562925,0.1642010492,-0.1204739137,
1624762945,0.1618480533,-0.1390047339,
1624962964,0.1555902776,-0.157897124,
1625162984,0.147691625,-0.1751908846,
1625363004,0.1399835525,-0.1929048554,
1625563024,0.1278237216,-0.2079930125,
1625763043,0.1140890719,-0.2218793823,
1625963063,0.100303684,-0.2342987212,
1626163083,0.08592893581,-0.2448919401,
1626363103,0.06787112553,-0.2540021925,
1626563122,0.0502269985,-0.2591827934,
1626763142,0.03225234295,-0.2663017813,
1626963162,0.01243137645,-0.2681599513,
1627163182,-0.005759356657,-0.2673639344,
1627363201,-0.0241765282,-0.2670733107,
1627563221,-0.04227476708,-0.2625573499,
1627763241,-0.06089168127,-0.2557868085,
1627963261,-0.077757049,-0.2468886483,
1628163280,-0.09312038945,-0.2374101003,
1628363300,-0.1067879667,-0.2244411757,
1628563320,-0.1201595636,-0.210633724,
1628763340,-0.1319797218,-0.1962319508,
1628963359,-0.1403390306,-0.1796027339,
1629163379,-0.1482855172,-0.1629482037,
1629363399,-0.1525806896,-0.1444556985,
1629563419,-0.1554818583,-0.1260535362,
1629763438,-0.1555738258,-0.1062170402,
1629963458,-0.1535672909,-0.08749775998,
1630163478,-0.1483436804,-0.0692076363,
1630363498,-0.1416289484,-0.05141821265,
1630563518,-0.1322987872,-0.0350806592,
1630763537,-0.1216659306,-0.02006671102,
1630963557,-0.1081896015,-0.006404362548,
1631163577,-0.0930036011,0.005588091429,
1631363597,-0.07695304405,0.01507852019,
1631563616,-0.05938201637,0.02260877163,
1631763636,-0.04085458022,0.02716723482,
1631963656,-0.02226032024,0.02948293162,
1632163676,-0.002939676657,0.02915506038,
1632363695,0.01547300837,0.02604468885,
1632563715,0.03401019067,0.02121123273,
1632763735,0.05125742924,0.01334841801,
1632963755,0.0664016168,0.003359758162,
1633163774,0.08146032214,-0.008763102528,
1633363794,0.09336891419,-0.02359932933,
1633563814,0.1037727459,-0.03917132798,
1633763834,0.1114079964,-0.05574392395,
1633963853,0.1181967906,-0.07309699123,
1634163873,0.1210293428,-0.0906884682,
1634363893,0.1224603176,-0.1085161693,
1634563913,0.122290532,-0.1268038306,
1634763932,0.1192244409,-0.1454664995,
1634963952,0.1130230272,-0.1628895983,
1635163972,0.1050855309,-0.1794034198,
1635363992,0.09536361879,-0.1947494512,
1635564011,0.08404100098,-0.2090596942,
1635764031,0.07073848556,-0.2199737221,
1635964051,0.0557921978,-0.2313427319,
1636164071,0.04002308602,-0.2404867157,
1636364090,0.0234329201,-0.2473095141,
1636564110,0.006427097991,-0.2519441932,
1636764130,-0.01188837702,-0.2546024869,
1636964150,-0.02984086852,-0.2549000003,
1637164169,-0.04823393585,-0.253948271,
1637364189,-0.0658388656,-0.2502095377,
1637564209,-0.08359868887,-0.243843169,
1637764229,-0.09988473157,-0.2347237188,
1637964248,-0.1164652408,-0.2246526295,
1638164268,-0.1315048531,-0.2128320062,
1638364288,-0.1442289797,-0.1992202271,
1638564308,-0.1554925762,-0.184595447,
1638764327,-0.1645756181,-0.1670199462,
1638964347,-0.1719576383,-0.1500818215,
1639164367,-0.1765699608,-0.1318366675,
1639364387,-0.17997834,-0.1132018755,
1639564406,-0.1805082685,-0.09407869979,
1639764426,-0.1785698115,-0.07527970312,
1639964446,-0.1749781691,-0.05614202095,
1640164466,-0.1689383837,-0.03741097314,
1640364485,-0.1597196362,-0.01975966092,
1640564505,-0.1491619717,-0.002851407175,
1640764525,-0.1370353925,0.01174517871,
1640964545,-0.1218480672,0.02569091742,
1641164564,-0.1059803182,0.03724848476,
1641364584,-0.08862481817,0.04601636451,
1641564604,-0.06973889186,0.05337705844,
1641764624,-0.05060892289,0.05865441266,
1641964643,-0.03099667506,0.06042970407,
1642164663,-0.01133097525,0.05983415284,
1642364683,0.0078743629,0.05697143478,
1642564703,0.02703327696,0.05193279537,
1642764722,0.04519330892,0.0443570908,
1642964742,0.06224694875,0.03427863588,
1643164762,0.07809075604,0.02260884708,
1643364782,0.09152810872,0.008661498562,
1643564801,0.1031543261,-0.007385602737,
1643764821,0.1127664742,-0.02408767452,
1643964841,0.1201649139,-0.04254728216,
1644164861,0.1243203079,-0.05994678984,
1644364880,0.1273305217,-0.07829170076,
1644564900,0.1278203176,-0.09741313993,
1644764920,0.1255829721,-0.1157348846,
1644964940,0.1212036289,-0.1334353521,
1645164959,0.1145628578,-0.1515688688,
1645364979,0.1054364836,-0.1670590912,
1645564999,0.09571441955,-0.1820933839,
1645765019,0.08273726814,-0.1955222226,
1645965038,0.06846188215,-0.2069273608,
1646165058,0.05433224903,-0.2170060654,
1646365078,0.03782110559,-0.2253920388,
1646565098,0.02104910861,-0.2301563864,
1646765117,0.003623585644,-0.2340215862,
1646965137,-0.01520500672,-0.2355041895,
1647165157,-0.03343398872,-0.2344725884,
1647365177,-0.05073206413,-0.2326821212,
1647565196,-0.06711654248,-0.2259957465,
1647765216,-0.08345539011,-0.2187291792,
1647965236,-0.09919026034,-0.2105436147,
1648165256,-0.1140478164,-0.1985285968,
1648365275,-0.1262762872,-0.1849090056,
1648565295,-0.1375744742,-0.1698911797,
1648765315,-0.1457524846,-0.154535339,
1648965335,-0.1535722253,-0.1375005253,
1649165354,-0.1582932681,-0.1191681993,
1649365374,-0.1596542497,-0.1007385848,
1649565394,-0.160204266,-0.08292703333,
1649765414,-0.1579872168,-0.06365051788,
1649965433,-0.1531658907,-0.04642083462,
1650165453,-0.1461296169,-0.02797239344,
1650365473,-0.1376299026,-0.01142518878,
1650565493,-0.1256848411,0.004045337855,
1650765512,-0.1128302089,0.01786335018,
1650965532,-0.09831710304,0.03010591938,
1651165552,-0.08139406647,0.04030168416,
1651365572,-0.06353360273,0.04831837078,
1651565591,-0.04509568787,0.05352955479,
1651765611,-0.02601746643,0.05684858954,
1651965631,-0.006370114437,0.05699137552,
1652165651,0.0127368976,0.05479904303,
1652365670,0.03206682195,0.05074230545,
1652565690,0.05071323412,0.04333266184,
1652765710,0.06771425744,0.0343919312,
1652965730,0.08416003668,0.02322485864,
1653165749,0.09796932787,0.009514842617,
1653365769,0.1101818175,-0.00551658774,
1653565789,0.1206945629,-0.02233501069,
1653765809,0.1282826932,-0.03942473538,
1653965828,0.133651712,-0.05753434506,
1654165848,0.1366629067,-0.07591651392,
1654365868,0.1385187163,-0.09431571532,
1654565888,0.1372266861,-0.1136599409,
1654765908,0.1337331314,-0.132206298,
1654965927,0.1275199689,-0.1503615063,
1655165947,0.1197458695,-0.1675576145,
1655365967,0.1103558555,-0.1821247023,
1655565987,0.09861566656,-0.1963579503,
1655766006,0.08433585217,-0.2100050842,
1655966026,0.07050665887,-0.2205468519,
1656166046,0.05518642398,-0.2294742976,
1656366066,0.03789126136,-0.2368568929,
1656566085,0.01981720063,-0.2412228291,
1656766105,0.003250513472,-0.2440303456,
1656966125,-0.01672865252,-0.2447254916,
1657166145,-0.03358669627,-0.2427537623,
1657366164,-0.05135830365,-0.2376696929,
1657566184,-0.06951448776,-0.2328533078,
1657766204,-0.08497794467,-0.2246737084,
1657966224,-0.1003190539,-0.2141746978,
1658166243,-0.1135677977,-0.2015631415,
1658366263,-0.1252892438,-0.187473593,
1658566283,-0.1360783981,-0.1729753579,
1658766303,-0.1435406772,-0.1558920734,
1658966322,-0.1506215779,-0.1394377762,
1659166342,-0.1543659254,-0.1203632175,
1659366362,-0.1556462817,-0.1024065776,
1659566382,-0.1544105017,-0.08388510364,
1659766401,-0.1509828882,-0.06583498716,
1659966421,-0.145385373,-0.04788644422,
1660166441,-0.1369827498,-0.03081566119,
1660366461,-0.1272646364,-0.01465551442,
1660566480,-0.1146353025,-7.747402604e-05,
1660766500,-0.1005422198,0.01278937809,
1660966520,-0.08494253112,0.02277150896,
1661166540,-0.06792765316,0.03152312881,
1661366559,-0.04983767911,0.0380230873,
1661566579,-0.03085166157,0.04129816937,
1661766599,-0.01186665758,0.04277078144,
1661966619,0.007421078313,0.04114850103,
1662166638,0.02609787324,0.03751838935,
1662366658,0.04447259741,0.03118360844,
1662566678,0.06175360603,0.02328741601,
1662766698,0.07802783956,0.01221888096,
1662966717,0.09225746602,-0.00115641782,
1663166737,0.1048802585,-0.01622021671,
1663366757,0.1148834015,-0.0318686181,
1663566777,0.1230755335,-0.04934009446,
1663766796,0.1289292975,-0.06737707764,
1663966816,0.1329607328,-0.08537623187,
1664166836,0.1345806062,-0.103910719,
1664366856,0.1340548602,-0.1227633092,
1664566875,0.1302383484,-0.1413169654,
1664766895,0.1250068327,-0.1600019437,
1664966915,0.1173222313,-0.1771651131,
1665166935,0.1087150039,-0.1929042953,
1665366954,0.09746691348,-0.2081096776,
1665566974,0.08515468553,-0.2208477208,
1665766994,0.07001772866,-0.2329476272,
1665967014,0.05391898504,-0.243054148,
1666167033,0.03796666223,-0.2507671259,
1666367053,0.02120146356,-0.2573088442,
1666567073,0.002644743787,-0.2616624982,
1666767093,-0.01576970189,-0.2630742457,
1666967112,-0.03537407784,-0.2629954884,
1667167132,-0.05323184524,-0.2596656585,
1667367152,-0.07168490335,-0.2550000974,
1667567172,-0.08929816974,-0.2487951747,
1667767191,-0.1051710594,-0.2410067408,
1667967211,-0.1212183226,-0.2294289365,
1668167231,-0.135514622,-0.2182501551,
1668367251,-0.1489529699,-0.2028920043,
1668567270,-0.1591728097,-0.1889257837,
1668767290,-0.167744062,-0.1721836823,
1668967310,-0.1742417265,-0.1536109622,
1669167330,-0.1797885432,-0.1348998067,
1669367349,-0.1831615548,-0.1167607991,
1669567369,-0.1827780717,-0.09771547656,
1669767389,-0.1809256898,-0.07894139338,
1669967409,-0.1769979411,-0.05985538754,
1670167428,-0.1691714601,-0.04221878645,
1670367448,-0.1604827692,-0.02535502918,
1670567468,-0.149324504,-0.00927172111,
1670767488,-0.1367987499,0.004813663677,
1670967507,-0.1225900597,0.01725191451,
1671167527,-0.1059172375,0.02816986938,
1671367547,-0.08915294219,0.0367248613,
1671567567,-0.07047354218,0.04278786908,
1671767586,-0.05144740356,0.04625253164,
1671967606,-0.03302129672,0.04698916472,
1672167626,-0.01389405924,0.04583863273,
1672367646,0.004711558493,0.04155705733,
1672567665,0.02228914115,0.03515422395,
1672767685,0.03952774228,0.02693286111,
1672967705,0.05481892526,0.01661840247,
1673167725,0.0683111527,0.003869354181,
1673367744,0.0797188974,-0.01051309329,
1673567764,0.08927207495,-0.0269904365,
1673767784,0.09587796489,-0.04429136645,
1673967804,0.1014590133,-0.06114958701,
1674167823,0.1046410355,-0.07857444565,
1674367843,0.1047217193,-0.09624581382,
1674567863,0.1037388269,-0.1142231161,
1674767883,0.0996156859,-0.1311473604,
1674967902,0.09290712116,-0.1483977162,
1675167922,0.08442974125,-0.1632526064,
1675367942,0.07472622907,-0.1774269555,
1675567962,0.06242160793,-0.1903053352,
1675767981,0.0491766605,-0.2012873924,
1675968001,0.03478038386,-0.2111893694,
1676168021,0.01863609218,-0.2188434042,
1676368041,0.002167203743,-0.2234714732,
1676568060,-0.0155481754,-0.2266959225,
1676768080,-0.03218529169,-0.2280357996,
1676968100,-0.0506305583,-0.2267043027,
1677168120,-0.06748679719,-0.2231038669,
1677368139,-0.08436611161,-0.2170180864,
1677568159,-0.1004774461,-0.2102117688,
1677768179,-0.1152604507,-0.2000702505,
1677968199,-0.1291014799,-0.1894393773,
1678168218,-0.1416311941,-0.1755320447,
1678368238,-0.1524189078,-0.1606819396,
1678568258,-0.1614851152,-0.1456286865,
1678768278,-0.1681550075,-0.1284849573,
1678968297,-0.1737518257,-0.109748171,
1679168317,-0.1759772507,-0.09266864553,
1679368337,-0.1761758942,-0.0733764375,
1679568357,-0.1739946289,-0.05434289825,
1679768377,-0.1703560204,-0.03663912457,
1679968396,-0.1630238897,-0.01819156394,
1680168416,-0.1550294982,-0.001247301608,
1680368436,-0.1434606838,0.01501743979,
1680568456,-0.1313553766,0.02995710501,
1680768475,-0.1165519878,0.04283885282,
1680968495,-0.1009771155,0.05358971178,
1681168515,-0.08329686612,0.06300318524,
1681368535,-0.06509672114,0.0700779724,
1681568554,-0.04601825107,0.07386517878,
1681768574,-0.02656424987,0.07633245258,
1681968594,-0.006856426358,0.07619962949,
1682168614,0.01247613024,0.07325572,
1682368633,0.03173330478,0.06807904107,
1682568653,0.04984027533,0.06073909122,
1682768673,0.06640808927,0.05128126436,
1682968693,0.0820723542,0.03967476075,
1683168712,0.09637252122,0.02643095486,
1683368732,0.1085352761,0.01141235067,
1683568752,0.1188025291,-0.0054819549,
1683768772,0.1269443603,-0.02286017574,
1683968791,0.1317325994,-0.04077762515,
1684168811,0.13520742,-0.05930839611,
1684368831,0.1363208536,-0.07772742263,
1684568851,0.1353898641,-0.09566352105,
1684768870,0.1314530461,-0.1134433176,
1684968890,0.1255379896,-0.1316994559,
1685168910,0.118201903,-0.148678351,
1685368930,0.108789251,-0.163898171,
1685568949,0.09749402379,-0.176612399,
1685768969,0.08443912675,-0.1901582966,
1685968989,0.07079387573,-0.2003924515,
1686169009,0.05499906113,-0.2084499194,
1686369028,0.03921671169,-0.2154372347,
1686569048,0.02207953197,-0.2199158008,
1686769068,0.005116114862,-0.2220010781,
1686969088,-0.01257925317,-0.2222477863,
1687169107,-0.02992460437,-0.2198584182,
1687369127,-0.04695283206,-0.2148174952,
1687569147,-0.06311594293,-0.2091435526,
1687769167,-0.07780798094,-0.2014094485,
1687969186,-0.09272515214,-0.1909043335,
1688169206,-0.105129184,-0.1783066782,
1688369226,-0.1163400452,-0.1653091909,
1688569246,-0.1249830586,-0.1491101553,
1688769265,-0.13290603,-0.1327353307,
1688969285,-0.1369747264,-0.1162684621,
1689169305,-0.1397829865,-0.09876213287,
1689369325,-0.1400948859,-0.0800712208,
1689569344,-0.1379314779,-0.06226033152,
1689769364,-0.1340776257,-0.04417186605,
1689969384,-0.1269123731,-0.02711060128,
1690169404,-0.1185619041,-0.01149213663,
1690369423,-0.1075468853,0.003907525751,
1690569443,-0.09396716699,0.01753680695,
1690769463,-0.07919901127,0.02896581266,
1690969483,-0.06320967282,0.03855713437,
1691169502,-0.04604748231,0.04591134542,
1691369522,-0.02724539148,0.05108124337,
1691569542,-0.008412191543,0.05373487101,
1691769562,0.01097337552,0.0541678595,
1691969581,0.0296758281,0.05154414164,
1692169601,0.04872540813,0.04710861865,
1692369621,0.06667447423,0.04042708388,
1692569641,0.08406691235,0.03069909298,
1692769660,0.1004334259,0.01914626828,
1692969680,0.1140682068,0.005439824784,
1693169700,0.125787156,-0.009357760047,
1693369720,0.1356110578,-0.02585318269,
1693569739,0.144506168,-0.04282431736,
1693769759,0.1505362914,-0.06033313309,
1693969779,0.1542856971,-0.07900533496,
1694169799,0.1557978626,-0.09842187456,
1694369818,0.154660613,-0.1172359358,
1694569838,0.1519582045,-0.1367447895,
1694769858,0.1460997132,-0.1542199187,
1694969878,0.139757485,-0.1718904094,
1695169897,0.1297732318,-0.1878907211,
1695369917,0.1190546452,-0.2033042316,
1695569937,0.1073255987,-0.2162290123,
1695769957,0.0935667243,-0.2283311726,
1695969976,0.07735853013,-0.2388674393,
1696169996,0.06199375549,-0.2474692557,
1696370016,0.0444815515,-0.2535130612,
1696570036,0.0265465458,-0.258003749,
1696770055,0.008755026893,-0.2614473024,
1696970075,-0.009445369185,-0.2614372011,
1697170095,-0.02722432527,-0.2588756218,
1697370115,-0.04506901587,-0.2545620559,
1697570134,-0.06139092377,-0.2485161975,
1697770154,-0.07872163194,-0.2392615226,
1697970174,-0.09388079474,-0.230876454,
1698170194,-0.1071962766,-0.2182703866,
1698370213,-0.1202548589,-0.205854338,
1698570233,-0.1308356834,-0.1889173351,
1698770253,-0.1388574034,-0.1739536675,
1698970273,-0.1456728984,-0.1565923477,
1699170292,-0.1494791905,-0.1395843782,
1699370312,-0.1520729095,-0.1216588869,
1699570332,-0.1511633359,-0.1030505527,
1699770352,-0.1491146006,-0.08490278718,
1699970371,-0.1444365236,-0.06761876786,
1700170391,-0.136122292,-0.05052612052,
1700370411,-0.1272635627,-0.03529764178,
1700570431,-0.1161178022,-0.01986352256,
1700770450,-0.1027383515,-0.007075854322,
1700970470,-0.08828692747,0.003625981655,
1701170490,-0.07155819645,0.01271333882,
1701370510,-0.05424205326,0.01910560716,
1701570529,-0.0364815202,0.02335724985,
1701770549,-0.01796846982,0.02487637443,
1701970569,0.0002478973277,0.02368764249,
1702170589,0.01841935866,0.02056355456,
1702370608,0.03592986203,0.01506570503,
1702570628,0.05226942438,0.007370118501,
1702770648,0.06780808881,-0.003222273265,
1702970668,0.0809103488,-0.01607309623,
1703170687,0.09289222162,-0.03020113463,
1703370707,0.1023008037,-0.0458915826,
1703570727,0.1103038293,-0.06163252219,
1703770747,0.1154536967,-0.07868794889,
1703970767,0.1200323598,-0.09648762897,
1704170786,0.120322968,-0.1147502507,
1704370806,0.1194713877,-0.1326393537,
1704570826,0.115411594,-0.1492692179,
1704770846,0.1098032232,-0.1666465296,
1704970865,0.1013962408,-0.182750534,
1705170885,0.09191527133,-0.1970816093,
1705370905,0.080661841,-0.2108608845,
1705570925,0.06744219037,-0.2231838534,
1705770944,0.05270444963,-0.2339899249,
1705970964,0.03814177857,-0.2420398253,
1706170984,0.02161650303,-0.2478249743,
1706371004,0.004258718902,-0.2526710917,
1706571023,-0.013967009,-0.2542454742,
1706771043,-0.03227285646,-0.2541540953,
1706971063,-0.04909020816,-0.2526255697,
1707171083,-0.06587108461,-0.2488575389,
1707371102,-0.08256080581,-0.2420802882,
1707571122,-0.09878956934,-0.2344661577,
1707771142,-0.1136238301,-0.2236983268,
1707971162,-0.1276612115,-0.2121085011,
1708171181,-0.1394423466,-0.1982635432,
1708371201,-0.1500058679,-0.1845766295,
1708571221,-0.1581536913,-0.167948798,
1708771241,-0.1656496142,-0.1510171889,
1708971260,-0.1696811559,-0.1336434617,
1709171280,-0.1728651189,-0.114895961,
1709371300,-0.171966457,-0.09693521923,
1709571320,-0.1696775927,-0.07758872385,
1709771339,-0.1656138399,-0.05972089397,
1709971359,-0.1596448507,-0.04212135689,
1710171379,-0.1510665692,-0.02528446287,
1710371399,-0.1394603133,-0.01032694076,
1710571418,-0.1266998632,0.004079859139,
1710771438,-0.1130158832,0.01635679159,
1710971458,-0.096826413,0.02733968784,
1711171478,-0.07964896842,0.03574361878,
1711371497,-0.06152567726,0.04237259012,
1711571517,-0.04322338906,0.04586244978,
1711771537,-0.02417154818,0.04712992513,
1711971557,-0.005101883945,0.04623055598,
1712171576,0.01355405675,0.04317573293,
1712371596,0.03197914538,0.03747019176,
1712571616,0.04937853366,0.02994721961,
1712771636,0.06559685441,0.01986791003,
1712971655,0.08002334729,0.007928890069,
1713171675,0.09291954046,-0.006247431188,
1713371695,0.1039145979,-0.02218007988,
1713571715,0.1124945911,-0.03849059348,
1713771734,0.1190162403,-0.05533769789,
1713971754,0.1239166437,-0.07305186501,
1714171774,0.1259710214,-0.09116659819,
1714371794,0.1259977364,-0.1089888296,
1714571813,0.1244132091,-0.1270515842,
1714771833,0.1197569747,-0.1446675174,
1714971853,0.1133816021,-0.1606131119,
1715171873,0.1045047824,-0.176604525,
1715371892,0.09491911977,-0.1911614103,
1715571912,0.08287131782,-0.2042798362,
1715771932,0.06994245841,-0.2159807054,
1715971952,0.05602645478,-0.2255871821,
1716171971,0.03936956451,-0.2335902494,
1716371991,0.02347118032,-0.2388751819,
1716572011,0.0057460945,-0.2417949964,
1716772031,-0.01067042203,-0.2439974169,
1716972050,-0.02901424837,-0.2423798417,
1717172070,-0.04542519128,-0.239922477,
1717372090,-0.06140032063,-0.2351866702,
1717572110,-0.07768475925,-0.2275488568,
1717772129,-0.09320739229,-0.2192288063,
1717972149,-0.106299557,-0.2078489157,
1718172169,-0.1178175191,-0.1947857571,
1718372189,-0.128731811,-0.1815358388,
1718572208,-0.1371618961,-0.1658939321,
1718772228,-0.1440457831,-0.1499281005,
1718972248,-0.1482880657,-0.1324820168,
1719172268,-0.1507126222,-0.1156453434,
1719372287,-0.1503235001,-0.09758840053,
1719572307,-0.1479069868,-0.08035933881,
1719772327,-0.143198173,-0.06277033295,
1719972347,-0.1359238327,-0.04634879514,
1720172366,-0.1269244404,-0.03089803821,
1720372386,-0.1154370145,-0.0161750602,
1720572406,-0.1021660138,-0.003225450043,
1720772426,-0.08774705857,0.007533569997,
1720972445,-0.07140344592,0.01650804201,
1721172465,-0.05438139721,0.02319501105,
1721372485,-0.03652305943,0.02741502546,
1721572505,-0.01817790532,0.0291503906,
1721772524,0.0002932560788,0.02866384851,
1721972544,0.01872849255,0.02580766261,
1722172564,0.03643347286,0.0209356813,
1722372584,0.05390373742,0.01386568609,
1722572603,0.06960058782,0.003764819444,
1722772623,0.08324621008,-0.008812909701,
1722972643,0.09592600088,-0.0228082032,
1723172663,0.1070244765,-0.03711666617,
1723372682,0.1163066162,-0.05362554134,
1723572702,0.1234540436,-0.06955233853,
1723772722,0.1279657839,-0.08746077421,
1723972742,0.1308535604,-0.1051040991,
1724172761,0.1315482353,-0.1233523692,
1724372781,0.1295672267,-0.1416155516,
1724572801,0.1252965673,-0.1600873557,
1724772821,0.1204266943,-0.1766216491,
1724972840,0.1123841894,-0.192683897,
1725172860,0.1024569154,-0.2080046723,
1725372880,0.09098266493,-0.2208152677,
1725572900,0.07857222155,-0.2339225548,
1725772919,0.06394242399,-0.2443260806,
1725972939,0.04908308532,-0.2544074631,
1726172959,0.03356899655,-0.2613949347,
1726372979,0.0154121092,-0.2671914146,
1726572998,-0.002259194921,-0.2698503408,
1726773018,-0.01975091927,-0.271114524,
1726973038,-0.03584425086,-0.2691983238,
1727173058,-0.05464044665,-0.2671033262,
1727373077,-0.07177770406,-0.2632869512,
1727573097,-0.08795513521,-0.2568543744,
1727773117,-0.1028797144,-0.2478838068,
1727973137,-0.1166412122,-0.2381040746,
1728173156,-0.1300277553,-0.2234837868,
1728373176,-0.141712708,-0.2108830704,
1728573196,-0.1507829815,-0.1965683692,
1728773216,-0.1593362648,-0.1810422251,
1728973236,-0.1653755611,-0.1637105742,
1729173255,-0.1687754317,-0.1468288449,
1729373275,-0.1713337324,-0.1287046642,
1729573295,-0.1690580165,-0.1107632614,
1729773315,-0.166693459,-0.09305174558,
1729973334,-0.1616468454,-0.07601957633,
1730173354,-0.1541815677,-0.05953880086,
1730373374,-0.145077664,-0.04421250328,
1730573394,-0.1338236578,-0.03007064441,
1730773413,-0.1206077491,-0.01775022835,
1730973433,-0.1057406931,-0.007362931955,
1731173453,-0.08984215316,0.001374876855,
1731373473,-0.07302550366,0.007719821191,
1731573492,-0.05542125505,0.01141029223,
1731773512,-0.03768591203,0.01261960532,
1731973532,-0.01970519443,0.01145176832,
1732173552,-0.001863250865,0.007999333279,
1732373571,0.0152248107,0.002094813918,
1732573591,0.03061742427,-0.00582026431,
1732773611,0.0446000154,-0.01617616281,
1732973631,0.05754532803,-0.02842099117,
1733173650,0.06910197828,-0.04253572632,
1733373670,0.07884967692,-0.05818665001,
1733573690,0.08586560692,-0.07405573287,
1733773710,0.09077258595,-0.09094631116,
1733973729,0.09346052976,-0.1084669217,
1734173749,0.09412146038,-0.1258957761,
1734373769,0.09143246773,-0.1437546028,
1734573789,0.08751490493,-0.1601283121,
1734773808,0.08121586258,-0.1767960317,
1734973828,0.07301327079,-0.1918338561,
1735173848,0.06341396708,-0.2057815762,
1735373868,0.0515842486,-0.2186999035,
1735573887,0.0388038992,-0.2300352211,
1735773907,0.02409127696,-0.2399162904,
1735973927,0.007998624687,-0.2467704804,
1736173947,-0.008305060161,-0.2528697528,
1736373966,-0.02508399876,-0.2561014589,
1736573986,-0.04263377554,-0.2574252825,
1736774006,-0.05959588853,-0.2568615032,
1736974026,-0.07718600005,-0.2553480699,
1737174045,-0.09378017034,-0.2503170731,
1737374065,-0.1113246128,-0.2433693416,
1737574085,-0.1261173934,-0.2342557945,
1737774105,-0.1407372253,-0.2252336774,
1737974124,-0.1537914661,-0.2125254368,
1738174144,-0.1656795221,-0.1988522497,
1738374164,-0.1752364493,-0.1845458647,
1738574184,-0.1848656628,-0.1679029159,
1738774203,-0.1909399063,-0.1507317166,
1738974223,-0.1954640958,-0.1335353529,
1739174243,-0.1985659998,-0.1153329411,
1739374263,-0.1984102848,-0.0965656345,
1739574282,-0.196778027,-0.07749890199,
1739774302,-0.1918607256,-0.05968858974,
1739974322,-0.1854521053,-0.04196023951,
1740174342,-0.1771926963,-0.02541710368,
1740374361,-0.1671763723,-0.009680021025,
1740574381,-0.154553975,0.004629623319,
1740774401,-0.1402556176,0.01736650764,
1740974421,-0.1244194281,0.02883548847,
1741174440,-0.10777418,0.03781554686,
1741374460,-0.09026206415,0.04439755188,
1741574480,-0.07144951678,0.04958564413,
1741774500,-0.05256871372,0.05138466125,
1741974519,-0.03337079648,0.05111209112,
1742174539,-0.01474097555,0.04793578903,
1742374559,0.003551146329,0.04320751392,
1742574579,0.02091572008,0.03574113812,
1742774598,0.03723648964,0.02660145609,
1742974618,0.0521717518,0.01564860143,
1743174638,0.06496085666,0.001965240791,
1743374658,0.07599374483,-0.01275964922,
1743574677,0.08469222563,-0.02974808648,
1743774697,0.09230204059,-0.04694656171,
1743974717,0.09716083668,-0.06418657022,
1744174737,0.09993554486,-0.0819915641,
1744374756,0.1003928618,-0.09990365844,
1744574776,0.09882108827,-0.1172684296,
1744774796,0.09417354354,-0.1347873927,
1744974816,0.08803361536,-0.1508940999,
1745174835,0.07917551694,-0.1667502022,
1745374855,0.06958984789,-0.1802428126,
1745574875,0.05837217155,-0.1932139294,
1745774895,0.04483789975,-0.2045484583,
1745974914,0.03020807097,-0.2136132209,
1746174934,0.01507415222,-0.2205205597,
1746374954,-0.001017549817,-0.2260052557,
1746574974,-0.01771607646,-0.2291268708,
1746774993,-0.03567287128,-0.2305727261,
1746975013,-0.05173707562,-0.2294111878,
1747175033,-0.06865418141,-0.2263916908,
1747375053,-0.08497362701,-0.2214469628,
1747575072,-0.100041139,-0.2144889406,
1747775092,-0.114506823,-0.2052785422,
1747975112,-0.1276319656,-0.1945862724,
1748175132,-0.1398817117,-0.182166019,
1748375151,-0.1499741885,-0.1678957464,
1748575171,-0.1586350459,-0.1526568359,
1748775191,-0.1651013255,-0.1363322732,
1748975211,-0.1693343733,-0.1194260177,
1749175230,-0.1717965627,-0.1023201489,
1749375250,-0.1717585893,-0.0843945737,
1749575270,-0.169862194,-0.06693439022,
1749775290,-0.1653559268,-0.04964258219,
1749975309,-0.1585434441,-0.03240207812,
1750175329,-0.1499706384,-0.01729340655,
1750375349,-0.1391113738,-0.002791440601,
1750575369,-0.1263892394,0.01114033184,
1750775388,-0.1122935367,0.02267060487,
1750975408,-0.09721641158,0.03216936955,
1751175428,-0.07987928545,0.04013328394,
1751375448,-0.06242400046,0.04540498914,
1751575467,-0.04407484764,0.04888303624,
1751775487,-0.02591908389,0.04898360248,
1751975507,-0.007443156076,0.04751766232,
1752175527,0.0107996946,0.04341866806,
1752375546,0.02811324651,0.03738198711,
1752575566,0.04477703775,0.02950919065,
1752775586,0.05977820883,0.01939013707,
1752975606,0.07343558472,0.0068937772,
1753175625,0.08581027554,-0.007720620944,
1753375645,0.09454356697,-0.02335442507,
1753575665,0.1031143467,-0.03999851878,
1753775685,0.1087559156,-0.05670232727,
1753975705,0.1127135379,-0.07390066054,
1754175724,0.1147242547,-0.09176022522,
1754375744,0.1138625652,-0.1095350064,
1754575764,0.1104587599,-0.1270018236,
1754775784,0.106087816,-0.1438030481,
1754975803,0.09895973238,-0.1597114542,
1755175823,0.08996344589,-0.1747490441,
1755375843,0.07969116908,-0.1880487171,
1755575863,0.06735170057,-0.2006396366,
1755775882,0.05386500819,-0.2112863651,
1755975902,0.03925741624,-0.2195386166,
1756175922,0.02389585213,-0.2265090809,
1756375942,0.007857432982,-0.2313479597,
1756575961,-0.008729772472,-0.2344563133,
1756775981,-0.02538846609,-0.234704171,
1756976001,-0.04231250761,-0.2335801081,
1757176021,-0.05862822393,-0.2303504775,
1757376040,-0.07460750042,-0.2250666565,
1757576060,-0.08984888121,-0.2175498677,
1757776080,-0.1042594134,-0.2082935972,
1757976100,-0.1166824243,-0.197781672,
1758176119,-0.128363614,-0.1854964573,
1758376139,-0.1377122259,-0.1717146294,
1758576159,-0.1453974758,-0.1563672209,
1758776179,-0.1517341614,-0.141214416,
1758976198,-0.155279671,-0.1243491309,
1759176218,-0.157367702,-0.1072911251,
1759376238,-0.156810158,-0.09042206366,
1759576258,-0.1544373724,-0.0736632995,
1759776277,-0.1498131029,-0.05677749144,
1759976297,-0.1425744558,-0.04068709878,
1760176317,-0.1335182115,-0.02617968692,
1760376337,-0.1228227494,-0.01253997366,
1760576356,-0.1100364466,0.0001128400449,
1760776376,-0.09601685936,0.01047454468,
1760976396,-0.08067434166,0.01886093141,
1761176416,-0.06402304045,0.0256831947,
1761376435,-0.04708326758,0.02947970845,
1761576455,-0.02921386023,0.03116670908,
1761776475,-0.01124990235,0.03091152026,
1761976495,0.006300480509,0.02827481258,
1762176514,0.02319352428,0.02337547993,
1762376534,0.03977242579,0.01611184466,
1762576554,0.05495172509,0.006984203847,
1762776574,0.0683929596,-0.004504800619,
1762976593,0.0802729052,-0.01821464768,
1763176613,0.09077406118,-0.03293680101,
1763376633,0.0995527186,-0.04876326529,
1763576653,0.1062401816,-0.06475549645,
1763776672,0.1106075261,-0.0818011868,
1763976692,0.1130075857,-0.09928878024,
1764176712,0.1131964861,-0.1168364391,
1764376732,0.1110909203,-0.1341178631,
1764576751,0.1067955502,-0.151513127,
1764776771,0.100102596,-0.1676148353,
1764976791,0.09259552255,-0.1830038705,
1765176811,0.08236026936,-0.1963819659,
1765376830,0.07109559548,-0.2095560454,
1765576850,0.05882491382,-0.2211706316,
1765776870,0.04407345654,-0.230505051,
1765976890,0.02926388598,-0.2387717966,
1766176909,0.01245868271,-0.2442842194,
1766376929,-0.003282977925,-0.2489389347,
1766576949,-0.02081333172,-0.2504492506,
1766776969,-0.03761541499,-0.2505634028,
1766976988,-0.05467614648,-0.2487297908,
1767177008,-0.07104221368,-0.2450450446,
1767377028,-0.08731993383,-0.2385296623,
1767577048,-0.1025668237,-0.2307652898,
1767777067,-0.1154728415,-0.2217711289,
1767977087,-0.1287857259,-0.2092867127,
1768177107,-0.1402240079,-0.1972907499,
1768377127,-0.1497563196,-0.1833944198,
1768577146,-0.1580427859,-0.167647341,
1768777166,-0.1635514353,-0.1517053442,
1768977186,-0.1678099416,-0.1349365957,
1769177206,-0.1704405363,-0.1180129108,
1769377225,-0.1694118251,-0.1003011441,
1769577245,-0.1674466156,-0.08375535647,
1769777265,-0.1621549291,-0.06674674778,
1769977285,-0.1554612208,-0.05037274248,
1770177304,-0.1472348729,-0.03558477187,
1770377324,-0.1366033216,-0.02163162236,
1770577344,-0.1240135301,-0.008788064116,
1770777364,-0.1105528769,0.001767147139,
1770977383,-0.09511949881,0.01086411119,
1771177403,-0.07879427499,0.01765940397,
1771377423,-0.06169718773,0.02217022193,
1771577443,-0.04417076083,0.02429296573,
1771777462,-0.02643255321,0.02426827652,
1771977482,-0.009087893789,0.02166952814,
1772177502,0.007554641354,0.01671727826,
1772377522,0.02394165941,0.01025418941,
1772577541,0.03872984362,0.00109031847,
1772777561,0.05248290438,-0.009550212206,
1772977581,0.06381544039,-0.02265956424,
1773177601,0.07420229789,-0.03754852981,
1773377620,0.08264284049,-0.05322425618,
1773577640,0.08890672042,-0.06913517328,
1773777660,0.09306260614,-0.08581943784,
1773977680,0.09530514134,-0.1026503755,
1774177699,0.09441233852,-0.1201519465,
1774377719,0.09189147503,-0.1372143441,
1774577739,0.08691499826,-0.1536901992,
1774777759,0.08054020053,-0.1688661162,
1774977778,0.07200469078,-0.1839534026,
1775177798,0.06157099037,-0.1973620877,
1775377818,0.0499745072,-0.2089842817,
1775577838,0.03646321416,-0.2194926023,
1775777857,0.02224802452,-0.2274600284,
1775977877,0.006641375318,-0.2345821543,
1776177897,-0.009521224255,-0.2395103385,
1776377917,-0.02594789034,-0.2418014874,
1776577936,-0.04249173066,-0.2431632292,
1776777956,-0.0596747707,-0.2417835522,
1776977976,-0.07633363407,-0.2383411332,
1777177996,-0.09237631383,-0.2325622073,
1777378015,-0.1070688524,-0.2256164906,
1777578035,-0.1220774599,-0.2165462141,
1777778055,-0.1351034717,-0.2062723365,
1777978075,-0.1461859564,-0.1932264553,
1778178095,-0.1571395969,-0.1804965255,
1778378114,-0.1650482062,-0.164950887,
1778578134,-0.1719719046,-0.1489579176,
1778778154,-0.1766771106,-0.1317827871,
1778978174,-0.1798000361,-0.1151722053,
1779178193,-0.1800599464,-0.09750574059,
1779378213,-0.178849064,-0.08009353001,
1779578233,-0.1743912869,-0.06273758924,
1779778253,-0.1689667304,-0.04662115082,
1779978272,-0.1607888319,-0.0307003948,
1780178292,-0.1507174694,-0.01559135004,
1780378312,-0.1393456361,-0.002597667309,
1780578332,-0.1256008044,0.009449830261,
1780778351,-0.110719528,0.01986737097,
1780978371,-0.09487285653,0.02777970096,
1781178391,-0.07776813285,0.03422606505,
1781378411,-0.06037058884,0.0380605124,
1781578430,-0.04237699384,0.03937225982,
1781778450,-0.02435251221,0.03850771645,
1781978470,-0.006852844078,0.0351418321,
1782178490,0.01005261395,0.02971045663,
1782378509,0.02620664983,0.02270238037,
1782578529,0.04117026587,0.01326500627,
1782778549,0.05434943092,0.001968541176,
1782978569,0.06600690575,-0.01147017231,
1783178588,0.07600020773,-0.02615967973,
1783378608,0.08437371802,-0.04201852281,
1783578628,0.0907441438,-0.05840869654,
1783778648,0.09525394204,-0.07515951588,
1783978667,0.09699909094,-0.09228967488,
1784178687,0.09653956548,-0.1091539697,
1784378707,0.09406431015,-0.1261126723,
1784578727,0.08919767781,-0.1427689083,
1784778746,0.08256205013,-0.1583317124,
1784978766,0.07472867198,-0.1729593651,
1785178786,0.06422379844,-0.1860697322,
1785378806,0.05264922753,-0.1972822552,
1785578825,0.03964879731,-0.207634048,
1785778845,0.02571138985,-0.2165238763,
1785978865,0.01094503743,-0.2226363496,
1786178885,-0.005136558084,-0.2281402589,
1786378904,-0.02097095876,-0.2312509945,
1786578924,-0.03722922325,-0.2322019085,
1786778944,-0.0537526437,-0.2306623917,
1786978964,-0.06923972009,-0.2278611753,
1787178983,-0.0853356954,-0.2225260766,
1787379003,-0.1003385103,-0.2155155387,
1787579023,-0.1142308428,-0.206938986,
1787779043,-0.1268014817,-0.1964242461,
1787979062,-0.1378108788,-0.1847924469,
1788179082,-0.147643693,-0.1714048234,
1788379102,-0.1550949563,-0.1569936415,
1788579122,-0.1615176464,-0.1414256245,
1788779141,-0.1666732214,-0.1254236265,
1788979161,-0.1690189025,-0.1091510672,
1789179181,-0.1686878857,-0.09214484974,
1789379201,-0.1672774849,-0.07556002342,
1789579220,-0.1634599071,-0.05885360343,
1789779240,-0.157314266,-0.04318614778,
1789979260,-0.1493769837,-0.02828450972,
1790179280,-0.139904736,-0.01400487134,
1790379299,-0.1279819281,-0.001318119037,
1790579319,-0.1150798657,0.009855715312,
1790779339,-0.1009202987,0.01925580622,
1790979359,-0.08530994631,0.02679946033,
1791179378,-0.06896050102,0.03223454608,
1791379398,-0.05199021579,0.03550091538,
1791579418,-0.03479991583,0.03671751529,
1791779438,-0.01734040577,0.03565502057,
1791979457,-0.0007341333156,0.03235681452,
1792179477,0.01567931364,0.02699304122,
1792379497,0.03112738053,0.01971688179,
1792579517,0.04534488308,0.01041093418,
1792779536,0.05824404207,-0.0005674238536,
1792979556,0.06900725543,-0.01394424625,
1793179576,0.07848234943,-0.02814104909,
1793379596,0.08659163355,-0.04334459177,
1793579615,0.09283169258,-0.05923697622,
1793779635,0.09723396805,-0.07556453339,
1793979655,0.09881756011,-0.09223201816,
1794179675,0.09847003653,-0.108763424,
1794379694,0.09585607794,-0.1257834167,
1794579714,0.09162179649,-0.1412533613,
1794779734,0.0851278049,-0.1565843211,
1794979754,0.07650634468,-0.1709405351,
1795179773,0.06757270044,-0.1834695232,
1795379793,0.05615407583,-0.1950346431,
1795579813,0.04347914782,-0.2053184037,
1795779833,0.02966247692,-0.214120263,
1795979852,0.01542168342,-0.2202315676,
1796179872,1.740947518e-05,-0.2253047489,
1796379892,-0.01583164216,-0.228395521,
1796579912,-0.03188168319,-0.2287725098,
1796779931,-0.04789456157,-0.227590745,
1796979951,-0.06382052586,-0.2243083041,
1797179971,-0.07860360212,-0.220025762,
1797379991,-0.09322174388,-0.2123762351,
1797580010,-0.1067305108,-0.2036537144,
1797780030,-0.1191718096,-0.1936255975,
1797980050,-0.1297390808,-0.1821207778,
1798180070,-0.1395378581,-0.1688898497,
1798380089,-0.1472952948,-0.1542998625,
1798580109,-0.1530026925,-0.1396382634,
1798780129,-0.1573751228,-0.1235099546,
1798980149,-0.1587445127,-0.1069856762,
1799180168,-0.158782835,-0.09050703342,
1799380188,-0.1564046096,-0.07424664529,
1799580208,-0.1521641883,-0.05816995206,
1799780228,-0.1458689452,-0.04308910449,
1799980247,-0.1367367142,-0.02843137506,
1800180267,-0.1267170391,-0.01532442992,
1800380287,-0.1147771027,-0.002999514243,
1800580307,-0.1012861363,0.007569666827,
1800780326,-0.08662390462,0.01614490288,
1800980346,-0.07061914899,0.02253314786,
1801180366,-0.05425683274,0.0271051267,
1801380386,-0.03711252096,0.02906247317,
1801580405,-0.01948056205,0.02926479875,
1801780425,-0.002565882147,0.02687628075,
1801980445,0.01409249892,0.02247437287,
1802180465,0.02977768565,0.01568586925,
1802380484,0.04472489826,0.007595152455,
1802580504,0.05811765037,-0.003251275722,
1802780524,0.07025958707,-0.01573630503,
1802980544,0.080761987,-0.03002708184,
1803180564,0.08987428841,-0.04480336226,
1803380583,0.09696473089,-0.06032079364,
1803580603,0.1021562111,-0.07698649246,
1803780623,0.1046589513,-0.09384684475,
1803980643,0.1053690835,-0.111071063,
1804180662,0.1040240676,-0.1279653137,
1804380682,0.09997381279,-0.1443823573,
1804580702,0.09473237603,-0.1606147871,
1804780722,0.0871864517,-0.1754779959,
1804980741,0.0783423996,-0.1894917892,
1805180761,0.06794315245,-0.2025917087,
1805380781,0.05528930684,-0.2136078323,
1805580801,0.04220324291,-0.2237640057,
1805780820,0.02752684335,-0.2320946091,
1805980840,0.01209376522,-0.237895681,
1806180860,-0.00381042027,-0.2425550916,
1806380880,-0.02039055622,-0.2453567449,
1806580899,-0.03633660547,-0.2462586664,
1806780919,-0.05329158732,-0.2448881387,
1806980939,-0.06928586334,-0.2409578121,
1807180959,-0.08455515782,-0.2360183831,
1807380978,-0.09982049013,-0.2289857705,
1807580998,-0.1137153167,-0.2195811958,
1807781018,-0.1262539208,-0.2096574061,
1807981038,-0.1377811359,-0.197531165,
1808181057,-0.1481388248,-0.1846559829,
1808381077,-0.1561926889,-0.1696401014,
1808581097,-0.1626229137,-0.1546770415,
1808781117,-0.1675334609,-0.1387090645,
1808981136,-0.1698929492,-0.1215258691,
1809181156,-0.1706549088,-0.1051113723,
1809381176,-0.1689830136,-0.08842410679,
1809581196,-0.1651056893,-0.07181282625,
1809781215,-0.159217939,-0.05620759447,
1809981235,-0.1512224982,-0.0409107789,
1810181255,-0.141660057,-0.02733164574,
1810381275,-0.1299951158,-0.01468981054,
1810581294,-0.1173173262,-0.00374296918,
1810781314,-0.1025718323,0.005905164385,
1810981334,-0.08724377029,0.01323039083,
1811181354,-0.07100157253,0.01835347277,
1811381373,-0.05432029228,0.02114888804,
1811581393,-0.03697695453,0.0220116778,
1811781413,-0.02033786413,0.02010179676,
1811981433,-0.003673676426,0.01618870943,
1812181452,0.01233824976,0.01061273457,
1812381472,0.02664426429,0.002426085486,
1812581492,0.04074696149,-0.007216964979,
1812781512,0.05233607121,-0.01953083746,
1812981531,0.0628483178,-0.03276564792,
1813181551,0.07168177955,-0.04724750589,
1813381571,0.0789411813,-0.06245597033,
1813581591,0.08400133425,-0.07852798212,
1813781610,0.08631020301,-0.09488066773,
1813981630,0.086545525,-0.1114560437,
1814181650,0.08483492733,-0.1281315535,
1814381670,0.08122892801,-0.1439653109,
1814581689,0.07549919249,-0.1592772778,
1814781709,0.06808980604,-0.1732279355,
1814981729,0.0586663713,-0.1864266225,
1815181749,0.04818127409,-0.1987646455,
1815381768,0.03580565107,-0.2086700028,
1815581788,0.02201912542,-0.2181492792,
1815781808,0.007517138944,-0.2255287255,
1815981828,-0.007422664405,-0.2303506585,
1816181847,-0.02308392993,-0.2341851336,
1816381867,-0.03914402389,-0.2351437953,
1816581887,-0.05532110695,-0.2349086314,
1816781907,-0.07090038403,-0.2327148439,
1816981926,-0.08652062411,-0.2275733776,
1817181946,-0.1013315615,-0.2216051234,
1817381966,-0.1152442248,-0.2137711639,
1817581986,-0.1279683531,-0.2034849692,
1817782005,-0.1395088462,-0.192433621,
1817982025,-0.1499084971,-0.1797387877,
1818182045,-0.1585960976,-0.1655772895,
1818382065,-0.165703612,-0.1506856631,
1818582084,-0.170676103,-0.1348809149,
1818782104,-0.1736389589,-0.1186045123,
1818982124,-0.1748534875,-0.1021748065,
1819182144,-0.1737853131,-0.08555927266,
1819382163,-0.1707560793,-0.06859915071,
1819582183,-0.1653595305,-0.0532138906,
1819782203,-0.1583435516,-0.03754550337,
1819982223,-0.1493357529,-0.02315449147,
1820182242,-0.1380831115,-0.01014409534,
1820382262,-0.1258031711,0.001562093657,
1820582282,-0.1117547919,0.01170267169,
1820782302,-0.09676700505,0.02003884853,
1820982321,-0.08042333266,0.02642675878,
1821182341,-0.06405039852,0.03042993417,
1821382361,-0.04654385056,0.0323294265,
1821582381,-0.02904517921,0.03173311149,
1821782400,-0.01177136486,0.02926034624,
1821982420,0.004754091822,0.0243925191,
1822182440,0.02033134799,0.01767119367,
1822382460,0.03492921524,0.00917347604,
1822582479,0.04823305365,-0.001666720525,
1822782499,0.05987484674,-0.01409631658,
1822982519,0.069971134,-0.02803399276,
1823182539,0.07859845027,-0.0431726729,
1823382558,0.08564563293,-0.05923637055,
1823582578,0.09002373029,-0.0751583352,
1823782598,0.0923509626,-0.09182339895,
1823982618,0.0926461759,-0.1085977215,
1824182637,0.09085085431,-0.1252268301,
1824382657,0.08661121535,-0.1412859848,
1824582677,0.08093523745,-0.1570157302,
1824782697,0.0737923269,-0.1712497121,
1824982716,0.06442396782,-0.1847630903,
1825182736,0.05349173222,-0.1968169089,
1825382756,0.04143933417,-0.2075842693,
1825582776,0.02773458141,-0.2166639248,
1825782795,0.01351135832,-0.2237820207,
1825982815,-0.001210427303,-0.2295937342,
1826182835,-0.01741115052,-0.2332898417,
1826382855,-0.03261384607,-0.2350284309,
1826582874,-0.04848487284,-0.2350305378,
1826782894,-0.06454403799,-0.2329825947,
1826982914,-0.079495431,-0.2289235369,
1827182934,-0.09492989059,-0.2230246058,
1827382954,-0.1085765314,-0.2160969077,
1827582973,-0.1212585071,-0.2065507816,
1827782993,-0.133045426,-0.1954425613,
1827983013,-0.1433991331,-0.1839276962,
1828183033,-0.152104818,-0.1701844457,
1828383052,-0.1593192804,-0.156304527,
1828583072,-0.1647091222,-0.1409837006,
1828783092,-0.1680682952,-0.1250884189,
1828983112,-0.1698774404,-0.1092679665,
1829183131,-0.1691143327,-0.09315182892,
1829383151,-0.1665010887,-0.07722847745,
1829583171,-0.1617916558,-0.0616335992,
1829783191,-0.1551362292,-0.04697191682,
1829983210,-0.1463983049,-0.03349208951,
1830183230,-0.1358608904,-0.02039530463,
1830383250,-0.1242971258,-0.00931642489,
1830583270,-0.1115963757,0.0005464026402,
1830783289,-0.09684625597,0.008786458629,
1830983309,-0.08180843465,0.01448941953,
1831183329,-0.06602630433,0.01842686539,
1831383349,-0.04944364235,0.0199348401,
1831583368,-0.03327002311,0.01941685013,
1831783388,-0.01697434645,0.01643767615,
1831983408,-0.001135578454,0.01184273868,
1832183428,0.0136593628,0.00517713786,
1832383447,0.02703159112,-0.003826218997,
1832583467,0.03925427954,-0.01439684793,
1832783487,0.0503858935,-0.02641015942,
1832983507,0.05941216484,-0.03996237617,
1833183526,0.06755325428,-0.05485280638,
1833383546,0.07271943667,-0.0700463776,
1833583566,0.07636112582,-0.08562828177,
1833783586,0.07759295707,-0.1016217698,
1833983605,0.07698203964,-0.1179812411,
1834183625,0.07400179936,-0.1339813992,
1834383645,0.0690794367,-0.148770411,
1834583665,0.06297321188,-0.1632479643,
1834783684,0.05428778373,-0.1766614404,
1834983704,0.04484881335,-0.1889826746,
1835183724,0.03353098382,-0.1998736044,
1835383744,0.02099234619,-0.2095798682,
1835583763,0.00679279909,-0.2177201816,
1835783783,-0.007790888723,-0.2235321561,
1835983803,-0.02274857143,-0.2276631199,
1836183823,-0.03859500479,-0.2298189377,
1836383842,-0.05428424242,-0.2305238986,
1836583862,-0.07006028819,-0.2292678017,
1836783882,-0.08584122728,-0.2255378103,
1836983902,-0.1006136708,-0.2204731206,
1837183921,-0.1147486451,-0.213743608,
1837383941,-0.1279800076,-0.2038453064,
1837583961,-0.140217499,-0.1939468883,
1837783981,-0.1509109783,-0.1821069929,
1837984000,-0.1605219047,-0.1691723244,
1838184020,-0.1685497805,-0.1547361993,
1838384040,-0.1746318129,-0.1399843811,
1838584060,-0.1789948511,-0.1238055747,
1838784079,-0.1811619786,-0.1076857489,
1838984099,-0.1815368597,-0.09073681475,
1839184119,-0.1798950287,-0.07473073737,
1839384139,-0.1762255059,-0.05839327839,
1839584158,-0.1704101086,-0.04281503477,
1839784178,-0.1625603793,-0.02796194986,
1839984198,-0.1529611753,-0.0141700736,
1840184218,-0.1417434025,-0.0016623733,
1840384237,-0.1291436655,0.009548216977,
1840584257,-0.1148547235,0.01912115619,
1840784277,-0.09962880661,0.02695928761,
1840984297,-0.08375353276,0.03269492174,
1841184316,-0.06711814349,0.03618288929,
1841384336,-0.05013082672,0.03728758671,
1841584356,-0.03274104284,0.03640999303,
1841784376,-0.0164247187,0.0329884334,
1841984395,4.970450433e-05,0.02783073577,
1842184415,0.01508247141,0.02061277875,
1842384435,0.02929015476,0.01145536021,
1842584455,0.04194605638,0.0006655961128,
1842784474,0.05284083399,-0.01235005102,
1842984494,0.06275120511,-0.02650634252,
1843184514,0.07043246515,-0.04145887084,
1843384534,0.07645997881,-0.05702756149,
1843584553,0.08008306933,-0.07355914981,
1843784573,0.08171637272,-0.0902185928,
1843984593,0.08105402566,-0.1061700986,
1844184613,0.07772450755,-0.1225127148,
1844384632,0.07312187551,-0.1385407345,
1844584652,0.06664959871,-0.153367318,
1844784672,0.05787419736,-0.1670652579,
1844984692,0.04829240871,-0.179732113,
1845184711,0.03684721111,-0.1907078367,
1845384731,0.02408784798,-0.2005600964,
1845584751,0.009732923278,-0.2082943867,
1845784771,-0.004835432144,-0.2144723818,
1845984790,-0.02043296718,-0.2189581611,
1846184810,-0.03604241614,-0.2213784891,
1846384830,-0.05195039675,-0.2212989915,
1846584850,-0.06809399735,-0.220063425,
1846784869,-0.08341858202,-0.2167177658,
1846984889,-0.09813753913,-0.2112532288,
1847184909,-0.1127336346,-0.2040587257,
1847384929,-0.1258564601,-0.1947567436,
1847584948,-0.1384109292,-0.1847653289,
1847784968,-0.148806528,-0.1719867115,
1847984988,-0.1584156604,-0.1588633714,
1848185008,-0.1659679996,-0.1445920513,
1848385027,-0.1717205561,-0.1288486681,
1848585047,-0.1752982504,-0.1135572281,
1848785067,-0.17781167,-0.09696058486,
1848985087,-0.177731422,-0.08004217089,
1849185106,-0.1751630432,-0.06330486891,
1849385126,-0.1709146492,-0.04730138873,
1849585146,-0.1651229326,-0.03209451404,
1849785166,-0.156483041,-0.01709427327,
1849985185,-0.146587641,-0.003398353013,
1850185205,-0.135086564,0.008773987167,
1850385225,-0.1219751174,0.01943850062,
1850585245,-0.1075022107,0.02863831988,
1850785264,-0.09204234681,0.0359925274,
1850985284,-0.07593970654,0.04137449138,
1851185304,-0.05893668685,0.04419488889,
1851385324,-0.04155177129,0.04517104359,
1851585343,-0.02457791619,0.04336100842,
1851785363,-0.008120983056,0.03986304437,
1851985383,0.008154719844,0.03419284403,
1852185403,0.02338694992,0.02663781714,
1852385423,0.03697092182,0.01716781889,
1852585442,0.04930735151,0.005881678022,
1852785462,0.06063420352,-0.006840880096,
1852985482,0.06995816509,-0.02170846133,
1853185502,0.07759716742,-0.03683165864,
1853385521,0.08329648447,-0.05260260405,
1853585541,0.08692844682,-0.06906215088,
1853785561,0.08801445392,-0.08560532955,
1853985581,0.08677156114,-0.1020773979,
1854185600,0.08416735153,-0.1188275827,
1854385620,0.07918038156,-0.1336874912,
1854585640,0.07257728032,-0.1488297316,
1854785660,0.06426555754,-0.1624850666,
1854985679,0.05432578482,-0.1752396612,
1855185699,0.04285257551,-0.1863598383,
1855385719,0.02940108962,-0.1959656751,
1855585739,0.01587207606,-0.2043090803,
1855785758,0.0002232847711,-0.2099449636,
1855985778,-0.01505511486,-0.2148722288,
1856185798,-0.03044002038,-0.2166973791,
1856385818,-0.0465908525,-0.2175460693,
1856585837,-0.06262456562,-0.2152934117,
1856785857,-0.07818040231,-0.2118038411,
1856985877,-0.09349733361,-0.2062279328,
1857185897,-0.1072862229,-0.1990274837,
1857385916,-0.120932718,-0.1894526808,
1857585936,-0.1331606401,-0.179078273,
1857785956,-0.1442027871,-0.1675322434,
1857985976,-0.1533644982,-0.1537343931,
1858185995,-0.1607726374,-0.1394610032,
1858386015,-0.1673200688,-0.1240991975,
1858586035,-0.1707425636,-0.1076079057,
1858786055,-0.1728541504,-0.09164570287,
1858986074,-0.1721051033,-0.07441305074,
1859186094,-0.1702350128,-0.05819383401,
1859386114,-0.1659904818,-0.04189251067,
1859586134,-0.1597894996,-0.02637547772,
1859786153,-0.1516237689,-0.0113544928,
1859986173,-0.1413203247,0.002324019854,
1860186193,-0.1296073949,0.01493040889,
1860386213,-0.1166225339,0.02560864814,
1860586232,-0.1022436043,0.03490212561,
1860786252,-0.08648808578,0.04243936169,
1860986272,-0.07027125918,0.04765889686,
1861186292,-0.05343130299,0.05069347079,
1861386311,-0.03630162274,0.05158388721,
1861586331,-0.0188201113,0.05077316089,
1861786351,-0.002392064879,0.04707219552,
1861986371,0.01416680273,0.04187611077,
1862186390,0.02920523615,0.03466960906,
1862386410,0.04345785811,0.02545400854,
1862586430,0.0566514848,0.01469145009,
1862786450,0.06758622744,0.001629914706,
1862986469,0.07702983488,-0.01254207678,
1863186489,0.08510783385,-0.02783026605,
1863386509,0.09145255781,-0.04344079372,
1863586529,0.09575761208,-0.05957610739,
1863786548,0.09716666693,-0.07591542197,
1863986568,0.0970235057,-0.09227168711,
1864186588,0.09489155492,-0.1081857054,
1864386608,0.09029645864,-0.1242087649,
1864586627,0.08425162194,-0.1392050545,
1864786647,0.07640693629,-0.1530645956,
1864986667,0.06726321519,-0.1657664551,
1865186687,0.05590848937,-0.1772964281,
1865386706,0.04393641353,-0.1870085867,
1865586726,0.03043947972,-0.1952200984,
1865786746,0.01617523566,-0.2015933961,
1865986766,0.001664294489,-0.2061099925,
1866186785,-0.01384809601,-0.2091705578,
1866386805,-0.02964450647,-0.2096176368,
1866586825,-0.04496203764,-0.2089354068,
1866786845,-0.06047447254,-0.2054247535,
1866986864,-0.07493172077,-0.2001520647,
1867186884,-0.08886989674,-0.1936050124,
1867386904,-0.1017190258,-0.185264973,
1867586924,-0.1136105784,-0.1748479473,
1867786943,-0.1239692918,-0.1633303428,
1867986963,-0.1329941187,-0.150605141,
1868186983,-0.13996834,-0.1366648627,
1868387003,-0.1456287597,-0.1220831729,
1868587022,-0.1490406663,-0.1061833172,
1868787042,-0.1504674023,-0.09074500063,
1868987062,-0.1499798048,-0.07476899148,
1869187082,-0.1478109356,-0.05902477439,
1869387101,-0.1430727561,-0.04337359633,
1869587121,-0.1365474274,-0.02875019063,
1869787141,-0.1282331388,-0.01462691077,
1869987161,-0.1179323742,-0.001757602759,
1870187180,-0.1062760659,0.009546411224,
1870387200,-0.09322019643,0.0196537169,
1870587220,-0.07885852381,0.02773141112,
1870787240,-0.06353760278,0.03415368812,
1870987259,-0.04740232947,0.0383909864,
1871187279,-0.03099099026,0.04021164162,
1871387299,-0.01382312673,0.04042012812,
1871587319,0.002704870559,0.03825230079,
1871787338,0.01872822658,0.03434902818,
1871987358,0.03417842347,0.02833378259,
1872187378,0.04875029078,0.02030469269,
1872387398,0.0620426544,0.01028710586,
1872587417,0.07394566666,-0.002062224253,
1872787437,0.08467162654,-0.01501371884,
1872987457,0.09390103049,-0.02969127122,
1873187477,0.1011340314,-0.04456780229,
1873387496,0.106703497,-0.06021417897,
1873587516,0.1096988106,-0.07668281498,
1873787536,0.1114016047,-0.0928438714,
1873987556,0.1102328399,-0.1092469504,
1874187575,0.1074475628,-0.1257822159,
1874387595,0.102389909,-0.1410868459,
1874587615,0.09600487874,-0.1561395351,
1874787635,0.08769625684,-0.1704380196,
1874987654,0.07826189566,-0.1830756934,
1875187674,0.06736959051,-0.1946665061,
1875387694,0.05445148195,-0.2045520934,
1875587714,0.04075874545,-0.2130529619,
1875787733,0.0265925311,-0.2199943556,
1875987753,0.01074887103,-0.2244540657,
1876187773,-0.004304192261,-0.227540441,
1876387793,-0.02049102144,-0.2292374908,
1876587812,-0.03609137277,-0.2279153727,
1876787832,-0.05156739656,-0.2262130309,
1876987852,-0.06664906278,-0.2210608988,
1877187872,-0.08138013854,-0.214627374,
1877387892,-0.09532009398,-0.2064188853,
1877587911,-0.1077725197,-0.1966004049,
1877787931,-0.1189336432,-0.18630523,
1877987951,-0.12877167,-0.1736583538,
1878187971,-0.1374953543,-0.1602479882,
1878387990,-0.1433716648,-0.1454459425,
1878588010,-0.1486249054,-0.1296830769,
1878788030,-0.1513406702,-0.114040701,
1878988050,-0.1518067676,-0.09762453829,
1879188069,-0.150898331,-0.08145176376,
1879388089,-0.1473839813,-0.0658896285,
1879588109,-0.1420860018,-0.0504949484,
1879788129,-0.134294736,-0.03592659599,
1879988148,-0.1251249445,-0.02226660729,
1880188168,-0.1145109908,-0.009816373809,
1880388188,-0.1021749312,0.001130002668,
1880588208,-0.08838440894,0.01056753572,
1880788227,-0.07356178883,0.01783761202,
1880988247,-0.05773740886,0.02334014934,
1881188267,-0.04142852886,0.02650015071,
1881388287,-0.02476328878,0.0275397525,
1881588306,-0.00825253149,0.02627493231,
1881788326,0.008112159538,0.02321998137,
1881988346,0.02390408865,0.01823332597,
1882188366,0.03871370881,0.01099433754,
1882388385,0.05201425303,0.001691750041,
1882588405,0.06470847231,-0.00968963487,
1882788425,0.07581816233,-0.02205823409,
1882988445,0.08544837094,-0.03573959361,
1883188464,0.09334907254,-0.05059967396,
1883388484,0.09913211875,-0.06550586911,
1883588504,0.1030157693,-0.0815467923,
1883788524,0.1046280473,-0.09785811199,
1883988543,0.1036187222,-0.114048937,
1884188563,0.1015129744,-0.1303642828,
1884388583,0.0973543145,-0.145653705,
1884588603,0.09169630519,-0.1602600854,
1884788622,0.08350239055,-0.1741613449,
1884988642,0.07475153493,-0.1866407562,
1885188662,0.0633680957,-0.1980602592,
1885388682,0.05079218904,-0.2086579281,
1885588701,0.03783590622,-0.216874697,
1885788721,0.02344534007,-0.2236050264,
1885988741,0.00852425132,-0.2289561239,
1886188761,-0.006899917928,-0.2314179693,
1886388780,-0.0222550338,-0.2328736123,
1886588800,-0.03757832,-0.2317637436,
1886788820,-0.0529521172,-0.2291973327,
1886988840,-0.06792863066,-0.2249118799,
1887188859,-0.08222681025,-0.2189477117,
1887388879,-0.09541469018,-0.2108474931,
1887588899,-0.1078171528,-0.2012690852,
1887788919,-0.1188519922,-0.190344995,
1887988938,-0.1284650627,-0.1776110502,
1888188958,-0.1362993482,-0.1647995979,
1888388978,-0.142366512,-0.1499565699,
1888588998,-0.1472093217,-0.1348069001,
1888789017,-0.1491796725,-0.1185793366,
1888989037,-0.1493824545,-0.1027127813,
1889189057,-0.1477282988,-0.0871435691,
1889389077,-0.1440248197,-0.07139069959,
1889589096,-0.1383472308,-0.05689678694,
1889789116,-0.1303966229,-0.04275248423,
1889989136,-0.1209955319,-0.0294646205,
1890189156,-0.1095696787,-0.01773651858,
1890389175,-0.09707152451,-0.007744592969,
1890589195,-0.0827408524,0.0007907096045,
1890789215,-0.06798913632,0.007224266485,
1890989235,-0.05234512308,0.01138828355,
1891189254,-0.03622648722,0.01355667505,
1891389274,-0.01958082358,0.01337328895,
1891589294,-0.003462471849,0.01130214808,
1891789314,0.01210650603,0.006946630341,
1891989333,0.02727715192,0.0009826003149,
1892189353,0.04096506501,-0.007685128977,
1892389373,0.05364244011,-0.01818542724,
1892589393,0.06513770143,-0.02987412003,
1892789412,0.0753652856,-0.04294402266,
1892989432,0.08345162292,-0.05737057642,
1893189452,0.08974742262,-0.07156199109,
1893389472,0.09374839827,-0.08766488984,
1893589491,0.0961823787,-0.1033507783,
1893789511,0.09587757633,-0.1197834458,
1893989531,0.09395252856,-0.135619719,
1894189551,0.09020262097,-0.1510950109,
1894389570,0.0849236491,-0.165437164,
1894589590,0.07767656118,-0.1794976642,
1894789610,0.06837040457,-0.1925435762,
1894989630,0.05804252603,-0.2039209812,
1895189649,0.04581400664,-0.2140621397,
1895389669,0.03261535156,-0.222482442,
1895589689,0.01905269269,-0.2299708595,
1895789709,0.004288262776,-0.2355202501,
1895989728,-0.01078419281,-0.2381593754,
1896189748,-0.02593509336,-0.2400867451,
1896389768,-0.0412718687,-0.240172142,
1896589788,-0.05697279648,-0.2383141161,
1896789807,-0.0716107858,-0.2341432721,
1896989827,-0.08567213938,-0.2280848615,
1897189847,-0.09858559813,-0.22055831,
1897389867,-0.1114780504,-0.2118766365,
1897589886,-0.1227248057,-0.2006452304,
1897789906,-0.1328746787,-0.1896956593,
1897989926,-0.1413848062,-0.1756296655,
1898189946,-0.148105064,-0.1621300274,
1898389965,-0.1529603169,-0.147220365,
1898589985,-0.1561534548,-0.1316035169,
1898790005,-0.1573548434,-0.117040221,
1898990025,-0.1563565354,-0.1009110075,
1899190044,-0.1536723851,-0.08550801124,
1899390064,-0.1490226889,-0.07053094024,
1899590084,-0.1419791464,-0.05616847142,
1899790104,-0.1337479457,-0.0431739844,
1899990123,-0.123061037,-0.03052491563,
1900190143,-0.1115720827,-0.01986057253,
1900390163,-0.09844168613,-0.01092622991,
1900590183,-0.08445954694,-0.003716037736,
1900790202,-0.06945180805,0.001700605922,
1900990222,-0.05380685388,0.004992295578,
1901190242,-0.0377953911,0.006126775091,
1901390262,-0.0215687142,0.004951457136,
1901590282,-0.005972991525,0.001539998723,
1901790301,0.009133985047,-0.003908456445,
1901990321,0.02332898519,-0.01089900914,
1902190341,0.03646732866,-0.02016259544,
1902390361,0.04816054276,-0.03083408421,
1902590380,0.05863636984,-0.04318958764,
1902790400,0.06752991173,-0.05667299344,
1902990420,0.07420410622,-0.07121157744,
1903190440,0.07897974813,-0.08624718381,
1903390459,0.08203443181,-0.1015419138,
1903590479,0.08279563647,-0.1177693258,
1903790499,0.08145778438,-0.1332483756,
1903990519,0.07862694651,-0.1486696448,
1904190538,0.0736452078,-0.1631252917,
1904390558,0.06708201574,-0.1775662503,
1904590578,0.05851285353,-0.1904953251,
1904790598,0.04883671827,-0.2018824874,
1904990617,0.03826487479,-0.213040668,
1905190637,0.02512008398,-0.2223113257,
1905390657,0.012084407,-0.2296206576,
1905590677,-0.002305642288,-0.235467855,
1905790696,-0.01700855783,-0.2397549469,
1905990716,-0.03183159855,-0.2424984164,
1906190736,-0.04733009824,-0.2427232346,
1906390756,-0.0627992252,-0.2413468945,
1906590775,-0.07785099085,-0.2384577191,
1906790795,-0.09226359921,-0.2336090624,
1906990815,-0.1064948716,-0.2274871331,
1907190835,-0.1186116847,-0.2185134824,
1907390854,-0.1309159372,-0.2092000026,
1907590874,-0.1421358549,-0.1985277091,
1907790894,-0.1513650236,-0.1854895615,
1907990914,-0.1594987009,-0.1725167982,
1908190933,-0.1662028777,-0.1585902409,
1908390953,-0.1704069851,-0.1432011489,
1908590973,-0.1733962607,-0.1276347496,
1908790993,-0.1736792934,-0.111636672,
1908991012,-0.1730646279,-0.09587120247,
1909191032,-0.170359528,-0.0806025989,
1909391052,-0.1653426858,-0.06560224671,
1909591072,-0.1589052449,-0.05133567083,
1909791091,-0.149965952,-0.03784185214,
1909991111,-0.1398583041,-0.02560162344,
1910191131,-0.1281145436,-0.01456014994,
1910391151,-0.1153824184,-0.005118168471,
1910591170,-0.1012447482,0.002490185881,
1910791190,-0.08626289832,0.008426995526,
1910991210,-0.07089188342,0.01247069687,
1911191230,-0.05468632342,0.01398646331,
1911391249,-0.03867859842,0.01345618089,
1911591269,-0.02312301301,0.01088223516,
1911791289,-0.007160380952,0.006564536489,
1911991309,0.007385648034,3.882019284e-05,
1912191328,0.02082301488,-0.008387150593,
1912391348,0.03310170001,-0.01827541092,
1912591368,0.04372362448,-0.03026491638,
1912791388,0.05310922625,-0.04303646459,
1912991407,0.06077302603,-0.0570900406,
1913191427,0.06627500615,-0.07165991969,
1913391447,0.07005881207,-0.08665265729,
1913591467,0.07144238026,-0.1025835371,
1913791486,0.07087366977,-0.1182280922,
1913991506,0.06854036301,-0.1335517928,
1914191526,0.06458589633,-0.1484986708,
1914391546,0.05873494611,-0.1624262572,
1914591565,0.05098342054,-0.1752895786,
1914791585,0.04147143937,-0.1877662869,
1914991605,0.03089128165,-0.1977536104,
1915191625,0.01878567109,-0.2077234026,
1915391644,0.004924946975,-0.2154795539,
1915591664,-0.008230052132,-0.2210530271,
1915791684,-0.0221832098,-0.2258407558,
1915991704,-0.03770932008,-0.2279908163,
1916191723,-0.05219446015,-0.2287736235,
1916391743,-0.06739348539,-0.2279609461,
1916591763,-0.08201902577,-0.2245381886,
1916791783,-0.09607648841,-0.21982901,
1916991802,-0.1092464155,-0.2139217969,
1917191822,-0.1220081752,-0.2046987921,
1917391842,-0.1342865388,-0.1955163692,
1917591862,-0.1445269425,-0.1843059331,
1917791881,-0.1532360193,-0.172689986,
1917991901,-0.1606381754,-0.158860897,
1918191921,-0.1660695384,-0.1447545384,
1918391941,-0.1707636947,-0.1298879087,
1918591960,-0.1732446918,-0.11468436,
1918791980,-0.1727240912,-0.09905329755,
1918992000,-0.1717930581,-0.08373634334,
1919192020,-0.1680285353,-0.06864640164,
1919392039,-0.1626024955,-0.05380648494,
1919592059,-0.155285514,-0.04005266435,
1919792079,-0.1466595748,-0.02715607474,
1919992099,-0.1358636556,-0.01549972719,
1920192118,-0.1240234365,-0.005240665366,
1920392138,-0.1107598678,0.003520246351,
1920592158,-0.09666543619,0.01039838099,
1920792178,-0.08172387725,0.01572044534,
1920992197,-0.06614854188,0.01868586551,
1921192217,-0.05038908482,0.01967633734,
1921392237,-0.03506955515,0.01819224121,
1921592257,-0.01918725606,0.01522637167,
1921792276,-0.004535573086,0.01001722888,
1921992296,0.009429924201,0.002781869705,
1922192316,0.02270540206,-0.00552758256,
1922392336,0.03443357722,-0.01604268602,
1922592355,0.04465226076,-0.02804343796,
1922792375,0.05354519547,-0.04077629258,
1922992395,0.06096611423,-0.05498001079,
1923192415,0.06586551841,-0.06950515127,
1923392434,0.06899122971,-0.0853615066,
1923592454,0.07019696024,-0.1003698605,
1923792474,0.06907511422,-0.1156825179,
1923992494,0.06680908291,-0.1304284189,
1924192513,0.06224756799,-0.145726621,
1924392533,0.0562551601,-0.1594995396,
1924592553,0.04807103658,-0.1724021521,
1924792573,0.03898728923,-0.1839867951,
1924992592,0.02831858117,-0.1948807558,
1925192612,0.01583240602,-0.2044433022,
1925392632,0.002373150653,-0.2113826009,
1925592652,-0.01101786124,-0.2173303919,
1925792671,-0.02628567434,-0.221087757,
1925992691,-0.04073195965,-0.223589605,
1926192711,-0.05572417846,-0.2247279494,
1926392731,-0.06979566546,-0.222955985,
1926592751,-0.08582259263,-0.2203347603,
1926792770,-0.09962019259,-0.2151533214,
1926992790,-0.1129821107,-0.2081667108,
1927192810,-0.1264848822,-0.2006314184,
1927392830,-0.1377872622,-0.1900276694,
1927592849,-0.1483208262,-0.1794620577,
1927792869,-0.1581169555,-0.1676885182,
1927992889,-0.1651873085,-0.1537227603,
1928192909,-0.1710322673,-0.1396013355,
1928392928,-0.1761023763,-0.1244989996,
1928592948,-0.1788189453,-0.1091590469,
1928792968,-0.1794344315,-0.09369668089,
1928992988,-0.1779978311,-0.07728257322,
1929193007,-0.1747411952,-0.06221834664,
1929393027,-0.1700031358,-0.04714066253,
1929593047,-0.1629432895,-0.03221750158,
1929793067,-0.1540763404,-0.0192492568,
1929993086,-0.1438644991,-0.007187768131,
1930193106,-0.1318433176,0.003908009474,
1930393126,-0.1189190149,0.01365002082,
1930593146,-0.1049914431,0.0216573843,
1930793165,-0.0901119349,0.02766365456,
1930993185,-0.0739573513,0.03177639118,
1931193205,-0.0579977086,0.03357576976,
1931393225,-0.04197996002,0.03348423882,
1931593244,-0.02569012315,0.03123591713,
1931793264,-0.0101196843,0.02696835525,
1931993284,0.004689604649,0.02087197684,
1932193304,0.01858396498,0.01289332277,
1932393323,0.03104269802,0.003548330616,
1932593343,0.04244175999,-0.008041222073,
1932793363,0.0523019378,-0.02076380349,
1932993383,0.060665123,-0.03443292119,
1933193402,0.0671809413,-0.04908267851,
1933393422,0.0715614572,-0.0639874406,
1933593442,0.07380433003,-0.07966634331,
1933793462,0.07413076647,-0.09530442284,
1933993481,0.0725418627,-0.1106986437,
1934193501,0.06895550618,-0.1258084353,
1934393521,0.06399720367,-0.1403481333,
1934593541,0.05656826975,-0.1534378066,
1934793560,0.0486405441,-0.1656503645,
1934993580,0.0381957853,-0.1768384491,
1935193600,0.02730083541,-0.1867247889,
1935393620,0.01449907555,-0.1951273249,
1935593639,0.001074432203,-0.2019634015,
1935793659,-0.0128572752,-0.2071109784,
1935993679,-0.0275042935,-0.2106125795,
1936193699,-0.04269683384,-0.2115962998,
1936393718,-0.05752667059,-0.2108612277,
1936593738,-0.07180660234,-0.2082557448,
1936793758,-0.08567350565,-0.2044748419,
1936993778,-0.09944713104,-0.1981371728,
1937193797,-0.1132360364,-0.1908010889,
1937393817,-0.1246184726,-0.181464058,
1937593837,-0.1356151808,-0.1708820275,
1937793857,-0.1445453901,-0.1589532807,
1937993876,-0.1525280637,-0.1456094408,
1938193896,-0.1582346196,-0.1316848072,
1938393916,-0.1628305091,-0.117502113,
1938593936,-0.1657381847,-0.101998476,
1938793955,-0.1661924347,-0.08640439443,
1938993975,-0.164558688,-0.07107952133,
1939193995,-0.1614883525,-0.05574219378,
1939394015,-0.1564377356,-0.0408886001,
1939594034,-0.149583161,-0.02716908706,
1939794054,-0.1405568789,-0.0141433749,
1939994074,-0.1303700295,-0.001907959157,
1940194094,-0.1184891637,0.008385189,
1940394113,-0.1054959479,0.01798064424,
1940594133,-0.09148136663,0.02543693064,
1940794153,-0.07646216383,0.03083155401,
1940994173,-0.06082131566,0.0342697132,
1941194192,-0.0448245665,0.03565025069,
1941394212,-0.02902148371,0.03482477984,
1941594232,-0.01313396086,0.03234551258,
1941794252,0.002316115308,0.02776155129,
1941994271,0.0162942783,0.02091925698,
1942194291,0.02985245542,0.01292675077,
1942394311,0.04182539338,0.002779142381,
1942594331,0.05280520844,-0.008905412746,
1942794350,0.06228815718,-0.02152093905,
1942994370,0.07031786201,-0.03550534491,
1943194390,0.07619991489,-0.04984997487,
1943394410,0.07994141273,-0.06483376302,
1943594429,0.08180037165,-0.08034910203,
1943794449,0.08158693013,-0.09586156024,
1943994469,0.0796300446,-0.1106020963,
1944194489,0.07583961925,-0.1254658459,
1944394508,0.06988566134,-0.1396478524,
1944594528,0.06246320507,-0.1523573034,
1944794548,0.05413184625,-0.1644506967,
1944994568,0.04424002047,-0.1752194385,
1945194587,0.03206049925,-0.1844826211,
1945394607,0.01942996227,-0.1924567882,
1945594627,0.006096249782,-0.1982628652,
1945794647,-0.007857140195,-0.2023543298,
1945994666,-0.02258642677,-0.2045861122,
1946194686,-0.03706221685,-0.2048031616,
1946394706,-0.05180203623,-0.2041365235,
1946594726,-0.06596805331,-0.2004554262,
1946794745,-0.07961279682,-0.1962586932,
1946994765,-0.09268652929,-0.1887962628,
1947194785,-0.1045751716,-0.1810379215,
1947394805,-0.1158655722,-0.1710121764,
1947594824,-0.1250322638,-0.1600132768,
1947794844,-0.1332393411,-0.1472536257,
1947994864,-0.1398022841,-0.1339915674,
1948194884,-0.144654571,-0.1201293969,
1948394903,-0.1475286877,-0.1051029783,
1948594923,-0.1483857221,-0.08985867835,
1948794943,-0.1479797656,-0.07523549773,
1948994963,-0.1447988812,-0.0599698934,
1949194982,-0.139985444,-0.04578857596,
1949395002,-0.1334032443,-0.03173846075,
1949595022,-0.1245375936,-0.01812307822,
1949795042,-0.1147481854,-0.006546059639,
1949995061,-0.1037053263,0.004303450384,
1950195081,-0.09031599968,0.01379983251,
1950395101,-0.07667192461,0.02095596974,
1950595121,-0.06153178768,0.02655437494,
1950795141,-0.04589700604,0.0302453822,
1950995160,-0.03015547249,0.03138198615,
1951195180,-0.01401672375,0.03102584102,
1951395200,0.001769174099,0.0285928331,
1951595220,0.0172006797,0.02452533448,
1951795239,0.03182412514,0.01816401929,
1951995259,0.04539168175,0.009440245193,
1952195279,0.05830675675,-0.0005805565656,
1952395299,0.06961239483,-0.01192958216,
1952595318,0.07985190883,-0.02491998034,
1952795338,0.08868556884,-0.0384309418,
1952995358,0.09484251623,-0.05323417689,
1953195378,0.0995987019,-0.06841650036,
1953395397,0.1024567733,-0.08429849142,
1953595417,0.1033513448,-0.09993542831,
1953795437,0.1023396415,-0.1157157625,
1953995457,0.09928305851,-0.1308208071,
1954195476,0.09499130567,-0.14602092,
1954395496,0.08905152131,-0.1602963576,
1954595516,0.08076459446,-0.1730717629,
1954795536,0.07123690953,-0.1852270449,
1954995555,0.0605688048,-0.1964253594,
1955195575,0.04855076271,-0.2057260141,
1955395595,0.0355131548,-0.2138701996,
1955595615,0.02179956606,-0.2200076456,
1955795634,0.008070306458,-0.2246643622,
1955995654,-0.007645601682,-0.2277449803,
1956195674,-0.02251821719,-0.2286116564,
1956395694,-0.03672416905,-0.2275995604,
1956595713,-0.05081615145,-0.2253895746,
1956795733,-0.06523598528,-0.2213997128,
1956995753,-0.07884547213,-0.215266097,
1957195773,-0.09167560037,-0.2077729114,
1957395792,-0.1034139973,-0.1989264253,
1957595812,-0.1135789436,-0.1884086507,
1957795832,-0.1230853109,-0.176801104,
1957995852,-0.1307720889,-0.1646124592,
1958195871,-0.1366416409,-0.1496536967,
1958395891,-0.1404455137,-0.1356453156,
1958595911,-0.1433466484,-0.1218768644,
1958795931,-0.1435285864,-0.1065457314,
1958995950,-0.1419039015,-0.09197931941,
1959195970,-0.1387059778,-0.0773580484,
1959395990,-0.133454639,-0.06380975706,
1959596010,-0.1261136517,-0.05016341086,
1959796029,-0.1175529842,-0.0381497807,
1959996049,-0.107154629,-0.0270412835,
1960196069,-0.09572060364,-0.01730876732,
1960396089,-0.08255959884,-0.009180384461,
1960596108,-0.0688562858,-0.003177571635,
1960796128,-0.05425210353,0.001127772805,
1960996148,-0.0390645856,0.003370611674,
1961196168,-0.02371355314,0.003448703861,
1961396187,-0.008641861461,0.001347911181,
1961596207,0.006380728849,-0.002276174889,
1961796227,0.02051739433,-0.008150558253,
1961996247,0.03372588746,-0.01570174127,
1962196266,0.04603310852,-0.02519532275,
1962396286,0.05686724338,-0.03576863543,
1962596306,0.06658719112,-0.04806234067,
1962796326,0.07422108005,-0.06134736247,
1962996345,0.08025261784,-0.07563329728,
1963196365,0.08437915878,-0.09017214492,
1963396385,0.08640681751,-0.1055063324,
1963596405,0.08652791697,-0.1204308019,
1963796424,0.08552657652,-0.1354044132,
1963996444,0.0820745897,-0.1503906303,
1964196464,0.07731995014,-0.164338807,
1964396484,0.07091285579,-0.1778658992,
1964596503,0.0617580796,-0.1898416059,
1964796523,0.05229497669,-0.2012150933,
1964996543,0.04146697755,-0.2116567961,
1965196563,0.02975752405,-0.2207894755,
1965396582,0.01580241802,-0.2271697276,
1965596602,0.002057242342,-0.2323715471,
1965796622,-0.01184212237,-0.2359057375,
1965996642,-0.02660585619,-0.2374594612,
1966196661,-0.04094791974,-0.2377747106,
1966396681,-0.05611209285,-0.2362451119,
1966596701,-0.06995058432,-0.2329538462,
1966796721,-0.08387206789,-0.2273643332,
1966996740,-0.09700938551,-0.2214501488,
1967196760,-0.1085713806,-0.2126464221,
1967396780,-0.1194890948,-0.2035160156,
1967596800,-0.1294788909,-0.1924491918,
1967796819,-0.1376114714,-0.1806279584,
1967996839,-0.1446223886,-0.1677549685,
1968196859,-0.1497890269,-0.153791729,
1968396879,-0.1536079641,-0.139827378,
1968596898,-0.1551286173,-0.1254449115,
1968796918,-0.1544358128,-0.1097273334,
1968996938,-0.1521539083,-0.09555730558,
1969196958,-0.1479983656,-0.08081922414,
1969396977,-0.1417812008,-0.06787985419,
1969596997,-0.1341972445,-0.05567565494,
1969797017,-0.1247700598,-0.04369827759,
1969997037,-0.114355501,-0.03358467186,
1970197056,-0.1022870886,-0.02504617944,
1970397076,-0.08927852051,-0.01826482465,
1970597096,-0.07526967027,-0.01279285571,
1970797116,-0.06106257326,-0.009728058111,
1970997135,-0.04623096862,-0.008931281578,
1971197155,-0.03152546011,-0.009747410857,
1971397175,-0.0168544761,-0.01260185684,
1971597195,-0.00285045699,-0.01758053146,
1971797214,0.01030547408,-0.02436215894,
1971997234,0.02245629213,-0.03273811563,
1972197254,0.03358275231,-0.04291783003,
1972397274,0.04289088559,-0.05439026744,
1972597293,0.0504960996,-0.06724757962,
1972797313,0.05698632612,-0.08055821268,
1972997333,0.06076021008,-0.09468933476,
1973197353,0.06324572499,-0.109054592,
1973397372,0.06399576109,-0.1237058005,
1973597392,0.06263260625,-0.1381763727,
1973797412,0.05952754594,-0.1525544977,
1973997432,0.05437692146,-0.1662220765,
1974197451,0.04840403144,-0.1793639436,
1974397471,0.04033366146,-0.1914478043,
1974597491,0.03001884024,-0.2030654812,
1974797511,0.01888775437,-0.21248863,
1974997530,0.006756548891,-0.2208421695,
1975197550,-0.006467234239,-0.2275408676,
1975397570,-0.02001333812,-0.232934927,
1975597590,-0.03414440926,-0.2358917255,
1975797610,-0.04878509591,-0.2372022728,
1975997629,-0.06355233158,-0.2374211431,
1976197649,-0.07717995672,-0.2359817494,
1976397669,-0.092601601,-0.2322456305,
1976597689,-0.1068650366,-0.2273379498,
1976797708,-0.118872765,-0.2204815662,
1976997728,-0.1324639679,-0.2126343408,
1977197748,-0.1425013287,-0.2025446537,
1977397768,-0.1530579391,-0.1906367774,
1977597787,-0.1627019218,-0.1790859259,
1977797807,-0.1699155219,-0.1657845643,
1977997827,-0.1763560663,-0.1527108201,
1978197847,-0.1806190463,-0.1370435433,
1978397866,-0.1828415848,-0.1221200973,
1978597886,-0.1832357323,-0.1066558565,
1978797906,-0.1816605902,-0.09190810443,
1978997926,-0.1788641301,-0.07570063061,
1979197945,-0.174075456,-0.06108708956,
1979397965,-0.1675342063,-0.04731651798,
1979597985,-0.1594312447,-0.03348852497,
1979798005,-0.1496842198,-0.02178347435,
1979998024,-0.1381744191,-0.01117984919,
1980198044,-0.125221045,-0.001516849643,
1980398064,-0.111702011,0.006265564794,
1980598084,-0.09734096092,0.01245555837,
1980798103,-0.08239170452,0.01670617676,
1980998123,-0.06692160371,0.01811653753,
1981198143,-0.05110723939,0.01845466764,
1981398163,-0.03545284782,0.01654785036,
1981598182,-0.02047092196,0.01235514101,
1981798202,-0.005990474552,0.006665419128,
1981998222,0.007449438748,-0.0009590515553,
1982198242,0.01951340365,-0.0102565001,
1982398261,0.03052060994,-0.02104729213,
1982598281,0.03989365609,-0.03301817037,
1982798301,0.0478660805,-0.04598665964,
1982998321,0.05401242772,-0.05987663587,
1983198340,0.05816907506,-0.07434573246,
1983398360,0.0599278745,-0.08903165252,
1983598380,0.06114012164,-0.1034519782,
1983798400,0.059092072,-0.1188421313,
1983998419,0.05596519329,-0.1330680483,
1984198439,0.05126218065,-0.1459808066,
1984398459,0.04468355861,-0.1590244017,
1984598479,0.03611051016,-0.1706851393,
1984798498,0.02651972623,-0.1822655026,
1984998518,0.01581523864,-0.1902344794,
1985198538,0.003944500766,-0.1982396152,
1985398558,-0.009522235065,-0.2045998848,
1985598577,-0.02268567828,-0.2088632846,
1985798597,-0.03633708945,-0.2117688296,
1985998617,-0.05055295266,-0.2131653798,
1986198637,-0.06492226625,-0.2122929151,
1986398656,-0.07883286941,-0.2099417496,
1986598676,-0.09259136518,-0.2052088357,
1986798696,-0.1049863821,-0.2003412011,
1986998716,-0.1172699509,-0.1928066498,
1987198735,-0.1285374829,-0.183183568,
1987398755,-0.1384395948,-0.1734444517,
1987598775,-0.1474622577,-0.1621946293,
1987798795,-0.1544941485,-0.1502528647,
1987998814,-0.159943472,-0.1372581025,
1988198834,-0.1632655995,-0.1223662348,
1988398854,-0.166416704,-0.1084121436,
1988598874,-0.1667829135,-0.09336346789,
1988798893,-0.1654069445,-0.07825555552,
1988998913,-0.1619410908,-0.06366669657,
1989198933,-0.1570666001,-0.05020920857,
1989398953,-0.1499191102,-0.0373348511,
1989598972,-0.1416850221,-0.02429560798,
1989798992,-0.1318096619,-0.01314872483,
1989999012,-0.1202932115,-0.002851809254,
1990199032,-0.1080808187,0.005796775178,
1990399051,-0.09443516623,0.01273847185,
1990599071,-0.08048629661,0.01766823782,
1990799091,-0.06538326474,0.02114979951,
1990999111,-0.05017645659,0.02229475715,
1991199130,-0.03446722827,0.0217358815,
1991399150,-0.0196005358,0.01886589973,
1991599170,-0.004909867956,0.01445418721,
1991799190,0.009035455482,0.008036905222,
1991999209,0.02193711446,-2.696074031e-05,
1992199229,0.03379584163,-0.009768077368,
1992399249,0.044541405,-0.02099141754,
1992599269,0.05343868198,-0.03318027177,
1992799288,0.06106917478,-0.04633424021,
1992999308,0.06654428785,-0.06027028695,
1993199328,0.0701730076,-0.07464495384,
1993399348,0.07226166463,-0.08983146563,
1993599367,0.07241288881,-0.1052799685,
1993799387,0.07060848388,-0.1195791933,
1993999407,0.06693561539,-0.1339617402,
1994199427,0.06204770072,-0.1477428462,
1994399446,0.05503638691,-0.1608311383,
1994599466,0.04698563718,-0.1724614653,
1994799486,0.03726414489,-0.1831432988,
1994999506,0.02551514283,-0.1932197679,
1995199525,0.01380885014,-0.2010750675,
1995399545,0.001056324312,-0.2072376635,
1995599565,-0.0123848727,-0.2121417222,
1995799585,-0.02637539306,-0.2150865919,
1995999604,-0.04120746326,-0.2155558168,
1996199624,-0.05483984398,-0.2159210293,
1996399644,-0.06866367191,-0.2130876929,
1996599664,-0.08204244934,-0.210325286,
1996799683,-0.09585740187,-0.2041270693,
1996999703,-0.108236529,-0.197342233,
1997199723,-0.1202386536,-0.1878793419,
1997399743,-0.1300078172,-0.1788737293,
1997599762,-0.1387812793,-0.1674336744,
1997799782,-0.1464230293,-0.1551678232,
1997999802,-0.1527189618,-0.1426286749,
1998199822,-0.1570303575,-0.1281586588,
1998399841,-0.1598985849,-0.1145365655,
1998599861,-0.1604537026,-0.1000306586,
1998799881,-0.1593616906,-0.08507204284,
1998999901,-0.1575202888,-0.07121624691,
1999199920,-0.1527942998,-0.05692870098,
1999399940,-0.1466068039,-0.04371174052,
1999599960,-0.1384273541,-0.0310998278,
1999799980,-0.1292849347,-0.01974352104,
2000000000,-0.1180096767,-0.009456046568,
