Frequency,S11_Real,S11_Imaginary,
2500,0.04173394029,0.2292091313,
202519,0.02668967634,-0.01893426461,
402539,0.02874550984,-0.03153280746,
602559,0.03039822227,-0.03025428151,
802579,0.01683187279,-0.03926472193,
1002598,0.003381137669,-0.04125697818,
1202618,-0.01149503035,-0.03572848109,
1402638,-0.01907735595,-0.02638973634,
1602658,-0.0214812567,-0.01492738196,
1802677,-0.01768526081,-0.003943991438,
2002697,-0.009914141338,0.002016395979,
2202717,-9.966068536e-05,0.002645907609,
2402737,0.008881581812,-0.002619983584,
2602756,0.01258775689,-0.01165573224,
2802776,0.0115535548,-0.02210830469,
3002796,0.004917041394,-0.03088348688,
3202816,-0.005313510326,-0.03561526729,
3402835,-0.016844979,-0.03564533756,
3602855,-0.02648834998,-0.03064279956,
3802875,-0.03266732709,-0.02108204303,
4002895,-0.03457531432,-0.01077880484,
4202914,-0.03068019511,-0.0009686068686,
4402934,-0.02381413919,0.005263830674,
4602954,-0.01511911986,0.006969661145,
4802974,-0.007338700354,0.002535579817,
5002993,-0.00153979164,-0.002482468548,
5203013,-0.002601909153,-0.01060463672,
5403033,-0.006492598205,-0.01722731406,
5603053,-0.01423530231,-0.02091722217,
5803072,-0.02231091714,-0.02049814753,
6003092,-0.02968925883,-0.01542063096,
6203112,-0.03402483247,-0.007524802502,
6403132,-0.03293447789,0.002008588886,
6603151,-0.02909829976,0.01063420185,
6803171,-0.02077520966,0.01594111981,
7003191,-0.0115022243,0.01727523805,
7203211,-0.001713306428,0.01390704817,
7403230,0.003001493844,0.006061085365,
7603250,0.005899818076,-0.002030490421,
7803270,0.003322882537,-0.01210293345,
8003290,-0.002444842088,-0.01827594793,
8203309,-0.01139023833,-0.02133041629,
8403329,-0.01936405728,-0.01937450115,
8603349,-0.02591322086,-0.01432099397,
8803369,-0.02853154243,-0.006398837725,
9003388,-0.02780247474,0.001122044973,
9203408,-0.02299783613,0.007336581735,
9403428,-0.01617806173,0.01028689283,
9603448,-0.008558187978,0.009565589897,
9803467,-0.003422225479,0.003769421707,
10003487,-0.000218760213,-0.001792746688,
10203507,-0.002101330555,-0.009220010904,
10403527,-0.006794063096,-0.01420389834,
10603546,-0.01364207313,-0.01664989893,
10803566,-0.02099561841,-0.01554103977,
11003586,-0.02686082109,-0.0105306193,
11203606,-0.02924253597,-0.003000614915,
11403625,-0.02826992445,0.004572382377,
11603645,-0.02327113451,0.01086899079,
11803665,-0.01634424257,0.01413602415,
12003685,-0.008561953295,0.0137150402,
12203704,-0.002283661101,0.009199729847,
12403724,0.001136364743,0.00265744664,
12603744,0.001861066789,-0.004003074164,
12803764,-0.002789069443,-0.01103574222,
13003783,-0.008986111603,-0.01463007164,
13203803,-0.01602749972,-0.01423630908,
13403823,-0.02204317021,-0.01053012639,
13603843,-0.02552955347,-0.004089476951,
13803862,-0.02529007261,0.003308226797,
14003882,-0.02111796769,0.009626022857,
14203902,-0.0141469856,0.01331717512,
14403922,-0.006278822392,0.01335345486,
14603941,0.000420273168,0.00912730554,
14803961,0.004287489725,0.002653675643,
15003981,0.005467868419,-0.006244820631,
15204001,0.001459805,-0.01414595544,
15404020,-0.005505660694,-0.01910458371,
15604040,-0.01377180602,-0.01994294125,
15804060,-0.02174600983,-0.01688835726,
16004080,-0.02740120489,-0.01104801247,
16204099,-0.02999594973,-0.002776333194,
16404119,-0.02850706509,0.0066517281,
16604139,-0.02224564496,0.0144579426,
16804159,-0.012590037,0.01852133875,
17004178,-0.002042921236,0.01730159582,
17204198,0.006526437335,0.01137291951,
17404218,0.01197166438,0.002110996198,
17604238,0.01246763409,-0.008473803432,
17804257,0.008458204685,-0.01828916065,
18004277,0.0007829192963,-0.02481692195,
18204297,-0.008780397327,-0.02757654931,
18404317,-0.01833146031,-0.02591013784,
18604336,-0.02601734117,-0.0205054478,
18804356,-0.02953692367,-0.01198369064,
19004376,-0.02885378729,-0.003205627823,
19204396,-0.02434756962,0.003421126006,
19404415,-0.01758102655,0.006576835501,
19604435,-0.009773843547,0.005736035126,
19804455,-0.003549790959,-8.130983187e-07,
20004475,-0.0007360057514,-0.006339936286,
20204494,-0.003519541642,-0.01430088779,
20404514,-0.008905857394,-0.02040467496,
20604534,-0.01651449875,-0.02332351737,
20804554,-0.02497185917,-0.02171358052,
21004573,-0.0324029808,-0.01653809132,
21204593,-0.03687556003,-0.008540872733,
21404613,-0.03727478042,0.000671849754,
21604633,-0.03337462696,0.009305693221,
21804652,-0.02590623639,0.01545821678,
22004672,-0.01667509838,0.01744569533,
22204692,-0.00741650967,0.01510622889,
22404712,-0.001361434269,0.008749358942,
22604731,0.001707669477,0.0009726027638,
22804751,0.001455054087,-0.007277376505,
23004771,-0.003581808112,-0.01459157538,
23204791,-0.01027689273,-0.01856964356,
23404810,-0.01761827736,-0.01933101477,
23604830,-0.02454183989,-0.01681054956,
23804850,-0.02905027131,-0.01180051747,
24004870,-0.03102621902,-0.005816462036,
24204889,-0.02998016816,7.950020168e-05,
24404909,-0.0273646725,0.004208656552,
24604929,-0.02357708122,0.006292885107,
24804949,-0.02022212617,0.006475916071,
25004968,-0.01756292407,0.00507116982,
25204988,-0.01690268953,0.002998255363,
25405008,-0.01792937157,0.001447458334,
25605028,-0.01997368711,0.001237323616,
25805047,-0.02200432276,0.002845627696,
26005067,-0.02255796806,0.006029292505,
26205087,-0.02174394467,0.009630529409,
26405107,-0.01854969603,0.01305051973,
26605126,-0.0140772946,0.01475804056,
26805146,-0.008862889814,0.01457624779,
27005166,-0.004082418347,0.01220227908,
27205186,-0.0006476902194,0.007765055372,
27405206,0.0009564826119,0.001802073198,
27605225,0.0001202360116,-0.004072322265,
27805245,-0.005086160821,-0.009140812923,
28005265,-0.01108034877,-0.01080038625,
28205285,-0.01704034848,-0.009326394988,
28405304,-0.02129522253,-0.005128727004,
28605324,-0.02246503707,0.0008639864637,
28805344,-0.02070992285,0.006502410814,
29005364,-0.01623336559,0.01026767643,
29205383,-0.01061520584,0.01169285861,
29405403,-0.00440364697,0.01021031572,
29605423,-0.0002618048056,0.005340058853,
29805443,0.00276956163,-0.0005270448651,
30005462,0.001448380463,-0.009084767364,
30205482,-0.003828281562,-0.01549417693,
30405502,-0.01182857464,-0.01891251829,
30605522,-0.02091516776,-0.01795295032,
30805541,-0.0290525639,-0.0128174471,
31005561,-0.03443294286,-0.003947502042,
31205581,-0.03468945019,0.006553530645,
31405601,-0.03054287378,0.01647779579,
31605620,-0.02165997567,0.02389627553,
31805640,-0.01066557917,0.02685649891,
32005660,0.0009490830664,0.02474199379,
32205680,0.01066881192,0.01746166853,
32405699,0.01592243302,0.006656870947,
32605719,0.01602896956,-0.005303779,
32805739,0.01088745113,-0.01577797364,
33005759,0.001832214346,-0.02294846438,
33205778,-0.00931726662,-0.02502551516,
33405798,-0.01984999311,-0.02181175184,
33605818,-0.02796920856,-0.0147076145,
33805838,-0.03171949221,-0.004577387324,
34005857,-0.03011564071,0.006001290523,
34205877,-0.02373645455,0.01468237493,
34405897,-0.01475991427,0.01945959911,
34605917,-0.00442848471,0.019621454,
34805936,0.004682039414,0.01471484203,
35005956,0.01024564156,0.006822058365,
35205976,0.01147194844,-0.002651812898,
35405996,0.008413908642,-0.01132251381,
35606015,0.00183619847,-0.0171422221,
35806035,-0.006284494821,-0.01894611963,
36006055,-0.01399141426,-0.01677644834,
36206075,-0.0195658099,-0.01113888001,
36406094,-0.02131481025,-0.003584197506,
36606114,-0.01898768724,0.003959367664,
36806134,-0.01338595006,0.009409314268,
37006154,-0.005119691539,0.01140353625,
37206173,0.003059164506,0.009316593672,
37406193,0.00948245776,0.003405498983,
37606213,0.01271493795,-0.00445949073,
37806233,0.0123132959,-0.01300617158,
38006252,0.008425229099,-0.02015222188,
38206272,0.002644756779,-0.02487207507,
38406292,-0.00421031802,-0.026760209,
38606312,-0.0105626844,-0.02573047745,
38806331,-0.01510805512,-0.02237767362,
39006351,-0.01734894288,-0.01809396358,
39206371,-0.01690875352,-0.01453788668,
39406391,-0.01459842983,-0.01237762009,
39606410,-0.01188310742,-0.01263841594,
39806430,-0.009855660963,-0.01509059812,
40006450,-0.009930270034,-0.01933822442,
40206470,-0.01254846868,-0.02354584942,
40406489,-0.01802084695,-0.02658587816,
40606509,-0.02492756367,-0.02635546068,
40806529,-0.03202232478,-0.02360155934,
41006549,-0.03773891474,-0.01721567783,
41206568,-0.04044366811,-0.008705659772,
41406588,-0.03935006759,0.0004902903075,
41606608,-0.03478986167,0.008540023195,
41806628,-0.02687716004,0.01406803086,
42006647,-0.01767634218,0.01576826184,
42206667,-0.009017893802,0.01330915542,
42406687,-0.002826215978,0.007036110929,
42606707,0.0002268929048,-0.0004903280368,
42806726,-0.0009518017666,-0.008846861477,
43006746,-0.005715947982,-0.0145702173,
43206766,-0.01205850797,-0.01753049914,
43406786,-0.01896040719,-0.01667216286,
43606805,-0.02426564687,-0.01275922515,
43806825,-0.02661857135,-0.006241107503,
44006845,-0.02558562341,0.000560592972,
44206865,-0.02131958943,0.005842480338,
44406884,-0.01466226936,0.008597790763,
44606904,-0.007500991492,0.008127084163,
44806924,-0.001569631788,0.003501833465,
45006944,0.00308427797,-0.002136436889,
45206963,0.003598357256,-0.01107955057,
45406983,0.000758478801,-0.01880503233,
45607003,-0.005010561572,-0.02444125692,
45807023,-0.01253291411,-0.02696248052,
46007042,-0.02031127211,-0.02608701611,
46207062,-0.02644798008,-0.02159517105,
46407082,-0.03019307463,-0.01574558363,
46607102,-0.03026565877,-0.008787671991,
46807121,-0.02747792822,-0.003164409397,
47007141,-0.02270562204,-1.212042257e-05,
47207161,-0.0172084759,9.963100613e-05,
47407181,-0.01274897496,-0.00279673161,
47607200,-0.010283425,-0.007610563514,
47807220,-0.0109093627,-0.0138367181,
48007240,-0.01432860469,-0.01870426106,
48207260,-0.02021250152,-0.02158042741,
48407279,-0.02703937704,-0.02109725766,
48607299,-0.0334301073,-0.01763224887,
48807319,-0.03771366056,-0.01144756355,
49007339,-0.03907978249,-0.004029186398,
49207358,-0.03673354601,0.003442527305,
49407378,-0.0322709055,0.009031293158,
49607398,-0.02557370081,0.01211302741,
49807418,-0.01900269596,0.01200151643,
50007437,-0.01362227577,0.009276787497,
50207457,-0.01030479411,0.004645448424,
50407477,-0.009966751017,-0.0002614049603,
50607497,-0.01189174294,-0.004321835933,
50807516,-0.01503486733,-0.006268433908,
51007536,-0.01846861944,-0.005968024045,
51207556,-0.02080123624,-0.003873960432,
51407576,-0.02101796799,-0.0002495516069,
51607595,-0.01910924859,0.002747713853,
51807615,-0.0153782777,0.004557683391,
52007635,-0.0105730338,0.004002313801,
52207655,-0.005799849762,0.000147375175,
52407674,-0.002793022649,-0.004366550514,
52607694,-0.003717184676,-0.0110071035,
52807714,-0.006629111295,-0.01707834565,
53007734,-0.01198754105,-0.02164704962,
53207753,-0.01916039679,-0.02376257347,
53407773,-0.02647183167,-0.0218818061,
53607793,-0.03275364858,-0.01785011081,
53807813,-0.03680413278,-0.01156891226,
54007833,-0.03746141035,-0.004222839528,
54207852,-0.03509316617,0.002401831707,
54407872,-0.03072569808,0.007052145174,
54607892,-0.02520620298,0.009107326587,
54807912,-0.01980569646,0.008308815765,
55007931,-0.01593438232,0.005278421157,
55207951,-0.0144123593,0.001224309569,
55407971,-0.01573641638,-0.002623875053,
55607991,-0.01871420232,-0.005049654527,
55808010,-0.02240447303,-0.005026490828,
56008030,-0.02564543635,-0.00261598655,
56208050,-0.0272492416,0.001359220163,
56408070,-0.02635974183,0.006308211626,
56608089,-0.02311570089,0.01028841316,
56808109,-0.01789142931,0.01243317546,
57008129,-0.01203661241,0.01171558353,
57208149,-0.007007073689,0.008020477965,
57408168,-0.003971949774,0.001170368805,
57608188,-0.004469385583,-0.005075747747,
57808208,-0.008788915576,-0.01105980009,
58008228,-0.01543406841,-0.01477614118,
58208247,-0.02340102648,-0.01442502016,
58408267,-0.03126797975,-0.0105552955,
58608287,-0.03613401852,-0.002590037181,
58808307,-0.03735364819,0.0073700312,
59008326,-0.03437192199,0.0175875475,
59208346,-0.02661941372,0.02591105891,
59408366,-0.01573326103,0.03062949562,
59608386,-0.003531504987,0.03076623918,
59808405,0.007789700766,0.0259767094,
60008425,0.01665157695,0.01685265617,
60208445,0.02093952853,0.004998887794,
60408465,0.02029027635,-0.007228117232,
60608484,0.01561339605,-0.01730171061,
60808504,0.007492316933,-0.02459601963,
61008524,-0.002034983165,-0.02761694576,
61208544,-0.01133255326,-0.02636838959,
61408563,-0.01815812829,-0.02166725081,
61608583,-0.02152228391,-0.0160690378,
61808603,-0.02215257002,-0.009784686937,
62008623,-0.01851291867,-0.005010876164,
62208642,-0.01600284273,-0.003162184082,
62408662,-0.01185408742,-0.003540280875,
62608682,-0.009383300866,-0.00634898229,
62808702,-0.008451475292,-0.01018771395,
63008721,-0.01024695703,-0.01397703483,
63208741,-0.01392979242,-0.01659829242,
63408761,-0.0190128116,-0.01690806081,
63608781,-0.02406932348,-0.014916988,
63808800,-0.02740106409,-0.009591279945,
64008820,-0.02846503976,-0.003349029259,
64208840,-0.02604084256,0.003334672388,
64408860,-0.02119026902,0.008066481445,
64608879,-0.01414507085,0.01057967589,
64808899,-0.006609602458,0.009559976487,
65008919,-0.001145234173,0.004938112885,
65208939,0.003222481453,-0.0001686646949,
65408958,0.004124315481,-0.00805530198,
65608978,0.001974624082,-0.01429945406,
65808998,-0.002028370447,-0.01867249653,
66009018,-0.007049487726,-0.02046100404,
66209037,-0.01165080888,-0.01983242774,
66409057,-0.01470540413,-0.01723408933,
66609077,-0.0154002763,-0.01396670767,
66809097,-0.01392096528,-0.01129249622,
67009116,-0.01092284095,-0.01046853962,
67209136,-0.007361866096,-0.01172548621,
67409156,-0.004515651624,-0.01554749508,
67609176,-0.003850989048,-0.02103527739,
67809195,-0.005428168706,-0.02712344957,
68009215,-0.01015956158,-0.03187508238,
68209235,-0.01685440313,-0.03468362143,
68409255,-0.02454952934,-0.03485153424,
68609274,-0.03165736901,-0.03139004518,
68809294,-0.03697055118,-0.02564030537,
69009314,-0.03932251285,-0.01811773099,
69209334,-0.03830440709,-0.01099325136,
69409353,-0.0341606818,-0.005186981388,
69609373,-0.02851094484,-0.002435231774,
69809393,-0.02299808801,-0.002748988779,
70009413,-0.01853854421,-0.005714867139,
70209432,-0.0165943083,-0.0101633281,
70409452,-0.01707447406,-0.01494547111,
70609472,-0.01997292658,-0.0190939853,
70809492,-0.02443340611,-0.02068717736,
71009511,-0.02908644562,-0.01999310737,
71209531,-0.03325784887,-0.01708840404,
71409551,-0.03543391952,-0.01220534076,
71609571,-0.03500884662,-0.007260753818,
71809590,-0.0319634926,-0.002777218652,
72009610,-0.02728061238,-0.0004590038803,
72209630,-0.02185246154,-0.0008537359107,
72409650,-0.01747525032,-0.004056010208,
72609669,-0.01512163522,-0.009373804044,
72809689,-0.01552566122,-0.01543688572,
73009709,-0.01881832475,-0.02090064457,
73209729,-0.02439803458,-0.02433527446,
73409748,-0.03127009404,-0.02467034228,
73609768,-0.03775425748,-0.02188532019,
73809788,-0.04218735684,-0.01645807857,
74009808,-0.04436543688,-0.00953122345,
74209827,-0.04323772396,-0.002279608762,
74409847,-0.03927018022,0.003467949888,
74609867,-0.03314558094,0.006494202812,
74809887,-0.02627430469,0.006777100567,
75009906,-0.02059295481,0.003751625019,
75209926,-0.01722889239,-0.001666074093,
75409946,-0.01670924184,-0.00820787463,
75609966,-0.01931965609,-0.01409503118,
75809985,-0.02418432662,-0.01815071369,
76010005,-0.03052520895,-0.01935964161,
76210025,-0.0365906353,-0.01764438441,
76410045,-0.04152210478,-0.01379147379,
76610064,-0.04378800248,-0.007499890475,
76810084,-0.04395790961,-0.001506391436,
77010104,-0.04118045235,0.003669499197,
77210124,-0.03703912702,0.007078833911,
77410143,-0.0325430659,0.008086822638,
77610163,-0.02909028328,0.006835460581,
77810183,-0.02662060777,0.00475083749,
78010203,-0.02633440056,0.002238805112,
78210222,-0.02749966458,0.0003984824011,
78410242,-0.02928068049,0.0002992513488,
78610262,-0.03120013682,0.001668692516,
78810282,-0.03189482582,0.004366319052,
79010301,-0.03069495285,0.007901393073,
79210321,-0.02770150105,0.0107985943,
79410341,-0.02275603319,0.01225300617,
79610361,-0.01720871647,0.01132724978,
79810380,-0.01236211299,0.008057420029,
80010400,-0.009089291123,0.00169186611,
80210420,-0.008850633611,-0.005347956668,
80410440,-0.01150272843,-0.01202534113,
80610460,-0.01686481411,-0.01709831985,
80810479,-0.02395686201,-0.0197676595,
81010499,-0.03182439471,-0.01907658847,
81210519,-0.03849184581,-0.01516040865,
81410539,-0.04265257487,-0.008357006024,
81610558,-0.04376965567,-0.001049762237,
81810578,-0.04167331609,0.005977538794,
82010598,-0.03679493329,0.01121544552,
82210618,-0.030586983,0.0136802671,
82410637,-0.02460889178,0.01314509415,
82610657,-0.01986696942,0.00999185606,
82810677,-0.0176284968,0.00526753431,
83010697,-0.01812876944,0.0001538590187,
83210716,-0.02086116658,-0.003638967581,
83410736,-0.02496524173,-0.004937634626,
83610756,-0.02952302471,-0.004403244113,
83810776,-0.03243973436,-0.0008042599259,
84010795,-0.03353360819,0.003915079405,
84210815,-0.03202909315,0.008723341747,
84410835,-0.02759367352,0.01229718451,
84610855,-0.02234892988,0.01394508694,
84810874,-0.01631017733,0.01257650677,
85010894,-0.01136510852,0.008116470633,
85210914,-0.009025169644,0.001815446347,
85410934,-0.009644465569,-0.004937116216,
85610953,-0.01333766087,-0.01108052392,
85810973,-0.01933273582,-0.01487442059,
86010993,-0.02653021487,-0.01577470554,
86211013,-0.03362651752,-0.01330346262,
86411032,-0.03890614123,-0.007878586067,
86611052,-0.04097993322,-0.0005597719304,
86811072,-0.03973768557,0.007113995348,
87011092,-0.03539886508,0.01368918271,
87211111,-0.02863104274,0.01747645412,
87411131,-0.02065585015,0.01787957727,
87611151,-0.01348408085,0.01491768397,
87811171,-0.008635884471,0.009166536248,
88011190,-0.006352528888,0.001030631591,
88211210,-0.008310341768,-0.005752339629,
88411230,-0.0125325221,-0.01121552562,
88611250,-0.01840796288,-0.01445127549,
88811269,-0.02481811617,-0.0150750684,
89011289,-0.03029437138,-0.01253201209,
89211309,-0.03388670318,-0.008310328769,
89411329,-0.03533068672,-0.003738401055,
89611348,-0.03420690699,0.0004538114433,
89811368,-0.03189623508,0.003366613321,
90011388,-0.02845548198,0.004697631157,
90211408,-0.02607989316,0.004094486571,
90411427,-0.02451698866,0.002058913276,
90611447,-0.02432150084,-0.0005006942317,
90811467,-0.02606025466,-0.002236501881,
91011487,-0.02857588759,-0.003207277399,
91211506,-0.03124383668,-0.002427934937,
91411526,-0.03314198844,-0.000163143442,
91611546,-0.03367679427,0.002755703251,
91811566,-0.0330144103,0.006046604947,
92011585,-0.03071467951,0.008411464883,
92211605,-0.02789544236,0.009440175707,
92411625,-0.02478331679,0.008980849811,
92611645,-0.02250035622,0.006736733609,
92811664,-0.02170970325,0.00376333173,
93011684,-0.02246738842,0.0007406027986,
93211704,-0.02509055823,-0.001717140712,
93411724,-0.02853318506,-0.002633329708,
93611743,-0.03224488201,-0.001474916838,
93811763,-0.03535933888,0.001364117663,
94011783,-0.03672721487,0.005369820355,
94211803,-0.0360319947,0.009966535499,
94411822,-0.03325338813,0.01379854809,
94611842,-0.02924343747,0.01600358904,
94811862,-0.02500122803,0.01629753932,
95011882,-0.02092720822,0.01452624843,
95211901,-0.01858383121,0.01107269909,
95411921,-0.01823760367,0.006986716929,
95611941,-0.01992256981,0.003337921033,
95811961,-0.02338572241,0.00102463353,
96011980,-0.02730137305,0.0005949204403,
96212000,-0.03128408495,0.002570849294,
96412020,-0.03427069177,0.00619883918,
96612040,-0.03512239868,0.01102460814,
96812059,-0.03301265327,0.01562594023,
97012079,-0.02980643498,0.01934720316,
97212099,-0.02505898693,0.02101192063,
97412119,-0.02016251903,0.02070474496,
97612138,-0.01596584506,0.01821335546,
97812158,-0.01381893752,0.01461600832,
98012178,-0.01334866423,0.01040334329,
98212198,-0.01512356423,0.006860895758,
98412217,-0.01835962447,0.004801767776,
98612237,-0.02207973136,0.004484641067,
98812257,-0.02545340552,0.0062706013,
99012277,-0.02786062238,0.009511921114,
99212296,-0.02835368901,0.01348840758,
99412316,-0.02719529965,0.01784540041,
99612336,-0.02373984883,0.02127319585,
99812356,-0.0193080075,0.02349836723,
100012375,-0.01424999888,0.02352630111,
100212395,-0.009722411439,0.02213278117,
100412415,-0.006267279224,0.01940765892,
100612435,-0.00402748703,0.01585349551,
100812454,-0.003430598735,0.012373559,
101012474,-0.003744010628,0.009595454058,
101212494,-0.00476566218,0.006963408468,
101412514,-0.005613649255,0.005436712295,
101612533,-0.005599471652,0.004686678779,
101812553,-0.004934939551,0.0035232195,
102012573,-0.003796057422,0.002139017797,
102212593,-0.002869932068,-0.0004644055821,
102412612,-0.002611334365,-0.004009834592,
102612632,-0.005352399132,-0.00867921786,
102812652,-0.009042159954,-0.012325425,
103012672,-0.01446484427,-0.01493973327,
103212691,-0.02077050063,-0.01555704696,
103412711,-0.02725734765,-0.01347789726,
103612731,-0.0331529765,-0.0094504186,
103812751,-0.03655325577,-0.002629750108,
104012770,-0.0379075284,0.004499391806,
104212790,-0.03607417222,0.01184741054,
104412810,-0.03141942478,0.01772625741,
104612830,-0.02525345681,0.0215863309,
104812849,-0.01820462255,0.02238514922,
105012869,-0.01173938517,0.02047094269,
105212889,-0.00727058251,0.01650350681,
105412909,-0.004987786146,0.01117591861,
105612928,-0.005921971018,0.005104578454,
105812948,-0.007726150037,0.001152800532,
106012968,-0.01211946884,9.028420867e-05,
106212988,-0.01607132444,0.0003367482174,
106413007,-0.01940390375,0.002631901135,
106613027,-0.02048741434,0.00629689235,
106813047,-0.01980805178,0.01018757216,
107013067,-0.01697739373,0.01335177426,
107213087,-0.01308989702,0.01466759107,
107413106,-0.008850299802,0.01406344871,
107613126,-0.005467352859,0.01141580292,
107813146,-0.004194252429,0.007347488944,
108013166,-0.004238716735,0.003477239302,
108213185,-0.005653101831,0.0002538488716,
108413205,-0.008632455524,-0.001164132547,
108613225,-0.01218732401,-0.0001951193168,
108813245,-0.01436128586,0.002148386604,
109013264,-0.01477460746,0.005320853485,
109213284,-0.01286703056,0.008627893211,
109413304,-0.009156870614,0.01072595481,
109613324,-0.004166482771,0.01075414488,
109813343,0.0005828188246,0.008321191728,
110013363,0.004327538687,0.003641352951,
110213383,0.006046712767,-0.003165639489,
110413403,0.00454945831,-0.01014080808,
110613422,0.0005399566857,-0.01638988466,
110813442,-0.005646387598,-0.02052765254,
111013462,-0.01341983772,-0.02213796161,
111213482,-0.02100108187,-0.02043267105,
111413501,-0.02724010547,-0.01593622124,
111613521,-0.03147450317,-0.009518006059,
111813541,-0.03301760267,-0.002524287263,
112013561,-0.03182495477,0.004190247404,
112213580,-0.0285716343,0.009693947174,
112413600,-0.02366463743,0.013423443,
112613620,-0.01932020379,0.0151012166,
112813640,-0.01511286965,0.015031241,
113013659,-0.01214167595,0.01442404586,
113213679,-0.0095556878,0.0134752408,
113413699,-0.008088691522,0.01317588268,
113613719,-0.006557982202,0.01341246884,
113813738,-0.004195442032,0.01426139418,
114013758,-0.0005104994482,0.01476997798,
114213778,0.004156740826,0.01429639067,
114413798,0.009395397525,0.01208223094,
114613817,0.01448166079,0.008066357284,
114813837,0.01813445717,0.002023979251,
115013857,0.01954043449,-0.005402971382,
115213877,0.01824601906,-0.01279811194,
115413896,0.01427711503,-0.01909550839,
115613916,0.008918049904,-0.0232911479,
115813936,0.00238829051,-0.02435598103,
116013956,-0.00300712796,-0.02231158037,
116213975,-0.006025472173,-0.01782285098,
116413995,-0.005407742543,-0.0128826074,
116614015,-0.001136135693,-0.008553792815,
116814035,0.006004624375,-0.006979403918,
117014054,0.0149550796,-0.009512136425,
117214074,0.02347114034,-0.01665932589,
117414094,0.02965308036,-0.02809290981,
117614114,0.0310929047,-0.04276737971,
117814133,0.02664127106,-0.05833346811,
118014153,0.01675992727,-0.07287598131,
118214173,0.001273424968,-0.08352832013,
118414193,-0.01695688536,-0.08900726354,
118614212,-0.03677458558,-0.08816674471,
118814232,-0.05464147822,-0.08098754464,
119014252,-0.06836335496,-0.06845507136,
119214272,-0.07695701931,-0.05329235259,
119414291,-0.08023070106,-0.03742384242,
119614311,-0.07800405461,-0.02298274248,
119814331,-0.07189672092,-0.01206899742,
120014351,-0.06389368455,-0.004902643456,
120214370,-0.05569310956,-0.00228528842,
120414390,-0.04934847996,-0.003396146771,
120614410,-0.04574238539,-0.006156850915,
120814430,-0.04524910458,-0.009445085957,
121014449,-0.04739925218,-0.01155781092,
121214469,-0.05076847699,-0.01140505833,
121414489,-0.05429004913,-0.00850246044,
121614509,-0.05632140383,-0.003528922842,
121814528,-0.05605687049,0.002516723316,
122014548,-0.05330164265,0.008309918051,
122214568,-0.04790270448,0.01235204124,
122414588,-0.04175408882,0.01391066812,
122614607,-0.03580827786,0.01276732562,
122814627,-0.03117298911,0.009043363962,
123014647,-0.02972591566,0.004088406469,
123214667,-0.03050287431,-0.000636356091,
123414686,-0.03384540543,-0.00415010994,
123614706,-0.03876699615,-0.005401292738,
123814726,-0.0433680676,-0.003558031985,
124014746,-0.0469107086,0.0003238390716,
124214765,-0.04791406283,0.00577889152,
124414785,-0.04648386645,0.01132554228,
124614805,-0.04250733317,0.0161349811,
124814825,-0.03672476948,0.01851616559,
125014844,-0.03073634889,0.01843745132,
125214864,-0.02562322497,0.01522785604,
125414884,-0.02264022404,0.01048076324,
125614904,-0.02273236391,0.00480978396,
125814923,-0.02525017228,5.05605544e-05,
126014943,-0.02972857292,-0.002902370715,
126214963,-0.03506375845,-0.00288990478,
126414983,-0.039997404,-9.430873194e-05,
126615002,-0.04328153579,0.004802316049,
126815022,-0.04396973701,0.01093715966,
127015042,-0.04147854945,0.01711918474,
127215062,-0.0364160699,0.02150461012,
127415081,-0.02993796152,0.02346388042,
127615101,-0.02313829314,0.02263993684,
127815121,-0.01729990158,0.01880476446,
128015141,-0.01401548528,0.01314940901,
128215160,-0.0137394054,0.007093479711,
128415180,-0.01618919552,0.001454948683,
128615200,-0.02036481192,-0.00215119005,
128815220,-0.02528364111,-0.003500849184,
129015239,-0.03022109211,-0.002631204657,
129215259,-0.0331556074,0.0005327153127,
129415279,-0.03492635787,0.004257193284,
129615299,-0.03396648542,0.008155786591,
129815318,-0.03181534872,0.01082225595,
130015338,-0.02911459233,0.01189393223,
130215358,-0.02644025414,0.01131086452,
130415378,-0.024816023,0.009345228588,
130615397,-0.02495840777,0.007090990015,
130815417,-0.02656072472,0.005366587493,
131015437,-0.02939053216,0.004854912142,
131215457,-0.03193797801,0.00634531993,
131415476,-0.03380172565,0.009626355517,
131615496,-0.03474766469,0.0140706721,
131815516,-0.03203556552,0.01872480598,
132015536,-0.02798219473,0.02276115572,
132215555,-0.02185302484,0.0244260071,
132415575,-0.01542436347,0.0236513517,
132615595,-0.009079409104,0.01997404745,
132815615,-0.00495833642,0.01418242357,
133015634,-0.00435922551,0.006375518232,
133215654,-0.005034312729,-0.0001817915229,
133415674,-0.01021848848,-0.005837170543,
133615694,-0.01648599661,-0.008869914656,
133815714,-0.02294360564,-0.009086798255,
134015733,-0.02870505914,-0.006332017788,
134215753,-0.03270068188,-0.001482237626,
134415773,-0.03370063339,0.004288466618,
134615793,-0.03229131482,0.009938593295,
134815812,-0.02827029324,0.01449614666,
135015832,-0.02273257441,0.01650626044,
135215852,-0.01681008042,0.01565401012,
135415872,-0.01207965862,0.01254039689,
135615891,-0.009122584724,0.007183350364,
135815911,-0.00811077819,0.0009363035956,
136015931,-0.01053510174,-0.003657780964,
136215951,-0.01424124386,-0.007678534904,
136415970,-0.01868699838,-0.009580761096,
136615990,-0.02309422922,-0.009662178494,
136816010,-0.02665496135,-0.008084776461,
137016030,-0.02901069723,-0.005891348122,
137216049,-0.02946594314,-0.003465321319,
137416069,-0.02936151263,-0.001922028009,
137616089,-0.0285029024,-0.001293010694,
137816109,-0.02830486307,-0.002052691507,
138016128,-0.02910233786,-0.003254678845,
138216148,-0.03088029775,-0.004195191566,
138416168,-0.03396173841,-0.00453081968,
138616188,-0.03749660506,-0.003626897572,
138816207,-0.04082336773,-0.0004802063631,
139016227,-0.04273091748,0.003962515779,
139216247,-0.04299592588,0.009167759667,
139416267,-0.04110262662,0.01419492282,
139616286,-0.03728713702,0.01851788222,
139816306,-0.03206809626,0.02090599344,
140016326,-0.02699400425,0.02097813523,
140216346,-0.02199506676,0.01881630449,
140416365,-0.01916413375,0.01491042446,
140616385,-0.01814866776,0.01027221311,
140816405,-0.01954152914,0.005928547404,
141016425,-0.02286539279,0.003059564935,
141216444,-0.02700224461,0.001871298218,
141416464,-0.03108391835,0.00297515742,
141616484,-0.03395603002,0.005961103278,
141816504,-0.03488482744,0.01003837435,
142016523,-0.03451656635,0.01399779605,
142216543,-0.03231139007,0.01727250871,
142416563,-0.0282500578,0.01900840759,
142616583,-0.02470564323,0.01883603413,
142816602,-0.02183912593,0.01718978358,
143016622,-0.02059521844,0.01433958686,
143216642,-0.02096717918,0.01164543337,
143416662,-0.02310953892,0.009694942321,
143616681,-0.02606854271,0.009278543829,
143816701,-0.02876437982,0.01061791756,
144016721,-0.03062778555,0.01366653417,
144216741,-0.03105132526,0.01796149846,
144416760,-0.02964642702,0.0223472167,
144616780,-0.02579604789,0.02558832358,
144816800,-0.02066208803,0.02739517664,
145016820,-0.01486315055,0.02689726697,
145216839,-0.01005841653,0.02418106268,
145416859,-0.006847857818,0.01982018508,
145616879,-0.005628562091,0.01460179011,
145816899,-0.007080313666,0.009706659508,
146016918,-0.0101728541,0.00593732388,
146216938,-0.01429686146,0.004821808373,
146416958,-0.01820544374,0.00545838455,
146616978,-0.02083834899,0.007884138568,
146816997,-0.0219589305,0.01143221404,
147017017,-0.02087435778,0.01510815836,
147217037,-0.01807216092,0.01787996675,
147417057,-0.014020685,0.01890030571,
147617076,-0.009927169466,0.01801648206,
147817096,-0.006488240807,0.01557509145,
148017116,-0.004647153713,0.01155416225,
148217136,-0.005319899936,0.006788173439,
148417155,-0.006526467742,0.003532503164,
148617175,-0.008957405625,0.001230265863,
148817195,-0.01256942825,0.001450917848,
149017215,-0.01505452704,0.00287552353,
149217234,-0.0163386241,0.005180252473,
149417254,-0.01595658881,0.007760737144,
149617274,-0.0141131275,0.009738891939,
149817294,-0.01108088302,0.01022057834,
150017313,-0.008215648674,0.008948399382,
150217333,-0.006011759232,0.005651895831,
150417353,-0.004467472881,0.002346824791,
150617373,-0.00467927633,-0.001411664424,
150817392,-0.007882700571,-0.005003921169,
151017412,-0.01173820403,-0.006709367244,
151217432,-0.01555411977,-0.006714264681,
151417452,-0.01875720064,-0.004738389859,
151617471,-0.02042370746,-0.001647054856,
151817491,-0.01995986351,0.001923439875,
152017511,-0.01810261216,0.00456464963,
152217531,-0.01447511163,0.005717171303,
152417550,-0.01035007021,0.00388681678,
152617570,-0.006859909048,0.0008646400497,
152817590,-0.00537000993,-0.003535816095,
153017610,-0.007050197087,-0.009232966135,
153217629,-0.01045301932,-0.01413243046,
153417649,-0.01568380514,-0.01734677048,
153617669,-0.02190096383,-0.01801012088,
153817689,-0.02810608288,-0.01604647822,
154017708,-0.0327745172,-0.01186633258,
154217728,-0.03556598426,-0.006123968055,
154417748,-0.03565040666,-0.0003708579549,
154617768,-0.03282546685,0.004814135092,
154817787,-0.028108669,0.00807950808,
155017807,-0.02295483342,0.008355635929,
155217827,-0.0186560121,0.006260534213,
155417847,-0.01610344657,0.002184976923,
155617866,-0.01612485073,-0.003086596283,
155817886,-0.01845704579,-0.00781056343,
156017906,-0.02285952319,-0.01070390899,
156217926,-0.02850100045,-0.01136078383,
156417945,-0.03356954666,-0.009249742176,
156617965,-0.03737484948,-0.004801315974,
156817985,-0.03855516347,0.000977450001,
157018005,-0.03742403407,0.006230940201,
157218024,-0.03366679885,0.01063045755,
157418044,-0.02881530915,0.01247594757,
157618064,-0.02390080997,0.01174073141,
157818084,-0.02030616159,0.008551114133,
158018103,-0.01879925986,0.003830251696,
158218123,-0.02012159147,-0.00101457848,
158418143,-0.02362860262,-0.005011479252,
158618163,-0.02895291047,-0.006690733156,
158818182,-0.03497851277,-0.005791602078,
159018202,-0.04026595745,-0.00206105516,
159218222,-0.04306669462,0.003928821051,
159418242,-0.04278944699,0.01076274794,
159618261,-0.04081416733,0.01707098171,
159818281,-0.03512313101,0.02208363184,
160018301,-0.02908314356,0.02415873129,
160218321,-0.02240506786,0.02335727068,
160418341,-0.01702390281,0.02017036517,
160618360,-0.01429104096,0.01544627724,
160818380,-0.01388550925,0.009908228569,
161018400,-0.01604831295,0.005189055365,
161218420,-0.02014275853,0.002335866463,
161418439,-0.02453316171,0.002066455115,
161618459,-0.02823189856,0.00390652605,
161818479,-0.03068723346,0.007522729649,
162018499,-0.03088989244,0.01164341087,
162218518,-0.0290928841,0.01561609927,
162418538,-0.02567158771,0.018209739,
162618558,-0.02140724379,0.01887936653,
162818578,-0.01743228345,0.017687755,
163018597,-0.01447517612,0.01461126506,
163218617,-0.01355596266,0.0108899809,
163418637,-0.01450006249,0.007263121038,
163618657,-0.01697116627,0.004584564651,
163818676,-0.02035593905,0.003657456342,
164018696,-0.02318678133,0.004517576724,
164218716,-0.02526453209,0.006657749397,
164418736,-0.02599105558,0.009492407652,
164618755,-0.02501861268,0.01227200508,
164818775,-0.02278157149,0.01402481032,
165018795,-0.01974545389,0.01437146657,
165218815,-0.01727089383,0.01308959181,
165418834,-0.01601347537,0.01087752161,
165618854,-0.01615890561,0.008088180324,
165818874,-0.0179874226,0.005823206959,
166018894,-0.02093306914,0.004865895637,
166218913,-0.02415285744,0.006083238171,
166418933,-0.02689704602,0.008754689068,
166618953,-0.02771214861,0.01291768389,
166818973,-0.02634177684,0.01766502086,
167018992,-0.02256603776,0.0217412062,
167219012,-0.01714469549,0.02410675763,
167419032,-0.01068628977,0.02383666743,
167619052,-0.004596554357,0.02077721395,
167819071,-0.0001957360857,0.01540499953,
168019091,0.001293988077,0.008831738155,
168219111,-0.0002876253717,0.002754250249,
168419131,-0.003212793914,-0.002926479513,
168619150,-0.009454816989,-0.007056035184,
168819170,-0.01561319475,-0.006977514069,
169019190,-0.02089907813,-0.00448286019,
169219210,-0.02398163892,0.0001418232471,
169419229,-0.02443221546,0.005383491275,
169619249,-0.02225017184,0.01029745558,
169819269,-0.01762608504,0.01347580506,
170019289,-0.01158279388,0.01370709553,
170219308,-0.006514256906,0.01105038603,
170419328,-0.003203037134,0.006072080944,
170619348,-0.001156457676,0.0004421189736,
170819368,-0.003123538754,-0.007212374034,
171019387,-0.007737182755,-0.01256201333,
171219407,-0.01403996514,-0.01536682072,
171419427,-0.02097826778,-0.01523786491,
171619447,-0.02688175916,-0.01217745904,
171819466,-0.03049099449,-0.00670556244,
172019486,-0.03148412092,-0.0004189169826,
172219506,-0.02945830918,0.005279437661,
172419526,-0.02442530258,0.009357256664,
172619545,-0.01876334925,0.01053149184,
172819565,-0.01324143404,0.008357587761,
173019585,-0.008590532625,0.00290584596,
173219605,-0.00629058114,-0.002385916032,
173419624,-0.008959082023,-0.008884123101,
173619644,-0.01301849948,-0.01407429026,
173819664,-0.01900584885,-0.01701084526,
174019684,-0.02525586273,-0.01717947548,
174219703,-0.03061163065,-0.01462293192,
174419723,-0.03460723746,-0.01024965161,
174619743,-0.0358817151,-0.005004943864,
174819763,-0.03423144368,1.397343704e-05,
175019782,-0.03091281478,0.003070885601,
175219802,-0.0269576027,0.003848891678,
175419822,-0.02319375506,0.001864225665,
175619842,-0.02112510875,-0.001642598296,
175819861,-0.02128704833,-0.006247426208,
176019881,-0.02398389057,-0.01076391627,
176219901,-0.02857499748,-0.01357366372,
176419921,-0.03403246145,-0.01430104198,
176619940,-0.0393866454,-0.0124645956,
176819960,-0.04388218592,-0.008705384945,
177019980,-0.04670865908,-0.003926054703,
177220000,-0.0468907847,0.001796297601,
177420019,-0.04438627343,0.006246306917,
177620039,-0.04173183991,0.00898570252,
177820059,-0.03804766698,0.00964844809,
178020079,-0.03535686567,0.008460293359,
178220098,-0.03458657403,0.006131095668,
178420118,-0.03590336134,0.00344229809,
178620138,-0.03884060785,0.002044975839,
178820158,-0.04335291748,0.002225691801,
179020177,-0.04707300481,0.005314320693,
179220197,-0.05029456124,0.01011995302,
179420217,-0.05116776141,0.01647590901,
179620237,-0.04898735245,0.02302167631,
179820256,-0.04498721269,0.02854596107,
180020276,-0.03892521446,0.03216121401,
180220296,-0.03172300603,0.03308633893,
180420316,-0.02525125384,0.03073407403,
180620335,-0.02010436528,0.02636478848,
180820355,-0.0179574113,0.02063706191,
181020375,-0.01879273348,0.01514095048,
181220395,-0.02233321695,0.01081831662,
181420414,-0.02696204786,0.008826619133,
181620434,-0.03221359012,0.009301721082,
181820454,-0.03626291587,0.01219226955,
182020474,-0.03887573122,0.01677768657,
182220493,-0.03832453974,0.02218944359,
182420513,-0.03608691497,0.02714638738,
182620533,-0.03183186037,0.03060526825,
182820553,-0.02728028469,0.03228126924,
183020572,-0.02237249555,0.03178682358,
183220592,-0.01827562645,0.02965054793,
183420612,-0.01608171549,0.02665917638,
183620632,-0.01569589601,0.02382226772,
183820651,-0.01631476654,0.0214544506,
184020671,-0.01774245029,0.02073049275,
184220691,-0.01897029568,0.0212659456,
184420711,-0.01897956343,0.02274855363,
184620730,-0.01774523966,0.02473116818,
184820750,-0.01482764704,0.02578485598,
185020770,-0.01112836199,0.02590458609,
185220790,-0.007110598442,0.02411820213,
185420809,-0.003615502294,0.02057625677,
185620829,-0.001798754705,0.01562542307,
185820849,-0.003483966178,0.009921533335,
186020869,-0.005309741544,0.004635811186,
186220888,-0.009103988745,0.00069187184,
186420908,-0.01479290452,-0.0004747788704,
186620928,-0.02014597526,0.0006360382512,
186820948,-0.02426135538,0.003479967592,
187020968,-0.02638802057,0.007703843285,
187220987,-0.02645588033,0.01198258627,
187421007,-0.02425619824,0.01555297555,
187621027,-0.02118065456,0.01727388131,
187821047,-0.01731507342,0.01724201511,
188021066,-0.01422223494,0.01488780946,
188221086,-0.01316804274,0.01143258327,
188421106,-0.01362992617,0.006881907775,
188621126,-0.01656369734,0.00413096013,
188821145,-0.02049344973,0.002454800956,
189021165,-0.02534425775,0.002912461613,
189221185,-0.02979486343,0.005302197337,
189421205,-0.03254261107,0.009727899867,
189621224,-0.03317143656,0.01472709934,
189821244,-0.03181357208,0.01972522964,
190021264,-0.02877833535,0.02322494977,
190221284,-0.0242798697,0.02535125659,
190421303,-0.01979530115,0.02518644671,
190621323,-0.01664841958,0.0233919947,
190821343,-0.01442692888,0.02049932681,
191021363,-0.01442382221,0.01751258521,
191221382,-0.01642364876,0.0154842758,
191421402,-0.0188244989,0.0149048292,
191621422,-0.02140714223,0.01574842699,
191821442,-0.02284199864,0.01863069771,
192021461,-0.0230011698,0.02247143379,
192221481,-0.02080467801,0.02623655877,
192421501,-0.01694379997,0.02885992552,
192621521,-0.01154498978,0.02986021853,
192821540,-0.006074891367,0.02868524388,
193021560,-0.00112073387,0.02477187366,
193221580,0.002085589723,0.0197336903,
193421600,0.002734884354,0.0136203405,
193621619,0.0002212213161,0.008271913069,
193821639,-0.002699592292,0.003956365322,
194021659,-0.006868092236,0.000761726137,
194221679,-0.01123692757,-0.0005109435702,
194421698,-0.01677941964,0.001487126813,
194621718,-0.01997713106,0.004228174405,
194821738,-0.02143511015,0.007489702772,
195021758,-0.02151845238,0.01052597164,
195221777,-0.02085478073,0.01286334725,
195421797,-0.0195397854,0.01398652966,
195621817,-0.01854097418,0.01450340871,
195821837,-0.01806826846,0.01423810937,
196021856,-0.01850757726,0.01427557949,
196221876,-0.01938208822,0.01482315107,
196421896,-0.02066970007,0.01626337695,
196621916,-0.02126165791,0.01888303132,
196821935,-0.0206609649,0.02203210101,
197021955,-0.01886387324,0.02537483721,
197221975,-0.01539684353,0.02851114752,
197421995,-0.01057941705,0.0298176791,
197622014,-0.005396965782,0.02989028057,
197822034,-0.0004145780238,0.02779860207,
198022054,0.003762999734,0.02408406627,
198222074,0.006057624389,0.01948993488,
198422093,0.006877450212,0.01469231135,
198622113,0.005532859568,0.0106664646,
198822133,0.002925121975,0.007973867131,
199022153,-0.0005316445226,0.007230384233,
199222172,-0.00278866689,0.007157163515,
199422192,-0.003794571526,0.008173094371,
199622212,-0.003301516885,0.009477260101,
199822232,-0.0005653319758,0.0106667053,
200022251,0.002581946174,0.01011599701,
200222271,0.005757517414,0.007721252262,
200422291,0.007983549712,0.003998632096,
200622311,0.008648183497,-0.0008557572027,
200822330,0.007557216529,-0.006289993347,
201022350,0.004366203077,-0.01105682779,
201222370,-0.0004821703401,-0.01411825444,
201422390,-0.005771668975,-0.01548154488,
201622409,-0.01112850404,-0.01470641032,
201822429,-0.01498177063,-0.01211718552,
202022449,-0.01736334866,-0.008681526173,
202222469,-0.01741267679,-0.00514159926,
202422488,-0.01591888667,-0.00288328836,
202622508,-0.01320198309,-0.002234969381,
202822528,-0.0101395489,-0.002795288085,
203022548,-0.009641096799,-0.005449670493,
203222567,-0.0102189284,-0.009252586824,
203422587,-0.01263382304,-0.01242697205,
203622607,-0.01655739701,-0.01494608156,
203822627,-0.02174891034,-0.01544914836,
204022646,-0.02688637644,-0.0139400934,
204222666,-0.03127688811,-0.01062598925,
204422686,-0.0338673277,-0.005398985484,
204622706,-0.03448876608,-0.000110248407,
204822725,-0.03257166976,0.004890890676,
205022745,-0.02876501313,0.008319154991,
205222765,-0.02479767093,0.009151505052,
205422785,-0.02090222784,0.008134615243,
205622804,-0.01828575899,0.005145770719,
205822824,-0.01807494703,0.001399145767,
206022844,-0.02010342942,-0.002404152955,
206222864,-0.02356210185,-0.004496480549,
206422883,-0.02851607824,-0.005083637306,
206622903,-0.03314312784,-0.002873743891,
206822923,-0.03697487701,0.001345981722,
207022943,-0.03824925599,0.00694363347,
207222962,-0.0373371483,0.01251026324,
207422982,-0.03482634785,0.01714822876,
207623002,-0.03023279275,0.02056183494,
207823022,-0.02495356862,0.02145576071,
208023041,-0.02033513766,0.0203433849,
208223061,-0.01736987089,0.0171971549,
208423081,-0.01627243566,0.01378192782,
208623101,-0.01759613625,0.01080824709,
208823120,-0.0199918812,0.009213496782,
209023140,-0.02308818738,0.008953190121,
209223160,-0.02543774227,0.0113712142,
209423180,-0.02656021901,0.01492214101,
209623199,-0.02578135437,0.01888967802,
209823219,-0.02296146956,0.02267254672,
210023239,-0.01784840443,0.02455074122,
210223259,-0.01277067718,0.02469405262,
210423278,-0.007579995698,0.02208102037,
210623298,-0.004005754705,0.01762319873,
210823318,-0.003448475964,0.01221335194,
211023338,-0.004375502773,0.00642221066,
211223357,-0.007211922154,0.001953371624,
211423377,-0.01145877729,-0.0009014956906,
211623397,-0.01795405353,-0.0001977438025,
211823417,-0.02221019201,0.002520238172,
212023436,-0.02491343709,0.006971617003,
212223456,-0.02480471054,0.01202475963,
212423476,-0.02291530684,0.01635218501,
212623496,-0.01906735585,0.0191769149,
212823515,-0.01419068873,0.01975023352,
213023535,-0.009299600177,0.01819963484,
213223555,-0.006557109359,0.01480196429,
213423575,-0.00601397931,0.009461476163,
213623595,-0.006339632385,0.005496723945,
213823614,-0.008690647287,0.002300821869,
214023634,-0.01222611823,0.0008157179046,
214223654,-0.01686648638,0.001912336433,
214423674,-0.01949867331,0.004895372672,
214623693,-0.02031813899,0.008507299059,
214823713,-0.01887560652,0.01208297222,
215023733,-0.01567038909,0.01487342198,
215223753,-0.01134758167,0.01523813942,
215423772,-0.007391871974,0.01369809399,
215623792,-0.004889372935,0.009826314426,
215823812,-0.002955277176,0.005259544697,
216023832,-0.003178731187,0.0003149515924,
216223851,-0.006295860402,-0.00544217417,
216423871,-0.01166362412,-0.008114415751,
216623891,-0.01692352751,-0.008380222526,
216823911,-0.02194655473,-0.006886072594,
217023930,-0.02507941553,-0.003117949292,
217223950,-0.02693652942,0.001226405153,
217423970,-0.02565164838,0.005480169895,
217623990,-0.02312619953,0.008808236601,
217824009,-0.0196255536,0.009614023549,
218024029,-0.01629242384,0.008697166144,
218224049,-0.01338720419,0.004859903009,
218424069,-0.01253872216,0.001350819117,
218624088,-0.0150382664,-0.002173648809,
218824108,-0.01859264858,-0.005107859742,
219024128,-0.02322960383,-0.005976824633,
219224148,-0.02779751459,-0.004717249935,
219424167,-0.0319657028,-0.001566660204,
219624187,-0.03410253238,0.003286811625,
219824207,-0.0338153871,0.00808684448,
220024227,-0.03167586165,0.01257209197,
220224246,-0.02787293203,0.01543609552,
220424266,-0.02329602682,0.01618400871,
220624286,-0.01951274954,0.01471044541,
220824306,-0.01714344695,0.01136775562,
221024325,-0.01668595431,0.007038225044,
221224345,-0.01859376377,0.003306605014,
221424365,-0.02244001402,0.0008845181355,
221624385,-0.02709799279,0.0005697790965,
221824404,-0.03182605638,0.002516033361,
222024424,-0.03488569432,0.006336200182,
222224444,-0.03618961117,0.01160193506,
222424464,-0.03519728282,0.01701735666,
222624483,-0.03231930754,0.02172659194,
222824503,-0.02779708279,0.02496814812,
223024523,-0.02245608766,0.02570795678,
223224543,-0.01767980794,0.02447221105,
223424562,-0.01414829071,0.02137243029,
223624582,-0.01234766729,0.01729369767,
223824602,-0.01281878794,0.01334544027,
224024622,-0.01464209048,0.01002346692,
224224641,-0.01756364378,0.008568678363,
224424661,-0.02052207935,0.008617474026,
224624681,-0.02286511875,0.01010029851,
224824701,-0.02393727494,0.01262513414,
225024720,-0.02406815274,0.01486143413,
225224740,-0.02258493806,0.01663426754,
225424760,-0.02091673145,0.01747609792,
225624780,-0.01890137321,0.01711890906,
225824799,-0.01777339052,0.01569133954,
226024819,-0.01782529413,0.01386705468,
226224839,-0.01907181835,0.01236072845,
226424859,-0.02151540381,0.01192559925,
226624878,-0.0245233539,0.01261672569,
226824898,-0.02670907411,0.01505089091,
227024918,-0.02779353657,0.01866306558,
227224938,-0.02737056718,0.02308289861,
227424957,-0.02499259959,0.02687732327,
227624977,-0.02122535514,0.02997657538,
227824997,-0.01596239949,0.03106852198,
228025017,-0.01085904063,0.03058403012,
228225036,-0.006365752255,0.02797813339,
228425056,-0.003439829644,0.02448292858,
228625076,-0.002444739292,0.02014272679,
228825096,-0.002752404784,0.01637568711,
229025115,-0.005120465103,0.01355199473,
229225135,-0.008110754274,0.01197136467,
229425155,-0.01046885164,0.01227265519,
229625175,-0.01174722898,0.01416731066,
229825194,-0.0119602964,0.01664001425,
230025214,-0.01071372801,0.01859865783,
230225234,-0.008060745536,0.01965293655,
230425254,-0.004877112027,0.01929904377,
230625273,-0.002051639401,0.01807479863,
230825293,-1.123066462e-05,0.01494961382,
231025313,0.0009499602226,0.01159641092,
231225333,0.0003267121669,0.008281000476,
231425352,-0.002395736867,0.005843488752,
231625372,-0.004478322258,0.004002731605,
231825392,-0.007339651462,0.003212977617,
232025412,-0.009375399074,0.004051449547,
232225431,-0.01061433007,0.005311967845,
232425451,-0.01095336153,0.006722602169,
232625471,-0.01008525551,0.008030309969,
232825491,-0.008475043239,0.008546511072,
233025510,-0.006844219071,0.008111885999,
233225530,-0.005486793948,0.006563481919,
233425550,-0.005123404131,0.004451560993,
233625570,-0.005720395139,0.002035883789,
233825589,-0.007536530454,0.0001399524407,
234025609,-0.01018374043,-0.0008214052513,
234225629,-0.01305555054,-3.054864581e-05,
234425649,-0.01547324813,0.001731861888,
234625668,-0.01593436338,0.004365792572,
234825688,-0.01532445856,0.007000106021,
235025708,-0.01359101452,0.008437178706,
235225728,-0.01098303973,0.008978605406,
235425747,-0.008139537779,0.008826782849,
235625767,-0.005482971891,0.007116256912,
235825787,-0.00364761927,0.004295123269,
236025807,-0.003099649778,0.000568816227,
236225826,-0.004834954742,-0.003421753151,
236425846,-0.007566621851,-0.005888380044,
236625866,-0.01043912071,-0.00700074142,
236825886,-0.0131746018,-0.007010815433,
237025905,-0.01500042861,-0.006064443023,
237225925,-0.01586086535,-0.004986946153,
237425945,-0.01578602313,-0.004169578617,
237625965,-0.01504520548,-0.004184045598,
237825984,-0.01416759904,-0.005712802839,
238026004,-0.01437152932,-0.008117988275,
238226024,-0.01575472844,-0.01118227823,
238426044,-0.01853606988,-0.01446940635,
238626063,-0.02324403982,-0.01684966993,
238826083,-0.02902320207,-0.01714666425,
239026103,-0.03539942115,-0.01531328653,
239226123,-0.04123827524,-0.01195944609,
239426142,-0.04527900363,-0.00577611803,
239626162,-0.04740160816,0.001658127585,
239826182,-0.0469819437,0.008410975439,
240026202,-0.04355971126,0.01501708223,
240226222,-0.03904480513,0.01945517111,
240426241,-0.03310148972,0.02148270967,
240626261,-0.02750598668,0.02142883958,
240826281,-0.02334098626,0.01901397068,
241026301,-0.02129469416,0.01569507017,
241226320,-0.02145956292,0.01204000095,
241426340,-0.02324689321,0.0095572726,
241626360,-0.02589420308,0.008434059867,
241826380,-0.02899094273,0.008809870192,
242026399,-0.03156521738,0.0110922702,
242226419,-0.03285499433,0.01457486726,
242426439,-0.03191353265,0.01847297473,
242626459,-0.02979293459,0.02169628846,
242826478,-0.02611199521,0.02362499185,
243026498,-0.02266479065,0.02395215732,
243226518,-0.01942893135,0.0223392895,
243426538,-0.01748155163,0.01963639302,
243626557,-0.01689203907,0.016926492,
243826577,-0.01829111992,0.01484705392,
244026597,-0.02068358303,0.0135795398,
244226617,-0.02353913123,0.01408024654,
244426636,-0.02538369633,0.0160514884,
244626656,-0.02656700239,0.01924353692,
244826676,-0.02571168386,0.02300407114,
245026696,-0.02349810192,0.02640763124,
245226715,-0.01911449922,0.02815302354,
245426735,-0.01493251323,0.02855586724,
245626755,-0.0106194757,0.02684440768,
245826775,-0.00746887266,0.0240578706,
246026794,-0.00570883474,0.01973584603,
246226814,-0.006190297568,0.01598971616,
246426834,-0.00850272738,0.012690831,
246626854,-0.01145493015,0.0114030289,
246826873,-0.01446841919,0.01134220418,
247026893,-0.01686839866,0.01371678158,
247226913,-0.01809515266,0.01635523382,
247426933,-0.01731440913,0.01922433484,
247626952,-0.01543806246,0.02221538765,
247826972,-0.01221714228,0.02373733895,
248026992,-0.008314134148,0.02377151471,
248227012,-0.004737283351,0.02243597186,
248427031,-0.002330075527,0.01961960703,
248627051,-0.0008700859733,0.01647346168,
248827071,-0.0004802852292,0.01347212327,
249027091,-0.001538418683,0.01088235292,
249227110,-0.00326892341,0.009582855816,
249427130,-0.004872595947,0.009014815647,
249627150,-0.005337006884,0.008983757316,
249827170,-0.005137720997,0.008966995718,
250027189,-0.004032515558,0.00856378123,
250227209,-0.002323433869,0.006981669601,
250427229,-0.00111436271,0.004208954696,
250627249,-0.001034672924,0.0003526238412,
250827268,-0.002402955932,-0.003870370046,
251027288,-0.00604671606,-0.007027479694,
251227308,-0.01080873644,-0.009416319484,
251427328,-0.01627898059,-0.009719593208,
251627347,-0.02170744818,-0.007805973892,
251827367,-0.02653408939,-0.004158741519,
252027387,-0.02873548315,0.001407855847,
252227407,-0.02894946814,0.007431369394,
252427426,-0.02680799177,0.01297007505,
252627446,-0.02249514391,0.01683686667,
252827466,-0.01669266672,0.01787879214,
253027486,-0.01107653795,0.01658957329,
253227505,-0.007246183857,0.0128717475,
253427525,-0.005815705233,0.007956659504,
253627545,-0.00559812684,0.002854747969,
253827565,-0.008910085286,-0.002582787567,
254027584,-0.01448668402,-0.00545887594,
254227604,-0.02042940704,-0.005202297757,
254427624,-0.02616684427,-0.002603888439,
254627644,-0.0295462403,0.002427052305,
254827663,-0.03126060768,0.008678513798,
255027683,-0.0296938424,0.01495734754,
255227703,-0.02593447145,0.02021191167,
255427723,-0.020201957,0.02315487699,
255627742,-0.0134782896,0.02364347756,
255827762,-0.007961145898,0.02175443433,
256027782,-0.003076915498,0.017592456,
256227802,-0.0008232210847,0.01267967339,
256427821,-0.0005204849302,0.00783392999,
256627841,-0.002085776013,0.003996646156,
256827861,-0.004329150524,0.001317415146,
257027881,-0.006610494605,7.530733852e-05,
257227900,-0.008643286707,-0.0002342399364,
257427920,-0.009212047577,8.206282908e-05,
257627940,-0.009198589606,0.0005917703445,
257827960,-0.008259229308,0.0002260165648,
258027979,-0.007454448147,-0.001849910121,
258227999,-0.006868764799,-0.005224463168,
258428019,-0.007602658522,-0.008994361153,
258628039,-0.0099816756,-0.01330979323,
258828058,-0.01419364436,-0.01673990817,
259028078,-0.01994015733,-0.01878980882,
259228098,-0.02595061018,-0.01864237561,
259428118,-0.03223114162,-0.01702217049,
259628137,-0.03745693552,-0.01293708121,
259828157,-0.0401772309,-0.007097858022,
260028177,-0.04117341115,-0.001638692737,
260228197,-0.0399347591,0.003315524643,
260428216,-0.03796853421,0.006946526881,
260628236,-0.03484501911,0.009276252333,
260828256,-0.03184973993,0.009139915094,
261028276,-0.03014163149,0.008004720698,
261228295,-0.03028772916,0.006171831217,
261428315,-0.03174063213,0.004974367814,
261628335,-0.03441428079,0.005253872589,
261828355,-0.03745857469,0.006827646675,
262028374,-0.03907796404,0.01031900496,
262228394,-0.03982846306,0.01509214144,
262428414,-0.03854481831,0.02023140958,
262628434,-0.03455005321,0.02481506036,
262828453,-0.02953418907,0.02804643623,
263028473,-0.0235384718,0.02896417126,
263228493,-0.01736530643,0.02708267611,
263428513,-0.01244552315,0.02322559627,
263628532,-0.009259141145,0.01776005121,
263828552,-0.009532010758,0.0111920143,
264028572,-0.01092223292,0.00594030946,
264228592,-0.01393144745,0.001693025668,
264428611,-0.01977041187,-9.654083263e-05,
264628631,-0.02452100812,0.0003058667333,
264828651,-0.02849865857,0.002033875136,
265028671,-0.03127274734,0.004929867753,
265228690,-0.0321822586,0.008434188139,
265428710,-0.03170873522,0.01159993156,
265628730,-0.03026529352,0.01376137794,
265828750,-0.02838939138,0.01477774136,
266028769,-0.02714872802,0.01462930545,
266228789,-0.02621064403,0.01378676677,
266428809,-0.02619649571,0.01294633475,
266628829,-0.02725087317,0.01230317753,
266828849,-0.02849560798,0.01260664342,
267028868,-0.02991066594,0.01385269994,
267228888,-0.03031651785,0.01589986188,
267428908,-0.02996252572,0.01803475863,
267628928,-0.02869468864,0.01996754517,
267828947,-0.02620062802,0.02070458727,
268028967,-0.0238344914,0.02067570343,
268228987,-0.02145719869,0.01923660845,
268429007,-0.02019091927,0.01706057615,
268629026,-0.02037287924,0.01438392441,
268829046,-0.02220615773,0.01192136519,
269029066,-0.02494489274,0.01049587586,
269229086,-0.02848109605,0.01064707484,
269429105,-0.03180092622,0.01215685657,
269629125,-0.03408773426,0.01517914772,
269829145,-0.03513201892,0.01913809924,
270029165,-0.03444412927,0.02333699275,
270229184,-0.03210292072,0.0272133934,
270429204,-0.02914226571,0.02955256449,
270629224,-0.02446368291,0.0303400823,
270829244,-0.02070307193,0.02940878422,
271029263,-0.01825232548,0.02695979717,
271229283,-0.01710085841,0.02448862138,
271429303,-0.01740856636,0.02207216228,
271629323,-0.01903742926,0.02068356328,
271829342,-0.02123573796,0.02053720499,
272029362,-0.02299028759,0.0218950889,
272229382,-0.0238671384,0.02444698966,
272429402,-0.02301686227,0.02781090384,
272629421,-0.02088319504,0.03040628422,
272829441,-0.01688517631,0.0322070119,
273029461,-0.01183157343,0.03231528138,
273229481,-0.006982617284,0.03071182471,
273429500,-0.002889956667,0.02672852654,
273629520,-0.0003767460624,0.02150594894,
273829540,-0.0001552768916,0.01566726066,
274029560,-0.001774455861,0.01046009518,
274229579,-0.005815153643,0.00680085671,
274429599,-0.009284740826,0.003535540298,
274629619,-0.01326823438,0.002219947758,
274829639,-0.01795135044,0.00300121,
275029658,-0.02133394615,0.004687485596,
275229678,-0.02341586791,0.00655395445,
275429698,-0.02408820572,0.008390977025,
275629718,-0.02450536751,0.009220234284,
275829737,-0.02466333839,0.009490014752,
276029757,-0.02524546238,0.009198155181,
276229777,-0.02714012976,0.008469009863,
276429797,-0.02950399761,0.007900314887,
276629816,-0.03241306479,0.008808569164,
276829836,-0.035763676,0.01047970996,
277029856,-0.03918365526,0.01317858948,
277229876,-0.04098293722,0.01744473328,
277429895,-0.04182280059,0.02239544687,
277629915,-0.04099600217,0.02735310868,
277829935,-0.03893950258,0.03156003731,
278029955,-0.03563603095,0.03474265819,
278229974,-0.03281406947,0.03654405779,
278429994,-0.02904856959,0.0366626211,
278630014,-0.02719786895,0.03676800992,
278830034,-0.02562002454,0.03587763157,
279030053,-0.02541004761,0.03553871827,
279230073,-0.02593907359,0.03596330806,
279430093,-0.02620128114,0.03739327674,
279630113,-0.02620849433,0.04011965877,
279830132,-0.02545429866,0.04339013407,
280030152,-0.02275096314,0.04699178433,
280230172,-0.01868470462,0.04939052279,
280430192,-0.01360506256,0.05106816109,
280630211,-0.008077885528,0.05084998427,
280830231,-0.002996332561,0.04913762941,
281030251,0.001283912172,0.04552543528,
281230271,0.004311790397,0.04130153459,
281430290,0.005138823918,0.03747954923,
281630310,0.004868672522,0.0337694946,
281830330,0.003693671378,0.03115938398,
282030350,0.002364210333,0.02948955996,
282230369,0.001373033899,0.02949986495,
282430389,0.0005346341964,0.03011456738,
282630409,0.001434183343,0.03100594477,
282830429,0.003192828661,0.03158897654,
283030448,0.00556581771,0.03097073767,
283230468,0.008217416452,0.02891518247,
283430488,0.01004366756,0.02581725997,
283630508,0.01099510173,0.02229936621,
283830527,0.01039986759,0.01817946001,
284030547,0.008473300583,0.01490321675,
284230567,0.00567315023,0.01261634003,
284430587,0.002520951551,0.01168861752,
284630606,-0.0004892150582,0.01223235509,
284830626,-0.00249720595,0.01368001396,
285030646,-0.002832303853,0.01581359961,
285230666,-0.002370354438,0.01737792977,
285430685,-0.0008941405005,0.01843389474,
285630705,0.001241652635,0.0181866728,
285830725,0.003021190859,0.01667738599,
286030745,0.00372217151,0.01399368006,
286230764,0.003581098489,0.0110229741,
286430784,0.001899649504,0.008205965207,
286630804,-0.0008864527916,0.006291102855,
286830824,-0.004625581702,0.006274181237,
287030843,-0.007887775612,0.006845197913,
287230863,-0.01046030866,0.008005091466,
287430883,-0.01175471381,0.01027503395,
287630903,-0.01133405826,0.01350558045,
287830922,-0.01013170206,0.01557148326,
288030942,-0.008157527898,0.01650370952,
288230962,-0.006322304267,0.01642731839,
288430982,-0.004660043991,0.01487266966,
288631001,-0.004395247249,0.01271984203,
288831021,-0.005838393966,0.01054249446,
289031041,-0.008256694501,0.008843363907,
289231061,-0.01090198812,0.008009780194,
289431080,-0.01396119275,0.008116176019,
289631100,-0.01674944038,0.01099173128,
289831120,-0.01846379711,0.0145050489,
290031140,-0.01888929857,0.01817839894,
290231159,-0.01825940736,0.02215858541,
290431179,-0.01624420918,0.02485667152,
290631199,-0.01327086486,0.02682741048,
290831219,-0.01032408767,0.02763174595,
291031238,-0.007417318657,0.02751477119,
291231258,-0.00529408279,0.02641919689,
291431278,-0.004287527632,0.02526870238,
291631298,-0.00374415048,0.02438659715,
291831317,-0.00362073841,0.02406567381,
292031337,-0.00323707942,0.02427391067,
292231357,-0.002487282958,0.02518355392,
292431377,-0.0009622230216,0.02577154672,
292631396,0.001469245136,0.02605888897,
292831416,0.004075064377,0.02526566408,
293031436,0.006730864746,0.02287217069,
293231456,0.008460507989,0.01999766097,
293431476,0.009494943741,0.01607863729,
293631495,0.008488810611,0.01193110072,
293831515,0.005965005825,0.008460139129,
294031535,0.002463137528,0.006239619609,
294231555,-0.001575181269,0.006087094368,
294431574,-0.006479004688,0.008019797144,
294631594,-0.009521038022,0.01048899292,
294831614,-0.00961323234,0.01458072883,
295031634,-0.008539434815,0.01842267109,
295231653,-0.006284619381,0.02186814228,
295431673,-0.00252975514,0.02352620653,
295631693,0.001668479281,0.02349912895,
295831713,0.005738816219,0.02172064711,
296031732,0.008170388946,0.01792744153,
296231752,0.009022669611,0.01409286409,
296431772,0.007767680293,0.01005168835,
296631792,0.005357363679,0.007043666541,
296831811,0.00219721568,0.005697009277,
297031831,-0.001297556412,0.006422648941,
297231851,-0.004006450507,0.008461528261,
297431871,-0.005571870491,0.01114577505,
297631890,-0.00465776264,0.01417363255,
297831910,-0.002867624616,0.01650314105,
298031930,0.0002163162473,0.01769071289,
298231950,0.003329998095,0.01709642042,
298431969,0.005920650275,0.01503920091,
298631989,0.007571860073,0.0120232885,
298832009,0.0074337506,0.008555773517,
299032029,0.006049682567,0.005609077485,
299232048,0.003305231553,0.003573189489,
299432068,0.0002808961916,0.002953989259,
299632088,-0.002571055545,0.004051673911,
299832108,-0.004574946399,0.0064050055,
300032127,-0.005219493941,0.008521173263,
300232147,-0.004231635878,0.01067051106,
300432167,-0.002153126347,0.01181233609,
300632187,-0.0002135269647,0.0116733807,
300832206,0.001457314402,0.01048412509,
301032226,0.00223058286,0.008128818025,
301232246,0.001311663135,0.005580725163,
301432266,-0.0007985432702,0.0036514227,
301632285,-0.004417084075,0.003472075387,
301832305,-0.007896839805,0.004865678126,
302032325,-0.01078147521,0.007290721405,
302232345,-0.01299385989,0.01121626089,
302432364,-0.01150798496,0.01683689465,
302632384,-0.008816884158,0.02154425549,
302832404,-0.00430103767,0.02516907692,
303032424,0.001821593326,0.02656650294,
303232443,0.008068070876,0.02568765592,
303432463,0.01363576578,0.02239238916,
303632483,0.01736346522,0.01723712278,
303832503,0.01906468396,0.01121747407,
304032522,0.01814540438,0.005285386792,
304232542,0.01548145814,0.0003765670212,
304432562,0.01129652513,-0.002963585396,
304632582,0.007023535927,-0.003510295307,
304832601,0.002923844864,-0.00251037438,
305032621,0.0004311409926,2.485671025e-06,
305232641,1.399498297e-05,0.003022417268,
305432661,0.001084311078,0.005814271967,
305632680,0.00392565104,0.007304697575,
305832700,0.006753162486,0.007054406864,
306032720,0.009491464278,0.005464663748,
306232740,0.01126588155,0.002244193939,
306432759,0.01141129363,-0.001360983051,
306632779,0.009856528734,-0.004899122187,
306832799,0.007040739037,-0.007377546622,
307032819,0.003946206241,-0.008500082549,
307232838,0.0005750424163,-0.007930979898,
307432858,-0.002178316252,-0.006035967416,
307632878,-0.003140764231,-0.003708698793,
307832898,-0.002602036489,-0.001050304795,
308032917,-0.000789032034,0.0004113036155,
308232937,0.001259864149,0.0008187797723,
308432957,0.004272143171,-0.000104922643,
308632977,0.00622568415,-0.002242409808,
308832996,0.006727593625,-0.005673987508,
309033016,0.005479641894,-0.008917087912,
309233036,0.003247298821,-0.01191590123,
309433056,-0.0002006749124,-0.01379346464,
309633075,-0.003908160662,-0.01417519407,
309833095,-0.007508392196,-0.01306965152,
310033115,-0.00991040322,-0.01121624355,
310233135,-0.01156419427,-0.008320388738,
310433154,-0.01166264837,-0.005555806047,
310633174,-0.01066654496,-0.003635413943,
310833194,-0.009184474585,-0.002270730499,
311033214,-0.007842528545,-0.001853240465,
311233233,-0.007084694625,-0.002290660915,
311433253,-0.006815545285,-0.003255257048,
311633273,-0.007382284749,-0.003763259738,
311833293,-0.00848364872,-0.003585695857,
312033312,-0.009180995173,-0.002530777063,
312233332,-0.009097795039,-0.0002336404925,
312433352,-0.008738935392,0.001856562098,
312633372,-0.007541605699,0.003926407581,
312833391,-0.004493706621,0.004560562226,
313033411,-0.001083123804,0.003789979827,
313233431,0.002696084141,0.002249114138,
313433451,0.005159834145,-0.00099586851,
313633470,0.00675016549,-0.005242001956,
313833490,0.006339431189,-0.009850315276,
314033510,0.004322729079,-0.0144515649,
314233530,0.0007486229269,-0.01771256881,
314433549,-0.003859027985,-0.01981799661,
314633569,-0.008573903181,-0.01989911315,
314833589,-0.01262603933,-0.01848359252,
315033609,-0.01549296475,-0.01582857362,
315233628,-0.0166515733,-0.01256486019,
315433648,-0.01698014644,-0.009762564188,
315633668,-0.01554642917,-0.007927105183,
315833688,-0.01427980393,-0.00721037789,
316033707,-0.01296655501,-0.007729954396,
316233727,-0.01224293199,-0.009074117779,
316433747,-0.01272135509,-0.01079546123,
316633767,-0.01451291746,-0.01180270877,
316833786,-0.01685211292,-0.01236941456,
317033806,-0.01961498948,-0.01129299008,
317233826,-0.02176916596,-0.009509130193,
317433846,-0.02336571321,-0.00634907406,
317633865,-0.02333717215,-0.002927958073,
317833885,-0.02220193242,-0.0002920589617,
318033905,-0.01989197745,0.001771755944,
318233925,-0.01604094807,0.002403671526,
318433944,-0.01349583893,0.002206929724,
318633964,-0.01141745672,0.0008802273313,
318833984,-0.01107181391,-0.001380649524,
319034004,-0.01177134837,-0.003954721238,
319234023,-0.0135538148,-0.005492167765,
319434043,-0.01554439268,-0.006044915868,
319634063,-0.01744232561,-0.004765379632,
319834083,-0.01875785647,-0.002725442849,
320034103,-0.01860200731,-0.0004354407341,
320234122,-0.01641142245,0.001763671644,
320434142,-0.01395144135,0.003623343753,
320634162,-0.01085930478,0.00414555941,
320834182,-0.007362676272,0.002966317673,
321034201,-0.004152924753,-0.001358325791,
321234221,-0.003273278955,-0.005920969244,
321434241,-0.004117795106,-0.01060655561,
321634261,-0.006559951377,-0.01507598932,
321834280,-0.01083361347,-0.01831069297,
322034300,-0.01604510719,-0.01977711696,
322234320,-0.02147377856,-0.01880209489,
322434340,-0.02609367132,-0.01670166814,
322634359,-0.02970810246,-0.01267118783,
322834379,-0.03094245947,-0.008452213599,
323034399,-0.03126523055,-0.004074402282,
323234419,-0.02980551425,-0.0009313911611,
323434438,-0.02762036176,0.001268410308,
323634458,-0.02550515393,0.002273453242,
323834478,-0.02358869667,0.002256647349,
324034498,-0.0229045564,0.001552638056,
324234517,-0.02321338065,0.0009004782303,
324434537,-0.02400917135,0.001024044685,
324634557,-0.02496095187,0.001753882099,
324834577,-0.02554103462,0.003727914465,
325034596,-0.02534547774,0.006167059662,
325234616,-0.02429430265,0.008540211112,
325434636,-0.02183780627,0.01039996736,
325634656,-0.01879555789,0.01163170093,
325834675,-0.01568517867,0.01065326916,
326034695,-0.01283751378,0.009300710549,
326234715,-0.01044640661,0.007316904156,
326434735,-0.009387113535,0.004748170207,
326634754,-0.009250425783,0.002069122654,
326834774,-0.01055082919,-0.0007000635877,
327034794,-0.0128794137,-0.002236442592,
327234814,-0.01502878686,-0.002209037201,
327434833,-0.01610983971,-0.001049306517,
327634853,-0.01634223662,0.0006086658531,
327834873,-0.01568105724,0.002043916433,
328034893,-0.01441341126,0.003141067575,
328234912,-0.01274980585,0.003494282046,
328434932,-0.01066678479,0.002989182043,
328634952,-0.00926076924,0.0009592456307,
328834972,-0.00917511484,-0.00260564139,
329034991,-0.01014545102,-0.005362390214,
329235011,-0.01237764086,-0.007081074686,
329435031,-0.01512121301,-0.008115736161,
329635051,-0.01802404722,-0.007524362852,
329835070,-0.02037092845,-0.005827225933,
330035090,-0.02127678435,-0.00331766123,
330235110,-0.02135255035,-0.0005974987501,
330435130,-0.01934883959,0.001607911095,
330635149,-0.01678376268,0.002629576951,
330835169,-0.01422895805,0.002946506524,
331035189,-0.01149509568,0.002056310738,
331235209,-0.01005219358,-0.000459781106,
331435228,-0.01015069708,-0.003823088575,
331635248,-0.01126210793,-0.006615512258,
331835268,-0.01350842871,-0.008268046093,
332035288,-0.01626922409,-0.008731330584,
332235307,-0.01883536511,-0.007878706574,
332435327,-0.02031665748,-0.005748108095,
332635347,-0.02041047551,-0.003290673862,
332835367,-0.01887103424,-0.0008853916233,
333035386,-0.01551783233,0.0006019021996,
333235406,-0.01234729819,0.0009701453604,
333435426,-0.00933883155,-0.0007430018013,
333635446,-0.007090699238,-0.004506440793,
333835465,-0.00591874605,-0.009062441981,
334035485,-0.006520987006,-0.01359835471,
334235505,-0.008661993805,-0.01766237789,
334435525,-0.01265856758,-0.02098690377,
334635544,-0.01734373787,-0.02255587785,
334835564,-0.02160102587,-0.02228957343,
335035584,-0.02579021566,-0.02042640506,
335235604,-0.02836033776,-0.01817564701,
335435623,-0.02977655463,-0.01533412131,
335635643,-0.02994979827,-0.01219642953,
335835663,-0.02920375151,-0.0108567463,
336035683,-0.02780826282,-0.01040989507,
336235702,-0.02700544245,-0.01077214379,
336435722,-0.02707511014,-0.01204704799,
336635742,-0.02800516459,-0.01314825863,
336835762,-0.02957274482,-0.01406319906,
337035781,-0.03196058242,-0.01371086318,
337235801,-0.03426975171,-0.01264102053,
337435821,-0.03635527665,-0.01090880438,
337635841,-0.0373995327,-0.008016021831,
337835860,-0.03670762324,-0.00552439643,
338035880,-0.03569160609,-0.003174950603,
338235900,-0.03348809106,-0.00224020419,
338435920,-0.03121628027,-0.001927430296,
338635939,-0.02972886262,-0.003218860324,
338835959,-0.02900256425,-0.005495554188,
339035979,-0.02964319923,-0.00777719007,
339235999,-0.03127136726,-0.009615311549,
339436018,-0.03425737524,-0.01071207474,
339636038,-0.03728420287,-0.01028438577,
339836058,-0.04015272137,-0.008529909368,
340036078,-0.0418655811,-0.006229900498,
340236097,-0.04287586634,-0.002381258749,
340436117,-0.04215549421,0.0008012114842,
340636137,-0.04007406308,0.003512121081,
340836157,-0.03713623411,0.005137737124,
341036176,-0.0343512491,0.004950689176,
341236196,-0.03185795444,0.003274427084,
341436216,-0.03036206572,0.001293073859,
341636236,-0.03054097482,-0.001621104291,
341836255,-0.0316304983,-0.004608729341,
342036275,-0.03369606907,-0.006246325965,
342236295,-0.03676149827,-0.007448303523,
342436315,-0.03983680635,-0.0070316937,
342636334,-0.04266389605,-0.006140426756,
342836354,-0.04418688666,-0.00382082626,
343036374,-0.04542768887,-0.002198017333,
343236394,-0.04593437624,-0.0001838107055,
343436413,-0.04606120876,0.001154560718,
343636433,-0.04626826372,0.002202387472,
343836453,-0.04737918334,0.002593573864,
344036473,-0.04871862694,0.003842611134,
344236492,-0.05037042537,0.005448140438,
344436512,-0.05205808503,0.007702366683,
344636532,-0.05360021156,0.01152555791,
344836552,-0.05343191573,0.01626953513,
345036571,-0.05235246868,0.02084291554,
345236591,-0.04887264123,0.02515084427,
345436611,-0.04505688918,0.02864083218,
345636631,-0.03867304148,0.03027118347,
345836650,-0.03314184408,0.03038319729,
346036670,-0.02809359618,0.02829033048,
346236690,-0.02420007758,0.02421836692,
346436710,-0.02237672363,0.01921953414,
346636729,-0.02243641092,0.01469008921,
346836749,-0.02486072606,0.01065039678,
347036769,-0.02802919045,0.008383183408,
347236789,-0.03225860613,0.007604755564,
347436809,-0.03573027506,0.008778254285,
347636828,-0.0380589296,0.01126581566,
347836848,-0.03878898655,0.01446303936,
348036868,-0.03766745794,0.01743367771,
348236888,-0.03581321346,0.01988385652,
348436907,-0.03328196868,0.02063079255,
348636927,-0.03080457328,0.02021905219,
348836947,-0.02903725187,0.01869328487,
349036967,-0.02869087857,0.01646512782,
349236986,-0.02941707682,0.01458393675,
349437006,-0.03154438051,0.01347442092,
349637026,-0.03436332616,0.0138985963,
349837046,-0.03634208204,0.01562650227,
350037065,-0.03813184181,0.0185931077,
350237085,-0.03758473461,0.02255353416,
350437105,-0.03624328462,0.02658218273,
350637125,-0.03219792596,0.02926595376,
350837144,-0.02764859457,0.03118483485,
351037164,-0.02274520858,0.0302690776,
351237184,-0.01823331976,0.02826539187,
351437204,-0.01491488815,0.02443900092,
351637223,-0.01332340256,0.01984172223,
351837243,-0.01364715375,0.0149540077,
352037263,-0.01635920419,0.01074526817,
352237283,-0.01929436061,0.007904848812,
352437302,-0.02273958992,0.007996971956,
352637322,-0.02584566025,0.008833525985,
352837342,-0.02821660764,0.01042322133,
353037362,-0.02930726835,0.01282053941,
353237381,-0.02928652359,0.0150922993,
353437401,-0.02772229928,0.01682401271,
353637421,-0.02645640123,0.01785232225,
353837441,-0.02498028557,0.017711873,
354037460,-0.02377349752,0.01678497588,
354237480,-0.02331057333,0.0157322953,
354437500,-0.02427792878,0.01475128919,
354637520,-0.02519862427,0.01470991716,
354837539,-0.0260922161,0.01527952766,
355037559,-0.02637356057,0.01679408464,
355237579,-0.02570199136,0.01839937696,
355437599,-0.02482046424,0.02007772344,
355637618,-0.02193622469,0.02073687096,
355837638,-0.01903590158,0.02057614858,
356037658,-0.01614433474,0.01933734053,
356237678,-0.01323675197,0.0166432013,
356437697,-0.0123892902,0.01294614989,
356637717,-0.01295213587,0.008700865762,
356837737,-0.01412817945,0.004949406293,
357037757,-0.01602402346,0.001802204553,
357237776,-0.02059140001,-3.362032262e-05,
357437796,-0.02489893459,-0.0001279725207,
357637816,-0.02812344623,0.0009716138625,
357837836,-0.03120341232,0.003398195079,
358037855,-0.03276135331,0.005699023994,
358237875,-0.03371223295,0.008614467771,
358437895,-0.03352232721,0.01113921505,
358637915,-0.03283963905,0.01301426737,
358837934,-0.0313323593,0.01444289442,
359037954,-0.03003659887,0.01523572459,
359237974,-0.02913455551,0.01551109883,
359437994,-0.02786005033,0.01580349474,
359638013,-0.02731232354,0.01602953195,
359838033,-0.02597895364,0.01638100467,
360038053,-0.02495397968,0.01653538893,
360238073,-0.02350009077,0.01657623979,
360438092,-0.0216129719,0.01610779788,
360638112,-0.02007695789,0.0146706515,
360838132,-0.01876707187,0.01214084525,
361038152,-0.01842111897,0.008671876549,
361238171,-0.01854254443,0.005323188851,
361438191,-0.02001626195,0.00269017366,
361638211,-0.02355872355,0.0007576734861,
361838231,-0.02739312407,-0.0001697484384,
362038250,-0.03148966376,0.0001429212136,
362238270,-0.03522427832,0.00180637944,
362438290,-0.03762498042,0.004872224148,
362638310,-0.03906114049,0.008512556453,
362838329,-0.0389191533,0.01220326544,
363038349,-0.03710859398,0.01522543167,
363238369,-0.03441504596,0.01711384796,
363438389,-0.03160176406,0.01762585648,
363638408,-0.02917015206,0.01692464952,
363838428,-0.02830197808,0.01485488086,
364038448,-0.02871184354,0.01310779807,
364238468,-0.02978210146,0.0112468141,
364438487,-0.03189967205,0.01046939879,
364638507,-0.0350197305,0.01161727119,
364838527,-0.03680970629,0.01420782722,
365038547,-0.03726666292,0.01761156087,
365238566,-0.03664290458,0.02150982722,
365438586,-0.03363046753,0.02523869081,
365638606,-0.02930733366,0.02752402632,
365838626,-0.02400505101,0.02799266445,
366038645,-0.01863597753,0.02615199059,
366238665,-0.01349361229,0.02245437546,
366438685,-0.01062740076,0.01695189857,
366638705,-0.01033118637,0.0108328084,
366838724,-0.01211092125,0.005165078193,
367038744,-0.01449172542,0.0001893144091,
367238764,-0.02023771289,-0.003657616844,
367438784,-0.02546465251,-0.005118522021,
367638803,-0.03067476943,-0.004384914311,
367838823,-0.03495818519,-0.00232911134,
368038843,-0.0372229189,0.0004520873251,
368238863,-0.03849260321,0.00315526315,
368438882,-0.03892366331,0.005882771672,
368638902,-0.0382193722,0.007488399942,
368838922,-0.03752039562,0.007501369059,
369038942,-0.03768262739,0.007792752839,
369238961,-0.03802818202,0.007114400983,
369438981,-0.03915803073,0.007016086266,
369639001,-0.04092901517,0.007712720098,
369839021,-0.04287383906,0.009192069213,
370039040,-0.04458029203,0.01119233528,
370239060,-0.04489636101,0.01360578329,
370439080,-0.04466829923,0.01721863082,
370639100,-0.04322268629,0.01929905388,
370839119,-0.04111408047,0.02126887426,
371039139,-0.03802553196,0.02199879545,
371239159,-0.03574616269,0.02163520625,
371439179,-0.03375803737,0.02041739494,
371639198,-0.03238838633,0.01898417728,
371839218,-0.03289895097,0.01693775903,
372039238,-0.03317342964,0.01599203685,
372239258,-0.03411197753,0.015587636,
372439277,-0.03484582733,0.01568074951,
372639297,-0.03544149625,0.01623641025,
372839317,-0.03482668429,0.01685409831,
373039337,-0.03348509322,0.0170694162,
373239356,-0.0319179775,0.01661836503,
373439376,-0.03002700725,0.01462769612,
373639396,-0.02893336227,0.01181777689,
373839416,-0.02940293421,0.007856893017,
374039436,-0.03116321106,0.003633152663,
374239455,-0.03534536462,-0.000506527244,
374439475,-0.04042730441,-0.002793516722,
374639495,-0.04730598257,-0.003438909075,
374839515,-0.05394273487,-0.002455591668,
375039534,-0.05986206634,0.0009823149997,
375239554,-0.06424741455,0.005980563508,
375439574,-0.06716935634,0.0125082318,
375639594,-0.06859464822,0.0195659904,
375839613,-0.06771930606,0.02602877,
376039633,-0.06523437445,0.03119339349,
376239653,-0.06144111277,0.03570180968,
376439673,-0.05679058699,0.03821155213,
376639692,-0.0529589903,0.03963501692,
376839712,-0.04984254061,0.03969082845,
377039732,-0.04717563383,0.03935615345,
377239752,-0.04565024484,0.03909085571,
377439771,-0.04430021919,0.03859955667,
377639791,-0.04296650909,0.03859477109,
377839811,-0.04188965581,0.03903073603,
378039831,-0.04081822861,0.03920722917,
378239850,-0.03889621204,0.03876711329,
378439870,-0.03771209145,0.03812510487,
378639890,-0.03626412843,0.03653322191,
378839910,-0.03565972832,0.03520307729,
379039929,-0.03566733503,0.03319816527,
379239949,-0.03671960868,0.0312929269,
379439969,-0.03891513344,0.03035001349,
379639989,-0.04043305665,0.0303415547,
379840008,-0.04269220707,0.03165808821,
380040028,-0.04439370765,0.03338239063,
380240048,-0.04508130863,0.03530819631,
380440068,-0.04402605883,0.03800657024,
380640087,-0.04275363401,0.03957003686,
380840107,-0.04087811942,0.04051325045,
381040127,-0.03897650226,0.04049065896,
381240147,-0.0377137958,0.03969456947,
381440166,-0.0376064195,0.03831555432,
381640186,-0.03838458104,0.03689609618,
381840206,-0.03947598689,0.03628946799,
382040226,-0.0420553261,0.03673165846,
382240245,-0.04487159638,0.0384423291,
382440265,-0.04710462215,0.04151919719,
382640285,-0.04676819979,0.04577483436,
382840305,-0.04606487979,0.05032923189,
383040324,-0.04236597155,0.05391499254,
383240344,-0.03869571544,0.05712794,
383440364,-0.03327784301,0.05763622622,
383640384,-0.02796730526,0.05711091273,
383840403,-0.02328118449,0.05419952286,
384040423,-0.01997744925,0.05075955151,
384240443,-0.01930992548,0.04675719878,
384440463,-0.01954974992,0.04192186287,
384640482,-0.02228187043,0.03862126568,
384840502,-0.02539514139,0.03674980481,
385040522,-0.02891858282,0.03715884471,
385240542,-0.03216654497,0.03825497234,
385440561,-0.03422323026,0.04081371984,
385640581,-0.03453378176,0.04379185281,
385840601,-0.03345649297,0.04682549067,
386040621,-0.0321861483,0.04926710173,
386240640,-0.02996676804,0.05033534633,
386440660,-0.02749595536,0.05107781093,
386640680,-0.0256220136,0.05049637819,
386840700,-0.02432605899,0.04973776789,
387040719,-0.02365947801,0.04928622315,
387240739,-0.02369182002,0.04882876596,
387440759,-0.02368571607,0.04901973122,
387640779,-0.02321336747,0.05008468496,
387840798,-0.02201146033,0.05148927951,
388040818,-0.01992604142,0.05224035163,
388240838,-0.01765383239,0.0531708663,
388440858,-0.01427835235,0.05259929168,
388640877,-0.01130297623,0.05045136891,
388840897,-0.008549910296,0.04739301232,
389040917,-0.006732894315,0.04427324289,
389240937,-0.00682212302,0.03993106617,
389440956,-0.008346466818,0.03584464331,
389640976,-0.01128841318,0.03319571412,
389840996,-0.01433803369,0.03166160325,
390041016,-0.01801559685,0.03170711394,
390241035,-0.02070577567,0.03272800921,
390441055,-0.02280270066,0.03454873201,
390641075,-0.02330758106,0.03638556626,
390841095,-0.02335122443,0.03856809406,
391041114,-0.02271732777,0.03945537767,
391241134,-0.02199434389,0.03975523626,
391441154,-0.02152971993,0.03912607409,
391641174,-0.02142559091,0.03836625364,
391841193,-0.02309074863,0.03792367622,
392041213,-0.02510291685,0.03794644844,
392241233,-0.02775491294,0.03860559776,
392441253,-0.02986899174,0.04122742298,
392641272,-0.03120905505,0.04451889407,
392841292,-0.03078478074,0.04824837493,
393041312,-0.02976535463,0.05252317884,
393241332,-0.02649930262,0.05649574767,
393441351,-0.02227948888,0.05907903569,
393641371,-0.01727242262,0.05992115657,
393841391,-0.01222988665,0.05896893119,
394041411,-0.007617576198,0.05653094023,
394241430,-0.004270814231,0.05289503136,
394441450,-0.00216070638,0.0489780131,
394641470,-0.001713121399,0.04454915754,
394841490,-0.00259282354,0.04045086074,
395041509,-0.004374235412,0.03722948529,
395241529,-0.006895390483,0.03543086578,
395441549,-0.009113818289,0.03406167656,
395641569,-0.01147456127,0.03347045579,
395841588,-0.01360203885,0.03368787933,
396041608,-0.01527690014,0.03354031202,
396241628,-0.01733933692,0.03312068826,
396441648,-0.01971098208,0.03329435606,
396641667,-0.02260726097,0.03331098331,
396841687,-0.02532672236,0.03443620037,
397041707,-0.02929181373,0.0370382219,
397241727,-0.03237715978,0.04098109735,
397441746,-0.0353051335,0.04578723147,
397641766,-0.03592689557,0.0516733709,
397841786,-0.03500080383,0.05886772418,
398041806,-0.0319547946,0.06530607172,
398241825,-0.02622346799,0.07058450211,
398441845,-0.01983475805,0.07510982209,
398641865,-0.01193287872,0.07641375041,
398841885,-0.003837503827,0.0757469935,
399041904,0.00372217955,0.07331744025,
399241924,0.01018278458,0.06891047173,
399441944,0.01420539242,0.06280969781,
399641964,0.01691802362,0.05682319488,
399841983,0.01716206822,0.05079727576,
400042003,0.01570439433,0.04568362894,
400242023,0.01413960545,0.04192139968,
400442043,0.01203028055,0.03985475595,
400642063,0.009886286773,0.03819643728,
400842082,0.008311931894,0.03744175091,
401042102,0.007497622398,0.03738231393,
401242122,0.007109500131,0.03645128141,
401442142,0.006626488207,0.03579786821,
401642161,0.006730511338,0.03491068222,
401842181,0.006396359122,0.03387845923,
402042201,0.00534860652,0.03285953189,
402242221,0.004313793188,0.03148710441,
402442240,0.002996759285,0.03043856598,
402642260,0.001485635382,0.03019742415,
402842280,0.0006243615561,0.03075613544,
403042300,0.0004753697012,0.03133768233,
403242319,0.0003465591334,0.03157350525,
403442339,0.0006100550482,0.03130380542,
403642359,0.001047258911,0.03067331482,
403842379,0.001654335996,0.03005357792,
404042398,0.001172089294,0.02831236083,
404242418,0.0003761296286,0.02690885114,
404442438,-0.001244108055,0.02535148512,
404642458,-0.003215161165,0.02462542375,
404842477,-0.005581535939,0.02421367516,
405042497,-0.007574701117,0.02496281893,
405242517,-0.009457024139,0.02636977607,
405442537,-0.01051974577,0.02770659687,
405642556,-0.01066386055,0.02950577355,
405842576,-0.01025174546,0.03025102876,
406042596,-0.009968371713,0.0307012424,
406242616,-0.009664919207,0.03074300457,
406442635,-0.01000941154,0.02974515684,
406642655,-0.01068541486,0.02877307544,
406842675,-0.01291318386,0.02836022741,
407042695,-0.01568855104,0.02843680703,
407242714,-0.01875127242,0.02987912559,
407442734,-0.02160519252,0.03267560577,
407642754,-0.02383394143,0.0363456414,
407842774,-0.02483062443,0.04128147356,
408042793,-0.02417566816,0.04584346438,
408242813,-0.02216986276,0.05100582212,
408442833,-0.0185104594,0.05461364384,
408642853,-0.01388997111,0.05770288144,
408842872,-0.00892781041,0.0588759761,
409042892,-0.00420767868,0.05866903905,
409242912,-0.0001654225414,0.05767222496,
409442932,0.003603978689,0.05545745776,
409642951,0.00544834589,0.05280749046,
409842971,0.007494525935,0.05073628823,
410042991,0.008542504938,0.04891566475,
410243011,0.009574815811,0.04733050009,
410443030,0.01065697647,0.04568562407,
410643050,0.01189544954,0.04477334012,
410843070,0.01309996568,0.04297120386,
411043090,0.01476318719,0.04103030656,
411243109,0.01603606019,0.03808391611,
411443129,0.01645005714,0.03477781795,
411643149,0.01567320827,0.03098056933,
411843169,0.01429247666,0.02797551559,
412043188,0.01200079342,0.02616757104,
412243208,0.008790833165,0.02465244387,
412443228,0.005759863318,0.02455449438,
412643248,0.003136980625,0.02567424195,
412843267,0.001682054056,0.02796428782,
413043287,0.001436765518,0.02990910211,
413243307,0.002418447221,0.03214843482,
413443327,0.004287279497,0.03287612561,
413643346,0.006569897938,0.03277238208,
413843366,0.008933735775,0.03171402326,
414043386,0.0105598428,0.02924506061,
414243406,0.0106474551,0.02565181517,
414443425,0.01014442853,0.02275791151,
414643445,0.007947366497,0.01993446089,
414843465,0.005252413127,0.01814547173,
415043485,0.002243223094,0.01777643961,
415243504,-0.0007961283744,0.01834848268,
415443524,-0.002917065752,0.01988713472,
415643544,-0.003687971547,0.02203061251,
415843564,-0.003720504056,0.02381223475,
416043583,-0.003281054914,0.0247397365,
416243603,-0.001765730062,0.02503920901,
416443623,-0.001119540181,0.02384920045,
416643643,-0.001051833806,0.02222093165,
416843662,-0.001878704836,0.01990280732,
417043682,-0.003964620846,0.01786523547,
417243702,-0.007167863701,0.01665594203,
417443722,-0.0112964437,0.01715034802,
417643741,-0.01532292206,0.01856602909,
417843761,-0.01904142412,0.02182959213,
418043781,-0.0217530816,0.02597581463,
418243801,-0.0228881068,0.03090414016,
418443820,-0.0224795372,0.036248594,
418643840,-0.02109877491,0.04077662215,
418843860,-0.01793779968,0.04431217172,
419043880,-0.01433007713,0.04711402571,
419243899,-0.01086253906,0.04868500438,
419443919,-0.006898323182,0.04857998485,
419643939,-0.003595434236,0.04830038979,
419843959,-0.0006747369553,0.04742585593,
420043978,0.0008598061923,0.04621058313,
420243998,0.002843011166,0.04520808791,
420444018,0.004614619984,0.04359261111,
420644038,0.005864826877,0.0424735374,
420844057,0.006951458086,0.0406405504,
421044077,0.007780882282,0.03908698193,
421244097,0.008356086722,0.03654847889,
421444117,0.008545655223,0.03451268737,
421644136,0.006878193697,0.03210824407,
421844156,0.005425896201,0.03027745716,
422044176,0.002923499942,0.02934409571,
422244196,0.0004712502794,0.02983129157,
422444215,-0.002468672747,0.03163330641,
422644235,-0.004115331892,0.03395289201,
422844255,-0.00530344401,0.03718137989,
423044275,-0.004885801664,0.04111796661,
423244294,-0.003100120687,0.04433717194,
423444314,-0.0003105254354,0.0474935427,
423644334,0.003412115096,0.04926880883,
423844354,0.007374456844,0.04976070667,
424044373,0.01180323568,0.04889490251,
424244393,0.01525449395,0.04696737775,
424444413,0.01810801428,0.04457933634,
424644433,0.02001556456,0.04237651426,
424844452,0.02159373831,0.0397074775,
425044472,0.02229430773,0.03728895194,
425244492,0.02320849838,0.03570899479,
425444512,0.02441031838,0.03358430645,
425644531,0.02558189506,0.03142034653,
425844551,0.02690721477,0.02878980216,
426044571,0.02842233502,0.02579579601,
426244591,0.02922843021,0.02164133019,
426444610,0.02887300852,0.0168443048,
426644630,0.0271090837,0.01168440679,
426844650,0.02477467956,0.007106003574,
427044670,0.0200239778,0.003069498223,
427244690,0.01470289409,0.0006241607354,
427444709,0.008823896748,-0.0002586640816,
427644729,0.003581952974,0.0007690511428,
427844749,-0.001122823079,0.003064756787,
428044769,-0.004379094602,0.006759559213,
428244788,-0.006458678523,0.01046957651,
428444808,-0.006327334835,0.01450785121,
428644828,-0.005735770155,0.01721001885,
428844848,-0.00440617124,0.01921020751,
429044867,-0.002979663351,0.0199474676,
429244887,-0.002017694072,0.019870519,
429444907,-0.002185802365,0.01917084719,
429644927,-0.002544309861,0.01881568243,
429844946,-0.004188308662,0.01864225949,
430044966,-0.005473952912,0.01968312459,
430244986,-0.006754986148,0.02115968639,
430445006,-0.007766533006,0.02317776142,
430645025,-0.007393438171,0.02592545235,
430845045,-0.006179063159,0.02846277688,
431045065,-0.003608537122,0.03024092747,
431245085,-0.001455094374,0.03086755164,
431445104,0.001308615815,0.03032512968,
431645124,0.003038262543,0.02934716009,
431845144,0.00430317269,0.02717918279,
432045164,0.004499676182,0.02541139686,
432245183,0.003577984437,0.02339925278,
432445203,0.002382932584,0.02285155806,
432645223,0.0009023077475,0.02278728505,
432845243,-0.0001264247538,0.02386616617,
433045262,-0.0007876143945,0.02492308499,
433245282,-0.000351977309,0.02675985437,
433445302,0.0009125990372,0.02738110639,
433645322,0.002769760533,0.02806545561,
433845341,0.004982703242,0.0275303528,
434045361,0.006110911363,0.02550193166,
434245381,0.007239653444,0.02375218708,
434445401,0.007130028156,0.02079323192,
434645420,0.005776366051,0.01869430354,
434845440,0.003807797265,0.01759721828,
435045460,0.001406204225,0.01685427138,
435245480,-0.001197741632,0.01769475095,
435445499,-0.002808905357,0.01938050966,
435645519,-0.00366263066,0.021055151,
435845539,-0.003430872095,0.02346563062,
436045559,-0.002860610029,0.02502923613,
436245578,-0.00111900625,0.02569310657,
436445598,0.0003690818778,0.0255512804,
436645618,0.001539221079,0.02484807111,
436845638,0.001841516894,0.02321790708,
437045657,0.001010143387,0.02142710978,
437245677,-0.0005846070823,0.02045458111,
437445697,-0.002612194684,0.02032406299,
437645717,-0.00496625955,0.02160059699,
437845736,-0.006664802224,0.02364274855,
438045756,-0.007488725693,0.02699790316,
438245776,-0.00674858439,0.0303978852,
438445796,-0.005077179219,0.03280459929,
438645815,-0.001978507859,0.03533790422,
438845835,0.001498258636,0.0358019847,
439045855,0.005338549273,0.03569224287,
439245875,0.008512878126,0.03356672724,
439445894,0.01054812964,0.03103351732,
439645914,0.01211765682,0.02797225704,
439845934,0.01149244592,0.02423069161,
440045954,0.01044324038,0.02209741535,
440245973,0.008655763999,0.02035459565,
440445993,0.006674398795,0.0199010701,
440646013,0.004758199656,0.02017405576,
440846033,0.004093946699,0.02108286258,
441046052,0.004086190746,0.02237948267,
441246072,0.004472330758,0.02272397452,
441446092,0.005760661152,0.02306847949,
441646112,0.007055741049,0.02240795803,
441846131,0.0076168726,0.0207348856,
442046151,0.007902908786,0.01907478322,
442246171,0.007834806907,0.01733780318,
442446191,0.006814096308,0.01557624853,
442646210,0.005101244496,0.01440646578,
442846230,0.003115160561,0.01369494888,
443046250,0.0009045289096,0.01375245859,
443246270,-0.0004877199532,0.01442129921,
443446289,-0.001817745184,0.01515880432,
443646309,-0.002332257935,0.01578271954,
443846329,-0.002894322162,0.0165081976,
444046349,-0.003407042077,0.01696514922,
444246368,-0.003803038803,0.01722653051,
444446388,-0.0047872353,0.01732910723,
444646408,-0.005929088873,0.01785331143,
444846428,-0.007806271445,0.01823867666,
445046447,-0.009133882322,0.02023436476,
445246467,-0.01018706897,0.0223216207,
445446487,-0.01091318926,0.02514306795,
445646507,-0.01042638067,0.02810390121,
445846526,-0.009309920865,0.03121676015,
446046546,-0.007238721322,0.03418892875,
446246566,-0.004066817688,0.03535649229,
446446586,-0.0009221699776,0.03612145476,
446646605,0.002418487728,0.03591025399,
446846625,0.005692110615,0.03537193585,
447046645,0.008209265798,0.03390260387,
447246665,0.009764124346,0.03171074534,
447446684,0.01111198452,0.02960257014,
447646704,0.0118680094,0.02746984147,
447846724,0.01289295687,0.02617284445,
448046744,0.01318597563,0.02407765261,
448246763,0.01404985893,0.02211076084,
448446783,0.01493312081,0.0200955681,
448646803,0.01545575203,0.01747035767,
448846823,0.01554389731,0.01390772892,
449046842,0.01513570364,0.01047115392,
449246862,0.01332730837,0.006718434108,
449446882,0.009962287534,0.003023291298,
449646902,0.005722397222,0.0002473016746,
449846921,0.001132093288,-0.001078163909,
450046941,-0.004527161135,-0.001186793902,
450246961,-0.00902551772,0.0005763993912,
450446981,-0.01369084505,0.004117049966,
450647000,-0.01706365443,0.007367386086,
450847020,-0.01762732449,0.01168048576,
451047040,-0.01772206581,0.01565636524,
451247060,-0.01675267531,0.0189758475,
451447079,-0.01503875872,0.02097368681,
451647099,-0.01312243796,0.02212853232,
451847119,-0.01178641933,0.02219785388,
452047139,-0.01097333484,0.02174854646,
452247158,-0.01083111199,0.02120005729,
452447178,-0.01184461215,0.0203626014,
452647198,-0.01325891315,0.02018678332,
452847218,-0.01472114998,0.02104382604,
453047237,-0.01607098633,0.02223749379,
453247257,-0.01714880636,0.02391475666,
453447277,-0.01788885598,0.02579907635,
453647297,-0.01812738429,0.02769466244,
453847317,-0.01790681948,0.02929570947,
454047336,-0.01764426864,0.03070982644,
454247356,-0.0176989264,0.03220805352,
454447376,-0.01812955622,0.03364318552,
454647396,-0.01860036398,0.03511510279,
454847415,-0.01904877313,0.03776881278,
455047435,-0.01876307869,0.04036485917,
455247455,-0.01840601549,0.04342195626,
455447475,-0.0171669449,0.04717680343,
455647494,-0.01456672643,0.05085771691,
455847514,-0.0112196697,0.05404602942,
456047534,-0.006618098755,0.05598137394,
456247554,-0.001542112395,0.05721872151,
456447573,0.003572359008,0.05647731816,
456647593,0.008436388829,0.05483043897,
456847613,0.0115307312,0.05206109393,
457047633,0.01481221759,0.0487610686,
457247652,0.01593187668,0.045431846,
457447672,0.01600304453,0.04199555349,
457647692,0.01538937188,0.03970107583,
457847712,0.0146469907,0.03885626639,
458047731,0.01379766907,0.03812261318,
458247751,0.01375754481,0.03870117371,
458447771,0.01414424553,0.03945892196,
458647791,0.01579072986,0.03990155362,
458847810,0.01789532128,0.04004879648,
459047830,0.02033944371,0.03941199469,
459247850,0.02356681519,0.03787275542,
459447870,0.02512350852,0.03546487163,
459647889,0.02660883638,0.03245748625,
459847909,0.02792562125,0.02927892144,
460047929,0.02794053891,0.02649791601,
460247949,0.02768855149,0.02370475037,
460447968,0.0270598131,0.02076439312,
460647988,0.02642792064,0.01887002962,
460848008,0.02612006937,0.01660558542,
461048028,0.02550871841,0.01419835245,
461248047,0.02474545009,0.01214868052,
461448067,0.02380860723,0.009442044018,
461648087,0.02266263453,0.006358586481,
461848107,0.02081171141,0.003370759053,
462048126,0.01785870938,0.000581516983,
462248146,0.01396335125,-0.001756580296,
462448166,0.009446468387,-0.003341966927,
462648186,0.004646323063,-0.003753298717,
462848205,-0.0001430189561,-0.002900256683,
463048225,-0.004515658688,-0.001319656698,
463248245,-0.007858160334,0.001430647351,
463448265,-0.01055672328,0.004731725855,
463648284,-0.01205109005,0.008172785589,
463848304,-0.01317720103,0.01143877037,
464048324,-0.01359494244,0.01484052838,
464248344,-0.01337883642,0.01725114749,
464448363,-0.01365050701,0.0199850986,
464648383,-0.01316792229,0.02233877092,
464848403,-0.01256473779,0.02498790495,
465048423,-0.01185369426,0.02733168869,
465248442,-0.01070934202,0.02990898181,
465448462,-0.008803896076,0.03220873446,
465648482,-0.006146362917,0.03416231264,
465848502,-0.002682291449,0.03578833841,
466048521,0.001277880244,0.03594091122,
466248541,0.004607441981,0.0343720432,
466448561,0.0079522735,0.03250378009,
466648581,0.009868477557,0.02908316903,
466848600,0.01080800329,0.02546796521,
467048620,0.01047213376,0.0218336138,
467248640,0.008406950265,0.01813268874,
467448660,0.005527976909,0.01581097159,
467648679,0.002070983539,0.01451229969,
467848699,-0.001733064504,0.01480993536,
468048719,-0.004565767194,0.01612467278,
468248739,-0.006756668863,0.0183588701,
468448758,-0.007967695104,0.02064394284,
468648778,-0.008329053915,0.02295750061,
468848798,-0.007819983179,0.02488149024,
469048818,-0.007379380694,0.02638925122,
469248837,-0.006813567998,0.02683353317,
469448857,-0.007042268743,0.02683085346,
469648877,-0.007309588333,0.02722596298,
469848897,-0.008243324184,0.02744229756,
470048916,-0.0097296488,0.02853824352,
470248936,-0.01101123424,0.02994867154,
470448956,-0.01213448046,0.03291807472,
470648976,-0.01245792549,0.03564333341,
470848995,-0.01177818697,0.03849190725,
471049015,-0.01087508654,0.04158440397,
471249035,-0.008677653806,0.04384408539,
471449055,-0.006697235317,0.04562810827,
471649074,-0.004502401806,0.04626034907,
471849094,-0.002949247249,0.04690559434,
472049114,-0.00154662259,0.04703357587,
472249134,-0.001262296067,0.04807095222,
472449153,-0.0008565592038,0.04906556802,
472649173,4.052470522e-05,0.0512205404,
472849193,0.001127073128,0.05425910324,
473049213,0.003264662362,0.05723353856,
473249232,0.006257266422,0.06042497317,
473449252,0.01072421332,0.06300905723,
473649272,0.01672605486,0.06383674303,
473849292,0.02349671182,0.06381124863,
474049311,0.02970562991,0.06188783981,
474249331,0.03587303176,0.05806357564,
474449351,0.04086620439,0.05329782316,
474649371,0.04383771027,0.04764061061,
474849390,0.04530674421,0.04128018046,
475049410,0.0452571147,0.03550215948,
475249430,0.04394766243,0.03051437261,
475449450,0.04174480508,0.0264178936,
475649469,0.04028589326,0.02360771454,
475849489,0.03725121029,0.02158855354,
476049509,0.03584697651,0.02028218882,
476249529,0.03483882997,0.01923569876,
476449548,0.03366153944,0.01789997153,
476649568,0.03314983298,0.01641553023,
476849588,0.03220927991,0.01465006732,
477049608,0.03088907309,0.01263376603,
477249627,0.02879359152,0.01108688607,
477449647,0.02580972132,0.009630931215,
477649667,0.0226984737,0.009046080713,
477849687,0.01975833718,0.009988993575,
478049706,0.01711228528,0.01174296917,
478249726,0.0153365284,0.01422875335,
478449746,0.01493271479,0.01772001165,
478649766,0.01536741387,0.02023611474,
478849785,0.01701587005,0.0227334259,
479049805,0.01948794632,0.02423880431,
479249825,0.02220833147,0.02510845812,
479449845,0.02476857243,0.02445105515,
479649864,0.0266628323,0.02318280095,
479849884,0.02817396682,0.02172603748,
480049904,0.02909417433,0.01967522062,
480249924,0.0296798581,0.01865720663,
480449944,0.02971710564,0.01683180237,
480649963,0.03038775679,0.01605314143,
480849983,0.03067480583,0.01506776813,
481050003,0.03165070803,0.01391840454,
481250023,0.03257459066,0.01230390246,
481450042,0.0337278064,0.01060927634,
481650062,0.03451593544,0.007656297279,
481850082,0.03464058532,0.004175793776,
482050102,0.03357840707,0.0002428928969,
482250121,0.0316083764,-0.003293588237,
482450141,0.02867429247,-0.006164721679,
482650161,0.02490050533,-0.008402582364,
482850181,0.02123281761,-0.009008784785,
483050200,0.01669589907,-0.009290466577,
483250220,0.01373492961,-0.007695473664,
483450240,0.0109345928,-0.005774586674,
483650260,0.009029370561,-0.003166162325,
483850279,0.008282291114,-0.0007426455151,
484050299,0.00823281301,0.001450761517,
484250319,0.008627521075,0.003086194696,
484450339,0.009615064467,0.004208477573,
484650358,0.01020257523,0.00483001478,
484850378,0.01033965655,0.004939159059,
485050398,0.01063955718,0.00546203973,
485250418,0.01122355761,0.005765621696,
485450437,0.01104620194,0.005855472681,
485650457,0.01183477211,0.006606114029,
485850477,0.01257707395,0.007206178718,
486050497,0.0137306352,0.007133659123,
486250516,0.01516636895,0.006821437746,
486450536,0.01613123614,0.005494078329,
486650556,0.01691107946,0.003666774453,
486850576,0.01736051513,0.001740177537,
487050595,0.01650120276,-0.0006654278656,
487250615,0.0153123169,-0.002678558508,
487450635,0.01344999495,-0.004193310724,
487650655,0.01096603746,-0.004652755526,
487850674,0.008611472255,-0.004552481062,
488050694,0.006560392128,-0.003399746045,
488250714,0.00524268453,-0.001897137944,
488450734,0.005141693918,-0.0002376906504,
488650753,0.005201863114,0.00113866515,
488850773,0.006364899578,0.002244825733,
489050793,0.007493443736,0.00191662897,
489250813,0.0086166214,0.001252533958,
489450832,0.009322863966,-0.0001258796134,
489650852,0.009031731029,-0.001694765778,
489850872,0.007714756606,-0.003435182411,
490050892,0.005968566535,-0.004512709966,
490250911,0.003598581278,-0.004808228628,
490450931,0.001752714894,-0.003945554066,
490650951,0.0002440883958,-0.002593946146,
490850971,-0.0007179003145,-0.0009005226456,
491050990,-0.000621132289,0.001023373713,
491251010,0.0005031209562,0.002291041793,
491451030,0.001970662385,0.003115125739,
491651050,0.003680883529,0.002695652936,
491851069,0.004933339298,0.001429675174,
492051089,0.005554012284,-0.0006289958923,
492251109,0.005598452544,-0.002759147096,
492451129,0.003672628707,-0.005009025091,
492651148,0.001593875952,-0.006834854016,
492851168,-0.001239838579,-0.007507629473,
493051188,-0.004439514004,-0.00716925922,
493251208,-0.007372347734,-0.005692857238,
493451227,-0.009018838333,-0.003674247795,
493651247,-0.01019411644,-0.001163391347,
493851267,-0.009973008647,0.001467004943,
494051287,-0.009474990711,0.003676535109,
494251306,-0.008191033565,0.005241462843,
494451326,-0.006751805139,0.005993406356,
494651346,-0.005418512045,0.005739986444,
494851366,-0.004514831591,0.005451123893,
495051385,-0.003843937749,0.004816049084,
495251405,-0.003975939811,0.00427105693,
495451425,-0.004045006215,0.003597415661,
495651445,-0.004287488896,0.003182011037,
495851464,-0.004600447165,0.003070314481,
496051484,-0.004734166032,0.002631791505,
496251504,-0.004333417057,0.002316187547,
496451524,-0.004053158233,0.001431164861,
496651543,-0.004482681907,0.0003310726112,
496851563,-0.005283333555,-0.001298336567,
497051583,-0.006959180215,-0.003122147488,
497251603,-0.009429426478,-0.004410306549,
497451622,-0.01234590629,-0.004885243624,
497651642,-0.01566443871,-0.004493989649,
497851662,-0.01885712549,-0.002441862325,
498051682,-0.02223109968,-0.0008911379529,
498251701,-0.02470351629,0.00188348936,
498451721,-0.02588257579,0.004867850972,
498651741,-0.02599916136,0.009413174939,
498851761,-0.02501892699,0.01250098653,
499051780,-0.0240297697,0.01477139285,
499251800,-0.02232087391,0.0168257241,
499451820,-0.02069785533,0.01801871513,
499651840,-0.01984349584,0.01861943834,
499851859,-0.01867987569,0.01887510559,
500051879,-0.01825932913,0.0195867678,
500251899,-0.01803920384,0.02039910215,
500451919,-0.01759998927,0.0207924109,
500651938,-0.0171907575,0.02234242169,
500851958,-0.01624424599,0.02318677108,
501051978,-0.01526381347,0.02413127716,
501251998,-0.01362527505,0.02500807994,
501452017,-0.0124119443,0.02481018517,
501652037,-0.01075560375,0.02439555391,
501852057,-0.01029170279,0.02327156146,
502052077,-0.01001113629,0.02217359255,
502252096,-0.01111412024,0.02130448586,
502452116,-0.01239355815,0.02115150423,
502652136,-0.01377725698,0.02150958576,
502852156,-0.01509928004,0.02300904989,
503052175,-0.0156117403,0.0255266691,
503252195,-0.01551647361,0.02831147023,
503452215,-0.0139423979,0.03137088949,
503652235,-0.01100469034,0.03322565263,
503852254,-0.007792493068,0.03431995214,
504052274,-0.003900738449,0.03408867965,
504252294,-0.0004536526988,0.03173706272,
504452314,0.002057289151,0.02890358228,
504652333,0.003354106862,0.02500881945,
504852353,0.002529263745,0.02026883409,
505052373,0.0007100892104,0.01692204971,
505252393,-0.002844019426,0.0143639617,
505452412,-0.007111966657,0.0128235825,
505652432,-0.01162720612,0.01385427433,
505852452,-0.01567183717,0.01605603017,
506052472,-0.01891451557,0.01893179068,
506252491,-0.02094491924,0.02343651429,
506452511,-0.02186453513,0.02737035284,
506652531,-0.02151678639,0.03157265735,
506852551,-0.02020929368,0.03477284756,
507052571,-0.01861369945,0.03757908425,
507252590,-0.01685142348,0.03979981094,
507452610,-0.01540788836,0.04127882289,
507652630,-0.01384306345,0.04273524234,
507852650,-0.01256632852,0.0446137368,
508052669,-0.01110314138,0.04675115944,
508252689,-0.009205349866,0.0491300412,
508452709,-0.006862351621,0.05137015748,
508652729,-0.003391694277,0.05387774374,
508852748,0.0006304391843,0.05535842372,
509052768,0.004981581127,0.05634390871,
509252788,0.01005078898,0.05605624646,
509452808,0.01451421397,0.05487905003,
509652827,0.01878436318,0.05213950747,
509852847,0.02208664113,0.04870657709,
510052867,0.02431873218,0.04544218984,
510252887,0.02598850033,0.0416021744,
510452906,0.02663006599,0.038700014,
510652926,0.02652506251,0.03598016242,
510852946,0.02669998941,0.03403637986,
511052966,0.02674768114,0.03223530078,
511252985,0.02690013851,0.0311207697,
511453005,0.02782364204,0.02991282477,
511653025,0.02899547277,0.02768312278,
511853045,0.03005663611,0.0256882235,
512053064,0.03070940645,0.02254793352,
512253084,0.03142821767,0.01924440444,
512453104,0.03042790811,0.01554960987,
512653124,0.02928707238,0.01178505,
512853143,0.02664585957,0.008690491554,
513053163,0.02392719822,0.005804930054,
513253183,0.02047451677,0.003630723454,
513453203,0.01635911692,0.002792200715,
513653222,0.01291426898,0.002675477214,
513853242,0.009788428477,0.003707148071,
514053262,0.006476757411,0.004604586422,
514253282,0.004274305721,0.006406978513,
514453301,0.002048198809,0.008581625734,
514653321,9.750041235e-05,0.01085814462,
514853341,-0.001073451852,0.01344156804,
515053361,-0.002121380202,0.01615166755,
515253380,-0.002494812167,0.01965332196,
515453400,-0.001874627873,0.02269682307,
515653420,-0.001057307121,0.02570367002,
515853440,0.001107732886,0.02884929348,
516053459,0.00318871553,0.03112833003,
516253479,0.006845088735,0.03295325138,
516453499,0.01020539793,0.03345081476,
516653519,0.01346532016,0.03326818367,
516853538,0.0162684533,0.03209385066,
517053558,0.01879451987,0.0306363777,
517253578,0.02041535835,0.02847255445,
517453598,0.02170374396,0.02646146878,
517653617,0.02163539219,0.02487233707,
517853637,0.02206908745,0.02346955734,
518053657,0.0216974234,0.02290580784,
518253677,0.0221725972,0.02276863826,
518453696,0.02322096824,0.02243256216,
518653716,0.02496567556,0.02245432374,
518853736,0.02654752868,0.02171089755,
519053756,0.02854988625,0.02037204514,
519253775,0.03045784085,0.01765810296,
519453795,0.03202600035,0.01478084741,
519653815,0.03247990035,0.01089444729,
519853835,0.03192038769,0.007177119761,
520053854,0.03038526271,0.003687378769,
520253874,0.02824190842,0.0009144086241,
520453894,0.02557741941,-0.001244140187,
520653914,0.02190982935,-0.002558815123,
520853933,0.01977929117,-0.002558804031,
521053953,0.01738634894,-0.001648419539,
521253973,0.01590114336,-0.0007018993403,
521453993,0.01538579293,0.0001120285832,
521654012,0.01542433485,0.0008085951796,
521854032,0.01477525242,0.0006842055697,
522054052,0.01533849799,0.0006056357405,
522254072,0.01505009129,-8.670684215e-05,
522454091,0.01444830001,-0.0009525108046,
522654111,0.01366150747,-0.001433656417,
522854131,0.01232301004,-0.002011160032,
523054151,0.01099386282,-0.001421711801,
523254170,0.01009611661,-0.001057671546,
523454190,0.009893705994,3.602436582e-07,
523654210,0.01053280029,0.0009504290941,
523854230,0.01114205838,0.00122047343,
524054249,0.01193822414,0.0009402055587,
524254269,0.0134791538,-9.384671868e-05,
524454289,0.01417391439,-0.001825434601,
524654309,0.01457923471,-0.004247429022,
524854328,0.01379903871,-0.006927906778,
525054348,0.01244264032,-0.009701465327,
525254368,0.01042482847,-0.01186911995,
525454388,0.006940148654,-0.01307324057,
525654407,0.003805737558,-0.01373734077,
525854427,0.0009715438471,-0.01371969008,
526054447,-0.001854244024,-0.01278851886,
526254467,-0.004012057414,-0.01174913907,
526454486,-0.005492641594,-0.01051283507,
526654506,-0.006730376085,-0.009504242245,
526854526,-0.007667426007,-0.00866460306,
527054546,-0.009171831317,-0.008496453458,
527254565,-0.01082545488,-0.008170937684,
527454585,-0.01310987347,-0.007750125324,
527654605,-0.01534132758,-0.006759764074,
527854625,-0.0186614518,-0.004305704472,
528054644,-0.0212791597,-0.00179057267,
528254664,-0.02377242541,0.001262832168,
528454684,-0.02458811421,0.005518378449,
528654704,-0.02391163548,0.01034379983,
528854723,-0.02247500007,0.01495969618,
529054743,-0.01998189078,0.01868259628,
529254763,-0.01672208119,0.02113696514,
529454783,-0.01298023684,0.02220479974,
529654802,-0.009508999958,0.02216808437,
529854822,-0.006738716844,0.02081519883,
530054842,-0.005106867021,0.01930132424,
530254862,-0.004463545611,0.01681224776,
530454881,-0.004926714011,0.01511010207,
530654901,-0.006654191202,0.01448601812,
530854921,-0.008152968887,0.01437147225,
531054941,-0.01023062406,0.01552926086,
531254960,-0.01135059445,0.01784668555,
531454980,-0.01196371819,0.0206918516,
531655000,-0.01155705013,0.02371707575,
531855020,-0.009897709677,0.02684115075,
532055039,-0.007541456157,0.02915336743,
532255059,-0.004367715797,0.03123942068,
532455079,-0.0008006693005,0.03228518069,
532655099,0.003352208402,0.03287534713,
532855118,0.007060878031,0.03208122089,
533055138,0.01073910176,0.0305455321,
533255158,0.01381037535,0.02839253299,
533455178,0.01651433615,0.02585952112,
533655198,0.01885290625,0.02254631998,
533855217,0.02055757991,0.01830467367,
534055237,0.02163810813,0.01414199432,
534255257,0.02192527262,0.009672539656,
534455277,0.02068657831,0.005336129927,
534655296,0.01896151865,0.0007086328027,
534855316,0.01591539626,-0.002983997105,
535055336,0.01219014803,-0.005967117117,
535255356,0.007637183099,-0.007528797916,
535455375,0.00281996222,-0.008722351825,
535655395,-0.001889455962,-0.008253369964,
535855415,-0.005998780473,-0.006497343198,
536055435,-0.009751617801,-0.004014768574,
536255454,-0.01178363363,-0.0009058402686,
536455474,-0.01341308404,0.002490777384,
536655494,-0.01444694193,0.005792355907,
536855514,-0.01453325612,0.008765788577,
537055533,-0.01396405455,0.01207803673,
537255553,-0.01319277762,0.01422728453,
537455573,-0.01238643497,0.01629395232,
537655593,-0.01125539752,0.01850282167,
537855612,-0.0101595447,0.02014832513,
538055632,-0.008627959399,0.02164322149,
538255652,-0.00700727707,0.02315952788,
538455672,-0.004505704011,0.02474656711,
538655691,-0.002120316015,0.02540277861,
538855711,0.0008300990986,0.0254128023,
539055731,0.003741578417,0.02462121258,
539255751,0.006483317309,0.0228492501,
539455770,0.008523573714,0.02071915345,
539655790,0.009259075661,0.01806877414,
539855810,0.009811778992,0.01525668904,
540055830,0.009180649024,0.01249895892,
540255849,0.007537161524,0.01035658333,
540455869,0.005621734532,0.009083660141,
540655889,0.003706210797,0.008797375233,
540855909,0.001923905318,0.009006468371,
541055928,0.0006256545727,0.01003977341,
541255948,0.0002904639276,0.01169869391,
541455968,0.0005327438986,0.01307951273,
541655988,0.001184887803,0.01403749374,
541856007,0.002382119078,0.01438353998,
542056027,0.003292778643,0.01391959081,
542256047,0.0044195405,0.01313655519,
542456067,0.005667857673,0.01211287701,
542656086,0.005537562303,0.01070686399,
542856106,0.005067452452,0.008885537066,
543056126,0.004629897076,0.008001965132,
543256146,0.003215450362,0.007336598349,
543456165,0.002526664611,0.006822913829,
543656185,0.001405875155,0.006662970578,
543856205,0.0005068516264,0.006668138545,
544056225,-0.0001940303529,0.007050510423,
544256244,-0.0007575353455,0.007213196475,
544456264,-0.001181286356,0.007017367782,
544656284,-0.001886607267,0.007364139708,
544856304,-0.002693584084,0.00773058793,
545056323,-0.003474672117,0.008081931105,
545256343,-0.004072595527,0.008866788263,
545456363,-0.004293022226,0.01041285825,
545656383,-0.004925344939,0.0120081553,
545856402,-0.004093846183,0.01377024837,
546056422,-0.002788099832,0.01503756704,
546256442,-0.001401903506,0.01589388534,
546456462,0.0007303574223,0.01628585342,
546656481,0.003112223785,0.01570789288,
546856501,0.005035534723,0.01391448893,
547056521,0.006534163096,0.01173296588,
547256541,0.00698323923,0.009169810551,
547456560,0.006877741688,0.00664852243,
547656580,0.005601698496,0.004343612154,
547856600,0.003357201337,0.002119166485,
548056620,0.0009043388972,0.001456250225,
548256639,-0.001323675149,0.001336580403,
548456659,-0.003241909819,0.002157493664,
548656679,-0.004433216809,0.003752848124,
548856699,-0.005006401942,0.004821081092,
549056718,-0.004501689204,0.006000609022,
549256738,-0.004011455935,0.0071208695,
549456758,-0.003077543578,0.00703365461,
549656778,-0.002326202986,0.006295509981,
549856797,-0.0020443893,0.005168002216,
550056817,-0.002496974282,0.003667373754,
550256837,-0.003806442606,0.002695641988,
550456857,-0.00540874414,0.001783316285,
550656876,-0.007422564906,0.001847505948,
550856896,-0.009150911034,0.002262620562,
551056916,-0.01116571004,0.003484141749,
551256936,-0.01214445439,0.00511477613,
551456955,-0.01202792216,0.007409754873,
551656975,-0.01187118497,0.009010950848,
551856995,-0.01106506137,0.01024965939,
552057015,-0.01008100582,0.01118366484,
552257034,-0.008797107371,0.01089815747,
552457054,-0.007639134637,0.01102809581,
552657074,-0.00704197101,0.0101500541,
552857094,-0.007058450794,0.009300066768,
553057113,-0.00726294831,0.008490337323,
553257133,-0.0079682727,0.008011235998,
553457153,-0.00877432273,0.007951941662,
553657173,-0.0092994529,0.008053206842,
553857192,-0.009789084281,0.008520509774,
554057212,-0.009815766932,0.008928455975,
554257232,-0.009453070694,0.009582452748,
554457252,-0.009063690762,0.009525068281,
554657271,-0.008635900568,0.009299290894,
554857291,-0.00817729122,0.008744636752,
555057311,-0.008292414003,0.007930620544,
555257331,-0.008006911803,0.007183245745,
555457350,-0.008231515852,0.005989513357,
555657370,-0.009013103448,0.005135790937,
555857390,-0.009807393923,0.004124913402,
556057410,-0.01086299757,0.003099374096,
556257429,-0.01187626436,0.002319474815,
556457449,-0.01351480023,0.001059190505,
556657469,-0.01509506086,0.0002563992177,
556857489,-0.01790853342,-0.0003884621993,
557057508,-0.02148473724,-0.0003355060412,
557257528,-0.02445488961,-0.0008412455924,
557457548,-0.02773054806,-0.0004827872013,
557657568,-0.03083299663,0.001818079917,
557857587,-0.03424862864,0.005146604359,
558057607,-0.03696663154,0.008717173186,
558257627,-0.03918915458,0.01306133034,
558457647,-0.04045544941,0.01782168738,
558657666,-0.03986563705,0.02272259095,
558857686,-0.03877505242,0.02735002427,
559057706,-0.03614319755,0.0313001619,
559257726,-0.03338277663,0.03423268195,
559457745,-0.02989491652,0.03617947772,
559657765,-0.02699182873,0.03745152419,
559857785,-0.02333205436,0.03747170482,
560057805,-0.02145778658,0.03773063529,
560257825,-0.0194167715,0.03684626898,
560457844,-0.01815284839,0.03689380157,
560657864,-0.01680781725,0.03635320336,
560857884,-0.01608324048,0.0366656945,
561057904,-0.01500236754,0.03682096333,
561257923,-0.01399890803,0.03685823882,
561457943,-0.01277218762,0.03733186443,
561657963,-0.01148808004,0.03624822265,
561857983,-0.01045161614,0.03620579322,
562058002,-0.009362775373,0.03553933562,
562258022,-0.008692489913,0.03454008255,
562458042,-0.008877603475,0.03373695515,
562658062,-0.009138950801,0.03318684455,
562858081,-0.009905791759,0.03320663812,
563058101,-0.01051654491,0.03400880161,
563258121,-0.01087721538,0.03486456066,
563458141,-0.0105136535,0.03704166418,
563658160,-0.009354407534,0.03906084635,
563858180,-0.00782687879,0.0404849344,
564058200,-0.005353750646,0.04184152454,
564258220,-0.002601511174,0.04242043715,
564458239,0.0009316143154,0.04202971076,
564658259,0.00380307675,0.04060538982,
564858279,0.0067052551,0.03848615337,
565058299,0.008103391911,0.03600276328,
565258318,0.009514765945,0.03302193421,
565458338,0.009758615577,0.03058057779,
565658358,0.009711706245,0.02821980634,
565858378,0.00917924715,0.02597669083,
566058397,0.008611221222,0.02503926976,
566258417,0.007865229163,0.02343740964,
566458437,0.00771391375,0.02273537879,
566658457,0.00755502946,0.02160717542,
566858476,0.007356072947,0.0196109048,
567058496,0.007004282435,0.01814188636,
567258516,0.005997514618,0.01609438745,
567458536,0.004735980978,0.01404720694,
567658555,0.002921709077,0.01290414173,
567858575,0.0001334527215,0.01118438537,
568058595,-0.002178577652,0.01103343923,
568258615,-0.004610718193,0.01136895722,
568458634,-0.006876249879,0.01235118862,
568658654,-0.008614168229,0.01423956527,
568858674,-0.009829536325,0.01603869251,
569058694,-0.01022450459,0.01741190086,
569258713,-0.01000063933,0.0190995355,
569458733,-0.009489935505,0.01979124233,
569658753,-0.009293996617,0.01988096805,
569858773,-0.00889176828,0.0197779803,
570058792,-0.009582296685,0.01956300058,
570258812,-0.01049063968,0.01942723118,
570458832,-0.01191168816,0.01947432424,
570658852,-0.0135247501,0.02035276987,
570858871,-0.01571209185,0.02174113157,
571058891,-0.01674369298,0.02389894748,
571258911,-0.01746384827,0.02699937453,
571458931,-0.01754782482,0.03001339145,
571658950,-0.01669508192,0.03323793092,
571858970,-0.01462713795,0.03553386888,
572058990,-0.01226544261,0.0378643264,
572259010,-0.009405054942,0.03920177648,
572459029,-0.006340849503,0.04008644986,
572659049,-0.003240997706,0.03991106682,
572859069,-0.0003999479313,0.03894735286,
573059089,0.002431629858,0.03876111289,
573259108,0.00502629736,0.03739846038,
573459128,0.007591730592,0.03553463067,
573659148,0.009524553803,0.03358082171,
573859168,0.01169338502,0.03062959754,
574059187,0.01302713507,0.02771947969,
574259207,0.01444342596,0.02461402443,
574459227,0.01522537457,0.02033527131,
574659247,0.01470131538,0.0158872022,
574859266,0.01398282753,0.01190080792,
575059286,0.01182430453,0.007825022592,
575259306,0.008535905206,0.004311093814,
575459326,0.004755620133,0.001819236461,
575659345,0.0006099383168,0.0001767055896,
575859365,-0.003607846762,-0.0003954459291,
576059385,-0.007792454618,0.0001863907886,
576259405,-0.01136603986,0.001222941887,
576459424,-0.01411248394,0.002707184405,
576659444,-0.01666575876,0.004465958984,
576859464,-0.01835896793,0.006108709821,
577059484,-0.01969314896,0.007978070314,
577259503,-0.02124444856,0.008597353531,
577459523,-0.02234835134,0.009865842076,
577659543,-0.0240363707,0.01116095744,
577859563,-0.02569088269,0.01212435875,
578059582,-0.02799639742,0.01384803273,
578259602,-0.02940187,0.01534001467,
578459622,-0.03116417543,0.01722927512,
578659642,-0.03276949268,0.01999862812,
578859661,-0.03382368142,0.02271255587,
579059681,-0.0342676208,0.02508378042,
579259701,-0.03422755897,0.02735735725,
579459721,-0.03472498052,0.02980780164,
579659740,-0.03431403603,0.03224752142,
579859760,-0.03373153685,0.03392837431,
580059780,-0.03380686534,0.0365123727,
580259800,-0.03383129038,0.03843892897,
580459819,-0.03375224068,0.04051121638,
580659839,-0.03312813302,0.04317762766,
580859859,-0.03217574977,0.04594293961,
581059879,-0.03060542796,0.04808767985,
581259898,-0.02849253219,0.05082452622,
581459918,-0.02584224223,0.05204201219,
581659938,-0.02234092321,0.05320228599,
581859958,-0.01938294049,0.05337753623,
582059977,-0.01700892774,0.05231063608,
582259997,-0.01496245884,0.05077793464,
582460017,-0.01392790662,0.04881374444,
582660037,-0.01378492196,0.0469834009,
582860056,-0.01424332446,0.04576818098,
583060076,-0.01621450297,0.0445395359,
583260096,-0.0182919847,0.04534302015,
583460116,-0.02036969083,0.04639192173,
583660135,-0.02164363766,0.04879032178,
583860155,-0.02264882084,0.05127383124,
584060175,-0.02253192214,0.05426575285,
584260195,-0.02186422142,0.05736248572,
584460214,-0.02029824583,0.06002773066,
584660234,-0.01809694852,0.06213192958,
584860254,-0.01571274291,0.06388135842,
585060274,-0.01326245909,0.06513048301,
585260293,-0.01104320364,0.06569817989,
585460313,-0.009396564412,0.06607801204,
585660333,-0.007027085479,0.06582234827,
585860353,-0.005623278978,0.06688679463,
586060372,-0.003698612958,0.06742990118,
586260392,-0.001322873533,0.06826119659,
586460412,0.0004456095608,0.06835587463,
586660432,0.003590054976,0.06888029021,
586860452,0.005924273582,0.0685855035,
587060471,0.008719617335,0.06858019188,
587260491,0.01120151294,0.06702397086,
587460511,0.01357467808,0.06509008968,
587660531,0.0154103647,0.06337914002,
587860550,0.01685412054,0.06136068187,
588060570,0.01801856964,0.05961636973,
588260590,0.01827944032,0.05816685015,
588460610,0.01852692057,0.0569128687,
588660629,0.01855672614,0.05567237371,
588860649,0.01978589574,0.05491303607,
589060669,0.02050419735,0.05488898281,
589260689,0.02155306018,0.05375839289,
589460708,0.02244398624,0.05172691794,
589660728,0.02358816665,0.05045757374,
589860748,0.0243648896,0.04845353965,
590060768,0.02466237661,0.04627307523,
590260787,0.02408602481,0.04395317101,
590460807,0.02412035617,0.04219407266,
590660827,0.02261831189,0.04052314216,
590860847,0.02129698659,0.03899188831,
591060866,0.02012797193,0.03843908942,
591260886,0.01887250439,0.0385415496,
591460906,0.01806504264,0.0388109904,
591660926,0.01732524398,0.03848752988,
591860945,0.01757191094,0.03847966242,
592060965,0.01770737294,0.03783398172,
592260985,0.01806826286,0.03762009017,
592461005,0.0176986063,0.03597563527,
592661024,0.01702032173,0.03464744082,
592861044,0.01549539673,0.03347315332,
593061064,0.01372062992,0.03294653564,
593261084,0.01133436832,0.0325304971,
593461103,0.008989671111,0.03288371891,
593661123,0.006475634011,0.0341690361,
593861143,0.004913910736,0.0360351204,
594061163,0.003449957681,0.03888108977,
594261182,0.002770569232,0.04152030538,
594461202,0.002707982767,0.04403443846,
594661222,0.003655927866,0.04708253665,
594861242,0.005058617147,0.04939876899,
595061261,0.006408536445,0.05081768752,
595261281,0.008632909032,0.05272525952,
595461301,0.01073525511,0.05341890416,
595661321,0.01253956356,0.05383043642,
595861340,0.01480106124,0.05391763316,
596061360,0.01664403082,0.0540138427,
596261380,0.01865849584,0.05379326958,
596461400,0.02007598508,0.05283013422,
596661419,0.02207757525,0.05221536654,
596861439,0.02351389447,0.051305434,
597061459,0.02437049169,0.05044313067,
597261479,0.02493842228,0.04907806318,
597461498,0.02590073401,0.04766325667,
597661518,0.02593812491,0.04714169716,
597861538,0.0260911484,0.04547002858,
598061558,0.0256298455,0.04552081415,
598261577,0.02521774106,0.04509068262,
598461597,0.02552774586,0.04539298199,
598661617,0.02591501374,0.04585553355,
598861637,0.02658822715,0.04612813328,
599061656,0.02795624,0.04684137052,
599261676,0.02928303351,0.04640318031,
599461696,0.03046979791,0.04616094548,
599661716,0.03186183726,0.04505347805,
599861735,0.03349422026,0.04427608805,
600061755,0.03420940313,0.04260110413,
600261775,0.03478917595,0.04122546456,
600461795,0.03549392918,0.04021773474,
600661814,0.03580524225,0.03910039564,
600861834,0.03599737356,0.0385535407,
601061854,0.0364532884,0.03751680426,
601261874,0.03761460336,0.03667034401,
601461893,0.03815495669,0.03540205641,
601661913,0.03866260072,0.03369457859,
601861933,0.03957741894,0.03242355264,
602061953,0.04000711522,0.03026196791,
602261972,0.03981207021,0.02779590358,
602461992,0.03922317751,0.02548633596,
602662012,0.03834585937,0.02380719881,
602862032,0.03670832533,0.02160993671,
603062051,0.03515109271,0.02072722842,
603262071,0.03361687438,0.0204076805,
603462091,0.03264056789,0.01974777016,
603662111,0.03151018858,0.01972474539,
603862130,0.03086686704,0.01976954817,
604062150,0.03128182447,0.01982951182,
604262170,0.03153363981,0.0189422374,
604462190,0.03158070137,0.01774609227,
604662209,0.03086908639,0.01567822389,
604862229,0.03010343996,0.01338849771,
605062249,0.02793801525,0.01146018963,
605262269,0.02455017914,0.009765450971,
605462288,0.02155231558,0.008939119172,
605662308,0.01707582055,0.009127500113,
605862328,0.01360355231,0.01102353947,
606062348,0.01013844615,0.01341648995,
606262367,0.007750719376,0.01724035147,
606462387,0.006684270511,0.02179420768,
606662407,0.00662260708,0.02646491113,
606862427,0.007863726728,0.03051307038,
607062446,0.01016097867,0.033458941,
607262466,0.01312454329,0.03621569252,
607462486,0.01640001098,0.0377019334,
607662506,0.01980878977,0.03802002487,
607862525,0.02269528217,0.03727420776,
608062545,0.02505943839,0.03685859841,
608262565,0.02697690233,0.0355732258,
608462585,0.02843061488,0.03424180793,
608662604,0.02955230549,0.03281713192,
608862624,0.03095730539,0.03196908516,
609062644,0.03177246689,0.03059524698,
609262664,0.03315356708,0.02949315067,
609462683,0.03428625538,0.02789140601,
609662703,0.03510641265,0.02533458344,
609862723,0.03560300072,0.02295114848,
610062743,0.03572616226,0.02050981817,
610262762,0.03546773663,0.01805326709,
610462782,0.03511419919,0.01580714625,
610662802,0.03272389093,0.01326733996,
610862822,0.03114513227,0.01157596893,
611062841,0.02967387796,0.01101997898,
611262861,0.02742244464,0.01001542857,
611462881,0.02545531854,0.01009406558,
611662901,0.02397825328,0.01002674912,
611862920,0.0229624996,0.01028162829,
612062940,0.02185631902,0.0101619796,
612262960,0.02070398593,0.0100377438,
612462980,0.019697825,0.009567821615,
612662999,0.01799063942,0.009043049175,
612863019,0.01632356221,0.009637562147,
613063039,0.0141239459,0.009818329049,
613263059,0.01181308947,0.01013841965,
613463079,0.01018799013,0.012044297,
613663098,0.007948782967,0.01401325675,
613863118,0.006869170609,0.01708858263,
614063138,0.00587981919,0.0193153581,
614263158,0.006372220474,0.02232410259,
614463177,0.007001548053,0.02515117796,
614663197,0.007937529629,0.02774190169,
614863217,0.009856402752,0.02952248649,
615063237,0.01165181802,0.03110235308,
615263256,0.01264608726,0.03198671034,
615463276,0.01447835407,0.03284393284,
615663296,0.01581569109,0.03392394845,
615863316,0.01715556784,0.03446010912,
616063335,0.01837182026,0.03505099256,
616263355,0.02040801869,0.03652658978,
616463375,0.02307334087,0.03767998745,
616663395,0.02540267323,0.03834983902,
616863414,0.02881640209,0.03860795042,
617063434,0.0319916512,0.03861336094,
617263454,0.03587307441,0.0371070937,
617463474,0.03944128578,0.035025816,
617663493,0.04267463688,0.03204576965,
617863513,0.04519633494,0.0287536415,
618063533,0.04729919699,0.02494853268,
618263553,0.04842471744,0.02051982513,
618463572,0.04899421612,0.01609973781,
618663592,0.04928611316,0.01173096482,
618863612,0.04810416863,0.007693262781,
619063632,0.04676965709,0.003548934311,
619263651,0.04489848553,-3.762198613e-05,
619463671,0.04260787644,-0.003296195272,
619663691,0.03970515375,-0.00631618582,
619863711,0.03668493804,-0.008507050965,
620063730,0.03338912633,-0.0107832536,
620263750,0.02977633614,-0.01220216779,
620463770,0.02637485564,-0.01296504448,
620663790,0.0235335503,-0.01283917505,
620863809,0.02065068009,-0.01311443476,
621063829,0.01805438186,-0.0125550009,
621263849,0.01555001977,-0.01207496255,
621463869,0.01415187021,-0.01162660319,
621663888,0.01249079062,-0.01145648527,
621863908,0.01094474127,-0.01140585207,
622063928,0.00986320205,-0.01125817389,
622263948,0.007566512978,-0.01218973472,
622463967,0.004871955393,-0.01264619038,
622663987,0.00185969435,-0.01272448948,
622864007,-0.00155424467,-0.01267569683,
623064027,-0.005333842325,-0.0111204021,
623264046,-0.008981936022,-0.008869864689,
623464066,-0.01238955737,-0.005715797559,
623664086,-0.01475467052,-0.001672740442,
623864106,-0.01580612138,0.003230865897,
624064125,-0.01646622076,0.007325646339,
624264145,-0.01550887767,0.01146399544,
624464165,-0.013611965,0.01537007834,
624664185,-0.01138916593,0.01779830902,
624864204,-0.008821499427,0.01906364405,
625064224,-0.006097091546,0.02018015307,
625264244,-0.003917666547,0.0200108218,
625464264,-0.002584199704,0.0184994751,
625664283,-0.001766249411,0.01765789493,
625864303,-0.001649099402,0.01626320499,
626064323,-0.001658038547,0.01555871184,
626264343,-0.002504001954,0.0146383943,
626464362,-0.003491425716,0.01405601129,
626664382,-0.00458958498,0.01413649994,
626864402,-0.005566201699,0.01407258982,
627064422,-0.007531039758,0.01331404023,
627264441,-0.008787468224,0.01391724874,
627464461,-0.01015917999,0.01448681105,
627664481,-0.01254630646,0.01489130134,
627864501,-0.01504791035,0.01610932781,
628064520,-0.01775949499,0.01731183213,
628264540,-0.02051222382,0.01965430758,
628464560,-0.02294345704,0.02304523974,
628664580,-0.02499039293,0.02730467877,
628864599,-0.02641295613,0.03229708708,
629064619,-0.02669067302,0.03693852186,
629264639,-0.02601228603,0.04158710599,
629464659,-0.02475808096,0.0468257012,
629664678,-0.02225945269,0.05119392094,
629864698,-0.01882009235,0.05555386398,
630064718,-0.01582368772,0.05769103137,
630264738,-0.01132378678,0.06016114782,
630464757,-0.008174218237,0.0623820067,
630664777,-0.004731231365,0.06383562662,
630864797,-0.001158054126,0.06446943091,
631064817,0.002820602111,0.06612517788,
631264836,0.005771872276,0.06699734564,
631464856,0.01012292694,0.06781251627,
631664876,0.01360988914,0.06832280584,
631864896,0.01812372474,0.06854346183,
632064915,0.02267473791,0.06789246291,
632264935,0.02789986089,0.06671659815,
632464955,0.03277559478,0.06504246993,
632664975,0.03663622532,0.06275040058,
632864994,0.04109611788,0.05976957221,
633065014,0.04443862935,0.05592892731,
633265034,0.04720211367,0.05224860762,
633465054,0.04993985375,0.04806330604,
633665073,0.05184252014,0.04426009585,
633865093,0.0535706688,0.04007913898,
634065113,0.05512965226,0.03429835077,
634265133,0.05581138999,0.0299141869,
634465152,0.05674177121,0.02449582821,
634665172,0.05621086289,0.01893420959,
634865192,0.05457950639,0.01262089579,
635065212,0.0523012096,0.006481463024,
635265231,0.04915171312,0.001314281954,
635465251,0.0441987888,-0.003748421857,
635665271,0.0390233372,-0.007362409835,
635865291,0.03283787967,-0.01049978047,
636065310,0.02625174363,-0.01198768898,
636265330,0.01984953517,-0.01214711186,
636465350,0.01340905821,-0.01074717316,
636665370,0.008059438235,-0.008227415871,
636865389,0.003929633278,-0.004926505381,
637065409,0.000447588136,-0.001259728931,
637265429,-0.002187529735,0.002596171724,
637465449,-0.004051872248,0.006845732612,
637665468,-0.005348440414,0.0107028956,
637865488,-0.006050271971,0.01428863993,
638065508,-0.005989048629,0.01790485332,
638265528,-0.005773125485,0.02075624535,
638465547,-0.004621257245,0.02445946042,
638665567,-0.004028309329,0.02725202788,
638865587,-0.002444614788,0.03022162873,
639065607,-0.000244250579,0.0327388231,
639265626,0.002684879897,0.03467232812,
639465646,0.005040049964,0.03571708756,
639665666,0.008137695345,0.0361280125,
639865686,0.01115968401,0.03558015547,
640065706,0.01389295131,0.03454314783,
640265725,0.01539064591,0.03282797524,
640465745,0.0165692797,0.03087614631,
640665765,0.017158465,0.02895129214,
640865785,0.01675264604,0.02653254662,
641065804,0.01616744405,0.0251532176,
641265824,0.01532116575,0.0240360066,
641465844,0.01392101819,0.0233078427,
641665864,0.01237792319,0.02282764854,
641865883,0.01106810847,0.02299935623,
642065903,0.01009919967,0.02342019868,
642265923,0.009169092235,0.02382948459,
642465943,0.008755328305,0.02480749331,
642665962,0.007665401685,0.02544502771,
642865982,0.00727582189,0.02602636205,
643066002,0.006861590969,0.02748349269,
643266022,0.006372632864,0.02872731694,
643466041,0.006370862029,0.0299222468,
643666061,0.006886082255,0.03111617137,
643866081,0.007281691949,0.03228163704,
644066101,0.008714228787,0.03305768334,
644266120,0.009215548298,0.03313599051,
644466140,0.01070512628,0.03303197552,
644666160,0.01153393883,0.032537829,
644866180,0.01197591812,0.03143246807,
645066199,0.01195846756,0.03078557156,
645266219,0.01078793376,0.02932527552,
645466239,0.009486007938,0.02872562151,
645666259,0.007750209129,0.02910204681,
645866278,0.005585838396,0.02991626275,
646066298,0.00344936948,0.0313140198,
646266318,0.002222603524,0.0339324823,
646466338,0.001160908184,0.03725029272,
646666357,0.001603528852,0.0409649695,
646866377,0.002806222742,0.04417154302,
647066397,0.004515304386,0.04711885459,
647266417,0.00726824267,0.04931786817,
647466436,0.01056460867,0.05139192762,
647666456,0.01432090501,0.05185404451,
647866476,0.01750734707,0.05184307806,
648066496,0.01993058824,0.05056743724,
648266515,0.0225447207,0.05004462318,
648466535,0.02443131577,0.04899934731,
648666555,0.02578530306,0.04722268153,
648866575,0.02661239295,0.04560240179,
649066594,0.02761310764,0.04522054134,
649266614,0.02835030179,0.04415299497,
649466634,0.02928230362,0.04346914608,
649666654,0.03034040681,0.04240244041,
649866673,0.0314863506,0.04161316316,
650066693,0.032132246,0.04039570278,
650266713,0.03330343242,0.03936058488,
650466733,0.03408681032,0.03785710443,
650666752,0.03418651518,0.03681230641,
650866772,0.03428912257,0.03538599371,
651066792,0.03459680457,0.03390304976,
651266812,0.03444597893,0.03275381796,
651466831,0.03434799521,0.03148490366,
651666851,0.03463565114,0.03073576015,
651866871,0.03473902718,0.02997678321,
652066891,0.03490376603,0.02890963349,
652266910,0.03440858613,0.02792420971,
652466930,0.03403604312,0.02618627655,
652666950,0.03336922781,0.02447603398,
652866970,0.03269251155,0.02413127061,
653066989,0.03121257792,0.02251629724,
653267009,0.02971420102,0.02211750778,
653467029,0.02844867665,0.02222311234,
653667049,0.02716286343,0.02239534864,
653867068,0.02633767076,0.02368641928,
654067088,0.02607468157,0.02472628283,
654267108,0.02596494929,0.02532124574,
654467128,0.02678856256,0.0263191503,
654667147,0.0275197783,0.02623757556,
654867167,0.02898156654,0.02627554821,
655067187,0.02970988075,0.02539208925,
655267207,0.03026311177,0.02414511018,
655467226,0.0301657332,0.02251244889,
655667246,0.02971160629,0.0214263841,
655867266,0.0291395396,0.01985783001,
656067286,0.02758948364,0.01900543953,
656267305,0.02617743022,0.0184452796,
656467325,0.02504036199,0.01905588416,
656667345,0.02401662013,0.01951927467,
656867365,0.02336474998,0.01996203125,
657067384,0.02302614004,0.02116192875,
657267404,0.02321425465,0.02178158656,
657467424,0.02346835861,0.02215493081,
657667444,0.02340037879,0.02180830315,
657867463,0.02362037415,0.02170714222,
658067483,0.02366315113,0.02104283246,
658267503,0.02345059642,0.0207594887,
658467523,0.0223386785,0.02020714604,
658667542,0.02162879871,0.02014640817,
658867562,0.02129619897,0.02049072337,
659067582,0.02029525056,0.02109741664,
659267602,0.01975493014,0.02144102257,
659467621,0.0193639589,0.02243849613,
659667641,0.01867521921,0.02257474458,
659867661,0.01879841995,0.02325607475,
660067681,0.01915791914,0.02411663858,
660267700,0.01902511639,0.02461148539,
660467720,0.0192781089,0.02480529433,
660667740,0.01871914062,0.02539982579,
660867760,0.01866148521,0.02562099208,
661067779,0.01905448605,0.0261242664,
661267799,0.01906140517,0.02716572679,
661467819,0.01897045854,0.02772447676,
661667839,0.01965922983,0.02842262202,
661867858,0.02039907603,0.02896327602,
662067878,0.02132285532,0.0289684192,
662267898,0.02244916969,0.0286402691,
662467918,0.02336992904,0.02807040278,
662667937,0.02433364874,0.02755054549,
662867957,0.02452162156,0.02629540526,
663067977,0.02440538032,0.02535998056,
663267997,0.02414877529,0.02404917533,
663468016,0.02307953394,0.02317385181,
663668036,0.02222141355,0.02314545978,
663868056,0.02155507363,0.02341895524,
664068076,0.02059115042,0.02327640478,
664268095,0.02003328369,0.02392741948,
664468115,0.01962428271,0.02430346607,
664668135,0.01966618481,0.02527504907,
664868155,0.01955969086,0.02521328846,
665068174,0.01954452944,0.02521711033,
665268194,0.01971699266,0.02439828064,
665468214,0.01929923259,0.0243252377,
665668234,0.01927557573,0.0242561581,
665868253,0.01858331998,0.02427088567,
666068273,0.01710534376,0.02378757761,
666268293,0.01642353105,0.02458582898,
666468313,0.01543378165,0.02570034099,
666668333,0.01459575217,0.0261298485,
666868353,0.01446569916,0.02732769824,
667068372,0.01382953541,0.0283038625,
667268392,0.01369501311,0.029375236,
667468412,0.01371579351,0.0301287591,
667668432,0.01387087952,0.03052842342,
667868451,0.01345761493,0.03091032223,
668068471,0.01328384682,0.0318310717,
668268491,0.01304695334,0.03315851876,
668468511,0.01279257762,0.03372692351,
668668530,0.01229071172,0.03470383078,
668868550,0.01221290028,0.03608532323,
669068570,0.01238471329,0.03828277218,
669268590,0.01295787414,0.03944745663,
669468609,0.01374687683,0.04086888243,
669668629,0.0145671953,0.04159454068,
669868649,0.01564841106,0.0425355005,
670068669,0.01685129924,0.04318179841,
670268688,0.01806302011,0.04379803546,
670468708,0.01827563998,0.04367558555,
670668728,0.01859121813,0.04381207404,
670868748,0.01891303796,0.04428764475,
671068767,0.01909819724,0.04515545108,
671268787,0.01870452156,0.04642216433,
671468807,0.01906969095,0.04826721348,
671668827,0.02011036423,0.05030127068,
671868846,0.02093612141,0.05184585329,
672068866,0.02323864338,0.05417572661,
672268886,0.02545919531,0.0558437635,
672468906,0.02829737569,0.05716385983,
672668925,0.03108704378,0.05744431819,
672868945,0.03379275971,0.05780345268,
673068965,0.0371183964,0.05818542802,
673268985,0.0400666287,0.05731135696,
673469004,0.04312278754,0.0565194998,
673669024,0.0458413891,0.05526814244,
673869044,0.04821613491,0.05359150886,
674069064,0.05037089833,0.05170805405,
674269083,0.05282354053,0.04992087892,
674469103,0.05447864067,0.04775828864,
674669123,0.05625103031,0.04561515464,
674869143,0.05783159718,0.04293048228,
675069162,0.05922065305,0.03948679331,
675269182,0.06011886525,0.0367895842,
675469202,0.06013543122,0.03361508135,
675669222,0.05974273051,0.0301493986,
675869241,0.0590293798,0.02711379981,
676069261,0.05745988474,0.02419805867,
676269281,0.05617256232,0.0221558849,
676469301,0.05406265878,0.02020561237,
676669320,0.05153723483,0.01864490832,
676869340,0.04938522341,0.01749716415,
677069360,0.04776361126,0.01740103529,
677269380,0.04599151067,0.01687837136,
677469399,0.04400873671,0.0166271113,
677669419,0.04224899478,0.01637680951,
677869439,0.04046964169,0.01714356461,
678069459,0.03889496277,0.0174685921,
678269478,0.03767459835,0.01890859895,
678469498,0.03639625022,0.01956300226,
678669518,0.03554953122,0.02106876709,
678869538,0.03495235538,0.02291994299,
679069557,0.03508803065,0.02474255381,
679269577,0.03568139071,0.02653474919,
679469597,0.03644699348,0.02747983695,
679669617,0.03781033741,0.02897367172,
679869636,0.03934440676,0.02991219812,
680069656,0.04106179671,0.03030324709,
680269676,0.04244455328,0.02997952995,
680469696,0.04374628038,0.02924406884,
680669715,0.04565176679,0.02861741817,
680869735,0.04604156233,0.02778093644,
681069755,0.04717523617,0.02665343152,
681269775,0.04788994757,0.02572382035,
681469794,0.04819838003,0.02472955533,
681669814,0.0485672252,0.02382030309,
681869834,0.04942784221,0.02296243615,
682069854,0.04963638169,0.0220672021,
682269873,0.05008628,0.02054541148,
682469893,0.05045551033,0.01918861808,
682669913,0.05028439889,0.0176543861,
682869933,0.04992136015,0.01607766286,
683069952,0.04910294368,0.01460224118,
683269972,0.04813495397,0.01289517628,
683469992,0.04731054514,0.01202506965,
683670012,0.04588643559,0.01129461498,
683870031,0.04431287521,0.01059583778,
684070051,0.04292568439,0.0105261805,
684270071,0.04201549009,0.01064028218,
684470091,0.04053076616,0.01071671964,
684670110,0.03958500074,0.01036032566,
684870130,0.03910932609,0.01111387014,
685070150,0.03834997156,0.01143635466,
685270170,0.03789757593,0.01198106757,
685470189,0.03690471172,0.01239836297,
685670209,0.03593218369,0.01269888672,
685870229,0.03480941509,0.013323491,
686070249,0.03434464984,0.01454892513,
686270268,0.03475056693,0.01620763284,
686470288,0.0346546674,0.01738192274,
686670308,0.03581716374,0.01872944039,
686870328,0.03670181817,0.01943215832,
687070347,0.0381555749,0.01987011658,
687270367,0.04002767778,0.02009660531,
687470387,0.04146325143,0.01911232147,
687670407,0.04276044582,0.01787349694,
687870426,0.04348671812,0.01605245291,
688070446,0.04399186962,0.01475185981,
688270466,0.0430768913,0.01310448515,
688470486,0.04234492554,0.01121461467,
688670505,0.04137094575,0.01052125097,
688870525,0.03984983514,0.01005339503,
689070545,0.03789133987,0.009551754415,
689270565,0.03695907637,0.01022464901,
689470584,0.0361106189,0.01108842728,
689670604,0.03562397451,0.01157190945,
689870624,0.03567668907,0.01235668541,
690070644,0.03563958441,0.01274766421,
690270663,0.03583092464,0.01269034849,
690470683,0.03634105825,0.01296673573,
690670703,0.0361343094,0.01268059622,
690870723,0.03605101959,0.01197762588,
691070742,0.03578969949,0.01157801973,
691270762,0.03495526667,0.01115392006,
691470782,0.03483705551,0.01111019609,
691670802,0.03393553975,0.01065110907,
691870821,0.03343716722,0.01140638739,
692070841,0.03251584895,0.01127272362,
692270861,0.03205035393,0.01141095665,
692470881,0.03178653887,0.01152583758,
692670900,0.03123332158,0.01182613495,
692870920,0.03031678448,0.01158781225,
693070940,0.03001208594,0.01195619413,
693270960,0.02898916736,0.01221547606,
693470979,0.02751034033,0.01256225383,
693670999,0.02652471994,0.01330953734,
693871019,0.02542983695,0.0147457294,
694071039,0.02436037931,0.01570969298,
694271059,0.02402488949,0.01771772598,
694471078,0.02413761403,0.01954601509,
694671098,0.02421711061,0.02145361409,
694871118,0.0246320662,0.02309228815,
695071138,0.02520735983,0.02517579276,
695271157,0.02568093323,0.02595288371,
695471177,0.02641542771,0.02771127099,
695671197,0.02747331717,0.0289062794,
695871217,0.02834065351,0.0299490176,
696071236,0.02960792421,0.03081614593,
696271256,0.03091613234,0.03265486745,
696471276,0.03221399763,0.03326412861,
696671296,0.0337831087,0.03465241213,
696871315,0.03584968885,0.03549339334,
697071335,0.03798980035,0.03581565609,
697271355,0.04058609703,0.03604471848,
697471375,0.04294494735,0.03535857585,
697671394,0.04510468104,0.03425110945,
697871414,0.04734935955,0.03327072215,
698071434,0.04851823301,0.031490008,
698271454,0.04965234176,0.02963185016,
698471473,0.04970289996,0.0280356296,
698671493,0.04982988063,0.02658867923,
698871513,0.0496150994,0.025349269,
699071533,0.0492969715,0.02455362624,
699271552,0.04902330255,0.02441786388,
699471572,0.04889613899,0.02394548176,
699671592,0.04870204993,0.02413797221,
699871612,0.048866812,0.02407948054,
700071631,0.04935737405,0.02398090552,
700271651,0.0495401257,0.02354003782,
700471671,0.05002648868,0.02383631875,
700671691,0.05082760725,0.02341920867,
700871710,0.05089376348,0.02305987188,
701071730,0.05147806492,0.02274377258,
701271750,0.0512858122,0.02267109355,
701471770,0.05143297561,0.02274265426,
701671789,0.05199387501,0.02313715658,
701871809,0.05284175975,0.02259635391,
702071829,0.05277567489,0.02278530102,
702271849,0.05333587943,0.02253758371,
702471868,0.05424257361,0.02305379023,
702671888,0.05477149573,0.02185713185,
702871908,0.05530190657,0.02212331337,
703071928,0.05632240894,0.02153406999,
703271947,0.05667581651,0.02146333899,
703471967,0.05715066703,0.02127381692,
703671987,0.05793771458,0.02181893256,
703872007,0.05854882586,0.02212516246,
704072026,0.05950891904,0.0222671009,
704272046,0.0605707387,0.02245446056,
704472066,0.06222298465,0.02224206824,
704672086,0.0649650462,0.02285380563,
704872105,0.06693634449,0.02219058533,
705072125,0.06949501285,0.02061522973,
705272145,0.07176829574,0.01940286206,
705472165,0.07359505933,0.01690855007,
705672184,0.07524247046,0.0145421113,
705872204,0.07668679996,0.01220680426,
706072224,0.07803597516,0.009794325541,
706272244,0.07850407225,0.006716581498,
706472263,0.07879238019,0.003452214931,
706672283,0.0788109492,0.0009585061897,
706872303,0.078090866,-0.002427008761,
707072323,0.07793189107,-0.004584413551,
707272342,0.07695416191,-0.007152610812,
707472362,0.07637270356,-0.009766790879,
707672382,0.07519705307,-0.01194579927,
707872402,0.07369244796,-0.01435104906,
708072421,0.07218382618,-0.01665136151,
708272441,0.07036885787,-0.01835658159,
708472461,0.06769422688,-0.02009748776,
708672481,0.06599945389,-0.02100918724,
708872500,0.06397789252,-0.02222533041,
709072520,0.0619845878,-0.0230666405,
709272540,0.05981602106,-0.02310741763,
709472560,0.05801146996,-0.02357391039,
709672579,0.05635791095,-0.02346920486,
709872599,0.05509306418,-0.02301331981,
710072619,0.05354725458,-0.02303374241,
710272639,0.05179881081,-0.02287807282,
710472658,0.05080471917,-0.0226191573,
710672678,0.04910583627,-0.02253868782,
710872698,0.04849552743,-0.02173888313,
711072718,0.04734965131,-0.02110671091,
711272737,0.04626536408,-0.02025879191,
711472757,0.04571640869,-0.0195770152,
711672777,0.04543916327,-0.0181822702,
711872797,0.04596034892,-0.01689642701,
712072816,0.04618355722,-0.01626361478,
712272836,0.04706130187,-0.01587334453,
712472856,0.04852211291,-0.01563185908,
712672876,0.04957782799,-0.01576518756,
712872895,0.05094285203,-0.01622484994,
713072915,0.05206286434,-0.01725743411,
713272935,0.05277473514,-0.01917982123,
713472955,0.0529784208,-0.02001724868,
713672974,0.05333418374,-0.02203644011,
713872994,0.05341886617,-0.02382273935,
714073014,0.05301601475,-0.02639641715,
714273034,0.05242815217,-0.02833908562,
714473053,0.0515525874,-0.03030420175,
714673073,0.0504825066,-0.03210077183,
714873093,0.04925886666,-0.03464042391,
715073113,0.04712700307,-0.03639758151,
715273132,0.04510091225,-0.0379371369,
715473152,0.04288142589,-0.03980229175,
715673172,0.03997349273,-0.04081169717,
715873192,0.03693602981,-0.04112975027,
716073211,0.03367476786,-0.04129239185,
716273231,0.03103410153,-0.04125069926,
716473251,0.02826403586,-0.04012413238,
716673271,0.02568610145,-0.03895131683,
716873290,0.02434689138,-0.03722156354,
717073310,0.02283583151,-0.03587791105,
717273330,0.02200900953,-0.03406919174,
717473350,0.02114228847,-0.03318714414,
717673369,0.02075857153,-0.03182029177,
717873389,0.02076381204,-0.03068701213,
718073409,0.01999373374,-0.03054340884,
718273429,0.01926639068,-0.03010296105,
718473448,0.0194673559,-0.02932580454,
718673468,0.01916271478,-0.02879517074,
718873488,0.01870252728,-0.02859807004,
719073508,0.01813066674,-0.02823888687,
719273527,0.01739667264,-0.02827947461,
719473547,0.01727940091,-0.02787841874,
719673567,0.01657205628,-0.02826319508,
719873587,0.01644385054,-0.02824937098,
720073606,0.0156554841,-0.02892466858,
720273626,0.01520132843,-0.02934583302,
720473646,0.01377958875,-0.02976144838,
720673666,0.0127289962,-0.03106204454,
720873686,0.01082604288,-0.03073682145,
721073705,0.008199623659,-0.03138979065,
721273725,0.006101741376,-0.03125080306,
721473745,0.003101938962,-0.03024256733,
721673765,0.0004843077239,-0.02915006956,
721873784,-0.001867863216,-0.0271002399,
722073804,-0.004146694651,-0.02499340628,
722273824,-0.005843499973,-0.02269926532,
722473844,-0.007252661556,-0.01971745356,
722673863,-0.007983365202,-0.01679690324,
722873883,-0.008698741484,-0.01412635846,
723073903,-0.008863962675,-0.01108757605,
723273923,-0.009077717941,-0.007881870854,
723473942,-0.008575016524,-0.005428741218,
723673962,-0.007814815244,-0.002619108218,
723873982,-0.006968443527,0.0001324749125,
724074002,-0.005826031407,0.002573132042,
724274021,-0.004004393019,0.00463255631,
724474041,-0.002397096308,0.006693692815,
724674061,-0.0005075360972,0.008052513797,
724874081,0.001430901141,0.009313584818,
725074100,0.003178199258,0.009971187581,
725274120,0.004876153267,0.01027376689,
725474140,0.006525821626,0.01012251121,
725674160,0.007730194967,0.01053039226,
725874179,0.008976363729,0.01047023884,
726074199,0.009780129269,0.01069452574,
726274219,0.01052459441,0.01116478607,
726474239,0.01086736555,0.01079145258,
726674258,0.01196519826,0.01109331487,
726874278,0.01278004625,0.01138880974,
727074298,0.01351106399,0.01171332661,
727274318,0.01484104607,0.01213802068,
727474337,0.01611237863,0.0120589343,
727674357,0.01681379773,0.01154741618,
727874377,0.01745469129,0.01113407717,
728074397,0.01884952399,0.01085636315,
728274416,0.01911053437,0.01057100566,
728474436,0.01948177791,0.009955027669,
728674456,0.0199703471,0.009685060059,
728874476,0.01980734434,0.009669581904,
729074495,0.02014457126,0.009422714943,
729274515,0.0202734218,0.009524440199,
729474535,0.02077588511,0.009420566943,
729674555,0.0211433654,0.009615184105,
729874574,0.0218615506,0.009382559862,
730074594,0.02201290757,0.009174989575,
730274614,0.02270972421,0.008874485183,
730474634,0.02306731822,0.008750137293,
730674653,0.02296381197,0.008122843021,
730874673,0.02318051172,0.00774517189,
731074693,0.02242618158,0.007414788534,
731274713,0.02206372842,0.008049733367,
731474732,0.02165055046,0.008092899978,
731674752,0.02152001213,0.00911056459,
731874772,0.02185878349,0.009751993602,
732074792,0.02228896049,0.01053879174,
732274811,0.02365266762,0.01174863358,
732474831,0.02484106491,0.01202564052,
732674851,0.02586608551,0.01169392523,
732874871,0.02704094129,0.01156744142,
733074890,0.02838354568,0.01118818943,
733274910,0.02889491084,0.009881922906,
733474930,0.02970532371,0.009759162826,
733674950,0.0297807551,0.008493910381,
733874969,0.02971608781,0.008102160593,
734074989,0.02952084477,0.007861945751,
734275009,0.02981290378,0.007817588351,
734475029,0.030148061,0.007927292207,
734675048,0.03035553205,0.008177846602,
734875068,0.03144503151,0.008892733859,
735075088,0.03271901643,0.008369713699,
735275108,0.03437042308,0.008415961752,
735475127,0.03547046255,0.007109383112,
735675147,0.03676828107,0.00619148397,
735875167,0.0382449451,0.004701233398,
736075187,0.03869667921,0.002650855717,
736275206,0.03939196182,0.001139281523,
736475226,0.0394912602,-0.0007864625216,
736675246,0.03877229335,-0.00323891398,
736875266,0.03844138785,-0.00516665023,
737075285,0.03679544957,-0.007317101068,
737275305,0.03584505923,-0.008627281123,
737475325,0.03415354065,-0.009906643639,
737675345,0.03251419178,-0.01073548276,
737875364,0.03106002291,-0.0112508335,
738075384,0.0289980482,-0.01165644885,
738275404,0.02735661339,-0.01181768532,
738475424,0.02589786144,-0.0107770558,
738675443,0.02464113577,-0.01014452739,
738875463,0.02325350001,-0.009673467318,
739075483,0.0226685393,-0.008642889086,
739275503,0.02202376243,-0.007491706167,
739475522,0.02176773173,-0.006353632571,
739675542,0.02186232232,-0.005166783192,
739875562,0.0225919248,-0.004686728938,
740075582,0.02235809706,-0.00487914613,
740275601,0.02291240878,-0.004201813691,
740475621,0.02336610351,-0.004702122624,
740675641,0.02296598486,-0.004649036089,
740875661,0.02267877593,-0.005467924583,
741075680,0.02184406279,-0.005865892714,
741275700,0.02118279385,-0.005135398108,
741475720,0.02009267588,-0.005242708413,
741675740,0.01921693034,-0.003862579373,
741875759,0.01834687819,-0.003203195823,
742075779,0.01849194444,-0.001553222152,
742275799,0.01852809271,-0.0005401106339,
742475819,0.01903164632,0.001675393187,
742675838,0.0197066968,0.00231927197,
742875858,0.02113414154,0.003757789965,
743075878,0.02251414301,0.004567524192,
743275898,0.02384954247,0.00418261629,
743475917,0.02529684524,0.004264179571,
743675937,0.02660806119,0.003694972622,
743875957,0.02742797209,0.003313095013,
744075977,0.0283891529,0.001851145024,
744275996,0.02879391885,0.001079417403,
744476016,0.02946061372,0.0002422554924,
744676036,0.02980951604,-0.001177090157,
744876056,0.02969855082,-0.002111912575,
745076075,0.02924158598,-0.002999255583,
745276095,0.02882917432,-0.004233096807,
745476115,0.02808704387,-0.004957074291,
745676135,0.02718796492,-0.005569419417,
745876154,0.02623866397,-0.005818222651,
746076174,0.02461311971,-0.006013862695,
746276194,0.02399268079,-0.005250618716,
746476214,0.02355200415,-0.004465183875,
746676233,0.02303568866,-0.003306363201,
746876253,0.02262825141,-0.002430320193,
747076273,0.02340683678,-0.0008914673332,
747276293,0.02394321388,0.0004949462227,
747476313,0.02541170659,0.0009338623917,
747676332,0.02652949075,0.001562190698,
747876352,0.02813511244,0.001221137748,
748076372,0.02990434364,0.001009174672,
748276392,0.03128581667,0.0003015652099,
748476411,0.03227054269,-0.0008159825824,
748676431,0.0328628958,-0.002296740322,
748876451,0.03290136077,-0.004343863413,
749076471,0.03335190976,-0.005661062035,
749276490,0.03312232301,-0.007338526647,
749476510,0.03242820909,-0.00868563381,
749676530,0.03247332844,-0.009394153069,
749876550,0.03207325532,-0.01063610406,
750076569,0.03078797587,-0.01199332723,
750276589,0.03037497228,-0.0126460898,
750476609,0.02987618286,-0.01317859432,
750676629,0.0287526945,-0.01394954059,
750876648,0.02754615644,-0.01477099263,
751076668,0.02677690672,-0.01538849558,
751276688,0.02549737535,-0.01577981656,
751476708,0.02498511419,-0.01604417713,
751676727,0.02360502965,-0.01621694618,
751876747,0.02307499926,-0.01561699872,
752076767,0.02234789899,-0.01575669364,
752276787,0.02175824426,-0.01574187007,
752476806,0.02068303998,-0.01561549865,
752676826,0.02032779738,-0.01559534644,
752876846,0.01965146797,-0.01528840092,
753076866,0.01927273422,-0.015037188,
753276885,0.01830593848,-0.01500926155,
753476905,0.01748228671,-0.01513097505,
753676925,0.01689120853,-0.01490258694,
753876945,0.0156481576,-0.01413705254,
754076964,0.0146317582,-0.01428623956,
754276984,0.0146964412,-0.01355951864,
754477004,0.01445953862,-0.01257360679,
754677024,0.01411621312,-0.01230630223,
754877043,0.01412634997,-0.0111307779,
755077063,0.01385483423,-0.0112275946,
755277083,0.01383501505,-0.01079187788,
755477103,0.01369812038,-0.01059104146,
755677122,0.01396934135,-0.01016876246,
755877142,0.01325442957,-0.01047687184,
756077162,0.01315105365,-0.009846294927,
756277182,0.01329596136,-0.0091929735,
756477201,0.01273684925,-0.009031852042,
756677221,0.01220676688,-0.008582690964,
756877241,0.01246777795,-0.007664759118,
757077261,0.012678982,-0.007080978424,
757277280,0.01303912822,-0.006250195506,
757477300,0.01346820552,-0.006061376389,
757677320,0.01454249941,-0.005895716617,
757877340,0.01542980224,-0.006077570375,
758077359,0.01556240682,-0.006856740213,
758277379,0.01625475651,-0.007255272724,
758477399,0.01624825275,-0.007618962469,
758677419,0.01617901595,-0.008224383857,
758877438,0.01557106147,-0.009169850416,
759077458,0.01518796197,-0.009908318842,
759277478,0.01440184973,-0.01020187596,
759477498,0.013487482,-0.01025553384,
759677517,0.01353455985,-0.009732889842,
759877537,0.01290643563,-0.00979800657,
760077557,0.01223893359,-0.009886975588,
760277577,0.01195248358,-0.00970925448,
760477596,0.01132503175,-0.009501674298,
760677616,0.01113928151,-0.009379407602,
760877636,0.01093623179,-0.009305416154,
761077656,0.01019300116,-0.009343257561,
761277675,0.009865020657,-0.008676694844,
761477695,0.009006343862,-0.008909296076,
761677715,0.009027358814,-0.007757747319,
761877735,0.008175828567,-0.007159164514,
762077754,0.008257861249,-0.006750786658,
762277774,0.008265151015,-0.005735193429,
762477794,0.008862154812,-0.005047505251,
762677814,0.009403559854,-0.004398021362,
762877833,0.009661393874,-0.00482804554,
763077853,0.009652688733,-0.004669636654,
763277873,0.01027425675,-0.004601005895,
763477893,0.01022090435,-0.005512358143,
763677912,0.01063213246,-0.005267295599,
763877932,0.01008990975,-0.005552037379,
764077952,0.009729112606,-0.006217353665,
764277972,0.009069163054,-0.006621919798,
764477991,0.008492905405,-0.006022667313,
764678011,0.008288642636,-0.005375271587,
764878031,0.007950176277,-0.005578822914,
765078051,0.007480639082,-0.004966215449,
765278070,0.007266448875,-0.005296138445,
765478090,0.007197137356,-0.004712159683,
765678110,0.007430278842,-0.004255984045,
765878130,0.007370803297,-0.003885951785,
766078149,0.00732012188,-0.004268830402,
766278169,0.007343622405,-0.004041554677,
766478189,0.00699276886,-0.004010073265,
766678209,0.00683783546,-0.003994133382,
766878228,0.006205882257,-0.004222355963,
767078248,0.00603409487,-0.003778480303,
767278268,0.005982880945,-0.003565068617,
767478288,0.005298098067,-0.00371830028,
767678307,0.005182365943,-0.003365819571,
767878327,0.004694687615,-0.00334649936,
768078347,0.003889648572,-0.003403708558,
768278367,0.003673065695,-0.003250469828,
768478386,0.003167255858,-0.002154156375,
768678406,0.002255197815,-0.002457523102,
768878426,0.001830213788,-0.00107497172,
769078446,0.0009399118501,-0.0004812201236,
769278465,0.0006397932905,0.0003412280356,
769478485,0.0001428214516,0.0009849192602,
769678505,0.0005200649123,0.002486345234,
769878525,0.000620404408,0.003379721956,
770078544,0.0011213019,0.004712194224,
770278564,0.001112172819,0.005170206297,
770478584,0.001736909806,0.006193955763,
770678604,0.002262054596,0.006911704198,
770878623,0.0021726045,0.0068006385,
771078643,0.002769797599,0.007351081399,
771278663,0.002868909405,0.007724159696,
771478683,0.002932857937,0.008369505713,
771678702,0.003303564927,0.008840009616,
771878722,0.002826465606,0.008983241572,
772078742,0.003533199473,0.01041960475,
772278762,0.003564226765,0.01029279595,
772478781,0.00415422725,0.01104139284,
772678801,0.004770362385,0.0116103951,
772878821,0.005001989881,0.01249675524,
773078841,0.005889865575,0.01290903752,
773278860,0.006399256311,0.01362895637,
773478880,0.006588785694,0.01365907682,
773678900,0.0070796307,0.01442570128,
773878920,0.007967051897,0.01455155373,
774078940,0.008473920351,0.01508317811,
774278959,0.009007115295,0.01563916536,
774478979,0.01012079948,0.0165564375,
774678999,0.01146526806,0.01705698123,
774879019,0.01279204556,0.01754671411,
775079038,0.01457079586,0.01835022308,
775279058,0.01567571869,0.01743142594,
775479078,0.01725054298,0.01731514779,
775679098,0.01878018391,0.01666551316,
775879117,0.02027751926,0.01549844735,
776079137,0.02125350253,0.01419919493,
776279157,0.02210158509,0.01328422759,
776479177,0.02302998793,0.01185366596,
776679196,0.02375690792,0.01082886854,
776879216,0.02388690147,0.008818267746,
777079236,0.02432501448,0.008287531429,
777279256,0.02492341308,0.006842522251,
777479275,0.02481435973,0.004946918659,
777679295,0.02469900025,0.003327134562,
777879315,0.02488235354,0.002674748251,
778079335,0.02428650723,0.0005096902028,
778279354,0.02325220267,-0.000891618142,
778479374,0.02219590118,-0.002686444669,
778679394,0.02084225207,-0.003348657477,
778879414,0.01933418407,-0.004404055006,
779079433,0.01823487796,-0.0043894516,
779279453,0.01667925497,-0.005283397025,
779479473,0.01555211897,-0.004491710305,
779679493,0.01512040113,-0.003990956926,
779879512,0.01402193157,-0.004059522082,
780079532,0.01372167457,-0.003543329628,
780279552,0.01347160085,-0.003719872275,
780479572,0.01330586325,-0.003382254686,
780679591,0.01296699428,-0.004251361765,
780879611,0.01267001664,-0.004102641395,
781079631,0.01197123823,-0.005117820263,
781279651,0.01131069567,-0.005268538924,
781479670,0.01042050434,-0.005437407471,
781679690,0.009349656546,-0.006097574596,
781879710,0.00860577502,-0.005396007611,
782079730,0.007475345246,-0.005458522589,
782279749,0.006351861952,-0.005183113442,
782479769,0.005281027886,-0.004812487065,
782679789,0.004588079799,-0.004220637715,
782879809,0.003922336841,-0.003831960693,
783079828,0.002973838583,-0.003210927336,
783279848,0.002160373171,-0.002917291485,
783479868,0.001592069238,-0.002058051669,
783679888,0.0006247001301,-0.001011855151,
783879907,-0.0001377179708,1.79866052e-05,
784079927,-0.001117770951,0.0002763633253,
784279947,-0.00157059033,0.002151514148,
784479967,-0.002451926119,0.003142408789,
784679986,-0.003037696446,0.004788930312,
784880006,-0.002837868741,0.006185115619,
785080026,-0.00292508802,0.007603382726,
785280046,-0.001986615911,0.009070689642,
785480065,-0.001358676627,0.01037349512,
785680085,-0.001162202452,0.01086616891,
785880105,-0.0001887856513,0.01227330625,
786080125,0.0004046534412,0.0121093671,
786280144,0.001159298602,0.01290155445,
786480164,0.002109870244,0.0130940337,
786680184,0.002731419495,0.01339585717,
786880204,0.003205560918,0.01386456447,
787080223,0.003706376942,0.01413225268,
787280243,0.003627493961,0.01358504092,
787480263,0.004034262181,0.01371898902,
787680283,0.004310856344,0.01316634326,
787880302,0.004711712883,0.01355278318,
788080322,0.004332905746,0.01328412223,
788280342,0.004484636354,0.01343857213,
788480362,0.00404740463,0.01317557422,
788680381,0.003734116231,0.01413903387,
788880401,0.003059951799,0.01409479448,
789080421,0.002720015186,0.01484310104,
789280441,0.002821497139,0.01563294536,
789480460,0.002457141824,0.01657975402,
789680480,0.002708002378,0.01767069622,
789880500,0.003184215898,0.01855562932,
790080520,0.00381650249,0.01959777233,
790280539,0.004385826149,0.02060567654,
790480559,0.005091300689,0.02099650592,
790680579,0.00625618521,0.02172996164,
790880599,0.006913234877,0.02207087553,
791080618,0.007964841482,0.02236298388,
791280638,0.008206557561,0.02256345418,
791480658,0.008827298013,0.02273229534,
791680678,0.009486781557,0.02302990736,
791880697,0.01060900749,0.02402446219,
792080717,0.01107285116,0.02391976766,
792280737,0.01211756691,0.02400905961,
792480757,0.0134342067,0.02468627677,
792680776,0.01474449744,0.02453230597,
792880796,0.01608185512,0.02397716557,
793080816,0.01712696332,0.02365888206,
793280836,0.01855649984,0.02279397177,
793480855,0.01957835803,0.0218602146,
793680875,0.02004001528,0.02046695898,
793880895,0.02054205018,0.01956681355,
794080915,0.02087230244,0.0187158437,
794280934,0.02106236647,0.01763707825,
794480954,0.0208724013,0.01637808732,
794680974,0.02079236269,0.01592036023,
794880994,0.02056299642,0.01502475626,
795081013,0.02065369541,0.014701422,
795281033,0.02021191294,0.01341743597,
795481053,0.0198061464,0.01331572277,
795681073,0.01955103748,0.01284022085,
795881092,0.0193139223,0.01174188296,
796081112,0.01879762857,0.01166996897,
796281132,0.01847646501,0.01160897212,
796481152,0.01798618636,0.01123478722,
796681171,0.01713469355,0.01064788855,
796881191,0.01697689505,0.01112691017,
797081211,0.01662996873,0.0114765529,
797281231,0.01601269621,0.01107042757,
797481250,0.01597055123,0.01185321141,
797681270,0.01544092344,0.01201424249,
797881290,0.01508509352,0.01202802857,
798081310,0.01520034427,0.01267125321,
798281329,0.01506138831,0.01246090943,
798481349,0.01532298787,0.0130811013,
798681369,0.01490655499,0.01285568095,
798881389,0.0149291635,0.01367144904,
799081408,0.01495158758,0.01385349984,
799281428,0.01478435305,0.01417238908,
799481448,0.01498211849,0.0145130511,
799681468,0.01526328369,0.01469364569,
799881487,0.01569710005,0.01452707322,
800081507,0.01647710848,0.01519833526,
800281527,0.01678237464,0.01558031129,
800481547,0.01741912957,0.01545141438,
800681567,0.01739036427,0.01488723267,
800881586,0.01814703842,0.01504509407,
801081606,0.01832177758,0.01456107075,
801281626,0.01857790721,0.01402174475,
801481646,0.01881339267,0.01389366151,
801681665,0.01909246267,0.01347518213,
801881685,0.01881634924,0.01322886148,
802081705,0.01920952841,0.01367502503,
802281725,0.01920709248,0.01334678681,
802481744,0.01944173316,0.01312696838,
802681764,0.02012356536,0.01306911186,
802881784,0.02008089082,0.01267789538,
803081804,0.02088339433,0.01250964528,
803281823,0.02096268485,0.0117591233,
803481843,0.02120606681,0.01165193747,
803681863,0.02115509878,0.01002105486,
803881883,0.02128493827,0.00958591256,
804081902,0.02122981187,0.009806511484,
804281922,0.02113607523,0.008549003029,
804481942,0.02121193782,0.008679669211,
804681962,0.02079673679,0.008007078965,
804881981,0.02079699787,0.007523836041,
805082001,0.02050907491,0.007556518562,
805282021,0.02042143668,0.007130859763,
805482041,0.02015573741,0.005731522927,
805682060,0.02035813508,0.005377024479,
805882080,0.01996239966,0.004375917556,
806082100,0.01967919521,0.00416813823,
806282120,0.01913796132,0.003319469166,
806482139,0.0184039319,0.002999898523,
806682159,0.01783697303,0.001979751652,
806882179,0.01723773162,0.001914363171,
807082199,0.01642807158,0.001652758806,
807282218,0.01552358179,0.001235390021,
807482238,0.01499365315,0.0008749632417,
807682258,0.01439436416,0.001050024083,
807882278,0.01382493081,0.0003752632032,
808082297,0.01326919091,-0.0001568801558,
808282317,0.01221916125,-0.0001416096224,
808482337,0.01151114955,-0.001022095918,
808682357,0.01050879572,-0.001077102921,
808882376,0.009153216581,-0.001514091387,
809082396,0.007440782865,-0.001317044761,
809282416,0.006211254046,-0.001366487595,
809482436,0.004410167434,-0.0009202079243,
809682455,0.003225721237,-5.29508817e-05,
809882475,0.001892561006,0.0006422024597,
810082495,0.0005731272409,0.00153540495,
810282515,-0.0005975351646,0.002629689984,
810482534,-0.001461179639,0.003551329714,
810682554,-0.002161683175,0.005629178601,
810882574,-0.003105417123,0.005970582945,
811082594,-0.003583182274,0.008125396804,
811282613,-0.00416175297,0.008326622043,
811482633,-0.004632232254,0.009941515359,
811682653,-0.004882609282,0.01231266589,
811882673,-0.005142454162,0.01345373248,
812082692,-0.005360962606,0.01505102097,
812282712,-0.005039903333,0.0162994545,
812482732,-0.004649439501,0.01747237453,
812682752,-0.003994692625,0.01930397521,
812882771,-0.003323928746,0.01989764387,
813082791,-0.002661156269,0.02078995442,
813282811,-0.002215605633,0.02154454142,
813482831,-0.001568010484,0.0222196373,
813682850,-0.001220154015,0.02213230133,
813882870,-0.0008271718581,0.02285766925,
814082890,-0.0006248296122,0.02310259162,
814282910,-0.0005792805123,0.02325317862,
814482929,-0.000376780806,0.02434206199,
814682949,-0.0003435138448,0.02457696604,
814882969,-0.0001867234314,0.02565997715,
815082989,0.0002093424009,0.02649289629,
815283008,0.0007547881971,0.0276756476,
815483028,0.001291784829,0.02872379053,
815683048,0.001761254608,0.02957667316,
815883068,0.0027073345,0.03044484387,
816083087,0.003202398084,0.03120952069,
816283107,0.004182623639,0.03187794102,
816483127,0.00558229622,0.03226334224,
816683147,0.006409951301,0.03203744606,
816883166,0.007692999253,0.03288581365,
817083186,0.008476051575,0.03312044838,
817283206,0.00942583249,0.03280528089,
817483226,0.0107905946,0.03262443425,
817683245,0.01139810895,0.0317176268,
817883265,0.01206949309,0.03139997529,
818083285,0.01306343196,0.03088879202,
818283305,0.01314802194,0.02992655437,
818483324,0.01343415395,0.02955346085,
818683344,0.0137043854,0.0282592749,
818883364,0.01370139586,0.02842192691,
819083384,0.01278412805,0.02754678085,
819283403,0.01255124131,0.02747460233,
819483423,0.01196659624,0.02766850326,
819683443,0.0111113037,0.02764485349,
819883463,0.01092925851,0.02835705598,
820083482,0.01038735685,0.0284196434,
820283502,0.01004290564,0.02877528424,
820483522,0.009583382022,0.03014035957,
820683542,0.009485295999,0.03086564097,
820883561,0.00928874561,0.03178328822,
821083581,0.009751850264,0.03281188806,
821283601,0.009694103405,0.03425093483,
821483621,0.01042196821,0.03515230945,
821683640,0.01124972573,0.03658135759,
821883660,0.01191385183,0.03777201716,
822083680,0.01320791071,0.03880861246,
822283700,0.01473045256,0.03970523955,
822483719,0.01595185753,0.03991808548,
822683739,0.01777472059,0.04038925736,
822883759,0.0195338134,0.04086549487,
823083779,0.02173542475,0.04078452034,
823283798,0.02376307508,0.04046987598,
823483818,0.02521554383,0.03961999688,
823683838,0.02674057605,0.03830273357,
823883858,0.02810663518,0.03722330536,
824083877,0.02860299724,0.03598357777,
824283897,0.02980187402,0.03455741955,
824483917,0.03022684168,0.03304003866,
824683937,0.03044631123,0.03248864568,
824883956,0.0304603565,0.03092628138,
825083976,0.03084521562,0.02987032121,
825283996,0.03071161644,0.02853386115,
825484016,0.03034783832,0.02767427594,
825684035,0.03006782352,0.02658212935,
825884055,0.02964418722,0.02525600758,
826084075,0.02918997298,0.02466334045,
826284095,0.02877304566,0.02355309264,
826484114,0.02827666854,0.02304526034,
826684134,0.02726005785,0.02262439609,
826884154,0.02681910603,0.0226083314,
827084174,0.02572408673,0.02238625783,
827284194,0.02503674198,0.02194599944,
827484213,0.02428607949,0.02240877621,
827684233,0.02382942064,0.0222980966,
827884253,0.02310912708,0.02284386302,
828084273,0.0228472724,0.02272666765,
828284292,0.0224830724,0.02372174096,
828484312,0.02177771892,0.02355537098,
828684332,0.02146395479,0.02364090899,
828884352,0.02120788353,0.0246733292,
829084371,0.02037675663,0.02459984038,
829284391,0.02027260675,0.02529246278,
829484411,0.01969555956,0.02595695592,
829684431,0.01979873174,0.02732528412,
829884450,0.02003304151,0.02857452187,
830084470,0.02017850334,0.02970473801,
830284490,0.02042856512,0.03028366368,
830484510,0.02129318206,0.03157446193,
830684529,0.02194207703,0.0321897665,
830884549,0.02284449327,0.03279297738,
831084569,0.02414639583,0.03348910714,
831284589,0.02513018063,0.03344930664,
831484608,0.02638344655,0.03386812553,
831684628,0.02714233192,0.03355101053,
831884648,0.0287306531,0.03430178137,
832084668,0.02958427281,0.03396793819,
832284687,0.0307324251,0.03361838454,
832484707,0.03174106769,0.03259561106,
832684727,0.03272590363,0.03289348126,
832884747,0.0337883503,0.03257935202,
833084766,0.03464695012,0.03104662755,
833284786,0.0355262479,0.03089493727,
833484806,0.03620117736,0.03000621647,
833684826,0.03674651416,0.02884561661,
833884845,0.03711993056,0.02773696131,
834084865,0.03785444564,0.02657630596,
834284885,0.03784236872,0.02535583432,
834484905,0.03803399212,0.02407832003,
834684924,0.03787652891,0.02298958777,
834884944,0.03757011787,0.0224160396,
835084964,0.03780800989,0.02158322383,
835284984,0.03724188382,0.02076565689,
835485003,0.03676364984,0.02025166999,
835685023,0.03656880499,0.01949785169,
835885043,0.03629279517,0.01894503471,
836085063,0.03573716705,0.01860567118,
836285082,0.03544934767,0.01818094248,
836485102,0.0354427785,0.01805374815,
836685122,0.03493274652,0.01742733464,
836885142,0.0351176552,0.01687120699,
837085161,0.03506419715,0.01723292271,
837285181,0.03429575116,0.01616180632,
837485201,0.0345483236,0.01589263354,
837685221,0.03476793875,0.01511396953,
837885240,0.0347528345,0.01513350409,
838085260,0.03443006748,0.01412917036,
838285280,0.0341019894,0.01337892418,
838485300,0.03371178316,0.01210318079,
838685319,0.03303088057,0.01184472206,
838885339,0.03207319706,0.0104255676,
839085359,0.03090274334,0.009812602342,
839285379,0.02959589343,0.009457551407,
839485398,0.02868809836,0.008760835583,
839685418,0.02739183432,0.008918927243,
839885438,0.02607286964,0.009019917292,
840085458,0.02513564271,0.009930568278,
840285477,0.02390369938,0.01012917914,
840485497,0.02285814848,0.01071628532,
840685517,0.0219307295,0.0111205478,
840885537,0.02147408724,0.01208423437,
841085556,0.02115174659,0.01291359396,
841285576,0.02050434202,0.0137819439,
841485596,0.02004770536,0.01491683347,
841685616,0.01953045991,0.01557700284,
841885635,0.01947996532,0.01676513071,
842085655,0.01943138131,0.01748224971,
842285675,0.01943159855,0.01862028296,
842485695,0.01938893827,0.01926121653,
842685714,0.01973928361,0.02007261872,
842885734,0.02033518788,0.02056344891,
843085754,0.02108876314,0.02166989563,
843285774,0.02178207724,0.02193517924,
843485793,0.02206309528,0.02253427,
843685813,0.02300099539,0.02256432707,
843885833,0.02389917567,0.02292132781,
844085853,0.02412807683,0.02254303751,
844285872,0.02481829595,0.02267201146,
844485892,0.02515013231,0.02278143218,
844685912,0.02589972045,0.02237128591,
844885932,0.026324942,0.02198465574,
845085951,0.02699133407,0.02120719501,
845285971,0.02702963578,0.02102123084,
845485991,0.02723913139,0.0210521451,
845686011,0.02783007451,0.02031592927,
845886030,0.0277345294,0.01970383273,
846086050,0.02753070822,0.01888681859,
846286070,0.02726718726,0.01774587657,
846486090,0.02688009047,0.01745754178,
846686109,0.02655407003,0.01706094114,
846886129,0.02632420476,0.01672506699,
847086149,0.0255146448,0.01665140258,
847286169,0.02478611298,0.0161940873,
847486188,0.02392169595,0.01595503735,
847686208,0.0235987852,0.01605009409,
847886228,0.02292235377,0.01667519741,
848086248,0.02233463371,0.01651697646,
848286267,0.02235429807,0.01651104686,
848486287,0.02174879864,0.01667760158,
848686307,0.02170142392,0.01729484914,
848886327,0.02095774886,0.01734081376,
849086346,0.02087352951,0.01745155751,
849286366,0.02031360747,0.01782057699,
849486386,0.02051962649,0.01823846384,
849686406,0.02025376275,0.0180255567,
849886425,0.01970523107,0.01812134545,
850086445,0.01962288774,0.01850073961,
850286465,0.01948039501,0.01925078896,
850486485,0.01937868757,0.01857440065,
850686504,0.01880106545,0.01857850357,
850886524,0.01810082805,0.01842848802,
851086544,0.01767504019,0.01878681382,
851286564,0.01748893209,0.01851210773,
851486583,0.01678857166,0.01890458802,
851686603,0.01572922568,0.01908625722,
851886623,0.01488184355,0.02014162999,
852086643,0.01407713696,0.02095716449,
852286662,0.01324712477,0.02101607169,
852486682,0.01251658652,0.02165274447,
852686702,0.01186532105,0.02293581225,
852886722,0.01130250258,0.02363488079,
853086741,0.01097943434,0.02561157284,
853286761,0.0108011383,0.02634821679,
853486781,0.01057760418,0.02805718183,
853686801,0.01030978648,0.02889837701,
853886821,0.01039791976,0.0300591199,
854086840,0.01089627267,0.03132174567,
854286860,0.01077565716,0.03297265436,
854486880,0.01072338113,0.03367999567,
854686900,0.01117562628,0.03418719132,
854886919,0.01146256465,0.03613288513,
855086939,0.0118620017,0.03714439719,
855286959,0.01258450365,0.03799505363,
855486979,0.01296191571,0.03926069225,
855686998,0.01386253044,0.03993512057,
855887018,0.01416314991,0.04088080786,
856087038,0.01493405917,0.04198022831,
856287058,0.01572192119,0.04290803649,
856487077,0.01684505112,0.04394683563,
856687097,0.01766686693,0.0446687886,
856887117,0.01864131696,0.04540637838,
857087137,0.01960993646,0.04631631648,
857287156,0.02064543532,0.04732677663,
857487176,0.02209054258,0.04802438052,
857687196,0.02352105461,0.04916406114,
857887216,0.02488773638,0.04963804663,
858087235,0.02683712998,0.04973151136,
858287255,0.02817112223,0.05008364102,
858487275,0.03022407115,0.05000763327,
858687295,0.03179389585,0.04953294488,
858887314,0.03345019152,0.04914675882,
859087334,0.03453476086,0.04869184977,
859287354,0.0356758511,0.04735340626,
859487374,0.036697019,0.04641521847,
859687393,0.03782645828,0.04563102409,
859887413,0.0382805671,0.04479107872,
860087433,0.03901369042,0.04349708157,
860287453,0.0393344838,0.04238147765,
860487472,0.0392774881,0.04166322969,
860687492,0.03924268811,0.04078223306,
860887512,0.03929681012,0.04012840429,
861087532,0.03917090031,0.03972942679,
861287551,0.03830047302,0.03952691688,
861487571,0.03820544432,0.0394809236,
861687591,0.03757220686,0.03935640421,
861887611,0.03727898041,0.03897154883,
862087630,0.03716281095,0.04000133261,
862287650,0.03756160203,0.04037213345,
862487670,0.03774574664,0.04105750959,
862687690,0.03784972143,0.04150172748,
862887709,0.03830479695,0.04182738639,
863087729,0.03957179924,0.04255599181,
863287749,0.04025301516,0.04312833672,
863487769,0.04065109976,0.0432740765,
863687788,0.04196392716,0.04291052113,
863887808,0.04288193384,0.04320423041,
864087828,0.04353034783,0.04288844821,
864287848,0.04405242463,0.04236307241,
864487867,0.04491988832,0.04277098477,
864687887,0.04602705817,0.04213376758,
864887907,0.04657035556,0.04164506715,
865087927,0.04756085663,0.04179087446,
865287946,0.04827951357,0.04072041665,
865487966,0.04891503421,0.04074182665,
865687986,0.04988813673,0.03970693251,
865888006,0.05056573629,0.0398872231,
866088025,0.0511667262,0.03892532053,
866288045,0.051433622,0.03777312892,
866488065,0.0520402687,0.03685149788,
866688085,0.05239255355,0.03630688458,
866888104,0.05232638258,0.03504528191,
867088124,0.05241501951,0.03419934564,
867288144,0.05236954768,0.03377402961,
867488164,0.05224225168,0.03384576504,
867688183,0.05210968389,0.03242545301,
867888203,0.0523443054,0.03240772795,
868088223,0.05213805786,0.03203141394,
868288243,0.05129818179,0.03130011906,
868488262,0.05179449821,0.03118765838,
868688282,0.05158110457,0.03098366405,
868888302,0.05155352632,0.03091038439,
869088322,0.05161371166,0.03085860828,
869288341,0.05112081358,0.03081121061,
869488361,0.05118938135,0.03020641419,
869688381,0.05135678066,0.03026255551,
869888401,0.05134463714,0.03051537697,
870088420,0.05175596611,0.03022986501,
870288440,0.05232910935,0.03064884879,
870488460,0.05224952119,0.03067268944,
870688480,0.05273597144,0.0304617985,
870888499,0.05310523436,0.03019066294,
871088519,0.05382287232,0.03002333434,
871288539,0.05426510233,0.02923427242,
871488559,0.05463763241,0.02918449029,
871688578,0.05505992662,0.02863534249,
871888598,0.0555946172,0.02799245823,
872088618,0.05551562146,0.02726591304,
872288638,0.05561828828,0.02635104952,
872488657,0.05619268097,0.02580718872,
872688677,0.0557262495,0.025103235,
872888697,0.05575538857,0.02511163259,
873088717,0.05584633686,0.02415231942,
873288736,0.05578013432,0.02362497322,
873488756,0.05563076276,0.02279939546,
873688776,0.05544999635,0.02268279311,
873888796,0.05541985357,0.02167012476,
874088815,0.05494599541,0.02151804068,
874288835,0.05444512932,0.02112536112,
874488855,0.05439585057,0.02086835914,
874688875,0.05370599736,0.02060798495,
874888894,0.0532519648,0.02014147858,
875088914,0.05291024671,0.02036152399,
875288934,0.05315565909,0.02035365189,
875488954,0.05274296449,0.02058896541,
875688973,0.05246177424,0.0201751839,
875888993,0.0526574356,0.02074176089,
876089013,0.05266029058,0.01993342954,
876289033,0.0527014544,0.0203198631,
876489052,0.05261950434,0.01962955858,
876689072,0.05230460911,0.01964277244,
876889092,0.05231327516,0.01911096853,
877089112,0.05213288844,0.01891739322,
877289131,0.0515581915,0.01874040703,
877489151,0.05158971359,0.01817467765,
877689171,0.05130481149,0.01851556562,
877889191,0.05146946064,0.01874541526,
878089210,0.05112084704,0.01896473283,
878289230,0.05123537991,0.0182589264,
878489250,0.0509813522,0.01875117884,
878689270,0.05110878033,0.01867504152,
878889289,0.05102186096,0.01886123006,
879089309,0.05068901893,0.01793545824,
879289329,0.0508448695,0.01800791184,
879489349,0.05053832769,0.01834401372,
879689368,0.05074928528,0.01826923988,
879889388,0.05048026607,0.01768333685,
880089408,0.05000210024,0.01752165708,
880289428,0.05004861041,0.01827114133,
880489448,0.04975131237,0.01791838836,
880689467,0.04938254684,0.01728609947,
880889487,0.04927897342,0.01781794352,
881089507,0.04917910105,0.0175841385,
881289527,0.04909183462,0.01797780515,
881489546,0.04839876117,0.01767652428,
881689566,0.04811196512,0.0178840323,
881889586,0.04783584716,0.01820083169,
882089606,0.0477909234,0.01828836066,
882289625,0.04775786354,0.01849079404,
882489645,0.04742246781,0.01867129014,
882689665,0.04722065008,0.01891979842,
882889685,0.04739736845,0.01973449514,
883089704,0.04736178196,0.01979269976,
883289724,0.04805628146,0.02061987134,
883489744,0.04757631436,0.02022701479,
883689764,0.04783384359,0.02062784287,
883889783,0.04849216602,0.02090299229,
884089803,0.04842354345,0.02075439726,
884289823,0.04869218271,0.02106799747,
884489843,0.0491290543,0.02119936871,
884689862,0.04924944736,0.02104245753,
884889882,0.0493096432,0.02158137957,
885089902,0.04964588281,0.02131161888,
885289922,0.05015781891,0.02159886217,
885489941,0.05037490952,0.02153808876,
885689961,0.05062270082,0.02095109029,
885889981,0.05060495471,0.02119217725,
886090001,0.05131844335,0.02066524786,
886290020,0.05150337126,0.02079738673,
886490040,0.051341274,0.02058303866,
886690060,0.05133023991,0.02047124747,
886890080,0.0512624589,0.02003999286,
887090099,0.05163240206,0.02022144712,
887290119,0.05150608759,0.01982350631,
887490139,0.05138262655,0.0197222788,
887690159,0.0514192852,0.02006927896,
887890178,0.05128413626,0.02049175618,
888090198,0.05100570273,0.01990603954,
888290218,0.05121905193,0.01997040398,
888490238,0.05060310084,0.02008576796,
888690257,0.05119452044,0.02062343228,
888890277,0.05122621073,0.02103968301,
889090297,0.0511986272,0.02065928476,
889290317,0.05084662669,0.02106124553,
889490336,0.05083622138,0.02107077621,
889690356,0.05075353544,0.02093342306,
889890376,0.05095737498,0.02169466947,
890090396,0.0510334846,0.02215837131,
890290415,0.05116062849,0.02231924081,
890490435,0.0515987518,0.0220634402,
890690455,0.05167837177,0.02278773748,
890890475,0.05191061452,0.02284003446,
891090494,0.05209181391,0.02303347263,
891290514,0.05272598068,0.02327210493,
891490534,0.05262733418,0.02317194142,
891690554,0.05283143811,0.02321094906,
891890573,0.05286455371,0.02420816034,
892090593,0.05305333754,0.02452840744,
892290613,0.05322204493,0.02405088731,
892490633,0.05344474498,0.02507081782,
892690652,0.05418785398,0.02537666397,
892890672,0.05438628747,0.02600161951,
893090692,0.05514794182,0.02632725026,
893290712,0.05577791759,0.0274138332,
893490731,0.05638453195,0.02802381934,
893690751,0.05739964082,0.02856459592,
893890771,0.05847886549,0.02872939833,
894090791,0.05948870804,0.02924900127,
894290810,0.06111329472,0.02899038082,
894490830,0.06250775557,0.02961845421,
894690850,0.06368432383,0.02929858985,
894890870,0.06549004071,0.02856885969,
895090889,0.06706244251,0.02857077466,
895290909,0.06819742623,0.02783029748,
895490929,0.06986406263,0.0270768486,
895690949,0.07107783167,0.02678196882,
895890968,0.07260168315,0.0253166999,
896090988,0.07326803329,0.02383687014,
896291008,0.07436230652,0.02238625908,
896491028,0.07523269336,0.02132622516,
896691047,0.07588121398,0.01994943765,
896891067,0.07649580202,0.01783605088,
897091087,0.07725547565,0.016772104,
897291107,0.07700181217,0.01475445172,
897491126,0.07765806486,0.01380356141,
897691146,0.07745642664,0.01205494729,
897891166,0.07758200907,0.01080701841,
898091186,0.07728255482,0.009110901203,
898291205,0.07731530946,0.007842307174,
898491225,0.07705104878,0.006247736835,
898691245,0.07647909013,0.005592437564,
898891265,0.07601472904,0.00346938032,
899091284,0.07574311612,0.002631148726,
899291304,0.07529013017,0.001312365638,
899491324,0.07417626638,-0.0001855204778,
899691344,0.0735987367,-0.001037971294,
899891363,0.07236983917,-0.002417329799,
900091383,0.07178670274,-0.0033802626,
900291403,0.07082562192,-0.004342944178,
900491423,0.0696284761,-0.005348669783,
900691442,0.06848995581,-0.005941970183,
900891462,0.06731935605,-0.006384075476,
901091482,0.06592780576,-0.006933665251,
901291502,0.06488007094,-0.007488170687,
901491521,0.06374523078,-0.0079846878,
901691541,0.06220683198,-0.008075672873,
901891561,0.06117819943,-0.007640808063,
902091581,0.05969731029,-0.007915750294,
902291600,0.05883894092,-0.007270294601,
902491620,0.05789662816,-0.006620023006,
902691640,0.05702955079,-0.006568619254,
902891660,0.05625856628,-0.005796375863,
903091679,0.05588029231,-0.005705988756,
903291699,0.05546584196,-0.005261718312,
903491719,0.05533102752,-0.004593623622,
903691739,0.0548054428,-0.003834217957,
903891758,0.05447874395,-0.00413364258,
904091778,0.05441027983,-0.003918323148,
904291798,0.05432311478,-0.003373390873,
904491818,0.05408917743,-0.003630872315,
904691837,0.05372275419,-0.003642001078,
904891857,0.05356554023,-0.003529975703,
905091877,0.05323450629,-0.003154824138,
905291897,0.05269958566,-0.003293764837,
905491916,0.0521253679,-0.00309890008,
905691936,0.05147210165,-0.00292602672,
905891956,0.05143279571,-0.003051362531,
906091976,0.05072867492,-0.002704367696,
906291995,0.05060241312,-0.002114877898,
906492015,0.0499152896,-0.001784541507,
906692035,0.04928258804,-0.001167608082,
906892055,0.04904008725,-0.000905832778,
907092075,0.04893089393,-0.0005363698041,
907292094,0.04832436717,0.0001588016436,
907492114,0.04818996854,0.0006418130895,
907692134,0.04792245016,0.001307297848,
907892154,0.04811530565,0.001870273426,
908092173,0.04793122606,0.002350833639,
908292193,0.0482159849,0.002914946753,
908492213,0.04827238922,0.004284604572,
908692233,0.04856290415,0.004826198362,
908892252,0.04889122543,0.005283179362,
909092272,0.04956712229,0.005737183858,
909292292,0.05008122219,0.006454888082,
909492312,0.05001125926,0.006456475399,
909692331,0.05064799848,0.006758672659,
909892351,0.05152857018,0.007270740487,
910092371,0.051859475,0.006990653061,
910292391,0.05276713494,0.007450502609,
910492410,0.05308738667,0.007244570264,
910692430,0.05390968881,0.007449782636,
910892450,0.05409336191,0.007299116471,
911092470,0.05431471215,0.00703361237,
911292489,0.05489827566,0.00649467046,
911492509,0.05559353315,0.006496603779,
911692529,0.05569656504,0.005825461152,
911892549,0.05613744742,0.005688835854,
912092568,0.05587028001,0.00522187154,
912292588,0.0564398684,0.005561510849,
912492608,0.05625462735,0.004959565974,
912692628,0.05639353392,0.00476198236,
912892647,0.05658872866,0.004693723868,
913092667,0.05615032012,0.004407504135,
913292687,0.05619152879,0.003885343598,
913492707,0.056647765,0.00434239511,
913692726,0.056191208,0.003918399539,
913892746,0.05635310991,0.003505966371,
914092766,0.05653082377,0.004181238528,
914292786,0.05632579426,0.003660144269,
914492805,0.05642774697,0.003736182735,
914692825,0.05650567831,0.003759815672,
914892845,0.05692954049,0.003799029727,
915092865,0.05730105815,0.003813791998,
915292884,0.05742434754,0.003923538196,
915492904,0.05807751047,0.003872865871,
915692924,0.05887454796,0.003518753703,
915892944,0.05917973539,0.003303537139,
916092963,0.05959863545,0.003379998731,
916292983,0.06023643912,0.002560654497,
916493003,0.06076820318,0.001533669398,
916693023,0.06077547721,0.001206381218,
916893042,0.06144511709,0.0006054020461,
917093062,0.06105490657,-0.0006935097024,
917293082,0.06137281167,-0.001720364273,
917493102,0.0612405939,-0.002141761587,
917693121,0.06100263223,-0.002857298658,
917893141,0.06078589154,-0.003459397429,
918093161,0.05991074284,-0.0047603544,
918293181,0.05958956872,-0.005308555367,
918493200,0.05873819124,-0.005955394666,
918693220,0.05811776353,-0.006432238559,
918893240,0.05757069301,-0.00703458914,
919093260,0.05715225735,-0.007141746857,
919293279,0.05618283,-0.007313092645,
919493299,0.05545789145,-0.007848397143,
919693319,0.05471008851,-0.007614563308,
919893339,0.05390267665,-0.007509890605,
920093358,0.05346936802,-0.007643061715,
920293378,0.05273753282,-0.007183275084,
920493398,0.05178038751,-0.007406151132,
920693418,0.0516139998,-0.006607015931,
920893437,0.0507335936,-0.006681698636,
921093457,0.05049977447,-0.006397308873,
921293477,0.04984694135,-0.006010369884,
921493497,0.04947548897,-0.006144917251,
921693516,0.04928796891,-0.005626934587,
921893536,0.04899539543,-0.005261540138,
922093556,0.04859061482,-0.004614949261,
922293576,0.04864285699,-0.004422014673,
922493595,0.04766346514,-0.003773840385,
922693615,0.04774435991,-0.003234936883,
922893635,0.04746254697,-0.003059397976,
923093655,0.04714657049,-0.002085659485,
923293674,0.04711914427,-0.001901201756,
923493694,0.04693974451,-0.001067404771,
923693714,0.04694658748,-0.0004268466952,
923893734,0.04720524181,0.0002158160648,
924093753,0.04712113829,0.000825864279,
924293773,0.04768576301,0.001157113244,
924493793,0.0479025039,0.002197212211,
924693813,0.04794843877,0.001946934435,
924893832,0.04849199575,0.002762745221,
925093852,0.04911836299,0.003612049616,
925293872,0.04991000435,0.004333626601,
925493892,0.05041465565,0.004157304356,
925693911,0.05110364315,0.00467970767,
925893931,0.05196518833,0.004870236816,
926093951,0.0526528187,0.004512965457,
926293971,0.05354717426,0.004454362205,
926493990,0.0541631036,0.004542525898,
926694010,0.0552055181,0.00391501912,
926894030,0.05599328175,0.004035920369,
927094050,0.05625865331,0.003448074078,
927294069,0.05728700938,0.002705895245,
927494089,0.05782125598,0.001753554258,
927694109,0.05787353585,0.001539038362,
927894129,0.05813726528,0.0007032787671,
928094148,0.05843876758,-0.0001552400975,
928294168,0.05860337681,-0.0008191934926,
928494188,0.05893597295,-0.0009846661949,
928694208,0.05851217892,-0.00235905878,
928894227,0.0585744027,-0.002730136091,
929094247,0.05868168419,-0.003071194403,
929294267,0.0578162223,-0.003842609406,
929494287,0.05791612334,-0.004793900927,
929694306,0.05740613036,-0.004584015474,
929894326,0.05691549177,-0.004991468578,
930094346,0.0564963532,-0.005221581634,
930294366,0.05617431227,-0.005853711686,
930494385,0.0560437533,-0.005823307374,
930694405,0.05580297928,-0.006011901328,
930894425,0.05548072595,-0.006176896047,
931094445,0.05536022182,-0.00630296128,
931294464,0.05486624861,-0.006282433147,
931494484,0.0544900519,-0.006706352372,
931694504,0.05462209327,-0.007002205186,
931894524,0.05433079896,-0.007165972352,
932094543,0.05398690685,-0.007654474907,
932294563,0.05413129401,-0.007373828917,
932494583,0.05364879807,-0.007856180261,
932694603,0.05318011161,-0.008396873533,
932894622,0.05297896247,-0.008002289475,
933094642,0.05270069146,-0.008228329819,
933294662,0.05207079404,-0.008039267012,
933494682,0.05169790348,-0.008220124043,
933694702,0.05142336074,-0.008342404186,
933894721,0.05080099901,-0.008630711821,
934094741,0.05077575239,-0.008209511726,
934294761,0.05032334078,-0.008841775717,
934494781,0.04977635195,-0.008350353762,
934694800,0.04979963799,-0.008301297509,
934894820,0.0492906731,-0.008586998807,
935094840,0.04869310294,-0.008064102467,
935294860,0.04874812302,-0.007896706955,
935494879,0.04858926375,-0.007821559237,
935694899,0.04809716445,-0.007150528174,
935894919,0.04752814409,-0.007492923984,
936094939,0.04781203096,-0.007272275833,
936294958,0.04779428066,-0.007113916003,
936494978,0.0473738828,-0.006837886568,
936694998,0.04676618057,-0.006385617847,
936895018,0.04680907609,-0.006230081355,
937095037,0.04647011089,-0.006253487184,
937295057,0.04660109612,-0.006197422463,
937495077,0.04646550548,-0.006060676988,
937695097,0.04610012454,-0.005458392032,
937895116,0.04593637913,-0.005132962368,
938095136,0.04589755206,-0.00489487715,
938295156,0.04557248528,-0.004879364201,
938495176,0.04558378683,-0.00431149025,
938695195,0.0453409844,-0.00409183585,
938895215,0.04572919148,-0.003901427547,
939095235,0.04561506678,-0.003362123874,
939295255,0.04507643511,-0.003263243798,
939495274,0.04514343885,-0.003124621691,
939695294,0.04506300827,-0.002918988172,
939895314,0.04517008204,-0.002248261097,
940095334,0.04508203845,-0.00227466112,
940295353,0.0452537077,-0.001663087421,
940495373,0.04530082357,-0.001315962581,
940695393,0.04556227736,-0.001037246546,
940895413,0.04581960762,-0.0007382357111,
941095432,0.04580067407,-0.0002839421967,
941295452,0.04625563382,3.043098021e-06,
941495472,0.04617189934,0.0001698880989,
941695492,0.04696771284,0.0005961173151,
941895511,0.04680194443,0.0002914131406,
942095531,0.04694070887,0.0005584830833,
942295551,0.04753788473,0.0005022257475,
942495571,0.04757379832,0.0008141761088,
942695590,0.04747386977,0.0006164225072,
942895610,0.04796193777,0.0007553332489,
943095630,0.04759734973,0.0007929885148,
943295650,0.04745093737,0.0006905877839,
943495669,0.04741857251,0.0007595212561,
943695689,0.04762670271,0.000985021256,
943895709,0.04731306374,0.001008683726,
944095729,0.04744766773,0.00118017952,
944295748,0.0474588944,0.001091164055,
944495768,0.04741656241,0.001567140368,
944695788,0.04718089915,0.002056019905,
944895808,0.04692084924,0.001798677173,
945095827,0.0471805447,0.002776266162,
945295847,0.04689067759,0.002973183762,
945495867,0.04727509108,0.003269407525,
945695887,0.04713767838,0.004230223855,
945895906,0.04711194222,0.004665313033,
946095926,0.04784737803,0.005592518795,
946295946,0.04813117377,0.006296895417,
946495966,0.04819057519,0.006496572938,
946695985,0.04919895351,0.007013838991,
946896005,0.04947224751,0.007180947633,
947096025,0.05045372337,0.008605914427,
947296045,0.05107008253,0.008930841762,
947496064,0.05204354019,0.008728720197,
947696084,0.05237715289,0.008981431045,
947896104,0.05369221588,0.009349484701,
948096124,0.05453631138,0.009470284098,
948296143,0.05548282765,0.009559751815,
948496163,0.05603448237,0.009527892937,
948696183,0.05697262113,0.009026563527,
948896203,0.05810451234,0.008625536992,
949096222,0.0586264732,0.008639392041,
949296242,0.05916963779,0.008349840148,
949496262,0.06011371317,0.007697042728,
949696282,0.06101043701,0.007989397392,
949896301,0.06120472372,0.00709340971,
950096321,0.06198266125,0.006474744538,
950296341,0.0623787534,0.006406086599,
950496361,0.06349400812,0.005824725034,
950696380,0.06369887607,0.0059083477,
950896400,0.06448934309,0.005299987903,
951096420,0.06480650618,0.004659731497,
951296440,0.06567299338,0.004170182121,
951496459,0.06627948278,0.003190274289,
951696479,0.06714791764,0.003185718893,
951896499,0.0670727719,0.001585343075,
952096519,0.06785019782,0.001452499687,
952296538,0.06791257229,0.0008686231988,
952496558,0.0684418538,0.0003120179962,
952696578,0.06885333215,-0.0007448558796,
952896598,0.06907161982,-0.001663801945,
953096617,0.06909335288,-0.002227460001,
953296637,0.06987471645,-0.003658519107,
953496657,0.06981610116,-0.004441921584,
953696677,0.06961137591,-0.004737605644,
953896696,0.07012720195,-0.0058957978,
954096716,0.06984472597,-0.006386861039,
954296736,0.06968219919,-0.007050805716,
954496756,0.07002537139,-0.008467228863,
954696775,0.0699718929,-0.009336079207,
954896795,0.06984266667,-0.00962131806,
955096815,0.0691602151,-0.01079791465,
955296835,0.06940325631,-0.01084974751,
955496854,0.06908810072,-0.01205571162,
955696874,0.06890845428,-0.0128684952,
955896894,0.06823929445,-0.01315720581,
956096914,0.06829336188,-0.0141024859,
956296933,0.06781260429,-0.01473775882,
956496953,0.0675253898,-0.01548189558,
956696973,0.06736683547,-0.01644932932,
956896993,0.06696540417,-0.01744384805,
957097012,0.06634307751,-0.01762778255,
957297032,0.06607770293,-0.01805505179,
957497052,0.06523266538,-0.0186890588,
957697072,0.06454402076,-0.02007450399,
957897091,0.0642033334,-0.01983312738,
958097111,0.06315037961,-0.0205811945,
958297131,0.06274550295,-0.02042111197,
958497151,0.06221184275,-0.02133338888,
958697170,0.06141155511,-0.0218084953,
958897190,0.06037975283,-0.0218762585,
959097210,0.05991545506,-0.02191515507,
959297230,0.05922594068,-0.02248434207,
959497249,0.05866831179,-0.02219455769,
959697269,0.0583815528,-0.02281234537,
959897289,0.05761702468,-0.0229626726,
960097309,0.05718953134,-0.0229108985,
960297329,0.05651309766,-0.02318562855,
960497348,0.05594774773,-0.02266836515,
960697368,0.05532053884,-0.02236171301,
960897388,0.0546742665,-0.02279802981,
961097408,0.05416704653,-0.02232149569,
961297427,0.05371613812,-0.02277928779,
961497447,0.05315573549,-0.02269430836,
961697467,0.052901657,-0.0228599481,
961897487,0.05211587569,-0.02261696765,
962097506,0.05226666864,-0.02290391327,
962297526,0.05172184854,-0.02274521271,
962497546,0.05090317212,-0.0231571072,
962697566,0.05035149917,-0.02262238641,
962897585,0.05024966281,-0.02221701748,
963097605,0.04929241444,-0.02189492265,
963297625,0.04874394933,-0.02222647789,
963497645,0.04813312226,-0.02200488238,
963697664,0.04789648766,-0.02144686841,
963897684,0.0472970705,-0.02111677614,
964097704,0.04659214058,-0.02090280414,
964297724,0.04602925713,-0.02114641686,
964497743,0.04581560882,-0.02018867869,
964697763,0.04505500815,-0.01964332207,
964897783,0.04518741662,-0.01931806939,
965097803,0.04421719493,-0.01858253873,
965297822,0.04348256581,-0.0183203523,
965497842,0.04391337752,-0.01782890571,
965697862,0.04341943904,-0.01676919932,
965897882,0.04346453084,-0.01619860043,
966097901,0.04340179816,-0.01530980074,
966297921,0.0438141834,-0.01440172826,
966497941,0.0437761649,-0.0140820418,
966697961,0.04398620159,-0.0129586338,
966897980,0.04465298241,-0.01292233354,
967098000,0.04512775719,-0.01251833383,
967298020,0.04553672943,-0.01233111785,
967498040,0.04562725152,-0.01174399285,
967698059,0.04606216836,-0.01159200402,
967898079,0.04683740693,-0.01130024004,
968098099,0.04716498934,-0.01138085319,
968298119,0.04756966895,-0.0115980882,
968498138,0.04805859174,-0.01108407339,
968698158,0.04802115316,-0.01170360859,
968898178,0.04824038392,-0.01176504206,
969098198,0.04841497911,-0.0122985907,
969298217,0.04875032407,-0.01252222592,
969498237,0.04879600286,-0.01282245386,
969698257,0.04904442573,-0.01248570169,
969898277,0.04867334926,-0.01303383936,
970098296,0.04847167159,-0.01300601794,
970298316,0.04864677523,-0.01262542252,
970498336,0.04824728524,-0.01264917471,
970698356,0.04828885198,-0.01237171929,
970898375,0.04831532612,-0.01287291076,
971098395,0.04810037404,-0.0125485469,
971298415,0.04843857335,-0.01219912268,
971498435,0.04876778805,-0.0124335317,
971698454,0.0488257852,-0.01203248475,
971898474,0.04905053628,-0.01167709869,
972098494,0.04920703985,-0.01136023318,
972298514,0.04947631901,-0.01207611062,
972498533,0.04934174381,-0.01169580529,
972698553,0.04972656676,-0.011723959,
972898573,0.05057003922,-0.01158954347,
973098593,0.05045472141,-0.01177173985,
973298612,0.0510886742,-0.01195644237,
973498632,0.05114629085,-0.01201510207,
973698652,0.05148726627,-0.0123277047,
973898672,0.05212578685,-0.01266404853,
974098691,0.05225968037,-0.01320130525,
974298711,0.05226475098,-0.01323574108,
974498731,0.05243813489,-0.01360066826,
974698751,0.0526333958,-0.01394496108,
974898770,0.05257360949,-0.01433374245,
975098790,0.05273729899,-0.01531278391,
975298810,0.05249382928,-0.01577037353,
975498830,0.05254729289,-0.01624945463,
975698849,0.05232717566,-0.01666026961,
975898869,0.05191414891,-0.01693062297,
976098889,0.05209043065,-0.01745096965,
976298909,0.05160465147,-0.01765678426,
976498928,0.0510872457,-0.01771477703,
976698948,0.05063863288,-0.0186985008,
976898968,0.05062277112,-0.01891292735,
977098988,0.04982664933,-0.01902869317,
977299007,0.04916915673,-0.0195105538,
977499027,0.04858652787,-0.01951604168,
977699047,0.04805165438,-0.01968192976,
977899067,0.04814313618,-0.01954006049,
978099086,0.04716562521,-0.01908094147,
978299106,0.0466091239,-0.01933574091,
978499126,0.04576765301,-0.01829912278,
978699146,0.046060076,-0.01877336728,
978899165,0.04543935528,-0.01813799464,
979099185,0.04467769737,-0.01819359316,
979299205,0.0446950888,-0.01746618465,
979499225,0.04493927529,-0.01655542913,
979699244,0.04469259678,-0.01641168137,
979899264,0.04492823719,-0.0160361523,
980099284,0.04486127749,-0.01531741555,
980299304,0.04494829525,-0.015150923,
980499323,0.04512813024,-0.01498980326,
980699343,0.04516000578,-0.01450973695,
980899363,0.04526292738,-0.0145035763,
981099383,0.04599882396,-0.01426588214,
981299402,0.04595926622,-0.01403208016,
981499422,0.04614306192,-0.01366745473,
981699442,0.04668007679,-0.01386145509,
981899462,0.04698721281,-0.01391637369,
982099481,0.04745906212,-0.01365881478,
982299501,0.04789356487,-0.01377806113,
982499521,0.04793758014,-0.01407832763,
982699541,0.04809515715,-0.01373939259,
982899560,0.0481807489,-0.01424512629,
983099580,0.04879328452,-0.01419282173,
983299600,0.04836771761,-0.01472806595,
983499620,0.04862620663,-0.01450206028,
983699639,0.04893540468,-0.01467970361,
983899659,0.0492805067,-0.01493236016,
984099679,0.04941665775,-0.01517344058,
984299699,0.04971040794,-0.01502673603,
984499718,0.04967477327,-0.01530168752,
984699738,0.04952006924,-0.01564063308,
984899758,0.04988976445,-0.01609218067,
985099778,0.05043602669,-0.01594101721,
985299797,0.04991555274,-0.01633180226,
985499817,0.05014978915,-0.01661400441,
985699837,0.05031482481,-0.01719593052,
985899857,0.05071862142,-0.01750321814,
986099876,0.05071095229,-0.0177477388,
986299896,0.05060823815,-0.01851331229,
986499916,0.05031202075,-0.01826609598,
986699936,0.05033949392,-0.01852180648,
986899956,0.05041812042,-0.01938036623,
987099975,0.049967055,-0.01932682484,
987299995,0.04986376591,-0.01927185646,
987500015,0.049615519,-0.01967066944,
987700035,0.04896349237,-0.01984022956,
987900054,0.04872220261,-0.01967812741,
988100074,0.04869243076,-0.02012213756,
988300094,0.04889403932,-0.01987006096,
988500114,0.04848059504,-0.02041412046,
988700133,0.04833040928,-0.01983789055,
988900153,0.04846150704,-0.02050033777,
989100173,0.04839233161,-0.02014516053,
989300193,0.04867449978,-0.02071324099,
989500212,0.0484337988,-0.02010972596,
989700232,0.04838516104,-0.02056478367,
989900252,0.04885054312,-0.02094877145,
990100272,0.04898122137,-0.02053023115,
990300291,0.04921762723,-0.02091130079,
990500311,0.04947429802,-0.02138410736,
990700331,0.04975818449,-0.02209856208,
990900351,0.0495690014,-0.02261955027,
991100370,0.04986262001,-0.02289620522,
991300390,0.04969171834,-0.0232048278,
991500410,0.04965793315,-0.02397638811,
991700430,0.05008283727,-0.02443742422,
991900449,0.04962714699,-0.02497568847,
992100469,0.04926906789,-0.02558032905,
992300489,0.04941412724,-0.02685331645,
992500509,0.04860660921,-0.0270714505,
992700528,0.04852127944,-0.02755945379,
992900548,0.04792305843,-0.02869147339,
993100568,0.04724334722,-0.02963371866,
993300588,0.04677675983,-0.02999199112,
993500607,0.04630311226,-0.03019511321,
993700627,0.04582333219,-0.03091807905,
993900647,0.0448942589,-0.03086431463,
994100667,0.04401467076,-0.03168478581,
994300686,0.0436695838,-0.03224105121,
994500706,0.04223501756,-0.03250961535,
994700726,0.04119960037,-0.03254014944,
994900746,0.04053241296,-0.032838432,
995100765,0.03961669653,-0.03316697603,
995300785,0.03862190158,-0.03276342728,
995500805,0.03740222734,-0.03296263516,
995700825,0.03665565137,-0.03219625145,
995900844,0.03534939672,-0.03230152549,
996100864,0.03473536009,-0.03143961103,
996300884,0.03392495279,-0.03050893802,
996500904,0.03331715325,-0.0304683148,
996700923,0.03268819708,-0.0295486408,
996900943,0.03214637502,-0.02871139627,
997100963,0.03191395509,-0.02791879962,
997300983,0.03180511075,-0.0272627172,
997501002,0.03120476603,-0.02648920259,
997701022,0.03143014971,-0.02569464489,
997901042,0.03135194815,-0.02492962988,
998101062,0.03141891968,-0.02376695729,
998301081,0.03132881837,-0.02375667091,
998501101,0.03201031611,-0.02307085767,
998701121,0.03258034229,-0.02279244624,
998901141,0.03253815404,-0.0222739965,
999101160,0.03337357122,-0.02194066812,
999301180,0.03360024276,-0.02193392731,
999501200,0.03447659085,-0.0220223727,
999701220,0.0345299456,-0.02264542792,
999901239,0.03514565629,-0.02268594246,
1000101259,0.03587210559,-0.02325523722,
1000301279,0.03578217207,-0.02368859884,
1000501299,0.03602872966,-0.02467348111,
1000701318,0.03566198196,-0.02486570568,
1000901338,0.03555728631,-0.02586309929,
1001101358,0.03526350599,-0.02649557878,
1001301378,0.03529991732,-0.02701418601,
1001501397,0.03492325566,-0.02802349914,
1001701417,0.03425720691,-0.02888801089,
1001901437,0.03330636894,-0.0290184816,
1002101457,0.03238750342,-0.02961664687,
1002301476,0.03140914226,-0.03053770906,
1002501496,0.03090847404,-0.03055652311,
1002701516,0.02985913131,-0.03074726406,
1002901536,0.02874669157,-0.03113084222,
1003101555,0.0273823261,-0.03144657643,
1003301575,0.0262996611,-0.03118461247,
1003501595,0.02523283458,-0.03091827143,
1003701615,0.02454856672,-0.03103624219,
1003901634,0.02346718501,-0.030755051,
1004101654,0.02256891031,-0.03023632672,
1004301674,0.02138885348,-0.02948230362,
1004501694,0.02061778476,-0.02926489575,
1004701713,0.01979714544,-0.02814959999,
1004901733,0.01906689518,-0.02729095351,
1005101753,0.01832583704,-0.02634029401,
1005301773,0.01766056902,-0.02597604899,
1005501792,0.01690384738,-0.02578151512,
1005701812,0.01598244716,-0.02485961005,
1005901832,0.01585650913,-0.023834831,
1006101852,0.01513058802,-0.02310269058,
1006301871,0.01527133675,-0.02254917089,
1006501891,0.0148928695,-0.02103670706,
1006701911,0.01422106224,-0.020647391,
1006901931,0.01407224214,-0.01944110498,
1007101950,0.01384793335,-0.01911606615,
1007301970,0.01393243528,-0.01830452965,
1007501990,0.01382199825,-0.01771978594,
1007702010,0.01359069536,-0.01702066753,
1007902029,0.01370385327,-0.01602316201,
1008102049,0.0134590356,-0.01540319775,
1008302069,0.01347379171,-0.01562972313,
1008502089,0.01292561038,-0.01456641151,
1008702108,0.01333551103,-0.0139335577,
1008902128,0.01279889783,-0.01373034594,
1009102148,0.0130629832,-0.01342712398,
1009302168,0.01272696398,-0.0125404105,
1009502187,0.01244910058,-0.0118604874,
1009702207,0.01246696967,-0.01178844133,
1009902227,0.01232828102,-0.01138373214,
1010102247,0.01192066666,-0.01034229139,
1010302266,0.01176073645,-0.00954877524,
1010502286,0.0119454267,-0.009162655146,
1010702306,0.01163874127,-0.00847124162,
1010902326,0.01129641401,-0.008448277254,
1011102345,0.01146425125,-0.007466094726,
1011302365,0.01102916785,-0.007223539061,
1011502385,0.01100993516,-0.006555732606,
1011702405,0.01083369157,-0.005658214335,
1011902424,0.01092257028,-0.005216809345,
1012102444,0.0110931599,-0.003992205601,
1012302464,0.01063912277,-0.004002327395,
1012502484,0.01097226871,-0.003205999335,
1012702503,0.01073266175,-0.002478026178,
1012902523,0.01059369038,-0.00176163782,
1013102543,0.01046331871,-0.001316339822,
1013302563,0.01084932124,-0.0005117482583,
1013502582,0.01055915939,-3.360422501e-05,
1013702602,0.01066182698,0.0006987330546,
1013902622,0.01067315606,0.001195903307,
1014102642,0.01057969155,0.001869566234,
1014302662,0.01094243607,0.00264037772,
1014502681,0.01105138406,0.002986087487,
1014702701,0.01080817879,0.003540506831,
1014902721,0.01098354232,0.004106610782,
1015102741,0.01103502537,0.004836523266,
1015302760,0.01097934705,0.005292420171,
1015502780,0.01096476305,0.006491863746,
1015702800,0.01075379922,0.007489698973,
1015902820,0.01111026982,0.00828808058,
1016102839,0.01093074281,0.008832658699,
1016302859,0.01138101473,0.009681080303,
1016502879,0.01113079207,0.01059459456,
1016702899,0.01134968971,0.01150120939,
1016902918,0.01155178175,0.01215263764,
1017102938,0.01192078373,0.01371859056,
1017302958,0.01218947022,0.01427643208,
1017502978,0.01266812628,0.01534988639,
1017702997,0.01345479968,0.01626873053,
1017903017,0.01399631193,0.01652940891,
1018103037,0.01424436165,0.01739954595,
1018303057,0.01469647825,0.01863093067,
1018503076,0.01532355748,0.01936323019,
1018703096,0.01623264628,0.01954212778,
1018903116,0.01702171366,0.02058378369,
1019103136,0.01769786475,0.0215577741,
1019303155,0.01819995211,0.02218207625,
1019503175,0.01916014723,0.02243957935,
1019703195,0.01968760321,0.02374386266,
1019903215,0.02049871181,0.02375997891,
1020103234,0.02159843457,0.02436598433,
1020303254,0.02254665529,0.02486407346,
1020503274,0.02337055256,0.02564835271,
1020703294,0.02413846372,0.02638166944,
1020903313,0.02511507903,0.02581038872,
1021103333,0.02602466509,0.02663097018,
1021303353,0.02740005673,0.02645843078,
1021503373,0.02806894062,0.02740536971,
1021703392,0.02886634469,0.02740109782,
1021903412,0.03021692749,0.02737051916,
1022103432,0.03125424512,0.02744260228,
1022303452,0.03235793544,0.02752146575,
1022503471,0.03321236402,0.02763091716,
1022703491,0.033849816,0.02747017579,
1022903511,0.03493309749,0.02721742885,
1023103531,0.0360976275,0.02746030106,
1023303550,0.03678886562,0.02742330973,
1023503570,0.03777007607,0.0271548705,
1023703590,0.03831354929,0.02662740028,
1023903610,0.03922048299,0.02671150429,
1024103629,0.0403336753,0.02586586087,
1024303649,0.04103292721,0.02547618939,
1024503669,0.04217290696,0.02554439302,
1024703689,0.04264796426,0.02441654792,
1024903708,0.04301213813,0.02468027649,
1025103728,0.04409885193,0.02375781092,
1025303748,0.04494227921,0.02379099621,
1025503768,0.04539584948,0.02282756154,
1025703787,0.0460939,0.02277125031,
1025903807,0.04637249411,0.02252661271,
1026103827,0.04715464545,0.0217767405,
1026303847,0.04736418762,0.02117453179,
1026503866,0.04768387296,0.02034359054,
1026703886,0.04823527396,0.02021220877,
1026903906,0.04885708816,0.01892923846,
1027103926,0.04871360439,0.01860531032,
1027303945,0.0491525211,0.01825711418,
1027503965,0.04946438568,0.01804539406,
1027703985,0.04967852342,0.01667596807,
1027904005,0.04988322811,0.01666427181,
1028104024,0.04968202589,0.01631593695,
1028304044,0.04993510427,0.01557479402,
1028504064,0.05052087424,0.01522932198,
1028704084,0.05033608561,0.01505514547,
1028904103,0.05026821366,0.01485474554,
1029104123,0.05071367612,0.01327586864,
1029304143,0.05067946346,0.01324062889,
1029504163,0.05103661637,0.01289673906,
1029704182,0.05146783215,0.01232773291,
1029904202,0.05150979089,0.01206848767,
1030104222,0.05146199796,0.01180949789,
1030304242,0.05131459072,0.01091195082,
1030504261,0.05144924074,0.0104984829,
1030704281,0.0520168823,0.009752828712,
1030904301,0.05160952476,0.009385157663,
1031104321,0.05185463403,0.008454224925,
1031304340,0.05187100234,0.008252232108,
1031504360,0.05190850948,0.007579067386,
1031704380,0.05179230915,0.006771806391,
1031904400,0.05119803645,0.00624938834,
1032104419,0.05106556264,0.005442370866,
1032304439,0.05103110745,0.004881965973,
1032504459,0.05075427797,0.004255883488,
1032704479,0.05030689881,0.00328829378,
1032904498,0.04955381314,0.002811679472,
1033104518,0.04892781527,0.002407496924,
1033304538,0.04844521328,0.002128088465,
1033504558,0.04800768911,0.001506076457,
1033704577,0.04713612528,0.0008785271565,
1033904597,0.04665524344,0.0008455543099,
1034104617,0.04560967909,0.000478760178,
1034304637,0.04475052046,-0.0002666097355,
1034504656,0.04410550699,0.0003617473001,
1034704676,0.04327022088,0.0001634079812,
1034904696,0.04222533638,1.927200757e-05,
1035104716,0.04155721484,0.0004589102024,
1035304735,0.04080114057,0.0005900314812,
1035504755,0.03956744507,0.0006282740354,
1035704775,0.0392452798,0.0006859983261,
1035904795,0.03850530871,0.001304296249,
1036104814,0.0373971356,0.001241073987,
1036304834,0.03692963169,0.00214455982,
1036504854,0.03625256733,0.00300615502,
1036704874,0.03565883985,0.003364438289,
1036904893,0.03492265665,0.003830212606,
1037104913,0.03401939893,0.004442280943,
1037304933,0.03413041102,0.005471797443,
1037504953,0.03333506014,0.006184490912,
1037704972,0.03268681095,0.006757289139,
1037904992,0.0325687997,0.007543189237,
1038105012,0.0316704226,0.008584140323,
1038305032,0.03168019971,0.009058684679,
1038505051,0.03154013476,0.00982127574,
1038705071,0.03103208424,0.01039320323,
1038905091,0.03057370792,0.01183523082,
1039105111,0.03041527503,0.01308388485,
1039305130,0.03049009618,0.01406257958,
1039505150,0.03056344808,0.01583563463,
1039705170,0.03049390476,0.01620228755,
1039905190,0.03066838639,0.0170012645,
1040105209,0.0312733861,0.01807440338,
1040305229,0.03170694388,0.01871041535,
1040505249,0.03166728377,0.0196967294,
1040705269,0.03208734835,0.02114997836,
1040905289,0.03227254724,0.02207520865,
1041105308,0.03279726064,0.02330070957,
1041305328,0.03326572193,0.02402774236,
1041505348,0.03404034723,0.02489349217,
1041705368,0.0346867103,0.02540427931,
1041905387,0.03602930178,0.02643581178,
1042105407,0.03696196307,0.02702617611,
1042305427,0.03748498663,0.02787527107,
1042505447,0.03869388363,0.02760825426,
1042705466,0.03972361611,0.02831540129,
1042905486,0.04037779852,0.02915493383,
1043105506,0.0408114809,0.02929825722,
1043305526,0.04237346618,0.02939586485,
1043505545,0.04274066699,0.02976222873,
1043705565,0.04392492815,0.02958163165,
1043905585,0.04437052858,0.02925270075,
1044105605,0.04520546964,0.02961285932,
1044305624,0.04574064151,0.02976012722,
1044505644,0.04594994318,0.02962871739,
1044705664,0.04669149187,0.02991376567,
1044905684,0.04728344057,0.02976423117,
1045105703,0.04773382494,0.02978212678,
1045305723,0.04802622415,0.02981725536,
1045505743,0.04850798118,0.03002128699,
1045705763,0.04893419324,0.03029854368,
1045905782,0.04917522974,0.03010064697,
1046105802,0.04949400437,0.03055505128,
1046305822,0.05019304349,0.03000624561,
1046505842,0.05029225568,0.03088963251,
1046705861,0.05116509325,0.03093900298,
1046905881,0.05182371272,0.03133793145,
1047105901,0.05220405304,0.03180173607,
1047305921,0.052747814,0.03214829518,
1047505940,0.05325193122,0.03278332728,
1047705960,0.05381841435,0.0323091391,
1047905980,0.05472036881,0.03279323529,
1048106000,0.05550449945,0.03256767255,
1048306019,0.05585409499,0.0328610924,
1048506039,0.0571081437,0.03308681726,
1048706059,0.0578143549,0.03283292723,
1048906079,0.05851389894,0.03367517518,
1049106098,0.05915727382,0.03275348719,
1049306118,0.05999606876,0.03285056143,
1049506138,0.06102368442,0.03261547165,
1049706158,0.06178059575,0.03286544087,
1049906177,0.06200254209,0.03271743135,
1050106197,0.062958971,0.0323462614,
1050306217,0.06339534233,0.03206151588,
1050506237,0.06377718854,0.03161335797,
1050706256,0.06465126241,0.03183270096,
1050906276,0.06512685509,0.03101557539,
1051106296,0.06581581174,0.03110762056,
1051306316,0.06608912049,0.03110613222,
1051506335,0.06661955803,0.03071919738,
1051706355,0.06713994396,0.03050983085,
1051906375,0.06722609823,0.03014711342,
1052106395,0.06755118649,0.03024641067,
1052306414,0.06847276494,0.02978655616,
1052506434,0.06914804904,0.02997327381,
1052706454,0.06932971582,0.02951647711,
1052906474,0.0692906497,0.02992840111,
1053106493,0.06994993412,0.03013181692,
1053306513,0.07029789425,0.02985259432,
1053506533,0.07103155748,0.02963638011,
1053706553,0.07143982021,0.0298073149,
1053906572,0.07217195855,0.02980243014,
1054106592,0.07239905867,0.0298418434,
1054306612,0.07353720148,0.02999902695,
1054506632,0.07425678974,0.02933122108,
1054706651,0.07471695781,0.02957585317,
1054906671,0.07537520327,0.02942374676,
1055106691,0.07589602499,0.02914273552,
1055306711,0.07704150841,0.02923713251,
1055506730,0.0778329553,0.02905204224,
1055706750,0.07874025495,0.02923411121,
1055906770,0.07975583863,0.02815233374,
1056106790,0.08074593795,0.02851450264,
1056306809,0.08135844031,0.0279564301,
1056506829,0.08208643904,0.02769417574,
1056706849,0.08303279963,0.02714368471,
1056906869,0.0840547479,0.02705510236,
1057106888,0.08520587564,0.02583803649,
1057306908,0.08613062019,0.02508483981,
1057506928,0.08698141589,0.02421672889,
1057706948,0.08756126486,0.02437832469,
1057906967,0.08799732883,0.02332156077,
1058106987,0.08871987383,0.02213923345,
1058307007,0.08935462066,0.02093485125,
1058507027,0.08955067283,0.0199194993,
1058707046,0.09005785241,0.01896555621,
1058907066,0.09040206252,0.01782455885,
1059107086,0.09100957297,0.01693754679,
1059307106,0.09095411784,0.01540779158,
1059507125,0.09134244294,0.01489927776,
1059707145,0.09135102186,0.0140185766,
1059907165,0.09130648348,0.01293658764,
1060107185,0.09119971164,0.01190133194,
1060307204,0.09112502409,0.01172283781,
1060507224,0.09075757184,0.01051728064,
1060707244,0.09066621028,0.009842045298,
1060907264,0.09045989468,0.00955203916,
1061107283,0.09028003991,0.008114767723,
1061307303,0.08980468298,0.007590784987,
1061507323,0.08950994909,0.00739606012,
1061707343,0.0890488693,0.006856588003,
1061907362,0.08938791892,0.006359553762,
1062107382,0.08884355503,0.006205082188,
1062307402,0.08813458051,0.00599268358,
1062507422,0.08851205381,0.005818210009,
1062707441,0.087856219,0.005784210585,
1062907461,0.08761952487,0.005112308883,
1063107481,0.0879406291,0.005468539982,
1063307501,0.08768762808,0.004898698544,
1063507520,0.08783816925,0.004921793787,
1063707540,0.08748123756,0.00496235689,
1063907560,0.08750249814,0.004845795687,
1064107580,0.08757511461,0.004918872368,
1064307599,0.08723712923,0.005120361698,
1064507619,0.08774631899,0.005507280933,
1064707639,0.08793013545,0.00542531102,
1064907659,0.08781338828,0.005313590865,
1065107678,0.08820806559,0.005614280327,
1065307698,0.08832026153,0.005451874049,
1065507718,0.08924376255,0.005785037512,
1065707738,0.08925167732,0.005625057481,
1065907757,0.08990680504,0.006124846033,
1066107777,0.09024709583,0.006088236054,
1066307797,0.09097096131,0.005416669696,
1066507817,0.09158412472,0.006018885562,
1066707836,0.09230511032,0.005450675191,
1066907856,0.09295774703,0.005508547686,
1067107876,0.09391780219,0.005426509639,
1067307896,0.09492008491,0.005371664962,
1067507916,0.0956902998,0.004305662238,
1067707935,0.09617945882,0.003864223641,
1067907955,0.09729941134,0.003149037521,
1068107975,0.09822915164,0.002654071556,
1068307995,0.09948544751,0.0021828087,
1068508014,0.1003890503,0.001726043584,
1068708034,0.1007982913,0.0003860985386,
1068908054,0.1016894315,-0.001388122223,
1069108074,0.1020693812,-0.002071730973,
1069308093,0.1026686448,-0.003354763305,
1069508113,0.1037660095,-0.004377098903,
1069708133,0.1044610682,-0.005916426167,
1069908153,0.1048252137,-0.007549488556,
1070108172,0.1049999865,-0.0085501432,
1070308192,0.1047274471,-0.01003930907,
1070508212,0.1051230963,-0.01081456244,
1070708232,0.1050076373,-0.01288580817,
1070908251,0.1051111965,-0.01398815435,
1071108271,0.1046156356,-0.01578098624,
1071308291,0.1046806531,-0.01690483948,
1071508311,0.1037832122,-0.01820204394,
1071708330,0.1041039778,-0.02011314057,
1071908350,0.1031507258,-0.02072675127,
1072108370,0.1028180841,-0.02229967045,
1072308390,0.1023958274,-0.02315557342,
1072508409,0.1012971118,-0.02451561454,
1072708429,0.1003426666,-0.02554997551,
1072908449,0.1003357718,-0.02690387577,
1073108469,0.09953275226,-0.02753893456,
1073308488,0.09879171734,-0.02842214591,
1073508508,0.09764678661,-0.02900421891,
1073708528,0.09708492229,-0.02998658056,
1073908548,0.09628069401,-0.03044296528,
1074108567,0.09547722673,-0.03054631464,
1074308587,0.09502617476,-0.0316450804,
1074508607,0.0943309136,-0.03252653583,
1074708627,0.09365348009,-0.03279154101,
1074908646,0.09300955514,-0.03393362422,
1075108666,0.09211512006,-0.03386208877,
1075308686,0.09132562613,-0.03450039115,
1075508706,0.09161978037,-0.03538312699,
1075708725,0.09025810747,-0.03559381755,
1075908745,0.08967961976,-0.03623165499,
1076108765,0.08900780665,-0.03669297617,
1076308785,0.08854306649,-0.03716987012,
1076508804,0.08823997453,-0.03772290989,
1076708824,0.0871415071,-0.03879317119,
1076908844,0.08644762086,-0.03917681168,
1077108864,0.08617439401,-0.04024228971,
1077308883,0.08533418648,-0.04055243008,
1077508903,0.08493297131,-0.04101405742,
1077708923,0.08348080276,-0.04184419468,
1077908943,0.08290780836,-0.04204504275,
1078108962,0.08193940284,-0.04302596527,
1078308982,0.08083756648,-0.04339472565,
1078509002,0.08025170064,-0.04353417635,
1078709022,0.07923231194,-0.04431390224,
1078909041,0.07807599647,-0.04514314165,
1079109061,0.07689813235,-0.04563213207,
1079309081,0.07594376322,-0.04629027393,
1079509101,0.07475766223,-0.04632832163,
1079709120,0.0737019432,-0.04662335547,
1079909140,0.07191872682,-0.04704274903,
1080109160,0.07075376794,-0.04718746783,
1080309180,0.06957988052,-0.0478291176,
1080509199,0.06809948247,-0.04748860022,
1080709219,0.06737375922,-0.0474157594,
1080909239,0.06555561771,-0.04729591298,
1081109259,0.06439507808,-0.047389369,
1081309278,0.06341004309,-0.04707373687,
1081509298,0.06131201918,-0.04648488434,
1081709318,0.06075120708,-0.04563774796,
1081909338,0.05930214543,-0.0451167534,
1082109357,0.05810714173,-0.04481311591,
1082309377,0.05718765746,-0.0440876406,
1082509397,0.05585459625,-0.04400223822,
1082709417,0.0547380176,-0.04285586465,
1082909436,0.05456805454,-0.04211558743,
1083109456,0.05319541272,-0.04131742159,
1083309476,0.05256829778,-0.04099936821,
1083509496,0.05167599324,-0.03993371778,
1083709515,0.05140667228,-0.03861149828,
1083909535,0.05074487479,-0.03789230329,
1084109555,0.05023452394,-0.03729761144,
1084309575,0.04913520185,-0.03630777573,
1084509594,0.04860807147,-0.03593790137,
1084709614,0.04822712132,-0.03484262726,
1084909634,0.04770827182,-0.03402905416,
1085109654,0.04712808369,-0.0332869853,
1085309673,0.04697786154,-0.03229824511,
1085509693,0.04701985714,-0.03199652006,
1085709713,0.04667077773,-0.03137157771,
1085909733,0.04575128431,-0.030056302,
1086109752,0.04570784507,-0.02978293363,
1086309772,0.04555765633,-0.02859610284,
1086509792,0.04522121373,-0.02793746078,
1086709812,0.04502281607,-0.02709803916,
1086909831,0.04483983442,-0.02620804071,
1087109851,0.04432879807,-0.02537560083,
1087309871,0.04463746222,-0.02458031673,
1087509891,0.04407793448,-0.02415914758,
1087709910,0.04398428515,-0.02358654441,
1087909930,0.04383346804,-0.02294783677,
1088109950,0.04344256792,-0.02211695757,
1088309970,0.04325098658,-0.02101147174,
1088509989,0.0432302391,-0.02041974697,
1088710009,0.04270964316,-0.01986316555,
1088910029,0.04290105879,-0.01867197097,
1089110049,0.0424390879,-0.01829494069,
1089310068,0.04262415185,-0.01751867451,
1089510088,0.04235451595,-0.01651867174,
1089710108,0.04208581872,-0.01497501025,
1089910128,0.04227335726,-0.01449706526,
1090110147,0.04185759031,-0.01286780141,
1090310167,0.04172001563,-0.01211223412,
1090510187,0.04197571945,-0.01070974477,
1090710207,0.04193467688,-0.009327895224,
1090910226,0.04204923336,-0.008727449041,
1091110246,0.04243616309,-0.007684896608,
1091310266,0.0427032767,-0.006418733528,
1091510286,0.04318531095,-0.00478940235,
1091710305,0.04374439769,-0.003981588985,
1091910325,0.04423958881,-0.00262568892,
1092110345,0.04492910752,-0.001234157751,
1092310365,0.04502863074,9.460763601e-05,
1092510384,0.04627674907,0.000754699668,
1092710404,0.04689219989,0.001864174801,
1092910424,0.04780750839,0.002703496191,
1093110444,0.04892256803,0.004332319984,
1093310463,0.05007507215,0.005103942165,
1093510483,0.05145276054,0.005356301686,
1093710503,0.05251766594,0.006398378321,
1093910523,0.05415726733,0.006972140581,
1094110543,0.0552457551,0.008099181798,
1094310562,0.05680831426,0.008640258694,
1094510582,0.05831635493,0.008421788306,
1094710602,0.0595676347,0.009050292064,
1094910622,0.06123793821,0.009104103132,
1095110641,0.06237158807,0.009924921513,
1095310661,0.06387580211,0.009762988431,
1095510681,0.06537260032,0.00954899816,
1095710701,0.06697601523,0.009205054333,
1095910720,0.06840804992,0.009094162101,
1096110740,0.07012387328,0.008240727723,
1096310760,0.07155180161,0.007908449308,
1096510780,0.07250575106,0.008115753883,
1096710799,0.07351301701,0.007689781674,
1096910819,0.07510606472,0.006630672405,
1097110839,0.07631155538,0.005740083039,
1097310859,0.07695923013,0.00532037033,
1097510878,0.07837656611,0.004397347392,
1097710898,0.07936685556,0.003467216706,
1097910918,0.07969996523,0.002441751151,
1098110938,0.08108782072,0.002013043729,
1098310957,0.08184315012,0.0008579843466,
1098510977,0.08212447991,-0.0005537646506,
1098710997,0.08283176875,-0.0006168340935,
1098911017,0.08282229658,-0.002084197179,
1099111036,0.08372124171,-0.0024810491,
1099311056,0.08415155302,-0.003739427723,
1099511076,0.08477954616,-0.004726583267,
1099711096,0.08445437538,-0.006004390523,
1099911115,0.0846535478,-0.006691110736,
1100111135,0.08558153988,-0.007495027831,
1100311155,0.08573215536,-0.008427968072,
1100511175,0.08515680242,-0.009489274314,
1100711194,0.08551983055,-0.009601288913,
1100911214,0.08503645997,-0.01103447835,
1101111234,0.08528655618,-0.01084051449,
1101311254,0.08507860816,-0.01169297164,
1101511273,0.08479298716,-0.01264348156,
1101711293,0.08552874194,-0.0132416377,
1101911313,0.08546449797,-0.01338996817,
1102111333,0.08496842117,-0.0138211661,
1102311352,0.08508774385,-0.0145179301,
1102511372,0.08487600042,-0.0146754586,
1102711392,0.08503027023,-0.01507101679,
1102911412,0.0856632298,-0.01543425811,
1103111431,0.08554956182,-0.01549695556,
1103311451,0.08559756299,-0.01561972496,
1103511471,0.08620994154,-0.01584524582,
1103711491,0.08635692808,-0.0160120502,
1103911510,0.08635970354,-0.01669421111,
1104111530,0.08718626496,-0.01704804124,
1104311550,0.08734594286,-0.0170268139,
1104511570,0.08802811818,-0.01802375732,
1104711589,0.08874496935,-0.01846436839,
1104911609,0.08939484595,-0.01873219483,
1105111629,0.08972478253,-0.0192985741,
1105311649,0.09039714455,-0.02036410673,
1105511668,0.09084376062,-0.02131266268,
1105711688,0.09135559275,-0.0222907024,
1105911708,0.09251563931,-0.02337589226,
1106111728,0.09227641129,-0.02411595127,
1106311747,0.09298800183,-0.02528740648,
1106511767,0.09373397001,-0.02674089158,
1106711787,0.09401063299,-0.02783690673,
1106911807,0.09347446418,-0.0290344529,
1107111826,0.09371065831,-0.03095435036,
1107311846,0.09401460458,-0.03198526838,
1107511866,0.09396478465,-0.03365380382,
1107711886,0.09318849515,-0.03568865637,
1107911905,0.09274528965,-0.03714495459,
1108111925,0.09265875613,-0.03886599261,
1108311945,0.09250640171,-0.04013947655,
1108511965,0.09146301382,-0.04166751712,
1108711984,0.09055674204,-0.04328330746,
1108912004,0.08951825494,-0.04428760339,
1109112024,0.08831392935,-0.04643504685,
1109312044,0.08765124442,-0.04749066036,
1109512063,0.08603527547,-0.04894665316,
1109712083,0.0845458864,-0.05016910994,
1109912103,0.08305548127,-0.05120525674,
1110112123,0.08164679603,-0.051959972,
1110312142,0.0800881272,-0.05314382929,
1110512162,0.07790841369,-0.05328329747,
1110712182,0.07646460151,-0.05383852841,
1110912202,0.0751833196,-0.05468831309,
1111112221,0.07311304641,-0.05518269689,
1111312241,0.07165449941,-0.05585612953,
1111512261,0.06972652229,-0.05470222123,
1111712281,0.06804561446,-0.05516196337,
1111912300,0.06627346392,-0.05525332905,
1112112320,0.06507315683,-0.05448081416,
1112312340,0.06327173879,-0.05471667893,
1112512360,0.06173587082,-0.05402212462,
1112712379,0.06049609175,-0.05375977709,
1112912399,0.05914987184,-0.05249681603,
1113112419,0.05760088868,-0.05148706566,
1113312439,0.0566644766,-0.05117374892,
1113512458,0.05570564153,-0.05029119328,
1113712478,0.05537985202,-0.04938233826,
1113912498,0.05368554675,-0.04825471181,
1114112518,0.05356740307,-0.04711013864,
1114312537,0.0530558427,-0.04595618685,
1114512557,0.05248844712,-0.04542034009,
1114712577,0.05212827332,-0.04453330151,
1114912597,0.05197231565,-0.04370465853,
1115112616,0.05161593848,-0.04324502528,
1115312636,0.05149830331,-0.04202327526,
1115512656,0.05120209935,-0.04182418213,
1115712676,0.05096716954,-0.04110130483,
1115912695,0.05135997844,-0.04079788665,
1116112715,0.05072091949,-0.03972013578,
1116312735,0.05052933534,-0.03969402384,
1116512755,0.05062355304,-0.03986432964,
1116712774,0.0503468862,-0.03924039795,
1116912794,0.05026598103,-0.03870248474,
1117112814,0.05047352054,-0.03886101409,
1117312834,0.04986841921,-0.03844358984,
1117512853,0.04970251266,-0.03844185435,
1117712873,0.04955731643,-0.03849836548,
1117912893,0.04898387651,-0.03815513368,
1118112913,0.04837629747,-0.03845836623,
1118312932,0.04799158642,-0.0378106732,
1118512952,0.04701683696,-0.03780734709,
1118712972,0.04685072397,-0.03714186684,
1118912992,0.0456988418,-0.03694936264,
1119113011,0.04516486607,-0.03616859002,
1119313031,0.04460312806,-0.03624795165,
1119513051,0.0437018147,-0.03521608667,
1119713071,0.04303345756,-0.03457553669,
1119913090,0.04236323629,-0.03417600591,
1120113110,0.04185411351,-0.03351725032,
1120313130,0.04122843076,-0.03227349657,
1120513150,0.04066773122,-0.03108538797,
1120713170,0.04057008312,-0.02998592878,
1120913189,0.04037956798,-0.02891194308,
1121113209,0.04000393802,-0.02795629461,
1121313229,0.03934681121,-0.02660303108,
1121513249,0.03930822619,-0.02501863939,
1121713268,0.03917617148,-0.0239971033,
1121913288,0.03908248901,-0.02298958331,
1122113308,0.03890090567,-0.02132232476,
1122313328,0.03930519792,-0.02036098049,
1122513347,0.03969408421,-0.01917692271,
1122713367,0.04001005425,-0.0181377324,
1122913387,0.04051894777,-0.01601826641,
1123113407,0.04100710648,-0.01578659174,
1123313426,0.04137706617,-0.01443382526,
1123513446,0.04266848939,-0.01343122811,
1123713466,0.04336412867,-0.01197396845,
1123913486,0.04408404749,-0.01191871375,
1124113505,0.04475076195,-0.01032009555,
1124313525,0.0458592665,-0.009615909004,
1124513545,0.04700133348,-0.008963181402,
1124713565,0.04754759585,-0.00912714059,
1124913584,0.04880727977,-0.007874142563,
1125113604,0.05018783956,-0.007374586845,
1125313624,0.05124808706,-0.006821583245,
1125513644,0.05194933485,-0.006922831623,
1125713663,0.05307689968,-0.006532279638,
1125913683,0.0541303758,-0.006477136525,
1126113703,0.05470906749,-0.005876613501,
1126313723,0.0561557037,-0.006223896603,
1126513742,0.05675531674,-0.006315316546,
1126713762,0.05774162592,-0.006436334241,
1126913782,0.0588940891,-0.006344019455,
1127113802,0.05972144876,-0.006361659661,
1127313821,0.06096310758,-0.006177325391,
1127513841,0.06167460201,-0.006547232706,
1127713861,0.06279545561,-0.007708136971,
1127913881,0.0634521814,-0.00725182347,
1128113900,0.06463872411,-0.007789117594,
1128313920,0.06532155454,-0.008492817749,
1128513940,0.0659085079,-0.008677183704,
1128713960,0.06641708323,-0.00920356078,
1128913979,0.06703793521,-0.009787636779,
1129113999,0.06808017593,-0.01036224422,
1129314019,0.06827228615,-0.01089194678,
1129514039,0.06910268479,-0.01185970911,
1129714058,0.0694468864,-0.01261659697,
1129914078,0.0695800382,-0.01309679089,
1130114098,0.0702318969,-0.01380412683,
1130314118,0.07053372417,-0.01420975806,
1130514137,0.07067940516,-0.01503375206,
1130714157,0.07104534798,-0.01553362929,
1130914177,0.07136674025,-0.01677831874,
1131114197,0.07159780499,-0.01794078331,
1131314216,0.07134983794,-0.01799711853,
1131514236,0.07104305604,-0.01860104871,
1131714256,0.07145203026,-0.01966204521,
1131914276,0.07143087396,-0.01952367886,
1132114295,0.0711955001,-0.02084364918,
1132314315,0.07109830449,-0.02110731908,
1132514335,0.07058059781,-0.02163481609,
1132714355,0.07038818747,-0.02191657796,
1132914374,0.07052474071,-0.02229880354,
1133114394,0.06996583194,-0.02336461749,
1133314414,0.07002310067,-0.02315368309,
1133514434,0.06993297219,-0.02354339041,
1133714453,0.06926557269,-0.0238718281,
1133914473,0.06925232264,-0.02390928086,
1134114493,0.06884787066,-0.02401118034,
1134314513,0.06883946763,-0.02463373003,
1134514532,0.06853274265,-0.02414596079,
1134714552,0.06825639146,-0.02440137267,
1134914572,0.06843355427,-0.0246831863,
1135114592,0.06871035609,-0.02521401222,
1135314611,0.06855617325,-0.02545275095,
1135514631,0.06834042656,-0.02535717987,
1135714651,0.06805434312,-0.02582688892,
1135914671,0.06788917741,-0.02583749632,
1136114690,0.06857428807,-0.02581113499,
1136314710,0.0680554142,-0.0261691366,
1136514730,0.06825552308,-0.02658258932,
1136714750,0.06849078786,-0.02683836242,
1136914769,0.06751659534,-0.02683616197,
1137114789,0.06733168397,-0.02759820571,
1137314809,0.06741290768,-0.02850329323,
1137514829,0.06624943632,-0.02794699827,
1137714848,0.06665412123,-0.02837755316,
1137914868,0.06658574479,-0.02867961823,
1138114888,0.06580756043,-0.0288189661,
1138314908,0.06539477367,-0.02892002572,
1138514927,0.06471749961,-0.02886889409,
1138714947,0.06472953043,-0.02841614829,
1138914967,0.06424977812,-0.02902901248,
1139114987,0.06321566851,-0.0283808746,
1139315006,0.06278170278,-0.02866689113,
1139515026,0.0627550153,-0.02832019334,
1139715046,0.06217222362,-0.02806264857,
1139915066,0.06234659697,-0.02739017277,
1140115085,0.06155757591,-0.02758277387,
1140315105,0.06195870414,-0.02681894815,
1140515125,0.06205014258,-0.02640083461,
1140715145,0.06169336082,-0.02567718221,
1140915164,0.06242175753,-0.02522113012,
1141115184,0.06208184252,-0.02525564418,
1141315204,0.06262839564,-0.02505889067,
1141515224,0.06247164396,-0.02422447104,
1141715243,0.06256617549,-0.0241326485,
1141915263,0.06338778451,-0.0239526103,
1142115283,0.06351815841,-0.02357261989,
1142315303,0.06435442251,-0.02358545525,
1142515322,0.06463869083,-0.02357313102,
1142715342,0.06498016495,-0.02400695601,
1142915362,0.06521880465,-0.02365672926,
1143115382,0.06611547522,-0.02468835946,
1143315401,0.06637700693,-0.02444944627,
1143515421,0.06745690955,-0.02444225932,
1143715441,0.06778118478,-0.02560648575,
1143915461,0.06782802828,-0.02561380401,
1144115480,0.06832462541,-0.02647938215,
1144315500,0.0685346687,-0.02689082088,
1144515520,0.06872876592,-0.02749294545,
1144715540,0.06895836722,-0.02813825667,
1144915559,0.06875750914,-0.02855566521,
1145115579,0.06862988448,-0.02979160773,
1145315599,0.06847269724,-0.02999389211,
1145515619,0.06834596638,-0.03053864272,
1145715638,0.06800834411,-0.03113503111,
1145915658,0.06727302063,-0.03188754308,
1146115678,0.06717387459,-0.03231391539,
1146315698,0.06588350937,-0.03289441474,
1146515717,0.0656208068,-0.03336221626,
1146715737,0.06469039387,-0.03346775408,
1146915757,0.06471857282,-0.03362155374,
1147115777,0.06387439794,-0.03409841971,
1147315797,0.06270502436,-0.03378373969,
1147515816,0.06209265326,-0.03343786434,
1147715836,0.06139610248,-0.03412279825,
1147915856,0.0606444344,-0.03370595825,
1148115876,0.05982726701,-0.03311883711,
1148315895,0.05934398492,-0.03284213863,
1148515915,0.05894515529,-0.03239384569,
1148715935,0.05883748774,-0.03212594671,
1148915955,0.05848256136,-0.03106191005,
1149115974,0.05826179174,-0.03059297237,
1149315994,0.05763000379,-0.03048271152,
1149516014,0.05774072705,-0.02989427294,
1149716034,0.05746430232,-0.02940040525,
1149916053,0.05739147474,-0.02834715349,
1150116073,0.05780429695,-0.02792127801,
1150316093,0.05775525259,-0.02789844485,
1150516113,0.05743201422,-0.02749393559,
1150716132,0.05844757739,-0.02708768715,
1150916152,0.05811513837,-0.0259855293,
1151116172,0.0584709269,-0.02565177212,
1151316192,0.05921864677,-0.02553134421,
1151516211,0.05948681976,-0.02548915303,
1151716231,0.06000994315,-0.02523789745,
1151916251,0.06020541294,-0.02506321431,
1152116271,0.0608112509,-0.02536949231,
1152316290,0.06102714395,-0.02481105084,
1152516310,0.0614993213,-0.02465124299,
1152716330,0.06157157818,-0.02582753231,
1152916350,0.06195699466,-0.02493254753,
1153116369,0.06278052008,-0.02543441946,
1153316389,0.06235383399,-0.02568237356,
1153516409,0.06270734478,-0.02574452695,
1153716429,0.06241700423,-0.0260256357,
1153916448,0.06325329667,-0.02612376833,
1154116468,0.0626179496,-0.02666925028,
1154316488,0.06313102796,-0.0263646618,
1154516508,0.06281455281,-0.02743797382,
1154716527,0.06279206673,-0.02713631962,
1154916547,0.0629484691,-0.02756620618,
1155116567,0.06269979941,-0.02802292251,
1155316587,0.06259972336,-0.02706015261,
1155516606,0.06230565068,-0.02736978583,
1155716626,0.06218292028,-0.02726436474,
1155916646,0.06254018825,-0.02768632785,
1156116666,0.06268193026,-0.02755361307,
1156316685,0.06245416001,-0.02745716336,
1156516705,0.06205457865,-0.02697360516,
1156716725,0.06165652107,-0.02708263088,
1156916745,0.06230717586,-0.0269105597,
1157116764,0.06180705765,-0.02716564489,
1157316784,0.0618172074,-0.0267874883,
1157516804,0.06224745472,-0.0261927597,
1157716824,0.06185527241,-0.0259643883,
1157916843,0.06232068503,-0.02573859536,
1158116863,0.06256213483,-0.02638696834,
1158316883,0.06246931006,-0.02599120574,
1158516903,0.06281924334,-0.02547721926,
1158716922,0.06290891206,-0.02528950753,
1158916942,0.06338633066,-0.02592475419,
1159116962,0.06366857702,-0.02598476105,
1159316982,0.06392602732,-0.02560978688,
1159517001,0.06433626431,-0.025972817,
1159717021,0.06436269057,-0.02581108253,
1159917041,0.06495474992,-0.02562014032,
1160117061,0.06515534116,-0.0261929727,
1160317080,0.06509447748,-0.02652936753,
1160517100,0.0656889472,-0.02576772103,
1160717120,0.06563411294,-0.02637127643,
1160917140,0.06661757497,-0.0262452691,
1161117159,0.06673176958,-0.02679519748,
1161317179,0.06625163941,-0.0273172115,
1161517199,0.066924268,-0.02777839601,
1161717219,0.06686325658,-0.02792254757,
1161917238,0.06718426727,-0.02843886648,
1162117258,0.06733976693,-0.02841982318,
1162317278,0.06747520449,-0.02893179861,
1162517298,0.06784936035,-0.02939947259,
1162717317,0.06766384673,-0.02992854794,
1162917337,0.06791996282,-0.03030484317,
1163117357,0.06706354831,-0.03051556799,
1163317377,0.06759968562,-0.03047792388,
1163517396,0.06710149785,-0.03093020705,
1163717416,0.06768007986,-0.03138488249,
1163917436,0.06759212943,-0.03134739471,
1164117456,0.06692572669,-0.03205604429,
1164317475,0.06722367585,-0.03242572256,
1164517495,0.06698389058,-0.03247078326,
1164717515,0.06672386546,-0.03282242827,
1164917535,0.06681067762,-0.03293459437,
1165117554,0.06694902879,-0.03281306029,
1165317574,0.06692451083,-0.03321032184,
1165517594,0.06647309654,-0.03420559728,
1165717614,0.06627236812,-0.03383935458,
1165917633,0.06639123619,-0.03431665671,
1166117653,0.06608998443,-0.03428124206,
1166317673,0.06608785842,-0.03503597552,
1166517693,0.06592081582,-0.03526923882,
1166717712,0.06601513252,-0.03513032017,
1166917732,0.06585333112,-0.03544237634,
1167117752,0.06538891229,-0.03586232133,
1167317772,0.06502652875,-0.0360243532,
1167517791,0.06500652496,-0.03612846035,
1167717811,0.0654758658,-0.03646446918,
1167917831,0.06441752087,-0.03686306852,
1168117851,0.06447425996,-0.03711797132,
1168317870,0.06390179058,-0.03731010484,
1168517890,0.06360991438,-0.03705549202,
1168717910,0.0634957648,-0.03741154922,
1168917930,0.06300943914,-0.03748389966,
1169117949,0.06287803296,-0.03731847434,
1169317969,0.06259600897,-0.03724728645,
1169517989,0.06233603393,-0.03763323982,
1169718009,0.06235992006,-0.03742320914,
1169918028,0.06218695101,-0.03691212128,
1170118048,0.06197540287,-0.036849188,
1170318068,0.06171010468,-0.03739087337,
1170518088,0.06203650343,-0.0374631423,
1170718107,0.06216295041,-0.0369304141,
1170918127,0.0613895663,-0.03760167187,
1171118147,0.06193917256,-0.03755613594,
1171318167,0.06186962768,-0.0371264144,
1171518186,0.06199015567,-0.03753840494,
1171718206,0.06133756177,-0.03787760397,
1171918226,0.0613893124,-0.03870558063,
1172118246,0.0617396748,-0.03820064853,
1172318265,0.0614687701,-0.03945160937,
1172518285,0.06080129301,-0.03923297218,
1172718305,0.06134583593,-0.03974755808,
1172918325,0.06094738239,-0.03987999809,
1173118344,0.0601774399,-0.04056654997,
1173318364,0.06034021848,-0.04136808806,
1173518384,0.05963999099,-0.04110599596,
1173718404,0.05898102975,-0.04160838488,
1173918424,0.05856563911,-0.04233636134,
1174118443,0.05768075177,-0.04224772284,
1174318463,0.05712884151,-0.04251102177,
1174518483,0.05596531726,-0.04259397767,
1174718503,0.0555753333,-0.04255894961,
1174918522,0.05450167901,-0.04264331105,
1175118542,0.05383303881,-0.04231076384,
1175318562,0.05300183263,-0.04215099052,
1175518582,0.05238317113,-0.04185972484,
1175718601,0.05135490614,-0.04119478087,
1175918621,0.05049082438,-0.04103513303,
1176118641,0.05036680819,-0.04045396205,
1176318661,0.04953570125,-0.03917043215,
1176518680,0.04862313517,-0.03888990225,
1176718700,0.04854476971,-0.03765041721,
1176918720,0.04820555875,-0.03697154235,
1177118740,0.04776549183,-0.03604751494,
1177318759,0.04742149024,-0.03495004799,
1177518779,0.04763201101,-0.03403868737,
1177718799,0.04695655729,-0.03328389441,
1177918819,0.04709173061,-0.03186388913,
1178118838,0.04745447818,-0.03081266744,
1178318858,0.04823991313,-0.0297487484,
1178518878,0.04812072682,-0.02931529435,
1178718898,0.04867414233,-0.02832254022,
1178918917,0.04931387784,-0.02765960311,
1179118937,0.0505069416,-0.02666185576,
1179318957,0.05058364471,-0.02603502647,
1179518977,0.05156212943,-0.02534243105,
1179718996,0.05238972425,-0.02503206026,
1179919016,0.0533328937,-0.02466516843,
1180119036,0.05476604611,-0.02426554674,
1180319056,0.05492904369,-0.0241985218,
1180519075,0.0559943659,-0.02408553793,
1180719095,0.05733197849,-0.02382647399,
1180919115,0.05815158974,-0.02434244464,
1181119135,0.05914832426,-0.02436203701,
1181319154,0.05928706558,-0.02466051444,
1181519174,0.0602158757,-0.02496425516,
1181719194,0.06127579314,-0.02612835352,
1181919214,0.06202170482,-0.02646779956,
1182119233,0.0627436159,-0.02629489523,
1182319253,0.0632341164,-0.02752884405,
1182519273,0.06358255572,-0.02822180462,
1182719293,0.06399218753,-0.02891419214,
1182919312,0.0646806736,-0.02935550057,
1183119332,0.06492753489,-0.03084274228,
1183319352,0.06479196209,-0.03124582363,
1183519372,0.06510483278,-0.03222462187,
1183719391,0.06522105599,-0.03271077333,
1183919411,0.06523099011,-0.03380533264,
1184119431,0.0649384029,-0.0346213552,
1184319451,0.06497951642,-0.03545684547,
1184519470,0.06480628195,-0.03558130499,
1184719490,0.06530329925,-0.03722753868,
1184919510,0.0645577428,-0.03793254661,
1185119530,0.06413507036,-0.03864936635,
1185319549,0.06426005486,-0.03894870071,
1185519569,0.06315033973,-0.03966014682,
1185719589,0.06330166039,-0.04006958734,
1185919609,0.06252693585,-0.04075405952,
1186119628,0.06224974446,-0.0413228541,
1186319648,0.06186988911,-0.0419118257,
1186519668,0.0606621633,-0.04218347443,
1186719688,0.06022253448,-0.04223037801,
1186919707,0.05994681005,-0.0427621205,
1187119727,0.0600492409,-0.04320769102,
1187319747,0.05904943005,-0.04302986783,
1187519767,0.05850884357,-0.04331587083,
1187719786,0.05808837381,-0.0433741232,
1187919806,0.05717920867,-0.043708382,
1188119826,0.05700360641,-0.04330657689,
1188319846,0.0570995318,-0.04367215132,
1188519865,0.05591322203,-0.04390320997,
1188719885,0.05586980578,-0.04450226438,
1188919905,0.05516405656,-0.04430320991,
1189119925,0.05477713852,-0.0439996328,
1189319944,0.0546137585,-0.0441009116,
1189519964,0.05400539958,-0.04438392169,
1189719984,0.05410310891,-0.04462333901,
1189920004,0.05335274839,-0.04433033694,
1190120023,0.05306993465,-0.04480405532,
1190320043,0.05278518415,-0.04420329574,
1190520063,0.05266466754,-0.04473146361,
1190720083,0.05216319882,-0.04477723739,
1190920102,0.05217327046,-0.04524216185,
1191120122,0.05152526088,-0.0456972499,
1191320142,0.0515536177,-0.04478260738,
1191520162,0.05117135717,-0.04604474165,
1191720181,0.05063780561,-0.04600479132,
1191920201,0.05003494287,-0.04615041057,
1192120221,0.04939049083,-0.04646568553,
1192320241,0.04930004897,-0.04670630056,
1192520260,0.04844806152,-0.04661976938,
1192720280,0.04795360737,-0.04750197828,
1192920300,0.04768353751,-0.04728151298,
1193120320,0.04644160441,-0.04787639297,
1193320339,0.04551125091,-0.04778408077,
1193520359,0.0447789877,-0.04774586739,
1193720379,0.043420033,-0.04843721458,
1193920399,0.04246467143,-0.04805356882,
1194120418,0.04188109811,-0.04744899505,
1194320438,0.0409388213,-0.04747351092,
1194520458,0.04037168774,-0.04725009483,
1194720478,0.03928876148,-0.04680573509,
1194920497,0.03813932369,-0.04671909677,
1195120517,0.03762292725,-0.0455258326,
1195320537,0.03634591202,-0.04537105995,
1195520557,0.03564095026,-0.04469855083,
1195720576,0.03477664099,-0.04442285339,
1195920596,0.03358570827,-0.0435991617,
1196120616,0.03288710522,-0.04316548242,
1196320636,0.03239876816,-0.04169384335,
1196520655,0.03217840262,-0.0415965493,
1196720675,0.03116524279,-0.04043545905,
1196920695,0.03069490435,-0.03965205285,
1197120715,0.03032098445,-0.03909941367,
1197320734,0.03000528346,-0.03801215008,
1197520754,0.02950016632,-0.03728039999,
1197720774,0.02942043034,-0.03604488154,
1197920794,0.02861541223,-0.03537999153,
1198120813,0.02867499993,-0.03471187098,
1198320833,0.02819790385,-0.03369722198,
1198520853,0.0279606473,-0.03270416568,
1198720873,0.02825390869,-0.03196118483,
1198920892,0.02797399131,-0.03085007402,
1199120912,0.02746284226,-0.03050745407,
1199320932,0.0276514033,-0.0292368026,
1199520952,0.02761962106,-0.02860593589,
1199720971,0.0279268406,-0.02805274666,
1199920991,0.02753311801,-0.02719524551,
1200121011,0.02779867765,-0.02681481073,
1200321031,0.02766096773,-0.02537130447,
1200521051,0.02778569989,-0.02457894814,
1200721070,0.02779161665,-0.02397933161,
1200921090,0.0277065698,-0.02320713115,
1201121110,0.02829520912,-0.02211325262,
1201321130,0.02793776485,-0.02142313482,
1201521149,0.02798282069,-0.020915797,
1201721169,0.02814518939,-0.02082196246,
1201921189,0.02826074484,-0.01980663003,
1202121209,0.02893119738,-0.01916005407,
1202321228,0.02909376838,-0.01832755398,
1202521248,0.02883446733,-0.01772742352,
1202721268,0.02912625825,-0.01667620268,
1202921288,0.02912109345,-0.01596347403,
1203121307,0.02943047868,-0.01563465153,
1203321327,0.02986293146,-0.01459076531,
1203521347,0.03006566968,-0.01432354282,
1203721367,0.03028234264,-0.01326141722,
1203921386,0.03072465055,-0.01246326882,
1204121406,0.03147842367,-0.01241495492,
1204321426,0.03156698762,-0.01155251464,
1204521446,0.03196999425,-0.01124976855,
1204721465,0.0324374077,-0.01064849491,
1204921485,0.03272916589,-0.00996184783,
1205121505,0.03351806866,-0.009279631359,
1205321525,0.03346943634,-0.008923919041,
1205521544,0.03425588608,-0.008732699452,
1205721564,0.03486888568,-0.007989768253,
1205921584,0.03506410995,-0.007919290258,
1206121604,0.03592239119,-0.00715051349,
1206321623,0.03616730109,-0.007014641647,
1206521643,0.03652726447,-0.007002332207,
1206721663,0.03758463281,-0.006881502968,
1206921683,0.03759764829,-0.006417552578,
1207121702,0.03794579201,-0.006414149173,
1207321722,0.03849234519,-0.006086471964,
1207521742,0.03850198108,-0.005072382193,
1207721762,0.03878669387,-0.005135830797,
1207921781,0.03902104645,-0.004943718865,
1208121801,0.03939351891,-0.004865096808,
1208321821,0.03961678806,-0.00478074358,
1208521841,0.03970712834,-0.004217543347,
1208721860,0.03962111651,-0.003871694484,
1208921880,0.04034007555,-0.003802599942,
1209121900,0.04019354629,-0.002848990275,
1209321920,0.04069153906,-0.002550873149,
1209521939,0.04066709519,-0.002057849232,
1209721959,0.0410156471,-0.001785185305,
1209921979,0.041275391,-0.0009809013882,
1210121999,0.04154006454,-0.0001452496703,
1210322018,0.04233770321,0.0006365077659,
1210522038,0.04273172851,0.0004599227973,
1210722058,0.04380454573,0.001321197335,
1210922078,0.04406071876,0.002031594737,
1211122097,0.04428522635,0.003303761612,
1211322117,0.04492636199,0.003334183527,
1211522137,0.04608307732,0.003988711742,
1211722157,0.04702879048,0.004213616688,
1211922176,0.04743745165,0.004913420171,
1212122196,0.04892859177,0.005178553702,
1212322216,0.04963693377,0.005881733056,
1212522236,0.05067265495,0.006135331369,
1212722255,0.05174349164,0.006505650363,
1212922275,0.05279566577,0.006262009872,
1213122295,0.05358999865,0.006668832445,
1213322315,0.0544597457,0.006621846537,
1213522334,0.05602725051,0.006248788689,
1213722354,0.05704193359,0.006477137872,
1213922374,0.05825513336,0.006439319002,
1214122394,0.05944524282,0.006133598941,
1214322413,0.06059965714,0.006304072632,
1214522433,0.06157058195,0.006052725249,
1214722453,0.06277499222,0.005663971727,
1214922473,0.06373454522,0.004800457679,
1215122492,0.06472575649,0.003807797689,
1215322512,0.06605589279,0.003815558393,
1215522532,0.06687750546,0.003392707803,
1215722552,0.06738644188,0.002498420913,
1215922571,0.06806384173,0.002135425912,
1216122591,0.06891901088,0.0009743761879,
1216322611,0.06934127126,0.0003997082102,
1216522631,0.07032239139,-3.494391366e-05,
1216722650,0.07125598821,-0.001348379722,
1216922670,0.07177075178,-0.002560120295,
1217122690,0.0718087543,-0.002476599453,
1217322710,0.07301144657,-0.003836442607,
1217522729,0.0729858995,-0.004455182555,
1217722749,0.07339689827,-0.005868675043,
1217922769,0.07363604295,-0.00647606277,
1218122789,0.0737307043,-0.007793055138,
1218322808,0.07384824336,-0.008233975096,
1218522828,0.07390616902,-0.008981954682,
1218722848,0.07378089515,-0.009781877423,
1218922868,0.0738754834,-0.01133413759,
1219122887,0.07387135181,-0.01142745718,
1219322907,0.0739344105,-0.01195861695,
1219522927,0.07324263428,-0.01319816444,
1219722947,0.07391420175,-0.01385055925,
1219922966,0.07377525015,-0.01455804225,
1220122986,0.07283245959,-0.0146129388,
1220323006,0.07292484987,-0.01594938025,
1220523026,0.07286040079,-0.0165152023,
1220723045,0.07276953706,-0.01697824446,
1220923065,0.07205898254,-0.01687440765,
1221123085,0.07118564653,-0.01791793781,
1221323105,0.07139171721,-0.01846156682,
1221523124,0.07118428544,-0.01834521275,
1221723144,0.07039919299,-0.01851626076,
1221923164,0.07060629806,-0.0188515518,
1222123184,0.07037350717,-0.01872005976,
1222323203,0.07026189058,-0.01947704669,
1222523223,0.06991213456,-0.0195052506,
1222723243,0.06999023372,-0.01922026552,
1222923263,0.06905885523,-0.01965332495,
1223123282,0.06975298839,-0.01957268025,
1223323302,0.06872866579,-0.01981077666,
1223523322,0.06879596212,-0.01996741988,
1223723342,0.06921782614,-0.02047223807,
1223923361,0.0688836,-0.02046485758,
1224123381,0.06937808456,-0.02108557595,
1224323401,0.06896898516,-0.02117088112,
1224523421,0.06871485897,-0.02139888208,
1224723440,0.06870907316,-0.02207683056,
1224923460,0.06844726185,-0.02180007816,
1225123480,0.0683885055,-0.02217950144,
1225323500,0.0681114742,-0.02270167249,
1225523519,0.06760413068,-0.02297851436,
1225723539,0.06755641771,-0.02345570316,
1225923559,0.06734067201,-0.02311316153,
1226123579,0.06791635994,-0.02418667853,
1226323598,0.06715407952,-0.02465899789,
1226523618,0.0666763077,-0.02456716415,
1226723638,0.0663570705,-0.02507184939,
1226923658,0.06613461305,-0.02490081711,
1227123678,0.06547750868,-0.02520454678,
1227323697,0.06498333233,-0.02462941061,
1227523717,0.06474179408,-0.02559623858,
1227723737,0.06459819869,-0.02517168072,
1227923757,0.06372246606,-0.02539148432,
1228123776,0.06342307169,-0.02506003907,
1228323796,0.06284760714,-0.02600795487,
1228523816,0.06320225474,-0.02507964141,
1228723836,0.06225147574,-0.02552320824,
1228923855,0.06222636508,-0.0252412874,
1229123875,0.06196250685,-0.02509897783,
1229323895,0.06096471676,-0.02467303598,
1229523915,0.06110953813,-0.02523531721,
1229723934,0.06123707042,-0.02495415657,
1229923954,0.06021609846,-0.02394159203,
1230123974,0.06045703527,-0.02405877821,
1230323994,0.06046979816,-0.02400262222,
1230524013,0.0598953137,-0.02382415075,
1230724033,0.05999552966,-0.02343790305,
1230924053,0.05949755487,-0.02364264835,
1231124073,0.05952018397,-0.02338317091,
1231324092,0.05935370769,-0.0229112667,
1231524112,0.05934414913,-0.02308379396,
1231724132,0.05866552467,-0.02277300496,
1231924152,0.05876452681,-0.0227434623,
1232124171,0.05855313799,-0.02241470604,
1232324191,0.05852369805,-0.02278575697,
1232524211,0.05856855629,-0.0224072598,
1232724231,0.05837243874,-0.02194634199,
1232924250,0.0575157837,-0.02202963263,
1233124270,0.05753226233,-0.02160692137,
1233324290,0.05729696085,-0.02119441896,
1233524310,0.05666759738,-0.02111940659,
1233724329,0.0570697546,-0.02131445099,
1233924349,0.05662279507,-0.02027069177,
1234124369,0.05646064144,-0.02008984009,
1234324389,0.05641351266,-0.01996741991,
1234524408,0.05614790365,-0.01964225311,
1234724428,0.05593288363,-0.01940392543,
1234924448,0.0557762489,-0.0189891835,
1235124468,0.05548988173,-0.01814575124,
1235324487,0.05573182134,-0.01719471722,
1235524507,0.05553469339,-0.01656820283,
1235724527,0.05569414859,-0.01619606474,
1235924547,0.05594891046,-0.0163532856,
1236124566,0.05590991359,-0.01578938567,
1236324586,0.05602033806,-0.01526464431,
1236524606,0.05659831273,-0.01465328452,
1236724626,0.05663849084,-0.01437454258,
1236924645,0.05653429433,-0.01418628679,
1237124665,0.05743366955,-0.01356902356,
1237324685,0.05711466284,-0.01363721448,
1237524705,0.05813620319,-0.01349824643,
1237724724,0.05821530262,-0.0128951737,
1237924744,0.05857227667,-0.01225251373,
1238124764,0.05885229947,-0.01240669472,
1238324784,0.05852213098,-0.01234557036,
1238524803,0.05936511978,-0.01180102404,
1238724823,0.05965787942,-0.0111611455,
1238924843,0.06011074276,-0.01151050943,
1239124863,0.06004223389,-0.0109336065,
1239324882,0.06025032032,-0.01070477306,
1239524902,0.06057057483,-0.01082630611,
1239724922,0.06071733775,-0.0106913254,
1239924942,0.06093354003,-0.01073702565,
1240124961,0.06140626642,-0.009982424303,
1240324981,0.06089489759,-0.01035184145,
1240525001,0.06154556389,-0.009834446182,
1240725021,0.06207067685,-0.009314682938,
1240925040,0.06251054004,-0.009185218002,
1241125060,0.06189499615,-0.008834509336,
1241325080,0.0630110123,-0.008493835834,
1241525100,0.0628825153,-0.007893539853,
1241725119,0.06358733347,-0.007960336207,
1241925139,0.06402709176,-0.007637973137,
1242125159,0.06448825711,-0.007689195911,
1242325179,0.0653958509,-0.006643221473,
1242525198,0.06537699514,-0.006718600089,
1242725218,0.06674748662,-0.006554128062,
1242925238,0.06753191311,-0.006604252071,
1243125258,0.06816538263,-0.006403334584,
1243325277,0.06917958,-0.006632690687,
1243525297,0.06990116395,-0.006717225532,
1243725317,0.07079467171,-0.006826868139,
1243925337,0.07176687918,-0.007207350905,
1244125356,0.07267171205,-0.007349950095,
1244325376,0.07330101172,-0.007399598314,
1244525396,0.07384770102,-0.00807081145,
1244725416,0.07497059157,-0.009573088196,
1244925435,0.07592846503,-0.00988087077,
1245125455,0.07609446737,-0.01044406007,
1245325475,0.07640376402,-0.01171335416,
1245525495,0.07650504786,-0.01235531347,
1245725514,0.07759525545,-0.01294834526,
1245925534,0.07748984464,-0.01392713378,
1246125554,0.07749249949,-0.01546372089,
1246325574,0.07743459925,-0.01585491163,
1246525593,0.07726247826,-0.01638754271,
1246725613,0.07691247857,-0.0178595859,
1246925633,0.0760389803,-0.01828618863,
1247125653,0.07689497055,-0.01888345351,
1247325672,0.07570798247,-0.01884445645,
1247525692,0.07536424078,-0.01993988217,
1247725712,0.0752272707,-0.02043095459,
1247925732,0.07451423806,-0.02061851293,
1248125751,0.07481744569,-0.02110231109,
1248325771,0.07435071345,-0.02066633035,
1248525791,0.07325815369,-0.02151808671,
1248725811,0.07301793086,-0.02142459357,
1248925830,0.07241883754,-0.02118920213,
1249125850,0.07228813968,-0.02051486476,
1249325870,0.07176516473,-0.02067919075,
1249525890,0.07190795684,-0.02101892618,
1249725909,0.07139036594,-0.02108133226,
1249925929,0.0713239048,-0.02006761355,
1250125949,0.07151870577,-0.01907297428,
1250325969,0.07141771652,-0.01975610944,
1250525988,0.07163659431,-0.0181826364,
1250726008,0.07197320257,-0.01887334576,
1250926028,0.07155807281,-0.01882138384,
1251126048,0.07188691078,-0.01843233104,
1251326067,0.07247856968,-0.01854330537,
1251526087,0.07291401056,-0.01841076719,
1251726107,0.07316263383,-0.01803291328,
1251926127,0.07354859714,-0.01874842933,
1252126146,0.07375555515,-0.01838726738,
1252326166,0.07461387863,-0.01907650533,
1252526186,0.0744792249,-0.01915591099,
1252726206,0.07466839054,-0.01902455158,
1252926225,0.07486064866,-0.02008215584,
1253126245,0.07546737276,-0.02002730021,
1253326265,0.07546641957,-0.02071312762,
1253526285,0.0759163947,-0.02045497903,
1253726305,0.07607898931,-0.021239662,
1253926324,0.07590374487,-0.022063667,
1254126344,0.07572606744,-0.0220608751,
1254326364,0.07554608418,-0.0224943865,
1254526384,0.07581410279,-0.0236701151,
1254726403,0.07530126716,-0.02337183582,
1254926423,0.07525788366,-0.02426118413,
1255126443,0.07555214582,-0.02498978549,
1255326463,0.07483552305,-0.02457247459,
1255526482,0.07461078916,-0.0254690902,
1255726502,0.07452618873,-0.02554198009,
1255926522,0.07377117621,-0.02629138938,
1256126542,0.07304936929,-0.02598760121,
1256326561,0.07241755304,-0.02643037851,
1256526581,0.07237939256,-0.0265342507,
1256726601,0.07196941346,-0.02622556374,
1256926621,0.07160785011,-0.02619437927,
1257126640,0.07134816363,-0.02592224515,
1257326660,0.07101596115,-0.02632972993,
1257526680,0.06988225081,-0.02591251731,
1257726700,0.06996266241,-0.02605578813,
1257926719,0.06958311073,-0.02577047084,
1258126739,0.06962373324,-0.0246251435,
1258326759,0.06940141504,-0.02487600878,
1258526779,0.06927155506,-0.02418646983,
1258726798,0.06881951253,-0.02402611584,
1258926818,0.06878755541,-0.02431844609,
1259126838,0.06878049198,-0.02380879346,
1259326858,0.06907274376,-0.02333393889,
1259526877,0.0691806144,-0.0225958051,
1259726897,0.06921859103,-0.02264498709,
1259926917,0.06931422202,-0.02217447406,
1260126937,0.06962099591,-0.021840207,
1260326956,0.07001526152,-0.02186484059,
1260526976,0.06971258953,-0.02136008951,
1260726996,0.0698364769,-0.02103397028,
1260927016,0.07028170006,-0.02052009862,
1261127035,0.07035972977,-0.01967318923,
1261327055,0.07067564917,-0.02036648403,
1261527075,0.07117369601,-0.01999357217,
1261727095,0.07151435253,-0.01985420997,
1261927114,0.07230518243,-0.01934619771,
1262127134,0.07239673952,-0.01977142211,
1262327154,0.07291286746,-0.01926757909,
1262527174,0.07319634509,-0.01927662512,
1262727193,0.07377334851,-0.01932592356,
1262927213,0.07437992366,-0.01927717931,
1263127233,0.07455575511,-0.01987066685,
1263327253,0.0756354787,-0.01955815201,
1263527272,0.0756963925,-0.02021226351,
1263727292,0.07715622846,-0.02014169091,
1263927312,0.07704813871,-0.02026181247,
1264127332,0.07759978467,-0.02052106093,
1264327351,0.0780533436,-0.0215069917,
1264527371,0.07792953023,-0.02152062774,
1264727391,0.07900768663,-0.02207749103,
1264927411,0.07973681526,-0.02264301886,
1265127430,0.07946834446,-0.02289776636,
1265327450,0.08019881125,-0.02388058057,
1265527470,0.08093802608,-0.02415651195,
1265727490,0.08054407562,-0.02499874151,
1265927509,0.08088548451,-0.02607954588,
1266127529,0.0803318453,-0.026666223,
1266327549,0.08036035728,-0.02797386021,
1266527569,0.08083828624,-0.02798907906,
1266727588,0.08071128513,-0.02906968379,
1266927608,0.08071411871,-0.03031494048,
1267127628,0.08065998892,-0.03154982215,
1267327648,0.07997309755,-0.03161990379,
1267527667,0.07963393413,-0.03307526013,
1267727687,0.07971560163,-0.03287662229,
1267927707,0.07882350995,-0.03427916117,
1268127727,0.0783723947,-0.03427162149,
1268327746,0.07793943874,-0.03549218459,
1268527766,0.07724450069,-0.03588096254,
1268727786,0.07634362427,-0.03632217922,
1268927806,0.07489492972,-0.0362857706,
1269127825,0.07439539029,-0.03700797223,
1269327845,0.07352561056,-0.03793154633,
1269527865,0.07285481509,-0.03745170671,
1269727885,0.07216512199,-0.03745374005,
1269927904,0.0712365539,-0.03738687784,
1270127924,0.07038377805,-0.03810178499,
1270327944,0.06952887355,-0.03746645533,
1270527964,0.06869019621,-0.03776970232,
1270727983,0.0688641742,-0.0366807953,
1270928003,0.06742459567,-0.03738622175,
1271128023,0.06678265199,-0.03645096003,
1271328043,0.06687937325,-0.03577852761,
1271528062,0.06620154564,-0.03576635412,
1271728082,0.06581155232,-0.03495086894,
1271928102,0.06494833385,-0.03521287628,
1272128122,0.06544794739,-0.03425648958,
1272328141,0.06463931196,-0.0339692908,
1272528161,0.06405409199,-0.03338697263,
1272728181,0.06403400799,-0.03261969939,
1272928201,0.06361865883,-0.03308442523,
1273128220,0.06391600049,-0.03269305769,
1273328240,0.06412938969,-0.03242439776,
1273528260,0.06409205583,-0.03165936238,
1273728280,0.06375631268,-0.03179731709,
1273928299,0.06340604657,-0.03143976963,
1274128319,0.06350015613,-0.03033838647,
1274328339,0.06311267336,-0.03045400666,
1274528359,0.06336185693,-0.02981808939,
1274728378,0.06296683372,-0.02993554942,
1274928398,0.06316116703,-0.03064038876,
1275128418,0.06313499031,-0.03015245068,
1275328438,0.06318206136,-0.02989228902,
1275528457,0.062692129,-0.0292117537,
1275728477,0.06247644655,-0.02948303437,
1275928497,0.06230067512,-0.02907340028,
1276128517,0.06209379573,-0.02899626896,
1276328536,0.06176593622,-0.02885062094,
1276528556,0.06163775789,-0.02839909595,
1276728576,0.06190954163,-0.02744508003,
1276928596,0.06156562591,-0.02715038756,
1277128615,0.06103073646,-0.0271650689,
1277328635,0.06153304927,-0.0274023637,
1277528655,0.06125229393,-0.02686363839,
1277728675,0.06107059724,-0.02604235373,
1277928694,0.06086223068,-0.02603357376,
1278128714,0.06109642806,-0.02506625924,
1278328734,0.06121315716,-0.02479743929,
1278528754,0.06112447859,-0.02412291791,
1278728773,0.06075006046,-0.02371400389,
1278928793,0.06128068313,-0.02416924288,
1279128813,0.06143999942,-0.02345436697,
1279328833,0.06173988085,-0.0232714188,
1279528852,0.06164060751,-0.02215138784,
1279728872,0.06239124522,-0.02199784445,
1279928892,0.06259014502,-0.02116291722,
1280128912,0.06267021187,-0.02124923747,
1280328932,0.06284615635,-0.02055919213,
1280528951,0.06353142781,-0.02050411521,
1280728971,0.06406295058,-0.02069871177,
1280928991,0.06429943747,-0.01982251217,
1281129011,0.06471984865,-0.01973788141,
1281329030,0.0654954077,-0.02012011405,
1281529050,0.06523094943,-0.01993573856,
1281729070,0.06592328642,-0.01959895808,
1281929090,0.06610716458,-0.01981603208,
1282129109,0.06669282755,-0.01988363155,
1282329129,0.06719339308,-0.01976659674,
1282529149,0.06782992359,-0.01966936048,
1282729169,0.06759389876,-0.02021581556,
1282929188,0.06795441386,-0.01999227025,
1283129208,0.06801460204,-0.02042318666,
1283329228,0.06835678236,-0.0210475886,
1283529248,0.06881975788,-0.02111142651,
1283729267,0.06895708025,-0.02144817135,
1283929287,0.06890059538,-0.02199736165,
1284129307,0.06901825135,-0.02234800277,
1284329327,0.06847107566,-0.02273688504,
1284529346,0.06888982834,-0.02234867534,
1284729366,0.06846427884,-0.02281103857,
1284929386,0.06802433911,-0.02325632399,
1285129406,0.06858133406,-0.02406737482,
1285329425,0.06806166969,-0.02345562577,
1285529445,0.06701965163,-0.02369976404,
1285729465,0.0667425726,-0.02375243526,
1285929485,0.0666814317,-0.02332226046,
1286129504,0.06538043384,-0.02347399809,
1286329524,0.0661914998,-0.02298918878,
1286529544,0.06511259118,-0.02314099558,
1286729564,0.06496507258,-0.02276105339,
1286929583,0.06411058216,-0.02154122388,
1287129603,0.06425868624,-0.0207868938,
1287329623,0.06374518856,-0.02018571592,
1287529643,0.06422871362,-0.01954920486,
1287729662,0.0637927327,-0.01945441648,
1287929682,0.06374080044,-0.01852845518,
1288129702,0.06410591112,-0.01748818525,
1288329722,0.06434511721,-0.01613965409,
1288529741,0.06480731114,-0.01559601945,
1288729761,0.06463977676,-0.01497675241,
1288929781,0.06542180918,-0.01395833465,
1289129801,0.0666238,-0.01286119357,
1289329820,0.06692019349,-0.01241524557,
1289529840,0.0673988146,-0.01110223936,
1289729860,0.06923088794,-0.01132240159,
1289929880,0.06996799103,-0.01035359057,
1290129899,0.07101791089,-0.009925519492,
1290329919,0.072268195,-0.009745785793,
1290529939,0.07336019907,-0.01002340662,
1290729959,0.07465203089,-0.009500809383,
1290929978,0.0766263946,-0.009825872569,
1291129998,0.07706968529,-0.0108492865,
1291330018,0.07859266117,-0.01025173889,
1291530038,0.07942938308,-0.01112462453,
1291730057,0.08056044226,-0.01167850307,
1291930077,0.08202423518,-0.0122504564,
1292130097,0.08274634489,-0.01345907865,
1292330117,0.08412135583,-0.01423466247,
1292530136,0.08463374434,-0.01489545452,
1292730156,0.08548481628,-0.0163574013,
1292930176,0.08618735359,-0.01752967687,
1293130196,0.08633184762,-0.01826364383,
1293330215,0.08730509651,-0.0202667607,
1293530235,0.08748110078,-0.0216601089,
1293730255,0.08767148355,-0.02286438577,
1293930275,0.08783739522,-0.02393400404,
1294130294,0.0881891326,-0.02500940488,
1294330314,0.08774733585,-0.02627093224,
1294530334,0.08751978769,-0.02827099995,
1294730354,0.08706054976,-0.02924841138,
1294930373,0.08713531447,-0.0305462008,
1295130393,0.08665978364,-0.03122912505,
1295330413,0.08573540831,-0.03276921975,
1295530433,0.0849305389,-0.03397062135,
1295730452,0.08456361476,-0.03468665478,
1295930472,0.08374382276,-0.03597712194,
1296130492,0.08329019582,-0.03628141124,
1296330512,0.08187293677,-0.03752360757,
1296530531,0.08114778954,-0.03828279582,
1296730551,0.07999959186,-0.03805010885,
1296930571,0.07929350965,-0.03970896009,
1297130591,0.07781578947,-0.03981836069,
1297330610,0.07736909997,-0.04062777171,
1297530630,0.07602463223,-0.04039953425,
1297730650,0.07494193722,-0.04012822148,
1297930670,0.07397709829,-0.04021740675,
1298130689,0.07283812365,-0.03989310188,
1298330709,0.07165985221,-0.03994872395,
1298530729,0.07047773551,-0.03992554288,
1298730749,0.07005186913,-0.03952265785,
1298930768,0.06880185578,-0.03922630918,
1299130788,0.06828111441,-0.03854398712,
1299330808,0.0675138631,-0.03816655186,
1299530828,0.06714636655,-0.0377737658,
1299730847,0.0665079274,-0.0367640731,
1299930867,0.06593936878,-0.03676275743,
1300130887,0.06554909075,-0.0359175836,
1300330907,0.06557615019,-0.03532187913,
1300530926,0.06554513102,-0.03493794381,
1300730946,0.0651448799,-0.03450555582,
1300930966,0.06520833977,-0.03406441626,
1301130986,0.06473986929,-0.03354389831,
1301331005,0.06474619414,-0.03351675252,
1301531025,0.06498456335,-0.03327655603,
1301731045,0.06456810987,-0.03295628976,
1301931065,0.06427743714,-0.03299574359,
1302131084,0.06436668014,-0.0337018958,
1302331104,0.06391946999,-0.03329338959,
1302531124,0.06365661542,-0.0334958163,
1302731144,0.06370730097,-0.03313952366,
1302931163,0.06338833874,-0.03284071439,
1303131183,0.06275639842,-0.03272277723,
1303331203,0.06221231926,-0.03319660077,
1303531223,0.0624118749,-0.03317705355,
1303731242,0.06134400345,-0.03298580606,
1303931262,0.06079300567,-0.03273434077,
1304131282,0.0601740434,-0.03266149288,
1304331302,0.05968810251,-0.03258296959,
1304531321,0.05886845502,-0.03271984827,
1304731341,0.05820215685,-0.03262583646,
1304931361,0.05765800926,-0.03234502867,
1305131381,0.05644381605,-0.03164496297,
1305331400,0.05600639046,-0.03145761981,
1305531420,0.05542324657,-0.03048011099,
1305731440,0.05429562129,-0.02985009248,
1305931460,0.05402528744,-0.02936981835,
1306131479,0.05303545473,-0.02880701645,
1306331499,0.05249613483,-0.02768988347,
1306531519,0.05181164486,-0.02710374813,
1306731539,0.05131786532,-0.02651969146,
1306931559,0.05056736247,-0.02569887577,
1307131578,0.04967516069,-0.02457976309,
1307331598,0.04946785514,-0.02280690528,
1307531618,0.04895463522,-0.02147067268,
1307731638,0.04815456544,-0.020532852,
1307931657,0.04821302492,-0.01933218193,
1308131677,0.0474639045,-0.01764515979,
1308331697,0.04747808296,-0.01652281958,
1308531717,0.04711449957,-0.01481029516,
1308731736,0.04691387465,-0.01307103644,
1308931756,0.04676842778,-0.01163923604,
1309131776,0.04729759589,-0.009954435912,
1309331796,0.04773401443,-0.008543753658,
1309531815,0.04769548556,-0.007201187787,
1309731835,0.04851294073,-0.005342644179,
1309931855,0.04904002632,-0.003789491615,
1310131875,0.04951113081,-0.002404886591,
1310331894,0.05083442143,-0.001154815832,
1310531914,0.05166482845,-0.0003873302165,
1310731934,0.05268528894,0.001734429022,
1310931954,0.05353559102,0.003069098647,
1311131973,0.05449061387,0.003960621747,
1311331993,0.05592663217,0.005191476151,
1311532013,0.05732471277,0.005394220773,
1311732033,0.05838170834,0.006557620078,
1311932052,0.06030391659,0.007202327873,
1312132072,0.06123407737,0.008632275625,
1312332092,0.06334759471,0.009016497624,
1312532112,0.06498369229,0.009476867899,
1312732131,0.06565460656,0.009760598505,
1312932151,0.06772658967,0.01041538945,
1313132171,0.06930345443,0.01095699377,
1313332191,0.07071612489,0.0108338112,
1313532210,0.07242509824,0.01041617727,
1313732230,0.07404942487,0.01093754245,
1313932250,0.07485679839,0.01081011515,
1314132270,0.0763637464,0.01040238565,
1314332289,0.07802756724,0.01062172075,
1314532309,0.07990188674,0.009923479749,
1314732329,0.08078763232,0.009297098006,
1314932349,0.08189720905,0.008903072314,
1315132368,0.08321609172,0.008317606702,
1315332388,0.0839306659,0.008369411156,
1315532408,0.08567815444,0.007464373127,
1315732428,0.08703811441,0.006129011835,
1315932447,0.0873266956,0.006378020524,
1316132467,0.08947409106,0.005325051759,
1316332487,0.08950319297,0.004642100249,
1316532507,0.08972253585,0.003434599841,
1316732526,0.09112052103,0.002720929808,
1316932546,0.09140068792,0.002078919279,
1317132566,0.09254129604,0.001384996416,
1317332586,0.09315747293,0.001275190448,
1317532605,0.09336098426,-0.0003244828594,
1317732625,0.09427337344,-0.0006007033972,
1317932645,0.09384449356,-0.001455593033,
1318132665,0.09453382935,-0.001379677947,
1318332684,0.09560392784,-0.002592408961,
1318532704,0.09582708436,-0.002966163447,
1318732724,0.09653473562,-0.003241655607,
1318932744,0.09692656186,-0.003603971965,
1319132763,0.09737886653,-0.004319619564,
1319332783,0.09760860123,-0.005400013405,
1319532803,0.09827813366,-0.005741644417,
1319732823,0.09870658355,-0.006417836954,
1319932842,0.09974847924,-0.006525691822,
1320132862,0.100101084,-0.007341615934,
1320332882,0.100306462,-0.007300663748,
1320532902,0.1009462599,-0.008658295324,
1320732921,0.1011960376,-0.009126267995,
1320932941,0.102369754,-0.01002467716,
1321132961,0.1026863287,-0.01056548134,
1321332981,0.103190704,-0.01181452086,
1321533000,0.1032298197,-0.01260457412,
1321733020,0.1037623248,-0.01320188077,
1321933040,0.1048870223,-0.01521770319,
1322133060,0.104717373,-0.01601507652,
1322333079,0.1054058415,-0.01664087013,
1322533099,0.1060362405,-0.01815103069,
1322733119,0.1054441348,-0.0203674449,
1322933139,0.1057862529,-0.02123552109,
1323133158,0.1053152956,-0.02267796608,
1323333178,0.1050580167,-0.02429369413,
1323533198,0.1049905631,-0.02479387668,
1323733218,0.1049035725,-0.02698931401,
1323933237,0.10397795,-0.028480011,
1324133257,0.1035583411,-0.02970536767,
1324333277,0.1025730794,-0.03017498746,
1324533297,0.1016850402,-0.03165335887,
1324733316,0.1007938014,-0.03264982724,
1324933336,0.09892932842,-0.03335508788,
1325133356,0.09851291026,-0.03368770927,
1325333376,0.09672374842,-0.03472574636,
1325533395,0.09596794517,-0.03507887913,
1325733415,0.09450152263,-0.03580561985,
1325933435,0.0930632032,-0.0357292374,
1326133455,0.09237098503,-0.03599894013,
1326333474,0.09077822779,-0.03576248048,
1326533494,0.08982783686,-0.0356212701,
1326733514,0.08859855315,-0.03570859107,
1326933534,0.08718652062,-0.03474379768,
1327133553,0.08613123087,-0.03432376172,
1327333573,0.08500931976,-0.03446396259,
1327533593,0.0841172893,-0.03306050586,
1327733613,0.08379738911,-0.03277453665,
1327933632,0.08292580284,-0.03191110562,
1328133652,0.08216989937,-0.03159736977,
1328333672,0.08180895783,-0.03035011312,
1328533692,0.08132422157,-0.02956296886,
1328733711,0.08164306383,-0.02868539055,
1328933731,0.08174902957,-0.02795762527,
1329133751,0.08139731516,-0.02660551792,
1329333771,0.08181755516,-0.02617658045,
1329533790,0.0808789122,-0.02588204385,
1329733810,0.08099993871,-0.02409564384,
1329933830,0.08152113245,-0.02447201786,
1330133850,0.08158158893,-0.02341226722,
1330333869,0.08236523388,-0.02248873327,
1330533889,0.08234237779,-0.02188841283,
1330733909,0.08258729591,-0.02132381048,
1330933929,0.08292201755,-0.02076894217,
1331133948,0.08364799437,-0.02004193323,
1331333968,0.08367656226,-0.01962871203,
1331533988,0.08418019519,-0.01907539626,
1331734008,0.08552458932,-0.01819234509,
1331934027,0.08575334406,-0.01847926949,
1332134047,0.0853005436,-0.01790843447,
1332334067,0.08658660607,-0.01811630029,
1332534087,0.08734283885,-0.01755589796,
1332734106,0.087490577,-0.01739468516,
1332934126,0.08830312597,-0.01760627903,
1333134146,0.08921974391,-0.01766607418,
1333334166,0.08921206844,-0.01639605373,
1333534186,0.09060156215,-0.01669436984,
1333734206,0.09108708397,-0.0164112349,
1333934225,0.09166104253,-0.01644886842,
1334134245,0.0923908459,-0.01680794333,
1334334265,0.09250752593,-0.01674758491,
1334534285,0.09331501892,-0.01663070324,
1334734304,0.09374130703,-0.01774516392,
1334934324,0.09470359188,-0.01741951619,
1335134344,0.09494471601,-0.01788579263,
1335334364,0.09579441692,-0.01794841999,
1335534383,0.09533862268,-0.01844916933,
1335734403,0.09674857537,-0.01839999811,
1335934423,0.09723325001,-0.01815575063,
1336134443,0.097546889,-0.0184142713,
1336334462,0.09832565157,-0.01954309405,
1336534482,0.09905726599,-0.01949371353,
1336734502,0.09940099152,-0.02004600388,
1336934522,0.09943291185,-0.0202762781,
1337134541,0.100538213,-0.02112637723,
1337334561,0.1004364442,-0.02143080938,
1337534581,0.1004833016,-0.02142664827,
1337734601,0.1017353766,-0.02192326242,
1337934620,0.1021943407,-0.02265155389,
1338134640,0.1021897277,-0.02326079492,
1338334660,0.1029389688,-0.02432391157,
1338534680,0.1033514719,-0.02508077655,
1338734699,0.102432109,-0.02487176296,
1338934719,0.1032712887,-0.02650567119,
1339134739,0.1031420005,-0.02709604054,
1339334759,0.1039801108,-0.02741604294,
1339534778,0.1041337595,-0.02830721515,
1339734798,0.1039564714,-0.02900830372,
1339934818,0.1038188422,-0.02924244527,
1340134838,0.1038806936,-0.02932896339,
1340334857,0.1044605993,-0.03049378708,
1340534877,0.1041123144,-0.03109029453,
1340734897,0.1036215688,-0.03145236215,
1340934917,0.1046660513,-0.03260419969,
1341134936,0.1040742124,-0.03291969433,
1341334956,0.1038085133,-0.03346966842,
1341534976,0.1042972628,-0.03464239224,
1341734996,0.1028575062,-0.03520683616,
1341935015,0.1029500871,-0.03556334254,
1342135035,0.1027663387,-0.03551428232,
1342335055,0.1032542372,-0.0362908608,
1342535075,0.1025666561,-0.03665668021,
1342735094,0.1027974887,-0.03757351243,
1342935114,0.1017841809,-0.03813618259,
1343135134,0.1018638354,-0.03854897982,
1343335154,0.1015689368,-0.03916235956,
1343535173,0.1006649062,-0.03976908392,
1343735193,0.1007129402,-0.03997997623,
1343935213,0.1000428442,-0.04016457062,
1344135233,0.1001293709,-0.04117513821,
1344335252,0.09997184035,-0.04143721616,
1344535272,0.09937193151,-0.04115488025,
1344735292,0.09953613124,-0.04163377875,
1344935312,0.09884616532,-0.04213500696,
1345135331,0.09846157881,-0.04270426204,
1345335351,0.09827060242,-0.0435362384,
1345535371,0.09806559068,-0.04403756774,
1345735391,0.09757438208,-0.04332829686,
1345935410,0.09688496734,-0.04413798297,
1346135430,0.09610949896,-0.04412256618,
1346335450,0.09587554856,-0.04413782639,
1346535470,0.09491460725,-0.04495508981,
1346735489,0.09434452651,-0.04480998415,
1346935509,0.0936209906,-0.04488292993,
1347135529,0.09410017587,-0.04495961229,
1347335549,0.09319110364,-0.04510842576,
1347535568,0.09258998727,-0.04520111154,
1347735588,0.09208087817,-0.04455911096,
1347935608,0.09198423158,-0.04440076088,
1348135628,0.09066681776,-0.04499236097,
1348335647,0.09080207109,-0.04370864511,
1348535667,0.08988322573,-0.04387842736,
1348735687,0.08884331448,-0.04382277375,
1348935707,0.08944060791,-0.04388433828,
1349135726,0.0885167888,-0.04289207817,
1349335746,0.08875144767,-0.04260967628,
1349535766,0.08790775234,-0.04236685,
1349735786,0.08762410601,-0.04225015759,
1349935805,0.08719061052,-0.04181052279,
1350135825,0.08719114062,-0.04143193202,
1350335845,0.08703234705,-0.04140749025,
1350535865,0.08750101175,-0.04107554381,
1350735884,0.08657036634,-0.04078700482,
1350935904,0.08706879743,-0.03987363962,
1351135924,0.08690616236,-0.04012828356,
1351335944,0.08703783348,-0.03932548747,
1351535963,0.08706460973,-0.03889596083,
1351735983,0.08639789356,-0.03799972551,
1351936003,0.08712296291,-0.03806411476,
1352136023,0.0864873931,-0.03825900319,
1352336042,0.08655030331,-0.03717349917,
1352536062,0.08712161827,-0.03651996126,
1352736082,0.08761942912,-0.03643761978,
1352936102,0.08769630563,-0.03589194992,
1353136121,0.08817662446,-0.03523337646,
1353336141,0.08762127897,-0.03559085445,
1353536161,0.08869837491,-0.03513804552,
1353736181,0.08931285078,-0.0345830072,
1353936200,0.09045963329,-0.03412037387,
1354136220,0.09012606031,-0.0343952273,
1354336240,0.09052725989,-0.03404993916,
1354536260,0.09102709145,-0.03451197051,
1354736279,0.09202173094,-0.03419967047,
1354936299,0.09267576328,-0.03402892278,
1355136319,0.09321357889,-0.0342118928,
1355336339,0.09422468583,-0.03535640969,
1355536358,0.09459113714,-0.03553337367,
1355736378,0.09522780084,-0.03525866512,
1355936398,0.09580950276,-0.03553231319,
1356136418,0.09623718257,-0.03737791307,
1356336437,0.09622079599,-0.03745447742,
1356536457,0.09690899148,-0.03788442558,
1356736477,0.09675485407,-0.03909312565,
1356936497,0.09769628285,-0.03973642698,
1357136516,0.09758384946,-0.04016473697,
1357336536,0.09756938135,-0.04089359684,
1357536556,0.09757671827,-0.04215491786,
1357736576,0.0970797528,-0.04312953121,
1357936595,0.09658423729,-0.04384208658,
1358136615,0.09591108118,-0.04480236279,
1358336635,0.09680287118,-0.04554997977,
1358536655,0.09592959541,-0.04573819174,
1358736675,0.09481561104,-0.04704349911,
1358936694,0.09418419051,-0.04671908515,
1359136714,0.09350158759,-0.04764125779,
1359336734,0.09315388202,-0.04793653684,
1359536754,0.09174386993,-0.04832442835,
1359736773,0.09114870862,-0.04809197841,
1359936793,0.09140018409,-0.04852053428,
1360136813,0.09026059983,-0.04862738483,
1360336833,0.08941967937,-0.04920565751,
1360536852,0.08935860689,-0.04870807614,
1360736872,0.08822579734,-0.04905013531,
1360936892,0.08721191105,-0.04876426505,
1361136912,0.0867697029,-0.04824286698,
1361336931,0.08599691204,-0.04802708882,
1361536951,0.08419151812,-0.04798721112,
1361736971,0.08397934664,-0.04848187364,
1361936991,0.08339284918,-0.04677265959,
1362137010,0.08290116687,-0.04636525576,
1362337030,0.08254009628,-0.04661177112,
1362537050,0.08117061985,-0.04555522663,
1362737070,0.08121320367,-0.04412227766,
1362937089,0.08062447865,-0.04420685301,
1363137109,0.08058291321,-0.04264846874,
1363337129,0.07986026015,-0.04200489567,
1363537149,0.080143956,-0.04157005135,
1363737168,0.07998363506,-0.03969824196,
1363937188,0.0801387968,-0.03837322099,
1364137208,0.0799060157,-0.03767217123,
1364337228,0.08002813506,-0.03613527904,
1364537247,0.08078770297,-0.03584129229,
1364737267,0.08056463663,-0.03486231294,
1364937287,0.08117187193,-0.03329465043,
1365137307,0.08172514254,-0.03230783843,
1365337326,0.083620312,-0.03155757886,
1365537346,0.08347033775,-0.03060475715,
1365737366,0.08456706686,-0.0299602,
1365937386,0.0851789175,-0.02906724356,
1366137405,0.0870808621,-0.0287609291,
1366337425,0.08777267612,-0.0279989234,
1366537445,0.08933091466,-0.02793025897,
1366737465,0.09028791332,-0.02723952375,
1366937484,0.09163754694,-0.02730363382,
1367137504,0.09253235084,-0.02728580476,
1367337524,0.09355420423,-0.02772242003,
1367537544,0.09500019427,-0.02766540215,
1367737563,0.09581679675,-0.02823431937,
1367937583,0.09793126776,-0.02947475509,
1368137603,0.0988358504,-0.02928830566,
1368337623,0.09987206668,-0.03025623147,
1368537642,0.1010799094,-0.03079942861,
1368737662,0.1009300514,-0.0314243868,
1368937682,0.1020997869,-0.03266567105,
1369137702,0.1029777619,-0.03367142374,
1369337721,0.1033989402,-0.0343362082,
1369537741,0.1040141705,-0.03526886727,
1369737761,0.1044739154,-0.03640832548,
1369937781,0.1050488038,-0.03768935429,
1370137800,0.1051450787,-0.03918965281,
1370337820,0.1056585454,-0.03942999944,
1370537840,0.1057705829,-0.04102147632,
1370737860,0.1052548844,-0.04157546049,
1370937879,0.1058341695,-0.04221255962,
1371137899,0.1064670277,-0.04338495716,
1371337919,0.1062557201,-0.04483975862,
1371537939,0.1054310251,-0.04552665991,
1371737958,0.1054300231,-0.04696451104,
1371937978,0.1058142656,-0.04744192403,
1372137998,0.1053762659,-0.04811201945,
1372338018,0.105167995,-0.04774264988,
1372538037,0.1052357379,-0.04883553169,
1372738057,0.1039447048,-0.04977471522,
1372938077,0.1042198084,-0.05108065637,
1373138097,0.1038247138,-0.05113152395,
1373338116,0.1034339904,-0.0516859335,
1373538136,0.1035610317,-0.05179520167,
1373738156,0.1034815327,-0.0529867664,
1373938176,0.1028485963,-0.05385273816,
1374138195,0.1031140015,-0.05435264954,
1374338215,0.1028795919,-0.05529308891,
1374538235,0.1019011106,-0.05507340911,
1374738255,0.102620259,-0.05630881047,
1374938274,0.1015050323,-0.05697975968,
1375138294,0.1012613319,-0.05772813305,
1375338314,0.1014606564,-0.05866745762,
1375538334,0.1007344488,-0.05948653613,
1375738353,0.100143688,-0.05918214071,
1375938373,0.09997585546,-0.05969859058,
1376138393,0.09869645507,-0.06122617399,
1376338413,0.09860772574,-0.06088035894,
1376538432,0.09768230538,-0.06141070861,
1376738452,0.0969137442,-0.06297043226,
1376938472,0.09704909036,-0.06323949501,
1377138492,0.09647163877,-0.0636499267,
1377338511,0.09581219912,-0.06425108445,
1377538531,0.09494887015,-0.06509788678,
1377738551,0.09375180773,-0.06536625684,
1377938571,0.09304531982,-0.06573558273,
1378138590,0.09290461039,-0.06612990164,
1378338610,0.09252455247,-0.06659193372,
1378538630,0.09219888423,-0.06701038464,
1378738650,0.09078395413,-0.06760779645,
1378938669,0.09016714314,-0.06782494966,
1379138689,0.08875052859,-0.06888449412,
1379338709,0.08841844002,-0.06870066997,
1379538729,0.08770466995,-0.06992929271,
1379738748,0.08713840663,-0.0696174271,
1379938768,0.0857846816,-0.07055327965,
1380138788,0.08525409819,-0.07027130681,
1380338808,0.08384046995,-0.07008887286,
1380538827,0.082378524,-0.07158695005,
1380738847,0.0815470029,-0.07153317706,
1380938867,0.07988420655,-0.07099230371,
1381138887,0.07889281615,-0.07090537833,
1381338906,0.07793913624,-0.07112551499,
1381538926,0.0779402714,-0.07083342266,
1381738946,0.07510331504,-0.07097212931,
1381938966,0.07501960614,-0.07089326608,
1382138985,0.07301972426,-0.06957894302,
1382339005,0.07245584206,-0.06941272648,
1382539025,0.07143636751,-0.06939521228,
1382739045,0.06917260394,-0.06827527135,
1382939064,0.06827229405,-0.06757770246,
1383139084,0.06764074689,-0.06627350182,
1383339104,0.06620597559,-0.0660473385,
1383539124,0.06536394347,-0.06544091515,
1383739144,0.06487565767,-0.06416081767,
1383939163,0.06352856358,-0.06316674008,
1384139183,0.06341130423,-0.06151914597,
1384339203,0.06252467842,-0.06097124966,
1384539223,0.06172757209,-0.05947945881,
1384739242,0.0616140171,-0.05881848555,
1384939262,0.06135933542,-0.05666070712,
1385139282,0.06056348239,-0.05532594098,
1385339302,0.06140700325,-0.05435142817,
1385539321,0.0612041088,-0.05302149625,
1385739341,0.06053893936,-0.05234408691,
1385939361,0.06119326656,-0.05028039752,
1386139381,0.06159481214,-0.04963295779,
1386339400,0.06177915092,-0.04840186223,
1386539420,0.06266158536,-0.04728976096,
1386739440,0.0626666433,-0.04628455509,
1386939460,0.06348791051,-0.045668068,
1387139479,0.0641114747,-0.04486949728,
1387339499,0.0645000642,-0.04463276247,
1387539519,0.06464330027,-0.0439816225,
1387739539,0.06478931638,-0.04271429397,
1387939558,0.06566980596,-0.04212626039,
1388139578,0.06685791239,-0.04181995622,
1388339598,0.06740406909,-0.0412536627,
1388539618,0.06795557043,-0.04048624367,
1388739637,0.06867793377,-0.04047477932,
1388939657,0.06854946884,-0.03939238988,
1389139677,0.06946145126,-0.03990102608,
1389339697,0.06982358011,-0.03945293286,
1389539716,0.0713510704,-0.03964356023,
1389739736,0.07128866652,-0.0396042822,
1389939756,0.07167932964,-0.03910776031,
1390139776,0.07262926646,-0.03877908314,
1390339795,0.07285154993,-0.03915905409,
1390539815,0.07355412622,-0.03990454574,
1390739835,0.07343928278,-0.03978837566,
1390939855,0.07513691165,-0.03961997169,
1391139874,0.07504295569,-0.03948336215,
1391339894,0.07525761182,-0.03905133878,
1391539914,0.0763056099,-0.03976792686,
1391739934,0.07627225979,-0.04028088822,
1391939953,0.07618343939,-0.04036089864,
1392139973,0.07707014669,-0.04084732605,
1392339993,0.07719064643,-0.04077317468,
1392540013,0.07765320736,-0.04150918198,
1392740032,0.0772600995,-0.0412756713,
1392940052,0.07716943628,-0.04173364615,
1393140072,0.07828019725,-0.04169551338,
1393340092,0.07775899253,-0.04199896392,
1393540111,0.07745698868,-0.04213082892,
1393740131,0.07880466592,-0.0428792298,
1393940151,0.07835889604,-0.0432263405,
1394140171,0.07834502898,-0.04327344895,
1394340190,0.07756924787,-0.04380582926,
1394540210,0.0783395166,-0.04394028564,
1394740230,0.07801577787,-0.04405763431,
1394940250,0.07781535748,-0.04415873689,
1395140269,0.07764674286,-0.04441218271,
1395340289,0.07796390834,-0.04470226865,
1395540309,0.07721812159,-0.044965036,
1395740329,0.0778816525,-0.04495943972,
1395940348,0.07695827548,-0.04514636535,
1396140368,0.07729949208,-0.04566345281,
1396340388,0.0775920681,-0.04473031978,
1396540408,0.07738401563,-0.04497151553,
1396740427,0.07689765403,-0.04525632348,
1396940447,0.0758201496,-0.04602300826,
1397140467,0.07635599413,-0.04580940129,
1397340487,0.07697101081,-0.04591287952,
1397540506,0.07579906871,-0.0461462637,
1397740526,0.07540907934,-0.04649285255,
1397940546,0.07561429401,-0.04633201422,
1398140566,0.0745297117,-0.046344512,
1398340585,0.07452717661,-0.04617529032,
1398540605,0.07396742702,-0.04611985189,
1398740625,0.07429290613,-0.0460762606,
1398940645,0.07378949537,-0.04596842657,
1399140664,0.07303820769,-0.04675147958,
1399340684,0.07301864007,-0.04635783724,
1399540704,0.0723605062,-0.04614257883,
1399740724,0.07248769105,-0.04587384669,
1399940743,0.07170223487,-0.04578062052,
1400140763,0.07137558018,-0.04465768291,
1400340783,0.07179393971,-0.04488485197,
1400540803,0.07120074815,-0.04398720743,
1400740822,0.07025562904,-0.04401757398,
1400940842,0.07004266407,-0.04353839614,
1401140862,0.07022114772,-0.04356035488,
1401340882,0.07048134291,-0.04324137668,
1401540901,0.07008912431,-0.04290268145,
1401740921,0.07008666082,-0.0424192076,
1401940941,0.07043017235,-0.04202880895,
1402140961,0.06995423711,-0.04079380261,
1402340980,0.07047600308,-0.04159240782,
1402541000,0.07026683551,-0.04098852756,
1402741020,0.06988559684,-0.04071096331,
1402941040,0.07003204955,-0.04040154634,
1403141059,0.06996139237,-0.0398708774,
1403341079,0.06995556845,-0.03884758077,
1403541099,0.06997951746,-0.03897088017,
1403741119,0.07023437955,-0.03925557591,
1403941138,0.07025295683,-0.03809690928,
1404141158,0.07035374423,-0.03832024472,
1404341178,0.07048735734,-0.03726854682,
1404541198,0.07082975977,-0.03822146281,
1404741217,0.07109726494,-0.03683763772,
1404941237,0.07118594111,-0.03735758302,
1405141257,0.07095879906,-0.03645384267,
1405341277,0.07172295283,-0.03676585353,
1405541296,0.07244662744,-0.03622806995,
1405741316,0.07246308272,-0.03570809788,
1405941336,0.0723527335,-0.03641725012,
1406141356,0.07235773016,-0.03595215867,
1406341375,0.07273719106,-0.0358628494,
1406541395,0.07312573122,-0.03613434691,
1406741415,0.07356212469,-0.03529304399,
1406941435,0.07357945364,-0.03569570324,
1407141454,0.07351936882,-0.03598801865,
1407341474,0.07350332312,-0.03559475916,
1407541494,0.07417655815,-0.03609670979,
1407741514,0.07338422679,-0.03580516007,
1407941534,0.07408626726,-0.03557445563,
1408141553,0.07398942918,-0.03515670616,
1408341573,0.07383868071,-0.03547844173,
1408541593,0.07328553179,-0.03556400124,
1408741613,0.07423567329,-0.03535010832,
1408941632,0.0740208966,-0.03548901912,
1409141652,0.07397876228,-0.03487710141,
1409341672,0.073799326,-0.03538873707,
1409541692,0.07439134208,-0.03465194923,
1409741711,0.07419665078,-0.03571479599,
1409941731,0.07463531292,-0.03527520571,
1410141751,0.07388666528,-0.03485712637,
1410341771,0.07420078159,-0.0347269467,
1410541790,0.07437121711,-0.03461869158,
1410741810,0.07470783867,-0.03423644,
1410941830,0.0741392054,-0.03509923033,
1411141850,0.07467118883,-0.03460232242,
1411341869,0.074026791,-0.0344902321,
1411541889,0.07421842451,-0.03418445697,
1411741909,0.07343063131,-0.03401612219,
1411941929,0.0740930058,-0.03316916668,
1412141948,0.07500109054,-0.0332513483,
1412341968,0.07442451716,-0.03310155035,
1412541988,0.07509789509,-0.03339617579,
1412742008,0.07485670195,-0.03275647187,
1412942027,0.07468528592,-0.03276146335,
1413142047,0.07458533845,-0.03253487624,
1413342067,0.07529909172,-0.03201777738,
1413542087,0.07573638962,-0.03207748508,
1413742106,0.07574617205,-0.03209537557,
1413942126,0.0768128805,-0.03228224285,
1414142146,0.07650799735,-0.03210972023,
1414342166,0.07627610165,-0.03234437673,
1414542185,0.07666186539,-0.03173982084,
1414742205,0.07702242373,-0.03312357255,
1414942225,0.07692307816,-0.03176333341,
1415142245,0.07678577508,-0.03224438509,
1415342264,0.07648252002,-0.0326316649,
1415542284,0.07673884103,-0.032824814,
1415742304,0.07724362292,-0.03303945435,
1415942324,0.07763883713,-0.03278907957,
1416142343,0.07740094613,-0.03215363285,
1416342363,0.07741284785,-0.03269337528,
1416542383,0.07771762542,-0.03285110644,
1416742403,0.07769689518,-0.03248862184,
1416942422,0.07743223404,-0.03188636375,
1417142442,0.07735463274,-0.03223351094,
1417342462,0.07803693588,-0.03190511982,
1417542482,0.077313937,-0.03163837894,
1417742501,0.07830270361,-0.03188649157,
1417942521,0.07766785767,-0.03236343372,
1418142541,0.07753379369,-0.03222736457,
1418342561,0.0783338892,-0.03196132383,
1418542580,0.07846690208,-0.03246141299,
1418742600,0.07886514263,-0.03226521854,
1418942620,0.0786202098,-0.03254609388,
1419142640,0.07861222151,-0.03334630901,
1419342659,0.0785896439,-0.03325750348,
1419542679,0.07877112431,-0.03365187599,
1419742699,0.07822012939,-0.03319323566,
1419942719,0.07803114844,-0.03349109179,
1420142738,0.07810484437,-0.03357218959,
1420342758,0.07750401338,-0.03435086228,
1420542778,0.07788021382,-0.0348067426,
1420742798,0.0768223458,-0.03517164626,
1420942817,0.07605573028,-0.03473597386,
1421142837,0.07609142522,-0.03464244437,
1421342857,0.07557908962,-0.03463161597,
1421542877,0.07517763843,-0.03453051383,
1421742896,0.07423660689,-0.03480199168,
1421942916,0.07365555639,-0.03386455451,
1422142936,0.0725105877,-0.03411259061,
1422342956,0.07249934293,-0.03400155421,
1422542975,0.07177964829,-0.0328591532,
1422742995,0.07101246328,-0.03262277338,
1422943015,0.07030399318,-0.03208105939,
1423143035,0.07010399947,-0.03046984517,
1423343054,0.0700761483,-0.02959315723,
1423543074,0.06914049574,-0.02886105077,
1423743094,0.06934135593,-0.027633874,
1423943114,0.06898061318,-0.02700656264,
1424143133,0.06878693925,-0.0261200099,
1424343153,0.06884952913,-0.02451150503,
1424543173,0.07019863747,-0.02374876792,
1424743193,0.06956577627,-0.02253107207,
1424943212,0.07058361626,-0.02074535498,
1425143232,0.07073745697,-0.01980415047,
1425343252,0.07065800001,-0.01992009469,
1425543272,0.07165709582,-0.01864344502,
1425743291,0.07238909019,-0.01786845311,
1425943311,0.07366801583,-0.01721510215,
1426143331,0.07382128799,-0.01600478331,
1426343351,0.07571817483,-0.01597723965,
1426543370,0.0760256955,-0.01527599421,
1426743390,0.0773813219,-0.01437715943,
1426943410,0.07808420055,-0.01428062455,
1427143430,0.07906989099,-0.01421719773,
1427343449,0.08023717573,-0.01423363672,
1427543469,0.08135446771,-0.01425710153,
1427743489,0.08181135398,-0.01417883925,
1427943509,0.08290775441,-0.01415262972,
1428143528,0.08386820987,-0.01433026033,
1428343548,0.0850367283,-0.01456574784,
1428543568,0.0861388243,-0.01481011888,
1428743588,0.08718588919,-0.01534890338,
1428943607,0.0869596175,-0.01574206171,
1429143627,0.08778858987,-0.01524631933,
1429343647,0.08839976142,-0.01659778581,
1429543667,0.08939591938,-0.0166562676,
1429743686,0.08985361896,-0.01763385418,
1429943706,0.0907211434,-0.01809498556,
1430143726,0.09131035266,-0.01777891967,
1430343746,0.09083595095,-0.01828311208,
1430543765,0.09079268488,-0.019142349,
1430743785,0.09172327711,-0.02051689216,
1430943805,0.09190184337,-0.02060465567,
1431143825,0.09157362998,-0.02056492746,
1431343844,0.09199549687,-0.02102878452,
1431543864,0.09230058937,-0.02160264667,
1431743884,0.09174005921,-0.02159970565,
1431943904,0.09229244063,-0.02213697632,
1432143923,0.09151467007,-0.02350357027,
1432343943,0.09142948272,-0.02307511134,
1432543963,0.09197140273,-0.02349908366,
1432743983,0.09179857771,-0.02382407806,
1432944003,0.09157719385,-0.02303434323,
1433144022,0.0908072438,-0.02401077185,
1433344042,0.09119640269,-0.02432786396,
1433544062,0.09101040055,-0.02379033683,
1433744082,0.0910006304,-0.02409719281,
1433944101,0.09142459551,-0.02433041141,
1434144121,0.09050038471,-0.02362016752,
1434344141,0.09133174666,-0.02410730124,
1434544161,0.09094541471,-0.02367301944,
1434744180,0.09082041684,-0.02387846754,
1434944200,0.0908427878,-0.0232710364,
1435144220,0.09127129472,-0.02316451782,
1435344240,0.09099398521,-0.02241692242,
1435544259,0.09120568412,-0.02311898338,
1435744279,0.09191202558,-0.02291401371,
1435944299,0.09188017325,-0.02293439356,
1436144319,0.09238505813,-0.02263350454,
1436344338,0.09235456806,-0.02204744788,
1436544358,0.09258837985,-0.02304539945,
1436744378,0.0928116272,-0.02259339457,
1436944398,0.09359663599,-0.0225791112,
1437144417,0.09343323319,-0.02393455465,
1437344437,0.09388814992,-0.02428052633,
1437544457,0.09328707967,-0.02322800205,
1437744477,0.09440004961,-0.02377402395,
1437944496,0.09414725036,-0.0245676453,
1438144516,0.09387293551,-0.02490397689,
1438344536,0.09369163262,-0.02504072155,
1438544556,0.09402914177,-0.02442320084,
1438744575,0.0935477777,-0.02438820965,
1438944595,0.09355197252,-0.02462165485,
1439144615,0.09379749186,-0.02491059066,
1439344635,0.09324416011,-0.02443910181,
1439544654,0.09285778448,-0.02445004128,
1439744674,0.0930773885,-0.02426030418,
1439944694,0.09273197765,-0.02400340738,
1440144714,0.09245926668,-0.02333522336,
1440344733,0.09285294619,-0.02361018744,
1440544753,0.09308736989,-0.02286710832,
1440744773,0.09336145017,-0.02234615903,
1440944793,0.09268608216,-0.02263846552,
1441144812,0.0933505264,-0.02150351837,
1441344832,0.09361071711,-0.02121828831,
1441544852,0.09367719211,-0.02163141585,
1441744872,0.09411694284,-0.0203546185,
1441944891,0.09497204334,-0.02049044863,
1442144911,0.09490573576,-0.02074663748,
1442344931,0.09530477876,-0.02018740107,
1442544951,0.09617488724,-0.01978074275,
1442744970,0.09629371556,-0.02010879262,
1442944990,0.097110242,-0.02036470667,
1443145010,0.09802169119,-0.02005128642,
1443345030,0.09826356575,-0.02010879377,
1443545049,0.09869277945,-0.02093124681,
1443745069,0.09866946388,-0.02069424376,
1443945089,0.1000705709,-0.02068353846,
1444145109,0.1002098588,-0.02104936548,
1444345128,0.1004746282,-0.02103425083,
1444545148,0.1012369091,-0.02131787002,
1444745168,0.1006374558,-0.02132634719,
1444945188,0.1020529378,-0.02152075843,
1445145207,0.1012738752,-0.02226057937,
1445345227,0.1020511762,-0.02153618369,
1445545247,0.1019349175,-0.02260887835,
1445745267,0.1021982621,-0.02459135434,
1445945286,0.1019581551,-0.02309149105,
1446145306,0.1033617621,-0.02247863393,
1446345326,0.1025263915,-0.02406772187,
1446545346,0.103255429,-0.02356871653,
1446745365,0.1030162557,-0.02324643643,
1446945385,0.1033040176,-0.02393824483,
1447145405,0.1038693456,-0.02395532891,
1447345425,0.1033047424,-0.02437246435,
1447545444,0.1036961199,-0.02356938401,
1447745464,0.1036218566,-0.02376895802,
1447945484,0.1043440527,-0.02305731888,
1448145504,0.1040783888,-0.02407617909,
1448345523,0.1047486015,-0.02450400983,
1448545543,0.104391033,-0.0245773776,
1448745563,0.1050301776,-0.02381262375,
1448945583,0.1047684007,-0.02474676086,
1449145602,0.1052036724,-0.02338429598,
1449345622,0.1054270328,-0.02446655369,
1449545642,0.1057183971,-0.02309863318,
1449745662,0.1056558267,-0.02421340952,
1449945681,0.1058284943,-0.02320439796,
1450145701,0.1068574842,-0.02349737527,
1450345721,0.106028984,-0.02361293044,
1450545741,0.1068693085,-0.02312730157,
1450745760,0.1076818967,-0.02424376046,
1450945780,0.107637651,-0.02390553723,
1451145800,0.108792054,-0.02445066469,
1451345820,0.1092140693,-0.02390469672,
1451545839,0.1099148494,-0.02409836108,
1451745859,0.1099511622,-0.02305414652,
1451945879,0.1107713132,-0.02418289483,
1452145899,0.1115332841,-0.02534094581,
1452345918,0.1122702362,-0.02391378054,
1452545938,0.1118307214,-0.0256228672,
1452745958,0.1128074468,-0.02596106223,
1452945978,0.1144635626,-0.02580102129,
1453145997,0.1145456287,-0.0259033453,
1453346017,0.1146857441,-0.02699756837,
1453546037,0.1155465637,-0.02737460612,
1453746057,0.1159599185,-0.02788152457,
1453946076,0.1164549238,-0.02864804031,
1454146096,0.1171674799,-0.02975709852,
1454346116,0.1177520122,-0.03002584982,
1454546136,0.1178814106,-0.03129334509,
1454746155,0.1182440528,-0.03194234464,
1454946175,0.1180502679,-0.03312504823,
1455146195,0.1183948073,-0.03375782457,
1455346215,0.1185244279,-0.03521760423,
1455546234,0.1192938786,-0.03605589383,
1455746254,0.1184089528,-0.03789733827,
1455946274,0.1189159328,-0.03799686292,
1456146294,0.1182824161,-0.03960722002,
1456346313,0.1177797052,-0.04007515668,
1456546333,0.1179792953,-0.04089319973,
1456746353,0.1173711761,-0.04215235648,
1456946373,0.1163341783,-0.04318093818,
1457146393,0.1155044325,-0.0437570193,
1457346412,0.1148292915,-0.04436743433,
1457546432,0.1151243075,-0.04485193223,
1457746452,0.1141711111,-0.0457886245,
1457946472,0.1119412357,-0.0464224396,
1458146491,0.1113509354,-0.04711775818,
1458346511,0.1110545159,-0.04584728687,
1458546531,0.1098896792,-0.04742686937,
1458746551,0.109432249,-0.0467339136,
1458946570,0.1086407323,-0.04638976504,
1459146590,0.1082977393,-0.04636675486,
1459346610,0.1066678989,-0.04698830051,
1459546630,0.1062416698,-0.04607879671,
1459746649,0.106100028,-0.04641164093,
1459946669,0.1054327548,-0.04572928553,
1460146689,0.1048850805,-0.04557313694,
1460346709,0.104944056,-0.04511957584,
1460546728,0.1050432801,-0.04489116605,
1460746748,0.1049466357,-0.04501357571,
1460946768,0.1044027075,-0.04420378282,
1461146788,0.1047052893,-0.04390271513,
1461346807,0.1044731604,-0.04350345611,
1461546827,0.104435869,-0.04349319725,
1461746847,0.1041234242,-0.04359640627,
1461946867,0.1040940037,-0.04321977317,
1462146886,0.1040458081,-0.04332830385,
1462346906,0.1038549547,-0.04301780544,
1462546926,0.104946118,-0.04325476873,
1462746946,0.1045523285,-0.04361251269,
1462946965,0.1040131369,-0.0432530312,
1463146985,0.1038425665,-0.04267895619,
1463347005,0.1038433671,-0.04353333044,
1463547025,0.1028966512,-0.04308409166,
1463747044,0.1036116607,-0.0426326611,
1463947064,0.1036351741,-0.04288611498,
1464147084,0.1028338185,-0.04257406614,
1464347104,0.1029570308,-0.04257364224,
1464547123,0.1023113539,-0.04275860562,
1464747143,0.1027056731,-0.04279609324,
1464947163,0.1017092215,-0.04271868275,
1465147183,0.1028940408,-0.04231883228,
1465347202,0.102002326,-0.04239333702,
1465547222,0.1017698974,-0.04211866879,
1465747242,0.1018782473,-0.04166172041,
1465947262,0.101721153,-0.04131308163,
1466147281,0.101776625,-0.04053394212,
1466347301,0.1018634759,-0.0410393652,
1466547321,0.1010318781,-0.03992024664,
1466747341,0.1016529147,-0.04027604508,
1466947360,0.1016954536,-0.03973796529,
1467147380,0.101517079,-0.03958678319,
1467347400,0.1024981323,-0.03941879604,
1467547420,0.1024273394,-0.0387825173,
1467747439,0.1027037573,-0.03884980099,
1467947459,0.1028785413,-0.03857800293,
1468147479,0.1033767506,-0.03844029813,
1468347499,0.1042997697,-0.03791826196,
1468547518,0.1046948014,-0.03843770468,
1468747538,0.1036103394,-0.03780258697,
1468947558,0.1040397743,-0.03830669961,
1469147578,0.105123113,-0.03770098211,
1469347597,0.1053926636,-0.0380192962,
1469547617,0.1060608727,-0.03883897531,
1469747637,0.1061709695,-0.03943376298,
1469947657,0.1061432219,-0.03899327407,
1470147676,0.1066081117,-0.03991352395,
1470347696,0.1057809033,-0.03951419787,
1470547716,0.1059270211,-0.03979009667,
1470747736,0.1057071246,-0.03989076712,
1470947755,0.1069749676,-0.04097714813,
1471147775,0.1067595533,-0.04096979008,
1471347795,0.1065026639,-0.04010652895,
1471547815,0.1063861435,-0.04112963032,
1471747834,0.1064430585,-0.0408991056,
1471947854,0.1056828197,-0.04120547299,
1472147874,0.1059405003,-0.0415508471,
1472347894,0.1059715144,-0.0421693687,
1472547913,0.1057364513,-0.04223651191,
1472747933,0.1063689826,-0.04180836991,
1472947953,0.1060321653,-0.04234595196,
1473147973,0.1056462394,-0.04263739298,
1473347992,0.104928933,-0.04171663388,
1473548012,0.1052322863,-0.04309197529,
1473748032,0.1052515645,-0.04276060905,
1473948052,0.1050979544,-0.04269867182,
1474148071,0.1044717171,-0.04231981697,
1474348091,0.1047561914,-0.04271194281,
1474548111,0.1047463215,-0.0427720807,
1474748131,0.1043030962,-0.04227269043,
1474948150,0.1046599736,-0.04158520496,
1475148170,0.1036730165,-0.04155845623,
1475348190,0.1037409021,-0.04144424676,
1475548210,0.104638824,-0.04153570978,
1475748229,0.1045659218,-0.04124837261,
1475948249,0.1041144666,-0.04121756018,
1476148269,0.1039357608,-0.04092910088,
1476348289,0.1034881175,-0.04132233718,
1476548308,0.1042905119,-0.04132815999,
1476748328,0.1040243799,-0.04065935599,
1476948348,0.1042439314,-0.04077755121,
1477148368,0.1042885639,-0.04098661684,
1477348387,0.1041449017,-0.04058067327,
1477548407,0.1039976173,-0.04076731093,
1477748427,0.1042280351,-0.04063090824,
1477948447,0.1045273808,-0.04107720225,
1478148466,0.1044403827,-0.04030475883,
1478348486,0.1051591391,-0.04082566688,
1478548506,0.1044680311,-0.04054630229,
1478748526,0.1041560953,-0.0406345438,
1478948545,0.1047845604,-0.04030407379,
1479148565,0.1049015996,-0.04069484667,
1479348585,0.1052724938,-0.04023678311,
1479548605,0.1046264441,-0.04044949867,
1479748624,0.1050619246,-0.0399535545,
1479948644,0.1046569087,-0.04027056551,
1480148664,0.1045342761,-0.03989680932,
1480348684,0.1048219486,-0.04063089471,
1480548703,0.1046788376,-0.04003369407,
1480748723,0.1049224605,-0.03957048175,
1480948743,0.10417179,-0.04013073733,
1481148763,0.105428197,-0.03965395363,
1481348782,0.1046235422,-0.03937143992,
1481548802,0.1047873475,-0.0396926298,
1481748822,0.1046751384,-0.03845400171,
1481948842,0.1054318566,-0.03947470898,
1482148862,0.1064366732,-0.03928016099,
1482348881,0.1052985345,-0.03931231091,
1482548901,0.1058862867,-0.03925678138,
1482748921,0.1051383982,-0.0387841249,
1482948941,0.1053307333,-0.03879574722,
1483148960,0.1054230465,-0.03851319442,
1483348980,0.1060336422,-0.03840876922,
1483549000,0.1054981506,-0.03870231089,
1483749020,0.1059703489,-0.03884690256,
1483949039,0.1052614254,-0.03829400428,
1484149059,0.1055913499,-0.03794775807,
1484349079,0.1055691916,-0.03762447112,
1484549099,0.1063463459,-0.03830389316,
1484749118,0.106189076,-0.03788141576,
1484949138,0.1061054196,-0.03779347336,
1485149158,0.1059597364,-0.03792016092,
1485349178,0.1061444912,-0.03748934142,
1485549197,0.1060032949,-0.03759867458,
1485749217,0.1060854417,-0.03715083475,
1485949237,0.1059499261,-0.03692243072,
1486149257,0.1063827028,-0.03686282192,
1486349276,0.1063283355,-0.03622379843,
1486549296,0.1072938265,-0.03570233621,
1486749316,0.1068651679,-0.03545853003,
1486949336,0.1070213293,-0.03540419879,
1487149355,0.1074915473,-0.03520744538,
1487349375,0.1080399902,-0.03540734349,
1487549395,0.1073159508,-0.03458907625,
1487749415,0.1079706492,-0.03339971193,
1487949434,0.1079866816,-0.03333678434,
1488149454,0.1093110035,-0.03348693041,
1488349474,0.1089764232,-0.03307999514,
1488549494,0.109936124,-0.03206788973,
1488749513,0.1109248252,-0.03219858331,
1488949533,0.1112509642,-0.03167399111,
1489149553,0.1122434744,-0.03181110942,
1489349573,0.1123317334,-0.03145057129,
1489549592,0.1133077742,-0.0319300353,
1489749612,0.1147464024,-0.03129549642,
1489949632,0.1150013229,-0.03202533624,
1490149652,0.1169310751,-0.03218213775,
1490349671,0.1167023888,-0.03146522063,
1490549691,0.1175462539,-0.03194060355,
1490749711,0.118516837,-0.03250879951,
1490949731,0.1190259285,-0.03266847545,
1491149750,0.1199682758,-0.03324751792,
1491349770,0.1204199667,-0.03379439052,
1491549790,0.1212810239,-0.03460269867,
1491749810,0.1225410312,-0.03431734004,
1491949829,0.1221059023,-0.03590519926,
1492149849,0.1231987604,-0.03525688397,
1492349869,0.1226138594,-0.03681234401,
1492549889,0.1238816646,-0.03664879953,
1492749908,0.1251537239,-0.03799881516,
1492949928,0.1247754186,-0.03878374842,
1493149948,0.1253755111,-0.03938630368,
1493349968,0.1253741063,-0.04006137386,
1493549987,0.1250061286,-0.04182339313,
1493750007,0.1251471654,-0.04125202919,
1493950027,0.1255651549,-0.04251297707,
1494150047,0.1258878001,-0.04305718307,
1494350066,0.1267827018,-0.04420309951,
1494550086,0.1262439354,-0.045847556,
1494750106,0.126267464,-0.04625375465,
1494950126,0.1254937618,-0.04667522318,
1495150145,0.1266912443,-0.04761623835,
1495350165,0.1254332461,-0.0489025198,
1495550185,0.126122485,-0.04960555795,
1495750205,0.1251838718,-0.0495686443,
1495950224,0.1252584681,-0.05035766233,
1496150244,0.1250024281,-0.05206077795,
1496350264,0.124581777,-0.05285612338,
1496550284,0.1233158484,-0.05251351856,
1496750303,0.1234512138,-0.05331134754,
1496950323,0.1214230838,-0.05397799271,
1497150343,0.1222000967,-0.05503064751,
1497350363,0.1207990458,-0.05480854188,
1497550382,0.1203427492,-0.05446163676,
1497750402,0.1183141919,-0.05662463565,
1497950422,0.1189622281,-0.05523177818,
1498150442,0.1179148412,-0.05490578755,
1498350461,0.1176438886,-0.05517248589,
1498550481,0.1173116313,-0.05492748828,
1498750501,0.1171934281,-0.05484696533,
1498950521,0.117216393,-0.05456493832,
1499150540,0.1169284563,-0.05415065874,
1499350560,0.1154317941,-0.05372487332,
1499550580,0.1158196426,-0.05373395722,
1499750600,0.1157034899,-0.05328781558,
1499950619,0.115257969,-0.05323787687,
1500150639,0.1155740946,-0.05263815161,
1500350659,0.1158842782,-0.05262893511,
1500550679,0.1158642099,-0.05304856474,
1500750698,0.1159551348,-0.05225467307,
1500950718,0.1156202806,-0.05268862005,
1501150738,0.1158321735,-0.05239244857,
1501350758,0.115879655,-0.05221159659,
1501550777,0.1162608949,-0.05271771434,
1501750797,0.1166912212,-0.05281923512,
1501950817,0.1162309681,-0.05243797403,
1502150837,0.1175938878,-0.05279783107,
1502350856,0.1164922123,-0.05285263612,
1502550876,0.1163437754,-0.05300198935,
1502750896,0.1170352059,-0.05322738921,
1502950916,0.1171333925,-0.05288995571,
1503150935,0.1177106995,-0.05418861297,
1503350955,0.1176892478,-0.05390122763,
1503550975,0.1170897525,-0.05427640544,
1503750995,0.1168211766,-0.05433391532,
1503951014,0.1167475587,-0.05465788752,
1504151034,0.1175992666,-0.05495990077,
1504351054,0.1176258444,-0.05517556196,
1504551074,0.1174277922,-0.05571367091,
1504751093,0.1175163335,-0.05528650982,
1504951113,0.118048266,-0.05597780325,
1505151133,0.1169251452,-0.056025241,
1505351153,0.1171064526,-0.05643583063,
1505551172,0.1169136956,-0.0571889087,
1505751192,0.1162170179,-0.05767727278,
1505951212,0.1157882509,-0.05751486975,
1506151232,0.1157441209,-0.05717591238,
1506351251,0.1156125824,-0.05730865329,
1506551271,0.1158655429,-0.05717575943,
1506751291,0.1157056443,-0.05784013409,
1506951311,0.1157046154,-0.05846331004,
1507151331,0.1158757345,-0.05776122223,
1507351350,0.1152457505,-0.05802975222,
1507551370,0.1163224747,-0.05831205745,
1507751390,0.1157704156,-0.06170911988,
1507951410,0.1158743583,-0.05841024464,
1508151429,0.1153978107,-0.05834100979,
1508351449,0.1161313553,-0.05827937006,
1508551469,0.1149326726,-0.05890222312,
1508751489,0.1155391817,-0.05871699802,
1508951508,0.1155680769,-0.0595141833,
1509151528,0.1157269692,-0.05964299845,
1509351548,0.116078403,-0.05986614924,
1509551568,0.1155741449,-0.06009199274,
1509751587,0.1160357767,-0.0598074232,
1509951607,0.1164846893,-0.06086386044,
1510151627,0.1158592989,-0.06171597359,
1510351647,0.1163581788,-0.06176493686,
1510551666,0.1161069091,-0.06211302533,
1510751686,0.1162750786,-0.06255471089,
1510951706,0.1161598601,-0.06299935309,
1511151726,0.1157272137,-0.06290025838,
1511351745,0.1148030377,-0.06403650949,
1511551765,0.1154455361,-0.06459423444,
1511751785,0.1152660291,-0.06522996002,
1511951805,0.1146769054,-0.06554777927,
1512151824,0.1148665033,-0.06658192357,
1512351844,0.1137825088,-0.0678486374,
1512551864,0.1129629239,-0.06715401486,
1512751884,0.1116348397,-0.06857122717,
1512951903,0.1129038946,-0.06875374874,
1513151923,0.11181326,-0.06865073971,
1513351943,0.1110599263,-0.07019355963,
1513551963,0.110514314,-0.0711120398,
1513751982,0.1089533521,-0.07041457952,
1513952002,0.108911828,-0.07066942284,
1514152022,0.1077098014,-0.07104259535,
1514352042,0.106756869,-0.07143387816,
1514552061,0.105332785,-0.07184843666,
1514752081,0.1047979218,-0.07262893263,
1514952101,0.1035747643,-0.07270625394,
1515152121,0.1031582361,-0.07284228265,
1515352140,0.1013472056,-0.07248086802,
1515552160,0.1008660246,-0.07210498684,
1515752180,0.09955273911,-0.07152206492,
1515952200,0.09874048683,-0.07161874812,
1516152219,0.09794519803,-0.0708378699,
1516352239,0.0978730473,-0.07093346583,
1516552259,0.09656581359,-0.07010324064,
1516752279,0.09537310345,-0.0690893151,
1516952298,0.09463823875,-0.06912972289,
1517152318,0.09373242262,-0.06879126516,
1517352338,0.09443049022,-0.06764270086,
1517552358,0.09351751326,-0.0674156325,
1517752377,0.09306987969,-0.06632119848,
1517952397,0.09265378728,-0.06674722619,
1518152417,0.09210010492,-0.0648233072,
1518352437,0.09114079764,-0.06496055712,
1518552456,0.09142841923,-0.06393157656,
1518752476,0.09139448201,-0.06333386527,
1518952496,0.09077461964,-0.06358779949,
1519152516,0.0909093666,-0.06306851344,
1519352535,0.08977839445,-0.06231894187,
1519552555,0.08951500208,-0.06078256573,
1519752575,0.08997529648,-0.06043415661,
1519952595,0.08950979855,-0.06020638432,
1520152614,0.08931266158,-0.05965211976,
1520352634,0.08918879897,-0.05935978115,
1520552654,0.08895383877,-0.05872752784,
1520752674,0.08888291089,-0.05776253074,
1520952693,0.08972646482,-0.05730518926,
1521152713,0.08959913505,-0.0566991664,
1521352733,0.08960554895,-0.05655976105,
1521552753,0.0894277979,-0.05583114533,
1521752772,0.08960027434,-0.05588979974,
1521952792,0.08909425981,-0.05481999614,
1522152812,0.08974601346,-0.05454473542,
1522352832,0.08851966018,-0.05442447532,
1522552851,0.08917753186,-0.05427122291,
1522752871,0.08945131161,-0.05422701819,
1522952891,0.08955049449,-0.05376806836,
1523152911,0.08883066278,-0.0528464347,
1523352930,0.08894621696,-0.05232367929,
1523552950,0.08930032622,-0.05247039577,
1523752970,0.08855487653,-0.05250617543,
1523952990,0.08922461,-0.05217403269,
1524153009,0.08828696598,-0.05160346905,
1524353029,0.08819356678,-0.05110983615,
1524553049,0.08776236903,-0.05129772261,
1524753069,0.0879523822,-0.05033733831,
1524953088,0.08811988292,-0.04996051677,
1525153108,0.08781176622,-0.04928813111,
1525353128,0.0875181639,-0.04911325959,
1525553148,0.08720270695,-0.04779616951,
1525753167,0.08722600329,-0.04798520257,
1525953187,0.08675287462,-0.04694646587,
1526153207,0.08700847271,-0.04570069352,
1526353227,0.08710056952,-0.04603217922,
1526553246,0.08718328172,-0.04492255474,
1526753266,0.08655266669,-0.04444761157,
1526953286,0.08709080922,-0.04341122423,
1527153306,0.08706218612,-0.04346057023,
1527353325,0.08784845716,-0.04229072607,
1527553345,0.08706416388,-0.04198333639,
1527753365,0.08795923591,-0.04091720706,
1527953385,0.08790703396,-0.03984898492,
1528153404,0.08827482445,-0.03958278719,
1528353424,0.08819318912,-0.03825077174,
1528553444,0.08918210905,-0.03742077099,
1528753464,0.08930899929,-0.03692312395,
1528953483,0.08893539296,-0.03605819165,
1529153503,0.0901886611,-0.0355278098,
1529353523,0.09041233846,-0.03484265444,
1529553543,0.09138879548,-0.03398878317,
1529753562,0.09228013225,-0.03369441368,
1529953582,0.09276359731,-0.03354289903,
1530153602,0.09374253487,-0.03267480855,
1530353622,0.09407940554,-0.03222193896,
1530553641,0.09524287066,-0.03225804663,
1530753661,0.09635142495,-0.03173484991,
1530953681,0.09661234386,-0.03278049839,
1531153701,0.09808358544,-0.0319716636,
1531353721,0.09802246055,-0.03255295446,
1531553740,0.09864986399,-0.03167812764,
1531753760,0.09908397691,-0.03242453771,
1531953780,0.09982865787,-0.03243621732,
1532153800,0.1001222188,-0.03272011604,
1532353819,0.1003656238,-0.0326072062,
1532553839,0.100982723,-0.0324752871,
1532753859,0.1016107414,-0.03314783001,
1532953879,0.1012392795,-0.03356481258,
1533153898,0.1020146941,-0.03275215551,
1533353918,0.1021028942,-0.03311752687,
1533553938,0.1016319419,-0.03370281034,
1533753958,0.1021876226,-0.03314236212,
1533953977,0.1013528365,-0.03348045286,
1534153997,0.1020338514,-0.03399801798,
1534354017,0.102925528,-0.03346593212,
1534554037,0.1021515517,-0.03348522578,
1534754056,0.1029162478,-0.03303734342,
1534954076,0.1031660615,-0.03350161326,
1535154096,0.1027424918,-0.03338200049,
1535354116,0.1033267722,-0.03360508046,
1535554135,0.1026593541,-0.03416056612,
1535754155,0.1037944624,-0.03332461975,
1535954175,0.1034629778,-0.03337796029,
1536154195,0.1028283963,-0.03347721928,
1536354214,0.1031701729,-0.0334695851,
1536554234,0.1027970721,-0.03323754177,
1536754254,0.1029480045,-0.03256726796,
1536954274,0.1027120965,-0.03210123022,
1537154293,0.102803679,-0.03282069084,
1537354313,0.1030347164,-0.03195148254,
1537554333,0.102777653,-0.03240974594,
1537754353,0.1020718025,-0.03129929479,
1537954372,0.1026655237,-0.03088814783,
1538154392,0.1023816044,-0.03025111573,
1538354412,0.1029828054,-0.0296276494,
1538554432,0.1030244779,-0.0292722401,
1538754451,0.1033073074,-0.02845608126,
1538954471,0.1038537301,-0.0278998413,
1539154491,0.1039500679,-0.02720363309,
1539354511,0.1047090908,-0.02741684884,
1539554530,0.1054475078,-0.02632680047,
1539754550,0.1058789915,-0.02621160644,
1539954570,0.1065261298,-0.02592681034,
1540154590,0.1070867264,-0.02512907523,
1540354609,0.1078018607,-0.02515396359,
1540554629,0.1076956586,-0.02482466584,
1540754649,0.1086796585,-0.02483744785,
1540954669,0.1100449828,-0.02395392245,
1541154688,0.1102337371,-0.02375450706,
1541354708,0.1111351602,-0.02406262156,
1541554728,0.1110471267,-0.02354356181,
1541754748,0.1121732975,-0.02364564866,
1541954767,0.1127979056,-0.02357407524,
1542154787,0.113425536,-0.02378208082,
1542354807,0.1142811811,-0.02356161399,
1542554827,0.1145072408,-0.02354732811,
1542754846,0.1154011811,-0.02345534766,
1542954866,0.1161918466,-0.02366772598,
1543154886,0.1159834156,-0.02466002698,
1543354906,0.1170910955,-0.02438434471,
1543554925,0.1174713896,-0.02417241273,
1543754945,0.1183313283,-0.02421498548,
1543954965,0.1187512435,-0.02512339528,
1544154985,0.1190730679,-0.02500723914,
1544355004,0.1194208789,-0.02486576224,
1544555024,0.1197865714,-0.02476858716,
1544755044,0.1200623089,-0.02510810544,
1544955064,0.1212374286,-0.02618677099,
1545155083,0.1220656943,-0.02638759356,
1545355103,0.1222535124,-0.02558157059,
1545555123,0.1226228535,-0.02618839108,
1545755143,0.123380874,-0.02691832283,
1545955162,0.1230588753,-0.02728231548,
1546155182,0.1236727781,-0.02724517849,
1546355202,0.1242898634,-0.02802246671,
1546555222,0.1252783834,-0.02902988303,
1546755241,0.1255941367,-0.02927890977,
1546955261,0.1267939307,-0.02991782508,
1547155281,0.1263113994,-0.03085141804,
1547355301,0.1265747451,-0.031706005,
1547555320,0.1272518405,-0.03213022791,
1547755340,0.1266257362,-0.03310529696,
1547955360,0.1262056811,-0.03406474299,
1548155380,0.1266187064,-0.03426869645,
1548355399,0.125498166,-0.03451508265,
1548555419,0.1258110621,-0.03617316257,
1548755439,0.1256532061,-0.03619650706,
1548955459,0.1243168109,-0.03660690621,
1549155478,0.1240960975,-0.03716566776,
1549355498,0.1235117206,-0.037042486,
1549555518,0.1232719301,-0.03770375968,
1549755538,0.1224522675,-0.03778319466,
1549955557,0.121740242,-0.03807578343,
1550155577,0.1206628646,-0.0381170883,
1550355597,0.1209876369,-0.03766531969,
1550555617,0.1203558311,-0.03667637695,
1550755636,0.119341749,-0.03666587921,
1550955656,0.1186566592,-0.03665577364,
1551155676,0.1190630065,-0.03630392346,
1551355696,0.1184442391,-0.03507449365,
1551555715,0.1179692878,-0.0347792191,
1551755735,0.117869203,-0.03398356337,
1551955755,0.1177418209,-0.03309111455,
1552155775,0.1173544205,-0.0332142005,
1552355794,0.1180731635,-0.03226305989,
1552555814,0.1181658721,-0.0315868982,
1552755834,0.1185104666,-0.03078507379,
1552955854,0.1191698139,-0.02982552118,
1553155873,0.1184540143,-0.0288763326,
1553355893,0.1189134915,-0.02861213545,
1553555913,0.1204515301,-0.02823702528,
1553755933,0.1205171193,-0.02772679237,
1553955952,0.120924237,-0.02680713432,
1554155972,0.1208720706,-0.02704161484,
1554355992,0.1211567747,-0.02638120957,
1554556012,0.121863471,-0.02572142292,
1554756031,0.1220885057,-0.02478625708,
1554956051,0.1225785595,-0.02459513818,
1555156071,0.123659432,-0.02522185239,
1555356091,0.1239058226,-0.02362816758,
1555556110,0.1244084307,-0.02295155486,
1555756130,0.1249698952,-0.02299138166,
1555956150,0.1253326254,-0.02241126501,
1556156170,0.126275389,-0.02132849339,
1556356190,0.1275601399,-0.02172314624,
1556556209,0.1283652803,-0.0205610699,
1556756229,0.1293218333,-0.02098193071,
1556956249,0.1299048294,-0.020156804,
1557156269,0.1312881647,-0.02033879895,
1557356288,0.1316335414,-0.01973463663,
1557556308,0.133692324,-0.02034943035,
1557756328,0.1353197041,-0.02011008659,
1557956348,0.1361187205,-0.0192749238,
1558156367,0.1364353896,-0.01965875432,
1558356387,0.1379912982,-0.01934706033,
1558556407,0.1390775823,-0.01958182239,
1558756427,0.141118211,-0.01987191743,
1558956446,0.1424426413,-0.02103204818,
1559156466,0.1440475349,-0.02082246377,
1559356486,0.145131454,-0.0223104292,
1559556506,0.1470336142,-0.02191223287,
1559756525,0.1481294434,-0.02304277109,
1559956545,0.1497235046,-0.02421385278,
1560156565,0.1510965201,-0.02602125337,
1560356585,0.1522850162,-0.02678579512,
1560556604,0.1532401983,-0.0284395673,
1560756624,0.1538123564,-0.02998004993,
1560956644,0.1543663533,-0.03131631467,
1561156664,0.1552449308,-0.03346498815,
1561356683,0.1549499817,-0.03545419504,
1561556703,0.1554861292,-0.03729875962,
1561756723,0.1554005165,-0.03885229402,
1561956743,0.1546724123,-0.04142756865,
1562156762,0.1549458383,-0.04310769243,
1562356782,0.153818099,-0.04470020911,
1562556802,0.1530397767,-0.04528558355,
1562756822,0.1533283058,-0.04751787757,
1562956841,0.1512355528,-0.0482098789,
1563156861,0.149675571,-0.04926295459,
1563356881,0.1488693029,-0.05092521306,
1563556901,0.147366653,-0.05039946806,
1563756920,0.1463074051,-0.05188837327,
1563956940,0.1444088071,-0.05191940614,
1564156960,0.1437278954,-0.05153516486,
1564356980,0.1431522739,-0.05223732478,
1564556999,0.140892296,-0.05214904605,
1564757019,0.1406011041,-0.05210273616,
1564957039,0.138981295,-0.05113156502,
1565157059,0.1392680366,-0.05173632703,
1565357078,0.1380610062,-0.05089805147,
1565557098,0.1376579893,-0.04933402865,
1565757118,0.1362667308,-0.04944034666,
1565957138,0.1360013081,-0.04916544568,
1566157157,0.1361026815,-0.04800500632,
1566357177,0.1352509369,-0.04685685287,
1566557197,0.135948613,-0.04609443455,
1566757217,0.1355170279,-0.04639615336,
1566957236,0.1356160563,-0.04484958312,
1567157256,0.1362576117,-0.04447500979,
1567357276,0.1366350563,-0.04373171306,
1567557296,0.1376131239,-0.0432305688,
1567757315,0.1368033617,-0.04231401818,
1567957335,0.1381546266,-0.04234734851,
1568157355,0.1381690131,-0.04220544357,
1568357375,0.1390658087,-0.04206186119,
1568557394,0.1400915224,-0.0420482105,
1568757414,0.1409611162,-0.04145134365,
1568957434,0.1415073596,-0.0417515831,
1569157454,0.1424608581,-0.04239278699,
1569357473,0.143184834,-0.04161176803,
1569557493,0.1438040671,-0.04252940137,
1569757513,0.1448032895,-0.04228034308,
1569957533,0.1455371743,-0.04229124304,
1570157552,0.1454036928,-0.04358006735,
1570357572,0.1456995479,-0.04425555795,
1570557592,0.1466813032,-0.0452406319,
1570757612,0.1467756158,-0.04506360307,
1570957631,0.1469642265,-0.04708152592,
1571157651,0.1462701603,-0.04682789079,
1571357671,0.1464801039,-0.04788530798,
1571557691,0.1473358625,-0.0483504572,
1571757710,0.1464035468,-0.04866357246,
1571957730,0.1464673373,-0.04937621622,
1572157750,0.1466246854,-0.04954926313,
1572357770,0.1460201741,-0.05088657267,
1572557789,0.1459766673,-0.05126451142,
1572757809,0.1458052052,-0.05183054967,
1572957829,0.1453807672,-0.05195353089,
1573157849,0.1446606583,-0.05250113514,
1573357868,0.14516306,-0.05254502804,
1573557888,0.1445440637,-0.05272303255,
1573757908,0.1440806832,-0.05273659529,
1573957928,0.1440115822,-0.05306691126,
1574157947,0.1433490936,-0.05353910916,
1574357967,0.1431031961,-0.052227075,
1574557987,0.1430576651,-0.05270734551,
1574758007,0.1434948839,-0.05311308789,
1574958026,0.1440918315,-0.05343538742,
1575158046,0.14321981,-0.05292659493,
1575358066,0.1435961241,-0.0539342654,
1575558086,0.1430638068,-0.05321051813,
1575758105,0.1432480872,-0.05334943339,
1575958125,0.1433527516,-0.05391547829,
1576158145,0.1431780143,-0.05391850798,
1576358165,0.1434460423,-0.0544193948,
1576558184,0.1433389398,-0.05506739789,
1576758204,0.1436203947,-0.05519553008,
1576958224,0.142519733,-0.05570658375,
1577158244,0.1427118165,-0.05538542677,
1577358263,0.1426581491,-0.05599995649,
1577558283,0.1424619943,-0.05655936864,
1577758303,0.1416097975,-0.05661597832,
1577958323,0.1423596141,-0.05650413126,
1578158342,0.1415979811,-0.05651967459,
1578358362,0.1399142392,-0.05650365795,
1578558382,0.140054451,-0.05749944879,
1578758402,0.1385541918,-0.05727348614,
1578958421,0.1391241237,-0.05696963278,
1579158441,0.1386911183,-0.0568691309,
1579358461,0.1376347105,-0.05638451317,
1579558481,0.1389921748,-0.0552332713,
1579758500,0.1369528819,-0.055954865,
1579958520,0.1370513952,-0.05537085581,
1580158540,0.1375531542,-0.05489704143,
1580358560,0.1370411714,-0.05502334411,
1580558580,0.1373644832,-0.05406167831,
1580758599,0.1365535982,-0.05365199737,
1580958619,0.1366316849,-0.05269067362,
1581158639,0.1371875994,-0.05249060092,
1581358659,0.1375759499,-0.05310031439,
1581558678,0.1373940843,-0.05137235145,
1581758698,0.1374245438,-0.05108727742,
1581958718,0.1383543855,-0.05148379372,
1582158738,0.1391107395,-0.05032506185,
1582358757,0.1396536597,-0.04963822426,
1582558777,0.1397197245,-0.05099963276,
1582758797,0.1409181902,-0.04945667133,
1582958817,0.1408841139,-0.05012114966,
1583158836,0.1421709339,-0.05041702983,
1583358856,0.1433796308,-0.05036390383,
1583558876,0.1431540873,-0.05025331548,
1583758896,0.143406527,-0.05042450545,
1583958915,0.1441582735,-0.05105195765,
1584158935,0.1446873795,-0.05124024352,
1584358955,0.1448547383,-0.05211064166,
1584558975,0.1455238084,-0.05287339238,
1584758994,0.1459227133,-0.05344129715,
1584959014,0.14527462,-0.05316210895,
1585159034,0.1456036292,-0.05359299191,
1585359054,0.1457366199,-0.05579564775,
1585559073,0.1449465902,-0.05548815126,
1585759093,0.145552636,-0.05616763955,
1585959113,0.1460008199,-0.05660295946,
1586159133,0.1443884624,-0.05764965664,
1586359152,0.1440179887,-0.05705783318,
1586559172,0.1444621272,-0.05861666502,
1586759192,0.1430798331,-0.05842283929,
1586959212,0.1428184832,-0.05923038432,
1587159231,0.1427557626,-0.05874408683,
1587359251,0.1426916365,-0.05932517312,
1587559271,0.1415891322,-0.0587389578,
1587759291,0.1409420593,-0.05927775716,
1587959310,0.1403713632,-0.05869684918,
1588159330,0.1397762805,-0.05921160234,
1588359350,0.1395110999,-0.05876613767,
1588559370,0.1395101228,-0.0584704525,
1588759389,0.1383857868,-0.05859619931,
1588959409,0.1390461214,-0.0581094753,
1589159429,0.1383463056,-0.05716526013,
1589359449,0.1375360453,-0.05719020642,
1589559468,0.1372650316,-0.05669954382,
1589759488,0.1371378437,-0.05631020599,
1589959508,0.1376111064,-0.05580038249,
1590159528,0.1377214862,-0.05497374529,
1590359547,0.1371179103,-0.05469084825,
1590559567,0.1385564437,-0.05479046671,
1590759587,0.1373694325,-0.05448250686,
1590959607,0.1381104191,-0.05401732628,
1591159626,0.1384398435,-0.0538634809,
1591359646,0.1388263893,-0.0531718016,
1591559666,0.1390515253,-0.05262942893,
1591759686,0.1387665091,-0.05175763181,
1591959705,0.1401610482,-0.05179656552,
1592159725,0.1406643057,-0.05218174185,
1592359745,0.1398788435,-0.05167439573,
1592559765,0.1403948362,-0.05140199506,
1592759784,0.1414044665,-0.05123912221,
1592959804,0.1413759738,-0.05208122144,
1593159824,0.141459532,-0.05116678765,
1593359844,0.1427727961,-0.05162077423,
1593559863,0.1427815931,-0.0517173266,
1593759883,0.1434037767,-0.05151959514,
1593959903,0.1433850246,-0.05160946724,
1594159923,0.1432171969,-0.05114672807,
1594359942,0.1436360382,-0.05155258374,
1594559962,0.1440929378,-0.0518914249,
1594759982,0.1438490154,-0.05219130608,
1594960002,0.144582654,-0.05136817716,
1595160021,0.1453309664,-0.05168513821,
1595360041,0.1450753321,-0.05127014229,
1595560061,0.1451815042,-0.05212499661,
1595760081,0.1454424995,-0.05204075831,
1595960100,0.1453655904,-0.05281491085,
1596160120,0.1459723602,-0.05284257571,
1596360140,0.1461494225,-0.05273527573,
1596560160,0.1461331559,-0.0523764778,
1596760179,0.1464539809,-0.05318487002,
1596960199,0.1467846877,-0.05334945253,
1597160219,0.1475464893,-0.05240268641,
1597360239,0.1475721433,-0.05415791808,
1597560258,0.1475372241,-0.05328519441,
1597760278,0.1473562823,-0.05497493334,
1597960298,0.1473211908,-0.0550120299,
1598160318,0.1474743349,-0.05453702378,
1598360337,0.1476036976,-0.05551325791,
1598560357,0.1466258003,-0.05529070819,
1598760377,0.1467668964,-0.05496960508,
1598960397,0.1478484786,-0.05553959375,
1599160416,0.1475897098,-0.0555963586,
1599360436,0.1467439602,-0.05536832343,
1599560456,0.1466965439,-0.05654725346,
1599760476,0.1474186697,-0.05603401099,
1599960495,0.1466024825,-0.05642000476,
1600160515,0.1469636755,-0.05696864945,
1600360535,0.1457097723,-0.05614636973,
1600560555,0.1460078401,-0.05693909301,
1600760574,0.1457184322,-0.05616766372,
1600960594,0.1464458897,-0.0563568656,
1601160614,0.1460975374,-0.05587710786,
1601360634,0.1453923818,-0.05597438031,
1601560653,0.1454374858,-0.05578786575,
1601760673,0.1456490569,-0.05537284961,
1601960693,0.1459060447,-0.05529743152,
1602160713,0.1458354402,-0.05598649734,
1602360732,0.1452741938,-0.05564075287,
1602560752,0.1451086687,-0.05490049322,
1602760772,0.1452824416,-0.0546348578,
1602960792,0.145873711,-0.0548686708,
1603160811,0.1452797498,-0.05471472108,
1603360831,0.1454175636,-0.05468628908,
1603560851,0.1457588197,-0.05509988731,
1603760871,0.1453256775,-0.05372153286,
1603960890,0.146163807,-0.05402789192,
1604160910,0.146352412,-0.05362116156,
1604360930,0.1458546054,-0.05384614723,
1604560950,0.1465181549,-0.05354369948,
1604760969,0.1470685219,-0.05313819219,
1604960989,0.1468821236,-0.05250632254,
1605161009,0.1468739687,-0.05270792014,
1605361029,0.1473525676,-0.05252775408,
1605561049,0.1477326915,-0.05258319914,
1605761068,0.1473051024,-0.0527861403,
1605961088,0.147643005,-0.05228667582,
1606161108,0.1475972525,-0.05242775131,
1606361128,0.1478119373,-0.05182365868,
1606561147,0.1482055395,-0.05213793278,
1606761167,0.1483893134,-0.05186414002,
1606961187,0.1490409569,-0.05203328301,
1607161207,0.149493805,-0.05134937218,
1607361226,0.1488198398,-0.05165749912,
1607561246,0.1496447247,-0.05037616077,
1607761266,0.1493115906,-0.05086025305,
1607961286,0.1497404061,-0.05004110203,
1608161305,0.1504352714,-0.04966115745,
1608361325,0.1506731616,-0.04998086155,
1608561345,0.1512633442,-0.04905691493,
1608761365,0.1519024078,-0.0494333258,
1608961384,0.1522259596,-0.04879653087,
1609161404,0.1529833273,-0.04872258258,
1609361424,0.1535491957,-0.04794860444,
1609561444,0.1532165353,-0.04752477426,
1609761463,0.1546127248,-0.04794124341,
1609961483,0.1555877216,-0.04771224242,
1610161503,0.1555827199,-0.04731057862,
1610361523,0.1572815805,-0.04718588598,
1610561542,0.1575333657,-0.0477929398,
1610761562,0.1581922665,-0.04820871964,
1610961582,0.1588368263,-0.0474626577,
1611161602,0.1593112979,-0.04844150495,
1611361621,0.160721047,-0.04852873863,
1611561641,0.1619283995,-0.0489851319,
1611761661,0.1627680406,-0.04978453867,
1611961681,0.1635806937,-0.04972430427,
1612161700,0.1636945154,-0.05041827089,
1612361720,0.164319404,-0.05145471977,
1612561740,0.1652282247,-0.05275640457,
1612761760,0.1655095037,-0.05278415684,
1612961779,0.1670844861,-0.05280147872,
1613161799,0.1658929785,-0.05384063045,
1613361819,0.1660678224,-0.05477045346,
1613561839,0.1666929811,-0.05510711761,
1613761858,0.1673700558,-0.05636396973,
1613961878,0.1669217784,-0.05687981519,
1614161898,0.1678249959,-0.0574996319,
1614361918,0.1676068158,-0.05774547336,
1614561937,0.1668823432,-0.05827608325,
1614761957,0.1670382744,-0.05918904591,
1614961977,0.1677091039,-0.05896232497,
1615161997,0.1678269034,-0.0605612916,
1615362016,0.1676276507,-0.05942758884,
1615562036,0.1678207795,-0.05989439127,
1615762056,0.168092908,-0.06059046777,
1615962076,0.1674028613,-0.06100931568,
1616162095,0.1680697347,-0.06081260523,
1616362115,0.1677768375,-0.06180465518,
1616562135,0.1687414523,-0.06147069415,
1616762155,0.1686216371,-0.06169820831,
1616962174,0.1690624968,-0.06215183048,
1617162194,0.1697756379,-0.06257782832,
1617362214,0.1695188962,-0.06340367548,
1617562234,0.1699209612,-0.06375435268,
1617762253,0.1702694309,-0.06433551277,
1617962273,0.1703289843,-0.06499748273,
1618162293,0.1718692934,-0.06544034357,
1618362313,0.1714737251,-0.06629645979,
1618562332,0.1715175781,-0.06735031328,
1618762352,0.1720351175,-0.06798339995,
1618962372,0.1721836992,-0.06967282803,
1619162392,0.1724082177,-0.06922154245,
1619362411,0.1724422477,-0.07028088262,
1619562431,0.1723967408,-0.07085308587,
1619762451,0.1718997379,-0.07196148439,
1619962471,0.1708074926,-0.0738086916,
1620162490,0.1711939446,-0.07333661283,
1620362510,0.170887894,-0.07514258534,
1620562530,0.1701020873,-0.07538366031,
1620762550,0.1696284561,-0.07642285455,
1620962569,0.1693881963,-0.07688119784,
1621162589,0.1687980012,-0.0774881061,
1621362609,0.16753113,-0.07871282653,
1621562629,0.167349087,-0.07918316917,
1621762648,0.1668383947,-0.07979160738,
1621962668,0.1652791002,-0.07993490987,
1622162688,0.1655647175,-0.08111332568,
1622362708,0.165605201,-0.08048900451,
1622562727,0.1637959344,-0.08109102286,
1622762747,0.1634052523,-0.08035528959,
1622962767,0.1623805174,-0.08156733389,
1623162787,0.1624313038,-0.0808333185,
1623362806,0.1618185998,-0.08129109694,
1623562826,0.1608367818,-0.08140529714,
1623762846,0.1598066696,-0.08098965774,
1623962866,0.1591104976,-0.08043644624,
1624162885,0.1583933442,-0.0809895127,
1624362905,0.1581914827,-0.08043082908,
1624562925,0.1581307686,-0.08127275136,
1624762945,0.1584307444,-0.08030182605,
1624962964,0.1572239992,-0.0805338657,
1625162984,0.1561280276,-0.07984630103,
1625363004,0.1572780757,-0.07997934197,
1625563024,0.1563653119,-0.07982883819,
1625763043,0.1554136817,-0.0797211022,
1625963063,0.1557120709,-0.07915654904,
1626163083,0.156524494,-0.07846516803,
1626363103,0.1559698775,-0.07856662361,
1626563122,0.1554467124,-0.07790873995,
1626763142,0.1564591969,-0.07839819618,
1626963162,0.1557193564,-0.07833916168,
1627163182,0.1554313034,-0.07764303227,
1627363201,0.1567159734,-0.07770895526,
1627563221,0.1568239997,-0.07756753969,
1627763241,0.1566692388,-0.07797382091,
1627963261,0.1565388061,-0.0775676509,
1628163280,0.1568279905,-0.07756789676,
1628363300,0.156085901,-0.07775456213,
1628563320,0.1564947875,-0.07810039223,
1628763340,0.1565229568,-0.07834934609,
1628963359,0.1564912243,-0.07829982363,
1629163379,0.1571934272,-0.07880281663,
1629363399,0.1567643885,-0.07871551597,
1629563419,0.1566231897,-0.07922083716,
1629763438,0.155227661,-0.07926603651,
1629963458,0.1549778257,-0.07983629998,
1630163478,0.1550503193,-0.07930623926,
1630363498,0.1544466559,-0.07983389801,
1630563518,0.1536219491,-0.07917737149,
1630763537,0.154512833,-0.08028667718,
1630963557,0.1541867098,-0.07980931121,
1631163577,0.1531218304,-0.07999587375,
1631363597,0.153185163,-0.0797031896,
1631563616,0.1521886694,-0.07999981945,
1631763636,0.1527883135,-0.07914019624,
1631963656,0.1520951098,-0.0785616401,
1632163676,0.1521086737,-0.07867489054,
1632363695,0.151185725,-0.07901493643,
1632563715,0.1507822196,-0.07741522832,
1632763735,0.1508964368,-0.07781104224,
1632963755,0.1496053099,-0.0771879689,
1633163774,0.1508655345,-0.07656007231,
1633363794,0.1502066234,-0.07647252222,
1633563814,0.1498695203,-0.07602735278,
1633763834,0.1498859353,-0.07551928372,
1633963853,0.1502796223,-0.07521872593,
1634163873,0.1496022942,-0.07472632042,
1634363893,0.1496194879,-0.07382586818,
1634563913,0.1509191697,-0.07323553986,
1634763932,0.1518034102,-0.07319314952,
1634963952,0.1513776077,-0.0728149635,
1635163972,0.1519368244,-0.07264119891,
1635363992,0.1524275291,-0.07235270517,
1635564011,0.1531533295,-0.07222185438,
1635764031,0.1528363579,-0.07164736916,
1635964051,0.1534211227,-0.07216352045,
1636164071,0.1542415579,-0.07185358811,
1636364090,0.1548155795,-0.07177500978,
1636564110,0.1553121105,-0.07173165991,
1636764130,0.1561350575,-0.07192955249,
1636964150,0.1562668279,-0.07215095418,
1637164169,0.1572612164,-0.07291618355,
1637364189,0.1574984664,-0.07262637857,
1637564209,0.1578552909,-0.07311598009,
1637764229,0.1574063397,-0.07326539304,
1637964248,0.1573293968,-0.07433165306,
1638164268,0.1578561094,-0.07517915088,
1638364288,0.1575625705,-0.07588666766,
1638564308,0.1584777026,-0.07630288334,
1638764327,0.1576091551,-0.07703220013,
1638964347,0.1578108645,-0.07798812871,
1639164367,0.1568793399,-0.07815272291,
1639364387,0.1578604531,-0.07860640939,
1639564406,0.1570683844,-0.0788974554,
1639764426,0.1567324336,-0.07935626777,
1639964446,0.1556111907,-0.08034889998,
1640164466,0.1557877413,-0.08026809772,
1640364485,0.1546073464,-0.08088909843,
1640564505,0.154001254,-0.08119836403,
1640764525,0.1529525519,-0.08159274843,
1640964545,0.1515926768,-0.081477603,
1641164564,0.151654498,-0.08194965436,
1641364584,0.150064931,-0.08115809661,
1641564604,0.1493077278,-0.08135033237,
1641764624,0.1487903268,-0.0812354218,
1641964643,0.1476740361,-0.08053059319,
1642164663,0.1477365289,-0.07925516389,
1642364683,0.14603376,-0.07892908566,
1642564703,0.1453302172,-0.07847656575,
1642764722,0.1453898086,-0.07774607991,
1642964742,0.1443426226,-0.0770479909,
1643164762,0.1441824774,-0.07522010046,
1643364782,0.1435808461,-0.07468253455,
1643564801,0.1438431501,-0.07332311586,
1643764821,0.1435301048,-0.07235674894,
1643964841,0.1437831626,-0.07217526588,
1644164861,0.1432894915,-0.0703443502,
1644364880,0.1434209983,-0.06912831868,
1644564900,0.1443261251,-0.06882622313,
1644764920,0.1447099585,-0.06759028603,
1644964940,0.1447534627,-0.0664537517,
1645164959,0.1456099382,-0.06609482533,
1645364979,0.1461724802,-0.06506742019,
1645564999,0.1469267888,-0.06379410303,
1645765019,0.1471405792,-0.06365353331,
1645965038,0.147600865,-0.06333091022,
1646165058,0.1492347909,-0.06255360629,
1646365078,0.1502407658,-0.06260962374,
1646565098,0.1505867292,-0.06187291478,
1646765117,0.1515226686,-0.0612104145,
1646965137,0.15193551,-0.06156792367,
1647165157,0.1530223939,-0.06129898751,
1647365177,0.1543207233,-0.0610214756,
1647565196,0.1547226579,-0.06078468026,
1647765216,0.1552627414,-0.05989597316,
1647965236,0.1571822269,-0.06062709499,
1648165256,0.1570464817,-0.06104050628,
1648365275,0.1575369386,-0.06074354721,
1648565295,0.1582227013,-0.06128714837,
1648765315,0.1595812196,-0.06029972928,
1648965335,0.1600504452,-0.0613756644,
1649165354,0.1605390854,-0.06183482363,
1649365374,0.1613036676,-0.06133692458,
1649565394,0.1615940738,-0.06124279515,
1649765414,0.1626707579,-0.06251730331,
1649965433,0.1631125828,-0.06231737835,
1650165453,0.1636066307,-0.06320142335,
1650365473,0.1641011932,-0.06397768718,
1650565493,0.1643980533,-0.06365091931,
1650765512,0.165482749,-0.06425119265,
1650965532,0.1653872092,-0.06507277375,
1651165552,0.1652710898,-0.06543638469,
1651365572,0.1651147041,-0.06567970203,
1651565591,0.1654723947,-0.06663945517,
1651765611,0.1668370145,-0.06686152088,
1651965631,0.1665249807,-0.06734367667,
1652165651,0.1664821547,-0.06734437038,
1652365670,0.1668299499,-0.06782469426,
1652565690,0.1665936797,-0.0685120157,
1652765710,0.166480531,-0.06845227877,
1652965730,0.1666366018,-0.06917990713,
1653165749,0.1659073676,-0.06945933358,
1653365769,0.1663935899,-0.06936434367,
1653565789,0.1669086419,-0.06974535108,
1653765809,0.1666577449,-0.06942847314,
1653965828,0.1661528008,-0.06958577527,
1654165848,0.1657444089,-0.06989163129,
1654365868,0.1664328298,-0.06949980754,
1654565888,0.1665594817,-0.0700875003,
1654765908,0.1666280339,-0.07009991648,
1654965927,0.1666451533,-0.07064366332,
1655165947,0.1671825803,-0.07095551053,
1655365967,0.1672739494,-0.06996496068,
1655565987,0.167131082,-0.07018848922,
1655766006,0.1669475646,-0.071635265,
1655966026,0.1674858392,-0.07106447329,
1656166046,0.1675951476,-0.07088406888,
1656366066,0.167890446,-0.07157788229,
1656566085,0.1674807593,-0.07197870597,
1656766105,0.1680978924,-0.07113190877,
1656966125,0.167814942,-0.07208408593,
1657166145,0.1681457561,-0.07158611486,
1657366164,0.1675578007,-0.0718878992,
1657566184,0.1681803929,-0.07273079991,
1657766204,0.1683021806,-0.07221177937,
1657966224,0.1682578293,-0.07279947183,
1658166243,0.1677820344,-0.07272505415,
1658366263,0.1682123528,-0.07286630609,
1658566283,0.1678027288,-0.0727617125,
1658766303,0.1678313382,-0.07263212849,
1658966322,0.1680338465,-0.07312038644,
1659166342,0.1678423812,-0.07337046738,
1659366362,0.1678550821,-0.07324055454,
1659566382,0.1676719668,-0.07286998829,
1659766401,0.1683649546,-0.07279856561,
1659966421,0.1680267236,-0.07328597249,
1660166441,0.1678603393,-0.07276359016,
1660366461,0.1674354717,-0.07328732232,
1660566480,0.1675104974,-0.07277531591,
1660766500,0.1683321971,-0.07322362571,
1660966520,0.1686876337,-0.07248948171,
1661166540,0.1689082212,-0.0722641601,
1661366559,0.1686029537,-0.07253508594,
1661566579,0.1696795493,-0.07209750183,
1661766599,0.170051117,-0.07252537388,
1661966619,0.1695652434,-0.07201923419,
1662166638,0.1700378711,-0.07211279079,
1662366658,0.1706901627,-0.07312379047,
1662566678,0.171277206,-0.07252285608,
1662766698,0.1719086463,-0.07295114976,
1662966717,0.1719416906,-0.07323521575,
1663166737,0.1724958244,-0.0734078035,
1663366757,0.1726915148,-0.07320648013,
1663566777,0.1730543998,-0.07422910002,
1663766796,0.1729606973,-0.07512968403,
1663966816,0.1729857171,-0.07530424714,
1664166836,0.1731012637,-0.07549623305,
1664366856,0.1733468556,-0.07586686344,
1664566875,0.1726974535,-0.07655933746,
1664766895,0.1731293809,-0.07752215761,
1664966915,0.1727628419,-0.07807560094,
1665166935,0.1732890575,-0.07794731794,
1665366954,0.1729835951,-0.07878873594,
1665566974,0.1726822361,-0.07846085133,
1665766994,0.171838859,-0.079455546,
1665967014,0.1716563966,-0.0802399483,
1666167033,0.1713934332,-0.07997552657,
1666367053,0.171367928,-0.08006198228,
1666567073,0.1710689793,-0.08034837358,
1666767093,0.1706647346,-0.08047550642,
1666967112,0.1697445882,-0.080947915,
1667167132,0.1690901496,-0.0805694257,
1667367152,0.1687624964,-0.08037432747,
1667567172,0.168301648,-0.08082640048,
1667767191,0.1684500825,-0.08044228487,
1667967211,0.1675899442,-0.0806834053,
1668167231,0.1680649811,-0.08058183313,
1668367251,0.1664737504,-0.08016374153,
1668567270,0.1672938029,-0.08024601418,
1668767290,0.1671739742,-0.07958280195,
1668967310,0.16629925,-0.07908872893,
1669167330,0.1656578423,-0.07886772742,
1669367349,0.1661412136,-0.07880309346,
1669567369,0.1659610554,-0.07766534078,
1669767389,0.1661762774,-0.07766228967,
1669967409,0.1659722069,-0.07728900681,
1670167428,0.1651654172,-0.07617995921,
1670367448,0.1656042184,-0.07591758165,
1670567468,0.1654628948,-0.07541323487,
1670767488,0.16612984,-0.07507012023,
1670967507,0.1662962757,-0.07398718379,
1671167527,0.1667246298,-0.0732177998,
1671367547,0.1670393098,-0.07344973856,
1671567567,0.1679506543,-0.07300275204,
1671767586,0.1677220876,-0.07198708569,
1671967606,0.1683196965,-0.07121703553,
1672167626,0.168679178,-0.07115220958,
1672367646,0.1695486002,-0.07118365042,
1672567665,0.1697673686,-0.0710215535,
1672767685,0.1708343757,-0.07110608938,
1672967705,0.1714723726,-0.06982485768,
1673167725,0.1717192395,-0.07035038342,
1673367744,0.1724529619,-0.06999257942,
1673567764,0.173380889,-0.07025053174,
1673767784,0.1732453939,-0.0707648208,
1673967804,0.1744703315,-0.07016666948,
1674167823,0.1752046776,-0.07023757336,
1674367843,0.1752910327,-0.07048372483,
1674567863,0.1767255545,-0.07051365642,
1674767883,0.1772119077,-0.07036613373,
1674967902,0.1776585398,-0.0714231762,
1675167922,0.1780186195,-0.07123737654,
1675367942,0.1789518151,-0.07112679805,
1675567962,0.1792818968,-0.07184243749,
1675767981,0.180296141,-0.07174560726,
1675968001,0.1811504591,-0.07255419484,
1676168021,0.1819310048,-0.0736892605,
1676368041,0.181686226,-0.07392942459,
1676568060,0.1820681473,-0.07447435524,
1676768080,0.1831756778,-0.07476532795,
1676968100,0.1826941372,-0.07595121556,
1677168120,0.1834376451,-0.07637553629,
1677368139,0.1838171716,-0.07691652652,
1677568159,0.1845374488,-0.07766511752,
1677768179,0.1841126027,-0.07876071615,
1677968199,0.184609487,-0.07889970897,
1678168218,0.184092154,-0.08009172527,
1678368238,0.1844450792,-0.08125318396,
1678568258,0.1846048169,-0.08192392788,
1678768278,0.1849000152,-0.08242116044,
1678968297,0.1837110058,-0.08433434246,
1679168317,0.1843678824,-0.08421167071,
1679368337,0.1836225592,-0.08525697466,
1679568357,0.1823987741,-0.08557627298,
1679768377,0.1831366256,-0.0863615471,
1679968396,0.1818403324,-0.0866358144,
1680168416,0.1818500686,-0.08807920234,
1680368436,0.18009113,-0.08834716007,
1680568456,0.1794715557,-0.08863265733,
1680768475,0.1789321928,-0.08866908048,
1680968495,0.1786199241,-0.08891745815,
1681168515,0.1777789424,-0.08911065727,
1681368535,0.1765724355,-0.08949301743,
1681568554,0.1757643739,-0.08892758641,
1681768574,0.1749764158,-0.08918186776,
1681968594,0.1746443284,-0.08877560961,
1682168614,0.1735353787,-0.08910806624,
1682368633,0.1730878221,-0.08899480124,
1682568653,0.1725298611,-0.08833500092,
1682768673,0.1716131661,-0.08719271613,
1682968693,0.1710179821,-0.08656883143,
1683168712,0.1709344877,-0.08595701328,
1683368732,0.1701031297,-0.08528060774,
1683568752,0.1706508042,-0.08482913566,
1683768772,0.170429266,-0.08409347699,
1683968791,0.17010122,-0.0836142896,
1684168811,0.1697622907,-0.08325015998,
1684368831,0.1698980054,-0.08252256109,
1684568851,0.1702284431,-0.08144187454,
1684768870,0.1698365151,-0.08072309176,
1684968890,0.1700498872,-0.08133444031,
1685168910,0.1706141549,-0.08081282545,
1685368930,0.1711329668,-0.08013260812,
1685568949,0.1711407517,-0.07878041717,
1685768969,0.1717242767,-0.0795116026,
1685968989,0.1726720427,-0.0789574309,
1686169009,0.1722617917,-0.07850152681,
1686369028,0.1728227701,-0.07829123624,
1686569048,0.1734125258,-0.07791126096,
1686769068,0.1733063002,-0.07776384754,
1686969088,0.1734417484,-0.07775089995,
1687169107,0.1738674251,-0.07764586023,
1687369127,0.1733477477,-0.07772233183,
1687569147,0.1741012565,-0.07753656871,
1687769167,0.1748993775,-0.07699070603,
1687969186,0.1748755493,-0.07763370122,
1688169206,0.1744456668,-0.07697658513,
1688369226,0.1750389756,-0.07746536092,
1688569246,0.174344174,-0.07713971922,
1688769265,0.1744246349,-0.07701540747,
1688969285,0.1746572366,-0.07619188835,
1689169305,0.1747820515,-0.07562789905,
1689369325,0.1743134013,-0.07595522972,
1689569344,0.1751430672,-0.07555939399,
1689769364,0.1759895618,-0.07499804601,
1689969384,0.1754976633,-0.07553672519,
1690169404,0.1765862309,-0.07484455827,
1690369423,0.176541172,-0.07458473938,
1690569443,0.1767314995,-0.07427695633,
1690769463,0.1769970734,-0.07363791638,
1690969483,0.1777022419,-0.07406089623,
1691169502,0.1769624435,-0.07383957023,
1691369522,0.1777639445,-0.07330660668,
1691569542,0.1783439809,-0.07274584724,
1691769562,0.1794979503,-0.07275345646,
1691969581,0.1790650882,-0.07270489644,
1692169601,0.1795983136,-0.07216705466,
1692369621,0.1801856469,-0.07166744744,
1692569641,0.1805414054,-0.07184606095,
1692769660,0.1819310113,-0.07195713294,
1692969680,0.1819738282,-0.0726389595,
1693169700,0.182077601,-0.07190769856,
1693369720,0.1823837215,-0.07209886589,
1693569739,0.1836308555,-0.07215081118,
1693769759,0.1837000456,-0.07165878581,
1693969779,0.1840172365,-0.07185039366,
1694169799,0.1844616464,-0.07243228872,
1694369818,0.1842840511,-0.07242185419,
1694569838,0.1849629084,-0.07303022882,
1694769858,0.1843093149,-0.07269124074,
1694969878,0.1855105945,-0.07240953788,
1695169897,0.1847008577,-0.07266763823,
1695369917,0.1853966395,-0.07293054201,
1695569937,0.1860267599,-0.07195548239,
1695769957,0.1863030197,-0.07201551285,
1695969976,0.1863242139,-0.07213250454,
1696169996,0.1873970965,-0.07204272528,
1696370016,0.187218588,-0.07184598791,
1696570036,0.1874322212,-0.07144614622,
1696770055,0.1890202322,-0.07160920462,
1696970075,0.1893679378,-0.0711647875,
1697170095,0.1898518509,-0.07112988743,
1697370115,0.190572763,-0.07106401004,
1697570134,0.1906736671,-0.07029646229,
1697770154,0.1903662262,-0.0710449197,
1697970174,0.1922458595,-0.07105813997,
1698170194,0.1924964138,-0.07145216521,
1698370213,0.1936226975,-0.07178778251,
1698570233,0.1932636658,-0.0722814764,
1698770253,0.1948617158,-0.07229179761,
1698970273,0.1944912483,-0.07263466361,
1699170292,0.1954418709,-0.07230043086,
1699370312,0.1961397367,-0.07336269911,
1699570332,0.1957180002,-0.07352066518,
1699770352,0.1969266878,-0.07399410295,
1699970371,0.1977157974,-0.07392073079,
1700170391,0.1976081769,-0.07457035605,
1700370411,0.1979210862,-0.07513626457,
1700570431,0.1980109228,-0.07620079355,
1700770450,0.1989862835,-0.07626673052,
1700970470,0.1988949386,-0.07615691554,
1701170490,0.1982429976,-0.07657160027,
1701370510,0.198646405,-0.0779059585,
1701570529,0.1982847122,-0.07780498248,
1701770549,0.198811328,-0.07798189689,
1701970569,0.1984754154,-0.07843894832,
1702170589,0.1984817644,-0.07782113792,
1702370608,0.1983546934,-0.0782289675,
1702570628,0.1983163839,-0.07841982124,
1702770648,0.1986582612,-0.07892269359,
1702970668,0.1980791395,-0.07842147671,
1703170687,0.1984680355,-0.07792971569,
1703370707,0.1977447683,-0.07830287398,
1703570727,0.1985046026,-0.07751540491,
1703770747,0.1976290931,-0.07762557804,
1703970767,0.1993721301,-0.07741482663,
1704170786,0.1990213059,-0.07779404395,
1704370806,0.2000324742,-0.07722622655,
1704570826,0.1997264916,-0.07626942576,
1704770846,0.2007658803,-0.07653426098,
1704970865,0.2006091965,-0.07705767098,
1705170885,0.2014245117,-0.07656005107,
1705370905,0.2021504049,-0.07644742537,
1705570925,0.2025848229,-0.07671913043,
1705770944,0.203317361,-0.07734199392,
1705970964,0.204651335,-0.07683254926,
1706170984,0.2049400787,-0.07706546666,
1706371004,0.2056596442,-0.07755474521,
1706571023,0.2052681245,-0.07758430577,
1706771043,0.2059949678,-0.07838020008,
1706971063,0.2067273325,-0.07880039627,
1707171083,0.2079165775,-0.07867843931,
1707371102,0.2075815676,-0.07960081178,
1707571122,0.2083332046,-0.08012338594,
1707771142,0.2079864495,-0.08058428887,
1707971162,0.2087649742,-0.08073410097,
1708171181,0.2090423462,-0.08128503371,
1708371201,0.2092842286,-0.0818456385,
1708571221,0.2095557467,-0.08176450393,
1708771241,0.2094019841,-0.08252519484,
1708971260,0.20979382,-0.08208002194,
1709171280,0.2099983455,-0.08310192325,
1709371300,0.2101267274,-0.08273971217,
1709571320,0.2100487564,-0.08276960925,
1709771339,0.2099472154,-0.08270383882,
1709971359,0.2109674902,-0.08350558205,
1710171379,0.2110567614,-0.08374946869,
1710371399,0.2116889929,-0.08326944187,
1710571418,0.2114931794,-0.08429493332,
1710771438,0.2123433899,-0.08358049001,
1710971458,0.2130009416,-0.08458198389,
1711171478,0.2129157129,-0.08543752857,
1711371497,0.2136888271,-0.08540498147,
1711571517,0.2134246464,-0.08543838709,
1711771537,0.2132853206,-0.08597557552,
1711971557,0.2139905623,-0.08646109955,
1712171576,0.2141323766,-0.08721026632,
1712371596,0.2146542957,-0.0872074462,
1712571616,0.2148454869,-0.08758128346,
1712771636,0.2153506901,-0.08755501543,
1712971655,0.2154224979,-0.08778909653,
1713171675,0.215513121,-0.08857682623,
1713371695,0.216159433,-0.08950120795,
1713571715,0.2156388755,-0.08988653997,
1713771734,0.2159920173,-0.0899989222,
1713971754,0.2160710518,-0.09062704669,
1714171774,0.2159290076,-0.09157250372,
1714371794,0.2156680147,-0.09152667078,
1714571813,0.2163559863,-0.09181117163,
1714771833,0.2162163142,-0.09207922186,
1714971853,0.2160246722,-0.09193854628,
1715171873,0.2157872454,-0.09276345752,
1715371892,0.2159533958,-0.09297716457,
1715571912,0.2157730205,-0.09365693238,
1715771932,0.2164344971,-0.09354782195,
1715971952,0.2169399649,-0.09383049435,
1716171971,0.2162069246,-0.09481401001,
1716371991,0.2160321063,-0.09465270601,
1716572011,0.2152215494,-0.09474297524,
1716772031,0.2163491466,-0.09425128678,
1716972050,0.2152292477,-0.09499103427,
1717172070,0.2157427983,-0.09444077704,
1717372090,0.2163706833,-0.09412045609,
1717572110,0.2157441777,-0.09443857155,
1717772129,0.2164473783,-0.09527542395,
1717972149,0.2164851078,-0.09534396134,
1718172169,0.2162564563,-0.09488706817,
1718372189,0.216411706,-0.09476183521,
1718572208,0.2169288771,-0.09484812264,
1718772228,0.2171361394,-0.0953495564,
1718972248,0.2170397605,-0.09550201551,
1719172268,0.2183174747,-0.09574033798,
1719372287,0.2187921793,-0.09589924601,
1719572307,0.2187474173,-0.09572861023,
1719772327,0.2187069982,-0.09666752721,
1719972347,0.2192813706,-0.09661631845,
1720172366,0.2192949547,-0.09665896989,
1720372386,0.219585565,-0.09717891878,
1720572406,0.2201863321,-0.09766152728,
1720772426,0.2200498327,-0.0979496344,
1720972445,0.2200123308,-0.09818367636,
1721172465,0.220834258,-0.09853741132,
1721372485,0.2201460782,-0.09857585682,
1721572505,0.2212360441,-0.09980574875,
1721772524,0.2215363046,-0.09959834288,
1721972544,0.221108059,-0.1004607871,
1722172564,0.2216080413,-0.1010697999,
1722372584,0.2217404592,-0.1005780609,
1722572603,0.2213444028,-0.1011836054,
1722772623,0.221597144,-0.1014650238,
1722972643,0.2213991871,-0.1020753869,
1723172663,0.2217932748,-0.1016515815,
1723372682,0.2221271677,-0.1028278014,
1723572702,0.2221945747,-0.1023367749,
1723772722,0.2221970956,-0.1033121611,
1723972742,0.2220313956,-0.103524488,
1724172761,0.222048549,-0.1038301601,
1724372781,0.2222375404,-0.1043268041,
1724572801,0.2221774702,-0.1056143637,
1724772821,0.2230165502,-0.1052665274,
1724972840,0.2227928017,-0.1056432842,
1725172860,0.2223995234,-0.1064125932,
1725372880,0.2221152472,-0.1066860016,
1725572900,0.2222840524,-0.1074494572,
1725772919,0.2212606424,-0.1081984636,
1725972939,0.2222441521,-0.1085364315,
1726172959,0.2221551712,-0.1086751582,
1726372979,0.2214181423,-0.1102120587,
1726572998,0.2209491858,-0.1100305989,
1726773018,0.219969777,-0.1102998334,
1726973038,0.2195386116,-0.1098051595,
1727173058,0.2192088241,-0.1106104984,
1727373077,0.2193722117,-0.1116215813,
1727573097,0.2191196893,-0.1114648541,
1727773117,0.2190718488,-0.1107882032,
1727973137,0.2188872291,-0.1109334217,
1728173156,0.2171796423,-0.1113501873,
1728373176,0.2174755787,-0.1109763958,
1728573196,0.2167126426,-0.110325162,
1728773216,0.2172800375,-0.1108245716,
1728973236,0.2164916853,-0.1108602776,
1729173255,0.2165363082,-0.1105848157,
1729373275,0.2162707075,-0.1110089108,
1729573295,0.2150418407,-0.1099020572,
1729773315,0.2153605056,-0.1097879484,
1729973334,0.215236109,-0.109715738,
1730173354,0.2152780151,-0.1092340886,
1730373374,0.2148813126,-0.1089630866,
1730573394,0.2146507583,-0.1091715015,
1730773413,0.2146319526,-0.10863284,
1730973433,0.2134862308,-0.108144457,
1731173453,0.2138624747,-0.1081511042,
1731373473,0.2132347252,-0.1076729452,
1731573492,0.2140617586,-0.1069415139,
1731773512,0.2143510011,-0.106371966,
1731973532,0.214337967,-0.105596628,
1732173552,0.2144780593,-0.1048408155,
1732373571,0.2145367486,-0.1053837793,
1732573591,0.215133668,-0.1051561407,
1732773611,0.2151416021,-0.1039844325,
1732973631,0.2151815683,-0.1036448371,
1733173650,0.2163728754,-0.1037624064,
1733373670,0.2171715436,-0.1031900842,
1733573690,0.2172236903,-0.1028195617,
1733773710,0.217531884,-0.1027561122,
1733973729,0.2175471913,-0.1027112628,
1734173749,0.2184053763,-0.1021897311,
1734373769,0.2180146806,-0.1024019168,
1734573789,0.2187682031,-0.1018244606,
1734773808,0.2194767695,-0.1020026723,
1734973828,0.2197895048,-0.1016071779,
1735173848,0.2203927052,-0.1009926253,
1735373868,0.2208022576,-0.1011979975,
1735573887,0.2216929586,-0.1010295633,
1735773907,0.2221874786,-0.1008812498,
1735973927,0.2222094884,-0.1006583221,
1736173947,0.2231264616,-0.09992992848,
1736373966,0.2235329198,-0.09945166635,
1736573986,0.2238892609,-0.09973558487,
1736774006,0.2248071882,-0.09950104343,
1736974026,0.2262869078,-0.0993396118,
1737174045,0.2266721814,-0.09862814888,
1737374065,0.2273156968,-0.0991387942,
1737574085,0.227872538,-0.09858425524,
1737774105,0.2295696948,-0.09942819955,
1737974124,0.229896263,-0.0997687521,
1738174144,0.2305720232,-0.09919564754,
1738374164,0.2319248955,-0.09935239045,
1738574184,0.2322162937,-0.1004747169,
1738774203,0.2337387355,-0.1007177301,
1738974223,0.2348286895,-0.100958009,
1739174243,0.2351172107,-0.1019025298,
1739374263,0.2357402261,-0.1018162945,
1739574282,0.2367742264,-0.103093416,
1739774302,0.2377067455,-0.1031189398,
1739974322,0.2376734173,-0.1038844392,
1740174342,0.2385329238,-0.1046568789,
1740374361,0.2387708413,-0.1046359443,
1740574381,0.23906059,-0.1059805763,
1740774401,0.239279823,-0.1066543214,
1740974421,0.2402934205,-0.1075057709,
1741174440,0.2402734087,-0.1079307511,
1741374460,0.2412120331,-0.108387654,
1741574480,0.2406300934,-0.1093011131,
1741774500,0.2409006243,-0.1092318372,
1741974519,0.2415359975,-0.1102103032,
1742174539,0.2421149867,-0.1104390676,
1742374559,0.2422940073,-0.1114509625,
1742574579,0.2418071201,-0.1125503445,
1742774598,0.2426861467,-0.1125341566,
1742974618,0.2424396282,-0.1128217229,
1743174638,0.2430341195,-0.1140187861,
1743374658,0.2433066547,-0.1139262817,
1743574677,0.2430820515,-0.1150348061,
1743774697,0.2435269791,-0.1152948738,
1743974717,0.2435331296,-0.1161035134,
1744174737,0.2432610531,-0.1168003483,
1744374756,0.2437846604,-0.1173651738,
1744574776,0.244157199,-0.117414127,
1744774796,0.2438299793,-0.1181367561,
1744974816,0.2440986333,-0.1181729764,
1745174835,0.2436446023,-0.1191025906,
1745374855,0.2440836464,-0.1192604634,
1745574875,0.243958584,-0.1196939342,
1745774895,0.243988736,-0.121024166,
1745974914,0.2434650217,-0.1213447725,
1746174934,0.2439531198,-0.1210523199,
1746374954,0.2436634645,-0.1214998628,
1746574974,0.2430563491,-0.1216700897,
1746774993,0.2430476893,-0.1225857407,
1746975013,0.2428488545,-0.1228842474,
1747175033,0.2426448249,-0.1224864838,
1747375053,0.2425402334,-0.1233313,
1747575072,0.242606124,-0.1232217141,
1747775092,0.2423145861,-0.1231896859,
1747975112,0.2422705892,-0.1229607974,
1748175132,0.2426702932,-0.1236348864,
1748375151,0.2418199929,-0.1233218939,
1748575171,0.2424768257,-0.1232648032,
1748775191,0.2426513741,-0.1241332968,
1748975211,0.2427759295,-0.1236359663,
1749175230,0.2422631196,-0.1235795387,
1749375250,0.2426709691,-0.1238304775,
1749575270,0.2432436686,-0.1240440509,
1749775290,0.2432389872,-0.1240168267,
1749975309,0.2426530578,-0.1247691295,
1750175329,0.2435449614,-0.1239036414,
1750375349,0.2438679011,-0.1236206196,
1750575369,0.2434836938,-0.1239524131,
1750775388,0.2440241571,-0.123625308,
1750975408,0.2443878002,-0.1240348881,
1751175428,0.2444582554,-0.1239215254,
1751375448,0.2448481818,-0.1239171446,
1751575467,0.2456249806,-0.1241806095,
1751775487,0.2449768101,-0.1238392247,
1751975507,0.2454831143,-0.1236567304,
1752175527,0.2467706229,-0.1246405647,
1752375546,0.2468305893,-0.124954655,
1752575566,0.2468384648,-0.1245598233,
1752775586,0.2475648441,-0.1247865921,
1752975606,0.2475712318,-0.1248845042,
1753175625,0.2488056419,-0.1250513032,
1753375645,0.2484084546,-0.1249618443,
1753575665,0.2497046729,-0.1259574889,
1753775685,0.2500183326,-0.1260909115,
1753975705,0.2504063484,-0.1261296392,
1754175724,0.2516728435,-0.1266017277,
1754375744,0.2518409525,-0.1267992391,
1754575764,0.2520451471,-0.1274367824,
1754775784,0.2533444168,-0.1274641282,
1754975803,0.2538619179,-0.1278539871,
1755175823,0.2544255224,-0.1284561215,
1755375843,0.2549987756,-0.1286911826,
1755575863,0.2555848903,-0.1301039131,
1755775882,0.2562327919,-0.1307403679,
1755975902,0.2562095681,-0.1312661052,
1756175922,0.2568557142,-0.1320626449,
1756375942,0.2573106183,-0.1325499863,
1756575961,0.2581329433,-0.1337240785,
1756775981,0.2582320076,-0.1341894446,
1756976001,0.2581342306,-0.1351050929,
1757176021,0.2585972529,-0.1358292095,
1757376040,0.2588991881,-0.1370880501,
1757576060,0.2585526215,-0.1379088654,
1757776080,0.2587390175,-0.1386467203,
1757976100,0.2599584955,-0.1394116073,
1758176119,0.2592975733,-0.1403570757,
1758376139,0.2593504811,-0.1414651337,
1758576159,0.2593198611,-0.1417743571,
1758776179,0.259537685,-0.1428495207,
1758976198,0.2589848587,-0.1432931138,
1759176218,0.2587459536,-0.1442611646,
1759376238,0.2583187454,-0.1450698475,
1759576258,0.2588805456,-0.1463423247,
1759776277,0.2583453805,-0.1468002366,
1759976297,0.2580323114,-0.1469661612,
1760176317,0.2584368745,-0.147698893,
1760376337,0.25778475,-0.1483854334,
1760576356,0.2579699237,-0.1490896637,
1760776376,0.2574631826,-0.1491650517,
1760976396,0.2570291209,-0.1499923326,
1761176416,0.2572341234,-0.1505629138,
1761376435,0.2568294185,-0.1515089359,
1761576455,0.2565510231,-0.1519038865,
1761776475,0.2565086307,-0.1525560783,
1761976495,0.2565454647,-0.1523086697,
1762176514,0.2558059181,-0.1532709831,
1762376534,0.255979753,-0.1546290788,
1762576554,0.2556765887,-0.1544977081,
1762776574,0.255749215,-0.1550088644,
1762976593,0.2555608731,-0.156094777,
1763176613,0.2548369856,-0.1563276229,
1763376633,0.2548742916,-0.1571272224,
1763576653,0.2544249985,-0.157320935,
1763776672,0.2538503296,-0.1582359755,
1763976692,0.2534437374,-0.1592483286,
1764176712,0.2528693736,-0.1595602957,
1764376732,0.2525581595,-0.1599885584,
1764576751,0.252097755,-0.1608960631,
1764776771,0.2510339314,-0.1614510444,
1764976791,0.2512524708,-0.1618363903,
1765176811,0.2497538786,-0.1617565823,
1765376830,0.2490262466,-0.1624317235,
1765576850,0.2490228539,-0.1625406365,
1765776870,0.2475921746,-0.1629164652,
1765976890,0.2469980517,-0.1632276942,
1766176909,0.2457547738,-0.1633486812,
1766376929,0.2457913687,-0.1632173083,
1766576949,0.244375438,-0.1631030296,
1766776969,0.2439021149,-0.1630521937,
1766976988,0.2429586601,-0.1626057814,
1767177008,0.2431937419,-0.1628115023,
1767377028,0.2418976366,-0.1627415375,
1767577048,0.2417227294,-0.162290292,
1767777067,0.2415220484,-0.1612689295,
1767977087,0.2403669118,-0.1614795136,
1768177107,0.2406472966,-0.1608906865,
1768377127,0.2403690928,-0.1605712852,
1768577146,0.2402619174,-0.1602518634,
1768777166,0.2396579671,-0.1590841478,
1768977186,0.2392007789,-0.1592124735,
1769177206,0.2394290068,-0.159107799,
1769377225,0.2393808148,-0.1582504613,
1769577245,0.2394672166,-0.1581634049,
1769777265,0.2396041893,-0.1572356436,
1769977285,0.2394266155,-0.1567451737,
1770177304,0.2398089347,-0.1568721732,
1770377324,0.2397097525,-0.1566661999,
1770577344,0.2406461195,-0.1559964772,
1770777364,0.2400993332,-0.1556712639,
1770977383,0.2405836748,-0.1557819716,
1771177403,0.2413200752,-0.1547705729,
1771377423,0.2409877564,-0.1544187902,
1771577443,0.2415721028,-0.1538482528,
1771777462,0.2417059866,-0.1536470963,
1771977482,0.2417478893,-0.1542592315,
1772177502,0.2425482915,-0.1537018105,
1772377522,0.2433279228,-0.1534633162,
1772577541,0.2443568306,-0.1537006516,
1772777561,0.2447508993,-0.1529423612,
1772977581,0.2448812393,-0.1535316741,
1773177601,0.2455505891,-0.1530319681,
1773377620,0.246110672,-0.1535855599,
1773577640,0.2467818552,-0.1538699638,
1773777660,0.2473440331,-0.1538762083,
1773977680,0.248393197,-0.1541527442,
1774177699,0.2484900765,-0.1550668763,
1774377719,0.2491568805,-0.1556880231,
1774577739,0.2494319925,-0.156274439,
1774777759,0.2497849356,-0.1560974113,
1774977778,0.2502131453,-0.157341244,
1775177798,0.2507394942,-0.1578549331,
1775377818,0.2506587056,-0.1582104901,
1775577838,0.2506161853,-0.1588817642,
1775777857,0.2504410684,-0.1588908568,
1775977877,0.2508305755,-0.1598367134,
1776177897,0.2505600227,-0.1608557153,
1776377917,0.2505847299,-0.1608750596,
1776577936,0.250738364,-0.1615196707,
1776777956,0.2502573171,-0.1625587561,
1776977976,0.2500674358,-0.1628829899,
1777177996,0.2493181585,-0.163115614,
1777378015,0.2494313772,-0.1633514034,
1777578035,0.2488837145,-0.1638897189,
1777778055,0.2486481852,-0.1642315777,
1777978075,0.248185445,-0.1639779009,
1778178095,0.2477230133,-0.1639258585,
1778378114,0.247513164,-0.1640617857,
1778578134,0.2475512051,-0.1641276086,
1778778154,0.2470927164,-0.1642946519,
1778978174,0.2466354592,-0.1639976938,
1779178193,0.2464341796,-0.163888796,
1779378213,0.2458196707,-0.1642108846,
1779578233,0.2452920674,-0.1635424686,
1779778253,0.2453306528,-0.1634040914,
1779978272,0.245353862,-0.1629236526,
1780178292,0.245178945,-0.1632432808,
1780378312,0.2451909594,-0.1626220752,
1780578332,0.245584763,-0.162279106,
1780778351,0.2451453077,-0.1622177209,
1780978371,0.2452923406,-0.1611335107,
1781178391,0.2449998927,-0.1609341465,
1781378411,0.2454972396,-0.1606392562,
1781578430,0.2457507043,-0.1597959901,
1781778450,0.2456256996,-0.1595221021,
1781978470,0.2458972276,-0.1590140907,
1782178490,0.2463359192,-0.1587412844,
1782378509,0.2468068773,-0.1581668055,
1782578529,0.2472245646,-0.1576333025,
1782778549,0.2478214955,-0.1569675429,
1782978569,0.2485747782,-0.1571631973,
1783178588,0.2494165165,-0.1565766918,
1783378608,0.2506441482,-0.156379227,
1783578628,0.2510855929,-0.1565545703,
1783778648,0.2521218062,-0.1565587392,
1783978667,0.2529181173,-0.156832011,
1784178687,0.2536373706,-0.1566546546,
1784378707,0.254117292,-0.156871418,
1784578727,0.2551802552,-0.1575065762,
1784778746,0.2559807332,-0.157823741,
1784978766,0.257047772,-0.1581752817,
1785178786,0.2572351509,-0.1585783444,
1785378806,0.2578329152,-0.1588221858,
1785578825,0.2582418139,-0.1592110671,
1785778845,0.2589115798,-0.1596876563,
1785978865,0.2596757922,-0.1597268772,
1786178885,0.2600245193,-0.1610499097,
1786378904,0.2605412046,-0.16101392,
1786578924,0.2611215854,-0.1615396497,
1786778944,0.261442596,-0.1623018697,
1786978964,0.2622144945,-0.1625938003,
1787178983,0.2622400418,-0.162760771,
1787379003,0.2626230728,-0.1635993827,
1787579023,0.2630172273,-0.1641000287,
1787779043,0.2632736571,-0.1648420803,
1787979062,0.2641313107,-0.1648758579,
1788179082,0.264262107,-0.1658764012,
1788379102,0.2648706925,-0.1656936112,
1788579122,0.2654301565,-0.1663103158,
1788779141,0.2653948326,-0.1673787543,
1788979161,0.2659682547,-0.1682959164,
1789179181,0.2662625796,-0.1682422014,
1789379201,0.2666727629,-0.1689001569,
1789579220,0.267075078,-0.1697406368,
1789779240,0.2669701635,-0.1708950932,
1789979260,0.2673255471,-0.1708661711,
1790179280,0.267554742,-0.1716592376,
1790379299,0.2675697772,-0.1727370394,
1790579319,0.2675437003,-0.1727769621,
1790779339,0.2675079185,-0.1736127157,
1790979359,0.2680883205,-0.1741123454,
1791179378,0.2682503223,-0.1751565652,
1791379398,0.2678877825,-0.1754378214,
1791579418,0.2668884725,-0.1763614642,
1791779438,0.2673261091,-0.1764937506,
1791979457,0.2672051536,-0.1767973334,
1792179477,0.2673276371,-0.1772764279,
1792379497,0.2671268055,-0.1778713523,
1792579517,0.2671694544,-0.178617803,
1792779536,0.267069263,-0.1782713029,
1792979556,0.2663904041,-0.1790411249,
1793179576,0.2665769557,-0.1791566484,
1793379596,0.266372665,-0.179385857,
1793579615,0.2664234503,-0.1796130391,
1793779635,0.2667589045,-0.1797587146,
1793979655,0.2667365268,-0.1804440901,
1794179675,0.2670341865,-0.1808201067,
1794379694,0.2669143095,-0.1812767881,
1794579714,0.2672395091,-0.1809170121,
1794779734,0.2670740625,-0.1814470731,
1794979754,0.2666088967,-0.1819539374,
1795179773,0.2668999905,-0.1815785778,
1795379793,0.2666976175,-0.1815239723,
1795579813,0.2671164706,-0.1820879895,
1795779833,0.2673884007,-0.18246863,
1795979852,0.2671008311,-0.1820578431,
1796179872,0.26777779,-0.1828642764,
1796379892,0.2676819058,-0.1827234149,
1796579912,0.2677782722,-0.1832646986,
1796779931,0.2683811032,-0.1835321008,
1796979951,0.2681494057,-0.1839045972,
1797179971,0.2692832864,-0.1839582978,
1797379991,0.2688855514,-0.184483274,
1797580010,0.269027636,-0.1845603579,
1797780030,0.2694549111,-0.1850271712,
1797980050,0.2702880184,-0.1852512242,
1798180070,0.2701136709,-0.1859134164,
1798380089,0.27066253,-0.1868757332,
1798580109,0.2706574146,-0.1869102385,
1798780129,0.2706852085,-0.1876528387,
1798980149,0.2706523483,-0.1878421388,
1799180168,0.2709609537,-0.1891642754,
1799380188,0.2708244027,-0.1895616238,
1799580208,0.2710786991,-0.1901800468,
1799780228,0.2702435559,-0.1909377756,
1799980247,0.2707599219,-0.1914703025,
1800180267,0.2702462594,-0.191489104,
1800380287,0.2706678279,-0.192887645,
1800580307,0.269939868,-0.1933292467,
1800780326,0.2699158671,-0.1935443619,
1800980346,0.2696630951,-0.1941532403,
1801180366,0.2689689376,-0.1941042305,
1801380386,0.2690936492,-0.1945591213,
1801580405,0.2683900044,-0.195434641,
1801780425,0.2679362281,-0.1952739699,
1801980445,0.2681582945,-0.1953536707,
1802180465,0.2672100167,-0.1958844489,
1802380484,0.2668289794,-0.1963518585,
1802580504,0.2664590293,-0.1961095828,
1802780524,0.2662446827,-0.1962281874,
1802980544,0.2661220975,-0.1962271553,
1803180564,0.26562234,-0.196129826,
1803380583,0.2658647065,-0.1956839183,
1803580603,0.2655256762,-0.1951908881,
1803780623,0.2651040975,-0.1951869271,
1803980643,0.2653779214,-0.1951401087,
1804180662,0.2655235584,-0.1944867389,
1804380682,0.2657546489,-0.1943159233,
1804580702,0.2658671999,-0.1944449684,
1804780722,0.2662257261,-0.1938069972,
1804980741,0.2664864113,-0.193618666,
1805180761,0.2669366934,-0.1934279427,
1805380781,0.2669331119,-0.1936174667,
1805580801,0.2678706307,-0.1935930636,
1805780820,0.2683141467,-0.1937500327,
1805980840,0.2688301592,-0.1938569073,
1806180860,0.2691891114,-0.1933735562,
1806380880,0.2697625397,-0.1937196429,
1806580899,0.2701981707,-0.1938919212,
1806780919,0.2707938254,-0.1945832226,
1806980939,0.2712240317,-0.1942191625,
1807180959,0.2719599735,-0.1942985431,
1807380978,0.2717813528,-0.1953272095,
1807580998,0.2726522323,-0.1949805687,
1807781018,0.2733987084,-0.1953765368,
1807981038,0.2737474296,-0.1960394336,
1808181057,0.2740809604,-0.1965192398,
1808381077,0.2742348424,-0.1968792018,
1808581097,0.2749363877,-0.1969898798,
1808781117,0.2755146477,-0.1978587013,
1808981136,0.2755866304,-0.198426966,
1809181156,0.2761932942,-0.1991173213,
1809381176,0.276515494,-0.1994319088,
1809581196,0.2760852207,-0.2002700714,
1809781215,0.277072216,-0.2000555771,
1809981235,0.2768094727,-0.2004306973,
1810181255,0.2776216699,-0.2012276126,
1810381275,0.2776882053,-0.2015651869,
1810581294,0.2770790698,-0.2026583685,
1810781314,0.2781008378,-0.2028819828,
1810981334,0.2786949439,-0.2029732481,
1811181354,0.2785805144,-0.2037086355,
1811381373,0.2785052978,-0.2036189894,
1811581393,0.2789945831,-0.2048914414,
1811781413,0.27931226,-0.2051638135,
1811981433,0.2790592509,-0.2054242528,
1812181452,0.2792654104,-0.2058767523,
1812381472,0.2792243387,-0.2066185544,
1812581492,0.2797165848,-0.2065401144,
1812781512,0.2789793351,-0.2070938017,
1812981531,0.2797148571,-0.2073348299,
1813181551,0.2797369055,-0.2082504773,
1813381571,0.2801891821,-0.2080451748,
1813581591,0.280727682,-0.2084672276,
1813781610,0.2802147068,-0.2090649121,
1813981630,0.2808308712,-0.2096267724,
1814181650,0.2808654298,-0.2101617305,
1814381670,0.2813368541,-0.2109446653,
1814581689,0.2809836521,-0.2109440096,
1814781709,0.2810454908,-0.2113578303,
1814981729,0.2815634839,-0.2116712081,
1815181749,0.2818359197,-0.2120726121,
1815381768,0.2812633981,-0.2122191138,
1815581788,0.2821609142,-0.2129389571,
1815781808,0.282130778,-0.2140072447,
1815981828,0.2817705868,-0.2145203765,
1816181847,0.28230751,-0.2142193111,
1816381867,0.2822721367,-0.214593921,
1816581887,0.2827601511,-0.2146112909,
1816781907,0.282927141,-0.2156341086,
1816981926,0.2830445327,-0.2161619693,
1817181946,0.2831353409,-0.216874603,
1817381966,0.2831644628,-0.2165956386,
1817581986,0.2835325768,-0.2172325875,
1817782005,0.2839930139,-0.2178546203,
1817982025,0.2846523874,-0.218312082,
1818182045,0.2842829901,-0.2188503547,
1818382065,0.2847641681,-0.2193319351,
1818582084,0.2855224868,-0.2202663198,
1818782104,0.2854637014,-0.2208088961,
1818982124,0.2851232303,-0.2209154224,
1819182144,0.2855858361,-0.2215596021,
1819382163,0.2861436993,-0.2223667046,
1819582183,0.2853483779,-0.2232338625,
1819782203,0.286061734,-0.223592469,
1819982223,0.2861997975,-0.2242629019,
1820182242,0.2857573213,-0.2250735101,
1820382262,0.2857412102,-0.2258588979,
1820582282,0.2864573449,-0.226407737,
1820782302,0.286124402,-0.2269833652,
1820982321,0.2856562536,-0.2275761928,
1821182341,0.2857176781,-0.2285295782,
1821382361,0.2856281906,-0.2292801051,
1821582381,0.2860519898,-0.2300063234,
1821782400,0.2856048105,-0.2298113244,
1821982420,0.2858560458,-0.2314492917,
1822182440,0.2852078262,-0.2318104763,
1822382460,0.2848347774,-0.2319415752,
1822582479,0.2848648142,-0.2326978176,
1822782499,0.2841883919,-0.232373698,
1822982519,0.2841079395,-0.2333096836,
1823182539,0.2841808643,-0.2337620273,
1823382558,0.2835420909,-0.2340513842,
1823582578,0.2835105701,-0.2343455927,
1823782598,0.2831400209,-0.234686567,
1823982618,0.2837620689,-0.2348932905,
1824182637,0.2835994874,-0.2346274022,
1824382657,0.2837619596,-0.235044705,
1824582677,0.2837164845,-0.2355381678,
1824782697,0.283450421,-0.2358212683,
1824982716,0.2839426704,-0.236002167,
1825182736,0.2835824231,-0.2360641125,
1825382756,0.2844470987,-0.2365330045,
1825582776,0.2835875544,-0.237366506,
1825782795,0.2835607059,-0.2375653879,
1825982815,0.2839747887,-0.2384215317,
1826182835,0.2835407965,-0.2389645246,
1826382855,0.2844543402,-0.2395738554,
1826582874,0.2842872426,-0.2396047579,
1826782894,0.2844646484,-0.2411055149,
1826982914,0.2844570844,-0.2410632646,
1827182934,0.2838756793,-0.2420739073,
1827382954,0.2841590794,-0.2423143774,
1827582973,0.2845818956,-0.2427903713,
1827782993,0.2844405996,-0.2428880104,
1827983013,0.2842256317,-0.2434042133,
1828183033,0.2834201036,-0.2439389294,
1828383052,0.2836086856,-0.2445149444,
1828583072,0.2839199942,-0.2448068727,
1828783092,0.2831011502,-0.2448056675,
1828983112,0.2833092319,-0.2454181271,
1829183131,0.2832232195,-0.2458434285,
1829383151,0.2827692359,-0.2461434805,
1829583171,0.2827269225,-0.2465856262,
1829783191,0.2830925917,-0.2467434333,
1829983210,0.2835400388,-0.2476428737,
1830183230,0.2829188617,-0.2476104666,
1830383250,0.2828712571,-0.2481340416,
1830583270,0.2832992278,-0.248809211,
1830783289,0.2834606108,-0.2493367334,
1830983309,0.282926534,-0.2495101945,
1831183329,0.2825179707,-0.2504148717,
1831383349,0.2831374378,-0.2509279556,
1831583368,0.2826153519,-0.2514388033,
1831783388,0.2826630463,-0.2517133828,
1831983408,0.2830034705,-0.2522249884,
1832183428,0.2819810508,-0.2525114572,
1832383447,0.2816997043,-0.253404727,
1832583467,0.2818823057,-0.2541847481,
1832783487,0.2818062189,-0.254520144,
1832983507,0.2812052525,-0.2546531076,
1833183526,0.2809287932,-0.2550723748,
1833383546,0.280910738,-0.2560024256,
1833583566,0.2809389554,-0.2558634007,
1833783586,0.2794491829,-0.2555592275,
1833983605,0.2805307631,-0.2560125135,
1834183625,0.2798411715,-0.2567745918,
1834383645,0.2792024693,-0.2565497879,
1834583665,0.2793568381,-0.2565618194,
1834783684,0.2783843054,-0.2570067035,
1834983704,0.2794001175,-0.2567049834,
1835183724,0.2793076769,-0.2569325795,
1835383744,0.2797083112,-0.257092964,
1835583763,0.2790539544,-0.2577068433,
1835783783,0.2788111345,-0.258182107,
1835983803,0.2793113788,-0.2574401724,
1836183823,0.2785782695,-0.2579168449,
1836383842,0.2790810021,-0.2581039158,
1836583862,0.2786057994,-0.2586762761,
1836783882,0.2789850732,-0.2592519433,
1836983902,0.2792052787,-0.2587640329,
1837183921,0.2793120894,-0.2590256387,
1837383941,0.2785724967,-0.2592004017,
1837583961,0.2792723236,-0.2596431962,
1837783981,0.2796183039,-0.2594970977,
1837984000,0.2798411442,-0.2602195321,
1838184020,0.2799253031,-0.2605247408,
1838384040,0.2801870748,-0.2609244094,
1838584060,0.2804289724,-0.2613340851,
1838784079,0.2800215968,-0.2613596689,
1838984099,0.2801715272,-0.2622184361,
1839184119,0.2803951381,-0.2621845266,
1839384139,0.2805647041,-0.2630388038,
1839584158,0.2812721382,-0.2632987085,
1839784178,0.2808456406,-0.2641368424,
1839984198,0.2808718899,-0.2646736189,
1840184218,0.280341199,-0.2650008573,
1840384237,0.2809275827,-0.265971115,
1840584257,0.2804508528,-0.2656829795,
1840784277,0.2804033248,-0.2666392587,
1840984297,0.2811529636,-0.2676969408,
1841184316,0.2808571722,-0.2682837179,
1841384336,0.2805590901,-0.2683293452,
1841584356,0.2800895458,-0.2681554012,
1841784376,0.2799099429,-0.2691620965,
1841984395,0.2795204272,-0.2697396619,
1842184415,0.2795862392,-0.269611407,
1842384435,0.2794296939,-0.270511448,
1842584455,0.2787748352,-0.2710862676,
1842784474,0.2787133863,-0.2711990363,
1842984494,0.2782977307,-0.2722019611,
1843184514,0.2777471116,-0.2720925323,
1843384534,0.2781075944,-0.2728162886,
1843584553,0.2774004501,-0.2726465387,
1843784573,0.276765873,-0.2731300904,
1843984593,0.2771441121,-0.2730129145,
1844184613,0.2758463895,-0.2733839411,
1844384632,0.2757219471,-0.2736931516,
1844584652,0.2762230826,-0.2735004687,
1844784672,0.2751737373,-0.2732474753,
1844984692,0.2751294718,-0.2730535835,
1845184711,0.2749011103,-0.27245553,
1845384731,0.2755098817,-0.272842561,
1845584751,0.2748172097,-0.2725463894,
1845784771,0.2754896968,-0.2722153165,
1845984790,0.2754262328,-0.2722219813,
1846184810,0.2750169354,-0.2715440043,
1846384830,0.2758417638,-0.2714947712,
1846584850,0.27618376,-0.2715177956,
1846784869,0.2773197511,-0.2716558525,
1846984889,0.2766463523,-0.2714951067,
1847184909,0.2768769894,-0.2718816923,
1847384929,0.2780730388,-0.27167051,
1847584948,0.2783809277,-0.2725708406,
1847784968,0.2790702965,-0.272306732,
1847984988,0.2796838178,-0.273285766,
1848185008,0.2796853909,-0.2734754306,
1848385027,0.2795058574,-0.273006949,
1848585047,0.2810135161,-0.2736378115,
1848785067,0.2807613787,-0.2742931497,
1848985087,0.2805902725,-0.2746399584,
1849185106,0.2810383274,-0.2749604418,
1849385126,0.2820588803,-0.2758281802,
1849585146,0.2820341612,-0.2766751946,
1849785166,0.282326569,-0.2769369032,
1849985185,0.2828643954,-0.2769172393,
1850185205,0.2827829799,-0.2785805645,
1850385225,0.2833256728,-0.2784627908,
1850585245,0.2838117491,-0.2787645548,
1850785264,0.2835394808,-0.2794139552,
1850985284,0.2832693877,-0.280544462,
1851185304,0.2836301489,-0.280615151,
1851385324,0.2842098534,-0.2815696122,
1851585343,0.2840329267,-0.2821373915,
1851785363,0.2841063007,-0.2821923811,
1851985383,0.284352926,-0.2829891526,
1852185403,0.2853512088,-0.2838278299,
1852385423,0.284569592,-0.2843338567,
1852585442,0.2851018503,-0.2848054201,
1852785462,0.2847245916,-0.2857925195,
1852985482,0.2855436261,-0.2861215488,
1853185502,0.2857958211,-0.2861263731,
1853385521,0.2854269263,-0.2869957983,
1853585541,0.2863596936,-0.2874177418,
1853785561,0.2855521355,-0.2881103086,
1853985581,0.2856801594,-0.289591066,
1854185600,0.2857139719,-0.28985573,
1854385620,0.2855731861,-0.2894201471,
1854585640,0.2862598304,-0.2908562629,
1854785660,0.2857912926,-0.291172794,
1854985679,0.286136971,-0.2926237706,
1855185699,0.2862033031,-0.2930547033,
1855385719,0.2852444284,-0.2938999907,
1855585739,0.2855123438,-0.2941398511,
1855785758,0.2853285312,-0.2941978596,
1855985778,0.2856204441,-0.2950048093,
1856185798,0.2854600291,-0.2953138825,
1856385818,0.2854143995,-0.2960860513,
1856585837,0.2853977257,-0.2969935407,
1856785857,0.2855070028,-0.2969108309,
1856985877,0.285290123,-0.2977764136,
1857185897,0.285294058,-0.2978338391,
1857385916,0.2849077874,-0.2985054223,
1857585936,0.2846914017,-0.298991763,
1857785956,0.2852799601,-0.2994630726,
1857985976,0.2848519679,-0.300346774,
1858185995,0.2855838904,-0.3002237099,
1858386015,0.2853513963,-0.3014386497,
1858586035,0.2854507364,-0.3012445347,
1858786055,0.2855527363,-0.3024002874,
1858986074,0.2858954147,-0.3026895267,
1859186094,0.2851253059,-0.3033634444,
1859386114,0.285910481,-0.3044548963,
1859586134,0.2858125267,-0.3043660256,
1859786153,0.2854904751,-0.3049324968,
1859986173,0.2861427857,-0.3056888111,
1860186193,0.2854483369,-0.3063509934,
1860386213,0.2860354406,-0.3071500016,
1860586232,0.2856213752,-0.3079719364,
1860786252,0.2860560681,-0.3083956593,
1860986272,0.2861517011,-0.3087519971,
1861186292,0.2853760196,-0.3102031784,
1861386311,0.2856730542,-0.310742251,
1861586331,0.2854938335,-0.311012636,
1861786351,0.2854799917,-0.3118018717,
1861986371,0.2856006857,-0.3128498358,
1862186390,0.2849681459,-0.3133418017,
1862386410,0.2861415036,-0.3142449843,
1862586430,0.2851772029,-0.3148858836,
1862786450,0.2849947027,-0.3155087177,
1862986469,0.2845997282,-0.3161377086,
1863186489,0.2843442658,-0.3171591818,
1863386509,0.2841491364,-0.3174331138,
1863586529,0.2840562567,-0.3178556761,
1863786548,0.2835977466,-0.3187963319,
1863986568,0.2834050063,-0.3188989556,
1864186588,0.2832120378,-0.3193170417,
1864386608,0.28212986,-0.3207512322,
1864586627,0.2823510262,-0.3210509056,
1864786647,0.2819042717,-0.3217181533,
1864986667,0.2815809019,-0.3218046839,
1865186687,0.2813498096,-0.3231559773,
1865386706,0.2803076282,-0.3233569672,
1865586726,0.2811883022,-0.3232692898,
1865786746,0.2799486256,-0.3232848345,
1865986766,0.2803890613,-0.3236639057,
1866186785,0.2803910007,-0.3241002341,
1866386805,0.279840732,-0.3239652451,
1866586825,0.2797047803,-0.324151522,
1866786845,0.2788344434,-0.3248072629,
1866986864,0.2793708849,-0.3246573993,
1867186884,0.2791089761,-0.3250638695,
1867386904,0.2790228122,-0.3253594856,
1867586924,0.2787759554,-0.3259123209,
1867786943,0.2792116494,-0.3257950384,
1867986963,0.2783227589,-0.3264360852,
1868186983,0.2797006976,-0.3272538503,
1868387003,0.2788664158,-0.3276536137,
1868587022,0.2792521018,-0.3283798935,
1868787042,0.2796331477,-0.3280753716,
1868987062,0.2800556271,-0.3286690427,
1869187082,0.2789658658,-0.3291220935,
1869387101,0.2791015776,-0.3299614327,
1869587121,0.2786852177,-0.3305498973,
1869787141,0.2789861537,-0.3306169236,
1869987161,0.2789396635,-0.3312138572,
1870187180,0.2793759857,-0.3318932514,
1870387200,0.2790992568,-0.3330285927,
1870587220,0.2790518737,-0.333172378,
1870787240,0.2798771269,-0.333831656,
1870987259,0.2790243032,-0.3352148157,
1871187279,0.2788424283,-0.3350339577,
1871387299,0.2789789098,-0.3364461414,
1871587319,0.2788224445,-0.3363870381,
1871787338,0.2787032165,-0.3377297626,
1871987358,0.27929319,-0.3379456391,
1872187378,0.2784960181,-0.3381762417,
1872387398,0.2786620283,-0.3391727909,
1872587417,0.2785925514,-0.3396773591,
1872787437,0.2781334583,-0.3397913689,
1872987457,0.2776757373,-0.3409794,
1873187477,0.2774783347,-0.3412702653,
1873387496,0.2778775614,-0.3417976517,
1873587516,0.2770327059,-0.3428248591,
1873787536,0.2775699702,-0.3429273131,
1873987556,0.2770574925,-0.343444611,
1874187575,0.276682315,-0.344488415,
1874387595,0.2765391488,-0.3445535076,
1874587615,0.2756890234,-0.3454434353,
1874787635,0.2754900595,-0.3464024684,
1874987654,0.2754707595,-0.3465029076,
1875187674,0.2761823663,-0.3475803047,
1875387694,0.2748812172,-0.3471441877,
1875587714,0.2749329002,-0.3478204602,
1875787733,0.2749884285,-0.34864553,
1875987753,0.2732408093,-0.3492268121,
1876187773,0.2741290262,-0.3487839367,
1876387793,0.2738434334,-0.3503519259,
1876587812,0.2739795646,-0.3505824621,
1876787832,0.2742012226,-0.3506528247,
1876987852,0.2738890505,-0.3506864079,
1877187872,0.2738784384,-0.3517804565,
1877387892,0.272580588,-0.3519493889,
1877587911,0.2722048943,-0.3532159552,
1877787931,0.2731520115,-0.3536551848,
1877987951,0.2731061088,-0.3538202402,
1878187971,0.2722796004,-0.3540874466,
1878387990,0.2729369571,-0.3546546678,
1878588010,0.2723065717,-0.3558479798,
1878788030,0.2727323532,-0.3567739349,
1878988050,0.2718674448,-0.3566912633,
1879188069,0.2722888617,-0.3579828689,
1879388089,0.2721316704,-0.357723577,
1879588109,0.2713650746,-0.3599192526,
1879788129,0.2721630948,-0.3598589608,
1879988148,0.2712291834,-0.3600095041,
1880188168,0.2714786852,-0.3610273303,
1880388188,0.2711744866,-0.3608253076,
1880588208,0.2706000353,-0.3619939951,
1880788227,0.2707239257,-0.3622556162,
1880988247,0.2702259405,-0.3630416431,
1881188267,0.2699939462,-0.3627837373,
1881388287,0.2695490246,-0.3635508134,
1881588306,0.2687595554,-0.3640329042,
1881788326,0.2691747004,-0.3646263857,
1881988346,0.268578855,-0.3648331335,
1882188366,0.2682236931,-0.3665192348,
1882388385,0.2679517132,-0.3662552558,
1882588405,0.267996975,-0.3669164569,
1882788425,0.2670591156,-0.3676568286,
1882988445,0.2675497669,-0.3676035928,
1883188464,0.2676518031,-0.368882424,
1883388484,0.2668765101,-0.3684448578,
1883588504,0.2669483435,-0.3699482256,
1883788524,0.2663700261,-0.370080857,
1883988543,0.2653947947,-0.3706509174,
1884188563,0.2653646862,-0.3719055723,
1884388583,0.265634669,-0.3719676099,
1884588603,0.2650322258,-0.3723213263,
1884788622,0.2646029636,-0.3725678916,
1884988642,0.2654062778,-0.3731976023,
1885188662,0.2642708973,-0.3728634832,
1885388682,0.2631672828,-0.3744180696,
1885588701,0.2636462962,-0.3743976826,
1885788721,0.263372945,-0.3755729295,
1885988741,0.2630703121,-0.3760251315,
1886188761,0.2625852799,-0.3756392293,
1886388780,0.2626405313,-0.3766350614,
1886588800,0.2626491369,-0.3767534184,
1886788820,0.2619846735,-0.3773827204,
1886988840,0.2623530024,-0.3777126394,
1887188859,0.2616252255,-0.3779788581,
1887388879,0.2620912637,-0.3787086828,
1887588899,0.2618059219,-0.3789693147,
1887788919,0.2618669259,-0.3799632037,
1887988938,0.2607814625,-0.3800746942,
1888188958,0.2619793057,-0.3814657882,
1888388978,0.2614960557,-0.3817693299,
1888588998,0.2610015904,-0.3817567713,
1888789017,0.2612993803,-0.381756667,
1888989037,0.26125762,-0.3832550188,
1889189057,0.2611735016,-0.3834694097,
1889389077,0.2613229162,-0.3849654078,
1889589096,0.2614157081,-0.3858830277,
1889789116,0.2611871554,-0.3855709642,
1889989136,0.2608929925,-0.387065399,
1890189156,0.2600187617,-0.3882033858,
1890389175,0.2601870828,-0.3890906739,
1890589195,0.2604797484,-0.3892317311,
1890789215,0.2606730645,-0.3911590782,
1890989235,0.2601243201,-0.3911549988,
1891189254,0.2599713027,-0.39203399,
1891389274,0.2598347892,-0.392721972,
1891589294,0.2586358335,-0.3942856617,
1891789314,0.2590152282,-0.3955614062,
1891989333,0.2577843554,-0.3957395712,
1892189353,0.2575168767,-0.3969717046,
1892389373,0.257545923,-0.3974464501,
1892589393,0.2565917435,-0.3981480292,
1892789412,0.2556639375,-0.4000767965,
1892989432,0.2553677857,-0.4007448807,
1893189452,0.2557969861,-0.4011257486,
1893389472,0.2538881153,-0.4017849258,
1893589491,0.2540342137,-0.4026799849,
1893789511,0.2526595317,-0.4040548912,
1893989531,0.2515406493,-0.4057569795,
1894189551,0.2511825643,-0.405794081,
1894389570,0.2508121945,-0.4056009105,
1894589590,0.2497054294,-0.4069366613,
1894789610,0.249075449,-0.4077315599,
1894989630,0.2482571336,-0.4080558639,
1895189649,0.2467176334,-0.4083981395,
1895389669,0.2460219041,-0.4085844567,
1895589689,0.2454879746,-0.4103865149,
1895789709,0.2444620422,-0.410877748,
1895989728,0.2434741916,-0.4107716652,
1896189748,0.2428302658,-0.4116901284,
1896389768,0.2414963361,-0.4116037468,
1896589788,0.2405929197,-0.4131115234,
1896789807,0.239596779,-0.4137154525,
1896989827,0.2382315766,-0.4125308319,
1897189847,0.2385508888,-0.4123165375,
1897389867,0.2373714513,-0.4128152946,
1897589886,0.2359276886,-0.413428517,
1897789906,0.2352054038,-0.4138643919,
1897989926,0.234498365,-0.414331053,
1898189946,0.2341431815,-0.4140560775,
1898389965,0.2334515935,-0.4143447105,
1898589985,0.2320109382,-0.4140954195,
1898790005,0.2322794468,-0.4147259614,
1898990025,0.2311186027,-0.4144422737,
1899190044,0.2304271608,-0.4155176948,
1899390064,0.2289703143,-0.4152951738,
1899590084,0.2285318047,-0.4149464048,
1899790104,0.2281902573,-0.4157530273,
1899990123,0.2271194267,-0.4139904564,
1900190143,0.2262469056,-0.4159895747,
1900390163,0.2265265495,-0.4158923754,
1900590183,0.2262850388,-0.4158551754,
1900790202,0.2260342075,-0.4148885736,
1900990222,0.2249506469,-0.415537862,
1901190242,0.2229999281,-0.4150313017,
1901390262,0.2236945691,-0.4153716683,
1901590282,0.2227277337,-0.4157926128,
1901790301,0.2226323487,-0.4152940084,
1901990321,0.2221313277,-0.4150370143,
1902190341,0.221661759,-0.4151960002,
1902390361,0.2218485768,-0.4153611466,
1902590380,0.2205984327,-0.415810376,
1902790400,0.2215419221,-0.4152300234,
1902990420,0.2193251768,-0.4162443048,
1903190440,0.2196621236,-0.4156106228,
1903390459,0.2200373449,-0.414269061,
1903590479,0.2196720579,-0.4161401819,
1903790499,0.2179540078,-0.4153395461,
1903990519,0.2174610561,-0.4156826175,
1904190538,0.2178613704,-0.4147659054,
1904390558,0.2177836371,-0.4160034757,
1904590578,0.2175417705,-0.4158029026,
1904790598,0.2174528944,-0.4154621159,
1904990617,0.2171329955,-0.4151501492,
1905190637,0.2169816556,-0.4150871504,
1905390657,0.2162594777,-0.4153769986,
1905590677,0.2168250133,-0.4155288777,
1905790696,0.2158928388,-0.4154832437,
1905990716,0.2161518535,-0.4162825147,
1906190736,0.2158921013,-0.4165732784,
1906390756,0.2152497475,-0.4169326401,
1906590775,0.2151711445,-0.4169852871,
1906790795,0.2152739024,-0.4164182129,
1906990815,0.2142553779,-0.4181478791,
1907190835,0.2155371311,-0.4165164126,
1907390854,0.2155999495,-0.4164842801,
1907590874,0.2155208459,-0.4176544642,
1907790894,0.2142147681,-0.4178025674,
1907990914,0.2152931576,-0.4189519744,
1908190933,0.2137018349,-0.4187450847,
1908390953,0.2139942041,-0.4194312168,
1908590973,0.2128417286,-0.4188688603,
1908790993,0.2136226747,-0.4193205526,
1908991012,0.2132100934,-0.419506772,
1909191032,0.2127194081,-0.4204475873,
1909391052,0.2132119771,-0.4201663275,
1909591072,0.2131708188,-0.4210689016,
1909791091,0.2128383541,-0.4216326887,
1909991111,0.2125168316,-0.4206376062,
1910191131,0.212103782,-0.4214898968,
1910391151,0.2120039073,-0.4226628904,
1910591170,0.2123322944,-0.4213230664,
1910791190,0.2115031978,-0.4225311094,
1910991210,0.2110088481,-0.4227696837,
1911191230,0.2122777111,-0.4224643043,
1911391249,0.2115157922,-0.4232634767,
1911591269,0.210052381,-0.4239014258,
1911791289,0.2115540864,-0.4238745255,
1911991309,0.2101036162,-0.4229754963,
1912191328,0.2098539489,-0.4252039994,
1912391348,0.2094735335,-0.4249329708,
1912591368,0.2107550179,-0.4248344335,
1912791388,0.2103001012,-0.424728344,
1912991407,0.2105878891,-0.4251787829,
1913191427,0.2094487793,-0.4269202824,
1913391447,0.2106714934,-0.4255988998,
1913591467,0.2096273224,-0.4268501677,
1913791486,0.209956943,-0.4270534579,
1913991506,0.2083501351,-0.4279103976,
1914191526,0.2086139048,-0.4284534876,
1914391546,0.2085149499,-0.4290808468,
1914591565,0.2089213347,-0.4281623645,
1914791585,0.2082251998,-0.4291413374,
1914991605,0.208499284,-0.4291524508,
1915191625,0.2081764396,-0.4302463966,
1915391644,0.2069141091,-0.4313887046,
1915591664,0.2074574388,-0.4306835133,
1915791684,0.2078189234,-0.4315973521,
1915991704,0.2063086972,-0.432223434,
1916191723,0.2069902596,-0.4319242025,
1916391743,0.2071477419,-0.4341671123,
1916591763,0.2069155645,-0.4338633514,
1916791783,0.2072242179,-0.435146754,
1916991802,0.2074469018,-0.4343514416,
1917191822,0.2050418072,-0.4350258188,
1917391842,0.2061684369,-0.4366771963,
1917591862,0.2054000571,-0.4374193909,
1917791881,0.2060551389,-0.4376113934,
1917991901,0.2043983601,-0.4375199894,
1918191921,0.2050781613,-0.4380250632,
1918391941,0.2039455672,-0.439161831,
1918591960,0.2037423594,-0.4396179473,
1918791980,0.2036248418,-0.4393461472,
1918992000,0.2033266931,-0.4413579333,
1919192020,0.2039799763,-0.4403181991,
1919392039,0.2023895353,-0.4409332136,
1919592059,0.2031141536,-0.4417050017,
1919792079,0.2018766928,-0.4431474941,
1919992099,0.2020653268,-0.4438490398,
1920192118,0.2023677269,-0.4437231609,
1920392138,0.2011074314,-0.4437903917,
1920592158,0.2013894113,-0.4451303376,
1920792178,0.2000308855,-0.4444862945,
1920992197,0.1999908422,-0.4452645765,
1921192217,0.199581286,-0.4471854252,
1921392237,0.1991297587,-0.4481822965,
1921592257,0.198554766,-0.4487705503,
1921792276,0.1980652481,-0.4492525457,
1921992296,0.1969554123,-0.4485997716,
1922192316,0.1973511884,-0.4495127374,
1922392336,0.1973330528,-0.4495675671,
1922592355,0.1954393934,-0.4508308397,
1922792375,0.196207987,-0.4508032974,
1922992395,0.1964195862,-0.4520319075,
1923192415,0.1948196507,-0.4524922553,
1923392434,0.1933516982,-0.4534799276,
1923592454,0.1939343296,-0.4533990176,
1923792474,0.1934221765,-0.4535615397,
1923992494,0.1924605828,-0.4544487423,
1924192513,0.1916439109,-0.455345069,
1924392533,0.1919316416,-0.4560121802,
1924592553,0.1901705041,-0.4555639321,
1924792573,0.1907958169,-0.4557502248,
1924992592,0.1911146434,-0.4570183651,
1925192612,0.1898856854,-0.4576629712,
1925392632,0.1899357292,-0.4581628417,
1925592652,0.1888411586,-0.4577932931,
1925792671,0.1872931844,-0.4585699765,
1925992691,0.1871420918,-0.4590089358,
1926192711,0.1869792836,-0.4601041515,
1926392731,0.1878921932,-0.4590763152,
1926592751,0.1854569946,-0.4618113817,
1926792770,0.1858610992,-0.4621759525,
1926992790,0.1848763357,-0.4614525741,
1927192810,0.183341583,-0.4621818463,
1927392830,0.1824278627,-0.4618926898,
1927592849,0.1831210114,-0.4625538085,
1927792869,0.181452746,-0.4628965079,
1927992889,0.1820338985,-0.464140198,
1928192909,0.1815836437,-0.463327985,
1928392928,0.1796835406,-0.4652742971,
1928592948,0.1802685503,-0.4656072517,
1928792968,0.1792630386,-0.4657661109,
1928992988,0.1780274755,-0.4660462776,
1929193007,0.1782257758,-0.4668174443,
1929393027,0.1766273414,-0.4677663292,
1929593047,0.175668638,-0.4675988144,
1929793067,0.175941063,-0.4678485808,
1929993086,0.1753041079,-0.4687700932,
1930193106,0.174291899,-0.4681322935,
1930393126,0.1740469902,-0.4699157893,
1930593146,0.1731338534,-0.4709413252,
1930793165,0.1718990324,-0.4704679363,
1930993185,0.1710587459,-0.4706672429,
1931193205,0.1718511326,-0.4708164583,
1931393225,0.1696423397,-0.4709939172,
1931593244,0.1699301895,-0.4704010958,
1931793264,0.1689846867,-0.4715950382,
1931993284,0.1674745554,-0.4710522384,
1932193304,0.1662519539,-0.4725159745,
1932393323,0.1658859678,-0.4710414701,
1932593343,0.1656260411,-0.4731537665,
1932793363,0.1640548772,-0.4727481466,
1932993383,0.165166838,-0.4718713473,
1933193402,0.1639502068,-0.4734230987,
1933393422,0.1623985151,-0.4724795803,
1933593442,0.1613099533,-0.4738093685,
1933793462,0.1606507051,-0.4732676596,
1933993481,0.1603236616,-0.4730133076,
1934193501,0.1593000393,-0.473853448,
1934393521,0.158229251,-0.4744061712,
1934593541,0.1560169561,-0.4742852458,
1934793560,0.1566484963,-0.4735890335,
1934993580,0.156860423,-0.4743413896,
1935193600,0.1560257387,-0.4736095358,
1935393620,0.1551842338,-0.4738960751,
1935593639,0.1534564864,-0.4747243267,
1935793659,0.153719036,-0.474246599,
1935993679,0.1534066824,-0.4749920923,
1936193699,0.1517248039,-0.4746993487,
1936393718,0.1511747307,-0.4750355584,
1936593738,0.1526588663,-0.4746132591,
1936793758,0.1521412134,-0.4737287023,
1936993778,0.1509734861,-0.4743255809,
1937193797,0.1490086823,-0.4745376239,
1937393817,0.1487413363,-0.4744411705,
1937593837,0.1484665462,-0.4758039918,
1937793857,0.1474762561,-0.474692459,
1937993876,0.1476096153,-0.4734954119,
1938193896,0.1482856274,-0.4740012214,
1938393916,0.1477818762,-0.4740832364,
1938593936,0.1465798507,-0.4749562825,
1938793955,0.1468636026,-0.4748413446,
1938993975,0.1468577332,-0.474574297,
1939193995,0.1455897585,-0.4752599111,
1939394015,0.1457327815,-0.474306504,
1939594034,0.1451471272,-0.4753620873,
1939794054,0.1458597478,-0.4769779843,
1939994074,0.1438001855,-0.4753367024,
1940194094,0.1449512442,-0.4754186762,
1940394113,0.1433801884,-0.4771633537,
1940594133,0.1441638624,-0.4772405576,
1940794153,0.145007784,-0.4767388217,
1940994173,0.1437782477,-0.476436517,
1941194192,0.1439613447,-0.4784712191,
1941394212,0.1428707273,-0.478022541,
1941594232,0.1419454395,-0.4779136908,
1941794252,0.1427173547,-0.4788650804,
1941994271,0.1411010206,-0.4794118541,
1942194291,0.1396127275,-0.4797656061,
1942394311,0.1402623198,-0.481062067,
1942594331,0.1401771047,-0.4812039964,
1942794350,0.1387935098,-0.4813079895,
1942994370,0.1385466586,-0.4828229896,
1943194390,0.1380026704,-0.4823687509,
1943394410,0.1376561223,-0.4826196131,
1943594429,0.1368837707,-0.4824557488,
1943794449,0.1348525438,-0.483323613,
1943994469,0.1360801931,-0.484484394,
1944194489,0.1347249444,-0.4852385869,
1944394508,0.1338539859,-0.4850256042,
1944594528,0.1319254887,-0.4843252763,
1944794548,0.1322167628,-0.4848731643,
1944994568,0.1317477657,-0.4846234088,
1945194587,0.1290834804,-0.4864382449,
1945394607,0.1294133855,-0.4863220557,
1945594627,0.1293861298,-0.4862151952,
1945794647,0.1281971592,-0.4865544892,
1945994666,0.1272603239,-0.4852662012,
1946194686,0.1268148111,-0.4863036708,
1946394706,0.1262543907,-0.4861411169,
1946594726,0.1259489962,-0.4866000178,
1946794745,0.1252820062,-0.4861976086,
1946994765,0.1240706385,-0.4870101669,
1947194785,0.1240648553,-0.4870256306,
1947394805,0.1224696685,-0.4872308981,
1947594824,0.1238704332,-0.4876306339,
1947794844,0.1222070993,-0.4873834829,
1947994864,0.1216155625,-0.4874809343,
1948194884,0.1218500978,-0.4866986917,
1948394903,0.1216339503,-0.4872443818,
1948594923,0.1204625264,-0.4865786078,
1948794943,0.1196110724,-0.4880249705,
1948994963,0.1194797149,-0.4876165555,
1949194982,0.1199150448,-0.4881353063,
1949395002,0.118821479,-0.4894309614,
1949595022,0.1167135414,-0.488646399,
1949795042,0.1156816886,-0.4887763244,
1949995061,0.1144704386,-0.490100654,
1950195081,0.1143923021,-0.4884958148,
1950395101,0.114589774,-0.4901367084,
1950595121,0.1123027223,-0.4890925606,
1950795141,0.113548792,-0.4895072279,
1950995160,0.1116643449,-0.4909426775,
1951195180,0.1114931475,-0.4915814297,
1951395200,0.1091545265,-0.4893955033,
1951595220,0.1091967455,-0.4907330917,
1951795239,0.1097400731,-0.4908691932,
1951995259,0.1082086882,-0.4885066341,
1952195279,0.1074558932,-0.4895005055,
1952395299,0.1069345868,-0.4886995583,
1952595318,0.1063039755,-0.4899282609,
1952795338,0.1062888229,-0.4895804155,
1952995358,0.1043197941,-0.4889111682,
1953195378,0.1047346318,-0.4885823483,
1953395397,0.1043537154,-0.4907078852,
1953595417,0.1052814649,-0.4891124259,
1953795437,0.104778587,-0.4886695828,
1953995457,0.1030526467,-0.4891171891,
1954195476,0.1036348861,-0.4887200849,
1954395496,0.1036095093,-0.4909654156,
1954595516,0.1031683017,-0.4896654036,
1954795536,0.1014934681,-0.4903064314,
1954995555,0.1018008305,-0.4910944574,
1955195575,0.1010975482,-0.4906297353,
1955395595,0.1007343456,-0.492150423,
1955595615,0.09994171724,-0.4910061102,
1955795634,0.1005087811,-0.4920441504,
1955995654,0.09888017181,-0.4929419343,
1956195674,0.09781879708,-0.4942410965,
1956395694,0.09747577743,-0.4920375905,
1956595713,0.09807455856,-0.4932293525,
1956795733,0.09647848836,-0.4931234116,
1956995753,0.09621848211,-0.4929288644,
1957195773,0.09552227171,-0.4936010615,
1957395792,0.09444056658,-0.4948800899,
1957595812,0.09404898324,-0.4937275267,
1957795832,0.09274220483,-0.4948470838,
1957995852,0.09226451462,-0.4959709925,
1958195871,0.09009964895,-0.4943888594,
1958395891,0.08959586916,-0.494259649,
1958595911,0.09033850117,-0.4957901931,
1958795931,0.08787766021,-0.4951002034,
1958995950,0.08859477301,-0.4963349588,
1959195970,0.0875497745,-0.4963346967,
1959395990,0.08611323737,-0.4962612133,
1959596010,0.08554826408,-0.4955834998,
1959796029,0.0855510679,-0.4963279608,
1959996049,0.08426477771,-0.4952673289,
1960196069,0.08144753632,-0.4961544639,
1960396089,0.08292875066,-0.4962718966,
1960596108,0.08175088857,-0.4958445071,
1960796128,0.08201544926,-0.4965712956,
1960996148,0.07953338393,-0.4950516351,
1961196168,0.07946506468,-0.4953910988,
1961396187,0.07848111153,-0.4962857053,
1961596207,0.07842368503,-0.4944892719,
1961796227,0.07742822072,-0.4959109656,
1961996247,0.07545877381,-0.4952481336,
1962196266,0.0770265098,-0.4942347852,
1962396286,0.07539684779,-0.494117666,
1962596306,0.07491215414,-0.4949200082,
1962796326,0.07308547733,-0.4940357914,
1962996345,0.07381863877,-0.4949471858,
1963196365,0.07178939166,-0.4946637608,
1963396385,0.07135790148,-0.4942284982,
1963596405,0.07080033773,-0.4935831433,
1963796424,0.07098877612,-0.493464965,
1963996444,0.06804576341,-0.4934337904,
1964196464,0.06965824196,-0.4938243769,
1964396484,0.0704135245,-0.4937781155,
1964596503,0.06708147409,-0.4936424597,
1964796523,0.06731717474,-0.4928080565,
1964996543,0.06835618502,-0.493917468,
1965196563,0.06792839773,-0.494193228,
1965396582,0.06557164113,-0.4924953699,
1965596602,0.06492989959,-0.4922235387,
1965796622,0.06504020529,-0.4924592645,
1965996642,0.06389907943,-0.4932920727,
1966196661,0.06498556786,-0.4929273912,
1966396681,0.06232620783,-0.4932885378,
1966596701,0.06279809834,-0.4919078634,
1966796721,0.06071485205,-0.4925545366,
1966996740,0.06038642183,-0.4931476023,
1967196760,0.06105820225,-0.4925016688,
1967396780,0.06060237977,-0.4927823444,
1967596800,0.05863869849,-0.4927868909,
1967796819,0.06033899693,-0.4922651541,
1967996839,0.05913052028,-0.49351532,
1968196859,0.05809350868,-0.4925529418,
1968396879,0.05673811412,-0.4933126814,
1968596898,0.05556408452,-0.4934780664,
1968796918,0.05333375211,-0.4919644137,
1968996938,0.05469401997,-0.4915480272,
1969196958,0.05297498737,-0.4913537184,
1969396977,0.05406225976,-0.4905684286,
1969596997,0.05278179081,-0.4909472143,
1969797017,0.05189562048,-0.4897299511,
1969997037,0.05086293558,-0.4903622333,
1970197056,0.05139015626,-0.4905089969,
1970397076,0.05241317301,-0.4902501641,
1970597096,0.05126185789,-0.4894393033,
1970797116,0.04944039498,-0.488525277,
1970997135,0.05020690744,-0.489958231,
1971197155,0.0497566722,-0.4896843155,
1971397175,0.04978769756,-0.4899074734,
1971597195,0.04811051077,-0.4885686671,
1971797214,0.04977955578,-0.4884878085,
1971997234,0.04969808654,-0.4881017313,
1972197254,0.04753821878,-0.4889255813,
1972397274,0.04688011174,-0.4882618958,
1972597293,0.04645473908,-0.4878642493,
1972797313,0.04806654207,-0.4891460872,
1972997333,0.04623035562,-0.4878130087,
1973197353,0.04644764577,-0.4873430067,
1973397372,0.04547515256,-0.4886785257,
1973597392,0.04532176752,-0.4862892728,
1973797412,0.04471871477,-0.4871587527,
1973997432,0.04355760826,-0.486847408,
1974197451,0.04549935674,-0.4876242479,
1974397471,0.04480090679,-0.4867701965,
1974597491,0.04286745282,-0.4886770655,
1974797511,0.04229442581,-0.4870003789,
1974997530,0.0423940867,-0.4870456393,
1975197550,0.0413270382,-0.4879084934,
1975397570,0.0411283112,-0.4881150816,
1975597590,0.04068756529,-0.4881070821,
1975797610,0.03982033297,-0.4878356142,
1975997629,0.0401071239,-0.486069363,
1976197649,0.04067707346,-0.486745282,
1976397669,0.03892370445,-0.4878028202,
1976597689,0.03917654043,-0.4892247762,
1976797708,0.04003898403,-0.4879458836,
1976997728,0.03700086306,-0.4887936616,
1977197748,0.03860470219,-0.4871959617,
1977397768,0.03686061406,-0.4870233041,
1977597787,0.03610736923,-0.4886487994,
1977797807,0.03606847607,-0.4876033997,
1977997827,0.03516959897,-0.4892351677,
1978197847,0.03452872681,-0.4899533375,
1978397866,0.03421496909,-0.4881735155,
1978597886,0.03379331509,-0.4883834431,
1978797906,0.03518890735,-0.4880426756,
1978997926,0.03291910418,-0.4869942436,
1979197945,0.03237620115,-0.4880902095,
1979397965,0.03234689746,-0.4879876091,
1979597985,0.02974624323,-0.4887311266,
1979798005,0.03035280566,-0.4891228476,
1979998024,0.03012987509,-0.489535133,
1980198044,0.02990868348,-0.4889855537,
1980398064,0.02827660706,-0.4878703712,
1980598084,0.0286086384,-0.4883647058,
1980798103,0.02741771492,-0.4879009107,
1980998123,0.02842803817,-0.4884264471,
1981198143,0.02598211433,-0.4876928773,
1981398163,0.02565722061,-0.4886445037,
1981598182,0.02635500582,-0.4869735503,
1981798202,0.02576633115,-0.4878994971,
1981998222,0.02513772197,-0.4877764188,
1982198242,0.02500560093,-0.4878860476,
1982398261,0.02316574709,-0.4885274937,
1982598281,0.02234742984,-0.4860219784,
1982798301,0.02226419632,-0.4865091345,
1982998321,0.02208850175,-0.4865238965,
1983198340,0.02187935452,-0.4868925542,
1983398360,0.01969035573,-0.4852861097,
1983598380,0.02137860475,-0.4859781226,
1983798400,0.01828532512,-0.4878295667,
1983998419,0.01849372561,-0.4875506447,
1984198439,0.01878196034,-0.4858721603,
1984398459,0.01828904319,-0.4852955345,
1984598479,0.01700928284,-0.4859047138,
1984798498,0.01566256548,-0.48701133,
1984998518,0.0164192502,-0.4841837858,
1985198538,0.0162459661,-0.4838898655,
1985398558,0.01372697412,-0.4847963472,
1985598577,0.01349368848,-0.4832346465,
1985798597,0.01425608602,-0.4844610881,
1985998617,0.01331696091,-0.4843852628,
1986198637,0.01210694503,-0.4846284657,
1986398656,0.01206009744,-0.4846553553,
1986598676,0.01061057689,-0.4834888604,
1986798696,0.01146230362,-0.4846337063,
1986998716,0.01034160259,-0.4839642792,
1987198735,0.009842882187,-0.4829487012,
1987398755,0.009175593046,-0.4837070199,
1987598775,0.00830199414,-0.4828081119,
1987798795,0.008582919761,-0.4822011633,
1987998814,0.009774706254,-0.4834326902,
1988198834,0.008276688004,-0.4812543366,
1988398854,0.008255554148,-0.4826009783,
1988598874,0.006986301116,-0.4810167815,
1988798893,0.006619197253,-0.4809044519,
1988998913,0.005399399165,-0.4795112146,
1989198933,0.006030274962,-0.4800944734,
1989398953,0.006652209617,-0.4804712045,
1989598972,0.003851253576,-0.4797089107,
1989798992,0.005621406555,-0.4809583716,
1989999012,0.004278664873,-0.4801183011,
1990199032,0.003469947288,-0.4813513514,
1990399051,0.003191651349,-0.4802968002,
1990599071,0.00449132454,-0.4806017327,
1990799091,0.002918435819,-0.480893898,
1990999111,0.004353638836,-0.480900382,
1991199130,0.003208177432,-0.4790714667,
1991399150,0.002665904153,-0.4804857779,
1991599170,0.00163803063,-0.4800971032,
1991799190,0.000283317102,-0.4801176531,
1991999209,-0.0004058659698,-0.4803673803,
1992199229,-0.001220896983,-0.4807833079,
1992399249,-0.001532521275,-0.4809372928,
1992599269,-0.001519122422,-0.4809335129,
1992799288,-0.002526246129,-0.4807837688,
1992999308,-0.00267769612,-0.4786383105,
1993199328,-0.003951865152,-0.478075115,
1993399348,-0.004277109542,-0.4789188085,
1993599367,-0.004843991568,-0.4792326697,
1993799387,-0.004656723774,-0.4779704515,
1993999407,-0.006005753885,-0.4784111117,
1994199427,-0.006088363279,-0.4780443167,
1994399446,-0.007311205283,-0.4778787367,
1994599466,-0.006341664738,-0.4776844367,
1994799486,-0.00708358879,-0.4770723767,
1994999506,-0.00892163426,-0.4779789458,
1995199525,-0.008514701212,-0.4770715309,
1995399545,-0.00834016574,-0.4765242973,
1995599565,-0.008784093223,-0.4766850677,
1995799585,-0.00888861315,-0.4763734125,
1995999604,-0.01090831852,-0.4738072962,
1996199624,-0.01045927867,-0.4748763349,
1996399644,-0.009850919176,-0.4736991609,
1996599664,-0.009920506038,-0.4737679395,
1996799683,-0.01126662286,-0.4736794756,
1996999703,-0.01269510879,-0.4741496176,
1997199723,-0.01409994544,-0.4727249268,
1997399743,-0.0115099993,-0.4731259001,
1997599762,-0.01264374097,-0.4726310242,
1997799782,-0.01265373786,-0.4736086164,
1997999802,-0.01244177369,-0.4726053559,
1998199822,-0.01362737875,-0.4716663595,
1998399841,-0.01326927045,-0.4724219742,
1998599861,-0.01260768665,-0.4719508366,
1998799881,-0.01446833739,-0.4699425531,
1998999901,-0.01453322164,-0.4725595806,
1999199920,-0.01482196715,-0.4708193669,
1999399940,-0.01530992291,-0.4717943809,
1999599960,-0.01578871905,-0.4702599606,
1999799980,-0.01565400669,-0.4706985751,
2000000000,-0.01594825174,-0.4703796911,
