Frequency,S11_Real,S11_Imaginary,
2500,0.07011524788,0.04133355531,
202519,0.007079347428,-0.01483151376,
402539,0.009691645161,-0.01369834316,
602559,0.02033148274,0.00020119925,
802579,0.02288342023,-0.003209817496,
1002598,0.02296473028,-0.003996040313,
1202618,0.02219688345,-0.005433282187,
1402638,0.02356712571,-0.008454626079,
1602658,0.02337911446,-0.01134094372,
1802677,0.02259954387,-0.01335819409,
2002697,0.02128683678,-0.01612357679,
2202717,0.0199622842,-0.01819793645,
2402737,0.01838968927,-0.02043243775,
2602756,0.01597000005,-0.02176480865,
2802776,0.01378929139,-0.02339627953,
3002796,0.01096949229,-0.02453697884,
3202816,0.008153358926,-0.02504500477,
3402835,0.005261508031,-0.026110344,
3602855,0.003081010512,-0.02611812708,
3802875,0.0005522012038,-0.02589219765,
4002895,-0.002213347613,-0.02530937687,
4202914,-0.004329103984,-0.02426702755,
4402934,-0.006606523863,-0.02297672095,
4602954,-0.008884231683,-0.02178390729,
4802974,-0.01140418077,-0.02038530782,
5002993,-0.01243699106,-0.0179239653,
5203013,-0.01378058278,-0.01586949077,
5403033,-0.0148006957,-0.01408926627,
5603053,-0.01614376778,-0.01156181162,
5803072,-0.01639254742,-0.009580724171,
6003092,-0.01661737745,-0.007022673388,
6203112,-0.01640847923,-0.004464086274,
6403132,-0.01495569559,-0.002176362315,
6603151,-0.01519497676,-4.109567257e-05,
6803171,-0.01378248546,0.001912027212,
7003191,-0.01297007956,0.003844578171,
7203211,-0.01055301369,0.00564695333,
7403230,-0.009242328627,0.006610438477,
7603250,-0.007487074776,0.007666406285,
7803270,-0.005314124937,0.008388315003,
8003290,-0.002728729959,0.008909666581,
8203309,-0.001371832165,0.00916651913,
8403329,0.001314794778,0.009802827154,
8603349,0.003589137858,0.009412722508,
8803369,0.00648895383,0.009068364057,
9003388,0.008486574668,0.007872597319,
9203408,0.0105554498,0.006564265931,
9403428,0.01258486398,0.00530775018,
9603448,0.01446142536,0.003747611163,
9803467,0.01564663294,0.001622852217,
10003487,0.01677321866,-0.0003752071996,
10203507,0.01760895581,-0.002669704979,
10403527,0.01866220942,-0.00480333271,
10603546,0.0187780813,-0.007331247014,
10803566,0.01847074502,-0.009897235366,
11003586,0.01847212467,-0.01224881563,
11203606,0.01817734582,-0.0144414379,
11403625,0.01716947306,-0.01695135162,
11603645,0.01623993482,-0.01908373827,
11803665,0.01472009615,-0.02118660414,
12003685,0.01317491228,-0.02297787727,
12203704,0.01145533545,-0.02469205265,
12403724,0.009295896682,-0.02621523992,
12603744,0.007101448872,-0.02748163677,
12803764,0.004681196742,-0.02835759248,
13003783,0.00234855028,-0.02897054802,
13203803,-3.899197907e-05,-0.0294621485,
13403823,-0.002457351682,-0.02946573708,
13603843,-0.005089855315,-0.02932441319,
13803862,-0.007385557769,-0.02867502286,
14003882,-0.009613035096,-0.02819891071,
14203902,-0.01186203395,-0.02725513063,
14403922,-0.01384992297,-0.02572915027,
14603941,-0.01571042272,-0.02417455287,
14803961,-0.01724550513,-0.02249260166,
15003981,-0.01862684895,-0.02075823082,
15204001,-0.01980025025,-0.01865804558,
15404020,-0.0209171465,-0.01663814288,
15604040,-0.02138404158,-0.01435100324,
15804060,-0.02181375388,-0.01214616248,
16004080,-0.02180020405,-0.009914265283,
16204099,-0.02154356184,-0.007830251964,
16404119,-0.02107791061,-0.00558829505,
16604139,-0.02047508892,-0.00370333934,
16804159,-0.01952306189,-0.001832143687,
17004178,-0.01815213195,-0.0001568335652,
17204198,-0.01666680737,0.001342461568,
17404218,-0.01495976158,0.002795396947,
17604238,-0.01330273128,0.003840612474,
17804257,-0.01148989083,0.00449668353,
18004277,-0.009393373758,0.005008524429,
18204297,-0.007376473096,0.004810415061,
18404317,-0.005448640099,0.004028122976,
18604336,-0.003709021538,0.003708892233,
18804356,-0.001768306429,0.003465724858,
19004376,8.194902652e-06,0.003073246339,
19204396,0.001762453118,0.002259009628,
19404415,0.003037241575,0.001150264129,
19604435,0.004467786873,1.985180383e-05,
19804455,0.005677778858,-0.0015212674,
20004475,0.006772940831,-0.003967140921,
20204494,0.007459109933,-0.006555505685,
20404514,0.007499575619,-0.008738794015,
20604534,0.007634823562,-0.01099010763,
20804554,0.007446669868,-0.01296564792,
21004573,0.006768348261,-0.0151338583,
21204593,0.006076358384,-0.01710982681,
21404613,0.00507910208,-0.01889601997,
21604633,0.003558294938,-0.0206614027,
21804652,0.001909943676,-0.02224090691,
22004672,0.0001921963516,-0.02374073572,
22204692,-0.001662349836,-0.02499030178,
22404712,-0.003754172457,-0.02595110183,
22604731,-0.006080465519,-0.02665845152,
22804751,-0.008368599,-0.02708297785,
23004771,-0.01093853486,-0.02700030006,
23204791,-0.01345160186,-0.02708777249,
23404810,-0.01573579248,-0.02645696057,
23604830,-0.01814976274,-0.02569984628,
23804850,-0.02049156851,-0.02465939726,
24004870,-0.02265867171,-0.02350790439,
24204889,-0.02454018467,-0.02173073649,
24404909,-0.02649830086,-0.01999561764,
24604929,-0.0281848877,-0.01808106113,
24804949,-0.02964881133,-0.01571924072,
25004968,-0.03057594644,-0.01282943292,
25204988,-0.03141364437,-0.01035930117,
25405008,-0.03170904256,-0.007666906395,
25605028,-0.03195388003,-0.005078168887,
25805047,-0.03204888538,-0.002585877276,
26005067,-0.03119262428,0.0003392855924,
26205087,-0.03065324379,0.002697988275,
26405107,-0.02956281495,0.005254695091,
26605126,-0.02811767603,0.007442559178,
26805146,-0.02638401274,0.009700020277,
27005166,-0.02472359331,0.01160886805,
27205186,-0.02249646527,0.01345491871,
27405206,-0.01988930678,0.0148832114,
27605225,-0.01756363145,0.01596349642,
27805245,-0.01487490962,0.0168412998,
28005265,-0.01220897881,0.01738760641,
28205285,-0.009565961834,0.01756335164,
28405304,-0.00678972651,0.01720586379,
28605324,-0.004141290343,0.01688489229,
28805344,-0.001648794529,0.0161134774,
29005364,0.0009483450891,0.01491177968,
29205383,0.00338268588,0.01343038023,
29405403,0.005536119688,0.01153372793,
29605423,0.007372972074,0.009696198457,
29805443,0.008895231785,0.007502124941,
30005462,0.01020978362,0.005167101391,
30205482,0.01126077196,0.002587665456,
30405502,0.01197891915,-5.323738171e-05,
30605522,0.01236707594,-0.002552048016,
30805541,0.01229806908,-0.005365822102,
31005561,0.01197901551,-0.007915219285,
31205581,0.0113927936,-0.01059294386,
31405601,0.0105552836,-0.0131964654,
31605620,0.009281094739,-0.01549919844,
31805640,0.007739248599,-0.01769903258,
32005660,0.00598077233,-0.01964575224,
32205680,0.004079097746,-0.02132289142,
32405699,0.001811063782,-0.02299035985,
32605719,-0.0005005512484,-0.02404477903,
32805739,-0.003011142082,-0.0249192347,
33005759,-0.005517403704,-0.02573722264,
33205778,-0.008354181393,-0.0258172144,
33405798,-0.01095362087,-0.02574637183,
33605818,-0.01360780291,-0.02514340411,
33805838,-0.0162161948,-0.02436444904,
34005857,-0.01862332358,-0.02372459095,
34205877,-0.02080650808,-0.02192304477,
34405897,-0.02296869305,-0.02032361532,
34605917,-0.02487077461,-0.01845688457,
34805936,-0.02657561899,-0.01651815412,
35005956,-0.02795299776,-0.01417347749,
35205976,-0.02882085046,-0.01141740834,
35405996,-0.02985807532,-0.009238153614,
35606015,-0.03009571435,-0.006325704505,
35806035,-0.03023962099,-0.003725241593,
36006055,-0.02970410768,-0.0009142010793,
36206075,-0.02944617916,0.001619557536,
36406094,-0.02813574867,0.004303074228,
36606114,-0.02680166372,0.006662709379,
36806134,-0.02545211208,0.00868137617,
37006154,-0.02371121265,0.01078588177,
37206173,-0.02152608085,0.01259150012,
37406193,-0.01919474277,0.01399024482,
37606213,-0.01680314651,0.01518934712,
37806233,-0.01420387912,0.01603277951,
38006252,-0.01154977791,0.01667079768,
38206272,-0.008862837846,0.0170258078,
38406292,-0.005905674136,0.0170139226,
38606312,-0.002962353982,0.01649083525,
38806331,5.542905816e-06,0.01553945062,
39006351,0.002515708447,0.01440321809,
39206371,0.005183188275,0.01261169155,
39406391,0.007543649758,0.01069073375,
39606410,0.009485109552,0.008335247515,
39806430,0.01133560481,0.005980503743,
40006450,0.01266296801,0.003132860115,
40206470,0.01399115594,0.0002366319743,
40406489,0.01459267437,-0.002681109206,
40606509,0.01473330899,-0.005796626996,
40806529,0.01486143662,-0.008871748692,
41006549,0.01439578267,-0.01212770687,
41206568,0.01368666804,-0.01519085726,
41406588,0.01252367868,-0.01811724626,
41606608,0.01098952118,-0.02096515372,
41806628,0.009121735847,-0.02347338333,
42006647,0.006999337,-0.0259727751,
42206667,0.004725820115,-0.02829604696,
42406687,0.001947753397,-0.03028632058,
42606707,-0.001054537379,-0.03155727954,
42806726,-0.00402624889,-0.032983841,
43006746,-0.007374340153,-0.03415261346,
43206766,-0.01070526231,-0.03450277083,
43406786,-0.01418955054,-0.03469365069,
43606805,-0.01766144799,-0.03429926397,
43806825,-0.0211389548,-0.03360770896,
44006845,-0.02445067851,-0.03236272092,
44206865,-0.02755497512,-0.03096847595,
44406884,-0.03051450184,-0.02920809187,
44606904,-0.03316698809,-0.02665737068,
44806924,-0.0354404289,-0.02408317007,
45006944,-0.03767777029,-0.02151173036,
45206963,-0.03920523727,-0.01859336171,
45406983,-0.04074889652,-0.01543829952,
45607003,-0.04178469236,-0.01242362709,
45807023,-0.04248990408,-0.008897967517,
46007042,-0.04280860209,-0.005524591476,
46207062,-0.04268848986,-0.002199196555,
46407082,-0.04227858366,0.001141597224,
46607102,-0.04122668875,0.004505088262,
46807121,-0.04037846515,0.007508406475,
47007141,-0.0388737827,0.01040667881,
47207161,-0.03691651577,0.01304079614,
47407181,-0.03479525227,0.01546952434,
47607200,-0.03218700317,0.0177499743,
47807220,-0.02980959938,0.01937447213,
48007240,-0.02687686919,0.020983448,
48207260,-0.02375975937,0.02201840001,
48407279,-0.02085107225,0.02279019647,
48607299,-0.01759432512,0.02303183435,
48807319,-0.01452999625,0.0231310032,
49007339,-0.01163152182,0.02283708876,
49207358,-0.008814861634,0.02215618143,
49407378,-0.005992668258,0.02085311435,
49607398,-0.003522278012,0.01947738845,
49807418,-0.001302022203,0.0177433048,
50007437,0.000717860739,0.01575278828,
50207457,0.002621164699,0.01334683897,
50407477,0.003971445617,0.01104618629,
50607497,0.004965704313,0.008300679142,
50807516,0.005495838642,0.005677859867,
51007536,0.005679860395,0.003212419875,
51207556,0.005365577726,0.0005009329039,
51407576,0.005223690115,-0.001967729343,
51607595,0.004520061299,-0.004909446142,
51807615,0.003388291856,-0.007490570811,
52007635,0.001713427692,-0.009688284544,
52207655,-6.94445219e-05,-0.01150264487,
52407674,-0.002126800315,-0.01316309388,
52607694,-0.004350951034,-0.01459706506,
52807714,-0.006655999597,-0.01597408776,
53007734,-0.009203828639,-0.01661119663,
53207753,-0.01191739882,-0.01716623753,
53407773,-0.01459151556,-0.01712868953,
53607793,-0.01720812465,-0.01674185706,
53807813,-0.02000570544,-0.01621417905,
54007833,-0.02238982632,-0.01518305866,
54207852,-0.02479700846,-0.01371448225,
54407872,-0.02735076719,-0.01218282838,
54607892,-0.02918855754,-0.009998982573,
54807912,-0.03108618912,-0.007755049966,
55007931,-0.03255179481,-0.005396464308,
55207951,-0.03344989198,-0.00251237957,
55407971,-0.03463745182,0.0004028585753,
55607991,-0.03522816069,0.003224165346,
55808010,-0.03537170206,0.006392405358,
56008030,-0.03488357607,0.009567819945,
56208050,-0.03429947768,0.01261322018,
56408070,-0.03349913082,0.01582656366,
56608089,-0.03175708308,0.01867280207,
56808109,-0.02994160071,0.02147560996,
57008129,-0.02794951368,0.0240056023,
57208149,-0.02551222436,0.02626817622,
57408168,-0.02257762563,0.0280580708,
57608188,-0.01969133504,0.02985518012,
57808208,-0.01673907612,0.03140075386,
58008228,-0.01327185351,0.03197107699,
58208247,-0.009776512726,0.03249689091,
58408267,-0.00642625473,0.03282964585,
58608287,-0.002830592804,0.03270358832,
58808307,0.000669052846,0.03195227694,
59008326,0.004170656445,0.03089955544,
59208346,0.007342905334,0.02978379146,
59408366,0.01034931659,0.02786287252,
59608386,0.0132361076,0.02573321238,
59808405,0.01582452242,0.02338469294,
60008425,0.01814119057,0.0206657775,
60208445,0.01996956755,0.01732591693,
60408465,0.02145989315,0.01409394363,
60608484,0.02289202221,0.01100652835,
60808504,0.02379020159,0.007504218061,
61008524,0.02409136428,0.003840064295,
61208544,0.02331744223,0.0008059092282,
61408563,0.02353661878,-0.002360873094,
61608583,0.02366595037,-0.00586659489,
61808603,0.02212873893,-0.00901830898,
62008623,0.0223657766,-0.01244137863,
62208642,0.01909877977,-0.015912786,
62408662,0.01717890402,-0.01899862358,
62608682,0.01454900462,-0.02172323032,
62808702,0.01180978139,-0.02388874962,
63008721,0.008486049385,-0.02585071726,
63208741,0.005110957672,-0.02735260196,
63408761,0.001697450116,-0.02852037699,
63608781,-0.001987057353,-0.02931067505,
63808800,-0.005732817182,-0.02898398063,
64008820,-0.009306298632,-0.02885279721,
64208840,-0.01270372026,-0.0281438886,
64408860,-0.01614233588,-0.02678085763,
64608879,-0.01931765777,-0.02515412463,
64808899,-0.02225454421,-0.02338668346,
65008919,-0.02473272487,-0.02084311442,
65208939,-0.02715024488,-0.01847825091,
65408958,-0.0291634866,-0.01557780158,
65608978,-0.03041291323,-0.01229575044,
65808998,-0.03142215902,-0.008824458862,
66009018,-0.03212158469,-0.005892572336,
66209037,-0.03204154882,-0.00236509482,
66409057,-0.03193205916,0.0008774479651,
66609077,-0.0309845385,0.00408263524,
66809097,-0.03029364186,0.006834280461,
67009116,-0.02868571762,0.009778601522,
67209136,-0.02694369427,0.01245003545,
67409156,-0.02473243189,0.01467419072,
67609176,-0.0228546029,0.01675495393,
67809195,-0.01992973462,0.01832197541,
68009215,-0.01716451411,0.01991081474,
68209235,-0.01445251988,0.02077913408,
68409255,-0.0115428287,0.02144794364,
68609274,-0.008601379065,0.02178811052,
68809294,-0.005571142468,0.02161048977,
69009314,-0.00262196055,0.02104640986,
69209334,0.0001011777075,0.02026203892,
69409353,0.002883578625,0.01872088343,
69609373,0.005252486894,0.01702535586,
69809393,0.007479072619,0.01532643291,
70009413,0.009552187459,0.01316283722,
70209432,0.0110955254,0.01074345198,
70409452,0.01243268129,0.008145448605,
70609472,0.01318729586,0.005170041729,
70809492,0.01392470979,0.002473178289,
71009511,0.01413355217,-0.0007057510392,
71209531,0.01373390812,-0.00362852932,
71409551,0.01299274557,-0.006357207292,
71609571,0.01218276463,-0.009079245579,
71809590,0.01102116724,-0.01169865399,
72009610,0.009329020278,-0.01394047879,
72209630,0.007420476498,-0.01627020004,
72409650,0.005123110842,-0.01821487042,
72609669,0.002728109033,-0.01990412279,
72809689,3.548339251e-06,-0.02113963318,
73009709,-0.002772510197,-0.02202043434,
73209729,-0.005721673819,-0.02266312246,
73409748,-0.008706309751,-0.02290292489,
73609768,-0.01180539606,-0.02251739529,
73809788,-0.01462568522,-0.02184252633,
74009808,-0.01755757978,-0.02065401805,
74209827,-0.02021374744,-0.01898364213,
74409847,-0.02293683196,-0.01742211646,
74609867,-0.02510928776,-0.01538311336,
74809887,-0.02738945948,-0.01312274393,
75009906,-0.02902515542,-0.01019214116,
75209926,-0.030566582,-0.007442891342,
75409946,-0.03155268867,-0.004487833366,
75609966,-0.03202523137,-0.001215677369,
75809985,-0.03246423131,0.001998394032,
76010005,-0.03244776025,0.005301899303,
76210025,-0.03172223209,0.008668866677,
76410045,-0.03064850732,0.01181271739,
76610064,-0.02972417143,0.01522429368,
76810084,-0.02790914946,0.01831687656,
77010104,-0.02542393024,0.02089084139,
77210124,-0.02299359471,0.02348015885,
77410143,-0.0200905811,0.02556787202,
77610163,-0.01709611225,0.02743781598,
77810183,-0.01380787722,0.02890248393,
78010203,-0.01046309039,0.03021584753,
78210222,-0.006807724313,0.03064471059,
78410242,-0.003215410164,0.03114468163,
78610262,0.0004551547574,0.03094080456,
78810282,0.004331884612,0.02993011232,
79010301,0.007755183852,0.02894833657,
79210321,0.0112495914,0.02756553527,
79410341,0.01453101273,0.02576696086,
79610361,0.01737597978,0.02318965614,
79810380,0.02005422248,0.02079488068,
80010400,0.0226216447,0.01810892408,
80210420,0.02445496705,0.0145329579,
80410440,0.02618112216,0.01135640254,
80610460,0.02757726503,0.00799592678,
80810479,0.02853128051,0.004183483079,
81010499,0.02900554623,0.000630451563,
81210519,0.02859420851,-0.003314582633,
81410539,0.02820478567,-0.006867548798,
81610558,0.02721249636,-0.01044610174,
81810578,0.02635570198,-0.01395543568,
82010598,0.02452802924,-0.01723162348,
82210618,0.0221216564,-0.02008116171,
82410637,0.01966973403,-0.02275730866,
82610657,0.01749808142,-0.02531386855,
82810677,0.01438690399,-0.02715163385,
83010697,0.01148539809,-0.02905511598,
83210716,0.007772866219,-0.03005745637,
83410736,0.004668452893,-0.03085510875,
83610756,0.00107446726,-0.03125783562,
83810776,-0.002208775712,-0.03132547353,
84010795,-0.005401103685,-0.03111974078,
84210815,-0.008772824937,-0.03033153431,
84410835,-0.0115982458,-0.02899108452,
84610855,-0.01475511586,-0.02751850581,
84810874,-0.0172728202,-0.0250510312,
85010894,-0.01959025622,-0.02337026648,
85210914,-0.02167132225,-0.02051027122,
85410934,-0.02309340537,-0.01795971895,
85610953,-0.02437214217,-0.01490564716,
85810973,-0.02532878077,-0.01218874939,
86010993,-0.02587623692,-0.009308746921,
86211013,-0.02576713177,-0.006091955988,
86411032,-0.02534617469,-0.003040487877,
86611052,-0.02434664431,-0.000279256603,
86811072,-0.02323728628,0.002488720637,
87011092,-0.02175855382,0.005113737129,
87211111,-0.01988196721,0.00738759472,
87411131,-0.01753087555,0.009561077432,
87611151,-0.01509708818,0.01119741766,
87811171,-0.01243334928,0.01253512989,
88011190,-0.009674348836,0.01357505602,
88211210,-0.006660443603,0.01391676783,
88411230,-0.003657362974,0.01423795109,
88611250,-0.0005835434944,0.01393972441,
88811269,0.002324636197,0.01316789121,
89011289,0.005053070562,0.01198721746,
89211309,0.007525496209,0.01060470898,
89411329,0.01013894224,0.008707775505,
89611348,0.01234941785,0.006209720522,
89811368,0.01424801002,0.003816822935,
90011388,0.01586673074,0.001301137473,
90211408,0.01703475099,-0.00170436579,
90411427,0.01777482116,-0.004733616823,
90611447,0.01842910603,-0.008121456441,
90811467,0.01808477653,-0.01123080331,
91011487,0.01776057598,-0.01451258659,
91211506,0.01685602358,-0.01765643464,
91411526,0.01578165854,-0.02089416657,
91611546,0.01401722501,-0.02375506664,
91811566,0.01171908934,-0.02606329181,
92011585,0.009763741607,-0.02875766546,
92211605,0.006721111635,-0.03055045122,
92411625,0.004135150911,-0.03258338454,
92611645,0.0009735685472,-0.0337465395,
92811664,-0.002120467639,-0.03511524084,
93011684,-0.005460871074,-0.03531578154,
93211704,-0.008776954347,-0.03577435975,
93411724,-0.01216298637,-0.03572069248,
93611743,-0.01557493884,-0.03560957599,
93811763,-0.01887462873,-0.03420298035,
94011783,-0.02221209865,-0.03340021307,
94211803,-0.0252938591,-0.03163436543,
94411822,-0.02832078764,-0.02977083518,
94611842,-0.03111844968,-0.02751351459,
94811862,-0.03373930197,-0.02499100894,
95011882,-0.03581662476,-0.02173792514,
95211901,-0.03771004852,-0.01861707833,
95411921,-0.03907094816,-0.01492877009,
95611941,-0.040183242,-0.01128893927,
95811961,-0.04080720218,-0.007402888187,
96011980,-0.04069508723,-0.003567273234,
96212000,-0.04064915274,0.0002516965771,
96412020,-0.03979757319,0.004108801817,
96612040,-0.03865564438,0.007967409141,
96812059,-0.0366403899,0.01133443699,
97012079,-0.03470563244,0.01471428105,
97212099,-0.03189443563,0.01762865967,
97412119,-0.02899807939,0.02054591345,
97612138,-0.02572413395,0.02276612925,
97812158,-0.02249253379,0.02496887804,
98012178,-0.01844468722,0.02634469904,
98212198,-0.01461456671,0.02734268625,
98412217,-0.01051684158,0.02784222012,
98612237,-0.00660772578,0.02794856547,
98812257,-0.002449048578,0.02748750424,
99012277,0.001386365729,0.02682862317,
99212296,0.00539080587,0.0253610198,
99412316,0.008825627647,0.02346356389,
99612336,0.01230359583,0.0212064645,
99812356,0.01543745749,0.01842944904,
100012375,0.01813424398,0.01542490521,
100212395,0.02032590498,0.01200582795,
100412415,0.02213460868,0.008419520619,
100612435,0.0236230476,0.004869422145,
100812454,0.02441258622,0.0007301964094,
101012474,0.02467526598,-0.003184058239,
101212494,0.02492258401,-0.007221580936,
101412514,0.02405566112,-0.01098526001,
101612533,0.02329088322,-0.01470839408,
101812553,0.02198738668,-0.0184587833,
102012573,0.02010038358,-0.02193019425,
102212593,0.01763568518,-0.0250098002,
102412612,0.01493437908,-0.02756137863,
102612632,0.01228751086,-0.03026571728,
102812652,0.009133891113,-0.03241925705,
103012672,0.005567931289,-0.03376650149,
103212691,0.002142031142,-0.03515896161,
103412711,-0.001676039988,-0.03578514395,
103612731,-0.005195295842,-0.03627578237,
103812751,-0.008959974087,-0.0359716723,
104012770,-0.01246328244,-0.03517397395,
104212790,-0.01596073691,-0.03431926328,
104412810,-0.01921145062,-0.03274154215,
104612830,-0.02220309157,-0.03082356446,
104812849,-0.02497161118,-0.02830425761,
105012869,-0.02734619846,-0.02590783974,
105212889,-0.02937640736,-0.02294963579,
105412909,-0.03114965887,-0.02000339699,
105612928,-0.03239013681,-0.01658333035,
105812948,-0.0332602386,-0.01342219747,
106012968,-0.03372700652,-0.01006644626,
106212988,-0.03328605809,-0.006550525054,
106413007,-0.03279414635,-0.003068897198,
106613027,-0.0320117173,-2.676298854e-05,
106813047,-0.03049670316,0.003187396984,
107013067,-0.02887575255,0.006035231132,
107213087,-0.02643533345,0.008694214954,
107413106,-0.02420084612,0.01111037612,
107613126,-0.02135698496,0.01287369613,
107813146,-0.01831387924,0.01451566264,
108013166,-0.01518788753,0.01560630481,
108213185,-0.01188266008,0.0162315852,
108413205,-0.008321456876,0.01639184825,
108613225,-0.004609468176,0.01596542095,
108813245,-0.001357883647,0.01550316818,
109013264,0.001976051431,0.01395040063,
109213284,0.005207713678,0.01231721118,
109413304,0.008030607096,0.01019704968,
109613324,0.01054108123,0.00760572784,
109813343,0.01272827211,0.004731009357,
110013363,0.01436944957,0.001629461546,
110213383,0.01581985647,-0.00172055975,
110413403,0.01661793243,-0.00522221967,
110613422,0.01690346274,-0.008800995451,
110813442,0.01717374315,-0.01243051257,
111013462,0.01644095954,-0.01591437641,
111213482,0.01581512075,-0.01957414248,
111413501,0.01454539413,-0.02309069637,
111613521,0.01243835287,-0.02618145499,
111813541,0.0103990631,-0.02917629947,
112013561,0.008090879901,-0.03231834673,
112213580,0.00475299786,-0.03453310401,
112413600,0.001816122094,-0.03670789985,
112613620,-0.001925100782,-0.03822144728,
112813640,-0.005334644436,-0.03980823227,
113013659,-0.009211248089,-0.04058077541,
113213679,-0.01320580142,-0.04049749858,
113413699,-0.01718551987,-0.04048087216,
113613719,-0.02101691973,-0.04013941198,
113813738,-0.02482548533,-0.03859457715,
114013758,-0.02860279927,-0.03742914261,
114213778,-0.0320956472,-0.03519279806,
114413798,-0.03545533201,-0.03271064234,
114613817,-0.03820906285,-0.02987546386,
114813837,-0.04094237962,-0.02670334802,
115013857,-0.04295864308,-0.02299428034,
115213877,-0.04463905709,-0.01935628052,
115413896,-0.04612688478,-0.0156814364,
115613916,-0.04680650041,-0.01137083832,
115813936,-0.04720992512,-0.007424722639,
116013956,-0.04683386378,-0.0031536388,
116213975,-0.04608421386,0.001207241547,
116413995,-0.04510174072,0.004891626819,
116614015,-0.04338274986,0.008672243484,
116814035,-0.04100612951,0.01237305332,
117014054,-0.03857660977,0.01562283607,
117214074,-0.03594272816,0.01851263958,
117414094,-0.03224481021,0.02107809858,
117614114,-0.02912241623,0.02329238911,
117814133,-0.02511472303,0.02490256226,
118014153,-0.02124030333,0.02594735328,
118214173,-0.01692542056,0.02656557476,
118414193,-0.01261269064,0.02658678298,
118614212,-0.008749442166,0.02644497491,
118814232,-0.004558676208,0.02537268767,
119014252,-0.0007315266384,0.0239238067,
119214272,0.00297515361,0.02182990999,
119414291,0.006379612309,0.01962772266,
119614311,0.009451183093,0.01693843097,
119814331,0.01215291557,0.01362701119,
120014351,0.01432366776,0.01005266519,
120214370,0.01617195733,0.006254101832,
120414390,0.0174235188,0.002354230844,
120614410,0.01819928179,-0.001671285019,
120814430,0.01831862954,-0.005912568641,
121014449,0.01816622916,-0.009977792073,
121214469,0.01731301879,-0.01400725108,
121414489,0.01602335257,-0.0179193846,
121614509,0.01419133863,-0.02182930125,
121814528,0.01185408999,-0.02531263109,
122014548,0.008819275753,-0.02826408967,
122214568,0.005883001376,-0.0310532959,
122414588,0.002437128804,-0.03341320923,
122614607,-0.001394719758,-0.03549561803,
122814627,-0.005179072169,-0.03713933029,
123014647,-0.00938035005,-0.03800608447,
123214667,-0.0135163176,-0.03809478046,
123414686,-0.01788210645,-0.03833500695,
123614706,-0.02221089227,-0.03751397002,
123814726,-0.02605010027,-0.03616118175,
124014746,-0.03035087991,-0.03444490387,
124214765,-0.03392349651,-0.03224660366,
124414785,-0.03716287729,-0.02951794689,
124614805,-0.04023663374,-0.02636333563,
124814825,-0.04258157873,-0.02280405743,
125014844,-0.04498192481,-0.01911646691,
125214864,-0.04640406183,-0.01507928744,
125414884,-0.04732601333,-0.0108776196,
125614904,-0.0479462051,-0.006772821848,
125814923,-0.04792652248,-0.002532499884,
126014943,-0.04742508363,0.001536980909,
126214963,-0.04641150327,0.005793128513,
126414983,-0.04495454613,0.009749880091,
126615002,-0.04316333473,0.01343670294,
126815022,-0.04059366838,0.01700575838,
127015042,-0.03771906294,0.02028273671,
127215062,-0.03461370638,0.02296028613,
127415081,-0.03110825576,0.02529470964,
127615101,-0.02734173977,0.02749277737,
127815121,-0.02324099647,0.02876294986,
128015141,-0.01931395636,0.02989528908,
128215160,-0.01490241002,0.03041118498,
128415180,-0.01045564565,0.03005050136,
128615200,-0.006234202746,0.02982696405,
128815220,-0.001891459123,0.02848850584,
129015239,0.001887062631,0.02695124512,
129215259,0.005922814748,0.02435735553,
129415279,0.009450960705,0.02180731847,
129615299,0.01264347115,0.01863450567,
129815318,0.01518782152,0.01522881659,
130015338,0.01752998885,0.01132895854,
130215358,0.01943934491,0.007302193919,
130415378,0.02065788337,0.003128828572,
130615397,0.02143161261,-0.001288194824,
130815417,0.02142055354,-0.005800437132,
131015437,0.02104569868,-0.01036596103,
131215457,0.02029079906,-0.01468589353,
131415476,0.01914255338,-0.01905790764,
131615496,0.01662462979,-0.02307940932,
131815516,0.01429116253,-0.02681904008,
132015536,0.01146534027,-0.03059048875,
132215555,0.007878086574,-0.03352357815,
132415575,0.00437132658,-0.03637200191,
132615595,0.0005944899336,-0.03874166107,
132815615,-0.003871127929,-0.04038712042,
133015634,-0.008262931323,-0.04137440712,
133215654,-0.01292995075,-0.04219889257,
133415674,-0.01766078732,-0.04216106193,
133615694,-0.02236404056,-0.04175919667,
133815714,-0.02671665593,-0.04095273735,
134015733,-0.03125019008,-0.03927385328,
134215753,-0.03545104159,-0.03722849255,
134415773,-0.0392847225,-0.03483469236,
134615793,-0.0429886476,-0.03178487821,
134815812,-0.04624849992,-0.02820243752,
135015832,-0.04903356494,-0.02457924847,
135215852,-0.05145263907,-0.02034068755,
135415872,-0.05317405791,-0.01612973195,
135615891,-0.0544062031,-0.01160067032,
135815911,-0.05517429734,-0.007007379077,
136015931,-0.05540913865,-0.002243090263,
136215951,-0.05521947117,0.002224272432,
136415970,-0.05410715896,0.006881478801,
136615990,-0.05250931602,0.01134582635,
136816010,-0.05062094774,0.01550634472,
137016030,-0.04833245401,0.01928573523,
137216049,-0.04553680326,0.02274840014,
137416069,-0.04217937036,0.02591283381,
137616089,-0.03835137415,0.02876677711,
137816109,-0.03464778328,0.03098060661,
138016128,-0.03023343051,0.0326515833,
138216148,-0.02627512342,0.03403868551,
138416168,-0.02175571359,0.03461388223,
138616188,-0.01755306048,0.03459039398,
138816207,-0.0130469241,0.03397182921,
139016227,-0.008987032923,0.0331533596,
139216247,-0.005087439351,0.03174992548,
139416267,-0.001333899135,0.02941781073,
139616286,0.0021303051,0.02701983034,
139816306,0.005221750439,0.02434116835,
140016326,0.007737500089,0.02111146603,
140216346,0.009846110602,0.01776479963,
140416365,0.01131894901,0.01397662785,
140616385,0.01255652549,0.01020025585,
140816405,0.01305895835,0.005999912574,
141016425,0.01301179605,0.002216361354,
141216444,0.01236690364,-0.001747259152,
141416464,0.01140218162,-0.005379112091,
141616484,0.009890978312,-0.009037092744,
141816504,0.007950960756,-0.01215205078,
142016523,0.005343906412,-0.01513331051,
142216543,0.00263541751,-0.0176131621,
142416563,-0.0004099714219,-0.01968242083,
142616583,-0.003741499718,-0.02119472478,
142816602,-0.007378116997,-0.02234705848,
143016622,-0.01108795467,-0.02293045531,
143216642,-0.01453876983,-0.02298184855,
143416662,-0.01837616118,-0.02279209615,
143616681,-0.02195951487,-0.02181257348,
143816701,-0.02525288459,-0.02022773582,
144016721,-0.0285219951,-0.01865602154,
144216741,-0.03155520854,-0.01629563943,
144416760,-0.03432475979,-0.01359314149,
144616780,-0.03624988547,-0.01041244679,
144816800,-0.03842278754,-0.007103007134,
145016820,-0.03939538085,-0.003271685216,
145216839,-0.04075507499,0.0003167572255,
145416859,-0.04089818527,0.004385587719,
145616879,-0.04051202876,0.008435591009,
145816899,-0.03974406678,0.01240680341,
146016918,-0.03881858922,0.01628155108,
146216938,-0.03658410779,0.02008971492,
146416958,-0.03455801881,0.02360610385,
146616978,-0.03193851979,0.02676783718,
146816997,-0.02870906003,0.02963301416,
147017017,-0.02477864965,0.03203745491,
147217037,-0.02129747752,0.03432444454,
147417057,-0.01687564716,0.03578157371,
147617076,-0.01229013034,0.03647069251,
147817096,-0.007674234218,0.03711481545,
148017116,-0.003101017151,0.03700136562,
148217136,0.00161807766,0.03619274266,
148417155,0.006260609012,0.03494308873,
148617175,0.01058428066,0.03266404398,
148817195,0.01500558255,0.03027615655,
149017215,0.01899094335,0.02697667203,
149217234,0.02236400382,0.02341266765,
149417254,0.02535246707,0.01918590471,
149617274,0.02792769038,0.01500825463,
149817294,0.03021279267,0.01046672883,
150017313,0.03166666158,0.005408245616,
150217333,0.03239303351,8.470330473e-05,
150417353,0.0325060631,-0.005310260102,
150617373,0.03198633585,-0.01051249011,
150817392,0.03139171826,-0.01575773992,
151017412,0.02962644623,-0.02102115619,
151217432,0.02699149779,-0.02582257153,
151417452,0.02442729439,-0.03064097043,
151617471,0.02064283835,-0.0346441591,
151817491,0.01701816981,-0.0386882556,
152017511,0.01216474847,-0.0420247529,
152217531,0.007362931125,-0.04467313767,
152417550,0.002235868654,-0.04724506333,
152617570,-0.003115631548,-0.04914588363,
152817590,-0.008741158328,-0.05009181237,
153017610,-0.01456139161,-0.05034089827,
153217629,-0.02038872789,-0.04988890426,
153417649,-0.02602102511,-0.04894043121,
153617669,-0.03152756878,-0.04736022627,
153817689,-0.03703322859,-0.04483027009,
154017708,-0.04180731087,-0.04176308098,
154217728,-0.0466761025,-0.03814525155,
154417748,-0.0507932434,-0.03420474044,
154617768,-0.05446859686,-0.02933857237,
154817787,-0.05780458994,-0.02461855782,
155017807,-0.06023498279,-0.01960622354,
155217827,-0.06218986144,-0.01351433713,
155417847,-0.06357760593,-0.007654330531,
155617866,-0.06389231315,-0.001854573879,
155817886,-0.06361835811,0.003958543412,
156017906,-0.06233361836,0.009938970459,
156217926,-0.06069001448,0.01569834957,
156417945,-0.05834931529,0.02109517679,
156617965,-0.05553026023,0.02645931676,
156817985,-0.05202619756,0.03132809927,
157018005,-0.04771246269,0.035578694,
157218024,-0.0432013024,0.03949483015,
157418044,-0.03827481813,0.04266627435,
157618064,-0.03260358374,0.04519130907,
157818084,-0.0272073138,0.04719033669,
158018103,-0.0211131569,0.04826862428,
158218123,-0.01546230175,0.04924103167,
158418143,-0.008734010552,0.04863054893,
158618163,-0.003152239279,0.04793095321,
158818182,0.002837571985,0.04620871015,
159018202,0.008370553183,0.04386166418,
159218222,0.01379415548,0.04101800273,
159418242,0.01873044942,0.0370333032,
159618261,0.02310708182,0.03253760155,
159818281,0.02731411866,0.02803207838,
160018301,0.03057216236,0.0227397309,
160218321,0.03291890835,0.01653732915,
160418341,0.03501365971,0.01062461016,
160618360,0.03585497444,0.004496530743,
160818380,0.03608486665,-0.001993814593,
161018400,0.03570842838,-0.008246290526,
161218420,0.03463141597,-0.01442059838,
161418439,0.03252258553,-0.02026175451,
161618459,0.02969837435,-0.02616571966,
161818479,0.02638780532,-0.03138707362,
162018499,0.02214910712,-0.03628764085,
162218518,0.01770999415,-0.0406659314,
162418538,0.01261723525,-0.04440614243,
162618558,0.006963519627,-0.04736945554,
162818578,0.001195730408,-0.04947444745,
163018597,-0.004858707898,-0.05115747095,
163218617,-0.01111581733,-0.05229863405,
163418637,-0.01743582969,-0.05235850694,
163618657,-0.0236007918,-0.05179322038,
163818676,-0.02982945986,-0.05036115645,
164018696,-0.03569228487,-0.04819036424,
164218716,-0.04101896281,-0.04520714422,
164418736,-0.04640013967,-0.04191018555,
164618755,-0.05105291535,-0.03791306396,
164818775,-0.05533542204,-0.03337330898,
165018795,-0.05869883034,-0.02824170139,
165218815,-0.06156487095,-0.02289527363,
165418834,-0.06375663975,-0.01692938231,
165618854,-0.06529832273,-0.01093262438,
165818874,-0.06600537968,-0.005134827972,
166018894,-0.06553831016,0.001335847339,
166218913,-0.0646563402,0.007521042484,
166418933,-0.06300581731,0.01339692359,
166618953,-0.06075254831,0.01857200161,
166818973,-0.05730275382,0.02382951238,
167018992,-0.05323889235,0.02869857471,
167219012,-0.04877220084,0.03298289347,
167419032,-0.04360911636,0.03654118139,
167619052,-0.03831896966,0.03943931979,
167819071,-0.03231131145,0.04142712454,
168019091,-0.02625033961,0.0425844529,
168219111,-0.01991978298,0.04292538408,
168419131,-0.01375095824,0.04246337585,
168619150,-0.007617887119,0.04102649953,
168819170,-0.001619106511,0.03883226731,
169019190,0.004083997392,0.03541486697,
169219210,0.009373170359,0.03167296083,
169419229,0.01394102038,0.02709937455,
169619249,0.01818101035,0.02141459915,
169819269,0.02168943898,0.01585283842,
170019289,0.02411087283,0.009129311558,
170219308,0.02567001304,0.002245109617,
170419328,0.02636807831,-0.004872872796,
170619348,0.02623610017,-0.01210663409,
170819368,0.02527589841,-0.01961766029,
171019387,0.02306871198,-0.0268459823,
171219407,0.02031324364,-0.0341820719,
171419427,0.0165065988,-0.04126304845,
171619447,0.01177215824,-0.04762232543,
171819466,0.006162588764,-0.05368168271,
172019486,-0.0003815420591,-0.05902607794,
172219506,-0.007438898007,-0.06402349476,
172419526,-0.01549388373,-0.06785243622,
172619545,-0.02387681891,-0.0706623719,
172819565,-0.03298729404,-0.07346033812,
173019585,-0.04220965326,-0.07480424032,
173219605,-0.0517476867,-0.07459738575,
173419624,-0.06204382418,-0.07398648159,
173619644,-0.0715394933,-0.07179406414,
173819664,-0.08179833464,-0.06933660718,
174019684,-0.09101727994,-0.06536623753,
174219703,-0.1003830576,-0.06037104031,
174419723,-0.1091860975,-0.05396392311,
174619743,-0.1177754016,-0.04666582927,
174819763,-0.1252448789,-0.03876930689,
175019782,-0.1319588227,-0.03006058094,
175219802,-0.1382129602,-0.02018075827,
175419822,-0.143639677,-0.01017511966,
175619842,-0.1480515068,0.0007876669625,
175819861,-0.1515852759,0.01191376374,
176019881,-0.1536441481,0.02400754213,
176219901,-0.1544200476,0.03655118378,
176419921,-0.1545211144,0.04820065968,
176619940,-0.1525265718,0.06015818182,
176819960,-0.1508772163,0.07211549781,
177019980,-0.1475198595,0.08417643977,
177220000,-0.1420424122,0.09652647625,
177420019,-0.1366680074,0.1068053267,
177620039,-0.1298304356,0.1180902076,
177820059,-0.1221406882,0.1277321679,
178020079,-0.1132290924,0.136804747,
178220098,-0.1039071582,0.1453162093,
178420118,-0.09386018992,0.1524240755,
178620138,-0.08325492542,0.1591977845,
178820158,-0.07222733952,0.1642340987,
179020177,-0.05980256358,0.1695174486,
179220197,-0.04774907954,0.1722343868,
179420217,-0.03564659045,0.1746395893,
179620237,-0.0237758198,0.1756834984,
179820256,-0.01203898538,0.1761835764,
180020276,0.0002044743194,0.1750681831,
180220296,0.011617926,0.1730670001,
180420316,0.02269629999,0.1695629779,
180620335,0.03430384359,0.1654083993,
180820355,0.04397697503,0.1610200578,
181020375,0.05391740288,0.1552524578,
181220395,0.06276762789,0.1486389651,
181420414,0.07141899054,0.14165406,
181620434,0.07826959729,0.1346754941,
181820454,0.08504676848,0.1264991075,
182020474,0.09047638432,0.1179637191,
182220493,0.09573043616,0.1086494105,
182420513,0.09932647645,0.1001952549,
182620533,0.1031640166,0.09127011358,
182820553,0.1048891634,0.08257664002,
183020572,0.1065229345,0.07338387174,
183220592,0.1070015365,0.0652135154,
183420612,0.1067989873,0.05713976351,
183620632,0.1060172968,0.04908259932,
183820651,0.1043681475,0.04126721866,
184020671,0.102310596,0.03430619745,
184220691,0.09987112834,0.02779272513,
184420711,0.09665432845,0.02166791902,
184620730,0.09323745304,0.01610892268,
184820750,0.08929513709,0.01124034904,
185020770,0.08530189808,0.007035734098,
185220790,0.08149150699,0.003343604613,
185420809,0.07776588664,4.153316813e-05,
185620829,0.07340428099,-0.002600568914,
185820849,0.06912965216,-0.004446021423,
186020869,0.06540827458,-0.006349830304,
186220888,0.06152583665,-0.00742898946,
186420908,0.05779011639,-0.008105392005,
186620928,0.05490491587,-0.008419584869,
186820948,0.05224702945,-0.008191104678,
187020968,0.0497327705,-0.008449235543,
187220987,0.04769135256,-0.007850547981,
187421007,0.04534381933,-0.007171599792,
187621027,0.04381340998,-0.006448606114,
187821047,0.04292959575,-0.005552399332,
188021066,0.04154858585,-0.005127022574,
188221086,0.04122074888,-0.004081701441,
188421106,0.0409421214,-0.0037184164,
188621126,0.04060238376,-0.003363128296,
188821145,0.04140875164,-0.003064918451,
189021165,0.04157076743,-0.003051691347,
189221185,0.04159889768,-0.003490700303,
189421205,0.04224483636,-0.00383622864,
189621224,0.0421436771,-0.004612613936,
189821244,0.04347200954,-0.00556457252,
190021264,0.04359202188,-0.006759196846,
190221284,0.04379426257,-0.008156992623,
190421303,0.0440420821,-0.009864139501,
190621323,0.04394862235,-0.01162410873,
190821343,0.04411320085,-0.01363271415,
191021363,0.04306098939,-0.01568617844,
191221382,0.04298741626,-0.01792554404,
191421402,0.04195393591,-0.0200784845,
191621422,0.04023488016,-0.02242629476,
191821442,0.03893230624,-0.02460395143,
192021461,0.03681884691,-0.02665610609,
192221481,0.03491877404,-0.02862378647,
192421501,0.03244353835,-0.03043387322,
192621521,0.02979572536,-0.03206648621,
192821540,0.02678549757,-0.03379256369,
193021560,0.02393876406,-0.03492518005,
193221580,0.02054596705,-0.03547150838,
193421600,0.01685486467,-0.03604640839,
193621619,0.01312414979,-0.03567157017,
193821639,0.009681578891,-0.0353965555,
194021659,0.005840643399,-0.03452006476,
194221679,0.002719613443,-0.03348896172,
194421698,-0.0007167251693,-0.03204116668,
194621718,-0.003773551466,-0.02989225156,
194821738,-0.006836193582,-0.02744073913,
195021758,-0.009412029349,-0.02467990544,
195221777,-0.01176862808,-0.02158719047,
195421797,-0.01351597486,-0.01850740885,
195621817,-0.01519102376,-0.01490941197,
195821837,-0.01608726397,-0.01115412288,
196021856,-0.01666042564,-0.007533549541,
196221876,-0.01678425384,-0.004151981043,
196421896,-0.01622771064,-0.0003806013132,
196621916,-0.01533148264,0.002843282067,
196821935,-0.01408563608,0.005976277349,
197021955,-0.01291227403,0.009293083826,
197221975,-0.01086930325,0.01301625114,
197421995,-0.008396100445,0.01577231853,
197622014,-0.005789386536,0.01819213201,
197822034,-0.003017166615,0.02007591647,
198022054,0.0001013711066,0.02180049019,
198222074,0.003168340582,0.02328773864,
198422093,0.006563449901,0.02421558652,
198622113,0.009858851489,0.02476039882,
198822133,0.01308148969,0.02477077161,
199022153,0.01653600534,0.02451020089,
199222172,0.01956373998,0.02350179909,
199422192,0.02290800121,0.02282835837,
199622212,0.02565905526,0.02117861223,
199822232,0.02849955268,0.019670812,
200022251,0.03069829834,0.01747239407,
200222271,0.03297058996,0.01502249915,
200422291,0.03450737636,0.01249417067,
200622311,0.03624053599,0.0100933333,
200822330,0.03768736036,0.007064315628,
201022350,0.03833242706,0.004088323536,
201222370,0.03861634108,0.001210566148,
201422390,0.03885066314,-0.001742753809,
201622409,0.0385267614,-0.004868487561,
201822429,0.03818369423,-0.007355344938,
202022449,0.0370745683,-0.01025404199,
202222469,0.03608152577,-0.01260105974,
202422488,0.03403113936,-0.01485719161,
202622508,0.03216104315,-0.01715646949,
202822528,0.03059204122,-0.01863589109,
203022548,0.02843834379,-0.02003841576,
203222567,0.02643204705,-0.02132861624,
203422587,0.02380725235,-0.02220939554,
203622607,0.02153555556,-0.02268580274,
203822627,0.0192563532,-0.02274094609,
204022646,0.01728941724,-0.02274349475,
204222666,0.01498649417,-0.02242109895,
204422686,0.0127983517,-0.02164451197,
204622706,0.01104760318,-0.02100696025,
204822725,0.009338921857,-0.01971494041,
205022745,0.007868893391,-0.01851574877,
205222765,0.006689436938,-0.01718381822,
205422785,0.005485776849,-0.01548021221,
205622804,0.005138846212,-0.01377050762,
205822824,0.004642779797,-0.01195926361,
206022844,0.004576531201,-0.01056130269,
206222864,0.004903983012,-0.008927852948,
206422883,0.005421879416,-0.007437580569,
206622903,0.005947683642,-0.005935317419,
206822923,0.006897149327,-0.004682811929,
207022943,0.0081911824,-0.003562431622,
207222962,0.009305191403,-0.002699574098,
207422982,0.01075462323,-0.00235442958,
207623002,0.01247290324,-0.001712180244,
207823022,0.0140861403,-0.001645896705,
208023041,0.01544354607,-0.001698120032,
208223061,0.01719815548,-0.002359046028,
208423081,0.0184674199,-0.003240857051,
208623101,0.01974127741,-0.004068157498,
208823120,0.021009281,-0.005127587957,
209023140,0.02164276003,-0.006843765741,
209223160,0.02262740892,-0.008199084782,
209423180,0.02314532414,-0.009957810755,
209623199,0.02331678819,-0.01160211252,
209823219,0.02328253458,-0.0135183045,
210023239,0.02324942165,-0.01547764241,
210223259,0.02224740605,-0.01736233756,
210423278,0.02160203709,-0.01933300968,
210623298,0.02045417841,-0.02084189514,
210823318,0.01881941793,-0.02224670724,
211023338,0.01715178144,-0.02405547458,
211223357,0.01490012436,-0.02523446435,
211423377,0.01265833652,-0.02662522905,
211623397,0.01026165008,-0.02693599913,
211823417,0.007762930218,-0.02752262513,
212023436,0.004846643863,-0.02718990893,
212223456,0.002355163186,-0.02708727088,
212423476,-0.0004575631688,-0.02645230713,
212623496,-0.003528845148,-0.02515749738,
212823515,-0.006065131184,-0.02365091603,
213023535,-0.00841532243,-0.02173816269,
213223555,-0.01111801962,-0.01917929233,
213423575,-0.01275019687,-0.01713030278,
213623595,-0.01450990961,-0.01396176229,
213823614,-0.01587976377,-0.01040869648,
214023634,-0.01703595821,-0.006489931673,
214223654,-0.017421191,-0.00297920517,
214423674,-0.01739502147,0.0008645245748,
214623693,-0.01675421297,0.004722490058,
214823713,-0.01565482843,0.008682053197,
215023733,-0.01406422158,0.01309213406,
215223753,-0.01168608378,0.01665935757,
215423772,-0.009323361198,0.0204522417,
215623792,-0.006291905806,0.0237684476,
215823812,-0.002704872535,0.02670573385,
216023832,0.001158284774,0.02944107363,
216223851,0.005531991578,0.03174172003,
216423871,0.01026129672,0.03376014576,
216623891,0.01521498029,0.03483839392,
216823911,0.02039205214,0.03567431977,
217023930,0.02571455158,0.03573372245,
217223950,0.03113712265,0.03537002519,
217423970,0.03652400652,0.03406455062,
217623990,0.04188348251,0.03262924021,
217824009,0.0470140549,0.030308527,
218024029,0.05219529775,0.02729102724,
218224049,0.05668013919,0.02399890638,
218424069,0.06137217305,0.01984305969,
218624088,0.06518904496,0.01508881832,
218824108,0.06917755471,0.01028310487,
219024128,0.0722588697,0.004874608295,
219224148,0.07508030601,-0.001415531155,
219424167,0.07699965456,-0.008009905472,
219624187,0.07777776574,-0.01419113411,
219824207,0.07868266901,-0.02085168799,
220024227,0.07878168033,-0.02777112468,
220224246,0.07779536498,-0.03464122496,
220424266,0.07593342232,-0.04137409188,
220624286,0.07423902663,-0.04792390698,
220824306,0.07101903991,-0.05403426578,
221024325,0.06722490543,-0.06069862507,
221224345,0.0630476599,-0.06624831519,
221424365,0.05772571497,-0.07125005857,
221624385,0.05247241002,-0.0760769375,
221824404,0.04658751031,-0.07994019033,
222024424,0.04069871056,-0.08326352498,
222224444,0.03408789154,-0.0861477799,
222424464,0.02760848382,-0.08819210309,
222624483,0.02023597209,-0.08941852594,
222824503,0.01252910247,-0.09011882474,
223024523,0.005582271352,-0.08980739299,
223224543,-0.001553245525,-0.08892060382,
223424562,-0.008299044541,-0.08749537906,
223624582,-0.01502205502,-0.08485723896,
223824602,-0.02152956304,-0.08186378194,
224024622,-0.02723358287,-0.07821700309,
224224641,-0.03247294199,-0.0736369663,
224424661,-0.03726686075,-0.0689765296,
224624681,-0.04171457716,-0.06357442193,
224824701,-0.04530394695,-0.05800143576,
225024720,-0.04820986283,-0.05158829507,
225224740,-0.0504360079,-0.04581515404,
225424760,-0.05230123707,-0.03932343485,
225624780,-0.05295556812,-0.0327318896,
225824799,-0.05288248839,-0.02659860573,
226024819,-0.05194636963,-0.02011514954,
226224839,-0.05051686758,-0.01403528762,
226424859,-0.04839164404,-0.008090234517,
226624878,-0.04588886713,-0.002870593711,
226824898,-0.04224270966,0.002125968641,
227024918,-0.03843906847,0.006169280181,
227224938,-0.03383884952,0.01039160335,
227424957,-0.02916872501,0.01339756144,
227624977,-0.02382641858,0.01590659436,
227824997,-0.01837370858,0.0175626024,
228025017,-0.01313467641,0.01869091548,
228225036,-0.007565156542,0.01894409271,
228425056,-0.002355939415,0.01859582345,
228625076,0.002783281829,0.01761921972,
228825096,0.007999327853,0.01607918214,
229025115,0.01245143613,0.01354850004,
229225135,0.01671535229,0.01060549814,
229425155,0.02034015194,0.00733317413,
229625175,0.02330674649,0.003542461404,
229825194,0.02602022504,-0.000475232376,
230025214,0.02832455894,-0.005050070016,
230225234,0.03027516515,-0.009710383999,
230425254,0.03062201398,-0.01474213201,
230625273,0.03110111684,-0.01943603218,
230825293,0.03064747815,-0.0241777848,
231025313,0.02953156987,-0.02881678825,
231225333,0.02799233397,-0.03342165571,
231425352,0.0256615697,-0.03781793698,
231625372,0.02317001793,-0.04161744864,
231825392,0.01945802006,-0.04531705169,
232025412,0.01585962759,-0.04813358262,
232225431,0.01159119118,-0.05067845687,
232425451,0.007154477951,-0.05332721007,
232625471,0.002324091494,-0.05482637295,
232825491,-0.002758670535,-0.05565181358,
233025510,-0.007666183086,-0.05587878415,
233225530,-0.01263725218,-0.05537828808,
233425550,-0.01807128645,-0.05423252278,
233625570,-0.022577029,-0.05306681808,
233825589,-0.02756837727,-0.05083413159,
234025609,-0.03188208558,-0.04830418014,
234225629,-0.03556596238,-0.04466345395,
234425649,-0.03974511956,-0.04079794345,
234625668,-0.04240615917,-0.03654943293,
234825688,-0.04523505491,-0.03145574781,
235025708,-0.04740784435,-0.02666611464,
235225728,-0.04929959922,-0.02162792572,
235425747,-0.04986742102,-0.01544341108,
235625767,-0.04996732948,-0.01029378155,
235825787,-0.04985874841,-0.004863382348,
236025807,-0.04821338161,0.0007922582747,
236225826,-0.04630384104,0.006451351883,
236425846,-0.04418235672,0.01128213535,
236625866,-0.04043786163,0.01611577782,
236825886,-0.03690892246,0.02043307298,
237025905,-0.03266561753,0.02402428444,
237225925,-0.02778895857,0.02748461407,
237425945,-0.02263740959,0.02984065398,
237625965,-0.01707869128,0.03179098583,
237825984,-0.01150615842,0.0330949372,
238026004,-0.006250571467,0.03374536208,
238226024,-0.0007849383511,0.03359967273,
238426044,0.00501508141,0.03286284701,
238626063,0.01035071854,0.03111817818,
238826083,0.01555791546,0.02972868011,
239026103,0.02041790846,0.02694231003,
239226123,0.02461583113,0.02367229258,
239426142,0.02856946464,0.02010815647,
239626162,0.03204469268,0.01609421178,
239826182,0.0353695505,0.01177353815,
240026202,0.03768780189,0.007116599707,
240226222,0.03932561518,0.002223103437,
240426241,0.04068912134,-0.002751815189,
240626261,0.04154112932,-0.007788044761,
240826281,0.0415740252,-0.01285975181,
241026301,0.04098832503,-0.01801158173,
241226320,0.03978629591,-0.02280492134,
241426340,0.03763919515,-0.02732971111,
241626360,0.0356738998,-0.03184468327,
241826380,0.03303622546,-0.0357044638,
242026399,0.03001513224,-0.03917716394,
242226419,0.02616101524,-0.04223684374,
242426439,0.02268092152,-0.04527425618,
242626459,0.01845695952,-0.04729247584,
242826478,0.01412887121,-0.04883566859,
243026498,0.00989260281,-0.04962569812,
243226518,0.005494029377,-0.05014028019,
243426538,0.001161503218,-0.05026028426,
243626557,-0.002919875236,-0.04925715034,
243826577,-0.007402950678,-0.04802618724,
244026597,-0.01104362012,-0.0464944242,
244226617,-0.01450485008,-0.04444304205,
244426636,-0.01762067233,-0.04197495959,
244626656,-0.0206134731,-0.03915554646,
244826676,-0.02292645387,-0.03575538849,
245026696,-0.02484628162,-0.03247098473,
245226715,-0.02579541961,-0.0286539153,
245426735,-0.02633993844,-0.02513052183,
245626755,-0.02664258973,-0.02160579865,
245826775,-0.02632588234,-0.01762599454,
246026794,-0.02538040874,-0.01446070615,
246226814,-0.02410072357,-0.01132517413,
246426834,-0.02247504911,-0.008109940645,
246626854,-0.0200020088,-0.004789610072,
246826873,-0.01746246401,-0.003139104546,
247026893,-0.01445560424,-0.0009955572925,
247226913,-0.01029916462,0.0003412630816,
247426933,-0.007147153919,0.001599800303,
247626952,-0.00403101705,0.002454151635,
247826972,-0.0006687555305,0.00157422533,
248026992,0.002990116141,0.0005261486926,
248227012,0.006358573669,-0.0006076377755,
248427031,0.00939545972,-0.002268624189,
248627051,0.01248293697,-0.004327204104,
248827071,0.01532618032,-0.006735277313,
249027091,0.01746822775,-0.009852608345,
249227110,0.01995336395,-0.01314774546,
249427130,0.02125165582,-0.01663411504,
249627150,0.02244036921,-0.02030987873,
249827170,0.02258514598,-0.02427287156,
250027189,0.02306035117,-0.02854257253,
250227209,0.02237615284,-0.03249761955,
250427229,0.02102197776,-0.03666230365,
250627249,0.01948057944,-0.04077004771,
250827268,0.01754185329,-0.04464300926,
251027288,0.01458235312,-0.04804509067,
251227308,0.01164938757,-0.05138799675,
251427328,0.007781752034,-0.05406244715,
251627347,0.004474951463,-0.05689337463,
251827367,-0.0002915657726,-0.05891845155,
252027387,-0.004531139503,-0.06011116979,
252227407,-0.009726530189,-0.06095384378,
252427426,-0.01457617389,-0.06192598886,
252627446,-0.02008281955,-0.06163633416,
252827466,-0.02448397233,-0.06083655972,
253027486,-0.0292035001,-0.05950213129,
253227505,-0.03454158678,-0.05700579942,
253427525,-0.03883970424,-0.05482251918,
253627545,-0.04307353349,-0.05146621944,
253827565,-0.04717557063,-0.04850531255,
254027584,-0.05047806636,-0.04473332338,
254227604,-0.05378103362,-0.04011423892,
254427624,-0.05643677683,-0.03540977692,
254627644,-0.05781809415,-0.03032452863,
254827663,-0.05992845077,-0.02552364678,
255027683,-0.06071324803,-0.02010971943,
255227703,-0.06082633346,-0.01446351975,
255427723,-0.06022581137,-0.009644853381,
255627742,-0.05892140906,-0.00426583115,
255827762,-0.05756347429,0.00057076912,
256027782,-0.05538284313,0.005264543179,
256227802,-0.05251914442,0.009942896172,
256427821,-0.04951924857,0.01436662744,
256627841,-0.04547716024,0.01794763736,
256827861,-0.04193347508,0.02117402721,
257027881,-0.03716764633,0.02385438097,
257227900,-0.03311129146,0.02587741953,
257427920,-0.02778425499,0.02712960029,
257627940,-0.02304332308,0.02817792018,
257827960,-0.01829635462,0.02828679784,
258027979,-0.01343002609,0.02781266866,
258227999,-0.008381510694,0.02684440181,
258428019,-0.003999711114,0.02530780921,
258628039,0.0001667827301,0.02321660488,
258828058,0.003909610399,0.02056624255,
259028078,0.00695420522,0.01746171651,
259228098,0.0102444828,0.01409802466,
259428118,0.01245449289,0.01052618936,
259628137,0.01427591083,0.006527955888,
259828157,0.01575991631,0.00242977397,
260028177,0.01618391363,-0.001836436684,
260228197,0.01676635226,-0.005867979097,
260428216,0.0161208908,-0.01003470856,
260628236,0.01490382588,-0.01417937285,
260828256,0.01346473284,-0.01786368965,
261028276,0.0114876232,-0.02130367406,
261228295,0.009011358015,-0.02459217053,
261428315,0.006341543853,-0.02756094477,
261628335,0.002926840672,-0.0297703178,
261828355,-0.0008955001087,-0.0315699011,
262028374,-0.00420211553,-0.03324591533,
262228394,-0.008498311504,-0.03402126759,
262428414,-0.01242993194,-0.0343472347,
262628434,-0.01649400838,-0.03386559375,
262828453,-0.02063470743,-0.03307898087,
263028473,-0.02475017089,-0.03113390232,
263228493,-0.02821013737,-0.02937633475,
263428513,-0.03165773456,-0.02663174452,
263628532,-0.03450125257,-0.02341655055,
263828552,-0.03720482576,-0.020158584,
264028572,-0.03951963718,-0.01659376124,
264228592,-0.04104136852,-0.01202439793,
264428611,-0.04213034897,-0.007959206209,
264628631,-0.04275904364,-0.003194390192,
264828651,-0.04245402865,0.001436328538,
265028671,-0.04171839239,0.005900043573,
265228690,-0.04032406046,0.01058206228,
265428710,-0.03793437087,0.01510141594,
265628730,-0.03553418667,0.01920046237,
265828750,-0.03268463312,0.02314204013,
266028769,-0.02913997178,0.02664461162,
266228789,-0.024846666,0.02954090198,
266428809,-0.02024998343,0.03217503369,
266628829,-0.01539299031,0.03376048068,
266828849,-0.0104977882,0.0354596749,
267028868,-0.005259995415,0.03622312691,
267228888,0.0002632030074,0.03625257445,
267428908,0.005606965806,0.03560718134,
267628928,0.01092746586,0.03456427087,
267828947,0.01590185444,0.03228812232,
268028967,0.02089708168,0.03016200388,
268228987,0.02548577808,0.02661487081,
268429007,0.02967121717,0.02296608126,
268629026,0.03373303314,0.01899358233,
268829046,0.03681301873,0.01447403674,
269029066,0.03995609451,0.009353429569,
269229086,0.04216501527,0.004069372989,
269429105,0.04356365113,-0.001357152291,
269629125,0.04448718376,-0.007074219332,
269829145,0.04447090845,-0.01296387463,
270029165,0.04376623262,-0.01877693616,
270229184,0.04263735836,-0.0245782502,
270429204,0.04066427007,-0.02987886219,
270629224,0.03805591569,-0.03537646003,
270829244,0.03500644972,-0.04029226437,
271029263,0.03109176174,-0.04458099329,
271229283,0.02740284307,-0.0487904151,
271429303,0.02249959112,-0.05229411285,
271629323,0.01718239357,-0.05480736677,
271829342,0.01155253087,-0.05740708531,
272029362,0.006274636611,-0.05887977237,
272229382,0.0003574354438,-0.05975828133,
272429402,-0.005452817104,-0.0603892372,
272629421,-0.01129433983,-0.05941343246,
272829441,-0.01703810524,-0.05846932775,
273029461,-0.02246823112,-0.05627564445,
273229481,-0.02735925847,-0.05420463548,
273429500,-0.03234622761,-0.05074811669,
273629520,-0.03672087915,-0.04681042544,
273829540,-0.04079415185,-0.04264815262,
274029560,-0.04407539588,-0.03814091832,
274229579,-0.04669826683,-0.03290974618,
274429599,-0.04855433567,-0.02776138758,
274629619,-0.0495226719,-0.02194745848,
274829639,-0.0499166351,-0.01624562174,
275029658,-0.04982617864,-0.01077995984,
275229678,-0.04902784047,-0.005175339294,
275429698,-0.04707076592,0.0001004963271,
275629718,-0.04492181993,0.00477837107,
275829737,-0.04142885016,0.009745151547,
276029757,-0.03793594328,0.01391439545,
276229777,-0.03407199433,0.01756721711,
276429797,-0.02895876593,0.0204387881,
276629816,-0.0236830685,0.02299235862,
276829836,-0.01819182482,0.02447721797,
277029856,-0.01309609604,0.02497652211,
277229876,-0.007418820674,0.02517890209,
277429895,-0.001971392219,0.02456161889,
277629915,0.003601112526,0.02288653386,
277829935,0.008600066974,0.02065693325,
278029955,0.01359773259,0.01781342944,
278229974,0.01751423688,0.01451522782,
278429994,0.02128303329,0.01026327448,
278630014,0.02481760067,0.006142817536,
278830034,0.02745441629,0.001274124323,
279030053,0.02969578419,-0.004105981792,
279230073,0.0308665696,-0.009339531743,
279430093,0.03167233024,-0.01492281653,
279630113,0.03147894443,-0.0208358829,
279830132,0.03093816457,-0.02625476771,
280030152,0.02939177537,-0.03214992001,
280230172,0.02717411633,-0.03762449883,
280430192,0.02462309707,-0.04301605487,
280630211,0.0208843591,-0.04784092453,
280830231,0.01741891538,-0.05258320232,
281030251,0.0122418951,-0.05622457577,
281230271,0.007108400459,-0.05969608614,
281430290,0.001256111347,-0.06295825662,
281630310,-0.004629805213,-0.064747273,
281830330,-0.01133703083,-0.06605643797,
282030350,-0.01837470054,-0.0669740728,
282230369,-0.02491562263,-0.06655975303,
282430389,-0.03133986076,-0.06587353743,
282630409,-0.0384405121,-0.06412187734,
282830429,-0.04474160814,-0.06126736578,
283030448,-0.05101924401,-0.05820766697,
283230468,-0.05693039717,-0.0539400075,
283430488,-0.0622435697,-0.04890436219,
283630508,-0.0669341137,-0.04380738743,
283830527,-0.07087220138,-0.03725347865,
284030547,-0.074387119,-0.03064488402,
284230567,-0.07693231937,-0.0236027393,
284430587,-0.07874336898,-0.01629963262,
284630606,-0.07969064235,-0.008733823303,
284830626,-0.07974821378,-0.001373874629,
285030646,-0.078702597,0.006268749459,
285230666,-0.07668597602,0.01395381134,
285430685,-0.07428748786,0.02098551077,
285630705,-0.07006035089,0.02831966273,
285830725,-0.0664016481,0.03507527422,
286030745,-0.06130221007,0.04086084992,
286230764,-0.05503179613,0.04588796197,
286430784,-0.04921004877,0.05065795382,
286630804,-0.04147294554,0.05434362476,
286830824,-0.03422645703,0.05769739506,
287030843,-0.02673547518,0.05959446008,
287230863,-0.01890350306,0.06054797266,
287430883,-0.0105102979,0.06083194536,
287630903,-0.002457462872,0.06010140252,
287830922,0.004902373769,0.05876192647,
288030942,0.01245314361,0.05568009038,
288230962,0.01956500182,0.05248726047,
288430982,0.02655791417,0.04794848443,
288631001,0.03259410799,0.04262946508,
288831021,0.03799004598,0.03678708326,
289031041,0.0428568297,0.03048532405,
289231061,0.0466786106,0.02349233875,
289431080,0.0497349056,0.01615529566,
289631100,0.05182703552,0.008410068385,
289831120,0.05249085576,0.0004951067533,
290031140,0.05337434504,-0.007299208703,
290231159,0.05269403798,-0.01522350025,
290431179,0.05065297316,-0.02293668664,
290631199,0.04828190891,-0.0307436348,
290831219,0.04460689267,-0.03744041405,
291031238,0.04034417875,-0.04454604961,
291231258,0.03510504141,-0.05060056542,
291431278,0.0291571165,-0.05587083507,
291631298,0.02277942209,-0.06053791759,
291831317,0.01567646492,-0.06440202281,
292031337,0.008875624423,-0.06747301694,
292231357,0.001121138836,-0.06932423883,
292431377,-0.00676520768,-0.07038935311,
292631396,-0.01458659618,-0.0704730043,
292831416,-0.02298075472,-0.06965460132,
293031436,-0.03022356638,-0.06774728162,
293231456,-0.03800891562,-0.06522450304,
293431476,-0.0444939936,-0.06158058749,
293631495,-0.05143676944,-0.05760652647,
293831515,-0.05749616987,-0.05207673197,
294031535,-0.06253491721,-0.0459618801,
294231555,-0.06717457393,-0.03978387165,
294431574,-0.07106474867,-0.03283101634,
294631594,-0.07393282293,-0.02535753805,
294831614,-0.07551979959,-0.01781402601,
295031634,-0.07614521258,-0.009795947376,
295231653,-0.0763357935,-0.002049093404,
295431673,-0.07578868836,0.005871375902,
295631693,-0.07335393653,0.01371365377,
295831713,-0.07078048995,0.02118000013,
296031732,-0.06652666171,0.02806920793,
296231752,-0.06209183039,0.03412511162,
296431772,-0.05675301196,0.04002811405,
296631792,-0.05102553939,0.04508775049,
296831811,-0.04400993177,0.04966856617,
297031831,-0.0372402455,0.05298687688,
297231851,-0.02973446285,0.05530080798,
297431871,-0.02243512071,0.0566465473,
297631890,-0.01436021415,0.05726785921,
297831910,-0.006798317319,0.05668796771,
298031930,0.001052485302,0.05542559232,
298231950,0.008506881907,0.05337531921,
298431969,0.01510957843,0.05010121497,
298631989,0.02180289251,0.04586055806,
298832009,0.02765925938,0.04099752767,
299032029,0.03294909788,0.03552285172,
299232048,0.03762909361,0.02954471089,
299432068,0.04137152296,0.02286749534,
299632088,0.04450402024,0.01594320354,
299832108,0.04651110466,0.008567185468,
300032127,0.04794979875,0.0009863408465,
300232147,0.04748823489,-0.006570491741,
300432167,0.04712148015,-0.01403856278,
300632187,0.04547981122,-0.02159807568,
300832206,0.04246909406,-0.02857596838,
301032226,0.03904439994,-0.03528435528,
301232246,0.03513980407,-0.04161768482,
301432266,0.03011466475,-0.04729566628,
301632285,0.02386704099,-0.05210558719,
301832305,0.01780159449,-0.05655046257,
302032325,0.01120260131,-0.0597972827,
302232345,0.003997103067,-0.06254816789,
302432364,-0.003238810423,-0.06429205945,
302632384,-0.01073533979,-0.06544425962,
302832404,-0.01837555952,-0.0654691817,
303032424,-0.02575466968,-0.06378372071,
303232443,-0.03283341898,-0.06212620241,
303432463,-0.04023542391,-0.05967346693,
303632483,-0.04658488266,-0.05563667128,
303832503,-0.0529829211,-0.0505329614,
304032522,-0.05865003866,-0.04553266029,
304232542,-0.06251366573,-0.03982217753,
304432562,-0.06715327706,-0.03402715458,
304632582,-0.06983833443,-0.02693821433,
304832601,-0.07256663351,-0.01986779861,
305032621,-0.07385631412,-0.01285723901,
305232641,-0.07482321379,-0.005714416232,
305432661,-0.07453754154,0.001882650268,
305632680,-0.07293676872,0.009073319038,
305832700,-0.07082229115,0.01590839791,
306032720,-0.06852139562,0.02226049743,
306232740,-0.06407126373,0.02858619917,
306432759,-0.05968096731,0.03438941678,
306632779,-0.05487115646,0.03932746637,
306832799,-0.04896619435,0.04331427337,
307032819,-0.04325658605,0.04667821846,
307232838,-0.03666116313,0.04949580552,
307432858,-0.03012303573,0.05142292208,
307632878,-0.02315731894,0.0518152905,
307832898,-0.01622507731,0.05234017834,
308032917,-0.00956166089,0.05128251967,
308232937,-0.003124835144,0.04922550694,
308432957,0.002987573401,0.04662810302,
308632977,0.009039411427,0.04321811973,
308832996,0.01411219007,0.03900340395,
309033016,0.01833099185,0.03420804506,
309233036,0.02215215729,0.02846045426,
309433056,0.02527156884,0.02291787484,
309633075,0.02746966375,0.01660766766,
309833095,0.02854207509,0.01046800595,
310033115,0.02918905008,0.003593785622,
310233135,0.02867355203,-0.002784065986,
310433154,0.02763280313,-0.009204783089,
310633174,0.02524112505,-0.01561961446,
310833194,0.02205217151,-0.021315934,
311033214,0.01824060041,-0.02669692959,
311233233,0.01363665941,-0.0314712556,
311433253,0.008190697426,-0.03581897507,
311633273,0.002212730838,-0.03902178444,
311833293,-0.003839461178,-0.04194323111,
312033312,-0.01059337196,-0.04366590409,
312233332,-0.01722861763,-0.04479529126,
312433352,-0.02457330042,-0.04512802218,
312633372,-0.03195516918,-0.04412232437,
312833391,-0.03882284033,-0.04211482412,
313033411,-0.04586628965,-0.03954356232,
313233431,-0.05231889943,-0.03613065187,
313433451,-0.0586491793,-0.03142434253,
313633470,-0.06412705003,-0.0267234892,
313833490,-0.06922500012,-0.02059200858,
314033510,-0.07317551194,-0.01359717806,
314233530,-0.07652221828,-0.006462726352,
314433549,-0.07965723227,0.001264394165,
314633569,-0.08134839354,0.009167022436,
314833589,-0.08274767623,0.0172618664,
315033609,-0.08238655949,0.02559328464,
315233628,-0.08046610696,0.033997204,
315433648,-0.07851885615,0.04253224284,
315633668,-0.07498791474,0.05020380747,
315833688,-0.07164968654,0.05783995407,
316033707,-0.06669381849,0.06526217434,
316233727,-0.06097734944,0.07216267394,
316433747,-0.05467279009,0.07794511999,
316633767,-0.04698316825,0.08340201025,
316833786,-0.03914948232,0.08758439103,
317033806,-0.03151342559,0.09148862027,
317233826,-0.02277995455,0.09389207666,
317433846,-0.01330032313,0.09607961358,
317633865,-0.004162687533,0.09666501935,
317833885,0.004329928563,0.09582407448,
318033905,0.01338911054,0.09489235795,
318233925,0.0222416199,0.0924325026,
318433944,0.03027305375,0.08961122721,
318633964,0.03866468376,0.08506265902,
318833984,0.04573497279,0.08024928916,
319034004,0.0529408158,0.07467659435,
319234023,0.05911720019,0.06802225631,
319434043,0.06421596378,0.06076632855,
319634063,0.06950625909,0.05277141393,
319834083,0.07270162641,0.04465539428,
320034103,0.07491395097,0.03678237082,
320234122,0.0770072666,0.02794897176,
320434142,0.07766806184,0.01974767426,
320634162,0.07711464486,0.01110716807,
320834182,0.07588027479,0.002853924097,
321034201,0.0737165398,-0.005248089789,
321234221,0.07057506998,-0.01295458132,
321434241,0.0665417553,-0.01998716373,
321634261,0.06181567826,-0.02644164167,
321834280,0.05675825961,-0.03252532987,
322034300,0.05037517371,-0.03736138879,
322234320,0.04384939012,-0.04171085579,
322434340,0.03734081022,-0.04536201665,
322634359,0.02988582348,-0.04797260663,
322834379,0.02259352175,-0.04915791309,
323034399,0.01506833763,-0.05025301653,
323234419,0.007958590638,-0.05005674312,
323434438,0.0009899394772,-0.04875651856,
323634458,-0.005775628283,-0.04677280035,
323834478,-0.01219647842,-0.04413163191,
324034498,-0.01821897434,-0.0404852019,
324234517,-0.02374238019,-0.03600251315,
324434537,-0.02820794325,-0.03114691978,
324634557,-0.03196900323,-0.02569050721,
324834577,-0.03500615964,-0.01976106028,
325034596,-0.03689704032,-0.01330654883,
325234616,-0.03869182235,-0.007580604647,
325434636,-0.03877879179,-0.001248252614,
325634656,-0.03843083684,0.005104857017,
325834675,-0.03723292068,0.01121626519,
326034695,-0.03500455126,0.01686784954,
326234715,-0.03204214706,0.02212298388,
326434735,-0.02888781412,0.02691718034,
326634754,-0.02455313432,0.03135020554,
326834774,-0.02026478376,0.03472298415,
327034794,-0.01530537827,0.03781788544,
327234814,-0.0098738207,0.03994594119,
327434833,-0.004124570195,0.04130216956,
327634853,0.001452278136,0.04237249765,
327834873,0.007128145138,0.0420545304,
328034893,0.01252161109,0.04114644403,
328234912,0.01809404478,0.04025015258,
328434932,0.02309170518,0.03743877518,
328634952,0.02788330838,0.03468597345,
328834972,0.03181682357,0.03120016004,
329034991,0.03618594045,0.02697651011,
329235011,0.03903222502,0.02273044804,
329435031,0.04195501971,0.01748863614,
329635051,0.04390740209,0.01237630073,
329835070,0.04494571562,0.006691645287,
330035090,0.04539836471,0.001055235874,
330235110,0.04460399185,-0.004645331559,
330435130,0.04406886111,-0.01038412863,
330635149,0.04121405516,-0.01562835479,
330835169,0.03858237074,-0.02095180382,
331035189,0.03614004654,-0.02588415738,
331235209,0.03188828815,-0.03017429877,
331435228,0.02744061781,-0.03380804334,
331635248,0.02216552821,-0.03677621143,
331835268,0.01648040727,-0.03946080785,
332035288,0.01058817373,-0.04139630737,
332235307,0.004432436068,-0.04205060784,
332435327,-0.001537384959,-0.04237970978,
332635347,-0.007891114178,-0.04125108023,
332835367,-0.0137604638,-0.04005289686,
333035386,-0.01979891156,-0.0375783692,
333235406,-0.02537284299,-0.03454248937,
333435426,-0.03036550679,-0.03039873666,
333635446,-0.03489010748,-0.02563006587,
333835465,-0.03920638868,-0.02092750399,
334035485,-0.04240351123,-0.01509020144,
334235505,-0.04466023542,-0.008372056662,
334435525,-0.04662140955,-0.002081055574,
334635544,-0.04756497551,0.004927567694,
334835564,-0.04674012885,0.0118889153,
335035584,-0.04637372122,0.01889744127,
335235604,-0.0443214395,0.02542501466,
335435623,-0.04164493892,0.03201876657,
335635643,-0.03799984085,0.0387404219,
335835663,-0.03413191894,0.04416473326,
336035683,-0.02904424227,0.04951383136,
336235702,-0.02339660941,0.05408273877,
336435722,-0.01702677014,0.05839893704,
336635742,-0.01028454026,0.06148215844,
336835762,-0.002846895338,0.06326701254,
337035781,0.004604650687,0.06521774934,
337235801,0.01249466574,0.06563542313,
337435821,0.01986964835,0.06562569766,
337635841,0.0278419238,0.06400536337,
337835860,0.03504275436,0.06141909025,
338035880,0.04302175053,0.05869751136,
338235900,0.04944928893,0.05406561413,
338435920,0.05603029639,0.04903242153,
338635939,0.0621515941,0.0435356294,
338835959,0.06715226838,0.03734697561,
339035979,0.07142890761,0.0303134488,
339235999,0.07531329646,0.02265731014,
339436018,0.07783899833,0.01439955171,
339636038,0.07992391535,0.006233379436,
339836058,0.08043220267,-0.002495048344,
340036078,0.07997218947,-0.01054571164,
340236097,0.07901118361,-0.01913902652,
340436117,0.07638154516,-0.02732353758,
340636137,0.07349987318,-0.03592275696,
340836157,0.06901933596,-0.0437241742,
341036176,0.06390001988,-0.05062271818,
341236196,0.05792878394,-0.05655352516,
341436216,0.05056016816,-0.06282926886,
341636236,0.04324007298,-0.06772646466,
341836255,0.0360085691,-0.07167957612,
342036275,0.02745205344,-0.07468430115,
342236295,0.01917484373,-0.07734379212,
342436315,0.009849585361,-0.07818976083,
342636334,0.001263752894,-0.07855837768,
342836354,-0.008083708925,-0.07725083762,
343036374,-0.01624186151,-0.07545126278,
343236394,-0.02479649781,-0.07254680695,
343436413,-0.03293579816,-0.0683104344,
343636433,-0.040239577,-0.06307967855,
343836453,-0.04718975029,-0.05744060614,
344036473,-0.05328299531,-0.05108455677,
344236492,-0.05857242614,-0.04375822521,
344436512,-0.06275564714,-0.03649195759,
344636532,-0.06644834401,-0.0281350119,
344836552,-0.06858142725,-0.01879155724,
345036571,-0.06987479435,-0.01044737911,
345236591,-0.07012820294,-0.002039222848,
345436611,-0.06972719261,0.006492436166,
345636631,-0.06741990534,0.01510371367,
345836650,-0.0646796767,0.0234670961,
346036670,-0.06105875686,0.03122855015,
346236690,-0.05643976129,0.03820455438,
346436710,-0.05106637261,0.04415754741,
346636729,-0.04427761515,0.04991369533,
346836749,-0.0379494958,0.05479049391,
347036769,-0.03038813206,0.05843687508,
347236789,-0.02295979753,0.06098159944,
347436809,-0.01526913008,0.06270157276,
347636828,-0.007517068246,0.06371785941,
347836848,0.0003577236112,0.06323364531,
348036868,0.008517065776,0.06168961375,
348236888,0.01562605081,0.05990454449,
348436907,0.02250133673,0.05645526341,
348636927,0.0288309315,0.05281294406,
348836947,0.03444068431,0.04745950258,
349036967,0.03956522373,0.0414613828,
349236986,0.04384811578,0.03524204045,
349437006,0.04699040864,0.02839212489,
349637026,0.04916143233,0.02146416672,
349837046,0.05049352538,0.01372864414,
350037065,0.05034383889,0.006435689583,
350237085,0.04997014474,-0.001338290894,
350437105,0.04749615497,-0.00888000949,
350637125,0.04431473188,-0.01606161514,
350837144,0.04014072122,-0.0227627513,
351037164,0.03515895463,-0.02896511122,
351237184,0.02853059601,-0.03447778196,
351437204,0.02141668555,-0.03901005862,
351637223,0.01403023696,-0.0423355997,
351837243,0.006029178183,-0.04514701108,
352037263,-0.002955527629,-0.04652683462,
352237283,-0.01174287452,-0.04705422768,
352437302,-0.02101346815,-0.04599724238,
352637322,-0.0303154256,-0.04367611021,
352837342,-0.03896983654,-0.04046836769,
353037362,-0.04782238683,-0.0356772591,
353237381,-0.05646669105,-0.02993760969,
353437401,-0.06377843961,-0.02276906207,
353637421,-0.07099182394,-0.01452120916,
353837441,-0.07745632014,-0.005568531851,
354037460,-0.08203100294,0.004219908879,
354237480,-0.08632394263,0.01476450836,
354437500,-0.08979333507,0.02579656016,
354637520,-0.0914642545,0.03760723217,
354837539,-0.09168540866,0.04992339327,
355037559,-0.09008337338,0.06233975365,
355237579,-0.08749167004,0.07492001659,
355437599,-0.08505040043,0.08719870047,
355637618,-0.07905580757,0.09865125312,
355837638,-0.07272462903,0.1104857702,
356037658,-0.06549633354,0.1220196278,
356237678,-0.05528859364,0.1325933155,
356437697,-0.04559279085,0.1420051662,
356637717,-0.03365756981,0.1502146774,
356837737,-0.02199240055,0.1576524143,
357037757,-0.009110160675,0.1641669876,
357237776,0.004542793869,0.1704430756,
357437796,0.01886143569,0.1741991763,
357637816,0.0331222399,0.1754880527,
357837836,0.04842406971,0.1766384116,
358037855,0.06245853733,0.1765827006,
358237875,0.07827303621,0.174645954,
358437895,0.09274737552,0.171199303,
358637915,0.1069285126,0.1680317409,
358837934,0.1210961098,0.1611699699,
359037954,0.1340925803,0.1537053737,
359237974,0.1476977422,0.1462421386,
359437994,0.1592530272,0.1360929919,
359638013,0.1688533599,0.1249038988,
359838033,0.1794602991,0.1130817004,
360038053,0.1878189987,0.1008896459,
360238073,0.1966270157,0.08881136479,
360438092,0.2025821818,0.07545824188,
360638112,0.2083199611,0.06246094509,
360838132,0.2106383302,0.046327497,
361038152,0.2145483216,0.03411686217,
361238171,0.2152361533,0.01942385524,
361438191,0.2150361307,0.003970033393,
361638211,0.213917515,-0.008839454019,
361838231,0.2106932691,-0.02273494842,
362038250,0.2081554031,-0.03617729707,
362238270,0.2038451257,-0.04851276444,
362438290,0.1972714191,-0.05999449822,
362638310,0.1902433215,-0.07088708718,
362838329,0.1825039564,-0.0810409119,
363038349,0.1740112866,-0.0907511868,
363238369,0.1654532417,-0.1000227665,
363438389,0.1567272712,-0.1072207225,
363638408,0.1461668931,-0.1141934021,
363838428,0.1371185059,-0.1188143134,
364038448,0.1267826751,-0.1236151171,
364238468,0.1153899958,-0.1259969643,
364438487,0.1070763237,-0.1277512581,
364638507,0.0968573649,-0.1299965323,
364838527,0.08636547204,-0.130294537,
365038547,0.07765228622,-0.1288382364,
365238566,0.06911196494,-0.1271652285,
365438586,0.06080017742,-0.1248900912,
365638606,0.05336225616,-0.1220456642,
365838626,0.04638452826,-0.1184959082,
366038645,0.04025748373,-0.1146292695,
366238665,0.03541720127,-0.1103066722,
366438685,0.03068471236,-0.1055320618,
366638705,0.02729563649,-0.1010240205,
366838724,0.02414823083,-0.09620227855,
367038744,0.02197142326,-0.09139057055,
367238764,0.02058105585,-0.08729688362,
367438784,0.01992304908,-0.08267478868,
367638803,0.01920944253,-0.07893595961,
367838823,0.01938916073,-0.07563053535,
368038843,0.02032405357,-0.0721385909,
368238863,0.02230131354,-0.0697798969,
368438882,0.0226173896,-0.06766646568,
368638902,0.02440919305,-0.06595285485,
368838922,0.02658237074,-0.06467193208,
369038942,0.02837618747,-0.06443337006,
369238961,0.03016502364,-0.06439324454,
369438981,0.03162004147,-0.06467083425,
369639001,0.03291506013,-0.06580226432,
369839021,0.03429101705,-0.06747001169,
370039040,0.03525822892,-0.06936900749,
370239060,0.0358157539,-0.07120042256,
370439080,0.03546563831,-0.07395060996,
370639100,0.0347490985,-0.07628957772,
370839119,0.03420452733,-0.07895611531,
371039139,0.03305197145,-0.08192662563,
371239159,0.03022876825,-0.08420666998,
371439179,0.02875676965,-0.08656937442,
371639198,0.02567175854,-0.08952385012,
371839218,0.02272499582,-0.09131574691,
372039238,0.01890793035,-0.09298638407,
372239258,0.01495354558,-0.09498045993,
372439277,0.01088572045,-0.09588242633,
372639297,0.006198438422,-0.09648856999,
372839317,0.001530326035,-0.09646763984,
373039337,-0.002863109399,-0.09597622858,
373239356,-0.00827932972,-0.09561920182,
373439376,-0.01222191176,-0.09391013793,
373639396,-0.01742200492,-0.09160655619,
373839416,-0.02197175758,-0.08984317204,
374039436,-0.02641897772,-0.08649606789,
374239455,-0.03022379026,-0.08332384878,
374439475,-0.03395855841,-0.07963438566,
374639495,-0.03807005968,-0.07544673493,
374839515,-0.04057246291,-0.07167088428,
375039534,-0.04310734628,-0.06615922452,
375239554,-0.04457665629,-0.06152623552,
375439574,-0.04618201317,-0.05630845102,
375639594,-0.04752648861,-0.05070511793,
375839613,-0.04801211571,-0.04537723527,
376039633,-0.047781162,-0.04057233744,
376239653,-0.04750616131,-0.03514537245,
376439673,-0.04615412718,-0.0295635826,
376639692,-0.04433701854,-0.0247068725,
376839712,-0.0421955892,-0.02047614769,
377039732,-0.03914482019,-0.01585903937,
377239752,-0.03639631366,-0.01234901742,
377439771,-0.03307133297,-0.008884099102,
377639791,-0.02929960303,-0.005934610146,
377839811,-0.02570804521,-0.003209382621,
378039831,-0.02130101141,-0.001619302753,
378239850,-0.01625527653,0.0001108613031,
378439870,-0.01287960375,0.001707031254,
378639890,-0.008861483983,0.001610510686,
378839910,-0.004607102752,0.001270128164,
379039929,-0.000754882327,0.0007777531425,
379239949,0.002550265546,-8.187120378e-05,
379439969,0.005823882331,-0.001202619981,
379639989,0.009289032295,-0.002739671029,
379840008,0.01218298549,-0.004598753156,
380040028,0.01427520594,-0.006457923399,
380240048,0.01602389961,-0.008699095826,
380440068,0.0182450052,-0.01111078948,
380640087,0.01927732547,-0.01356468351,
380840107,0.01988529032,-0.01573829257,
381040127,0.02080884531,-0.01833053135,
381240147,0.02099478009,-0.02038147596,
381440166,0.02058076635,-0.02271519422,
381640186,0.02011637413,-0.02472560012,
381840206,0.01975826437,-0.02635073359,
382040226,0.01865464915,-0.02796756884,
382240245,0.017404178,-0.02927173501,
382440265,0.01598733831,-0.03023212064,
382640285,0.01434663244,-0.03111312336,
382840305,0.01337523809,-0.031408379,
383040324,0.01155196811,-0.03161146449,
383240344,0.01009883478,-0.03152439601,
383440364,0.009008347776,-0.03069082922,
383640384,0.007630903681,-0.03018782701,
383840403,0.006698733442,-0.02898762065,
384040423,0.005708496179,-0.02775699048,
384240443,0.004952173452,-0.02642354454,
384440463,0.004671946068,-0.02468985501,
384640482,0.004721107107,-0.02296987267,
384840502,0.005237044296,-0.02142244557,
385040522,0.005855708285,-0.01969735053,
385240542,0.006437820065,-0.01777063178,
385440561,0.007583551299,-0.01628423138,
385640581,0.009267996689,-0.01475672273,
385840601,0.01083859025,-0.0133596749,
386040621,0.01298686469,-0.01223115414,
386240640,0.01499537672,-0.01159423169,
386440660,0.01763214951,-0.01095724022,
386640680,0.01973202922,-0.01038700846,
386840700,0.02247045518,-0.01061182567,
387040719,0.02480451724,-0.01066741969,
387240739,0.02802733014,-0.01119240105,
387440759,0.02988208983,-0.01209685465,
387640779,0.03242097799,-0.01319607523,
387840798,0.03466476328,-0.01473055674,
388040818,0.03675129566,-0.01646736576,
388240838,0.03902100299,-0.0187582775,
388440858,0.04017817226,-0.02107249861,
388640877,0.04162420242,-0.02316256435,
388840897,0.04279130955,-0.02556940345,
389040917,0.04303240983,-0.02829079837,
389240937,0.0438233791,-0.03065162073,
389440956,0.04367498601,-0.03403239578,
389640976,0.04359866454,-0.03644860793,
389840996,0.04287478792,-0.03903304976,
390041016,0.04180361834,-0.04143559164,
390241035,0.04047840598,-0.04349555241,
390441055,0.03887740274,-0.04527236772,
390641075,0.03754895951,-0.04696026291,
390841095,0.03593877193,-0.04867850918,
391041114,0.03358350769,-0.04930278822,
391241134,0.03179926536,-0.05028053555,
391441154,0.02974841318,-0.05041899009,
391641174,0.02786923287,-0.05025132962,
391841193,0.02585462805,-0.0506776999,
392041213,0.02424178338,-0.04963857121,
392241233,0.02286243252,-0.04872318946,
392441253,0.02103704104,-0.04739830267,
392641272,0.02040248874,-0.04576257256,
392841292,0.01941474989,-0.04400668284,
393041312,0.01995686968,-0.04192867136,
393241332,0.01994737758,-0.04001531505,
393441351,0.02054783083,-0.03768025934,
393641371,0.02149099296,-0.03570561785,
393841391,0.02344361009,-0.03348557017,
394041411,0.02527271188,-0.03132343075,
394241430,0.02788794232,-0.02977919109,
394441450,0.03128693315,-0.02839774856,
394641470,0.03452538903,-0.02723735818,
394841490,0.0383244879,-0.02657743623,
395041509,0.04266172288,-0.02608995265,
395241529,0.04704276819,-0.02655672845,
395441549,0.05180095362,-0.02747451984,
395641569,0.05645834577,-0.02912335777,
395841588,0.06132677625,-0.03145053955,
396041608,0.06573346597,-0.03394373647,
396241628,0.07044265705,-0.03743073114,
396441648,0.07502814579,-0.04200829289,
396641667,0.07877139399,-0.04662709638,
396841687,0.08294965699,-0.05259684921,
397041707,0.08686175257,-0.05946939218,
397241727,0.0895044223,-0.06623306919,
397441746,0.09131118163,-0.07351248653,
397641766,0.09318469006,-0.08162763808,
397841786,0.09373245073,-0.08979637083,
398041806,0.09337272506,-0.09850169092,
398241825,0.09225304008,-0.1074227274,
398441845,0.09055531145,-0.1169201721,
398641865,0.08835696662,-0.1244434681,
398841885,0.08411319248,-0.1330343887,
399041904,0.07965930665,-0.1428567126,
399241924,0.07395299936,-0.1514058487,
399441944,0.06739667771,-0.1590318258,
399641964,0.0602437707,-0.1665042425,
399841983,0.05230696861,-0.1735357554,
400042003,0.04380402333,-0.1791162223,
400242023,0.03286383825,-0.184798498,
400442043,0.02314569878,-0.1898242568,
400642063,0.01300509352,-0.1933941221,
400842082,0.0007602398376,-0.1955529624,
401042102,-0.01048122933,-0.1978671895,
401242122,-0.02104064734,-0.199197778,
401442142,-0.03380543037,-0.1982641564,
401642161,-0.04711855751,-0.1963954922,
401842181,-0.05779799375,-0.1945664683,
402042201,-0.06981254915,-0.1906240655,
402242221,-0.08034859162,-0.1852576282,
402442240,-0.09218360219,-0.1781975145,
402642260,-0.1010954839,-0.172387708,
402842280,-0.1109132479,-0.1647225253,
403042300,-0.1197872182,-0.155460852,
403242319,-0.1284067118,-0.1454316005,
403442339,-0.1356204565,-0.1353445212,
403642359,-0.1412989173,-0.1252922683,
403842379,-0.1468906243,-0.1127705654,
404042398,-0.1512594854,-0.1017734689,
404242418,-0.1539507508,-0.08925918412,
404442438,-0.1550901051,-0.07711376765,
404642458,-0.1548941037,-0.06551638188,
404842477,-0.1536768493,-0.05316403324,
405042497,-0.152267235,-0.04115084791,
405242517,-0.1490877004,-0.02982058745,
405442537,-0.1443193939,-0.01915435049,
405642556,-0.1394920668,-0.008473990189,
405842576,-0.131823376,0.00146617654,
406042596,-0.1254634945,0.009769290591,
406242616,-0.1166977657,0.0178439268,
406442635,-0.1080839091,0.02443027708,
406642655,-0.09862330442,0.02994008784,
406842675,-0.08939093739,0.0353796108,
407042695,-0.07947856403,0.03862529772,
407242714,-0.06933431198,0.04123698275,
407442734,-0.05862711697,0.04273070342,
407642754,-0.04847627591,0.04263796988,
407842774,-0.03845564952,0.0415290743,
408042793,-0.02909514298,0.03915128248,
408242813,-0.02023960622,0.03617825226,
408442833,-0.01145244534,0.03124335521,
408642853,-0.003843164559,0.0262582912,
408842872,0.002735901337,0.01981748978,
409042892,0.00858664666,0.01340678045,
409242912,0.0131550841,0.006245368694,
409442932,0.01682092564,-0.001278091057,
409642951,0.01933884942,-0.008993882352,
409842971,0.0214971059,-0.01704761617,
410042991,0.02202771256,-0.02461665672,
410243011,0.02209171267,-0.03211029237,
410443030,0.02059745069,-0.03971902864,
410643050,0.01880549883,-0.04636019492,
410843070,0.015576387,-0.05333780668,
411043090,0.01183386948,-0.05963972673,
411243109,0.007060734923,-0.06503309892,
411443129,0.001809789885,-0.06967869986,
411643149,-0.003748388726,-0.0732618444,
411843169,-0.009878912414,-0.07671412165,
412043188,-0.01644998471,-0.07917238087,
412243208,-0.02205593283,-0.08025537229,
412443228,-0.02939316592,-0.08037076312,
412643248,-0.03567019429,-0.08013635007,
412843267,-0.04224281256,-0.07920184889,
413043287,-0.04835704237,-0.07637864934,
413243307,-0.05470876578,-0.07391399268,
413443327,-0.05985924053,-0.07004745724,
413643346,-0.06481233346,-0.06557007867,
413843366,-0.06906033237,-0.06049827596,
414043386,-0.07232113642,-0.05510468011,
414243406,-0.07539638971,-0.04905652024,
414443425,-0.07710780237,-0.04322252206,
414643445,-0.0782770011,-0.03677041311,
414843465,-0.07807043092,-0.02988965661,
415043485,-0.07720348541,-0.02376870686,
415243504,-0.0762547231,-0.01720373269,
415443524,-0.07406081077,-0.01126874964,
415643544,-0.0706167293,-0.005495809063,
415843564,-0.06675826461,1.844827308e-05,
416043583,-0.06252066831,0.004650140128,
416243603,-0.0570260479,0.008879217656,
416443623,-0.05127468445,0.01181241598,
416643643,-0.0459131871,0.0144856936,
416843662,-0.03915059964,0.01604389546,
417043682,-0.03241119435,0.01693262103,
417243702,-0.02558161924,0.01710631667,
417443722,-0.0189685201,0.01601534823,
417643741,-0.01237788751,0.01384061077,
417843761,-0.006353556033,0.0109899946,
418043781,-0.0005872761231,0.007482725736,
418243801,0.004630977912,0.003229206713,
418443820,0.009076422598,-0.001747134725,
418643840,0.01295344605,-0.007377335782,
418843860,0.01621476793,-0.01328632409,
419043880,0.01863591504,-0.01969894461,
419243899,0.02066405115,-0.02590455485,
419443919,0.02109560989,-0.03324999704,
419643939,0.02181876293,-0.04011132526,
419843959,0.02065295973,-0.04695332447,
420043978,0.0183440275,-0.05390349565,
420243998,0.01579289686,-0.0607320629,
420444018,0.01217841914,-0.06661136892,
420644038,0.007769844746,-0.07299385558,
420844057,0.002333920023,-0.07819043162,
421044077,-0.002528808465,-0.08335058778,
421244097,-0.009676085156,-0.08677917272,
421444117,-0.01578133317,-0.09082707943,
421644136,-0.02286605636,-0.09281575726,
421844156,-0.03145920392,-0.094655362,
422044176,-0.03892037466,-0.09546238641,
422244196,-0.04667788306,-0.09447412873,
422444215,-0.05448501919,-0.0944037063,
422644235,-0.06242028878,-0.09170090477,
422844255,-0.06955790879,-0.08939718862,
423044275,-0.07696616045,-0.08538143691,
423244294,-0.08406005523,-0.08077667291,
423444314,-0.09024452622,-0.07561923758,
423644334,-0.09520233043,-0.06954882827,
423844354,-0.1003632195,-0.06331706199,
424044373,-0.1042181299,-0.05634748436,
424244393,-0.1072455344,-0.04821897793,
424444413,-0.110191423,-0.0405299216,
424644433,-0.1117023455,-0.03350565921,
424844452,-0.1126891089,-0.0247950728,
425044472,-0.1127180848,-0.01716089999,
425244492,-0.1115819254,-0.00928858521,
425444512,-0.1098688856,-0.001273617866,
425644531,-0.1064411423,0.006693481164,
425844551,-0.1028702337,0.01389110402,
426044571,-0.09939140579,0.02003193223,
426244591,-0.09388997056,0.02670374077,
426444610,-0.08845580858,0.0319056142,
426644630,-0.0823110541,0.03598570738,
426844650,-0.07593204641,0.0405199962,
427044670,-0.0695090042,0.04364889686,
427244690,-0.06254343233,0.04599872431,
427444709,-0.0555375172,0.04737190472,
427644729,-0.04813796479,0.04849917124,
427844749,-0.04109010661,0.04821860747,
428044769,-0.03428020678,0.04723482488,
428244788,-0.02783748059,0.04536406099,
428444808,-0.0212076508,0.04266903483,
428644828,-0.01576931388,0.03965761899,
428844848,-0.0104266592,0.03598761096,
429044867,-0.005942242289,0.03174742705,
429244887,-0.002128164044,0.02689809396,
429444907,0.0008550858032,0.02186907326,
429644927,0.003492991958,0.01652305973,
429844946,0.004836866643,0.01096338816,
430044966,0.005948023472,0.005606399253,
430244986,0.005929280978,4.232738001e-05,
430445006,0.005097246402,-0.00551963494,
430645025,0.003994826446,-0.01032559546,
430845045,0.002083924038,-0.01500814121,
431045065,-0.0002916277485,-0.01907353326,
431245085,-0.003624858194,-0.02323398935,
431445104,-0.007188411581,-0.02654548289,
431645124,-0.01134681908,-0.0290279708,
431845144,-0.0154034215,-0.03136280823,
432045164,-0.01975055349,-0.03275102236,
432245183,-0.02439558842,-0.03330501818,
432445203,-0.02916549284,-0.03351744853,
432645223,-0.03387942083,-0.03299703352,
432845243,-0.03835614607,-0.03178693528,
433045262,-0.0423945304,-0.02988687202,
433245282,-0.04630317852,-0.02731792593,
433445302,-0.0498142186,-0.02400490952,
433645322,-0.0531418626,-0.02097258385,
433845341,-0.05552321765,-0.01650602195,
434045361,-0.0579862494,-0.0126730006,
434245381,-0.05962149887,-0.008028022499,
434445401,-0.06013553297,-0.002777522238,
434645420,-0.06027047313,0.001940783663,
434845440,-0.06043425437,0.007054755182,
435045460,-0.05914494328,0.01202395727,
435245480,-0.05735279458,0.0170858862,
435445499,-0.05496106332,0.02185304778,
435645519,-0.0521864089,0.02564329106,
435845539,-0.0484775954,0.0303810036,
436045559,-0.04453883754,0.03364004998,
436245578,-0.03993490462,0.03675682075,
436445598,-0.03544482369,0.03927810733,
436645618,-0.03077275307,0.04154277578,
436845638,-0.02543553548,0.04289600008,
437045657,-0.01998035453,0.04375320839,
437245677,-0.01428286107,0.04358725674,
437445697,-0.008598070484,0.04262675256,
437645717,-0.003605948245,0.04181895612,
437845736,0.00174972492,0.03960149069,
438045756,0.006679707933,0.03763058491,
438245776,0.01151386977,0.03487205044,
438445796,0.01538503174,0.03141620352,
438645815,0.01915178352,0.02741489362,
438845835,0.02225150149,0.02321086713,
439045855,0.02520713719,0.01864444252,
439245875,0.02708703823,0.01381574962,
439445894,0.0285842412,0.009243744193,
439645914,0.02985459844,0.003898202378,
439845934,0.02973338899,-0.001247641892,
440045954,0.02958460257,-0.006033945575,
440245973,0.02876038863,-0.01093096159,
440445993,0.02717958417,-0.0153675434,
440646013,0.02459649448,-0.01972466396,
440846033,0.02272994434,-0.02368711413,
441046052,0.01970458378,-0.02703035801,
441246072,0.01641019818,-0.0299771924,
441446092,0.01251653435,-0.03251287598,
441646112,0.008735315182,-0.03459296661,
441846131,0.00489938159,-0.03586887825,
442046151,0.0009363036719,-0.03647375949,
442246171,-0.003030961569,-0.03697229091,
442446191,-0.007253400542,-0.03592968509,
442646210,-0.01078185974,-0.03508229407,
442846230,-0.01424088287,-0.03385204429,
443046250,-0.01765427459,-0.03148512996,
443246270,-0.02043075393,-0.02865958877,
443446289,-0.02267178397,-0.02605657824,
443646309,-0.02429225667,-0.02304311246,
443846329,-0.02577380459,-0.01953434915,
444046349,-0.02633739263,-0.01582865868,
444246368,-0.02626705088,-0.01250250772,
444446388,-0.02550442459,-0.008645178558,
444646408,-0.02413682231,-0.005126839063,
444846428,-0.02165182623,-0.001836328391,
445046447,-0.01993343252,0.001504829269,
445246467,-0.01739419068,0.004324414321,
445446487,-0.01397988227,0.006488447472,
445646507,-0.009622508671,0.008172715323,
445846526,-0.00551364551,0.009365006038,
446046546,-0.001218565587,0.01041931168,
446246566,0.003433503594,0.01023466707,
446446586,0.008132636236,0.009898949864,
446646605,0.01259127887,0.008449663865,
446846625,0.01725739687,0.006760692507,
447046645,0.02198907131,0.004373767875,
447246665,0.02611995104,0.001308199105,
447446684,0.03015130992,-0.002326052405,
447646704,0.03322141114,-0.00698197677,
447846724,0.03660378282,-0.01155881602,
448046744,0.03912306581,-0.01684975398,
448246763,0.04087515216,-0.02277563127,
448446783,0.04234979,-0.02858620668,
448646803,0.04307989837,-0.03500575004,
448846823,0.04280880415,-0.0416491017,
449046842,0.0415503586,-0.04831081814,
449246862,0.04006332413,-0.05517310747,
449446882,0.03727939311,-0.06166249097,
449646902,0.03430712702,-0.06771114187,
449846921,0.03055152641,-0.0736001171,
450046941,0.02498728223,-0.07928167949,
450246961,0.02080402457,-0.08442975736,
450446981,0.01427594395,-0.08920913424,
450647000,0.007561905876,-0.09332911995,
450847020,0.0005399687061,-0.09647760241,
451047040,-0.007067558095,-0.09929024473,
451247060,-0.01496061565,-0.1004355275,
451447079,-0.02224978605,-0.1018043071,
451647099,-0.03002925881,-0.1017861403,
451847119,-0.03811949929,-0.1006863232,
452047139,-0.0460086282,-0.1001929949,
452247158,-0.05327595172,-0.0973911275,
452447178,-0.06089621471,-0.09413354334,
452647198,-0.06842253321,-0.09081148471,
452847218,-0.07587606324,-0.08591893911,
453047237,-0.08189579922,-0.08070051216,
453247257,-0.08720233002,-0.07468528516,
453447277,-0.09213656667,-0.0683628373,
453647297,-0.09636364901,-0.06162960306,
453847317,-0.09965901243,-0.05400183147,
454047336,-0.1016323368,-0.04672712185,
454247356,-0.1038036114,-0.0377674619,
454447376,-0.1055978838,-0.03055210625,
454647396,-0.1050711459,-0.02311670455,
454847415,-0.105048764,-0.01538491884,
455047435,-0.1033680198,-0.006973180747,
455247455,-0.1015039158,-0.0002009485243,
455447475,-0.09862173038,0.006542244464,
455647494,-0.09451009688,0.01306904238,
455847514,-0.09054695114,0.01897720389,
456047534,-0.08554292965,0.02433718856,
456247554,-0.08052976227,0.02928028384,
456447573,-0.07466290211,0.03312282955,
456647593,-0.06862454815,0.03689868781,
456847613,-0.06332388433,0.03907827841,
457047633,-0.0563791875,0.04144240502,
457247652,-0.05040984298,0.04225763079,
457447672,-0.04397961275,0.04199573645,
457647692,-0.03816128401,0.0416589546,
457847712,-0.03242827827,0.04060737246,
458047731,-0.02693556282,0.03863459895,
458247751,-0.02188560542,0.03619007001,
458447771,-0.01774813346,0.03334011351,
458647791,-0.01382543444,0.02979061734,
458847810,-0.01052366192,0.02585823866,
459047830,-0.008070585462,0.02176439859,
459247850,-0.005701725017,0.01759674726,
459447870,-0.004926333909,0.01319437162,
459647889,-0.004521746507,0.00870125274,
459847909,-0.004419337402,0.00456563849,
460047929,-0.005155298366,0.0006274251269,
460247949,-0.006557225509,-0.003150376143,
460447968,-0.008642258321,-0.006688864437,
460647988,-0.01097956402,-0.009598553439,
460848008,-0.01377100071,-0.01200345488,
461048028,-0.01688177449,-0.01390991311,
461248047,-0.02037474228,-0.01518687005,
461448067,-0.02374802996,-0.01577828338,
461648087,-0.02757820354,-0.01605278059,
461848107,-0.03111240119,-0.01595505725,
462048126,-0.0345278602,-0.01476939053,
462248146,-0.03796689477,-0.01283330465,
462448166,-0.0411030567,-0.01081694086,
462648186,-0.04356726039,-0.007919106911,
462848205,-0.04638840587,-0.004637763336,
463048225,-0.04792577594,-0.001263419178,
463248245,-0.04915413297,0.002587125827,
463448265,-0.05064150977,0.006509706115,
463648284,-0.05001967113,0.01108516668,
463848304,-0.04994118233,0.01534688689,
464048324,-0.04937743098,0.02004223861,
464248344,-0.04718235946,0.02428974861,
464448363,-0.04571954703,0.02859693541,
464648383,-0.04219258865,0.03249185406,
464848403,-0.03884051291,0.03660734565,
465048423,-0.03501259041,0.03954748266,
465248442,-0.03066220854,0.04226582319,
465448462,-0.02590934341,0.0445276851,
465648482,-0.02072305314,0.04619254958,
465848502,-0.01512479688,0.04727612256,
466048521,-0.00934397991,0.04768029845,
466248541,-0.004083513178,0.04700663457,
466448561,0.001700215672,0.04602161779,
466648581,0.006942448038,0.04445982666,
466848600,0.01228129159,0.04240808618,
467048620,0.01738646186,0.03941169235,
467248640,0.02187898931,0.03521263007,
467448660,0.02613324085,0.03122134204,
467648679,0.03004581262,0.0265755229,
467848699,0.03298702138,0.02165774667,
468048719,0.0354367317,0.0158226126,
468248739,0.03746291179,0.0100824171,
468448758,0.03853065481,0.003901586997,
468648778,0.0386939509,-0.00236419364,
468848798,0.03838125869,-0.008747081146,
469048818,0.03763662164,-0.01442424655,
469248837,0.03595403895,-0.02053410026,
469448857,0.03305542245,-0.02636365334,
469648877,0.02979573546,-0.03188104921,
469848897,0.02568313462,-0.03676116861,
470048916,0.021562685,-0.04117010898,
470248936,0.01623146491,-0.04483866731,
470448956,0.01087803088,-0.04836843574,
470648976,0.004996969214,-0.05067299391,
470848995,-0.001089855149,-0.05212567582,
471049015,-0.007608274167,-0.05324733766,
471249035,-0.01401868695,-0.05336727677,
471449055,-0.02020317389,-0.052860375,
471649074,-0.02676240509,-0.05113491657,
471849094,-0.03296791711,-0.04913132569,
472049114,-0.03861665758,-0.04589300505,
472249134,-0.04434314731,-0.042573973,
472449153,-0.04909314651,-0.0377704066,
472649173,-0.05345007257,-0.03277570307,
472849193,-0.05698150348,-0.02672755704,
473049213,-0.05984461728,-0.02088677048,
473249232,-0.06227678801,-0.01493741329,
473449252,-0.06338504765,-0.008542521694,
473649272,-0.06328057292,-0.001081011155,
473849292,-0.06286274255,0.005563855516,
474049311,-0.06150943857,0.01210261244,
474249331,-0.05950397144,0.01862833415,
474449351,-0.05657667192,0.02511782553,
474649371,-0.05279688326,0.0304365769,
474849390,-0.04803418829,0.03584715756,
475049410,-0.04326813347,0.04053602366,
475249430,-0.03754454471,0.04466597374,
475449450,-0.03143159427,0.0479661623,
475649469,-0.02444713693,0.05105202482,
475849489,-0.01798430706,0.05218503393,
476049509,-0.0107579692,0.05318767928,
476249529,-0.003462159499,0.05326143397,
476449548,0.003594205058,0.05240104593,
476649568,0.01092439756,0.05035724565,
476849588,0.01758331109,0.04770123906,
477049608,0.02428961535,0.04418439769,
477249627,0.03023145122,0.04023380275,
477449647,0.03548321941,0.03482221086,
477649667,0.04038380941,0.02906335641,
477849687,0.04450004664,0.02271242716,
478049706,0.04807026423,0.01595699193,
478249726,0.05034536187,0.008805045079,
478449746,0.05152683754,0.001299412583,
478649766,0.0524983121,-0.006393251779,
478849785,0.05202402173,-0.01424228563,
479049805,0.05081970401,-0.02193275076,
479249825,0.04869651034,-0.02946138271,
479449845,0.04559340001,-0.03649241325,
479649864,0.04139326232,-0.0433510508,
479849884,0.03676926566,-0.04928118649,
480049904,0.03060251396,-0.05535655703,
480249924,0.025153095,-0.06023029198,
480449944,0.01780469383,-0.06434583338,
480649963,0.01082994732,-0.06774301021,
480849983,0.002861611864,-0.07008278026,
481050003,-0.005631312382,-0.0716673366,
481250023,-0.0132052267,-0.07206712525,
481450042,-0.02168265878,-0.07104698426,
481650062,-0.02917172883,-0.06980503877,
481850082,-0.03742772629,-0.06717124634,
482050102,-0.04504444861,-0.06357369615,
482250121,-0.05207896816,-0.05930457057,
482450141,-0.05867529855,-0.05417257381,
482650161,-0.0641202175,-0.04806348023,
482850181,-0.0689815871,-0.04135314934,
483050200,-0.07388193214,-0.03403327278,
483250220,-0.07728678432,-0.02679725503,
483450240,-0.0795089573,-0.01826344067,
483650260,-0.08026026104,-0.009851973051,
483850279,-0.08109606433,-0.001661918195,
484050299,-0.08050198556,0.006673629105,
484250319,-0.07899078415,0.01545241365,
484450339,-0.07591565889,0.02366191413,
484650358,-0.07172819286,0.03162481298,
484850378,-0.06762034356,0.03777861973,
485050398,-0.06213602422,0.04526775948,
485250418,-0.05525342544,0.05036590468,
485450437,-0.04841936854,0.05593148729,
485650457,-0.04137400389,0.06035036479,
485850477,-0.03342987097,0.06304847729,
486050497,-0.02514550424,0.0652612408,
486250516,-0.01677676604,0.06639389759,
486450536,-0.008587934949,0.06689544785,
486650556,4.205312371e-05,0.06549749102,
486850576,0.00845185174,0.06420482883,
487050595,0.01620647029,0.06123296237,
487250615,0.02377933834,0.05703966654,
487450635,0.03045581973,0.05212419553,
487650655,0.03676610739,0.0468479348,
487850674,0.04274892814,0.04033947706,
488050694,0.04731463695,0.03376557386,
488250714,0.05131055185,0.02641057494,
488450734,0.05442121958,0.01838041742,
488650753,0.05595785339,0.01000661448,
488850773,0.0567374045,0.002069241072,
489050793,0.05656222302,-0.006910076511,
489250813,0.05515723683,-0.01512248123,
489450832,0.05294131492,-0.02316533851,
489650852,0.049396631,-0.03086262714,
489850872,0.0450370786,-0.03818317252,
490050892,0.04004527564,-0.04486183915,
490250911,0.03366288474,-0.05053131839,
490450931,0.02714556548,-0.0555244504,
490650951,0.01974148724,-0.05965041901,
490850971,0.0122968727,-0.06319126657,
491050990,0.003505055053,-0.06510262764,
491251010,-0.004801348254,-0.06664429972,
491451030,-0.01303365067,-0.06674442434,
491651050,-0.0220872937,-0.06588577609,
491851069,-0.03053675897,-0.06375054271,
492051089,-0.03865257098,-0.06056299876,
492251109,-0.04624187164,-0.05652931168,
492451129,-0.05360720773,-0.0515895637,
492651148,-0.05978667359,-0.0446363538,
492851168,-0.06539273696,-0.03840251252,
493051188,-0.0701574518,-0.03087622782,
493251208,-0.07485640913,-0.02301244401,
493451227,-0.07746828988,-0.01449646282,
493651247,-0.07956626303,-0.005240342339,
493851267,-0.07989904017,0.003354311741,
494051287,-0.07928657872,0.01317941553,
494251306,-0.07802134034,0.02176119407,
494451326,-0.07514353501,0.03060953948,
494651346,-0.07183866296,0.0388205888,
494851366,-0.06718852244,0.04727065484,
495051385,-0.06157855864,0.05477722835,
495251405,-0.05548987837,0.06119172567,
495451425,-0.04782527059,0.06678995652,
495651445,-0.03991379207,0.07221364928,
495851464,-0.03243406799,0.07611921728,
496051484,-0.02334902316,0.07891958827,
496251504,-0.01432533683,0.08189049627,
496451524,-0.00467354935,0.08252668449,
496651543,0.004865734245,0.08239176077,
496851563,0.01412338594,0.08076741493,
497051583,0.02294101628,0.07838678468,
497251603,0.0311751356,0.0757934513,
497451622,0.03997607614,0.07139145704,
497651642,0.04726867376,0.06554104318,
497851662,0.05409335199,0.05997291284,
498051682,0.06032999261,0.05312497779,
498251701,0.06558490369,0.04558494638,
498451721,0.06927763781,0.03748922338,
498651741,0.07307277077,0.02872550535,
498851761,0.07490788977,0.0206883403,
499051780,0.07639923844,0.01179059695,
499251800,0.07668384994,0.003205650597,
499451820,0.07557963712,-0.00611465568,
499651840,0.07307619137,-0.01389609864,
499851859,0.06964568284,-0.02212501707,
500051879,0.06598220934,-0.0291979191,
500251899,0.06137235453,-0.0365389445,
500451919,0.05517560779,-0.04263312653,
500651938,0.04922862124,-0.04781208836,
500851958,0.04236090948,-0.0523091353,
501051978,0.03473016955,-0.05589673307,
501251998,0.02729668598,-0.05827139405,
501452017,0.01948454065,-0.05974522028,
501652037,0.0111047196,-0.06016305638,
501852057,0.003147650064,-0.05966747725,
502052077,-0.004521557533,-0.05797870236,
502252096,-0.01214862333,-0.0550733837,
502452116,-0.01895248762,-0.05145733832,
502652136,-0.02516778196,-0.04678284585,
502852156,-0.03076185711,-0.04126810377,
503052175,-0.03546206394,-0.0350996006,
503252195,-0.03927513942,-0.02869698915,
503452215,-0.04285570681,-0.02057240216,
503652235,-0.0445278059,-0.01309066297,
503852254,-0.04491363627,-0.005029596708,
504052274,-0.04490006326,0.00283050273,
504252294,-0.04277799653,0.0106393041,
504452314,-0.04079992219,0.01839128798,
504652333,-0.03693180266,0.02553890827,
504852353,-0.0327118155,0.03190298076,
505052373,-0.02708236746,0.03820206088,
505252393,-0.02118484135,0.04364826624,
505452412,-0.014234505,0.04780216622,
505652432,-0.007026736326,0.05199892268,
505852452,0.001321913456,0.05496502398,
506052472,0.009189157526,0.05624078549,
506252491,0.01787759928,0.0577228572,
506452511,0.02622612278,0.05699342549,
506652531,0.0349471046,0.05528477286,
506852551,0.04356571188,0.0532269823,
507052571,0.05174638953,0.04952042965,
507252590,0.05951935749,0.04487988934,
507452610,0.06642002581,0.03928046252,
507652630,0.07324871509,0.03272433815,
507852650,0.07898819253,0.02532620923,
508052669,0.08385437032,0.01739698577,
508252689,0.08825997662,0.008487750973,
508452709,0.09081217489,-0.0005024754468,
508652729,0.09286348648,-0.009951756297,
508852748,0.0941443649,-0.01992443087,
509052768,0.09329727428,-0.02936359983,
509252788,0.09233415277,-0.03894320618,
509452808,0.09005831372,-0.04843383753,
509652827,0.08619180123,-0.05777560705,
509852847,0.08035952759,-0.06631956777,
510052867,0.07558960601,-0.07430350547,
510252887,0.06806093077,-0.08169492452,
510452906,0.06102207377,-0.0881023659,
510652926,0.05314434387,-0.09475120595,
510852946,0.04443185314,-0.09937697748,
511052966,0.03475506582,-0.1026483542,
511252985,0.02543777769,-0.1050243432,
511453005,0.01569763939,-0.106928021,
511653025,0.005471913364,-0.1068607819,
511853045,-0.004535023968,-0.1062791177,
512053064,-0.01341718831,-0.1041404499,
512253084,-0.02376281491,-0.1013252444,
512453104,-0.03174299207,-0.09716727977,
512653124,-0.04049706974,-0.09240283839,
512853143,-0.04783168361,-0.08651132204,
513053163,-0.05479746536,-0.07960389985,
513253183,-0.06077151977,-0.07156609974,
513453203,-0.0661532029,-0.06396623585,
513653222,-0.0698287778,-0.05598960098,
513853242,-0.07219920792,-0.04649195365,
514053262,-0.07433595062,-0.03752099498,
514253282,-0.0749392875,-0.02814662983,
514453301,-0.07426603972,-0.01923965647,
514653321,-0.0729585471,-0.01006935385,
514853341,-0.07042785607,-0.001880092361,
515053361,-0.0662148047,0.006040871513,
515253380,-0.0616723421,0.01345044389,
515453400,-0.05593825881,0.02013486139,
515653420,-0.04951254873,0.02554277771,
515853440,-0.04222586102,0.03020293028,
516053459,-0.03551297289,0.03411021335,
516253479,-0.02738498783,0.03697396976,
516453499,-0.01938717425,0.03824375267,
516653519,-0.01161308449,0.03880482992,
516853538,-0.003913965374,0.03812030256,
517053558,0.003507644899,0.03652014337,
517253578,0.01078505133,0.03433148079,
517453598,0.01776443568,0.0307621587,
517653617,0.02364090229,0.02694191721,
517853637,0.02920873081,0.02116594949,
518053657,0.0337553369,0.01571634063,
518253677,0.0375032193,0.009303683228,
518453696,0.04044487236,0.002282833045,
518653716,0.0422509119,-0.004939863658,
518853736,0.04315778173,-0.01194840453,
519053756,0.04276349859,-0.01922943292,
519253775,0.0412463137,-0.0269743903,
519453795,0.03889575402,-0.03399442346,
519653815,0.03533767638,-0.04077996235,
519853835,0.03102480243,-0.04672633835,
520053854,0.02571795067,-0.05259968359,
520253874,0.01968358759,-0.05733755708,
520453894,0.0129911288,-0.06182658012,
520653914,0.005315804708,-0.06511901778,
520853933,-0.002198086673,-0.06734285922,
521053953,-0.01031454739,-0.06821051351,
521253973,-0.01869189258,-0.06848947228,
521453993,-0.02726876713,-0.06720338578,
521654012,-0.03583494264,-0.06461425153,
521854032,-0.04447435762,-0.06146284799,
522054052,-0.05176513233,-0.05686574176,
522254072,-0.05910852289,-0.05114460619,
522454091,-0.06619834577,-0.04478838066,
522654111,-0.0713241938,-0.03749411278,
522854131,-0.07692818014,-0.02975049083,
523054151,-0.08027046352,-0.01970272027,
523254170,-0.08368018031,-0.0106036779,
523454190,-0.0851996894,-0.0008688349791,
523654210,-0.08626208846,0.009481506482,
523854230,-0.08512364058,0.01976855479,
524054249,-0.08369496483,0.03011227644,
524254269,-0.08078751238,0.0404613563,
524454289,-0.07622231003,0.05045906732,
524654309,-0.07109011891,0.05960870562,
524854328,-0.06496329862,0.06853900549,
525054348,-0.0575261415,0.07678845535,
525254368,-0.0492093843,0.08403143869,
525454388,-0.03961212792,0.09013657162,
525654407,-0.02967873783,0.09543437688,
525854427,-0.0189516028,0.1001775895,
526054447,-0.007657486636,0.1032517443,
526254467,0.003184166315,0.1049034052,
526454486,0.01538112521,0.1055508144,
526654506,0.02682826575,0.1053622849,
526854526,0.03772188963,0.1042227411,
527054546,0.04951324918,0.1001014607,
527254565,0.06060958723,0.09635121602,
527454585,0.07073204089,0.09079224143,
527654605,0.07947200737,0.08460829552,
527854625,0.08910243059,0.07682804326,
528054644,0.096803408,0.06946388283,
528254664,0.1037493801,0.06032075555,
528454684,0.1094212202,0.05039999578,
528654704,0.114052169,0.03959006704,
528854723,0.1176144214,0.02925942862,
529054743,0.1198582316,0.01894846783,
529254763,0.1210428821,0.008528058262,
529454783,0.1206558341,-0.002362313646,
529654802,0.1189564884,-0.01283454392,
529854822,0.1172328545,-0.02267811188,
530054842,0.1134922992,-0.03209349612,
530254862,0.1084578137,-0.04100735349,
530454881,0.1035399875,-0.04868989991,
530654901,0.09747850943,-0.05688968131,
530854921,0.0903252629,-0.06212625826,
531054941,0.08370766374,-0.06779761482,
531254960,0.07542932049,-0.07195615899,
531454980,0.06785277131,-0.07518505656,
531655000,0.05921093194,-0.07770354143,
531855020,0.05056924556,-0.0776358036,
532055039,0.04330120752,-0.07774054956,
532255059,0.03499036885,-0.07669150184,
532455079,0.02733527536,-0.07352516476,
532655099,0.02063904875,-0.07077696845,
532855118,0.01484141757,-0.06611416947,
533055138,0.009473122495,-0.06084580224,
533255158,0.00492695945,-0.055758664,
533455178,0.001691820209,-0.04918088185,
533655198,-0.0003395587428,-0.04271123233,
533855217,-0.001988077893,-0.03558054552,
534055237,-0.001848743163,-0.02870939329,
534255257,0.0001969720634,-0.02169003754,
534455277,0.002961815926,-0.01476623223,
534655296,0.006614283282,-0.008578680212,
534855316,0.01113882652,-0.002624051661,
535055336,0.01693673688,0.002649813637,
535255356,0.02289813207,0.007365612023,
535455375,0.03048696238,0.01069492436,
535655395,0.03835258011,0.01346409764,
535855415,0.04683753415,0.01481113516,
536055435,0.05540610249,0.01524391426,
536255454,0.06518749218,0.01461187646,
536455474,0.0736175408,0.01186356791,
536655494,0.08248778326,0.008593366579,
536855514,0.09188025347,0.002874421543,
537055533,0.09951176879,-0.002695323924,
537255553,0.1081649926,-0.01016309045,
537455573,0.115266081,-0.01827578236,
537655593,0.1208243115,-0.02820773845,
537855612,0.1258047195,-0.03759382583,
538055632,0.1302010515,-0.04904515759,
538255652,0.1331930436,-0.06030272773,
538455672,0.1346787059,-0.07297290809,
538655691,0.1351068547,-0.08531309879,
538855711,0.1342480696,-0.09824778025,
539055731,0.1317649148,-0.1113849928,
539255751,0.1276228953,-0.1239610237,
539455770,0.1226219084,-0.1366059161,
539655790,0.1170835489,-0.1473756261,
539855810,0.1080508274,-0.1593061947,
540055830,0.09979143464,-0.1699989539,
540255849,0.08969105757,-0.1791383034,
540455869,0.07861508338,-0.1880911857,
540655889,0.06778739821,-0.1975800845,
540855909,0.05498952807,-0.2043325727,
541055928,0.04148123743,-0.2081008932,
541255948,0.02756767634,-0.2139484741,
541455968,0.01350254126,-0.2160221117,
541655988,-0.001287771238,-0.2186342215,
541856007,-0.0169673838,-0.2183073302,
542056027,-0.03044919996,-0.2157333662,
542256047,-0.04461007137,-0.2139918977,
542456067,-0.05981883612,-0.2096699587,
542656086,-0.07304743301,-0.2039442965,
542856106,-0.0852418573,-0.1977734626,
543056126,-0.09914739345,-0.1891173804,
543256146,-0.1098455997,-0.1816482737,
543456165,-0.1205077571,-0.1716621773,
543656185,-0.1300604291,-0.1596747483,
543856205,-0.1379182331,-0.1484432128,
544056225,-0.1453976266,-0.1363321365,
544256244,-0.1515483945,-0.1238486084,
544456264,-0.1553538686,-0.110632615,
544656284,-0.1587324358,-0.09655845616,
544856304,-0.1616030768,-0.08340488567,
545056323,-0.1600377813,-0.07091475428,
545256343,-0.1589834447,-0.05798099493,
545456363,-0.1566866403,-0.04464571275,
545656383,-0.1547079717,-0.03242183033,
545856402,-0.1497401856,-0.02094555816,
546056422,-0.1428616328,-0.01030219352,
546256442,-0.137487579,-0.001872628679,
546456462,-0.1295940224,0.007619192485,
546656481,-0.1215360632,0.01534738441,
546856501,-0.1128954842,0.02147932346,
547056521,-0.1037827786,0.02721754439,
547256541,-0.09389430695,0.03163044219,
547456560,-0.08432681595,0.03446528265,
547656580,-0.07424713085,0.03655428744,
547856600,-0.06521199157,0.03650874426,
548056620,-0.05589706984,0.03663775992,
548256639,-0.04705062911,0.03467907524,
548456659,-0.03944740499,0.03221714119,
548656679,-0.03167495833,0.02874358412,
548856699,-0.02517834731,0.02387178376,
549056718,-0.01919913933,0.01863716199,
549256738,-0.01472168775,0.01341222414,
549456758,-0.01093386988,0.007197796943,
549656778,-0.008209433227,0.000815580578,
549856797,-0.006626693589,-0.005591369532,
550056817,-0.00606739963,-0.01199221157,
550256837,-0.006728942764,-0.01777609041,
550456857,-0.00809093275,-0.02409641771,
550656876,-0.01047881421,-0.02911452907,
550856896,-0.01307114789,-0.03397167292,
551056916,-0.01703908762,-0.03836663076,
551256936,-0.02118880109,-0.04215293046,
551456955,-0.02571934163,-0.04465338155,
551656975,-0.03083261609,-0.04698920875,
551856995,-0.03639049131,-0.04828298489,
552057015,-0.04246069782,-0.0480993626,
552257034,-0.04759343173,-0.04806562845,
552457054,-0.0529867957,-0.04578664827,
552657074,-0.05849138887,-0.0431398984,
552857094,-0.06383845887,-0.04018896611,
553057113,-0.06816576378,-0.03665679024,
553257133,-0.07209257863,-0.03185954842,
553457153,-0.07605080036,-0.02627867832,
553657173,-0.07828034665,-0.02079296833,
553857192,-0.08095448043,-0.01451417375,
554057212,-0.08185443714,-0.008059408978,
554257232,-0.08200389063,-0.000967707508,
554457252,-0.08140294406,0.005977040977,
554657271,-0.07992890931,0.01275114776,
554857291,-0.07744241044,0.01941906787,
555057311,-0.07494721988,0.02603999701,
555257331,-0.07055674866,0.03253641302,
555457350,-0.06558181123,0.03827968624,
555657370,-0.06029733254,0.0432703453,
555857390,-0.05465979668,0.04812678695,
556057410,-0.04780631123,0.0523421116,
556257429,-0.04023466336,0.05511726999,
556457449,-0.03310065226,0.05717700438,
556657469,-0.02491751415,0.05881141544,
556857489,-0.0176445642,0.05911764575,
557057508,-0.009290156316,0.05880869557,
557257528,-0.001634239797,0.0574078408,
557457548,0.005821934621,0.05502954324,
557657568,0.01370548921,0.05206864327,
557857587,0.02052306664,0.04832028893,
558057607,0.02715347092,0.043715532,
558257627,0.03264124721,0.03808511904,
558457647,0.03790072861,0.03249341724,
558657666,0.04249795363,0.02564335997,
558857686,0.04576637251,0.01861396164,
559057706,0.04849133146,0.01130438102,
559257726,0.05045380477,0.003954215595,
559457745,0.05170771342,-0.00371054054,
559657765,0.05170889632,-0.01149635429,
559857785,0.05094291408,-0.01890997156,
560057805,0.04962651971,-0.02622832415,
560257825,0.04701418937,-0.03332344762,
560457844,0.04292048452,-0.03995961733,
560657864,0.03931321252,-0.04570070755,
560857884,0.03433137372,-0.05149425297,
561057904,0.0293319111,-0.05611872014,
561257923,0.02366397562,-0.06089986958,
561457943,0.01764404796,-0.06411536441,
561657963,0.01095281401,-0.06642813261,
561857983,0.00441271956,-0.06793260656,
562058002,-0.002180805347,-0.0693445677,
562258022,-0.009064822978,-0.06963123133,
562458042,-0.01539673291,-0.06803815205,
562658062,-0.02192069589,-0.0672191039,
562858081,-0.02830669402,-0.06455538437,
563058101,-0.03390764037,-0.06138544955,
563258121,-0.03858295954,-0.05744625045,
563458141,-0.0433275232,-0.0530602701,
563658160,-0.04738507136,-0.04787427004,
563858180,-0.05089069504,-0.04284939941,
564058200,-0.0531046327,-0.03649979792,
564258220,-0.05431989158,-0.03121426368,
564458239,-0.05539408924,-0.02505821808,
564658259,-0.05527414792,-0.01920561776,
564858279,-0.05422255809,-0.01245742133,
565058299,-0.05297407068,-0.00704972023,
565258318,-0.0500753333,-0.00142104593,
565458338,-0.04707123382,0.003999748088,
565658358,-0.04330491929,0.008549793419,
565858378,-0.03842049211,0.0124997583,
566058397,-0.03375202056,0.01625888549,
566258417,-0.02851610374,0.01890340597,
566458437,-0.02286096069,0.02106105176,
566658457,-0.01704152273,0.022583676,
566858476,-0.01113968993,0.02325359921,
567058496,-0.005153232341,0.02314455203,
567258516,0.000615195271,0.02253951221,
567458536,0.006674742913,0.02073151232,
567658555,0.01214847804,0.01861561938,
567858575,0.01742428688,0.0158256705,
568058595,0.02267526612,0.01240111937,
568258615,0.02741916149,0.008430846638,
568458634,0.03157581035,0.003955437822,
568658654,0.03489783154,-0.0007453077196,
568858674,0.03791362809,-0.006268052631,
569058694,0.04069336118,-0.01200637373,
569258713,0.04246319509,-0.01777608417,
569458733,0.04341810001,-0.02380759134,
569658753,0.04461226768,-0.02941924303,
569858773,0.0444122124,-0.03563657672,
570058792,0.04365919743,-0.0421879122,
570258812,0.04220899093,-0.0478724314,
570458832,0.04036047208,-0.0538108627,
570658852,0.0376163771,-0.05920176188,
570858871,0.03492729355,-0.06450951474,
571058891,0.03161443926,-0.06947755768,
571258911,0.02769275477,-0.07453509583,
571458931,0.02393208476,-0.07827477033,
571658950,0.01974536545,-0.08200286112,
571858970,0.01497187295,-0.08481520876,
572058990,0.00959154249,-0.0875034685,
572259010,0.004897947921,-0.09009008358,
572459029,7.29542659e-05,-0.09174692464,
572659049,-0.004923403236,-0.09314095582,
572859069,-0.009567521362,-0.09412233379,
573059089,-0.01433382087,-0.09493146119,
573259108,-0.01952424787,-0.09512275268,
573459128,-0.0237731452,-0.09477688772,
573659148,-0.0281801155,-0.09473162638,
573859168,-0.03198654655,-0.09422423413,
574059187,-0.03642047699,-0.09374053122,
574259207,-0.04063381965,-0.09279545242,
574459227,-0.04352114949,-0.0908752538,
574659247,-0.04720214664,-0.09014810637,
574859266,-0.05019254586,-0.0899631467,
575059286,-0.05304815103,-0.08850320871,
575259306,-0.05646801644,-0.08721969525,
575459326,-0.05920676544,-0.08624752585,
575659345,-0.06189092751,-0.08550246615,
575859365,-0.06398642686,-0.08439084767,
576059385,-0.06725982548,-0.08354429575,
576259405,-0.06981411599,-0.08320856656,
576459424,-0.07245850177,-0.08282622998,
576659444,-0.07586639585,-0.08247380142,
576859464,-0.07951440767,-0.08260986215,
577059484,-0.08293632282,-0.08180102661,
577259503,-0.08628039638,-0.08149164657,
577459523,-0.09019906043,-0.080126852,
577659543,-0.09440816203,-0.0801027579,
577859563,-0.09950457552,-0.07891221176,
578059582,-0.104453059,-0.07764792243,
578259602,-0.1089144235,-0.07613676934,
578459622,-0.1139853232,-0.07400336767,
578659642,-0.1204805446,-0.07222484251,
578859661,-0.1262592748,-0.06925880417,
579059681,-0.1310485016,-0.06635497366,
579259701,-0.1372466645,-0.06167292703,
579459721,-0.143885425,-0.05786871262,
579659740,-0.1496016679,-0.05235844753,
579859760,-0.1555325919,-0.04720531553,
580059780,-0.161155567,-0.04049242309,
580259800,-0.1673431738,-0.03381582419,
580459819,-0.1713390856,-0.02614470308,
580659839,-0.1760144803,-0.01733636417,
580859859,-0.1810469742,-0.007405437708,
581059879,-0.1847955303,0.001557644001,
581259898,-0.1874899642,0.01261253861,
581459918,-0.1900217432,0.02281320555,
581659938,-0.1902712309,0.03444604622,
581859958,-0.1900359914,0.04671503245,
582059977,-0.189753585,0.05849490873,
582259997,-0.1877083562,0.07048521955,
582460017,-0.18463474,0.08263833728,
582660037,-0.1812061031,0.09475451276,
582860056,-0.1753579612,0.1072564329,
583060076,-0.1695495586,0.1185558206,
583260096,-0.1629183774,0.1303708886,
583460116,-0.1547361606,0.1408075534,
583660135,-0.1445264963,0.1522254391,
583860155,-0.1336679925,0.1609952487,
584060175,-0.1223066551,0.1688390952,
584260195,-0.1111670212,0.1769195009,
584460214,-0.0980842471,0.1834693146,
584660234,-0.08383774748,0.1891734848,
584860254,-0.07046670431,0.1932076634,
585060274,-0.05586532187,0.1972584361,
585260293,-0.04123006032,0.1987167153,
585460313,-0.02736475359,0.1985685518,
585660333,-0.01125962199,0.1961842278,
585860353,0.002621256945,0.1948523564,
586060372,0.01726962607,0.1917905871,
586260392,0.03209535357,0.1864301732,
586460412,0.04509773623,0.1790011893,
586660432,0.05845253356,0.1719484423,
586860452,0.06988107203,0.162748341,
587060471,0.08099369904,0.1542195511,
587260491,0.09005216998,0.1428463917,
587460511,0.09930705435,0.1307202665,
587660531,0.1067325931,0.1187910851,
587860550,0.1131260152,0.1060836127,
588060570,0.1180502554,0.09191407725,
588260590,0.1212428639,0.0789702602,
588460610,0.1227692184,0.06540881867,
588660629,0.1227509204,0.05194515774,
588860649,0.1220986709,0.03788776132,
589060669,0.1200480969,0.0256968595,
589260689,0.116232507,0.01269945054,
589460708,0.1105809757,0.0002335012402,
589660728,0.1047350668,-0.01051988082,
589860748,0.09702273546,-0.02118809367,
590060768,0.08897841691,-0.02965244819,
590260787,0.07928381359,-0.03745457447,
590460807,0.06986274004,-0.04517718928,
590660827,0.05941178077,-0.05021407183,
590860847,0.0482935385,-0.0544488465,
591060866,0.03696623104,-0.05713558127,
591260886,0.02572727045,-0.05869848935,
591460906,0.01475169905,-0.05856821965,
591660926,0.003325852946,-0.05779013984,
591860945,-0.007364954917,-0.05500649011,
592060965,-0.01750992663,-0.05117396218,
592260985,-0.0267278616,-0.04568915691,
592461005,-0.03476069055,-0.03944123259,
592661024,-0.04238535184,-0.0317581467,
592861044,-0.04882499975,-0.02391970703,
593061064,-0.05425397795,-0.01503965385,
593261084,-0.05796012415,-0.006099272285,
593461103,-0.06093483008,0.003451846125,
593661123,-0.06225026994,0.01344409964,
593861143,-0.06176935735,0.02306816631,
594061163,-0.0610194086,0.03285964054,
594261182,-0.05865015236,0.04171726365,
594461202,-0.05569382186,0.05000372573,
594661222,-0.05133824996,0.0584875802,
594861242,-0.04563534972,0.06627940742,
595061261,-0.03967373041,0.07282570543,
595261281,-0.03225901186,0.07900605343,
595461301,-0.02433579618,0.08384247882,
595661321,-0.01623453015,0.08784976121,
595861340,-0.00735758205,0.09032859494,
596061360,0.001548427167,0.09233307416,
596261380,0.01073136401,0.09275048781,
596461400,0.0194817788,0.09152778823,
596661419,0.02884809971,0.08976067438,
596861439,0.03706132074,0.08691828542,
597061459,0.04430252184,0.0833866994,
597261479,0.05135004002,0.07803985145,
597461498,0.05831757245,0.07216154678,
597661518,0.06401098734,0.06623842597,
597861538,0.06909393589,0.05850078762,
598061558,0.07244101922,0.05100996271,
598261577,0.07466560413,0.04302727714,
598461597,0.07658708437,0.03470284662,
598661617,0.07697282822,0.0260380957,
598861637,0.0757299067,0.01816616045,
599061656,0.07460260559,0.01025708273,
599261676,0.07125212978,0.002630780488,
599461696,0.06695992558,-0.004727294727,
599661716,0.06192820013,-0.01140383398,
599861735,0.05653156128,-0.01669315569,
600061755,0.04970531959,-0.02159001263,
600261775,0.04237953397,-0.02569137431,
600461795,0.03476780618,-0.02820254547,
600661814,0.02667006049,-0.03026795768,
600861834,0.01877774456,-0.03025523959,
601061854,0.01026765524,-0.02959679957,
601261874,0.002235342794,-0.02774634676,
601461893,-0.005790830504,-0.02460009757,
601661913,-0.01359500706,-0.02048179887,
601861933,-0.01953903023,-0.0145534744,
602061953,-0.02565052677,-0.007565674744,
602261972,-0.03109608897,-0.0004061771817,
602461992,-0.03460359776,0.008406292933,
602662012,-0.03804089622,0.0174097225,
602862032,-0.03992589939,0.02672439318,
603062051,-0.04075142395,0.03643993105,
603262071,-0.04025298999,0.04612200276,
603462091,-0.03844811145,0.05593223747,
603662111,-0.03561461301,0.06590306147,
603862130,-0.03117296329,0.07525556906,
604062150,-0.0254597589,0.08415307843,
604262170,-0.0186900617,0.09295728379,
604462190,-0.01057195657,0.1006666231,
604662209,-0.001568740781,0.1075233386,
604862229,0.00857125125,0.1135472635,
605062249,0.01949231,0.118392209,
605262269,0.03030324191,0.1214926596,
605462288,0.04243902679,0.1242753546,
605662308,0.05447102413,0.1250141678,
605862328,0.0663652181,0.124631214,
606062348,0.0786640024,0.122494116,
606262367,0.09038150793,0.1198321522,
606462387,0.1026777047,0.1152481561,
606662407,0.1141311264,0.1096625471,
606862427,0.1240210765,0.1033448555,
607062446,0.1341054987,0.09418924771,
607262466,0.1427945126,0.08558492648,
607462486,0.1520067412,0.07579244385,
607662506,0.1592535394,0.06500399092,
607862525,0.1646891521,0.05320953231,
608062545,0.1687682811,0.04091726308,
608262565,0.1718112645,0.02867345492,
608462585,0.1736071896,0.01514069802,
608662604,0.1739276332,0.003359746452,
608862624,0.1741878364,-0.009931416161,
609062644,0.1712328302,-0.02164342734,
609262664,0.1675024522,-0.0340726822,
609462683,0.1631759423,-0.04570599157,
609662703,0.1566635207,-0.05758585765,
609862723,0.1492268557,-0.06742466825,
610062743,0.1415652889,-0.07663830382,
610262762,0.13238455,-0.08422523733,
610462782,0.123243293,-0.09209239994,
610662802,0.1112496147,-0.09728390264,
610862822,0.1004878017,-0.1023981648,
611062841,0.09043232497,-0.1048920889,
611262861,0.07857641667,-0.1070469077,
611462881,0.06690516851,-0.1059778265,
611662901,0.05527340288,-0.1046946679,
611862920,0.04471185696,-0.1021992115,
612062940,0.03445171895,-0.09813000938,
612262960,0.02476073177,-0.09307772615,
612462980,0.01652278227,-0.08696065719,
612662999,0.00886773641,-0.07929503656,
612863019,0.002156110282,-0.07063074429,
613063039,-0.003154083637,-0.06170730941,
613263059,-0.007124487527,-0.05223177975,
613463079,-0.009298558312,-0.04195929886,
613663098,-0.01039837116,-0.03208261139,
613863118,-0.009722043913,-0.02125107358,
614063138,-0.007476166363,-0.01103379119,
614263158,-0.003332988639,-0.001274916698,
614463177,0.001589617848,0.008634698132,
614663197,0.007478216907,0.01723099267,
614863217,0.01517289975,0.02538194579,
615063237,0.02377210035,0.03265620122,
615263256,0.03229637203,0.0382574667,
615463276,0.04297332353,0.04242454397,
615663296,0.05355939001,0.0458766662,
615863316,0.06490117444,0.04733243753,
616063335,0.07615305952,0.04720808933,
616263355,0.08850475661,0.04548153136,
616463375,0.1005011414,0.04264654965,
616663395,0.1113929294,0.03891800163,
616863414,0.1226104806,0.03275467063,
617063434,0.1325813753,0.0263548613,
617263454,0.1425452501,0.01792488837,
617463474,0.150842098,0.007835430995,
617663493,0.1582834292,-0.002711071137,
617863513,0.1641439874,-0.01390556078,
618063533,0.1693673631,-0.02558597748,
618263553,0.1731948099,-0.037968344,
618463572,0.1754454115,-0.05120708717,
618663592,0.1777157312,-0.0647717517,
618863612,0.1760676285,-0.07780545565,
619063632,0.1745691569,-0.09164923157,
619263651,0.1715769885,-0.1044415281,
619463671,0.1675028028,-0.117573295,
619663691,0.1610096867,-0.1298209963,
619863711,0.1539358986,-0.141058513,
620063730,0.1458022117,-0.1528004098,
620263750,0.1367226357,-0.1632691449,
620463770,0.1261661989,-0.1722250297,
620663790,0.1154926592,-0.1787784461,
620863809,0.1036438918,-0.1869467302,
621063829,0.09113984032,-0.1922708584,
621263849,0.0769329665,-0.1956684157,
621463869,0.06577796025,-0.1988456779,
621663888,0.05273843477,-0.2005325037,
621863908,0.03853609027,-0.1999609485,
622063928,0.02657415654,-0.1978661336,
622263948,0.01441992523,-0.1954171721,
622463967,0.002208703593,-0.1913382089,
622663987,-0.008764886578,-0.1861360018,
622864007,-0.01887977695,-0.1799294521,
623064027,-0.02879290912,-0.1723433815,
623264046,-0.03618568594,-0.1654097466,
623464066,-0.04405330244,-0.1564978475,
623664086,-0.04924281116,-0.1462210625,
623864106,-0.05353172641,-0.1369989479,
624064125,-0.05711209241,-0.127593912,
624264145,-0.05846262808,-0.1176043941,
624464165,-0.05889004531,-0.1070212134,
624664185,-0.05811701047,-0.09758804631,
624864204,-0.05538423911,-0.08842699559,
625064224,-0.05242085266,-0.07965312682,
625264244,-0.04736010976,-0.0724487425,
625464264,-0.04214660726,-0.06713806976,
625664283,-0.03613037161,-0.0611712632,
625864303,-0.02952915261,-0.05688182301,
626064323,-0.02125562632,-0.05382867338,
626264343,-0.01289952618,-0.05245718813,
626464362,-0.004870737094,-0.05233337413,
626664382,0.003231699479,-0.05297654544,
626864402,0.01095442782,-0.05504205676,
627064422,0.01804323759,-0.0591204293,
627264441,0.02541041563,-0.06416459722,
627464461,0.03170184168,-0.06987662678,
627664481,0.03665598003,-0.07714040942,
627864501,0.04076622491,-0.08571122419,
628064520,0.0433931873,-0.09475102484,
628264540,0.04517723776,-0.1041973288,
628464560,0.045455725,-0.1144396705,
628664580,0.04378492505,-0.1252091041,
628864599,0.04167342036,-0.1361064887,
629064619,0.03705731728,-0.1457949474,
629264639,0.03205394823,-0.1557993622,
629464659,0.02562703908,-0.1666902912,
629664678,0.01795359954,-0.1756683578,
629864698,0.008321200449,-0.1837812908,
630064718,-0.001871937743,-0.1909933204,
630264738,-0.01436133264,-0.1971802552,
630464757,-0.02627342375,-0.2024449926,
630664777,-0.03962182226,-0.2069601047,
630864797,-0.05369502128,-0.2094887362,
631064817,-0.06822423109,-0.2109280027,
631264836,-0.08265163468,-0.2119965052,
631464856,-0.09789231033,-0.2095875188,
631664876,-0.1127848538,-0.2070632914,
631864896,-0.1272052059,-0.2027175679,
632064915,-0.1413522249,-0.1958101192,
632264935,-0.1557489101,-0.1892315978,
632464955,-0.1697717741,-0.1795627134,
632664975,-0.1826484018,-0.1700967145,
632864994,-0.1950348439,-0.1588267024,
633065014,-0.2051162013,-0.1454363112,
633265034,-0.2153505888,-0.132831479,
633465054,-0.2250234728,-0.1181605132,
633665073,-0.2308088367,-0.1038237606,
633865093,-0.2372215861,-0.08853635032,
634065113,-0.2422623097,-0.07091781331,
634265133,-0.2457078339,-0.05590110021,
634465152,-0.2473408161,-0.03786376708,
634665172,-0.2472709537,-0.02008126873,
634865192,-0.2464565726,-0.003794313364,
635065212,-0.2435066984,0.01243912943,
635265231,-0.2392312338,0.02930834374,
635465251,-0.2343665473,0.04485422914,
635665271,-0.2277603849,0.060623608,
635865291,-0.2199142181,0.07473447093,
636065310,-0.2099269668,0.08826394907,
636265330,-0.1997389433,0.100298841,
636465350,-0.1887409247,0.1123508818,
636665370,-0.1768634407,0.1230557246,
636865389,-0.1644478831,0.1313018896,
637065409,-0.1503592489,0.1392001326,
637265429,-0.1366025225,0.1467825386,
637465449,-0.124096453,0.1519524157,
637665468,-0.1095000447,0.1549298937,
637865488,-0.09640777237,0.1577096822,
638065508,-0.08264331024,0.1593886945,
638265528,-0.06817393891,0.1597082295,
638465547,-0.05490264287,0.1588454687,
638665567,-0.04299847295,0.1559578362,
638865587,-0.03115268307,0.1538454476,
639065607,-0.01914970968,0.1493339456,
639265626,-0.008348567453,0.1441331733,
639465646,0.0004785613986,0.13854739,
639665666,0.008449473733,0.1320609208,
639865686,0.01689640965,0.1254797458,
640065706,0.02366855083,0.1185858937,
640265725,0.02831516141,0.1109816387,
640465745,0.03279166952,0.1037860623,
640665765,0.03645119142,0.09704017802,
640865785,0.03863887655,0.08934105478,
641065804,0.04091729353,0.08322478682,
641265824,0.04172412264,0.07683929505,
641465844,0.04188079044,0.07124376828,
641665864,0.04179372683,0.06573623199,
641865883,0.0404732673,0.06127557381,
642065903,0.03979555598,0.05756038208,
642265923,0.03837870899,0.0540111294,
642465943,0.03699325175,0.0516816534,
642665962,0.03494622193,0.04953947965,
642865982,0.0334653518,0.04841692387,
643066002,0.03228988353,0.04798897272,
643266022,0.03083145045,0.04812641739,
643466041,0.02995280468,0.04857631514,
643666061,0.02969180839,0.04982536889,
643866081,0.02964607859,0.05095845895,
644066101,0.0307228112,0.05266989863,
644266120,0.03132685632,0.05437531289,
644466140,0.03352095123,0.05609802567,
644666160,0.03592999084,0.05815332033,
644866180,0.03883863743,0.05967655026,
645066199,0.04254120299,0.0616936691,
645266219,0.04642403008,0.06262100134,
645466239,0.05115899686,0.06354363161,
645666259,0.05639250247,0.06433034842,
645866278,0.06189820823,0.06425746409,
646066298,0.0676247847,0.06329544726,
646266318,0.07379587417,0.06152991776,
646466338,0.07960079665,0.0600932295,
646666357,0.08620097368,0.05692796047,
646866377,0.09222550919,0.05327579526,
647066397,0.09825592417,0.04914229626,
647266417,0.1034873745,0.04412180308,
647466436,0.1093870848,0.03913953075,
647666456,0.1142400724,0.03247503808,
647866476,0.1194269816,0.02577088526,
648066496,0.1221284666,0.0182688269,
648266515,0.1261915928,0.01092772491,
648466535,0.1287977334,0.002762202815,
648666555,0.1301805659,-0.00616679342,
648866575,0.1308280632,-0.01509769209,
649066594,0.1314135576,-0.02338616615,
649266614,0.1308240146,-0.0323410452,
649466634,0.1289831515,-0.04038813164,
649666654,0.1265633234,-0.04989486303,
649866673,0.1234028344,-0.05780276812,
650066693,0.1189360612,-0.06607638427,
650266713,0.1152984291,-0.07312970808,
650466733,0.1099197402,-0.08107316412,
650666752,0.1044058568,-0.08667472978,
650866772,0.0973479841,-0.09194391233,
651066792,0.0907278633,-0.09819157262,
651266812,0.08344827426,-0.1020690434,
651466831,0.07614382188,-0.1053627242,
651666851,0.06832877351,-0.1085030528,
651866871,0.06048042241,-0.1100778281,
652066891,0.0531918545,-0.1114442509,
652266910,0.04604508341,-0.110710771,
652466930,0.03840842521,-0.1108179376,
652666950,0.03119742834,-0.1101768182,
652866970,0.02522448254,-0.1081390324,
653066989,0.01793608453,-0.1058321679,
653267009,0.01317651691,-0.1022915656,
653467029,0.007676068159,-0.09947557604,
653667049,0.002863640608,-0.09574175223,
653867068,-0.0007000425499,-0.09047481344,
654067088,-0.003674382299,-0.08586307588,
654267108,-0.006577158154,-0.0819734448,
654467128,-0.00848128621,-0.07706907701,
654667147,-0.009543225442,-0.07309009126,
654867167,-0.009990969829,-0.06856260156,
655067187,-0.01003422261,-0.06428102602,
655267207,-0.008813442559,-0.06031384541,
655467226,-0.007564015518,-0.0571378939,
655667246,-0.005751268427,-0.05410783596,
655867266,-0.00356274976,-0.05172046128,
656067286,-0.00101359189,-0.04943256741,
656267305,0.001433623896,-0.04840466275,
656467325,0.004944647609,-0.04725000397,
656667345,0.008013995015,-0.0467737461,
656867365,0.01082211189,-0.0473438935,
657067384,0.01329629509,-0.04849017428,
657267404,0.0165231857,-0.05007243292,
657467424,0.0184896555,-0.05193432568,
657667444,0.02078525261,-0.0548622648,
657867463,0.02204169173,-0.05732000035,
658067483,0.02363141177,-0.06119369684,
658267503,0.02342363927,-0.06492911518,
658467523,0.02320371205,-0.06861592313,
658667542,0.02224724594,-0.07291931692,
658867562,0.0215614589,-0.07668487122,
659067582,0.01927262466,-0.08114108848,
659267602,0.01668646751,-0.08489678743,
659467621,0.01323695799,-0.08845398177,
659667641,0.009231999714,-0.09267958044,
659867661,0.004647385449,-0.09506179607,
660067681,0.0004898111107,-0.09777903711,
660267700,-0.004704143254,-0.09977020705,
660467720,-0.01087703608,-0.1011493859,
660667740,-0.01688668313,-0.1024182665,
660867760,-0.02297245873,-0.1032941634,
661067779,-0.02944654096,-0.1016015128,
661267799,-0.03564931614,-0.1009400336,
661467819,-0.04231059325,-0.09869530641,
661667839,-0.04866439368,-0.09656056039,
661867858,-0.05412094309,-0.09276213039,
662067878,-0.05990103707,-0.08917191112,
662267898,-0.06517292325,-0.08464598076,
662467918,-0.07077604041,-0.07863361128,
662667937,-0.074971796,-0.0731564133,
662867957,-0.07902722425,-0.06664201103,
663067977,-0.08127064885,-0.06049444139,
663267997,-0.08311789197,-0.05319657987,
663468016,-0.08511681482,-0.04631757907,
663668036,-0.08652835094,-0.03837533232,
663868056,-0.08556855479,-0.0307579858,
664068076,-0.08502701491,-0.02384611162,
664268095,-0.0834933043,-0.01653424799,
664468115,-0.08193906753,-0.00916306614,
664668135,-0.0785091965,-0.002643351886,
664868155,-0.0749236593,0.003406832037,
665068174,-0.07044675462,0.009269312997,
665268194,-0.06513597264,0.01430472391,
665468214,-0.05996093095,0.019034905,
665668234,-0.05393929005,0.02295027088,
665868253,-0.04767516257,0.02647310014,
666068273,-0.04146670676,0.02788917689,
666268293,-0.03475298178,0.03026329638,
666468313,-0.02821913601,0.03093320477,
666668333,-0.02177171748,0.03065922014,
666868353,-0.01515084676,0.03024774426,
667068372,-0.009509584274,0.02834146472,
667268392,-0.003790991593,0.02620080976,
667468412,0.001571711525,0.02355916621,
667668432,0.006233236291,0.02001689215,
667868451,0.01032092907,0.01613639475,
668068471,0.0139533264,0.0121950118,
668268491,0.0169449303,0.007935520295,
668468511,0.01928912461,0.002922086724,
668668530,0.02069706626,-0.002365320275,
668868550,0.02175365229,-0.00728376984,
669068570,0.02160514899,-0.0120795824,
669268590,0.02132372372,-0.017000337,
669468609,0.02008949645,-0.02178630243,
669668629,0.01799454129,-0.0261747605,
669868649,0.01573226858,-0.03006489377,
670068669,0.01306990749,-0.03366175745,
670268688,0.00994170836,-0.03683268952,
670468708,0.005455150579,-0.03939051863,
670668728,0.001131501072,-0.04135610607,
670868748,-0.002769179378,-0.04274655841,
671068767,-0.007367770979,-0.04301607514,
671268787,-0.01235134209,-0.04321857913,
671468807,-0.01666731416,-0.04216417317,
671668827,-0.02123444239,-0.0405354397,
671868846,-0.02565578311,-0.03867118202,
672068866,-0.02968341741,-0.03520621169,
672268886,-0.03304487674,-0.0319996442,
672468906,-0.03616807714,-0.0281071787,
672668925,-0.03855464552,-0.02385858152,
672868945,-0.04063085491,-0.01893875535,
673068965,-0.04172441555,-0.01355496364,
673268985,-0.04233288025,-0.008105200227,
673469004,-0.04180986557,-0.002726857147,
673669024,-0.04124495964,0.002507316876,
673869044,-0.03996505889,0.007900581534,
674069064,-0.03752881558,0.01277421167,
674269083,-0.03463639648,0.01794486786,
674469103,-0.03192522562,0.02269339961,
674669123,-0.02810554578,0.02697839369,
674869143,-0.02352130495,0.03094616054,
675069162,-0.01861575467,0.03393857154,
675269182,-0.01315890542,0.03714232486,
675469202,-0.007829886872,0.03941694226,
675669222,-0.00193099206,0.04077789562,
675869241,0.003965078522,0.04173574343,
676069261,0.009879847152,0.04157698769,
676269281,0.01630552243,0.04163418578,
676469301,0.02232982579,0.04027437679,
676669320,0.0277064487,0.03843306514,
676869340,0.03322918034,0.03569508382,
677069360,0.0388316549,0.0333499965,
677269380,0.04396074467,0.02981985047,
677469399,0.04822675976,0.02555618503,
677669419,0.05221983121,0.02054544099,
677869439,0.05548129981,0.01624672433,
678069459,0.05856131503,0.01093684877,
678269478,0.06055148635,0.005837315718,
678469498,0.06219540191,-6.693864072e-05,
678669518,0.06327437353,-0.005767626345,
678869538,0.0633048921,-0.01087131966,
679069557,0.06301283229,-0.01667061608,
679269577,0.06229852128,-0.02172438689,
679469597,0.06059558694,-0.02671967118,
679669617,0.05848276624,-0.03125114352,
679869636,0.05647121432,-0.03493688521,
680069656,0.05366616642,-0.03851484945,
680269676,0.0500325367,-0.04185630671,
680469696,0.04655364279,-0.04466399743,
680669715,0.0430362368,-0.04715820131,
680869735,0.03898024391,-0.04877345679,
681069755,0.03556520501,-0.05001987365,
681269775,0.03202366106,-0.05046207667,
681469794,0.027828946,-0.05056924965,
681669814,0.02471501808,-0.04946111777,
681869834,0.02178347544,-0.04867591793,
682069854,0.01909554144,-0.04690423995,
682269873,0.01607261191,-0.04501752013,
682469893,0.01469844209,-0.04266480454,
682669913,0.01285565916,-0.04032036863,
682869933,0.0124065815,-0.03768303655,
683069952,0.01184685381,-0.0350726295,
683269972,0.01215934953,-0.03218666655,
683469992,0.01326269146,-0.0294094117,
683670012,0.01437260329,-0.02659844237,
683870031,0.01641750225,-0.02436420468,
684070051,0.01817394987,-0.02239749532,
684270071,0.02159018685,-0.02044511095,
684470091,0.02443474424,-0.01899965528,
684670110,0.02783227979,-0.01900741309,
684870130,0.03177131286,-0.0183996678,
685070150,0.03558760615,-0.01865405069,
685270170,0.03985177559,-0.01916822156,
685470189,0.04361643215,-0.02075519009,
685670209,0.04724321973,-0.0232281828,
685870229,0.05045358396,-0.0263460847,
686070249,0.05446305353,-0.02960082253,
686270268,0.05780425823,-0.03319955827,
686470288,0.06026276792,-0.03781315574,
686670308,0.0627930475,-0.04330677036,
686870328,0.06379234483,-0.04860036528,
687070347,0.06491774183,-0.0546370763,
687270367,0.06574104777,-0.06058700909,
687470387,0.0650279379,-0.06668910542,
687670407,0.06414718612,-0.07364317575,
687870426,0.06257142491,-0.07980382635,
688070446,0.06032210649,-0.08563303611,
688270466,0.05665985443,-0.09147754206,
688470486,0.05211377235,-0.09758329189,
688670505,0.04816175652,-0.1030851908,
688870525,0.04275260437,-0.1078732381,
689070545,0.03617099906,-0.1128187481,
689270565,0.02968785383,-0.1163857233,
689470584,0.02311003011,-0.1187653025,
689670604,0.01563616497,-0.1214382423,
689870624,0.008091580367,-0.1230925649,
690070644,-0.0001525461537,-0.1240181653,
690270663,-0.008585040901,-0.1246570866,
690470683,-0.0157663742,-0.1236193185,
690670703,-0.02387459796,-0.1216064549,
690870723,-0.03244447452,-0.1190804806,
691070742,-0.0394276352,-0.1151077677,
691270762,-0.04699226109,-0.1105862107,
691470782,-0.0528231368,-0.106192846,
691670802,-0.05935306466,-0.1005963581,
691870821,-0.06484201731,-0.09309722583,
692070841,-0.0696103296,-0.0870401563,
692270861,-0.07354904087,-0.07925305751,
692470881,-0.0763237058,-0.07120442121,
692670900,-0.07834330113,-0.06313737177,
692870920,-0.07972828976,-0.05519623094,
693070940,-0.07985994662,-0.04623739684,
693270960,-0.07896084629,-0.03801965372,
693470979,-0.07732740412,-0.02983922494,
693670999,-0.07522212769,-0.02218866225,
693871019,-0.07152528432,-0.0139356061,
694071039,-0.06714548323,-0.007161293741,
694271059,-0.06171042053,-0.0006983094956,
694471078,-0.0553720128,0.005439092721,
694671098,-0.04871899196,0.01020292227,
694871118,-0.04183302412,0.01451372875,
695071138,-0.03428590014,0.01781077959,
695271157,-0.02669007364,0.01970197548,
695471177,-0.01895296575,0.0213472206,
695671197,-0.01070024478,0.02184055878,
695871217,-0.003093752718,0.02081537106,
696071236,0.004717048451,0.01942522771,
696271256,0.01230984101,0.01773092235,
696471276,0.01915791675,0.01389179493,
696671296,0.0254859799,0.01017172551,
696871315,0.03167521169,0.005606073314,
697071335,0.03689103064,-6.848886187e-05,
697271355,0.04170827508,-0.005721132776,
697471375,0.04565443826,-0.01234568326,
697671394,0.04850230514,-0.01958471836,
697871414,0.05122253141,-0.02638624987,
698071434,0.0525902593,-0.03369479038,
698271454,0.05294708298,-0.04099756495,
698471473,0.0522538709,-0.04839807533,
698671493,0.05111549421,-0.05598832909,
698871513,0.04877242006,-0.06267750303,
699071533,0.04553823544,-0.06925368039,
699271552,0.04183402114,-0.0752952585,
699471572,0.03770426326,-0.08125900512,
699671592,0.03267686953,-0.08560711717,
699871612,0.02658490225,-0.09037428593,
700071631,0.02110976661,-0.09370234886,
700271651,0.0144389826,-0.09670297604,
700471671,0.007985426026,-0.09841521867,
700671691,0.001464607239,-0.09977949657,
700871710,-0.005045992351,-0.1002258025,
701071730,-0.01208524943,-0.09976074681,
701271750,-0.01812939201,-0.0982587776,
701471770,-0.02412318965,-0.09626299637,
701671789,-0.02971241405,-0.0931547108,
701871809,-0.03521447561,-0.09001799645,
702071829,-0.04017255742,-0.08585373661,
702271849,-0.04446520056,-0.08190342029,
702471868,-0.04721898338,-0.0766992608,
702671888,-0.05075472716,-0.071581131,
702871908,-0.05258906648,-0.06611998088,
703071928,-0.05393468163,-0.06070828875,
703271947,-0.05409130436,-0.05449544355,
703471967,-0.05390763091,-0.04915521795,
703671987,-0.0527707301,-0.04400193806,
703872007,-0.05085949752,-0.03864839739,
704072026,-0.0481842283,-0.03434241008,
704272046,-0.04477142185,-0.03020140117,
704472066,-0.04092454207,-0.02697438812,
704672086,-0.03649609997,-0.02356908182,
704872105,-0.03074082622,-0.02077875714,
705072125,-0.0260934574,-0.01913299186,
705272145,-0.02112130061,-0.01950834389,
705472165,-0.01624213383,-0.02041374167,
705672184,-0.01125508989,-0.02120311313,
705872204,-0.005990324711,-0.02262430536,
706072224,-0.001076624359,-0.02455049556,
706272244,0.002921098313,-0.02794093455,
706472263,0.00687281203,-0.03206084573,
706672283,0.01026991966,-0.03611593809,
706872303,0.01258694662,-0.04160484866,
707072323,0.01470515419,-0.0467184311,
707272342,0.01633842847,-0.05199345153,
707472362,0.01656161873,-0.05814924041,
707672382,0.01633826846,-0.06461236631,
707872402,0.0150651823,-0.0704806214,
708072421,0.01316500059,-0.0766496878,
708272441,0.01050475688,-0.0823997358,
708472461,0.006470381986,-0.08805577603,
708672481,0.002504254632,-0.09334661456,
708872500,-0.002766432922,-0.09859845068,
709072520,-0.00841456143,-0.1033921665,
709272540,-0.01484372417,-0.1065468034,
709472560,-0.0220143892,-0.109483166,
709672579,-0.02901875976,-0.111870937,
709872599,-0.03640676145,-0.113289217,
710072619,-0.04473359906,-0.1139005788,
710272639,-0.0529357309,-0.1131049346,
710472658,-0.06072919043,-0.1116639995,
710672678,-0.06889237889,-0.1100908898,
710872698,-0.07657756405,-0.106761583,
711072718,-0.08361893412,-0.1032870157,
711272737,-0.09063125333,-0.09889332967,
711472757,-0.09794217448,-0.09350330008,
711672777,-0.1035157652,-0.08756306359,
711872797,-0.1085209169,-0.0800902663,
712072816,-0.1132179022,-0.07305436487,
712272836,-0.116975674,-0.06563043932,
712472856,-0.1198049339,-0.05752260305,
712672876,-0.1213286278,-0.04924052877,
712872895,-0.1226154159,-0.04054834036,
713072915,-0.1230865125,-0.03235815164,
713272935,-0.1229055203,-0.02397754223,
713472955,-0.1207040242,-0.01562196779,
713672974,-0.1189468117,-0.007696717068,
713872994,-0.1156473441,-0.0004577632605,
714073014,-0.1118656437,0.006163476443,
714273034,-0.1074059747,0.01256562907,
714473053,-0.1026879533,0.01886819813,
714673073,-0.09628787614,0.0237788208,
714873093,-0.09080602118,0.02762179016,
715073113,-0.08450858556,0.03098672387,
715273132,-0.07737039227,0.03383924824,
715473152,-0.07135249933,0.03582525023,
715673172,-0.06398964527,0.03699086477,
715873192,-0.05800205346,0.03661961631,
716073211,-0.051900102,0.0364136107,
716273231,-0.04620447707,0.03503112349,
716473251,-0.04033172151,0.03288921757,
716673271,-0.03559476388,0.03022412901,
716873290,-0.03092976953,0.02719857858,
717073310,-0.0275008045,0.02322830831,
717273330,-0.02445482102,0.01904228681,
717473350,-0.02244112888,0.01471598583,
717673369,-0.02101990688,0.01035700127,
717873389,-0.02040573817,0.005698997794,
718073409,-0.02114103913,0.001272448477,
718273429,-0.02235409153,-0.003422764783,
718473448,-0.02406605739,-0.006779335111,
718673468,-0.02685227219,-0.009945959275,
718873488,-0.03060908686,-0.01331566354,
719073508,-0.0336619513,-0.01588145936,
719273527,-0.03808240965,-0.01710948452,
719473547,-0.04253284402,-0.0171864706,
719673567,-0.04753645135,-0.01775436822,
719873587,-0.05215485413,-0.01679263151,
720073606,-0.05714220123,-0.01561137666,
720273626,-0.06130793599,-0.01283696497,
720473646,-0.06575069931,-0.009503132081,
720673666,-0.07050203053,-0.006006440947,
720873686,-0.07335190217,-0.0005523430676,
721073705,-0.07732567006,0.004233171251,
721273725,-0.07927708268,0.01003492352,
721473745,-0.08134313975,0.01715780814,
721673765,-0.08227995811,0.02397909409,
721873784,-0.08213177257,0.03151871259,
722073804,-0.08126144111,0.03878980593,
722273824,-0.07924675867,0.04617127217,
722473844,-0.07667765321,0.0540690919,
722673863,-0.07291569755,0.06174038137,
722873883,-0.06818064711,0.06874370379,
723073903,-0.06212952032,0.07561687922,
723273923,-0.05565037699,0.08212083221,
723473942,-0.04821910198,0.08751290134,
723673962,-0.03951456753,0.09253947629,
723873982,-0.0306039445,0.09701962697,
724074002,-0.02100070912,0.09966140132,
724274021,-0.01089070374,0.1020730187,
724474041,-0.0007260161757,0.1031158488,
724674061,0.009941050886,0.1027819069,
724874081,0.02092276655,0.1020045296,
725074100,0.03124427284,0.09939465993,
725274120,0.04184806053,0.09596250767,
725474140,0.05234441657,0.09003064942,
725674160,0.06176147067,0.08529576366,
725874179,0.0715054129,0.07801024564,
726074199,0.07952196002,0.07002914641,
726274219,0.08726534136,0.061073005,
726474239,0.09387193676,0.05084975596,
726674258,0.09960079406,0.04017266313,
726874278,0.1038958346,0.02932214531,
727074298,0.1070984905,0.0178481119,
727274318,0.1093296814,0.005790168728,
727474337,0.1098793291,-0.00603279458,
727674357,0.109182819,-0.01863843851,
727874377,0.1067318213,-0.03060389372,
728074397,0.1042992623,-0.04226979463,
728274416,0.09972043629,-0.05339667694,
728474436,0.09411198896,-0.06443843645,
728674456,0.08747461847,-0.07449084351,
728874476,0.07949449148,-0.08354893842,
729074495,0.07061048495,-0.09211587582,
729274515,0.06094347881,-0.09960224501,
729474535,0.05054881105,-0.1060096921,
729674555,0.03929873146,-0.1103526566,
729874574,0.02792446882,-0.1148666735,
730074594,0.01600308084,-0.1171258863,
730274614,0.004165393737,-0.118150705,
730474634,-0.007516406921,-0.1173980922,
730674653,-0.01901825415,-0.1160995471,
730874673,-0.03011677358,-0.1134107438,
731074693,-0.04133773361,-0.1090431316,
731274713,-0.05147272979,-0.1033820893,
731474732,-0.06132967802,-0.0976740089,
731674752,-0.07015016498,-0.09003698552,
731874772,-0.07799521695,-0.08130352991,
732074792,-0.08413326036,-0.07247377146,
732274811,-0.08993229485,-0.06283561096,
732474831,-0.09403723852,-0.05240859402,
732674851,-0.09690042506,-0.0421692972,
732874871,-0.09859239351,-0.03143977263,
733074890,-0.09896357146,-0.02048807074,
733274910,-0.09758997935,-0.01054113554,
733474930,-0.09558435169,-0.0001871249419,
733674950,-0.09207569192,0.00964214884,
733874969,-0.08730220673,0.01869461961,
734074989,-0.08206284894,0.02723897296,
734275009,-0.0752599341,0.03430123296,
734475029,-0.06745824014,0.04095057842,
734675048,-0.05971056044,0.04612087605,
734875068,-0.05118749115,0.05081165117,
735075088,-0.04216288101,0.05284217727,
735275108,-0.03235761555,0.0552092539,
735475127,-0.02385947715,0.05534248225,
735675147,-0.01455307171,0.05472949125,
735875167,-0.005453262515,0.05258013102,
736075187,0.002799364802,0.04941041844,
736275206,0.01067379796,0.04532587985,
736475226,0.01785401831,0.04002255976,
736675246,0.02383034772,0.03322611963,
736875266,0.02938965618,0.02613311962,
737075285,0.03318325486,0.01805027505,
737275305,0.03650932506,0.01011557227,
737475325,0.03800415786,0.001080889615,
737675345,0.03843153944,-0.007756191273,
737875364,0.03789272884,-0.01659452142,
738075384,0.03559899814,-0.02542740013,
738275404,0.03215612141,-0.03427601161,
738475424,0.02791209068,-0.04148992835,
738675443,0.022324086,-0.04907801216,
738875463,0.01542199952,-0.05615450687,
739075483,0.007615088471,-0.06192852297,
739275503,-0.001281207182,-0.06643058847,
739475522,-0.01069984284,-0.06983852154,
739675542,-0.02038474576,-0.07207006584,
739875562,-0.03042060983,-0.07319227261,
740075582,-0.0415154739,-0.07282725237,
740275601,-0.05162368249,-0.07057844514,
740475621,-0.06205869072,-0.06757874495,
740675641,-0.07197851253,-0.06265795545,
740875661,-0.08162441847,-0.05757509954,
741075680,-0.09085213753,-0.05063151091,
741275700,-0.09890800204,-0.04177594426,
741475720,-0.1060283829,-0.03264658705,
741675740,-0.1121684546,-0.02219130467,
741875759,-0.1173528023,-0.01165056115,
742075779,-0.1208829511,0.0007893067412,
742275799,-0.123164427,0.01280759025,
742475819,-0.1240941325,0.02582270288,
742675838,-0.1237909353,0.0379754912,
742875858,-0.121773916,0.05208489077,
743075878,-0.1184425488,0.06487211233,
743275898,-0.1134135157,0.07618773635,
743475917,-0.1076301982,0.08842358973,
743675937,-0.09962370767,0.09959075138,
743875957,-0.09120166449,0.1107132505,
744075977,-0.08086869664,0.1197154205,
744275996,-0.06975633183,0.1279825929,
744476016,-0.05770978788,0.1352711301,
744676036,-0.04489903693,0.1408976324,
744876056,-0.03144263429,0.1455898539,
745076075,-0.01787760183,0.1481930407,
745276095,-0.003565065801,0.1491797128,
745476115,0.01066310972,0.1492355934,
745676135,0.02481617412,0.1476257123,
745876154,0.03870087927,0.1442806082,
746076174,0.05112654531,0.139498936,
746276194,0.06421915537,0.1335282648,
746476214,0.07659113954,0.1254100207,
746676233,0.08790374298,0.1172828296,
746876253,0.0974570295,0.10673284,
747076273,0.106840652,0.09617502959,
747276293,0.1133128371,0.08457136979,
747476313,0.1200818831,0.0715908043,
747676332,0.1245640354,0.05845140568,
747876352,0.1275623333,0.04474650911,
748076372,0.1295281456,0.03139799068,
748276392,0.1292312354,0.0178325644,
748476411,0.1274169251,0.004017017447,
748676431,0.1240124204,-0.009675546202,
748876451,0.1189768964,-0.02281833416,
749076471,0.1128145651,-0.03463876118,
749276490,0.1051235728,-0.04595953162,
749476510,0.09552856588,-0.0561359265,
749676530,0.08631756354,-0.064353947,
749876550,0.07514980301,-0.07239923369,
750076569,0.06220112133,-0.07875515973,
750276589,0.04990248199,-0.08325053699,
750476609,0.03725122542,-0.0859644959,
750676629,0.02371164514,-0.08727032305,
750876648,0.01007425492,-0.08718827457,
751076668,-0.003366558923,-0.08544201621,
751276688,-0.01652202407,-0.08159876044,
751476708,-0.02903773791,-0.07659836218,
751676727,-0.04124251044,-0.06981392237,
751876747,-0.05192786539,-0.06076562949,
752076767,-0.06171751675,-0.05114400066,
752276787,-0.07022188341,-0.04007360262,
752476806,-0.07768836178,-0.02817726067,
752676826,-0.08301868495,-0.01520690707,
752876846,-0.08723802182,-0.001595808511,
753076866,-0.08926384497,0.01200654185,
753276885,-0.09056952038,0.02588985711,
753476905,-0.08956592831,0.04002022355,
753676925,-0.08685235179,0.05441088514,
753876945,-0.08228875958,0.06892952136,
754076964,-0.07724380955,0.08118101077,
754276984,-0.06986394341,0.09398075331,
754477004,-0.06084520392,0.1065046368,
754677024,-0.05114608192,0.117075233,
754877043,-0.03947995084,0.1274894508,
755077063,-0.02682406292,0.1352361991,
755277083,-0.01383388636,0.1421568002,
755477103,-1.804911054e-05,0.1476735667,
755677122,0.01519472244,0.1525302084,
755877142,0.02926591625,0.1540277641,
756077162,0.045030417,0.1556089851,
756277182,0.06026616111,0.1547543384,
756477201,0.07533833674,0.1524587356,
756677221,0.0896438055,0.148728977,
756877241,0.104010846,0.1434886428,
757077261,0.1178762832,0.1355663081,
757277280,0.130427028,0.1282943634,
757477300,0.142630127,0.1184471005,
757677320,0.1536517714,0.1075415936,
757877340,0.1634381441,0.09637695048,
758077359,0.1711703439,0.0832581946,
758277379,0.1791382387,0.07118315518,
758477399,0.1846841775,0.05689127965,
758677419,0.1883450864,0.04333617243,
758877438,0.1916561484,0.02910700067,
759077458,0.1927906247,0.01425629182,
759277478,0.1925298901,-0.0006041600551,
759477498,0.1909550603,-0.01438039844,
759677517,0.1886316812,-0.02876808828,
759877537,0.1840554008,-0.04185924763,
760077557,0.1784859629,-0.0550919838,
760277577,0.1722944485,-0.06675952825,
760477596,0.16403922,-0.07757757682,
760677616,0.1552547262,-0.08815560961,
760877636,0.1458884146,-0.09693393775,
761077656,0.1352296123,-0.1047846876,
761277675,0.1247044908,-0.1114933983,
761477695,0.1128322108,-0.1173927175,
761677715,0.1015592368,-0.1212649887,
761877735,0.08888072779,-0.1236109419,
762077754,0.07698765315,-0.1256255139,
762277774,0.06478076647,-0.1255835294,
762477794,0.05380678558,-0.124458697,
762677814,0.04257862983,-0.1216604397,
762877833,0.03222669011,-0.1187927572,
763077853,0.02178629107,-0.1136800062,
763277873,0.01284019593,-0.1077569807,
763477893,0.004698079785,-0.1017247879,
763677912,-0.002364405646,-0.09434215552,
763877932,-0.009000215486,-0.08642378372,
764077952,-0.01422709547,-0.07868052553,
764277972,-0.01828296103,-0.07035765621,
764477991,-0.02165470446,-0.06129112352,
764678011,-0.02315292078,-0.05204986579,
764878031,-0.0237522358,-0.04338693333,
765078051,-0.0234960578,-0.03451784548,
765278070,-0.02149701532,-0.02638121636,
765478090,-0.0189745224,-0.01832274435,
765678110,-0.01513580949,-0.01031743544,
765878130,-0.01103209574,-0.00300416941,
766078149,-0.006287534718,0.002796735332,
766278169,-0.0008930416365,0.008014722918,
766478189,0.004490924473,0.01236287985,
766678209,0.01081043537,0.01641815097,
766878228,0.01691560793,0.01921681193,
767078248,0.02338242079,0.02143458361,
767278268,0.0303497097,0.02264624338,
767478288,0.03655934976,0.02306621588,
767678307,0.04333260571,0.02301078565,
767878327,0.04919498988,0.02133344553,
768078347,0.05523751535,0.01980039736,
768278367,0.06059635344,0.01681764939,
768478386,0.06562844343,0.01442244682,
768678406,0.07024734592,0.01070232816,
768878426,0.07403681754,0.006961724014,
769078446,0.07742917726,0.002845687098,
769278465,0.08023039373,-0.001523438112,
769478485,0.08248574779,-0.006345503955,
769678505,0.08438280238,-0.01087735635,
769878525,0.08543690522,-0.01564059912,
770078544,0.08622821479,-0.01974410506,
770278564,0.08590301396,-0.02439428146,
770478584,0.08595674666,-0.02841261507,
770678604,0.08465471052,-0.03182901987,
770878623,0.08336689906,-0.03609200279,
771078643,0.08219099415,-0.03854622957,
771278663,0.08050574925,-0.04154600228,
771478683,0.07860945707,-0.04402337277,
771678702,0.0768462012,-0.04632692374,
771878722,0.07448931984,-0.04815757785,
772078742,0.07302221869,-0.04879062063,
772278762,0.0703524159,-0.05029450953,
772478781,0.06929516539,-0.0512001233,
772678801,0.06746772552,-0.05126684952,
772878821,0.06564528944,-0.05119890225,
773078841,0.06496647426,-0.05096201166,
773278860,0.06432676881,-0.05065875184,
773478880,0.06327629859,-0.05072534427,
773678900,0.06339380339,-0.05034620618,
773878920,0.06374952355,-0.04998565587,
774078940,0.06413140908,-0.04996697941,
774278959,0.06438439854,-0.04964005662,
774478979,0.06592227766,-0.04931364029,
774678999,0.06711089706,-0.04999895221,
774879019,0.06827593798,-0.0504814257,
775079038,0.07018780544,-0.05105611268,
775279058,0.07162520687,-0.05234121042,
775479078,0.0734057355,-0.05361407515,
775679098,0.07478246559,-0.05583656239,
775879117,0.0765495445,-0.05847011354,
776079137,0.07789623002,-0.06123110101,
776279157,0.07917389039,-0.06400697354,
776479177,0.08031608941,-0.06748089863,
776679196,0.08146133689,-0.07132058332,
776879216,0.08142869945,-0.07567173771,
777079236,0.08120535671,-0.0795997687,
777279256,0.08136348484,-0.08380877274,
777479275,0.08010454174,-0.08884728717,
777679295,0.078952914,-0.09308492427,
777879315,0.07738646222,-0.09724313139,
778079335,0.07518972012,-0.1023971938,
778279354,0.07231889886,-0.1064631444,
778479374,0.0687202368,-0.1113326632,
778679394,0.06527219005,-0.1147528041,
778879414,0.06090424101,-0.1189223341,
779079433,0.05661581729,-0.1221717354,
779279453,0.05128812073,-0.1256175051,
779479473,0.0462520681,-0.1279596533,
779679493,0.04137193145,-0.1298384429,
779879512,0.03522069654,-0.1318890933,
780079532,0.0291457692,-0.1327573473,
780279552,0.02353490692,-0.1339106151,
780479572,0.01760372867,-0.1337954977,
780679591,0.01151165495,-0.1337043232,
780879611,0.005543173839,-0.1324398132,
781079631,-0.0004300593412,-0.1314810934,
781279651,-0.005913919849,-0.1291854252,
781479670,-0.01137636601,-0.1268552418,
781679690,-0.01584196112,-0.1240277762,
781879710,-0.02039248961,-0.1202992479,
782079730,-0.02477859272,-0.1168131481,
782279749,-0.02879651249,-0.112845826,
782479769,-0.03229747915,-0.1089642032,
782679789,-0.03500166689,-0.1043271145,
782879809,-0.037119868,-0.09965687319,
783079828,-0.03939939033,-0.09545031458,
783279848,-0.0410106277,-0.09125152339,
783479868,-0.04171812751,-0.0870806673,
783679888,-0.04220903833,-0.08248912738,
783879907,-0.04221207589,-0.0780979452,
784079927,-0.04211053706,-0.07500085561,
784279947,-0.04124931074,-0.0711898546,
784479967,-0.04072129136,-0.06768265731,
784679986,-0.03976381694,-0.06490070283,
784880006,-0.03814979075,-0.06236116173,
785080026,-0.03669768062,-0.06048458523,
785280046,-0.03469253351,-0.05841935588,
785480065,-0.03324932051,-0.05705485706,
785680085,-0.03190904274,-0.05688187938,
785880105,-0.03040437122,-0.05534686497,
786080125,-0.02899494319,-0.05586958798,
786280144,-0.02795395103,-0.05546481587,
786480164,-0.02686381985,-0.0558582429,
786680184,-0.02654973198,-0.05592279207,
786880204,-0.02604744767,-0.0563735659,
787080223,-0.02600667037,-0.05759179095,
787280243,-0.02718009473,-0.05820557897,
787480263,-0.0278082367,-0.05923959411,
787680283,-0.02891472128,-0.06061994232,
787880302,-0.03024483411,-0.06034077891,
788080322,-0.03224012114,-0.06103955733,
788280342,-0.03447407678,-0.06099906827,
788480362,-0.03702484026,-0.06140034555,
788680381,-0.03958134593,-0.05995528682,
788880401,-0.0428481452,-0.05973679796,
789080421,-0.04567309354,-0.05821852231,
789280441,-0.04840539953,-0.05632450917,
789480460,-0.05145120939,-0.0545775462,
789680480,-0.05451632846,-0.05191707148,
789880500,-0.05713701095,-0.04934873219,
790080520,-0.0597666126,-0.04546627105,
790280539,-0.06205094067,-0.04149048195,
790480559,-0.06427793709,-0.03789099041,
790680579,-0.06578175805,-0.03318774351,
790880599,-0.0673124468,-0.02844855611,
791080618,-0.06732482073,-0.02347839044,
791280638,-0.06838955687,-0.01823977433,
791480658,-0.06865253792,-0.01351355591,
791680678,-0.06759676049,-0.008126961641,
791880697,-0.06644362283,-0.002501872032,
792080717,-0.06499810255,0.002338030866,
792280737,-0.0625637325,0.007348093864,
792480757,-0.06002138854,0.01227236332,
792680776,-0.05650284441,0.01642785599,
792880796,-0.05294263578,0.02014593843,
793080816,-0.04937733695,0.02406426023,
793280836,-0.04476594441,0.02738555302,
793480855,-0.04022676958,0.02969640702,
793680875,-0.03592595411,0.03194394099,
793880895,-0.03130260682,0.03382497212,
794080915,-0.0262409635,0.03502759975,
794280934,-0.02147425738,0.03572786419,
794480954,-0.0168772936,0.03536218682,
794680974,-0.01237061304,0.03477864878,
794880994,-0.008143491871,0.03358556232,
795081013,-0.003919837319,0.03214973252,
795281033,-0.0005967310709,0.02946541287,
795481053,0.002329974481,0.02759760229,
795681073,0.004848190179,0.02481254729,
795881092,0.006946320007,0.02128251326,
796081112,0.008145703387,0.01827388109,
796281132,0.009065141297,0.01527399804,
796481152,0.009152152501,0.01218207383,
796681171,0.008556638606,0.008540130908,
796881191,0.007910038432,0.006395989161,
797081211,0.006200483537,0.003866762842,
797281231,0.003627867997,0.0008916942222,
797481250,0.001028506408,-0.0006304567464,
797681270,-0.002368967669,-0.001535246832,
797881290,-0.006296173022,-0.002244369584,
798081310,-0.01009231304,-0.001708329696,
798281329,-0.01454029471,-0.001230297109,
798481349,-0.01850777929,0.0009356033087,
798681369,-0.02304690245,0.003206413172,
798881389,-0.02737087209,0.006788374916,
799081408,-0.03162270314,0.01095742768,
799281428,-0.03544970031,0.01576188884,
799481448,-0.03879675624,0.02120706765,
799681468,-0.04170677827,0.02723696323,
799881487,-0.0440335591,0.03366699222,
800081507,-0.0454598111,0.04147949198,
800281527,-0.04646949673,0.04980133924,
800481547,-0.04624038537,0.05797141464,
800681567,-0.04566138043,0.06615605406,
800881586,-0.04334292796,0.07553709394,
801081606,-0.04066587631,0.0846293504,
801281626,-0.03660324478,0.09332084214,
801481646,-0.03130922666,0.1023903453,
801681665,-0.0249854024,0.1109917347,
801881685,-0.01859592087,0.1191142503,
802081705,-0.01049122104,0.1275835047,
802281725,-0.001670189747,0.1346345837,
802481744,0.007849923622,0.1409837464,
802681764,0.0183512951,0.1465245596,
802881784,0.02884989885,0.1516204206,
803081804,0.0404744454,0.1552462178,
803281823,0.0521716423,0.1581738243,
803481843,0.06474565772,0.1605014786,
803681863,0.07711382869,0.1601872316,
803881883,0.08964847534,0.1597629717,
804081902,0.1024829144,0.1595571836,
804281922,0.1148893658,0.1564369128,
804481942,0.1274106825,0.1536295279,
804681962,0.1387971623,0.1494945,
804881981,0.1502363859,0.1435727911,
805082001,0.1608784667,0.1382155394,
805282021,0.1710942944,0.1311112021,
805482041,0.1803071896,0.1227851303,
805682060,0.1897252256,0.1139948873,
805882080,0.1977024117,0.1056051267,
806082100,0.2049068697,0.09615896413,
806282120,0.2101749198,0.08628915224,
806482139,0.2161210409,0.07662061486,
806682159,0.2202205264,0.06607722707,
806882179,0.2235477292,0.05677161356,
807082199,0.2262303302,0.04712462327,
807282218,0.2270772716,0.03742874758,
807482238,0.2285555571,0.02742583992,
807682258,0.2288128329,0.01967607538,
807882278,0.2276102539,0.01044879042,
808082297,0.2269342059,0.002274962881,
808282317,0.2246982033,-0.004417910023,
808482337,0.223087426,-0.01135915041,
808682357,0.2212589548,-0.01695342633,
808882376,0.218386415,-0.02248469215,
809082396,0.216074409,-0.02602354717,
809282416,0.2136763166,-0.02993155566,
809482436,0.2117774793,-0.03300762151,
809682455,0.2099473965,-0.03496536664,
809882475,0.208651036,-0.03689785226,
810082495,0.2077859831,-0.03833122003,
810282515,0.2074495077,-0.03902913156,
810482534,0.2082429952,-0.03942450608,
810682554,0.2103472101,-0.03941375402,
810882574,0.2116597207,-0.04014720658,
811082594,0.2153016879,-0.04034207287,
811282613,0.2186330077,-0.04196426054,
811482633,0.223773275,-0.04277216179,
811682653,0.2283246455,-0.04401371453,
811882673,0.2341742869,-0.04669113424,
812082692,0.2407336026,-0.04984181118,
812282712,0.2474749902,-0.05438187516,
812482732,0.2551707821,-0.05949072629,
812682752,0.2622627411,-0.06564725673,
812882771,0.2695484502,-0.07356811737,
813082791,0.2762090609,-0.08169582928,
813282811,0.283462055,-0.09103512631,
813482831,0.2896531729,-0.1019207182,
813682850,0.2952169825,-0.1136216171,
813882870,0.3011504682,-0.1258195022,
814082890,0.3045734988,-0.1405521357,
814282910,0.30774164,-0.1549196518,
814482929,0.3101508635,-0.1689854422,
814682949,0.311926585,-0.186183688,
814882969,0.3103732552,-0.2016629743,
815082989,0.3091617547,-0.2192831795,
815283008,0.3066895491,-0.2361272377,
815483028,0.3020188908,-0.2525412352,
815683048,0.2959031966,-0.2698237009,
815883068,0.2888880862,-0.2867939584,
816083087,0.28091188,-0.3023869885,
816283107,0.2706317366,-0.3185515069,
816483127,0.2604589332,-0.3336678874,
816683147,0.2484017923,-0.3498879883,
816883166,0.2343551405,-0.3628452056,
817083186,0.2192185432,-0.3764730641,
817283206,0.2036935757,-0.3896739937,
817483226,0.1882630945,-0.4009917416,
817683245,0.1702509655,-0.411179412,
817883265,0.1513846483,-0.4216876936,
818083285,0.132876789,-0.4274698015,
818283305,0.1124824196,-0.435133374,
818483324,0.09314020273,-0.4410905449,
818683344,0.07270964566,-0.4449977431,
818883364,0.05067224928,-0.4464464605,
819083384,0.02969400973,-0.4469359854,
819283403,0.008820183003,-0.4472566251,
819483423,-0.0134558505,-0.4439683966,
819683443,-0.03367163787,-0.440889767,
819883463,-0.05421848927,-0.435077014,
820083482,-0.07627955732,-0.4290000932,
820283502,-0.09595717754,-0.4213282097,
820483522,-0.1166033153,-0.4114553084,
820683542,-0.1342942334,-0.4000571095,
820883561,-0.1528500714,-0.3869314982,
821083581,-0.1690857489,-0.3734245994,
821283601,-0.185504169,-0.3582219536,
821483621,-0.1998217752,-0.3414183577,
821683640,-0.2131398649,-0.3228632032,
821883660,-0.2241802987,-0.3049165145,
822083680,-0.2349081111,-0.2850994752,
822283700,-0.2420843893,-0.2643321107,
822483719,-0.2489290534,-0.2437742213,
822683739,-0.2536011149,-0.2221137625,
822883759,-0.2561404452,-0.2006171161,
823083779,-0.2561911478,-0.1789577916,
823283798,-0.2540379975,-0.1578595539,
823483818,-0.2506716905,-0.1369307567,
823683838,-0.245022472,-0.1169700344,
823883858,-0.2368782795,-0.09801558271,
824083877,-0.2279164646,-0.07898609173,
824283897,-0.2162657588,-0.06283729984,
824483917,-0.2039510777,-0.04700416773,
824683937,-0.1895237743,-0.03308394508,
824883956,-0.1741967429,-0.02167110244,
825083976,-0.1573628379,-0.01200108211,
825283996,-0.1403446883,-0.004847176893,
825484016,-0.1227008087,0.0008754001699,
825684035,-0.1052187779,0.003647431305,
825884055,-0.08790744738,0.004527943007,
826084075,-0.07101040973,0.003229155206,
826284095,-0.05457645225,-0.0004445456928,
826484114,-0.03826649626,-0.005914126149,
826684134,-0.0244779594,-0.01407913213,
826884154,-0.01158737952,-0.02304247332,
827084174,-0.001313888086,-0.03423397459,
827284194,0.007715230819,-0.0459129663,
827484213,0.01512604647,-0.05815908061,
827684233,0.02064559442,-0.07116362452,
827884253,0.02368549742,-0.08420705853,
828084273,0.02528730984,-0.09770569899,
828284292,0.0246942902,-0.1110803983,
828484312,0.022235759,-0.1243870554,
828684332,0.01789837633,-0.1369268116,
828884352,0.01193478778,-0.1477735927,
829084371,0.004200397774,-0.159292885,
829284391,-0.004159084526,-0.1682547617,
829484411,-0.01436476474,-0.1763825405,
829684431,-0.02571725831,-0.1826482598,
829884450,-0.03685772181,-0.1876627068,
830084470,-0.04953848008,-0.1903628616,
830284490,-0.06217736732,-0.1927760861,
830484510,-0.07469652483,-0.1925075269,
830684529,-0.08772346232,-0.191235623,
830884549,-0.1004770702,-0.188200871,
831084569,-0.112547262,-0.1828880223,
831284589,-0.1241509545,-0.1769743787,
831484608,-0.1346284125,-0.1694976577,
831684628,-0.1444386126,-0.1605378309,
831884648,-0.1528737681,-0.1501193098,
832084668,-0.1602920839,-0.1391599451,
832284687,-0.1666267541,-0.127378605,
832484707,-0.1712754349,-0.1156079331,
832684727,-0.1747786283,-0.1019464571,
832884747,-0.1766333728,-0.08801721018,
833084766,-0.1766088062,-0.07570667685,
833284786,-0.1753304862,-0.06152428586,
833484806,-0.1729669273,-0.04825455388,
833684826,-0.1689551392,-0.03568681268,
833884845,-0.1623982053,-0.02345272591,
834084865,-0.155424487,-0.0124240056,
834284885,-0.1473939464,-0.002101088752,
834484905,-0.13762571,0.007122696319,
834684924,-0.1274606433,0.01540898541,
834884944,-0.1165445795,0.02192904988,
835084964,-0.1045672755,0.02775680746,
835284984,-0.09236070421,0.0315252908,
835485003,-0.08015032136,0.03419074981,
835685023,-0.06741273385,0.03504625662,
835885043,-0.0549657633,0.03414673926,
836085063,-0.04291128951,0.03217072597,
836285082,-0.03130667887,0.02891187162,
836485102,-0.02041823481,0.02388192898,
836685122,-0.01077141653,0.01734570554,
836885142,-0.001602863109,0.009993945006,
837085161,0.006193607704,0.00266943323,
837285181,0.01192391225,-0.006927040097,
837485201,0.01707155412,-0.01633693959,
837685221,0.02104809599,-0.02632952441,
837885240,0.02350294403,-0.03549621784,
838085260,0.02399160875,-0.04571775126,
838285280,0.02368820155,-0.05520831828,
838485300,0.02208553454,-0.06476867559,
838685319,0.01901256506,-0.07312291788,
838885339,0.01479411452,-0.08155964875,
839085359,0.009628488357,-0.08894361036,
839285379,0.003826857504,-0.09513575546,
839485398,-0.003009697607,-0.1010050435,
839685418,-0.01014814139,-0.1052800593,
839885438,-0.01811653019,-0.1084465032,
840085458,-0.02597966855,-0.1096279402,
840285477,-0.03438723602,-0.1105044024,
840485497,-0.04241945246,-0.1100495969,
840685517,-0.05040193951,-0.1083495965,
840885537,-0.05771997492,-0.1055502525,
841085556,-0.06407427985,-0.1008927689,
841285576,-0.07070594217,-0.09602461094,
841485596,-0.07596441536,-0.08976255974,
841685616,-0.08063441025,-0.08310508465,
841885635,-0.0839026874,-0.07583685313,
842085655,-0.08583494986,-0.06788495183,
842285675,-0.08682959724,-0.0594211083,
842485695,-0.08714890373,-0.05127285043,
842685714,-0.08545057999,-0.04302389395,
842885734,-0.08239844598,-0.03483451973,
843085754,-0.07827090422,-0.0266180749,
843285774,-0.07280282792,-0.01946848026,
843485793,-0.06691035048,-0.0126998355,
843685813,-0.05934857186,-0.007400553927,
843885833,-0.0502725085,-0.002565504268,
844085853,-0.04171711817,0.0003722300914,
844285872,-0.03170363765,0.002672910919,
844485892,-0.02166691217,0.003363111097,
844685912,-0.01125934092,0.00206850284,
844885932,-0.0008341525348,0.0005070664194,
845085951,0.00921266271,-0.003695919843,
845285971,0.01839136524,-0.008352792858,
845485991,0.02754943906,-0.01399022927,
845686011,0.03609088551,-0.02173180003,
845886030,0.04331910126,-0.0304289595,
846086050,0.04993803969,-0.04007082347,
846286070,0.05541130857,-0.05120350651,
846486090,0.0589984408,-0.0625419703,
846686109,0.06202648397,-0.07436251309,
846886129,0.0633635566,-0.08701725979,
847086149,0.06285226924,-0.09974815314,
847286169,0.06104961493,-0.1133081617,
847486188,0.05743808593,-0.1259359824,
847686208,0.05287248554,-0.1385517673,
847886228,0.04615109643,-0.1507528327,
848086248,0.03774552898,-0.1619474926,
848286267,0.02884058799,-0.1727373246,
848486287,0.01826635054,-0.182348518,
848686307,0.006666004701,-0.1901591176,
848886327,-0.006186347736,-0.1974172189,
849086346,-0.01934153387,-0.2036501867,
849286366,-0.0334552537,-0.2076838604,
849486386,-0.04792904163,-0.2106189159,
849686406,-0.06301479716,-0.2122151077,
849886425,-0.07817982562,-0.2122467455,
850086445,-0.093116506,-0.2101983455,
850286465,-0.108641399,-0.2063780327,
850486485,-0.1227799853,-0.2020765714,
850686504,-0.1375915697,-0.1954118447,
850886524,-0.1515539899,-0.1876557323,
851086544,-0.1640395186,-0.1779830444,
851286564,-0.1755046451,-0.1678440559,
851486583,-0.1862470006,-0.155643124,
851686603,-0.1958616476,-0.1430640437,
851886623,-0.2041363491,-0.1290473837,
852086643,-0.2108945535,-0.1145717814,
852286662,-0.2166475825,-0.0999118337,
852486682,-0.2202436677,-0.08453144588,
852686702,-0.2225448131,-0.06854737267,
852886722,-0.2230870897,-0.05285357033,
853086741,-0.2222224927,-0.03630365574,
853286761,-0.2197861415,-0.02104050393,
853486781,-0.2156504136,-0.005305609145,
853686801,-0.2103179061,0.009045414575,
853886821,-0.2031500029,0.02312839855,
854086840,-0.1944165635,0.03689554912,
854286860,-0.185197493,0.04925541232,
854486880,-0.1745844666,0.05986724168,
854686900,-0.1626795943,0.06911569682,
854886919,-0.1501426662,0.07840589045,
855086939,-0.1368675464,0.08504671973,
855286959,-0.1227888044,0.09037061622,
855486979,-0.1087938403,0.09416393496,
855686998,-0.09420843613,0.09609770488,
855887018,-0.08043949422,0.09656985832,
856087038,-0.06654925295,0.09549435127,
856287058,-0.05279025095,0.0932043713,
856487077,-0.03984874695,0.08941689963,
856687097,-0.02790839161,0.08367408061,
856887117,-0.01674668652,0.07688615557,
857087137,-0.006860895017,0.06939994223,
857287156,0.001833717185,0.06085372703,
857487176,0.009425614855,0.05122115897,
857687196,0.01553638552,0.04185546034,
857887216,0.02006489613,0.03087547904,
858087235,0.02366009946,0.02049575352,
858287255,0.02517240134,0.009622879693,
858487275,0.02592571722,-0.000832717252,
858687295,0.02470673296,-0.01142656283,
858887314,0.0223301233,-0.02116665447,
859087334,0.01856472754,-0.03006543787,
859287354,0.01329749117,-0.03880841355,
859487374,0.007699788677,-0.04587262867,
859687393,0.0009634832385,-0.0517983609,
859887413,-0.006974340503,-0.05663226719,
860087433,-0.01465967877,-0.06052583883,
860287453,-0.02297682852,-0.06303975357,
860487472,-0.03152890313,-0.06384918019,
860687492,-0.0397457992,-0.06343484796,
860887512,-0.04766691463,-0.06214010959,
861087532,-0.05541026385,-0.0595980854,
861287551,-0.06282774574,-0.05506138677,
861487571,-0.06882821124,-0.0498643601,
861687591,-0.07476992285,-0.0446835645,
861887611,-0.07960775427,-0.03847318467,
862087630,-0.08334671645,-0.0310139975,
862287650,-0.08572381143,-0.02328661499,
862487670,-0.08692275058,-0.01487027535,
862687690,-0.08746795358,-0.006359838028,
862887709,-0.08642581383,0.001879576071,
863087729,-0.08415177071,0.01023835001,
863287749,-0.08052884993,0.01839389451,
863487769,-0.07658169203,0.02607474834,
863687788,-0.07047365416,0.03284883547,
863887808,-0.0640224462,0.0395004744,
864087828,-0.056576311,0.04461686253,
864287848,-0.04883450101,0.04901193358,
864487867,-0.03975460694,0.05273503147,
864687887,-0.03025289516,0.05488665736,
864887907,-0.02076150107,0.05532738145,
865087927,-0.01097925399,0.0559048203,
865287946,-0.001135591839,0.05379846605,
865487966,0.008445852815,0.05130951479,
865687986,0.01782664189,0.04711763892,
865888006,0.02668466954,0.0427707463,
866088025,0.03490433774,0.03625229929,
866288045,0.04195605908,0.02876643291,
866488065,0.04866661201,0.02047080575,
866688085,0.05421712141,0.01186056697,
866888104,0.05808601643,0.001645181687,
867088124,0.06126534064,-0.008539476749,
867288144,0.06305978786,-0.01865164183,
867488164,0.06350037545,-0.0287371338,
867688183,0.06241650158,-0.04027294632,
867888203,0.06035889248,-0.05050994294,
868088223,0.05682288651,-0.06068885258,
868288243,0.05126826118,-0.07042252879,
868488262,0.04597203704,-0.07963014275,
868688282,0.03860890298,-0.08768263203,
868888302,0.0305281179,-0.09467960025,
869088322,0.02200748505,-0.1011653848,
869288341,0.01181568361,-0.106114844,
869488361,0.00144174564,-0.1104623244,
869688381,-0.008966225776,-0.1131862695,
869888401,-0.01995540459,-0.1142007862,
870088420,-0.03136541301,-0.1140409512,
870288440,-0.04205703163,-0.1121555928,
870488460,-0.05301349794,-0.1089694846,
870688480,-0.06336018265,-0.104907966,
870888499,-0.07330548941,-0.09925378732,
871088519,-0.08204863121,-0.09230331727,
871288539,-0.09030833683,-0.08533531848,
871488559,-0.09741751603,-0.07581297696,
871688578,-0.1034882235,-0.06607254456,
871888598,-0.1078553983,-0.05588997409,
872088618,-0.1116325008,-0.04503648883,
872288638,-0.1138307214,-0.03393672571,
872488657,-0.1145718043,-0.02248101133,
872688677,-0.1139295842,-0.01088385726,
872888697,-0.1118752523,0.001118365543,
873088717,-0.1084608389,0.01213130077,
873288736,-0.103692232,0.02267210576,
873488756,-0.09736537009,0.03283356764,
873688776,-0.09000488045,0.04261249479,
873888796,-0.08142178996,0.05020702335,
874088815,-0.07211691106,0.05747837532,
874288835,-0.06200017031,0.06365672527,
874488855,-0.05091256767,0.06839250083,
874688875,-0.03965624844,0.07176866397,
874888894,-0.02780820518,0.07351080815,
875088914,-0.01625796339,0.07444826294,
875288934,-0.003847462613,0.07335636754,
875488954,0.007329946064,0.07139987188,
875688973,0.01867940626,0.06713491294,
875888993,0.02950675769,0.06264136777,
876089013,0.03966927874,0.05585293876,
876289033,0.04867512992,0.04892452393,
876489052,0.05674492234,0.03975179343,
876689072,0.06330173213,0.03055631314,
876889092,0.0692688327,0.0201054806,
877089112,0.07347110837,0.009220094443,
877289131,0.07605177125,-0.002035986012,
877489151,0.0776828964,-0.01379041945,
877689171,0.07794132396,-0.02467217683,
877889191,0.07682863215,-0.03573310292,
878089210,0.07352358973,-0.04682856423,
878289230,0.06968110492,-0.05776945794,
878489250,0.06376992998,-0.06722065948,
878689270,0.05743223906,-0.07599483913,
878889289,0.04988488784,-0.08387114747,
879089309,0.04064290583,-0.09157722854,
879289329,0.03140818679,-0.09740641765,
879489349,0.02069520899,-0.1011076049,
879689368,0.01057655907,-0.1042914767,
879889388,-0.000811791872,-0.1063986504,
880089408,-0.01211693518,-0.1062008588,
880289428,-0.02303564232,-0.1046340054,
880489448,-0.03406232732,-0.1018227131,
880689467,-0.04445305032,-0.0976867388,
880889487,-0.05438306603,-0.09163311379,
881089507,-0.06310536954,-0.08517118756,
881289527,-0.07092503813,-0.07619064834,
881489546,-0.0781864445,-0.06747935671,
881689566,-0.08375896679,-0.05725260829,
881889586,-0.08791732048,-0.04627994779,
882089606,-0.09081926498,-0.03474710036,
882289625,-0.09203927694,-0.02311098372,
882489645,-0.09182625803,-0.01154662145,
882689665,-0.09015683692,0.0001779482229,
882889685,-0.08701866509,0.01259346224,
883089704,-0.08267013376,0.02342272096,
883289724,-0.07589448418,0.03515928683,
883489744,-0.06871971199,0.04448968972,
883689764,-0.0598354249,0.05405332324,
883889783,-0.04924691139,0.06219020007,
884089803,-0.03847265229,0.06907098857,
884289823,-0.02664393239,0.07467345289,
884489843,-0.01349699337,0.07909784612,
884689862,-0.0003341958398,0.08149387045,
884889882,0.01304529288,0.08298049972,
885089902,0.02701356979,0.08219240022,
885289922,0.04102482692,0.08039840563,
885489941,0.05428505243,0.07666180312,
885689961,0.06727179258,0.07079240937,
885889981,0.07967508217,0.06456233194,
886090001,0.09183020402,0.05613467482,
886290020,0.1025437644,0.04708428544,
886490040,0.111953909,0.03645388953,
886690060,0.1203804198,0.02485207973,
886890080,0.1275811874,0.01194782235,
887090099,0.133426758,-0.0009158314812,
887290119,0.1377940562,-0.01487334358,
887490139,0.1405827059,-0.02915832312,
887690159,0.1418152504,-0.04319062693,
887890178,0.1415704259,-0.05739853042,
888090198,0.1393894585,-0.07216869362,
888290218,0.1364123971,-0.08619830734,
888490238,0.1312179122,-0.09945231527,
888690257,0.1253548733,-0.1120896611,
888890277,0.117866589,-0.123711038,
889090297,0.1091715758,-0.1351342991,
889290317,0.09940321439,-0.1450613127,
889490336,0.08846167305,-0.1537370176,
889690356,0.07710699853,-0.1617195336,
889890376,0.06523398596,-0.1673517076,
890090396,0.05269763219,-0.1721015726,
890290415,0.03995675111,-0.1755891848,
890490435,0.02733479642,-0.1779720958,
890690455,0.01423832454,-0.1778087423,
890890475,0.001599305297,-0.1770526578,
891090494,-0.010439919,-0.1746736693,
891290514,-0.02192474067,-0.1709961231,
891490534,-0.03319266325,-0.1663887521,
891690554,-0.0431838531,-0.1602387306,
891890573,-0.05241126577,-0.1528479206,
892090593,-0.06035445581,-0.1446142167,
892290613,-0.06742481596,-0.1369449476,
892490633,-0.07304775132,-0.1267960154,
892690652,-0.07693968649,-0.1174777267,
892890672,-0.08012786775,-0.1075946147,
893090692,-0.08156613736,-0.09775941414,
893290712,-0.08191796697,-0.08765142203,
893490731,-0.08117986006,-0.07769259864,
893690751,-0.07884147579,-0.06851059428,
893890771,-0.07513488435,-0.05996534924,
894090791,-0.07085377003,-0.05202551518,
894290810,-0.06470215303,-0.04557866511,
894490830,-0.05841730689,-0.03952401251,
894690850,-0.05118775556,-0.03505720578,
894890870,-0.04302824487,-0.03222288504,
895090889,-0.03441465692,-0.02975827432,
895290909,-0.02702789911,-0.0302602666,
895490929,-0.01785065553,-0.03088065135,
895690949,-0.009895215628,-0.03267042119,
895890968,-0.002100915567,-0.03647555037,
896090988,0.004381418506,-0.04108189968,
896291008,0.01047390659,-0.04703564193,
896491028,0.01630707619,-0.05325177318,
896691047,0.02011729967,-0.06049639147,
896891067,0.02347802095,-0.06931845774,
897091087,0.02547261636,-0.07730515932,
897291107,0.0259552443,-0.08690570475,
897491126,0.02583680139,-0.09576611677,
897691146,0.02346006527,-0.1055016553,
897891166,0.02060544772,-0.1145997983,
898091186,0.01562151103,-0.1237118162,
898291205,0.009846855999,-0.1318967984,
898491225,0.002648538378,-0.1398247613,
898691245,-0.00577990612,-0.14634935,
898891265,-0.01485186791,-0.1531066925,
899091284,-0.02454870859,-0.1576600186,
899291304,-0.03544029514,-0.1617318016,
899491324,-0.04756093451,-0.1641883399,
899691344,-0.05884799777,-0.1650525298,
899891363,-0.07142649348,-0.1651739582,
900091383,-0.08332176929,-0.163264367,
900291403,-0.09559736623,-0.160299682,
900491423,-0.1076424549,-0.1562529215,
900691442,-0.1193243801,-0.1501652371,
900891462,-0.1299522581,-0.1430054483,
901091482,-0.1403714952,-0.1346500229,
901291502,-0.1497537584,-0.1255058853,
901491521,-0.1578871773,-0.1150218037,
901691541,-0.1652976145,-0.1036159416,
901891561,-0.1711774366,-0.09097085052,
902091581,-0.1762331481,-0.07821239053,
902291600,-0.1791962089,-0.06408449262,
902491620,-0.1810407101,-0.05022810223,
902691640,-0.1812574435,-0.03664689704,
902891660,-0.1802865658,-0.02207967093,
903091679,-0.1774092767,-0.008842644739,
903291699,-0.1732790516,0.004872433713,
903491719,-0.1676890449,0.01806359622,
903691739,-0.1609417158,0.03071202484,
903891758,-0.1524887591,0.04208119349,
904091778,-0.1429678244,0.052654278,
904291798,-0.1321518546,0.06243910308,
904491818,-0.1201840062,0.07041209777,
904691837,-0.1082568236,0.07723762997,
904891857,-0.09457308536,0.08272047282,
905091877,-0.08108945136,0.08699826646,
905291897,-0.06701639349,0.08902793224,
905491916,-0.05321463106,0.08990761953,
905691936,-0.03950926683,0.08896537484,
905891956,-0.02568575535,0.08603458863,
906091976,-0.01268513144,0.08204689542,
906291995,0.0002931741646,0.0768126495,
906492015,0.01184989503,0.07003742085,
906692035,0.02227216897,0.06190035091,
906892055,0.03208230596,0.05277585908,
907092075,0.04071530603,0.04233069415,
907292094,0.04718687515,0.03121173535,
907492114,0.05294884824,0.01939978563,
907692134,0.05694666608,0.007157023923,
907892154,0.05987572527,-0.005437238541,
908092173,0.06060838331,-0.01831092755,
908292193,0.06020725668,-0.03090800846,
908492213,0.05809632983,-0.04254973088,
908692233,0.05449157546,-0.05438205875,
908892252,0.04931492073,-0.06587729535,
909092272,0.04351810231,-0.07609755233,
909292292,0.03606093681,-0.08536527652,
909492312,0.0273126501,-0.09399056392,
909692331,0.01784878866,-0.101249965,
909892351,0.007815563393,-0.1068914929,
910092371,-0.003093623379,-0.1116796125,
910292391,-0.01395297338,-0.1145840152,
910492410,-0.02543449989,-0.1165033764,
910692430,-0.03668936609,-0.1165464107,
910892450,-0.04833720419,-0.1153960526,
911092470,-0.05962927816,-0.1131869043,
911292489,-0.07005381138,-0.1094412978,
911492509,-0.07972400688,-0.1043443635,
911692529,-0.08908985519,-0.09828166193,
911892549,-0.0973808012,-0.0905348748,
912092568,-0.105010077,-0.08221359275,
912292588,-0.1111350995,-0.07255565023,
912492608,-0.1162731992,-0.06282984272,
912692628,-0.1202368608,-0.05261610147,
912892647,-0.1226916218,-0.0416156163,
913092667,-0.1239975172,-0.03086507084,
913292687,-0.1238165432,-0.02001898281,
913492707,-0.1217861642,-0.008801765301,
913692726,-0.1192487959,0.001895252036,
913892746,-0.1150055324,0.01157237814,
914092766,-0.1093326319,0.02178635436,
914292786,-0.1031449647,0.03005427663,
914492805,-0.09554024728,0.03800077419,
914692825,-0.08695962305,0.04496742924,
914892845,-0.07786226292,0.0507263809,
915092865,-0.06780911432,0.05525360689,
915292884,-0.05756766353,0.05878763107,
915492904,-0.04671877991,0.06080757556,
915692924,-0.0355397758,0.06118499477,
915892944,-0.02498127886,0.06064310911,
916092963,-0.01426465528,0.059160859,
916292983,-0.00411350872,0.05534268217,
916493003,0.005810588629,0.05038842476,
916693023,0.01457160405,0.0448569928,
916893042,0.02326436881,0.03836132363,
917093062,0.03015546012,0.03022734783,
917293082,0.03680474501,0.02125323571,
917493102,0.04210825805,0.01254500102,
917693121,0.04590533481,0.002692059563,
917893141,0.04871796285,-0.007533353252,
918093161,0.04985078654,-0.01830419687,
918293181,0.05016143929,-0.0287219709,
918493200,0.04859617198,-0.03940706208,
918693220,0.04589833136,-0.04953772706,
918893240,0.04237490081,-0.05954744243,
919093260,0.0380946465,-0.06846530675,
919293279,0.03137200364,-0.07712152929,
919493299,0.02448475904,-0.08514249757,
919693319,0.01635870756,-0.09165609619,
919893339,0.007869642384,-0.09708349962,
920093358,-0.001041295093,-0.1017179162,
920293378,-0.01108270979,-0.104812085,
920493398,-0.02127044026,-0.1072222643,
920693418,-0.03084772971,-0.1083671909,
920893437,-0.0413268108,-0.1079684256,
921093457,-0.0510459156,-0.1066139528,
921293477,-0.06092763756,-0.104079958,
921493497,-0.07003999628,-0.1004650967,
921693516,-0.07877703238,-0.0957035798,
921893536,-0.08665100319,-0.08988687991,
922093556,-0.09394593467,-0.0829573312,
922293576,-0.09982956378,-0.07568488413,
922493595,-0.1058947007,-0.06727118444,
922693615,-0.1099794699,-0.05875005781,
922893635,-0.1132667656,-0.05027719716,
923093655,-0.1154146013,-0.04035994834,
923293674,-0.1162412736,-0.03140824179,
923493694,-0.1164981902,-0.02191643557,
923693714,-0.1152616716,-0.01281353152,
923893734,-0.1125010095,-0.004022019744,
924093753,-0.1092311383,0.00446251358,
924293773,-0.1046746699,0.01212767622,
924493793,-0.0995071692,0.01978364453,
924693813,-0.09375762733,0.02546540324,
924893832,-0.08709345715,0.03128717547,
925093852,-0.07966794516,0.03622336771,
925293872,-0.07162770819,0.04006584134,
925493892,-0.06368269597,0.04180451819,
925693911,-0.05563962161,0.04382836034,
925893931,-0.04727689107,0.04390901186,
926093951,-0.03918835736,0.04315847567,
926293971,-0.03128733503,0.04146687616,
926493990,-0.02388896086,0.03892483325,
926694010,-0.01657860789,0.03470513445,
926894030,-0.01020195744,0.03066150143,
927094050,-0.004765220274,0.02573857271,
927294069,0.00077088904,0.01936598962,
927494089,0.004939526422,0.01264621906,
927694109,0.007690104322,0.00553767321,
927894129,0.009788188305,-0.002095643063,
928094148,0.01118426802,-0.009412207678,
928294168,0.01134717582,-0.01712409569,
928494188,0.01073609589,-0.02410547443,
928694208,0.00827784398,-0.03237729894,
928894227,0.005459980016,-0.03938068722,
929094247,0.001609819348,-0.04581970865,
929294267,-0.00365628109,-0.05202699901,
929494287,-0.008895450769,-0.0579116019,
929694306,-0.01538192622,-0.06208760486,
929894326,-0.02228607861,-0.06607290921,
930094346,-0.02948360854,-0.06882224511,
930294366,-0.03709304787,-0.07172207697,
930494385,-0.04441317401,-0.07237761457,
930694405,-0.05222346535,-0.07289502434,
930894425,-0.06023693275,-0.07269564366,
931094445,-0.0677536832,-0.07125718775,
931294464,-0.0755345928,-0.06883154462,
931494484,-0.08298365338,-0.06602480447,
931694504,-0.08948532118,-0.06251079852,
931894524,-0.09601458549,-0.05788713011,
932094543,-0.1021057863,-0.05302393645,
932294563,-0.1070062137,-0.04697593141,
932494583,-0.1119056046,-0.04102742135,
932694603,-0.1155319895,-0.03470583884,
932894622,-0.1188734969,-0.0270887692,
933094642,-0.1214925171,-0.02027276462,
933294662,-0.123590094,-0.01274773692,
933494682,-0.1244765472,-0.005408396911,
933694702,-0.1248520482,0.001423252178,
933894721,-0.1246775783,0.008233973197,
934094741,-0.1235614415,0.01541073555,
934294761,-0.1220302242,0.02125957498,
934494781,-0.1196804592,0.02786973972,
934694800,-0.1168217416,0.03349729598,
934894820,-0.1140288237,0.03831201009,
935094840,-0.1110641816,0.04317287926,
935294860,-0.1073460344,0.04750466825,
935494879,-0.1037232662,0.05090453079,
935694899,-0.1003425632,0.05469104319,
935894919,-0.09630819975,0.05682149799,
936094939,-0.09301261309,0.058838392,
936294958,-0.08952720607,0.06051928981,
936494978,-0.0865702299,0.06209190648,
936694998,-0.08407899133,0.06291043494,
936895018,-0.08144081774,0.06363428915,
937095037,-0.07952690108,0.06413352856,
937295057,-0.07748474245,0.06443728186,
937495077,-0.07616332767,0.06482040837,
937695097,-0.07596373455,0.06541970116,
937895116,-0.07553552718,0.06613643908,
938095136,-0.07536992219,0.06714615181,
938295156,-0.07540473163,0.06812579189,
938495176,-0.07585904885,0.06972255067,
938695195,-0.0767002634,0.07175722675,
938895215,-0.07727163101,0.07409017885,
939095235,-0.07793547736,0.07720143797,
939295255,-0.07944169306,0.08050166423,
939495274,-0.07986864116,0.08446631347,
939695294,-0.08080643286,0.0886154687,
939895314,-0.08088533678,0.09408547966,
940095334,-0.08080135972,0.09913886102,
940295353,-0.0799767144,0.1054721903,
940495373,-0.07906557856,0.1116500531,
940695393,-0.07733765531,0.1183056212,
940895413,-0.0747077834,0.125251808,
941095432,-0.07160454201,0.1327793219,
941295452,-0.06766777033,0.1400253544,
941495472,-0.06312805647,0.1470485146,
941695492,-0.05692242898,0.1547254908,
941895511,-0.0507493108,0.1613327817,
942095531,-0.04342905286,0.1682038047,
942295551,-0.03474785634,0.1744395818,
942495571,-0.0257701219,0.1803655275,
942695590,-0.01603629461,0.1852044947,
942895610,-0.005493459475,0.1896815547,
943095630,0.005271930938,0.1933114692,
943295650,0.01712266196,0.1960521867,
943495669,0.02916498988,0.1975243757,
943695689,0.04167125101,0.1983954786,
943895709,0.05406716167,0.1980506686,
944095729,0.06714875903,0.1967092109,
944295748,0.07977948409,0.1937461254,
944495768,0.09267717386,0.1898304481,
944695788,0.1050090881,0.1854408415,
944895808,0.1169004268,0.1791791116,
945095827,0.1286187267,0.1725497848,
945295847,0.139599661,0.1647683201,
945495867,0.1503190323,0.1550284553,
945695887,0.1595338727,0.1455777637,
945895906,0.1680316623,0.1350004346,
946095926,0.1760766262,0.1232443043,
946295946,0.1828768082,0.1117833778,
946495966,0.1879654922,0.09845451415,
946695985,0.1928658406,0.08562519336,
946896005,0.1958044339,0.07210848408,
947096025,0.1977901369,0.05954326264,
947296045,0.1983781314,0.04586075119,
947496064,0.198094281,0.03189736706,
947696084,0.195857011,0.01890504577,
947896104,0.1930713437,0.005963020949,
948096124,0.1889389728,-0.006033738576,
948296143,0.1836709786,-0.01784888981,
948496163,0.1767717078,-0.02909447737,
948696183,0.1695789436,-0.03934884013,
948896203,0.1616527659,-0.04875083918,
949096222,0.1524690072,-0.05657483483,
949296242,0.1427111255,-0.06357354158,
949496262,0.1326065169,-0.07000623799,
949696282,0.122218304,-0.07371256959,
949896301,0.1108103915,-0.0775146742,
950096321,0.1004452794,-0.07947999413,
950296341,0.08924289086,-0.07956662367,
950496361,0.07925081807,-0.07915878595,
950696380,0.06909044194,-0.0764386678,
950896400,0.05937973328,-0.0735295099,
951096420,0.05046310189,-0.0693723323,
951296440,0.04282029931,-0.06420179433,
951496459,0.03553037697,-0.05838982807,
951696479,0.02994038064,-0.05105195592,
951896499,0.02482212073,-0.04410748713,
952096519,0.02142603643,-0.03542837676,
952296538,0.01857083202,-0.02687723618,
952496558,0.01759403907,-0.01802112024,
952696578,0.01777785825,-0.009164993777,
952896598,0.01899703871,-0.0007571790324,
953096617,0.02109928809,0.00767794382,
953296637,0.02528123768,0.014860658,
953496657,0.02988826385,0.02203814673,
953696677,0.03529980572,0.02879338924,
953896696,0.04234707195,0.03393005855,
954096716,0.04944944945,0.03869274613,
954296736,0.05709419955,0.04207535381,
954496756,0.0663438011,0.04388317495,
954696775,0.07524275102,0.04489504721,
954896795,0.08421074122,0.04547386866,
955096815,0.09271024258,0.0436116318,
955296835,0.1017924698,0.04161120264,
955496854,0.1105238763,0.03782090305,
955696874,0.1185880578,0.03298058511,
955896894,0.1256681683,0.02770649235,
956096914,0.1326929156,0.02071289129,
956296933,0.1386840093,0.01355422131,
956496953,0.1439792776,0.005247797452,
956696973,0.1485117687,-0.003818659667,
956896993,0.1516351266,-0.0134218335,
957097012,0.1534511457,-0.02266490404,
957297032,0.1549361432,-0.03225786144,
957497052,0.1545957596,-0.04218612664,
957697072,0.1536313715,-0.05268109731,
957897091,0.1513929333,-0.06195363797,
958097111,0.1478263934,-0.07149355066,
958297131,0.143576148,-0.08009881386,
958497151,0.1384103632,-0.08908303914,
958697170,0.1322571116,-0.09684284317,
958897190,0.1249428111,-0.1036506996,
959097210,0.1171832041,-0.1096959326,
959297230,0.1090208212,-0.1150204633,
959497249,0.1002552767,-0.1187920547,
959697269,0.09168404693,-0.1225002376,
959897289,0.08218801036,-0.1244314704,
960097309,0.07314134797,-0.1251676723,
960297329,0.06359169388,-0.1249411005,
960497348,0.05453829156,-0.123237981,
960697368,0.04589557728,-0.1207172228,
960897388,0.03737450329,-0.117531141,
961097408,0.03008929986,-0.1128143704,
961297427,0.0230928339,-0.1082125213,
961497447,0.0168578834,-0.1022404814,
961697467,0.01153942631,-0.09591808719,
961897487,0.007366332245,-0.08888048527,
962097506,0.004450663884,-0.0817803636,
962297526,0.002371737947,-0.07394577048,
962497546,0.001821918096,-0.06669226271,
962697566,0.002019193002,-0.05868629886,
962897585,0.004043372114,-0.05101001697,
963097605,0.006298767812,-0.04354260477,
963297625,0.01016977546,-0.03674026905,
963497645,0.01432354367,-0.03074209977,
963697664,0.0196569014,-0.0253510967,
963897684,0.02528947321,-0.02086569621,
964097704,0.03168838712,-0.01698220408,
964297724,0.03833144565,-0.01510832939,
964497743,0.04577309356,-0.01308071598,
964697763,0.05313027266,-0.01234278285,
964897783,0.06096242659,-0.01355456896,
965097803,0.0678553717,-0.01500345401,
965297822,0.07482924706,-0.01801236736,
965497842,0.08193519705,-0.02243440433,
965697862,0.08776363577,-0.02718223352,
965897882,0.09361557763,-0.03306068288,
966097901,0.09833768988,-0.03961451197,
966297921,0.1023447714,-0.04685442193,
966497941,0.1051592665,-0.05484501699,
966697961,0.1068819611,-0.06300544049,
966897980,0.1081870427,-0.07173987966,
967098000,0.1079278988,-0.08083611891,
967298020,0.1063728604,-0.08973789843,
967498040,0.1036106979,-0.09799130135,
967698059,0.09982503652,-0.1066370126,
967898079,0.09541302565,-0.1145494082,
968098099,0.08976668243,-0.1222632107,
968298119,0.08287136903,-0.129370331,
968498138,0.07546066654,-0.1348974795,
968698158,0.06695257899,-0.1406279595,
968898178,0.05790948207,-0.14486044,
969098198,0.04853366099,-0.1484219017,
969298217,0.0389559472,-0.1506787358,
969498237,0.02878527713,-0.1517978762,
969698257,0.01873827873,-0.1510231331,
969898277,0.008071231469,-0.1503581572,
970098296,-0.002405670759,-0.1475592149,
970298316,-0.01202444913,-0.1436695513,
970498336,-0.02188277416,-0.1388154401,
970698356,-0.03059766921,-0.1326025941,
970898375,-0.03891516115,-0.1259678353,
971098395,-0.04661292362,-0.1182605536,
971298415,-0.05330224803,-0.109208883,
971498435,-0.05842702413,-0.1000792452,
971698454,-0.06301897604,-0.0894859771,
971898474,-0.06636193598,-0.07864360787,
972098494,-0.06817266425,-0.067298519,
972298514,-0.06926142389,-0.05668830977,
972498533,-0.06856257697,-0.04488822818,
972698553,-0.06670398618,-0.03371886227,
972898573,-0.06277980705,-0.02281655779,
973098593,-0.05838535938,-0.012487621,
973298612,-0.05233957951,-0.002922142482,
973498632,-0.04603623769,0.006361615254,
973698652,-0.03781542702,0.01455940793,
973898672,-0.028967366,0.0217860082,
974098691,-0.01960368929,0.02767241493,
974298711,-0.009797756597,0.03315025997,
974498731,0.001072645266,0.03718971551,
974698751,0.01205396195,0.03973199533,
974898770,0.02319500448,0.04131753446,
975098790,0.03459398488,0.04100994299,
975298810,0.04570010856,0.03952656548,
975498830,0.05670261244,0.03688967727,
975698849,0.0671709528,0.03329106012,
975898869,0.07705428261,0.02856143703,
976098889,0.08675606354,0.02238153645,
976298909,0.09525636562,0.01578140144,
976498928,0.1025702437,0.007850675063,
976698948,0.1093168361,-0.001097271489,
976898968,0.1151782883,-0.01046321931,
977098988,0.1198497334,-0.01975140324,
977299007,0.122974092,-0.03029770593,
977499027,0.1249109738,-0.04054270079,
977699047,0.1259823905,-0.05131702311,
977899067,0.1264308367,-0.06138859073,
978099086,0.1246802333,-0.07134581154,
978299106,0.1222505335,-0.08120026612,
978499126,0.1187078094,-0.08928772786,
978699146,0.114853573,-0.09981240677,
978899165,0.1093192231,-0.1075937254,
979099185,0.1027934378,-0.1153367325,
979299205,0.09631702905,-0.1217928341,
979499225,0.08880795189,-0.1273963264,
979699244,0.0812136589,-0.1321321503,
979899264,0.0729124665,-0.1358019255,
980099284,0.06435813117,-0.1384525806,
980299304,0.05579048496,-0.1403093822,
980499323,0.04716399653,-0.1408607288,
980699343,0.03879695615,-0.1403173458,
980899363,0.03081908168,-0.1394296886,
981099383,0.02332873794,-0.1372715456,
981299402,0.01557399051,-0.1339630554,
981499422,0.009090404255,-0.1297369741,
981699442,0.003185036389,-0.1256247619,
981899462,-0.001748308716,-0.1206349358,
982099481,-0.006083110871,-0.1143308176,
982299501,-0.00923262831,-0.1084698006,
982499521,-0.0122959425,-0.1021639261,
982699541,-0.01374918901,-0.09561386553,
982899560,-0.01453313176,-0.08965532995,
983099580,-0.0137518529,-0.08320218612,
983299600,-0.01292664939,-0.07760261295,
983499620,-0.01075608554,-0.07191843996,
983699639,-0.007746582575,-0.0670530762,
983899659,-0.003719795636,-0.06267846126,
984099679,0.0003962684272,-0.05911768264,
984299699,0.005362066102,-0.05557705164,
984499718,0.01024259009,-0.05340253911,
984699738,0.01552681672,-0.05205794585,
984899758,0.02107995839,-0.05173461111,
985099778,0.02689371781,-0.05169720887,
985299797,0.03111833567,-0.05289332536,
985499817,0.03626678191,-0.05489253701,
985699837,0.04080692086,-0.0579261079,
985899857,0.04540755472,-0.0613169888,
986099876,0.04875404268,-0.06531685845,
986299896,0.05176162763,-0.07045265773,
986499916,0.0536496111,-0.07512868207,
986699936,0.05527069832,-0.08071079747,
986899956,0.05585842043,-0.08723386378,
987099975,0.05532466139,-0.09278735938,
987299995,0.05424159595,-0.09878413294,
987500015,0.05233365293,-0.1044465692,
987700035,0.04893017996,-0.1099357445,
987900054,0.04538858719,-0.1150730326,
988100074,0.04086559722,-0.1207522585,
988300094,0.03586201712,-0.124499208,
988500114,0.03022411832,-0.1284556071,
988700133,0.02324640175,-0.1310277703,
988900153,0.01660179675,-0.1338693466,
989100173,0.009391219879,-0.1345631107,
989300193,0.002502842095,-0.1354255047,
989500212,-0.005551007918,-0.134214084,
989700232,-0.01302993755,-0.1328549733,
989900252,-0.02000075558,-0.1307830419,
990100272,-0.02719229748,-0.1266097787,
990300291,-0.03351522221,-0.1225501145,
990500311,-0.03988957715,-0.1170628291,
990700331,-0.04535007907,-0.112111104,
990900351,-0.05074854174,-0.1049700417,
991100370,-0.05452188851,-0.09738469839,
991300390,-0.05798681936,-0.08948184491,
991500410,-0.06014538415,-0.08105966718,
991700430,-0.06086910569,-0.07189888043,
991900449,-0.06128932674,-0.06324596093,
992100469,-0.06064278076,-0.05428293564,
992300489,-0.05762512834,-0.04567667439,
992500509,-0.05485572211,-0.03679249653,
992700528,-0.0501109002,-0.02865306833,
992900548,-0.04488442639,-0.02139782763,
993100568,-0.03830820238,-0.01475731836,
993300588,-0.03110084268,-0.008792124688,
993500607,-0.02336900917,-0.002763492713,
993700627,-0.01470790347,0.001207547968,
993900647,-0.006144885947,0.004535762654,
994100667,0.003258766823,0.006468003045,
994300686,0.01306518695,0.00717428946,
994500706,0.02227007308,0.007359288876,
994700726,0.03172479064,0.006506928515,
994900746,0.04135623855,0.00366701054,
995100765,0.05090279367,0.0001125233274,
995300785,0.05944824606,-0.004357689281,
995500805,0.06739627589,-0.01021992388,
995700825,0.07525474463,-0.01613972051,
995900844,0.08172507182,-0.02391747567,
996100864,0.08759937871,-0.03184835863,
996300884,0.09255288715,-0.04013292207,
996500904,0.09655637805,-0.04992287833,
996700923,0.09887098156,-0.05961040431,
996900943,0.1004506209,-0.06942771501,
997100963,0.1012011396,-0.07961220791,
997300983,0.1004875659,-0.08970661293,
997501002,0.09799054326,-0.09964762379,
997701022,0.09553936534,-0.1087347325,
997901042,0.09143031388,-0.117748035,
998101062,0.08610816189,-0.1258340571,
998301081,0.08005989197,-0.1343062181,
998501101,0.07344903513,-0.1410591205,
998701121,0.06617403976,-0.1474655532,
998901141,0.05751709968,-0.152259499,
999101160,0.04958053297,-0.1565905196,
999301180,0.03976673414,-0.1598530722,
999501200,0.03099356173,-0.1620555994,
999701220,0.02104820073,-0.163303924,
999901239,0.01195864386,-0.1628490932,
1000101259,0.00299812385,-0.1619299496,
1000301279,-0.0060170723,-0.1593468612,
1000501299,-0.01447919854,-0.1562278182,
1000701318,-0.0228381915,-0.1514022125,
1000901338,-0.03001043989,-0.1467046136,
1001101358,-0.03714202926,-0.1404207279,
1001301378,-0.04198379271,-0.1334047727,
1001501397,-0.04689793295,-0.1264367168,
1001701417,-0.05057715639,-0.1184484553,
1001901437,-0.05345868484,-0.1094267183,
1002101457,-0.05544630605,-0.1015481389,
1002301476,-0.055794558,-0.09318476487,
1002501496,-0.05453032153,-0.08417807002,
1002701516,-0.05291997696,-0.07606678739,
1002901536,-0.04980042108,-0.06819905024,
1003101555,-0.04574109222,-0.06118496014,
1003301575,-0.04033435377,-0.05401891686,
1003501595,-0.03422091534,-0.04804205323,
1003701615,-0.02698414003,-0.04370366752,
1003901634,-0.01955405743,-0.04034973381,
1004101654,-0.01103765902,-0.03744248498,
1004301674,-0.002746398167,-0.03560431671,
1004501694,0.005883470732,-0.03561035471,
1004701713,0.01397634441,-0.03628756941,
1004901733,0.02281711029,-0.03770955437,
1005101753,0.03071657914,-0.04066673153,
1005301773,0.03806555324,-0.04523051693,
1005501792,0.04542318593,-0.05069769239,
1005701812,0.0515712019,-0.05642340741,
1005901832,0.05747849692,-0.06356988927,
1006101852,0.06190840812,-0.07121403043,
1006301871,0.06647110157,-0.08003083317,
1006501891,0.0689545273,-0.08853408728,
1006701911,0.07002594266,-0.09818625119,
1006901931,0.07038999418,-0.1077059717,
1007101950,0.06947484186,-0.1177495726,
1007301970,0.06782040709,-0.1273639555,
1007501990,0.06445504305,-0.1373198134,
1007702010,0.06003051165,-0.1458679611,
1007902029,0.05470172448,-0.1544694864,
1008102049,0.04823648283,-0.1626081503,
1008302069,0.04076417387,-0.1703308921,
1008502089,0.03242616776,-0.1762611278,
1008702108,0.02349523458,-0.1822922084,
1008902128,0.0137487783,-0.187153245,
1009102148,0.003687643213,-0.1905001765,
1009302168,-0.007218515089,-0.1928669744,
1009502187,-0.01798020765,-0.1939270286,
1009702207,-0.02863207494,-0.194209737,
1009902227,-0.03977176585,-0.1929627771,
1010102247,-0.05066645252,-0.1907233731,
1010302266,-0.06113712764,-0.1868791289,
1010502286,-0.07099493142,-0.1822504262,
1010702306,-0.08028441963,-0.1766669362,
1010902326,-0.08928760325,-0.1705272172,
1011102345,-0.09709624591,-0.1626481498,
1011302365,-0.1042728364,-0.1540150684,
1011502385,-0.1104473555,-0.1450312539,
1011702405,-0.1160398982,-0.1354919854,
1011902424,-0.1199114988,-0.1255546483,
1012102444,-0.1218276367,-0.1148403351,
1012302464,-0.123864401,-0.1044104509,
1012502484,-0.1242165312,-0.09342078259,
1012702503,-0.1235279954,-0.08262884673,
1012902523,-0.1215345203,-0.07219343955,
1013102543,-0.1184091072,-0.0626564408,
1013302563,-0.114023374,-0.05321720845,
1013502582,-0.1088091978,-0.04447895829,
1013702602,-0.1024387817,-0.03652204313,
1013902622,-0.09556842808,-0.02906421364,
1014102642,-0.08782916606,-0.02315549328,
1014302662,-0.07882252221,-0.01802568973,
1014502681,-0.06983858952,-0.01429452388,
1014702701,-0.06117129551,-0.01163701289,
1014902721,-0.05189639559,-0.01010381943,
1015102741,-0.04234995942,-0.009549851452,
1015302760,-0.03322800393,-0.01112511846,
1015502780,-0.02426319508,-0.01291958295,
1015702800,-0.01621866748,-0.01613853328,
1015902820,-0.00810358066,-0.02059668743,
1016102839,-0.001380982986,-0.02657857265,
1016302859,0.004946349976,-0.03282780655,
1016502879,0.00942789477,-0.03990130708,
1016702899,0.01332179803,-0.04739410617,
1016902918,0.01593387421,-0.055608614,
1017102938,0.01759877446,-0.06306777291,
1017302958,0.01866154319,-0.07179989164,
1017502978,0.01775057119,-0.07987299668,
1017702997,0.01669963327,-0.08779208596,
1017903017,0.0137436421,-0.09591623159,
1018103037,0.009865455384,-0.1031985841,
1018303057,0.004877582485,-0.1094930694,
1018503076,-0.000705358553,-0.1154490376,
1018703096,-0.006901557229,-0.1215534599,
1018903116,-0.01397902681,-0.125823508,
1019103136,-0.0216571395,-0.1290546923,
1019303155,-0.02996099337,-0.1314028119,
1019503175,-0.03792399867,-0.133392319,
1019703195,-0.04692069905,-0.1333530168,
1019903215,-0.05589166791,-0.1326432164,
1020103234,-0.06420124894,-0.1308686723,
1020303254,-0.07266958061,-0.1280526858,
1020503274,-0.08076661119,-0.1243416699,
1020703294,-0.08837819091,-0.1189708209,
1020903313,-0.09500457084,-0.1139282273,
1021103333,-0.1014577159,-0.1064868029,
1021303353,-0.1067791301,-0.09930479764,
1021503373,-0.1116545928,-0.09087982126,
1021703392,-0.1152067844,-0.08239118746,
1021903412,-0.1175794487,-0.07384793712,
1022103432,-0.1189307199,-0.06450372599,
1022303452,-0.119472704,-0.05524516245,
1022503471,-0.1186137039,-0.04535488085,
1022703491,-0.1173806244,-0.03621536789,
1022903511,-0.1142111954,-0.02720544302,
1023103531,-0.110298655,-0.01836055532,
1023303550,-0.1054294814,-0.01011943231,
1023503570,-0.09961104438,-0.002606838881,
1023703590,-0.0932971218,0.004018299736,
1023903610,-0.08558013043,0.009953979483,
1024103629,-0.07781965734,0.01445383342,
1024303649,-0.06913543559,0.01847357843,
1024503669,-0.06003102519,0.02180997995,
1024703689,-0.05101590168,0.02277969834,
1024903708,-0.0421867958,0.02370780203,
1025103728,-0.03282879333,0.02312590685,
1025303748,-0.02357781611,0.02192261613,
1025503768,-0.01529699434,0.01877802479,
1025703787,-0.007023824695,0.01564141912,
1025903807,0.0003131480944,0.01114636953,
1026103827,0.007270611885,0.005617077657,
1026303847,0.01300493719,-0.0004762937785,
1026503866,0.01808159588,-0.007843398999,
1026703886,0.02240258625,-0.01513314853,
1026903906,0.02552201794,-0.02378854296,
1027103926,0.02707798724,-0.03154593856,
1027303945,0.02790318481,-0.03956215769,
1027503965,0.02764419511,-0.04760800805,
1027703985,0.02605991415,-0.05636743566,
1027904005,0.0240948385,-0.06359628234,
1028104024,0.02028306184,-0.0704646098,
1028304044,0.01603087092,-0.07719266076,
1028504064,0.01097416942,-0.08325887404,
1028704084,0.004788291849,-0.08786840899,
1028904103,-0.002144319831,-0.09232790897,
1029104123,-0.008677033817,-0.09609882882,
1029304143,-0.01638215821,-0.0984778812,
1029504163,-0.02399289137,-0.09932717867,
1029704182,-0.03155723701,-0.09989524789,
1029904202,-0.03934958252,-0.09888685469,
1030104222,-0.04749465998,-0.09680983839,
1030304242,-0.05432395297,-0.0938692065,
1030504261,-0.06137056609,-0.08992400964,
1030704281,-0.06758207724,-0.08574136844,
1030904301,-0.07334669162,-0.07985893102,
1031104321,-0.07852435274,-0.07416251918,
1031304340,-0.08209986924,-0.06637426089,
1031504360,-0.08571598141,-0.05934939007,
1031704380,-0.08808688111,-0.05117425675,
1031904400,-0.08981084154,-0.04288280728,
1032104419,-0.09021774074,-0.03435608459,
1032304439,-0.08889848064,-0.02589836588,
1032504459,-0.08677874303,-0.017494808,
1032704479,-0.08393806176,-0.009681195957,
1032904498,-0.08042774104,-0.00143427952,
1033104518,-0.07532980346,0.005493512797,
1033304538,-0.06957838967,0.01257845498,
1033504558,-0.06249353861,0.01846224013,
1033704577,-0.05533661919,0.02328053495,
1033904597,-0.04689527594,0.02810330073,
1034104617,-0.03906894343,0.03115805465,
1034304637,-0.03010730467,0.03307054444,
1034504656,-0.02063034106,0.03471896599,
1034704676,-0.01139289246,0.03438335049,
1034904696,-0.002538292685,0.03326567448,
1035104716,0.006587062412,0.03147631307,
1035304735,0.01555186993,0.02815890908,
1035504755,0.02337925462,0.02372779969,
1035704775,0.03154640283,0.01842904258,
1035904795,0.03854347556,0.01240743283,
1036104814,0.04455681989,0.005228794628,
1036304834,0.05001721632,-0.001995441964,
1036504854,0.05447977911,-0.009841917834,
1036704874,0.05795142515,-0.01859869789,
1036904893,0.06019097106,-0.02768470784,
1037104913,0.06132502193,-0.0366337712,
1037304933,0.06195661459,-0.04546050747,
1037504953,0.06086954798,-0.05461172608,
1037704972,0.05832879266,-0.06371786024,
1037904992,0.05561471233,-0.07244818461,
1038105012,0.05103254777,-0.08003007408,
1038305032,0.04655448861,-0.08747096873,
1038505051,0.04143681631,-0.09436183368,
1038705071,0.0343777201,-0.1004970808,
1038905091,0.02688611929,-0.1052636543,
1039105111,0.01929997266,-0.1091677891,
1039305130,0.0108538611,-0.1124489414,
1039505150,0.003347602966,-0.1137355286,
1039705170,-0.005539930561,-0.1147831183,
1039905190,-0.01424563521,-0.1153323612,
1040105209,-0.02236066955,-0.1141114039,
1040305229,-0.03037763909,-0.1122378367,
1040505249,-0.03738695392,-0.1088070229,
1040705269,-0.04553430704,-0.1044714714,
1040905289,-0.05174151248,-0.09984584242,
1041105308,-0.05748461316,-0.09378430556,
1041305328,-0.06240986891,-0.08724594367,
1041505348,-0.06704499474,-0.08009042612,
1041705368,-0.0701533135,-0.07300963718,
1041905387,-0.07189221638,-0.06501994689,
1042105407,-0.07271343654,-0.05708651984,
1042305427,-0.07289961243,-0.04906691841,
1042505447,-0.07196028855,-0.04176973845,
1042705466,-0.06997784766,-0.03398825025,
1042905486,-0.0669608447,-0.02629689448,
1043105506,-0.06293810898,-0.01932320026,
1043305526,-0.05782854312,-0.01314028702,
1043505545,-0.05221155819,-0.007078686709,
1043705565,-0.04555729437,-0.002782281583,
1043905585,-0.03898537552,0.0008422208172,
1044105605,-0.03115909694,0.003989617526,
1044305624,-0.02348870879,0.005974326057,
1044505644,-0.01616051231,0.006922978724,
1044705664,-0.00769201456,0.006814727341,
1044905684,7.110001381e-05,0.005380348521,
1045105703,0.00820672546,0.003302511028,
1045305723,0.01536960816,-0.000147404704,
1045505743,0.02245106663,-0.003972839312,
1045705763,0.02871480018,-0.009070620053,
1045905782,0.03435340444,-0.01536307388,
1046105802,0.03913919235,-0.02158811158,
1046305822,0.04311942916,-0.029861086,
1046505842,0.04613691271,-0.03671758643,
1046705861,0.04841514939,-0.04511849249,
1046905881,0.04976431654,-0.05317401101,
1047105901,0.0495005234,-0.06158701838,
1047305921,0.04828510105,-0.06974548644,
1047505940,0.04629916158,-0.07738573384,
1047705960,0.04262669544,-0.08586425663,
1047905980,0.03847658355,-0.09305628773,
1048106000,0.03376376451,-0.100381668,
1048306019,0.02798365876,-0.106096678,
1048506039,0.02144975999,-0.1118145336,
1048706059,0.01415850185,-0.1166664945,
1048906079,0.006929523918,-0.120224812,
1049106098,-0.001984948364,-0.1232027041,
1049306118,-0.01049680824,-0.1244608867,
1049506138,-0.01842859822,-0.1260578458,
1049706158,-0.02710481905,-0.1254577855,
1049906177,-0.03630535319,-0.1242671032,
1050106197,-0.04469615757,-0.1217247845,
1050306217,-0.05267520943,-0.1186147202,
1050506237,-0.06045849605,-0.1140085771,
1050706256,-0.06769385661,-0.108961754,
1050906276,-0.07371475602,-0.1029130057,
1051106296,-0.07949902304,-0.09584390692,
1051306316,-0.08443196322,-0.08865811186,
1051506335,-0.08807543017,-0.08060756434,
1051706355,-0.09107065616,-0.07227052351,
1051906375,-0.09282440681,-0.06329869687,
1052106395,-0.0936758151,-0.05465240421,
1052306414,-0.09297465615,-0.04601407775,
1052506434,-0.09175678755,-0.03714355829,
1052706454,-0.08913425685,-0.0292476603,
1052906474,-0.08609928097,-0.02080315439,
1053106493,-0.08121179244,-0.01277205806,
1053306513,-0.07598812161,-0.005741754221,
1053506533,-0.07019373266,0.0004470719956,
1053706553,-0.06336588661,0.00585471451,
1053906572,-0.05556243686,0.01038822426,
1054106592,-0.04806239723,0.01392955034,
1054306612,-0.03939123936,0.01700904254,
1054506632,-0.03078895383,0.01818926581,
1054706651,-0.02220548634,0.01883080037,
1054906671,-0.01383242055,0.0180857351,
1055106691,-0.005247414865,0.01591000799,
1055306711,0.003200769803,0.01363520312,
1055506730,0.01096979927,0.009790336383,
1055706750,0.01813550797,0.005168136942,
1055906770,0.02494868066,-0.0005727319466,
1056106790,0.03077556135,-0.006554298015,
1056306809,0.03529024838,-0.01373086706,
1056506829,0.03920567365,-0.02097557913,
1056706849,0.04232890105,-0.02892262761,
1056906869,0.04455943583,-0.03668460496,
1057106888,0.04528592618,-0.04562429774,
1057306908,0.04565988497,-0.054248581,
1057506928,0.04441059672,-0.06250217401,
1057706948,0.04233658174,-0.06979002488,
1057906967,0.03892872199,-0.07762028001,
1058106987,0.034855453,-0.08459027711,
1058307007,0.02988935355,-0.09184856339,
1058507027,0.02433596853,-0.09758182501,
1058707046,0.01771047907,-0.1028448275,
1058907066,0.01096050351,-0.1072087419,
1059107086,0.003854158807,-0.111168482,
1059307106,-0.004471859184,-0.1136261258,
1059507125,-0.01226437194,-0.1150790064,
1059707145,-0.02006692447,-0.115386665,
1059907165,-0.02802254359,-0.1152967979,
1060107185,-0.03575043508,-0.1139387566,
1060307204,-0.04288778187,-0.1116206746,
1060507224,-0.05095297189,-0.108109426,
1060707244,-0.05756884898,-0.1039934374,
1060907264,-0.06330281161,-0.09937310469,
1061107283,-0.06936250731,-0.09450142612,
1061307303,-0.07420195992,-0.08854084208,
1061507323,-0.07833508022,-0.0812842168,
1061707343,-0.08088108685,-0.07413512214,
1061907362,-0.08322200484,-0.06714757683,
1062107382,-0.08492901579,-0.05915280688,
1062307402,-0.08528010355,-0.05170567285,
1062507422,-0.08469954538,-0.04433534866,
1062707441,-0.08309583408,-0.03674385775,
1062907461,-0.08088493362,-0.03025485898,
1063107481,-0.0770804088,-0.02327063186,
1063307501,-0.07309613528,-0.0176867928,
1063507520,-0.06861041129,-0.01204656178,
1063707540,-0.06312206089,-0.007151718873,
1063907560,-0.05742099457,-0.003270077636,
1064107580,-0.05106306539,-0.0004755890773,
1064307599,-0.04463288883,0.002077677866,
1064507619,-0.03721571617,0.003536762561,
1064707639,-0.03067353035,0.003936364066,
1064907659,-0.02414417826,0.003057595147,
1065107678,-0.01740612978,0.002100943581,
1065307698,-0.01123912081,-0.0003671631999,
1065507718,-0.004873778712,-0.00387270173,
1065707738,0.0004543415748,-0.00753799139,
1065907757,0.004855557247,-0.01178967029,
1066107777,0.009030797269,-0.01709606171,
1066307797,0.01209608962,-0.02377176635,
1066507817,0.01426965828,-0.02920978211,
1066707836,0.01605162819,-0.03563781095,
1066907856,0.01636662053,-0.04234165455,
1067107876,0.01590937085,-0.04871000175,
1067307896,0.0144411644,-0.05496746841,
1067507916,0.01226618631,-0.06165593484,
1067707935,0.008488417343,-0.06734474441,
1067907955,0.004752947149,-0.07286685047,
1068107975,0.0001228435518,-0.0773503066,
1068307995,-0.004998281699,-0.08158279331,
1068508014,-0.01061045977,-0.08479168248,
1068708034,-0.01749132132,-0.08713986912,
1068908054,-0.02420181651,-0.08952096796,
1069108074,-0.03108693812,-0.09003274647,
1069308093,-0.0378508855,-0.09016975664,
1069508113,-0.04531764289,-0.08893682876,
1069708133,-0.05175902049,-0.08761407465,
1069908153,-0.05853563392,-0.08477476245,
1070108172,-0.06527154196,-0.08061301051,
1070308192,-0.07086703826,-0.07666543676,
1070508212,-0.07652080484,-0.07169395653,
1070708232,-0.08138964254,-0.06546684023,
1070908251,-0.08516453983,-0.05895114057,
1071108271,-0.08941539346,-0.05165002871,
1071308291,-0.09121765827,-0.04444578491,
1071508311,-0.09315778563,-0.03609094065,
1071708330,-0.09354447074,-0.02877603747,
1071908350,-0.0930284539,-0.02002222323,
1072108370,-0.09280278913,-0.01220163315,
1072308390,-0.08973519437,-0.004495800525,
1072508409,-0.08685825811,0.003404774535,
1072708429,-0.08313204364,0.01113700153,
1072908449,-0.07838915346,0.01752586521,
1073108469,-0.07217732536,0.02431434333,
1073308488,-0.06597139905,0.02957134937,
1073508508,-0.05933750795,0.03449168655,
1073708528,-0.05184564934,0.03819188912,
1073908548,-0.04413119401,0.04161102335,
1074108567,-0.03563263143,0.04393598119,
1074308587,-0.0270517068,0.04485790482,
1074508607,-0.01901110129,0.04493625449,
1074708627,-0.01043435455,0.04442105516,
1074908646,-0.002499194845,0.04211973344,
1075108666,0.005420835657,0.03953881095,
1075308686,0.01273791099,0.03605846122,
1075508706,0.01994853471,0.03160125586,
1075708725,0.02570952152,0.02614646608,
1075908745,0.03125577637,0.02060933942,
1076108765,0.03582875025,0.01420184857,
1076308785,0.0397781007,0.007459748144,
1076508804,0.04310486417,0.000136429494,
1076708824,0.04464528349,-0.008039514699,
1076908844,0.0458934256,-0.01512164085,
1077108864,0.04612028838,-0.02325460365,
1077308883,0.04521038726,-0.03028689349,
1077508903,0.04349211145,-0.03755906972,
1077708923,0.04047394485,-0.04422124368,
1077908943,0.03724826996,-0.05040498079,
1078108962,0.03237397594,-0.05657916459,
1078308982,0.02683534952,-0.06134421515,
1078509002,0.02189172246,-0.06529171164,
1078709022,0.01561867792,-0.06880902132,
1078909041,0.008712932305,-0.0711419866,
1079109061,0.001675966712,-0.07294026618,
1079309081,-0.005009665861,-0.07345579507,
1079509101,-0.01219902248,-0.07237241802,
1079709120,-0.0188297026,-0.07112358515,
1079909140,-0.02562323362,-0.06854341305,
1080109160,-0.03148516551,-0.06510950666,
1080309180,-0.03683668039,-0.06158132529,
1080509199,-0.04169057132,-0.05609388445,
1080709219,-0.04566802368,-0.05099997318,
1080909239,-0.04938684008,-0.04466057334,
1081109259,-0.05191251119,-0.03828160819,
1081309278,-0.05320554233,-0.03150073145,
1081509298,-0.05458567873,-0.02417811805,
1081709318,-0.05396508246,-0.01683830536,
1081909338,-0.05290317205,-0.009528720532,
1082109357,-0.05145716859,-0.002568779594,
1082309377,-0.04786666072,0.004380102102,
1082509397,-0.04429551934,0.01025694577,
1082709417,-0.03971408314,0.01674745182,
1082909436,-0.03438380817,0.02210921816,
1083109456,-0.02818066433,0.02714931012,
1083309476,-0.02094196825,0.03078448193,
1083509496,-0.01360026963,0.03400238755,
1083709515,-0.005614796475,0.03685343035,
1083909535,0.002715435363,0.03811424299,
1084109555,0.01136570804,0.03841436397,
1084309575,0.01940044616,0.03779557724,
1084509594,0.02761170513,0.03568990994,
1084709614,0.03587456222,0.03318239066,
1084909634,0.04372467605,0.02963774754,
1085109654,0.05111841616,0.02475400254,
1085309673,0.05803956462,0.01955275414,
1085509693,0.06486782891,0.01302144006,
1085709713,0.07024531232,0.00600882327,
1085909733,0.07430764814,-0.001302043048,
1086109752,0.07853275477,-0.009590184499,
1086309772,0.0810442857,-0.01781823361,
1086509792,0.0827376827,-0.02668655635,
1086709812,0.083815835,-0.03534741775,
1086909831,0.08334285996,-0.04417012459,
1087109851,0.08190541013,-0.05276949127,
1087309871,0.08028894748,-0.06127525649,
1087509891,0.07672296962,-0.06968925527,
1087709910,0.07258975511,-0.07767282913,
1087909930,0.06758564247,-0.08523735326,
1088109950,0.06170897775,-0.09163221229,
1088309970,0.05534880095,-0.09677882777,
1088509989,0.04848520894,-0.101795162,
1088710009,0.04030561832,-0.1059119193,
1088910029,0.03347686165,-0.109020079,
1089110049,0.02469101352,-0.1116543928,
1089310068,0.01662604305,-0.1130959325,
1089510088,0.008184973303,-0.1131268824,
1089710108,0.0002307732102,-0.1115806869,
1089910128,-0.007508328315,-0.1104357508,
1090110147,-0.01517893309,-0.1066733718,
1090310167,-0.02237327081,-0.1031522147,
1090510187,-0.02863319358,-0.0985753796,
1090710207,-0.03467986092,-0.09303870836,
1090910226,-0.04034015076,-0.08753392402,
1091110246,-0.04422004,-0.08097827494,
1091310266,-0.04732188815,-0.07379037765,
1091510286,-0.04899643515,-0.06623005823,
1091710305,-0.05065799069,-0.05951704385,
1091910325,-0.05094478367,-0.05190438319,
1092110345,-0.04988801295,-0.04460125527,
1092310365,-0.04842136038,-0.0371973595,
1092510384,-0.04567716742,-0.03043654052,
1092710404,-0.04248829906,-0.02415416728,
1092910424,-0.03796361315,-0.01869221296,
1093110444,-0.03294724497,-0.01321571992,
1093310463,-0.0273577977,-0.008572275638,
1093510483,-0.02095647092,-0.005688399113,
1093710503,-0.01439218822,-0.002686453752,
1093910523,-0.007267457497,-0.0008817773876,
1094110543,-0.0002914631696,-0.0003488797824,
1094310562,0.007122965207,-0.0004383661355,
1094510582,0.01425119292,-0.002133116866,
1094710602,0.02089344302,-0.004263526715,
1094910622,0.02759765695,-0.007468408184,
1095110641,0.03358328954,-0.01076025371,
1095310661,0.0391235047,-0.01570439813,
1095510681,0.04399826575,-0.02164489298,
1095710701,0.04805038712,-0.02791371301,
1095910720,0.05139347722,-0.03446522935,
1096110740,0.05412282549,-0.04213946508,
1096310760,0.05554394623,-0.0495332939,
1096510780,0.05565501127,-0.05654394051,
1096710799,0.05533479623,-0.06392266678,
1096910819,0.05375523593,-0.07204081444,
1097110839,0.05164727814,-0.07935391414,
1097310859,0.0476807764,-0.08624909499,
1097510878,0.04381065766,-0.09302260497,
1097710898,0.03858553926,-0.09923955788,
1097910918,0.03193022447,-0.1045629664,
1098110938,0.0257193738,-0.1090408979,
1098310957,0.0187587302,-0.113391156,
1098510977,0.0107792455,-0.1161348006,
1098710997,0.003032551779,-0.117920453,
1098911017,-0.006048547535,-0.1183834017,
1099111036,-0.01348808891,-0.1184586357,
1099311056,-0.02205805696,-0.1174556598,
1099511076,-0.0299357106,-0.1160722658,
1099711096,-0.03833111035,-0.1127217846,
1099911115,-0.04606429915,-0.1081645064,
1100111135,-0.05234637739,-0.1044906026,
1100311155,-0.05896849867,-0.09885129567,
1100511175,-0.064934464,-0.09147546485,
1100711194,-0.06945058973,-0.08456245847,
1100911214,-0.07397384543,-0.07668584366,
1101111234,-0.07659488644,-0.06826613005,
1101311254,-0.07914387157,-0.05988261715,
1101511273,-0.08018206447,-0.05128776482,
1101711293,-0.08053337091,-0.04217493488,
1101911313,-0.07954412369,-0.03326317633,
1102111333,-0.07709886509,-0.0253103089,
1102311352,-0.07411988927,-0.01668688758,
1102511372,-0.07028992467,-0.008836804306,
1102711392,-0.06543555389,-0.001599525431,
1102911412,-0.05913433073,0.005537420936,
1103111431,-0.05285991264,0.01149754868,
1103311451,-0.04549957114,0.01654182506,
1103511471,-0.03751163125,0.0207016985,
1103711491,-0.0290992555,0.02386288175,
1103911510,-0.02127226045,0.02612838192,
1104111530,-0.01209238281,0.0273544444,
1104311550,-0.003563095067,0.02774415955,
1104511570,0.005368389708,0.02634591904,
1104711589,0.01400237633,0.02444756498,
1104911609,0.02225627199,0.02154586882,
1105111629,0.02959306448,0.01752253414,
1105311649,0.03699263038,0.01253948636,
1105511668,0.04330899699,0.006669699188,
1105711688,0.04907441145,0.0005638230556,
1105911708,0.05417625358,-0.006648958729,
1106111728,0.05762956239,-0.01374166092,
1106311747,0.06087461257,-0.02162027107,
1106511767,0.06320191665,-0.0299256825,
1106711787,0.06402749545,-0.03788952483,
1106911807,0.06348238255,-0.04581893915,
1107111826,0.06235562929,-0.05451429671,
1107311846,0.06063500094,-0.06205407715,
1107511866,0.05759941233,-0.06958147884,
1107711886,0.05286512784,-0.0769727139,
1107911905,0.04782931773,-0.08309652023,
1108111925,0.0427897728,-0.08884877338,
1108311945,0.03672494178,-0.09372073843,
1108511965,0.02973544965,-0.09752083871,
1108711984,0.02265999332,-0.1007283265,
1108912004,0.01513058224,-0.1024071131,
1109112024,0.006666540742,-0.1038003008,
1109312044,5.28698567e-05,-0.1040858076,
1109512063,-0.007802329403,-0.1031197265,
1109712083,-0.01571850146,-0.1010541501,
1109912103,-0.02249466933,-0.09809438796,
1110112123,-0.02968111133,-0.09380008795,
1110312142,-0.03521192241,-0.08986913871,
1110512162,-0.04085536646,-0.0834622811,
1110712182,-0.04526434796,-0.0774943897,
1110912202,-0.04905862857,-0.07127342839,
1111112221,-0.05213598791,-0.0640930841,
1111312241,-0.05358768433,-0.05708568456,
1111512261,-0.0544767293,-0.04841619836,
1111712281,-0.05436827836,-0.04102304216,
1111912300,-0.05338253205,-0.0338188246,
1112112320,-0.05079843274,-0.02584319223,
1112312340,-0.04770291033,-0.01901284136,
1112512360,-0.0438399079,-0.01205817451,
1112712379,-0.03859117829,-0.006061703044,
1112912399,-0.03273977218,-0.0004709584455,
1113112419,-0.02682411407,0.004735767312,
1113312439,-0.01965124327,0.008568522756,
1113512458,-0.01191607262,0.011046845,
1113712478,-0.003589169064,0.01333991344,
1113912498,0.004242858283,0.0147952804,
1114112518,0.01276709988,0.01477276048,
1114312537,0.02097666816,0.01375026632,
1114512557,0.02941530622,0.01199728297,
1114712577,0.0371862876,0.008725246368,
1114912597,0.04513707853,0.004721625052,
1115112616,0.05195940109,-0.0005841732925,
1115312636,0.05829788562,-0.005801145541,
1115512656,0.06388074988,-0.01277911913,
1115712676,0.06870618522,-0.01982952822,
1115912695,0.07303131051,-0.02807819749,
1116112715,0.07570091535,-0.03533214382,
1116312735,0.07759048842,-0.04428420411,
1116512755,0.07917507884,-0.05348197749,
1116712774,0.07887221233,-0.06186909553,
1116912794,0.07812306032,-0.07012914224,
1117112814,0.07651716455,-0.07934755737,
1117312834,0.07330124822,-0.08718824166,
1117512853,0.06933746564,-0.09569767634,
1117712873,0.06481520275,-0.1032752686,
1117912893,0.05909286976,-0.1095128313,
1118112913,0.05261763008,-0.1161377709,
1118312932,0.04563986101,-0.1210841096,
1118512952,0.03758274483,-0.1252808781,
1118712972,0.03048926602,-0.1286335118,
1118912992,0.02186744268,-0.1309816425,
1119113011,0.01336577943,-0.1326603724,
1119313031,0.004810415602,-0.1332487722,
1119513051,-0.003849552662,-0.1326470018,
1119713071,-0.01254112473,-0.1309970138,
1119913090,-0.02008375055,-0.1282462809,
1120113110,-0.0277138824,-0.1253377766,
1120313130,-0.03470540205,-0.1208325561,
1120513150,-0.04126198451,-0.1155671147,
1120713170,-0.04646517099,-0.109995842,
1120913189,-0.05134837664,-0.1042168515,
1121113209,-0.05592928881,-0.09722192427,
1121313229,-0.0591262299,-0.08941266981,
1121513249,-0.06097219516,-0.08190474272,
1121713268,-0.06212178674,-0.07429692594,
1121913288,-0.06245132095,-0.06688098436,
1122113308,-0.06186076782,-0.05889769619,
1122313328,-0.06007063305,-0.05155615938,
1122513347,-0.05712307168,-0.04463244214,
1122713367,-0.05388860091,-0.038119985,
1122913387,-0.04946793329,-0.03184383034,
1123113407,-0.04418520904,-0.02693046386,
1123313426,-0.03856800952,-0.02243636838,
1123513446,-0.03218465484,-0.01932488092,
1123713466,-0.02556189233,-0.01597862188,
1123913486,-0.01875232167,-0.0146660779,
1124113505,-0.01204406514,-0.01346917657,
1124313525,-0.005026284572,-0.01347338452,
1124513545,0.001888760156,-0.01443730772,
1124713565,0.008330492478,-0.01682204597,
1124913584,0.0149008587,-0.0192770549,
1125113604,0.02081811204,-0.0234064845,
1125313624,0.0260655339,-0.0279893334,
1125513644,0.030214201,-0.03357624038,
1125713663,0.03394648957,-0.03908049834,
1125913683,0.03667097831,-0.0455903862,
1126113703,0.03838908689,-0.0518159952,
1126313723,0.03967756426,-0.05868560352,
1126513742,0.03985431997,-0.06561542212,
1126713762,0.03872474549,-0.07254165361,
1126913782,0.03738726211,-0.07882846072,
1127113802,0.03448410343,-0.08524952752,
1127313821,0.03213309348,-0.09121135319,
1127513841,0.02764416128,-0.09669765485,
1127713861,0.02263173541,-0.1029846755,
1127913881,0.01729126729,-0.1063008974,
1128113900,0.01092720017,-0.1101498593,
1128313920,0.004284824543,-0.113509521,
1128513940,-0.002877531235,-0.1146020472,
1128713960,-0.01006862153,-0.115416119,
1128913979,-0.0174502923,-0.1160686418,
1129113999,-0.02458602614,-0.1150803315,
1129314019,-0.03217158964,-0.1134992527,
1129514039,-0.03830504919,-0.1108870767,
1129714058,-0.0452558987,-0.1072351164,
1129914078,-0.05123917477,-0.1028494692,
1130114098,-0.05653247128,-0.09716031736,
1130314118,-0.06137122504,-0.09183802714,
1130514137,-0.06580073586,-0.08443197575,
1130714157,-0.06853662932,-0.07811017594,
1130914177,-0.07141499194,-0.07071785432,
1131114197,-0.07295783381,-0.06352301392,
1131314216,-0.07316821259,-0.05475078464,
1131514236,-0.07311882679,-0.04691995358,
1131714256,-0.07087983792,-0.03943239191,
1131914276,-0.06798097422,-0.03149607967,
1132114295,-0.06470052694,-0.02454622817,
1132314315,-0.06086384096,-0.0176659373,
1132514335,-0.05519856569,-0.01124870177,
1132714355,-0.04943027238,-0.005627244485,
1132914374,-0.04220397896,-0.0009397661217,
1133114394,-0.0347630481,0.002640009692,
1133314414,-0.02689160195,0.005879551444,
1133514434,-0.01854851142,0.0077549162,
1133714453,-0.01046809416,0.008457146616,
1133914473,-0.001580047077,0.008482083316,
1134114493,0.006720059671,0.007124278891,
1134314513,0.0151545394,0.004787182075,
1134514532,0.02288993986,0.001553038657,
1134714552,0.03032072939,-0.002879326484,
1134914572,0.03769505883,-0.008250715725,
1135114592,0.04408199395,-0.01482356217,
1135314611,0.04979999616,-0.02170193989,
1135514631,0.05409817453,-0.02915992581,
1135714651,0.0574870776,-0.03749549035,
1135914671,0.05969919893,-0.04590368743,
1136114690,0.06224194826,-0.05446564155,
1136314710,0.06224589064,-0.0636137096,
1136514730,0.06152341021,-0.07280041667,
1136714750,0.06040009879,-0.08197183676,
1136914769,0.05695799892,-0.08982959457,
1137114789,0.05336957997,-0.09851033908,
1137314809,0.04854808777,-0.107171814,
1137514829,0.04237431423,-0.1132038128,
1137714848,0.03649574324,-0.1199313464,
1137914868,0.02918382655,-0.126265145,
1138114888,0.02074382274,-0.1302865335,
1138314908,0.01285132285,-0.1343451798,
1138514927,0.003877114956,-0.1372777957,
1138714947,-0.004565699928,-0.1391028957,
1138914967,-0.01496215544,-0.1399436786,
1139114987,-0.02440795771,-0.1387346776,
1139315006,-0.03319628345,-0.1383922354,
1139515026,-0.04231023953,-0.1349781117,
1139715046,-0.0512875415,-0.1316576691,
1139915066,-0.05868582137,-0.1272929903,
1140115085,-0.06667595113,-0.1215379594,
1140315105,-0.07316983933,-0.115822236,
1140515125,-0.0797008909,-0.1083673558,
1140715145,-0.0841935458,-0.1002941645,
1140915164,-0.08880041798,-0.09252173007,
1141115184,-0.09200129563,-0.08350976411,
1141315204,-0.09403320109,-0.07480142718,
1141515224,-0.09517312787,-0.06572609544,
1141715243,-0.09511320427,-0.05577476356,
1141915263,-0.09449807611,-0.04681787413,
1142115283,-0.09166723449,-0.03805332849,
1142315303,-0.08839192702,-0.02984560145,
1142515322,-0.0843891039,-0.02160388271,
1142715342,-0.07899211343,-0.01403538004,
1142915362,-0.07287502345,-0.007411339894,
1143115382,-0.06601370846,-0.001962454559,
1143315401,-0.05877244716,0.003458124187,
1143515421,-0.0511473889,0.007271277322,
1143715441,-0.04199423858,0.01010178153,
1143915461,-0.03360142771,0.01196031481,
1144115480,-0.02488588773,0.01210361146,
1144315500,-0.01624463755,0.01198772138,
1144515520,-0.007478113755,0.01005343121,
1144715540,0.000889766764,0.007561889434,
1144915559,0.008553927542,0.004090889037,
1145115579,0.0156742892,-0.001224288024,
1145315599,0.02207977633,-0.006269663106,
1145515619,0.02776218093,-0.0127804356,
1145715638,0.03267996631,-0.01964584349,
1145915658,0.03620333911,-0.02706526731,
1146115678,0.03922667521,-0.03521185761,
1146315698,0.04018631366,-0.04312392823,
1146515717,0.04104273123,-0.05155832553,
1146715737,0.04010724232,-0.05959793559,
1146915757,0.03924843971,-0.06777258067,
1147115777,0.0361073619,-0.07581022212,
1147315797,0.03195475453,-0.08272075839,
1147515816,0.02744533292,-0.0892044956,
1147715836,0.02192551336,-0.0961813273,
1147915856,0.01571824908,-0.1014070398,
1148115876,0.008768976487,-0.1051921278,
1148315895,0.001460053402,-0.1088594411,
1148515915,-0.006333202437,-0.1114962052,
1148715935,-0.0145434103,-0.1136318736,
1148915955,-0.02224841987,-0.1138010436,
1149115974,-0.03002898921,-0.1134596176,
1149315994,-0.03875597903,-0.1116072119,
1149516014,-0.04709715778,-0.1098377624,
1149716034,-0.05490742335,-0.1060635742,
1149916053,-0.06153345103,-0.1009073279,
1150116073,-0.06788047437,-0.0962653257,
1150316093,-0.07467821787,-0.09021695487,
1150516113,-0.07935336139,-0.08246024614,
1150716132,-0.08352247638,-0.0756386145,
1150916152,-0.0868716595,-0.06682436086,
1151116172,-0.08882171536,-0.05875522153,
1151316192,-0.08978507378,-0.05003216736,
1151516211,-0.09049114486,-0.04143149234,
1151716231,-0.08942554297,-0.03268561442,
1151916251,-0.08731242851,-0.0233201613,
1152116271,-0.08446238218,-0.01579480117,
1152316290,-0.08011614003,-0.00751180361,
1152516310,-0.0749303234,3.029627948e-05,
1152716330,-0.06913139438,0.006572162203,
1152916350,-0.06262718428,0.01263876062,
1153116369,-0.05500276885,0.01787299915,
1153316389,-0.04731183276,0.02214258344,
1153516409,-0.03864343579,0.02556540188,
1153716429,-0.0296194672,0.02789805907,
1153916448,-0.02073592659,0.02869491877,
1154116468,-0.01161117942,0.0287233988,
1154316488,-0.002288382075,0.02754995627,
1154516508,0.006665521392,0.02488385817,
1154716527,0.014871143,0.02194286537,
1154916547,0.02323333909,0.01735247735,
1155116567,0.03069340026,0.01201798101,
1155316587,0.03702988312,0.006324159419,
1155516606,0.04293748509,-0.000411379062,
1155716626,0.04774926902,-0.008320319262,
1155916646,0.05237895306,-0.01673631233,
1156116666,0.05537156092,-0.02540656126,
1156316685,0.05735869894,-0.03384442931,
1156516705,0.05761365955,-0.04263212791,
1156716725,0.05721092172,-0.05156018559,
1156916745,0.05642062367,-0.06029232112,
1157116764,0.05295779383,-0.0692062257,
1157316784,0.05012566116,-0.07687067716,
1157516804,0.04613125491,-0.08420856594,
1157716824,0.03989063342,-0.0908618529,
1157916843,0.03399973067,-0.09721606859,
1158116863,0.02770207121,-0.1032348884,
1158316883,0.01943587418,-0.1069740827,
1158516903,0.0120949962,-0.1105824729,
1158716922,0.004001109465,-0.1122243371,
1158916942,-0.00428440718,-0.1148772205,
1159116962,-0.01297079922,-0.1151994388,
1159316982,-0.0216944692,-0.1145157872,
1159517001,-0.03011080354,-0.1127226309,
1159717021,-0.03719572059,-0.1097573335,
1159917041,-0.04506052314,-0.1061973851,
1160117061,-0.0517566444,-0.1018604178,
1160317080,-0.05867624302,-0.09598519303,
1160517100,-0.06352094361,-0.09020779063,
1160717120,-0.06902575506,-0.08333448766,
1160917140,-0.07207713758,-0.07648611083,
1161117159,-0.07515996171,-0.06869082077,
1161317179,-0.0771789828,-0.0602797682,
1161517199,-0.07776306672,-0.05276048587,
1161717219,-0.07797306743,-0.04487039164,
1161917238,-0.07665490192,-0.03649233376,
1162117258,-0.07498897869,-0.02837829849,
1162317278,-0.0709707277,-0.02114648835,
1162517298,-0.06709626648,-0.0148658958,
1162717317,-0.06228703224,-0.008323271997,
1162917337,-0.05647754733,-0.002805389989,
1163117357,-0.0499628609,0.002595073281,
1163317377,-0.04303598841,0.006467601437,
1163517396,-0.03610026718,0.009371735258,
1163717416,-0.02793525341,0.01124894004,
1163917436,-0.02041562284,0.01241457968,
1164117456,-0.01246682296,0.01233143465,
1164317475,-0.004433616906,0.01110038984,
1164517495,0.003258962415,0.008492881773,
1164717515,0.0102574827,0.005694378005,
1164917535,0.01724374788,0.00200127592,
1165117554,0.02353349195,-0.002938707555,
1165317574,0.02910967531,-0.008957629153,
1165517594,0.03367314803,-0.01543616679,
1165717614,0.03728695347,-0.02189349324,
1165917633,0.04027753296,-0.02973677953,
1166117653,0.04215692712,-0.03706037649,
1166317673,0.04271522183,-0.04579577527,
1166517693,0.04246456795,-0.05347782593,
1166717712,0.0415548369,-0.06112277204,
1166917732,0.03895052554,-0.06869963551,
1167117752,0.03541060166,-0.07600190837,
1167317772,0.03059461711,-0.08251643998,
1167517791,0.02569565153,-0.08862158868,
1167717811,0.02058707409,-0.09474433434,
1167917831,0.0128935362,-0.09899133974,
1168117851,0.006304002893,-0.1035133253,
1168317870,-0.001501395587,-0.1059923458,
1168517890,-0.009175110431,-0.1074212065,
1168717910,-0.01715873332,-0.1088766885,
1168917930,-0.02581184833,-0.1083698041,
1169117949,-0.03351289182,-0.1070310588,
1169317969,-0.04143364931,-0.1050217888,
1169517989,-0.04960049325,-0.101672485,
1169718009,-0.05672315129,-0.0977198676,
1169918028,-0.06316468834,-0.0929198662,
1170118048,-0.06887574635,-0.08679806715,
1170318068,-0.07513805469,-0.08101084046,
1170518088,-0.07941070224,-0.0741998185,
1170718107,-0.08273819165,-0.06601374514,
1170918127,-0.08579498046,-0.05761682386,
1171118147,-0.08777070106,-0.04913877428,
1171318167,-0.08837570703,-0.04043105699,
1171518186,-0.08795731128,-0.03182592247,
1171718206,-0.08681338244,-0.02317790511,
1171918226,-0.08412279385,-0.014621971,
1172118246,-0.08001141239,-0.006735104351,
1172318265,-0.07575489144,0.0003549459294,
1172518285,-0.0706389538,0.008351793642,
1172718305,-0.06450453495,0.01403680591,
1172918325,-0.05727673097,0.01973960138,
1173118344,-0.05000826524,0.02422212162,
1173318364,-0.04129860546,0.02781681053,
1173518384,-0.03267395251,0.03024641072,
1173718404,-0.02438493605,0.03196146072,
1173918424,-0.01510722077,0.03238973602,
1174118443,-0.007017193303,0.03215895657,
1174318463,0.002310677566,0.03036574339,
1174518483,0.01034441504,0.0272717279,
1174718503,0.01835122659,0.02376373104,
1174918522,0.02578053775,0.01832976421,
1175118542,0.03288663799,0.01288852812,
1175318562,0.03891023567,0.006681468461,
1175518582,0.04397891593,-0.0007984966277,
1175718601,0.04794238422,-0.008787403335,
1175918621,0.05123431898,-0.01720340474,
1176118641,0.05391786699,-0.02558047608,
1176318661,0.05448231124,-0.0343253557,
1176518680,0.05414718334,-0.04338171266,
1176718700,0.05312785347,-0.05224850791,
1176918720,0.05095718172,-0.06087179134,
1177118740,0.04702490499,-0.06917865992,
1177318759,0.04191229413,-0.07715793242,
1177518779,0.03673719311,-0.08423386982,
1177718799,0.0296357767,-0.09012389043,
1177918819,0.02239410607,-0.09559648106,
1178118838,0.01501023909,-0.0996365422,
1178318858,0.00664993507,-0.1035301607,
1178518878,-0.002492994323,-0.1063937041,
1178718898,-0.01131202315,-0.1075720202,
1178918917,-0.02046346377,-0.1080823211,
1179118937,-0.02925917587,-0.1073351358,
1179318957,-0.03822190644,-0.1049049446,
1179518977,-0.04684047506,-0.1023817586,
1179718996,-0.05600014432,-0.09836987086,
1179919016,-0.06343475443,-0.09268068729,
1180119036,-0.07085441117,-0.08716032472,
1180319056,-0.07769293099,-0.07935383418,
1180519075,-0.08350783881,-0.07217457971,
1180719095,-0.08803557181,-0.06397913099,
1180919115,-0.09241096627,-0.05512469321,
1181119135,-0.09490093466,-0.0455231656,
1181319154,-0.09665983843,-0.03546995,
1181519174,-0.09762177112,-0.02506925961,
1181719194,-0.09715465584,-0.01578237462,
1181919214,-0.09549466095,-0.006110959726,
1182119233,-0.0925928347,0.003581034859,
1182319253,-0.0889885832,0.01320971045,
1182519273,-0.0839626965,0.0218846762,
1182719293,-0.07820036078,0.03032103383,
1182919312,-0.07214971081,0.03819485417,
1183119332,-0.06463137196,0.04484591257,
1183319352,-0.05634381799,0.05107643191,
1183519372,-0.04784117895,0.05596242218,
1183719391,-0.0379990263,0.06013224374,
1183919411,-0.02882471011,0.06267695481,
1184119431,-0.01895402219,0.06514850542,
1184319451,-0.009107238673,0.06554157314,
1184519470,0.0006568850186,0.06558158785,
1184719490,0.01086169368,0.06427195875,
1184919510,0.02001132259,0.06200281627,
1185119530,0.02900556495,0.05878631953,
1185319549,0.03763832738,0.05418251034,
1185519569,0.04509535231,0.04880345648,
1185719589,0.05216428642,0.04325252109,
1185919609,0.05834995305,0.03650573292,
1186119628,0.06421103199,0.02944148927,
1186319648,0.06872721393,0.0222441503,
1186519668,0.0721105992,0.01433371446,
1186719688,0.07463592652,0.006830244566,
1186919707,0.0765725453,-0.001945199711,
1187119727,0.07821269407,-0.009525321869,
1187319747,0.07744483864,-0.01708441072,
1187519767,0.07649121949,-0.02499474662,
1187719786,0.07486860177,-0.03210251868,
1187919806,0.07136318106,-0.03959753549,
1188119826,0.06845574001,-0.04544493822,
1188319846,0.06499352351,-0.05146044098,
1188519865,0.05975411887,-0.05650441371,
1188719885,0.05508494668,-0.06137457562,
1188919905,0.04955289714,-0.06454120709,
1189119925,0.04366839433,-0.0668796437,
1189319944,0.03795815966,-0.06869912337,
1189519964,0.03219441651,-0.06943017345,
1189719984,0.02671518857,-0.06961550761,
1189920004,0.02076871801,-0.06849875665,
1190120023,0.01572754428,-0.0672025288,
1190320043,0.01168565413,-0.0628853537,
1190520063,0.007297488821,-0.06114909351,
1190720083,0.003391771078,-0.05831692689,
1190920102,0.0009626911715,-0.05392285106,
1191120122,-0.001166805926,-0.04936815012,
1191320142,-0.002362886253,-0.04418256467,
1191520162,-0.003067957302,-0.04003997669,
1191720181,-0.00288073415,-0.03494974058,
1191920201,-0.002266207257,-0.03002302243,
1192120221,-0.0008829066195,-0.02572865381,
1192320241,0.002063548389,-0.02147563913,
1192520260,0.004671616939,-0.01757181779,
1192720280,0.008772179216,-0.01454090594,
1192920300,0.01315417098,-0.0120126891,
1193120320,0.01737203326,-0.009783161025,
1193320339,0.02227267758,-0.008107630551,
1193520359,0.02763359925,-0.007400327794,
1193720379,0.03315565172,-0.007736082509,
1193920399,0.03844383091,-0.008254863296,
1194120418,0.04425000398,-0.009623314736,
1194320438,0.04963762762,-0.01193571368,
1194520458,0.05511969008,-0.01498766452,
1194720478,0.05962688973,-0.0188366174,
1194920497,0.06387161055,-0.02350969514,
1195120517,0.06788159888,-0.02766717773,
1195320537,0.07080388735,-0.03357629762,
1195520557,0.07360850402,-0.03957321504,
1195720576,0.07566360617,-0.04591058824,
1195920596,0.07610547791,-0.05254608702,
1196120616,0.07652367574,-0.05979475614,
1196320636,0.07589351699,-0.06542646731,
1196520655,0.07537769431,-0.07333716727,
1196720675,0.0727808644,-0.07925631012,
1196920695,0.06954804862,-0.08620450256,
1197120715,0.0663615721,-0.09221510519,
1197320734,0.0620052635,-0.09768641408,
1197520754,0.05676831967,-0.1025266838,
1197720774,0.05127774889,-0.1069886365,
1197920794,0.04439107805,-0.1106491056,
1198120813,0.0386999439,-0.1140983129,
1198320833,0.03173080868,-0.1154346278,
1198520853,0.02440167489,-0.1170363698,
1198720873,0.01786277642,-0.1178282607,
1198920892,0.01061921044,-0.1170586558,
1199120912,0.003338677939,-0.1160271595,
1199320932,-0.003440905739,-0.113739875,
1199520952,-0.009526290323,-0.1114426817,
1199720971,-0.01577037237,-0.1077838973,
1199920991,-0.02154057211,-0.102984278,
1200121011,-0.02633085702,-0.09883762047,
1200321031,-0.03056106331,-0.09310647171,
1200521051,-0.03418962942,-0.08626739044,
1200721070,-0.0367203309,-0.08068765657,
1200921090,-0.03825992121,-0.07336518924,
1201121110,-0.03881385028,-0.06639310112,
1201321130,-0.03973789379,-0.05947049427,
1201521149,-0.03831801317,-0.05230193927,
1201721169,-0.03708545706,-0.04613867002,
1201921189,-0.03471171923,-0.03987925698,
1202121209,-0.03052422166,-0.03411437801,
1202321228,-0.0261094575,-0.02840911506,
1202521248,-0.02173310326,-0.02360619382,
1202721268,-0.01615194651,-0.0193296376,
1202921288,-0.01052600497,-0.01586120375,
1203121307,-0.00402598322,-0.01327235709,
1203321327,0.002763362975,-0.01160744878,
1203521347,0.009972939135,-0.01105434636,
1203721367,0.01683685072,-0.01108846691,
1203921386,0.02385756179,-0.01174569372,
1204121406,0.03103323909,-0.01400033609,
1204321426,0.0373247664,-0.01717753557,
1204521446,0.04348781155,-0.02049144043,
1204721465,0.04917616217,-0.02521734438,
1204921485,0.05382927453,-0.03043952627,
1205121505,0.05874349305,-0.03606655956,
1205321525,0.06160626781,-0.04246107681,
1205521544,0.06478312777,-0.04964417779,
1205721564,0.0671337579,-0.05622512075,
1205921584,0.06765088322,-0.06382323708,
1206121604,0.06866607494,-0.07070653698,
1206321623,0.0672799349,-0.07856522187,
1206521643,0.06567019381,-0.08607317811,
1206721663,0.06369693494,-0.09368412754,
1206921683,0.0602220273,-0.1005771838,
1207121702,0.05588964241,-0.1065457986,
1207321722,0.05089613457,-0.1125715302,
1207521742,0.04589294718,-0.1173486648,
1207721762,0.03942822631,-0.1218681438,
1207921781,0.03265380977,-0.1256101313,
1208121801,0.02596694082,-0.1288936999,
1208321821,0.01830950944,-0.1311814133,
1208521841,0.01102643186,-0.1328824193,
1208721860,0.002599789522,-0.1321408879,
1208921880,-0.004078139678,-0.1334172583,
1209121900,-0.0119133771,-0.130324931,
1209321920,-0.01991681065,-0.1294465533,
1209521939,-0.02620330807,-0.1263520414,
1209721959,-0.03311165873,-0.1225526822,
1209921979,-0.03969483018,-0.1172948767,
1210121999,-0.04485858787,-0.1118547487,
1210322018,-0.04906962692,-0.1066104394,
1210522038,-0.05300170947,-0.100445,
1210722058,-0.05630840813,-0.09396823736,
1210922078,-0.05792771152,-0.08643955505,
1211122097,-0.06046223632,-0.07890965904,
1211322117,-0.06137509839,-0.07148297724,
1211522137,-0.06047791767,-0.06505871901,
1211722157,-0.05911458601,-0.05725215445,
1211922176,-0.05759824713,-0.05068196382,
1212122196,-0.05387239511,-0.04430702783,
1212322216,-0.05057234655,-0.03843870284,
1212522236,-0.04567933452,-0.03292807868,
1212722255,-0.04060123731,-0.02780000863,
1212922275,-0.03548442993,-0.02431816846,
1213122295,-0.02945617958,-0.02133338543,
1213322315,-0.02322360917,-0.01853335535,
1213522334,-0.01712616543,-0.01726755103,
1213722354,-0.009817361099,-0.01661824448,
1213922374,-0.00372948739,-0.0168260911,
1214122394,0.002761900132,-0.01805463819,
1214322413,0.009256910094,-0.02012079238,
1214522433,0.01469814217,-0.02294078786,
1214722453,0.01993551627,-0.02613813201,
1214922473,0.02457545611,-0.03102268509,
1215122492,0.02844207422,-0.03587145267,
1215322512,0.03196145175,-0.04140977872,
1215522532,0.0345286634,-0.04682842939,
1215722552,0.03556407941,-0.05309988632,
1215922571,0.03654641099,-0.05841081058,
1216122591,0.03645033783,-0.06505660521,
1216322611,0.03511895237,-0.07094740523,
1216522631,0.03364613898,-0.07686575609,
1216722650,0.03075819396,-0.08261835279,
1216922670,0.02759179117,-0.08840557226,
1217122690,0.02348298822,-0.09200418368,
1217322710,0.0196017988,-0.09669869751,
1217522729,0.01411961977,-0.09970193731,
1217722749,0.008444109057,-0.102536724,
1217922769,0.002881248511,-0.1043628286,
1218122789,-0.004263424281,-0.1059732902,
1218322808,-0.01003739687,-0.1057620411,
1218522828,-0.01654602783,-0.1049573639,
1218722848,-0.0227961948,-0.1035788371,
1218922868,-0.02928868091,-0.1014665187,
1219122887,-0.03465734882,-0.09882269035,
1219322907,-0.03960319257,-0.09412207827,
1219522927,-0.04543781221,-0.08992668286,
1219722947,-0.04922730579,-0.08544723028,
1219922966,-0.05289386758,-0.07890854076,
1220122986,-0.05564657859,-0.07246409864,
1220323006,-0.05727598642,-0.06621948053,
1220523026,-0.05895797123,-0.05956495338,
1220723045,-0.05933784961,-0.05256612916,
1220923065,-0.05889766082,-0.04549284321,
1221123085,-0.05675822207,-0.03780356064,
1221323105,-0.054731479,-0.03109909057,
1221523124,-0.05140716194,-0.02493530443,
1221723144,-0.04705862671,-0.01779633056,
1221923164,-0.04177130227,-0.01264773429,
1222123184,-0.0366353763,-0.007090699358,
1222323203,-0.02977003396,-0.003291838977,
1222523223,-0.02315014724,0.0003389476419,
1222723243,-0.01529721324,0.003101742799,
1222923263,-0.007991874685,0.005036361276,
1223123282,0.0004683415202,0.005784274887,
1223323302,0.008208262089,0.005403085331,
1223523322,0.01635886385,0.004395313254,
1223723342,0.02447348993,0.00211525169,
1223923361,0.03224403205,-0.0009498939799,
1224123381,0.03990880212,-0.005556137569,
1224323401,0.04660654309,-0.01033096359,
1224523421,0.05235160104,-0.01648501595,
1224723440,0.05802170136,-0.02337354877,
1224923460,0.06238307767,-0.03020065756,
1225123480,0.06632482669,-0.0380732353,
1225323500,0.06878689032,-0.04641263804,
1225523519,0.0703525494,-0.05472217479,
1225723539,0.07104378877,-0.0639784216,
1225923559,0.07115386561,-0.07168630261,
1226123579,0.07058878776,-0.08177051576,
1226323598,0.06727500107,-0.0904851521,
1226523618,0.06416452127,-0.09850208586,
1226723638,0.05964778054,-0.1064100786,
1226923658,0.05471471651,-0.1130461241,
1227123678,0.04851047491,-0.1202941388,
1227323697,0.04196770484,-0.124897619,
1227523717,0.03478842057,-0.1311404567,
1227723737,0.02694010181,-0.1346704285,
1227923757,0.0183978615,-0.1384640531,
1228123776,0.009545959806,-0.1401890763,
1228323796,0.0003133886733,-0.1418542479,
1228523816,-0.007801964452,-0.1423672548,
1228723836,-0.01802505877,-0.1416777864,
1228923855,-0.02583322307,-0.139963168,
1229123875,-0.03457648925,-0.1369467277,
1229323895,-0.04330390811,-0.1327496923,
1229523915,-0.05085999151,-0.1284601,
1229723934,-0.05775896338,-0.1236985413,
1229923954,-0.06402795144,-0.11620166,
1230123974,-0.06991578248,-0.1095642698,
1230323994,-0.07424165082,-0.1028073041,
1230524013,-0.07752539415,-0.09423817081,
1230724033,-0.08061583233,-0.0852899855,
1230924053,-0.08286390768,-0.07727707182,
1231124073,-0.08318197387,-0.06827876438,
1231324092,-0.08264852478,-0.05947460391,
1231524112,-0.08113846616,-0.05100871804,
1231724132,-0.0786236682,-0.0427842308,
1231924152,-0.07537067444,-0.03492392755,
1232124171,-0.07105970931,-0.02744434527,
1232324191,-0.06559683898,-0.02085104053,
1232524211,-0.05967895916,-0.01513765449,
1232724231,-0.05345862147,-0.009862741048,
1232924250,-0.04630550923,-0.005884097861,
1233124270,-0.03874876646,-0.002328916998,
1233324290,-0.03087793072,0.0002521156548,
1233524310,-0.0229366388,0.001089409249,
1233724329,-0.01415319351,0.0006547711694,
1233924349,-0.006751191664,0.0006143968062,
1234124369,0.001313547149,-0.001280533939,
1234324389,0.009086211772,-0.004699474127,
1234524408,0.01568097016,-0.008553647944,
1234724428,0.02216603747,-0.0137382626,
1234924448,0.02759744452,-0.01939854157,
1235124468,0.03213585957,-0.02553657013,
1235324487,0.03626843783,-0.0315506722,
1235524507,0.03864301133,-0.03942768478,
1235724527,0.04055184265,-0.04702903515,
1235924547,0.04127722329,-0.05553332454,
1236124566,0.04103542036,-0.06294513216,
1236324586,0.03951092917,-0.07061445038,
1236524606,0.03718695146,-0.07808219844,
1236724626,0.03392112853,-0.08511181723,
1236924645,0.02917668856,-0.09162037823,
1237124665,0.0246221485,-0.09769778137,
1237324685,0.01782122314,-0.1028814311,
1237524705,0.01184162817,-0.1078678676,
1237724724,0.00450283844,-0.1116885535,
1237924744,-0.00256684811,-0.1139726829,
1238124764,-0.01070511706,-0.1155967546,
1238324784,-0.01924367986,-0.1161829046,
1238524803,-0.02706259805,-0.1161608186,
1238724823,-0.03469486052,-0.1149686846,
1238924843,-0.04296327775,-0.1133383315,
1239124863,-0.05055295193,-0.1096875738,
1239324882,-0.0583626483,-0.1049747942,
1239524902,-0.06577554962,-0.1005093558,
1239724922,-0.07171127603,-0.0947085958,
1239924942,-0.07752252945,-0.08729141243,
1240124961,-0.08221128425,-0.08037513228,
1240324981,-0.08653026836,-0.07139483583,
1240525001,-0.08868464297,-0.06372365302,
1240725021,-0.09119017068,-0.05482827871,
1240925040,-0.09217902127,-0.04563672197,
1241125060,-0.091961663,-0.03598045707,
1241325080,-0.09128076652,-0.02712036976,
1241525100,-0.08917244252,-0.01772193641,
1241725119,-0.08508207502,-0.009342342401,
1241925139,-0.08144208309,-0.0007017139948,
1242125159,-0.07586187257,0.006997274317,
1242325179,-0.06933750854,0.0142351514,
1242525198,-0.06309691501,0.02069486991,
1242725218,-0.05509146255,0.02614291219,
1242925238,-0.04712572617,0.03110319537,
1243125258,-0.03859169379,0.03457500998,
1243325277,-0.02965099263,0.03795406287,
1243525297,-0.02063960224,0.03915862022,
1243725317,-0.01118807708,0.03917473644,
1243925337,-0.00178167589,0.0394091355,
1244125356,0.006922849765,0.0375966328,
1244325376,0.01522789047,0.03546054689,
1244525396,0.02363541946,0.03178744347,
1244725416,0.03189502537,0.02697875663,
1244925435,0.03919358558,0.02204692899,
1245125455,0.04536128628,0.01594427521,
1245325475,0.0507453092,0.009194991095,
1245525495,0.05528545093,0.002215562487,
1245725514,0.05970364178,-0.004797899343,
1245925534,0.06225388661,-0.01330205493,
1246125554,0.06389055333,-0.02170454182,
1246325574,0.06458160715,-0.02931110227,
1246525593,0.0641491823,-0.03727967464,
1246725613,0.06288939373,-0.04519723048,
1246925633,0.06017503054,-0.05244545083,
1247125653,0.05779647522,-0.05971060846,
1247325672,0.05361088687,-0.06509238223,
1247525692,0.04866799151,-0.07117904352,
1247725712,0.04368366002,-0.07627630942,
1247925732,0.03790983816,-0.08001956709,
1248125751,0.03178411925,-0.08374837272,
1248325771,0.02556623579,-0.08566454392,
1248525791,0.01799753576,-0.08695768544,
1248725811,0.01156359282,-0.0870097463,
1248925830,0.00465062475,-0.08609721085,
1249125850,-0.001585285761,-0.08429185199,
1249325870,-0.007250322935,-0.08167006966,
1249525890,-0.01300939981,-0.07883054063,
1249725909,-0.01838376928,-0.07483704658,
1249925929,-0.0221320507,-0.06982959311,
1250125949,-0.02599410397,-0.06468210017,
1250325969,-0.0289892797,-0.05859516864,
1250525988,-0.03047598937,-0.052372571,
1250726008,-0.03200129745,-0.04620397449,
1250926028,-0.03219899193,-0.03964488634,
1251126048,-0.03086293368,-0.03304955398,
1251326067,-0.0293319543,-0.02650139376,
1251526087,-0.02676190127,-0.02032781355,
1251726107,-0.02333180105,-0.01392554037,
1251926127,-0.01905467845,-0.008552069734,
1252126146,-0.01344886665,-0.003772758091,
1252326166,-0.007572902893,0.0007466153739,
1252526186,-0.001153272437,0.004149811947,
1252726206,0.005426082582,0.007287292485,
1252926225,0.01314782009,0.008477160858,
1253126245,0.02094599755,0.009851312923,
1253326265,0.02896430046,0.009185244134,
1253526285,0.03683145021,0.008593367445,
1253726305,0.04468326952,0.00638251105,
1253926324,0.05221218001,0.00336773415,
1254126344,0.05931316377,-0.0005889166774,
1254326364,0.06609143102,-0.00527469463,
1254526384,0.072731775,-0.01174255827,
1254726403,0.07799915601,-0.0174624569,
1254926423,0.08289644087,-0.02521116968,
1255126443,0.08775504149,-0.03318136566,
1255326463,0.09039171034,-0.04081421102,
1255526482,0.09277542228,-0.04968119504,
1255726502,0.09410365415,-0.05868005443,
1255926522,0.09419364824,-0.06791850297,
1256126542,0.09268741945,-0.07604104235,
1256326561,0.09082942672,-0.08534876861,
1256526581,0.08822100739,-0.09408578017,
1256726601,0.08488313536,-0.1020906238,
1256926621,0.08065300847,-0.1095694306,
1257126640,0.07490478468,-0.1171625225,
1257326660,0.06859207331,-0.1240734977,
1257526680,0.0608287918,-0.1292617606,
1257726700,0.05346468469,-0.1353676549,
1257926719,0.04537955145,-0.1384459707,
1258126739,0.0379354644,-0.1412877971,
1258326759,0.02821546284,-0.1443104528,
1258526779,0.02005429823,-0.1449193847,
1258726798,0.01015570347,-0.1451535754,
1258926818,0.001523552653,-0.1447374929,
1259126838,-0.006939842768,-0.1429295662,
1259326858,-0.01548134565,-0.1408048013,
1259526877,-0.02240001405,-0.1365496455,
1259726897,-0.0305651201,-0.1318308167,
1259926917,-0.03722699561,-0.127218511,
1260126937,-0.04266343361,-0.1211230722,
1260326956,-0.04794207999,-0.1141377844,
1260526976,-0.05227568535,-0.10678342,
1260726996,-0.05571721096,-0.09932534253,
1260927016,-0.05830340077,-0.09098135602,
1261127035,-0.05999255267,-0.08360219236,
1261327055,-0.06031956698,-0.07485223017,
1261527075,-0.06012747995,-0.06796540073,
1261727095,-0.0577511138,-0.05951577947,
1261927114,-0.05574574153,-0.0523743977,
1262127134,-0.05159683582,-0.0453903396,
1262327154,-0.04825563776,-0.03923766083,
1262527174,-0.04338300928,-0.03270175113,
1262727193,-0.03763813633,-0.02785480749,
1262927213,-0.03144274754,-0.02359874085,
1263127233,-0.02468313597,-0.02059754541,
1263327253,-0.01804778537,-0.01785258182,
1263527272,-0.01096589699,-0.01657386907,
1263727292,-0.003275335552,-0.0162191788,
1263927312,0.00340616532,-0.01672584236,
1264127332,0.01042432926,-0.01757649425,
1264327351,0.0171634385,-0.0208234152,
1264527371,0.02307867283,-0.02368042627,
1264727391,0.02896730289,-0.02793731648,
1264927411,0.03435936599,-0.03258763977,
1265127430,0.03827979599,-0.03776887717,
1265327450,0.04210088668,-0.04399783627,
1265527470,0.04526142248,-0.05022998876,
1265727490,0.04640863894,-0.05659811795,
1265927509,0.04719941183,-0.0638146196,
1266127529,0.04657307556,-0.06999131859,
1266327549,0.04550731125,-0.07733433185,
1266527569,0.0442830539,-0.08330884226,
1266727588,0.04113922319,-0.08967732304,
1266927608,0.03841931108,-0.09609539252,
1267127628,0.0339151553,-0.1019457148,
1267327648,0.02917132337,-0.1055655685,
1267527667,0.02299632265,-0.1105280662,
1267727687,0.01799788436,-0.1131114206,
1267927707,0.01170118753,-0.1162516955,
1268127727,0.005454508613,-0.1176783153,
1268327746,-0.002144308978,-0.119379281,
1268527766,-0.009132080806,-0.1188445911,
1268727786,-0.01573770015,-0.1184009079,
1268927806,-0.02243632319,-0.1158845495,
1269127825,-0.02886623149,-0.1129794825,
1269327845,-0.03592617154,-0.110434731,
1269527865,-0.04161371103,-0.1066423789,
1269727885,-0.04592858071,-0.1012224342,
1269927904,-0.0514284499,-0.09567261828,
1270127924,-0.05623181682,-0.09050761666,
1270327944,-0.05903826874,-0.08336613215,
1270527964,-0.0611313616,-0.07665314951,
1270727983,-0.06177990584,-0.06976999477,
1270928003,-0.06364913716,-0.06203448937,
1271128023,-0.06286484966,-0.05426021819,
1271328043,-0.06156504114,-0.04740894009,
1271528062,-0.05988894001,-0.04038024199,
1271728082,-0.05595080365,-0.03314469069,
1271928102,-0.05332295781,-0.02679584094,
1272128122,-0.04812051503,-0.02147046135,
1272328141,-0.04282759784,-0.01609940198,
1272528161,-0.03735422061,-0.01138759968,
1272728181,-0.03095780628,-0.007256333432,
1272928201,-0.02394125838,-0.004445352866,
1273128220,-0.01684990593,-0.002027246893,
1273328240,-0.009434590481,-0.001298696992,
1273528260,-0.002058007584,-0.0003940104327,
1273728280,0.005254478115,-0.001386150515,
1273928299,0.01210057624,-0.002819021952,
1274128319,0.01936548413,-0.004898986429,
1274328339,0.02596895765,-0.008429481114,
1274528359,0.03210463372,-0.01213610942,
1274728378,0.03736702985,-0.0170035447,
1274928398,0.04231654969,-0.02310387355,
1275128418,0.04650802536,-0.02890184927,
1275328438,0.04991012355,-0.03513660601,
1275528457,0.0517111688,-0.04173661347,
1275728477,0.05338671196,-0.04864218323,
1275928497,0.05368034963,-0.05564651323,
1276128517,0.05335980617,-0.06268865399,
1276328536,0.0517094966,-0.06931172046,
1276528556,0.0494970618,-0.07607480195,
1276728576,0.04750802245,-0.08162431533,
1276928596,0.04375649725,-0.08729207687,
1277128615,0.0388922375,-0.09261603265,
1277328635,0.0344410221,-0.09780114843,
1277528655,0.02857448891,-0.1011354764,
1277728675,0.02271200661,-0.1039649553,
1277928694,0.01622844368,-0.106467654,
1278128714,0.01001303841,-0.1078317905,
1278328734,0.003941279626,-0.1078198339,
1278528754,-0.002757004506,-0.1075589025,
1278728773,-0.00910089826,-0.1066568735,
1278928793,-0.01547321224,-0.1052343864,
1279128813,-0.02138572581,-0.1019833262,
1279328833,-0.02707232417,-0.09930088738,
1279528852,-0.0319930724,-0.09390246899,
1279728872,-0.03596374603,-0.08955046644,
1279928892,-0.03948511085,-0.08362421367,
1280128912,-0.04334448785,-0.07766432008,
1280328932,-0.04563369415,-0.07158494383,
1280528951,-0.04648216779,-0.06497031703,
1280728971,-0.0469322118,-0.058449378,
1280928991,-0.04654368016,-0.05110881082,
1281129011,-0.04492930712,-0.04427223554,
1281329030,-0.04268391105,-0.03828678706,
1281529050,-0.0399062236,-0.03151282675,
1281729070,-0.03555476373,-0.02579566057,
1281929090,-0.03143651192,-0.02015898703,
1282129109,-0.02585997307,-0.01547537452,
1282329129,-0.02007409138,-0.011168379,
1282529149,-0.01328627995,-0.007754636945,
1282729169,-0.006768635933,-0.00514957287,
1282929188,0.000757255886,-0.003629201874,
1283129208,0.008264024514,-0.002939725692,
1283329228,0.01594607746,-0.003281712663,
1283529248,0.02357586615,-0.004448703252,
1283729267,0.03126342023,-0.006406351318,
1283929287,0.03819928698,-0.009290262679,
1284129307,0.04505629016,-0.01365259203,
1284329327,0.05098241628,-0.01813381851,
1284529346,0.05719656136,-0.02296214094,
1284729366,0.06187843562,-0.02942227109,
1284929386,0.06614792328,-0.03593857312,
1285129406,0.07011727275,-0.04419743306,
1285329425,0.07245438984,-0.0509753958,
1285529445,0.07329818332,-0.05871875314,
1285729465,0.07420685596,-0.066676038,
1285929485,0.07458383445,-0.07442958001,
1286129504,0.07230347272,-0.08220045467,
1286329524,0.071685692,-0.08991112952,
1286529544,0.06840460554,-0.09759988778,
1286729564,0.06446333977,-0.1046811288,
1286929583,0.06021536725,-0.1105019585,
1287129603,0.05534299045,-0.1161334177,
1287329623,0.04932060671,-0.1214692893,
1287529643,0.04358668632,-0.1267530942,
1287729662,0.03600729394,-0.1301559913,
1287929682,0.02949756959,-0.1329847649,
1288129702,0.02200731307,-0.135233103,
1288329722,0.01509457104,-0.1357716646,
1288529741,0.007767041345,-0.1361032793,
1288729761,-0.001129456299,-0.1356315057,
1288929781,-0.00788744316,-0.133805864,
1289129801,-0.01356027267,-0.1316967007,
1289329820,-0.02105446683,-0.1282124378,
1289529840,-0.02630167534,-0.1237530678,
1289729860,-0.03197418533,-0.1204683234,
1289929880,-0.03717217643,-0.1153270782,
1290129899,-0.04144694441,-0.1084381267,
1290329919,-0.04368398028,-0.1030014316,
1290529939,-0.04655942867,-0.09661917428,
1290729959,-0.04850235802,-0.09051467714,
1290929978,-0.04859972887,-0.08457949073,
1291129998,-0.0494840003,-0.07693641894,
1291330018,-0.04851762455,-0.07108604423,
1291530038,-0.04677338804,-0.064444779,
1291730057,-0.04393928495,-0.05929047004,
1291930077,-0.04109129228,-0.05340829962,
1292130097,-0.03650269353,-0.04868618157,
1292330117,-0.03208891101,-0.0444309025,
1292530136,-0.02700383327,-0.04058413685,
1292730156,-0.02155756361,-0.03801479171,
1292930176,-0.01565570793,-0.03595217179,
1293130196,-0.00948914102,-0.03508111873,
1293330215,-0.004093488132,-0.03539310159,
1293530235,0.002056914484,-0.03631207746,
1293730255,0.007737032885,-0.03760096356,
1293930275,0.01316174716,-0.039701578,
1294130294,0.01872915592,-0.04286839492,
1294330314,0.02327491324,-0.04675883727,
1294530334,0.02693077219,-0.05189632531,
1294730354,0.02973552855,-0.05674319164,
1294930373,0.03280437701,-0.06248127323,
1295130393,0.03449359645,-0.06862040619,
1295330413,0.03507831772,-0.07418529627,
1295530433,0.03504559466,-0.08066523672,
1295730452,0.03449150507,-0.0869426546,
1295930472,0.03266271512,-0.09322561988,
1296130492,0.03148000356,-0.0989007375,
1296330512,0.02710186025,-0.1043114815,
1296530531,0.02360085873,-0.1093934154,
1296730551,0.01923565601,-0.1134087552,
1296930571,0.0143602246,-0.1190174706,
1297130591,0.008592241151,-0.1216504522,
1297330610,0.002249483742,-0.1251218617,
1297530630,-0.004137174115,-0.1265963524,
1297730650,-0.01061282656,-0.127602288,
1297930670,-0.01757970167,-0.1281216185,
1298130689,-0.02432694132,-0.1273295405,
1298330709,-0.03159985908,-0.1264172612,
1298530729,-0.03875360887,-0.1228782819,
1298730749,-0.04534873668,-0.1212105498,
1298930768,-0.0522511269,-0.1165048819,
1299130788,-0.05696305019,-0.1113104265,
1299330808,-0.06300050126,-0.1063904938,
1299530828,-0.0671416147,-0.1004474159,
1299730847,-0.07097181363,-0.09318802667,
1299930867,-0.07474815947,-0.08612313979,
1300130887,-0.07654611155,-0.07948642603,
1300330907,-0.07794818915,-0.07120035581,
1300530926,-0.07792023287,-0.06411979746,
1300730946,-0.07820260613,-0.05591888365,
1300930966,-0.07647335851,-0.0481063689,
1301130986,-0.07310314362,-0.04017593375,
1301331005,-0.07067496227,-0.03260765203,
1301531025,-0.06601079637,-0.02616412578,
1301731045,-0.06117260669,-0.01963056256,
1301931065,-0.05570851008,-0.01406546156,
1302131084,-0.04939377489,-0.009322631942,
1302331104,-0.0420060321,-0.004573530537,
1302531124,-0.0355538755,-0.001478732841,
1302731144,-0.02742510446,0.001269828062,
1302931163,-0.01919662455,0.002554052028,
1303131183,-0.01140384825,0.002674480972,
1303331203,-0.003768167503,0.002426093771,
1303531223,0.004638834136,0.001242991304,
1303731242,0.01188114921,-0.001269739561,
1303931262,0.01937416719,-0.004315110541,
1304131282,0.02610869153,-0.008206092364,
1304331302,0.03253552029,-0.0135633905,
1304531321,0.03784232611,-0.01925052828,
1304731341,0.04270317047,-0.02571312407,
1304931361,0.0466012313,-0.03296079751,
1305131381,0.04908594583,-0.03940460673,
1305331400,0.05147429538,-0.04706705402,
1305531420,0.05245742966,-0.05477099132,
1305731440,0.05204094908,-0.06225694149,
1305931460,0.05153856171,-0.06985666683,
1306131479,0.04927102956,-0.07695114039,
1306331499,0.0469317275,-0.08394155846,
1306531519,0.0432725362,-0.09070953941,
1306731539,0.03898389971,-0.09705433247,
1306931559,0.03376484296,-0.1024217159,
1307131578,0.02772770739,-0.1067577845,
1307331598,0.02215818484,-0.1103892828,
1307531618,0.01595731164,-0.1130453197,
1307731638,0.00859294897,-0.1149658786,
1307931657,0.001742536898,-0.117113209,
1308131677,-0.005442378911,-0.116312121,
1308331697,-0.01289971462,-0.1161513327,
1308531717,-0.02002054726,-0.1146965286,
1308731736,-0.02693443409,-0.1118014184,
1308931756,-0.03296091873,-0.1086407499,
1309131776,-0.03885537608,-0.1049244019,
1309331796,-0.04434734176,-0.1003845068,
1309531815,-0.04931354224,-0.09478551743,
1309731835,-0.05307994276,-0.08839762268,
1309931855,-0.05615241754,-0.08205650467,
1310131875,-0.0585001505,-0.07451372583,
1310331894,-0.05938880258,-0.06781926783,
1310531914,-0.06058785834,-0.06099263539,
1310731934,-0.05977033542,-0.05347715928,
1310931954,-0.0584276103,-0.04523603433,
1311131973,-0.056066265,-0.03829119583,
1311331993,-0.0530854174,-0.03105032044,
1311532013,-0.04852502513,-0.02519643354,
1311732033,-0.0440710838,-0.018746136,
1311932052,-0.03788512435,-0.01371791298,
1312132072,-0.03212464052,-0.009551432612,
1312332092,-0.02418874199,-0.006096799451,
1312532112,-0.01704963806,-0.003100272851,
1312732131,-0.009545962051,-0.001330792503,
1312932151,-0.001628305216,-0.0002161937649,
1313132171,0.006788751077,-0.0001660146499,
1313332191,0.0146571856,-0.001683478448,
1313532210,0.02264825561,-0.004067848617,
1313732230,0.03012936392,-0.006627237757,
1313932250,0.03671367648,-0.01096324486,
1314132270,0.04338164552,-0.015917033,
1314332289,0.04951580406,-0.02167939255,
1314532309,0.05502739552,-0.02844829572,
1314732329,0.05894086676,-0.0354072647,
1314932349,0.06222424869,-0.04259371462,
1315132368,0.06471402932,-0.05047525676,
1315332388,0.06587724694,-0.05833718704,
1315532408,0.06711035144,-0.06687997551,
1315732428,0.06610073607,-0.07574227501,
1315932447,0.0644850862,-0.08262310552,
1316132467,0.06292721446,-0.09168585429,
1316332487,0.05967998055,-0.09837694341,
1316532507,0.05436266506,-0.1053690752,
1316732526,0.04980045835,-0.1120910975,
1316932546,0.04416926999,-0.1178748767,
1317132566,0.03785064556,-0.1228509629,
1317332586,0.03124076347,-0.127087409,
1317532605,0.02383496408,-0.130164056,
1317732625,0.01580603943,-0.1332591862,
1317932645,0.007860445306,-0.134216938,
1318132665,0.0005560667753,-0.1345798656,
1318332684,-0.0083520882,-0.1351052357,
1318532704,-0.01572874916,-0.1332327095,
1318732724,-0.02345933331,-0.1313636159,
1318932744,-0.03082706172,-0.1279239203,
1319132763,-0.03819030784,-0.1237522597,
1319332783,-0.0444119506,-0.1185811259,
1319532803,-0.0492036583,-0.1128135645,
1319732823,-0.05440349994,-0.1068710965,
1319932842,-0.05768233223,-0.1011277409,
1320132862,-0.06150568777,-0.09388438905,
1320332882,-0.0630006525,-0.0858602834,
1320532902,-0.06454820019,-0.07803655174,
1320732921,-0.06465673055,-0.07039129208,
1320932941,-0.06399186649,-0.06227868679,
1321132961,-0.06211008264,-0.0552408992,
1321332981,-0.06039562945,-0.04803231055,
1321533000,-0.05588074242,-0.04104027131,
1321733020,-0.05161254804,-0.03478919283,
1321933040,-0.04612591356,-0.02901313223,
1322133060,-0.04042968139,-0.02428217968,
1322333079,-0.03413337465,-0.0202714033,
1322533099,-0.02714441488,-0.01702583467,
1322733119,-0.01986138384,-0.01499342262,
1322933139,-0.01199642632,-0.01337932707,
1323133158,-0.004277181722,-0.01309941587,
1323333178,0.002950661791,-0.01394336479,
1323533198,0.01040191392,-0.01509565598,
1323733218,0.01740630644,-0.01830585604,
1323933237,0.02407660542,-0.02178302269,
1324133257,0.03059177582,-0.02670738096,
1324333277,0.03648519338,-0.03186162815,
1324533297,0.04105614613,-0.0380397518,
1324733316,0.04522978182,-0.0448108175,
1324933336,0.04781294983,-0.05171799809,
1325133356,0.05052565479,-0.05901888007,
1325333376,0.05108978449,-0.06682567736,
1325533395,0.05177168638,-0.07502874403,
1325733415,0.05064296479,-0.08281231992,
1325933435,0.04856494471,-0.08999447661,
1326133455,0.04596446214,-0.09731138791,
1326333474,0.04279924629,-0.1041024624,
1326533494,0.03833669197,-0.1106776706,
1326733514,0.03284051988,-0.1171107769,
1326933534,0.02700898106,-0.1212166333,
1327133553,0.02058638865,-0.1258177049,
1327333573,0.01297025126,-0.1300633147,
1327533593,0.005652177015,-0.1322070947,
1327733613,-0.001844571638,-0.1351367399,
1327933632,-0.01026503848,-0.1357259491,
1328133652,-0.01838289424,-0.1353997225,
1328333672,-0.02601967151,-0.1348435382,
1328533692,-0.03384026238,-0.1320553298,
1328733711,-0.04191281487,-0.1302518532,
1328933731,-0.04887665344,-0.1262465578,
1329133751,-0.05526597434,-0.1219503533,
1329333771,-0.06139486316,-0.1166056852,
1329533790,-0.06771190871,-0.1094276033,
1329733810,-0.07165678507,-0.1028887894,
1329933830,-0.07652538252,-0.09533642238,
1330133850,-0.07916082735,-0.08805130308,
1330333869,-0.08115370785,-0.08022025991,
1330533889,-0.08309867016,-0.07169523044,
1330733909,-0.08299494147,-0.06392890073,
1330933929,-0.0814705509,-0.05486688861,
1331133948,-0.07974210866,-0.04738851414,
1331333968,-0.07671465534,-0.03919324622,
1331533988,-0.07286772968,-0.03210153462,
1331734008,-0.06882412816,-0.02529857383,
1331934027,-0.06334333335,-0.01875534086,
1332134047,-0.0572358341,-0.0130399905,
1332334067,-0.05116094811,-0.008961244972,
1332534087,-0.0440660826,-0.004870335251,
1332734106,-0.03662920913,-0.001393264811,
1332934126,-0.02867450817,0.0002118160535,
1333134146,-0.02080971428,0.001089878239,
1333334166,-0.01313742759,0.001275277176,
1333534186,-0.005226520465,0.0004868870177,
1333734206,0.002294805111,-0.0009604570315,
1333934225,0.009552845965,-0.004174429953,
1334134245,0.01634476417,-0.008109594332,
1334334265,0.02226526573,-0.01211578448,
1334534285,0.02805100872,-0.01762669081,
1334734304,0.03246985048,-0.02382186203,
1334934324,0.03656084283,-0.0297878437,
1335134344,0.03884994364,-0.03655331289,
1335334364,0.04094610956,-0.04344839994,
1335534383,0.04125660007,-0.05057631228,
1335734403,0.04174917427,-0.05798662905,
1335934423,0.04102211546,-0.06437758633,
1336134443,0.03867750402,-0.0713729062,
1336334462,0.03524915873,-0.0780281288,
1336534482,0.03204448345,-0.08377874742,
1336734502,0.02795858274,-0.08877015125,
1336934522,0.02308860375,-0.09299605561,
1337134541,0.01782277836,-0.09826579506,
1337334561,0.01122628923,-0.1002933137,
1337534581,0.005238731383,-0.1023558724,
1337734601,-0.0006781929913,-0.1044782914,
1337934620,-0.007302780862,-0.1053522663,
1338134640,-0.01416923743,-0.1042546849,
1338334660,-0.02078205536,-0.1041031955,
1338534680,-0.02703939727,-0.1018677764,
1338734699,-0.03325096386,-0.09788253942,
1338934719,-0.03935422762,-0.09474190253,
1339134739,-0.04428290868,-0.09014111108,
1339334759,-0.04941311977,-0.08514605078,
1339534778,-0.0529224745,-0.07877989904,
1339734798,-0.05628467473,-0.07247496381,
1339934818,-0.05770673733,-0.06600793722,
1340134838,-0.05919164857,-0.0588016222,
1340334857,-0.0592591192,-0.05190067311,
1340534877,-0.05931195001,-0.04476482672,
1340734897,-0.05798534303,-0.0367245107,
1340934917,-0.05588999437,-0.03021508397,
1341134936,-0.05270089805,-0.0236369012,
1341334956,-0.04869914921,-0.01687785483,
1341534976,-0.04325805811,-0.01109456962,
1341734996,-0.03742447858,-0.005888812033,
1341935015,-0.03137332358,-0.001584981843,
1342135035,-0.02468136347,0.002579151347,
1342335055,-0.017097329,0.0053289525,
1342535075,-0.009375537887,0.007181324614,
1342735094,-0.001427034262,0.008185643886,
1342935114,0.006416367905,0.008274434509,
1343135134,0.01487509051,0.007081270112,
1343335154,0.02279767238,0.005231293386,
1343535173,0.03003379508,0.002306474705,
1343735193,0.03742418006,-0.001845680803,
1343935213,0.04395771918,-0.006474925701,
1344135233,0.0504104177,-0.01237316184,
1344335252,0.05558583456,-0.01877784027,
1344535272,0.05991886049,-0.02519087017,
1344735292,0.06386820362,-0.03271601875,
1344935312,0.06649825787,-0.04020354797,
1345135331,0.06840344944,-0.04851300428,
1345335351,0.06922838457,-0.05694746272,
1345535371,0.06903448619,-0.06548272324,
1345735391,0.06785451531,-0.07264437624,
1345935410,0.06517098789,-0.0808288769,
1346135430,0.06177542929,-0.08774373305,
1346335450,0.05789820644,-0.09485066434,
1346535470,0.05248147248,-0.1017852113,
1346735489,0.0472333836,-0.1068715278,
1346935509,0.04131908137,-0.1116682588,
1347135529,0.03486523874,-0.1167809969,
1347335549,0.02804665536,-0.119580515,
1347535568,0.01991050381,-0.1224705923,
1347735588,0.01269456754,-0.123498276,
1347935608,0.004999348155,-0.1239055887,
1348135628,-0.00391332244,-0.1235438903,
1348335647,-0.009817798463,-0.1216994919,
1348535667,-0.01817725595,-0.1194029659,
1348735687,-0.02540794639,-0.116016359,
1348935707,-0.03164910258,-0.1126209923,
1349135726,-0.03786743585,-0.1068257969,
1349335746,-0.04277400532,-0.1017678829,
1349535766,-0.04756732519,-0.09509314694,
1349735786,-0.05173960418,-0.08790561152,
1349935805,-0.05483224751,-0.08075550601,
1350135825,-0.05580258524,-0.07280843516,
1350335845,-0.05755519515,-0.06463788755,
1350535865,-0.05645727719,-0.05721622444,
1350735884,-0.05585397977,-0.04929993696,
1350935904,-0.05412712671,-0.04135867713,
1351135924,-0.05103648397,-0.03415041984,
1351335944,-0.04600984366,-0.02756389743,
1351535963,-0.04163210537,-0.02149160639,
1351735983,-0.03552246168,-0.01525741667,
1351936003,-0.02950265288,-0.01071212938,
1352136023,-0.02279446045,-0.005983266063,
1352336042,-0.01474896353,-0.003004263304,
1352536062,-0.006936000108,-0.0006640678878,
1352736082,0.00154644437,0.0008505087329,
1352936102,0.01006692787,0.0008800348607,
1353136121,0.01786420922,0.0003987429337,
1353336141,0.02602404477,-0.001988354663,
1353536161,0.03427298266,-0.004972131318,
1353736181,0.04168058638,-0.008447881493,
1353936200,0.04915804441,-0.01325967416,
1354136220,0.05515561517,-0.01909399983,
1354336240,0.06056100043,-0.02515723479,
1354536260,0.06525612837,-0.03245903899,
1354736279,0.06930174711,-0.03977639992,
1354936299,0.07235032423,-0.04765207449,
1355136319,0.07396571409,-0.05609794061,
1355336339,0.07497520128,-0.06539796507,
1355536358,0.07452604313,-0.07348358696,
1355736378,0.07368739324,-0.08136242605,
1355936398,0.07164434946,-0.0891438217,
1356136418,0.068233132,-0.0979858474,
1356336437,0.06413341872,-0.1046034729,
1356536457,0.05990180454,-0.1108794182,
1356736477,0.05371131912,-0.1174107143,
1356936497,0.04786265085,-0.123033608,
1357136516,0.04187797053,-0.1275876851,
1357336536,0.03448753619,-0.1315092835,
1357536556,0.02672948565,-0.1342270642,
1357736576,0.01837742311,-0.1359604751,
1357936595,0.01005295661,-0.1371120937,
1358136615,0.001305020086,-0.1371171406,
1358336635,-0.005575350565,-0.136641044,
1358536655,-0.01289523485,-0.1344501694,
1358736675,-0.02123829731,-0.1313181984,
1358936694,-0.0277162583,-0.1269469831,
1359136714,-0.03494904605,-0.1222376714,
1359336734,-0.04020023137,-0.1172943801,
1359536754,-0.04573830292,-0.1105229197,
1359736773,-0.04918596224,-0.1038314785,
1359936793,-0.05246226811,-0.09765954414,
1360136813,-0.05598914193,-0.09017598383,
1360336833,-0.05720261935,-0.08204600261,
1360536852,-0.05715890626,-0.0745760224,
1360736872,-0.05636838208,-0.0665264134,
1360936892,-0.0553075178,-0.05875527434,
1361136912,-0.05289357418,-0.0517216833,
1361336931,-0.04877461015,-0.04446583835,
1361536951,-0.04523145158,-0.03750574764,
1361736971,-0.03956437204,-0.0324395146,
1361936991,-0.03348620378,-0.02695270789,
1362137010,-0.02690186244,-0.02278120288,
1362337030,-0.01996974955,-0.01964042598,
1362537050,-0.012659447,-0.01687166154,
1362737070,-0.004370067509,-0.0154764704,
1362937089,0.003011572813,-0.01539368293,
1363137109,0.01126418272,-0.01564333623,
1363337129,0.01887087908,-0.01771459241,
1363537149,0.02682443985,-0.02071320105,
1363737168,0.03358043899,-0.0240251697,
1363937188,0.04009561227,-0.02889938446,
1364137208,0.04577389786,-0.03432467361,
1364337228,0.05082053755,-0.04015737197,
1364537247,0.05529953412,-0.04772846741,
1364737267,0.05797543203,-0.05513853354,
1364937287,0.06042787625,-0.0623673902,
1365137307,0.06170394994,-0.07037613469,
1365337326,0.06298630895,-0.07908159971,
1365537346,0.06127786366,-0.08672519181,
1365737366,0.06019455369,-0.09489627764,
1365937386,0.05673444786,-0.1020543484,
1366137405,0.0539660777,-0.1101339619,
1366337425,0.04943662276,-0.1167857795,
1366537445,0.04449232628,-0.1237557649,
1366737465,0.03884952449,-0.1286317792,
1366937484,0.0319306635,-0.1337326647,
1367137504,0.02411331058,-0.1378729117,
1367337524,0.01622544079,-0.141032128,
1367537544,0.009183188678,-0.1434735948,
1367737563,-0.0002956994734,-0.1442828718,
1367937583,-0.008392162291,-0.1459936944,
1368137603,-0.01686347491,-0.1450470613,
1368337623,-0.02530878626,-0.1428023121,
1368537642,-0.03421912143,-0.1406382195,
1368737662,-0.04112808131,-0.136469407,
1368937682,-0.04936358301,-0.1322227456,
1369137702,-0.05623807978,-0.1269751094,
1369337721,-0.0621292823,-0.1201296245,
1369537741,-0.06775408856,-0.1134761903,
1369737761,-0.07205917038,-0.1062242763,
1369937781,-0.07528417387,-0.09835651942,
1370137800,-0.07841715852,-0.08935933694,
1370337820,-0.07991140177,-0.08117314527,
1370537840,-0.08020299907,-0.07208135325,
1370737860,-0.07994713145,-0.0635169212,
1370937879,-0.0782928341,-0.05531188149,
1371137899,-0.07626035611,-0.04709961234,
1371337919,-0.07285249291,-0.03906262634,
1371537939,-0.06841294869,-0.03135513071,
1371737958,-0.06297530323,-0.02404150859,
1371937978,-0.05701203142,-0.01773009346,
1372137998,-0.05070876677,-0.01237317388,
1372338018,-0.04286411741,-0.007903372353,
1372538037,-0.03533559887,-0.004288720237,
1372738057,-0.02719620464,-0.00138827146,
1372938077,-0.01850628017,1.443727161e-05,
1373138097,-0.01057353663,0.0007908604075,
1373338116,-0.00181617276,0.000603516968,
1373538136,0.006396688764,-0.0009595968646,
1373738156,0.01404549511,-0.003306822256,
1373938176,0.02177579993,-0.006622203133,
1374138195,0.02915824657,-0.01089982408,
1374338215,0.03520439981,-0.01630113456,
1374538235,0.04045893702,-0.02142350737,
1374738255,0.04593926099,-0.02812409198,
1374938274,0.04936132412,-0.03541427847,
1375138294,0.05220857042,-0.04286948396,
1375338314,0.05417564154,-0.05091281181,
1375538334,0.05468059966,-0.05870489099,
1375738353,0.05427283234,-0.06560362858,
1375938373,0.05316868029,-0.0733094668,
1376138393,0.05056229945,-0.08064262164,
1376338413,0.04782122295,-0.08676194472,
1376538432,0.0438752751,-0.09302416533,
1376738452,0.03866152238,-0.09942263658,
1376938472,0.03433318877,-0.1043156322,
1377138492,0.02819974452,-0.1082471085,
1377338511,0.02201974612,-0.1119617526,
1377538531,0.01520324543,-0.1147048423,
1377738551,0.008087680811,-0.1158051743,
1377938571,0.000960471769,-0.1169089997,
1378138590,-0.005808423527,-0.116628455,
1378338610,-0.01226687694,-0.1158383093,
1378538630,-0.01902959604,-0.1139397314,
1378738650,-0.02558397676,-0.1108054396,
1378938669,-0.03162862366,-0.1068872454,
1379138689,-0.03796071675,-0.1023354411,
1379338709,-0.04206849985,-0.09701179019,
1379538729,-0.0467162566,-0.09168728902,
1379738748,-0.04912512305,-0.08486770085,
1379938768,-0.05266371692,-0.07812802262,
1380138788,-0.05414249847,-0.07029018801,
1380338808,-0.05444771672,-0.06259680771,
1380538827,-0.05499974776,-0.05532739313,
1380738847,-0.05339229447,-0.04797578031,
1380938867,-0.05117140494,-0.04027087269,
1381138887,-0.0483363307,-0.03328505731,
1381338906,-0.04357583824,-0.02698626567,
1381538926,-0.03848144764,-0.02109382963,
1381738946,-0.03364477171,-0.01508324817,
1381938966,-0.02674746495,-0.01077205992,
1382138985,-0.01949362757,-0.006555337323,
1382339005,-0.01228434358,-0.003512003719,
1382539025,-0.003878775822,-0.001642610841,
1382739045,0.003523511066,-0.000209967852,
1382939064,0.01247217113,-0.0004233711813,
1383139084,0.02004785231,-0.0007631392418,
1383339104,0.02815805635,-0.003116796313,
1383539124,0.03628123393,-0.006192102218,
1383739144,0.04375347508,-0.00997059823,
1383939163,0.05029849106,-0.01491155752,
1384139183,0.05688868745,-0.01975994845,
1384339203,0.06229779214,-0.02716872081,
1384539223,0.06686658387,-0.03364917795,
1384739242,0.07085871657,-0.04180489095,
1384939262,0.07387180138,-0.04859605147,
1385139282,0.0751205452,-0.05683987431,
1385339302,0.07662456304,-0.06562698373,
1385539321,0.07662579822,-0.07395368818,
1385739341,0.07436931106,-0.08270493665,
1385939361,0.07334998982,-0.08957737588,
1386139381,0.07017403778,-0.0978598079,
1386339400,0.06669439801,-0.10464415,
1386539420,0.06249076467,-0.1115893221,
1386739440,0.05690463939,-0.1171011728,
1386939460,0.05127560528,-0.1231063478,
1387139479,0.04453364048,-0.1270960903,
1387339499,0.037370975,-0.1314532789,
1387539519,0.02939964637,-0.1344030547,
1387739539,0.0218401591,-0.1353739931,
1387939558,0.01408577258,-0.1362506269,
1388139578,0.007065484038,-0.1374317616,
1388339598,-0.0008824541111,-0.1366276039,
1388539618,-0.008105622331,-0.133892976,
1388739637,-0.01510406917,-0.1314106688,
1388939657,-0.02225233033,-0.1266742433,
1389139677,-0.02866438155,-0.1233103322,
1389339697,-0.03424713553,-0.1175613303,
1389539716,-0.03813177321,-0.1126835528,
1389739736,-0.04303731561,-0.1060635029,
1389939756,-0.04616821922,-0.09842293276,
1390139776,-0.04809759383,-0.09217820015,
1390339795,-0.04943673711,-0.08504781175,
1390539815,-0.05074769158,-0.07756242273,
1390739835,-0.05009438646,-0.06983824911,
1390939855,-0.04774156052,-0.0634784453,
1391139874,-0.04573899183,-0.05579484181,
1391339894,-0.04257857714,-0.04921037854,
1391539914,-0.03824585765,-0.04322337683,
1391739934,-0.0334953967,-0.037439581,
1391939953,-0.02735270479,-0.03226195505,
1392139973,-0.02126783146,-0.02856968312,
1392339993,-0.01506625287,-0.02531131115,
1392540013,-0.007313800174,-0.02284995144,
1392740032,-0.0003266734399,-0.02141853758,
1392940052,0.007084963326,-0.02104710092,
1393140072,0.01515197956,-0.02129515131,
1393340092,0.02247619422,-0.02293200963,
1393540111,0.02906006556,-0.0254701791,
1393740131,0.0366448337,-0.02929392624,
1393940151,0.04255399727,-0.03391652005,
1394140171,0.04835015292,-0.03884804084,
1394340190,0.05273747524,-0.04490377324,
1394540210,0.0572251693,-0.05146354693,
1394740230,0.06044456046,-0.05801598745,
1394940250,0.0627857544,-0.06522850784,
1395140269,0.06394258827,-0.07268965833,
1395340289,0.06529832111,-0.08043479629,
1395540309,0.06416353412,-0.08786217453,
1395740329,0.06312412618,-0.09567986267,
1395940348,0.06031739877,-0.1022722836,
1396140368,0.05812386486,-0.1097614898,
1396340388,0.05487113113,-0.1156003185,
1396540408,0.05048088649,-0.1216931881,
1396740427,0.04518195221,-0.1269897928,
1396940447,0.03795057113,-0.1318507225,
1397140467,0.03259498501,-0.136350824,
1397340487,0.02654300596,-0.1400185784,
1397540506,0.01869777291,-0.1413912556,
1397740526,0.0110677958,-0.1433282384,
1397940546,0.003813967717,-0.1444584801,
1398140566,-0.004424058507,-0.1434942044,
1398340585,-0.01089652242,-0.1422113567,
1398540605,-0.01844518317,-0.1400782258,
1398740625,-0.02540095584,-0.1375842921,
1398940645,-0.03174899681,-0.1338293201,
1399140664,-0.03837839901,-0.1293639944,
1399340684,-0.04301724248,-0.1243742509,
1399540704,-0.04852982883,-0.1185735667,
1399740724,-0.05186047462,-0.1122406654,
1399940743,-0.05527005036,-0.1054762382,
1400140763,-0.05733875611,-0.09836870829,
1400340783,-0.05851487606,-0.09149971527,
1400540803,-0.05861837188,-0.08382511786,
1400740822,-0.05862515274,-0.07613244103,
1400940842,-0.05689519336,-0.06893583124,
1401140862,-0.05530471545,-0.06287091605,
1401340882,-0.05162725312,-0.05620511122,
1401540901,-0.04774744054,-0.05017556205,
1401740921,-0.04350065138,-0.04500701955,
1401940941,-0.03784532909,-0.04034750913,
1402140961,-0.03215166098,-0.03586110772,
1402340980,-0.02610682864,-0.0328445313,
1402541000,-0.0192756075,-0.03044358373,
1402741020,-0.01255042857,-0.02905652901,
1402941040,-0.005635424444,-0.02814670636,
1403141059,0.001029156163,-0.02859586229,
1403341079,0.007973685057,-0.02929722455,
1403541099,0.01483378463,-0.03178366227,
1403741119,0.02058307212,-0.03545819791,
1403941138,0.02620909846,-0.03872450945,
1404141158,0.03120049801,-0.04338033814,
1404341178,0.03516583752,-0.04814079509,
1404541198,0.03874384118,-0.05594110023,
1404741217,0.04209115631,-0.0604034554,
1404941237,0.04322571877,-0.0676869517,
1405141257,0.04396542776,-0.07336266781,
1405341277,0.04392789116,-0.08084664867,
1405541296,0.04407377731,-0.08748685649,
1405741316,0.04260002501,-0.09374355881,
1405941336,0.03954254498,-0.1000748079,
1406141356,0.03620333426,-0.1054908958,
1406341375,0.03220640594,-0.1109224445,
1406541395,0.02789700389,-0.1155086209,
1406741415,0.02338586226,-0.1190306558,
1406941435,0.01739521774,-0.1227499435,
1407141454,0.01129609893,-0.1258917317,
1407341474,0.005136899439,-0.1270789707,
1407541494,-0.002191966906,-0.128533191,
1407741514,-0.008358548929,-0.1276394232,
1407941534,-0.01492275535,-0.1275646184,
1408141553,-0.02170409132,-0.1255859459,
1408341573,-0.02823189709,-0.1230086878,
1408541593,-0.03423297944,-0.118694036,
1408741613,-0.04002704363,-0.1150501915,
1408941632,-0.04454441311,-0.1102791172,
1409141652,-0.04913275066,-0.1042087796,
1409341672,-0.05269129665,-0.09787837344,
1409541692,-0.0550799021,-0.09190331811,
1409741711,-0.05833650111,-0.0849658284,
1409941731,-0.05854541992,-0.07825598266,
1410141751,-0.05886725902,-0.07012077063,
1410341771,-0.05817111682,-0.06297774107,
1410541790,-0.05616011835,-0.05509163749,
1410741810,-0.05398419934,-0.04832508746,
1410941830,-0.05022543185,-0.04129351,
1411141850,-0.0457226943,-0.0351932289,
1411341869,-0.0402666286,-0.02888992017,
1411541889,-0.03481258782,-0.024350867,
1411741909,-0.0283419256,-0.01912547662,
1411941929,-0.02070662836,-0.0155668296,
1412141948,-0.01286571452,-0.01290695517,
1412341968,-0.005015063119,-0.01134045346,
1412541988,0.003479791213,-0.01035199491,
1412742008,0.01118912369,-0.0106737086,
1412942027,0.01929177546,-0.01156730467,
1413142047,0.02710272521,-0.01366240936,
1413342067,0.03496532256,-0.01692993938,
1413542087,0.04284931696,-0.02134490525,
1413742106,0.04933896364,-0.02639189094,
1413942126,0.05625743152,-0.03278129251,
1414142146,0.06114547579,-0.03900899174,
1414342166,0.06509258833,-0.04647000548,
1414542185,0.06910286001,-0.05359950874,
1414742205,0.07175975454,-0.06296982002,
1414942225,0.07333687918,-0.06991511933,
1415142245,0.07360593443,-0.07833771873,
1415342264,0.0727607275,-0.08691657534,
1415542284,0.0718813229,-0.09498207588,
1415742304,0.07054873573,-0.1038745275,
1415942324,0.06773333766,-0.111197845,
1416142343,0.0640590461,-0.1175250983,
1416342363,0.05956536795,-0.1244332751,
1416542383,0.05422510041,-0.1313116044,
1416742403,0.04863832823,-0.1357321876,
1416942422,0.04142685097,-0.1406916692,
1417142442,0.03478971781,-0.1442053812,
1417342462,0.02771343275,-0.1474340802,
1417542482,0.01934997572,-0.1487899685,
1417742501,0.01194225557,-0.1509968494,
1417942521,0.003977409337,-0.1502149695,
1418142541,-0.004376697958,-0.1496851437,
1418342561,-0.01130885478,-0.1482616853,
1418542580,-0.01861692044,-0.1458887836,
1418742600,-0.02501977799,-0.1427710299,
1418942620,-0.03225855798,-0.1385833345,
1419142640,-0.0377198674,-0.1334238901,
1419342659,-0.04196906267,-0.1278422133,
1419542679,-0.04632045364,-0.1215315581,
1419742699,-0.04959849429,-0.1146904558,
1419942719,-0.05231842945,-0.108040307,
1420142738,-0.05349753375,-0.1010389751,
1420342758,-0.05528647289,-0.09371076102,
1420542778,-0.05425329406,-0.08752499323,
1420742798,-0.05317505578,-0.07999825792,
1420942817,-0.05112809596,-0.0727657819,
1421142837,-0.04795512285,-0.06685832442,
1421342857,-0.04377123417,-0.06089859488,
1421542877,-0.03947403803,-0.05598430236,
1421742896,-0.03416317789,-0.05102929403,
1421942916,-0.02838754136,-0.04688566779,
1422142936,-0.02269744032,-0.04376396203,
1422342956,-0.01549413294,-0.04207415658,
1422542975,-0.00934195433,-0.04047314264,
1422742995,-0.002044223752,-0.03999679746,
1422943015,0.004738093926,-0.0409433753,
1423143035,0.0120049041,-0.04237098034,
1423343054,0.01832767866,-0.04505346625,
1423543074,0.02408415624,-0.04846063391,
1423743094,0.02986434649,-0.05279073928,
1423943114,0.03423235897,-0.05808953588,
1424143133,0.03842104461,-0.06405800449,
1424343153,0.04181015843,-0.06991387815,
1424543173,0.04562720379,-0.07747936482,
1424743193,0.0466154105,-0.08360910851,
1424943212,0.04817441613,-0.09068059541,
1425143232,0.04798420496,-0.0979443656,
1425343252,0.0459536373,-0.1058489918,
1425543272,0.04498953773,-0.1127833917,
1425743291,0.04151579536,-0.1200740262,
1425943311,0.03932749974,-0.1265256419,
1426143331,0.03417645393,-0.131616585,
1426343351,0.02994012562,-0.1384804799,
1426543370,0.02363471449,-0.1427631005,
1426743390,0.01783082399,-0.1464143091,
1426943410,0.01035503876,-0.1495622117,
1427143430,0.003708609121,-0.1524865705,
1427343449,-0.003717934554,-0.1544909152,
1427543469,-0.01197300824,-0.1548645365,
1427743489,-0.02031212847,-0.1547457658,
1427943509,-0.02772230308,-0.1536503771,
1428143528,-0.03434507457,-0.1517466821,
1428343548,-0.04253877852,-0.1489726041,
1428543568,-0.04881517593,-0.1454786279,
1428743588,-0.05475455395,-0.1410269832,
1428943607,-0.0615512881,-0.134872166,
1429143627,-0.06581276092,-0.1287660426,
1429343647,-0.07189965224,-0.1231022375,
1429543667,-0.07414690669,-0.1160506161,
1429743686,-0.07744889832,-0.1086182367,
1429943706,-0.0794050647,-0.1017176219,
1430143726,-0.07939298422,-0.09395789232,
1430343746,-0.0799480063,-0.08553025011,
1430543765,-0.07909007314,-0.07763074203,
1430743785,-0.07789409865,-0.07050113322,
1430943805,-0.07461348883,-0.06265457107,
1431143825,-0.07123938264,-0.05595977016,
1431343844,-0.06604554851,-0.05034339115,
1431543864,-0.06091477193,-0.04440242223,
1431743884,-0.05503613658,-0.03922666626,
1431943904,-0.04878469369,-0.03537091033,
1432143923,-0.04230566481,-0.03199740216,
1432343943,-0.03490387995,-0.02996877357,
1432543963,-0.02764966797,-0.02815867431,
1432743983,-0.0201900514,-0.02787758623,
1432944003,-0.01281238242,-0.02824505013,
1433144022,-0.006327144174,-0.02965266065,
1433344042,0.0008492844161,-0.0323881032,
1433544062,0.006975458634,-0.0350947808,
1433744082,0.01242702902,-0.03971744787,
1433944101,0.01807007561,-0.04483067734,
1434144121,0.02192646758,-0.04972609463,
1434344141,0.02589140626,-0.05636649035,
1434544161,0.02830945745,-0.06310940376,
1434744180,0.02992440592,-0.06974922663,
1434944200,0.03074975282,-0.07711269323,
1435144220,0.0307146078,-0.08446154657,
1435344240,0.02982810441,-0.09037961821,
1435544259,0.02763623752,-0.09774013821,
1435744279,0.02508755397,-0.1043651883,
1435944299,0.02124914791,-0.1106152924,
1436144319,0.01707624712,-0.1167071029,
1436344338,0.01254925871,-0.1202391317,
1436544358,0.005540599195,-0.1253369217,
1436744378,0.0003425394607,-0.1280981816,
1436944398,-0.006038283136,-0.1315828613,
1437144417,-0.01434292024,-0.1326952687,
1437344437,-0.02193909158,-0.1339840662,
1437544457,-0.02848697668,-0.13243459,
1437744477,-0.03538538815,-0.1327321514,
1437944496,-0.0438492072,-0.1309667455,
1438144516,-0.05076483926,-0.1272541171,
1438344536,-0.05748421147,-0.1232309251,
1438544556,-0.06375126687,-0.1183771396,
1438744575,-0.06951033037,-0.112355138,
1438944595,-0.07386151652,-0.1065386201,
1439144615,-0.07868540443,-0.0998411,
1439344635,-0.08208428484,-0.09145656232,
1439544654,-0.08452509569,-0.0841220513,
1439744674,-0.08575457348,-0.0752579203,
1439944694,-0.08614890537,-0.0669882968,
1440144714,-0.08554491731,-0.0580442767,
1440344733,-0.08463115851,-0.05005431209,
1440544753,-0.0815935794,-0.04190257393,
1440744773,-0.07851749921,-0.03460648137,
1440944793,-0.07425502013,-0.02646001397,
1441144812,-0.06954653539,-0.02013516066,
1441344832,-0.06269987433,-0.01386464119,
1441544852,-0.05646565048,-0.007252977943,
1441744872,-0.04856482253,-0.003294248426,
1441944891,-0.04094552303,0.0006247328722,
1442144911,-0.03238901354,0.00371691909,
1442344931,-0.02376664721,0.005992672423,
1442544951,-0.01504594213,0.007311794631,
1442744970,-0.006367054802,0.006876524644,
1442944990,0.002620066534,0.005708574021,
1443145010,0.01136007253,0.004053644557,
1443345030,0.01963237657,0.0006681751437,
1443545049,0.02768429543,-0.003416557875,
1443745069,0.03461956812,-0.008070374777,
1443945089,0.04175958341,-0.01381135017,
1444145109,0.04739713065,-0.02012350553,
1444345128,0.05203846548,-0.02743374834,
1444545148,0.05654327785,-0.03511219634,
1444745168,0.0585457885,-0.04298769917,
1444945188,0.06135838109,-0.05137421089,
1445145207,0.06135953585,-0.05965389131,
1445345227,0.0619338736,-0.06735012597,
1445545247,0.05984870476,-0.07547967024,
1445745267,0.05733796851,-0.08380966098,
1445945286,0.0548269377,-0.09034236635,
1446145306,0.05234356384,-0.09741047731,
1446345326,0.04630541354,-0.1041802213,
1446545346,0.04201261814,-0.1092849046,
1446745365,0.03629336879,-0.1139317124,
1446945385,0.02943759453,-0.1180517526,
1447145405,0.02357020145,-0.1216775333,
1447345425,0.01647086019,-0.122723393,
1447545444,0.009932935207,-0.1238788678,
1447745464,0.002328675125,-0.123898746,
1447945484,-0.003678471548,-0.123250642,
1448145504,-0.01158253951,-0.1213714131,
1448345523,-0.01838911926,-0.1195752658,
1448545543,-0.02474098236,-0.1156165393,
1448745563,-0.02889310975,-0.1119020747,
1448945583,-0.03455698499,-0.1067269276,
1449145602,-0.03828748593,-0.1006931028,
1449345622,-0.04215185079,-0.09494270039,
1449545642,-0.04379591187,-0.08853683945,
1449745662,-0.04551735241,-0.08139488705,
1449945681,-0.04621848685,-0.07378393905,
1450145701,-0.04608451523,-0.06740191974,
1450345721,-0.04475112328,-0.0596891383,
1450545741,-0.0421728972,-0.05322309218,
1450745760,-0.03889854238,-0.04682555937,
1450945780,-0.03514405518,-0.04049961711,
1451145800,-0.03019676819,-0.0351697515,
1451345820,-0.02426265045,-0.02986913611,
1451545839,-0.01760300933,-0.0263997061,
1451745859,-0.01028228986,-0.02230697186,
1451945879,-0.0030984934,-0.01987506355,
1452145899,0.004623254471,-0.01905306731,
1452345918,0.01324264218,-0.01812279479,
1452545938,0.02103750826,-0.01892665498,
1452745958,0.02961623534,-0.02087603921,
1452945978,0.03736340805,-0.02371930976,
1453145997,0.04504934365,-0.0271299022,
1453346017,0.05190517524,-0.03219789401,
1453546037,0.05873473822,-0.03813279971,
1453746057,0.06426131377,-0.04478865763,
1453946076,0.06917242529,-0.05227213513,
1454146096,0.07362651451,-0.06021551239,
1454346116,0.07678459767,-0.06845266724,
1454546136,0.07840589547,-0.07714918548,
1454746155,0.07976817163,-0.08565877902,
1454946175,0.07972020331,-0.09460564052,
1455146195,0.07912360652,-0.1035273181,
1455346215,0.07751203498,-0.1124899895,
1455546234,0.07561903463,-0.1211083556,
1455746254,0.07068987585,-0.129635239,
1455946274,0.06722226208,-0.1368344638,
1456146294,0.06126342008,-0.1446810218,
1456346313,0.05503127372,-0.1506867654,
1456546333,0.0483916102,-0.1571198864,
1456746353,0.04098840659,-0.1619396194,
1456946373,0.03207420288,-0.1664959909,
1457146393,0.0242648073,-0.1688895327,
1457346412,0.01541023261,-0.1705443964,
1457546432,0.006718939994,-0.17334875,
1457746452,-0.003027619243,-0.1742904839,
1457946472,-0.01246357314,-0.1723215621,
1458146491,-0.02225770196,-0.1709899718,
1458346511,-0.02831780952,-0.1679968095,
1458546531,-0.03869429069,-0.1649022244,
1458746551,-0.04478215012,-0.1602610726,
1458946570,-0.05191976915,-0.1548294988,
1459146590,-0.05853153795,-0.1493705663,
1459346610,-0.06537795362,-0.1417019579,
1459546630,-0.06892807258,-0.1342935156,
1459746649,-0.07312002552,-0.1268738188,
1459946669,-0.07560856078,-0.1180779195,
1460146689,-0.07770447019,-0.1097001922,
1460346709,-0.07810058115,-0.101652012,
1460546728,-0.07805695709,-0.09342252801,
1460746748,-0.07695770165,-0.08553747072,
1460946768,-0.07421172304,-0.07725632512,
1461146788,-0.07178563077,-0.07011302742,
1461346807,-0.06661176887,-0.06296455754,
1461546827,-0.06190075236,-0.05685193655,
1461746847,-0.05657058471,-0.05133571563,
1461946867,-0.05021027019,-0.04647825292,
1462146886,-0.04339629464,-0.04215324287,
1462346906,-0.03655605224,-0.03930495786,
1462546926,-0.02889948472,-0.03766569,
1462746946,-0.0214777627,-0.03664444198,
1462946965,-0.01463957939,-0.03648984737,
1463146985,-0.006592299402,-0.03700695983,
1463347005,-1.891297344e-05,-0.03910995636,
1463547025,0.006600315196,-0.04137611862,
1463747044,0.01367470237,-0.04502659335,
1463947064,0.01907664342,-0.04987550429,
1464147084,0.02362774678,-0.05480143578,
1464347104,0.02779352165,-0.06095064512,
1464547123,0.03068372288,-0.0674951279,
1464747143,0.03329385554,-0.07471739599,
1464947163,0.03378807871,-0.08127649712,
1465147183,0.03598100809,-0.08883645102,
1465347202,0.03482030567,-0.0961833118,
1465547222,0.03391362022,-0.1028613456,
1465747242,0.03184563048,-0.1097728646,
1465947262,0.02921172461,-0.1158955274,
1466147281,0.02563869495,-0.1214797078,
1466347301,0.02025383751,-0.1276694729,
1466547321,0.01534705246,-0.1311236908,
1466747341,0.008789757315,-0.1364733112,
1466947360,0.003466268068,-0.1393708608,
1467147380,-0.003777647114,-0.1416100073,
1467347400,-0.01085635179,-0.1434110723,
1467547420,-0.01813765744,-0.1438431446,
1467747439,-0.02525698746,-0.1436464479,
1467947459,-0.03206962888,-0.1428358011,
1468147479,-0.03946708834,-0.1405699013,
1468347499,-0.04569653383,-0.138123004,
1468547518,-0.05226962035,-0.1344202098,
1468747538,-0.05751166936,-0.128042815,
1468947558,-0.06375858225,-0.1233121409,
1469147578,-0.06715300422,-0.1178700369,
1469347597,-0.07080958631,-0.1116342743,
1469547617,-0.07489986562,-0.1052409991,
1469747637,-0.0772020939,-0.09835404808,
1469947657,-0.07787634588,-0.09070745055,
1470147676,-0.07843882277,-0.08314037954,
1470347696,-0.07787149638,-0.07479050904,
1470547716,-0.07567047025,-0.0672819833,
1470747736,-0.07333582911,-0.06024169225,
1470947755,-0.07043525999,-0.05424593189,
1471147775,-0.06552310026,-0.04776347259,
1471347795,-0.06103366768,-0.042232811,
1471547815,-0.05535617189,-0.0372482339,
1471747834,-0.0492350656,-0.03341983175,
1471947854,-0.04260658262,-0.02963136244,
1472147874,-0.03536121679,-0.0268274946,
1472347894,-0.02839626892,-0.02540107455,
1472547913,-0.02101755643,-0.02452949234,
1472747933,-0.012956306,-0.02490189764,
1472947953,-0.006041755666,-0.0261263036,
1473147973,0.0007031271295,-0.02799789912,
1473347992,0.007139828563,-0.03063941587,
1473548012,0.01402044562,-0.03481048301,
1473748032,0.01927355082,-0.03930691676,
1473948052,0.02442076681,-0.04478749223,
1474148071,0.02837276159,-0.05020658754,
1474348091,0.03158605777,-0.05730970643,
1474548111,0.03391616373,-0.06433169894,
1474748131,0.03556908926,-0.07097510387,
1474948150,0.0372740323,-0.07813420047,
1475148170,0.0358306606,-0.0847718092,
1475348190,0.0349688827,-0.09213826802,
1475548210,0.03386094159,-0.09931415782,
1475748229,0.03104358603,-0.1059881457,
1475948249,0.02740644993,-0.1117941949,
1476148269,0.02286423869,-0.1171038577,
1476348289,0.01729126291,-0.1222210546,
1476548308,0.01202192851,-0.1268866699,
1476748328,0.006072754384,-0.1298798571,
1476948348,-0.0003538908269,-0.1329399327,
1477148368,-0.007173932235,-0.1346179087,
1477348387,-0.01427453678,-0.135264902,
1477548407,-0.02186496073,-0.1351898495,
1477748427,-0.02867554521,-0.1340875796,
1477948447,-0.03585506005,-0.132634879,
1478148466,-0.04206306765,-0.129925831,
1478348486,-0.04916459903,-0.1270865712,
1478548506,-0.0544737495,-0.1227193504,
1478748526,-0.06027190997,-0.1162515236,
1478948545,-0.06432145129,-0.1120442637,
1479148565,-0.06854057065,-0.1054536275,
1479348585,-0.07108568739,-0.09836396,
1479548605,-0.07370441014,-0.09113310271,
1479748624,-0.07482684098,-0.08382749848,
1479948644,-0.07494904343,-0.07608933825,
1480148664,-0.07421440713,-0.06841256078,
1480348684,-0.07372508139,-0.06132937679,
1480548703,-0.07057115935,-0.05439410759,
1480748723,-0.06780741036,-0.04727174934,
1480948743,-0.06358232422,-0.04085537395,
1481148763,-0.05792182865,-0.03514598178,
1481348782,-0.05277034274,-0.02972208138,
1481548802,-0.04587115625,-0.02538763153,
1481748822,-0.03936603607,-0.02154248584,
1481948842,-0.03214038707,-0.01906299575,
1482148862,-0.02384716104,-0.01739128629,
1482348881,-0.0166465717,-0.01591382301,
1482548901,-0.008473238125,-0.01634139746,
1482748921,-0.001351957685,-0.01710681983,
1482948941,0.006051684992,-0.01890249923,
1483148960,0.01358136576,-0.02151541583,
1483348980,0.0205086251,-0.02517627128,
1483549000,0.02696041466,-0.02999974049,
1483749020,0.03257711491,-0.03580005304,
1483949039,0.03720470906,-0.04140685742,
1484149059,0.04092259136,-0.04822733342,
1484349079,0.04386712705,-0.05552947571,
1484549099,0.04653860866,-0.0638258459,
1484749118,0.04781005463,-0.07098002681,
1484949138,0.04806948857,-0.07908333596,
1485149158,0.04710837987,-0.08669861975,
1485349178,0.04592232675,-0.09440296079,
1485549197,0.04331979709,-0.1012419528,
1485749217,0.03988195585,-0.1081521461,
1485949237,0.03624704854,-0.1145199897,
1486149257,0.03160266738,-0.1205627114,
1486349276,0.02606378639,-0.125780855,
1486549296,0.02074133765,-0.1302304464,
1486749316,0.01356337002,-0.133411868,
1486949336,0.006585807951,-0.1362650969,
1487149355,-0.0002218142238,-0.1383780091,
1487349375,-0.008479021987,-0.1397106653,
1487549395,-0.01615594043,-0.1392012195,
1487749415,-0.02286612351,-0.1379611801,
1487949434,-0.03047183458,-0.1353214317,
1488149454,-0.03718105519,-0.1338055546,
1488349474,-0.04475361194,-0.1295452882,
1488549494,-0.04937363938,-0.1249598835,
1488749513,-0.0551935513,-0.1208565692,
1488949533,-0.06008612287,-0.1137186513,
1489149553,-0.06504033746,-0.1077914342,
1489349573,-0.06692653138,-0.1008834357,
1489549592,-0.07065716989,-0.09326997663,
1489749612,-0.07120511772,-0.08677042728,
1489949632,-0.07164245386,-0.07823900435,
1490149652,-0.07065467738,-0.07114711743,
1490349671,-0.06876469338,-0.06333797708,
1490549691,-0.06661689866,-0.05622400148,
1490749711,-0.06320901879,-0.04897292897,
1490949731,-0.05802188164,-0.04306789688,
1491149750,-0.05360890715,-0.0372830076,
1491349770,-0.04783978047,-0.03189169878,
1491549790,-0.04097927038,-0.02728187118,
1491749810,-0.03378863688,-0.02415949179,
1491949829,-0.02713465189,-0.02151296785,
1492149849,-0.01864776988,-0.01967296562,
1492349869,-0.0112695586,-0.01916091054,
1492549889,-0.002508339692,-0.01910354447,
1492749908,0.005200145869,-0.02069812414,
1492949928,0.01252654022,-0.02273292155,
1493149948,0.01989010749,-0.02606093181,
1493349968,0.02650808993,-0.03025729271,
1493549987,0.03239739272,-0.03547157491,
1493750007,0.03844992913,-0.04104841205,
1493950027,0.04276772879,-0.04775408772,
1494150047,0.04653477793,-0.05485815713,
1494350066,0.0498251703,-0.06311880561,
1494550086,0.05141730878,-0.07132422418,
1494750106,0.05256150043,-0.07908549528,
1494950126,0.05251488163,-0.08671960745,
1495150145,0.05222895317,-0.09505541729,
1495350165,0.04971335219,-0.1026320891,
1495550185,0.04759069629,-0.1110104971,
1495750205,0.04447378553,-0.1171712048,
1495950224,0.04035482791,-0.1239305306,
1496150244,0.03474561134,-0.1309911323,
1496350264,0.02872970601,-0.1365076554,
1496550284,0.02264071653,-0.1399329373,
1496750303,0.01571310731,-0.1451173275,
1496950323,0.007362703772,-0.146932898,
1497150343,-0.000106499895,-0.1503922922,
1497350363,-0.008117425161,-0.1507803625,
1497550382,-0.01548524898,-0.1504356022,
1497750402,-0.0284734386,-0.1513587929,
1497950422,-0.03212239842,-0.1479096379,
1498150442,-0.03930227462,-0.1465489747,
1498350461,-0.04687929986,-0.1416136167,
1498550481,-0.05359353865,-0.1377229998,
1498750501,-0.05925899773,-0.1321746759,
1498950521,-0.06475947166,-0.1269776647,
1499150540,-0.06883684585,-0.1199547366,
1499350560,-0.0728547215,-0.1123635821,
1499550580,-0.07560817891,-0.1051156864,
1499750600,-0.07763384451,-0.09711870123,
1499950619,-0.07865502143,-0.08977323231,
1500150639,-0.0779083751,-0.0817495854,
1500350659,-0.07733525083,-0.07440094239,
1500550679,-0.07599326794,-0.06666339865,
1500750698,-0.07239717314,-0.05982703306,
1500950718,-0.06901704604,-0.05291307098,
1501150738,-0.06415890843,-0.04710404796,
1501350758,-0.05896710575,-0.04111884084,
1501550777,-0.05337462039,-0.03674641938,
1501750797,-0.04647500938,-0.03247591464,
1501950817,-0.04017390278,-0.02953999425,
1502150837,-0.03240661547,-0.02737413252,
1502350856,-0.02512093753,-0.026189123,
1502550876,-0.01730418541,-0.02587588303,
1502750896,-0.01024176204,-0.02681941812,
1502950916,-0.003286989157,-0.02785009608,
1503150935,0.003583333957,-0.03102886391,
1503350955,0.01064597702,-0.03395433936,
1503550975,0.01616650559,-0.03838499812,
1503750995,0.0211427494,-0.0432604335,
1503951014,0.02570710671,-0.04887999395,
1504151034,0.02961990744,-0.05575076785,
1504351054,0.03270108345,-0.06248149271,
1504551074,0.03427067591,-0.07010948313,
1504751093,0.03570416007,-0.07669187739,
1504951113,0.0359370793,-0.08515871575,
1505151133,0.03481052152,-0.09208031842,
1505351153,0.03337906591,-0.09896953477,
1505551172,0.03052416704,-0.1064238433,
1505751192,0.02652795249,-0.1129040253,
1505951212,0.0222147066,-0.1184117909,
1506151232,0.01741396466,-0.1235895303,
1506351251,0.01151382603,-0.1283400111,
1506551271,0.005359727268,-0.1320939225,
1506751291,-0.001630229426,-0.1354579268,
1506951311,-0.009712553349,-0.1383451023,
1507151331,-0.01640053558,-0.1393683607,
1507351350,-0.02374893126,-0.1389151392,
1507551370,-0.03132709491,-0.1392715976,
1507751390,-0.04490157463,-0.137805961,
1507951410,-0.04677730668,-0.1345939662,
1508151429,-0.05378125325,-0.1322078361,
1508351449,-0.05966217912,-0.1277261142,
1508551469,-0.0669024954,-0.1217706311,
1508751489,-0.0716673205,-0.1164002471,
1508951508,-0.0765619303,-0.1098877171,
1509151528,-0.08035081514,-0.1031405124,
1509351548,-0.08409225133,-0.09596380204,
1509551568,-0.08524664258,-0.08764412738,
1509751587,-0.0868069955,-0.08022789744,
1509951607,-0.08805982148,-0.07173189651,
1510151627,-0.08692819771,-0.06323750767,
1510351647,-0.08524911694,-0.05539477755,
1510551666,-0.08269402264,-0.04778263582,
1510751686,-0.07850377918,-0.03998175167,
1510951706,-0.07453215415,-0.03352504348,
1511151726,-0.06912385114,-0.02659966646,
1511351745,-0.06285602269,-0.02103137232,
1511551765,-0.05657251472,-0.01554845806,
1511751785,-0.04935562199,-0.01157371443,
1511951805,-0.04184808304,-0.00833316634,
1512151824,-0.03420004925,-0.006015784384,
1512351844,-0.02609966182,-0.00478765526,
1512551864,-0.01749857219,-0.004048512245,
1512751884,-0.009462056965,-0.004676443143,
1512951903,-0.001179827473,-0.006439190205,
1513151923,0.006681194838,-0.00835108587,
1513351943,0.0141003643,-0.01206379204,
1513551963,0.02050729483,-0.01649885545,
1513751982,0.02641130395,-0.02083694553,
1513952002,0.03236930389,-0.02660247153,
1514152022,0.03687706023,-0.03277054102,
1514352042,0.04010793145,-0.03977696453,
1514552061,0.04242498085,-0.04718510549,
1514752081,0.04430286149,-0.05536481956,
1514952101,0.04517759845,-0.06277162766,
1515152121,0.04563280504,-0.07041906716,
1515352140,0.04421190591,-0.07765487096,
1515552160,0.04289199323,-0.08504466245,
1515752180,0.04026293213,-0.09166232563,
1515952200,0.03694870251,-0.09840711163,
1516152219,0.03262028101,-0.1038269634,
1516352239,0.02835253053,-0.1099724255,
1516552259,0.02266389679,-0.113923578,
1516752279,0.01690126518,-0.1171297802,
1516952298,0.009654249847,-0.1202920776,
1517152318,0.002798079468,-0.1224266136,
1517352338,-0.002611193153,-0.1237315625,
1517552358,-0.009806938727,-0.1237529219,
1517752377,-0.01671979396,-0.1221321566,
1517952397,-0.02391458986,-0.1214650752,
1518152417,-0.02952680815,-0.1178047522,
1518352437,-0.03610829046,-0.1144932259,
1518552456,-0.04121505619,-0.1109053774,
1518752476,-0.04585060022,-0.1061563975,
1518952496,-0.05106209486,-0.100913323,
1519152516,-0.05440895372,-0.09484841398,
1519352535,-0.05727502514,-0.08778858702,
1519552555,-0.05787350863,-0.08091959174,
1519752575,-0.0586232751,-0.07511887818,
1519952595,-0.0591608836,-0.06751166239,
1520152614,-0.05794389184,-0.06048077928,
1520352634,-0.05623004439,-0.05358321241,
1520552654,-0.05317460066,-0.0470557417,
1520752674,-0.04942546818,-0.04061627208,
1520952693,-0.04436166389,-0.03561903734,
1521152713,-0.03914227131,-0.03104309559,
1521352733,-0.03319243051,-0.02618053495,
1521552753,-0.02728041618,-0.02237962971,
1521752772,-0.02010607569,-0.02001251763,
1521952792,-0.0131623594,-0.01801573765,
1522152812,-0.005385469761,-0.01714361387,
1522352832,0.001833830679,-0.0166119951,
1522552851,0.009560488927,-0.01804607531,
1522752871,0.01705887901,-0.01976594182,
1522952891,0.0244731044,-0.02239826624,
1523152911,0.03074662879,-0.02589918404,
1523352930,0.03693990243,-0.03037263165,
1523552950,0.04288806188,-0.03607057761,
1523752970,0.04703865411,-0.04246262383,
1523952990,0.05156666005,-0.04932016007,
1524153009,0.05421268088,-0.0565582181,
1524353029,0.05661998752,-0.06423314484,
1524553049,0.05766131614,-0.07240034636,
1524753069,0.05876443068,-0.08004123914,
1524953088,0.05845259865,-0.08769372857,
1525153108,0.05732302431,-0.09559809488,
1525353128,0.0550706039,-0.1033886272,
1525553148,0.05212856248,-0.1092929647,
1525753167,0.04808411502,-0.1173167785,
1525953187,0.04350648109,-0.1224099834,
1526153207,0.03893003593,-0.1279852977,
1526353227,0.03225639807,-0.1338508931,
1526553246,0.02600327306,-0.1373585758,
1526753266,0.01844043573,-0.1402025284,
1526953286,0.0116515476,-0.1426692004,
1527153306,0.003379123854,-0.1450944922,
1527353325,-0.003061924783,-0.1458130836,
1527553345,-0.0121087211,-0.1449945752,
1527753365,-0.01887881505,-0.1439075857,
1527953385,-0.02579084511,-0.1419421673,
1528153404,-0.0333105335,-0.1397403601,
1528353424,-0.03950534782,-0.1342223653,
1528553444,-0.04514494264,-0.1306487907,
1528753464,-0.05075921039,-0.1244207467,
1528953483,-0.05572637077,-0.1185673782,
1529153503,-0.05940176933,-0.1124098207,
1529353523,-0.06243476403,-0.1053302299,
1529553543,-0.06448708648,-0.09931475383,
1529753562,-0.06625277307,-0.0919243578,
1529953582,-0.06648662026,-0.08391644931,
1530153602,-0.06520805481,-0.07717655026,
1530353622,-0.06353664186,-0.06942118591,
1530553641,-0.06131673755,-0.06287689568,
1530753661,-0.05763415652,-0.05652182522,
1530953681,-0.05379951828,-0.05090924929,
1531153701,-0.04851430897,-0.04567006363,
1531353721,-0.0433936856,-0.04094528355,
1531553740,-0.0371781951,-0.03705029472,
1531753760,-0.03074264766,-0.03405028394,
1531953780,-0.02379056896,-0.03169239326,
1532153800,-0.01658758649,-0.03059842719,
1532353819,-0.009746947709,-0.03018988096,
1532553839,-0.002301967228,-0.03068817583,
1532753859,0.004354322851,-0.03256149368,
1532953879,0.01035534648,-0.03467367646,
1533153898,0.01709924652,-0.03794371741,
1533353918,0.02291924212,-0.04220139424,
1533553938,0.02726175668,-0.04733710841,
1533753958,0.03200776256,-0.05276258684,
1533953977,0.03481241434,-0.05862282632,
1534153997,0.03759836715,-0.06599299549,
1534354017,0.04012328693,-0.07257405315,
1534554037,0.04017343906,-0.07988164867,
1534754056,0.0411165143,-0.08710789981,
1534954076,0.04070007909,-0.09456597914,
1535154096,0.03818534229,-0.1009991432,
1535354116,0.03616981084,-0.108370295,
1535554135,0.03269540133,-0.1142798106,
1535754155,0.02927260487,-0.1199027393,
1535954175,0.02359111116,-0.1254657033,
1536154195,0.01764644597,-0.1295979504,
1536354214,0.01135236573,-0.134094732,
1536554234,0.004885618072,-0.1365974311,
1536754254,-0.002210734969,-0.1388626269,
1536954274,-0.009126914233,-0.1398188707,
1537154293,-0.01707545853,-0.1412373497,
1537354313,-0.02471485171,-0.1405399579,
1537554333,-0.03241220015,-0.1394858943,
1537754353,-0.03913082071,-0.1358319081,
1537954372,-0.04637508348,-0.1332091364,
1538154392,-0.05324268598,-0.1281575255,
1538354412,-0.05880477803,-0.1241281458,
1538554432,-0.06457473543,-0.1175780525,
1538754451,-0.06913123064,-0.1118114251,
1538954471,-0.07305407998,-0.1051367386,
1539154491,-0.07563763134,-0.0974128005,
1539354511,-0.07808770217,-0.09008278843,
1539554530,-0.07946771031,-0.08204258797,
1539754550,-0.08014691731,-0.07355225151,
1539954570,-0.07911056335,-0.06584620529,
1540154590,-0.07753419433,-0.05753967915,
1540354609,-0.0753409713,-0.05021273786,
1540554629,-0.07156350584,-0.04203870051,
1540754649,-0.0668335582,-0.03554502276,
1540954669,-0.06185030458,-0.02921881345,
1541154688,-0.05606152827,-0.02348024663,
1541354708,-0.04951797935,-0.01833790004,
1541554728,-0.04233601867,-0.01459401798,
1541754748,-0.03482120894,-0.01121197219,
1541954767,-0.02632577074,-0.008628738804,
1542154787,-0.0183999629,-0.007019918652,
1542354807,-0.01065005509,-0.006338222257,
1542554827,-0.002024110699,-0.007253686428,
1542754846,0.006064968034,-0.008264641714,
1542954866,0.01405306973,-0.01064940088,
1543154886,0.02095234847,-0.01392913282,
1543354906,0.02784346469,-0.01767835243,
1543554925,0.03423753673,-0.02279144689,
1543754945,0.03995691481,-0.02829266711,
1543954965,0.04444363148,-0.03500583329,
1544154985,0.04814000851,-0.0416280101,
1544355004,0.05142871012,-0.04864376968,
1544555024,0.05346732991,-0.05613057895,
1544755044,0.05439984534,-0.06377187356,
1544955064,0.05498747184,-0.07175367658,
1545155083,0.05473051074,-0.07981873636,
1545355103,0.05340953407,-0.0858727557,
1545555123,0.05120380286,-0.09280589923,
1545755143,0.04846704299,-0.09966703998,
1545955162,0.04390779896,-0.1053178881,
1546155182,0.04021814137,-0.1102192114,
1546355202,0.03509568516,-0.1153683121,
1546555222,0.02925093422,-0.1200855431,
1546755241,0.0240389524,-0.1230422497,
1546955261,0.01745873697,-0.126090552,
1547155281,0.01121632548,-0.1269525352,
1547355301,0.004335059997,-0.1281682161,
1547555320,-0.001853878317,-0.1279317416,
1547755340,-0.008460357118,-0.1264519323,
1547955360,-0.01501215561,-0.1249565752,
1548155380,-0.0206015243,-0.1223479655,
1548355399,-0.02570054575,-0.1176347434,
1548555419,-0.03096713083,-0.1147457296,
1548755439,-0.03499677165,-0.1098538967,
1548955459,-0.03872204994,-0.104578584,
1549155478,-0.04133907278,-0.09849916432,
1549355498,-0.04272622956,-0.0927213277,
1549555518,-0.04441794407,-0.08681109659,
1549755538,-0.04434628509,-0.08029809068,
1549955557,-0.04417597762,-0.07350381625,
1550155577,-0.04282280233,-0.06744446508,
1550355597,-0.04037476084,-0.06224782834,
1550555617,-0.03696995717,-0.05699319814,
1550755636,-0.03326058114,-0.05107383108,
1550955656,-0.02860578458,-0.046573085,
1551155676,-0.02363983218,-0.04290619968,
1551355696,-0.01806773674,-0.03927856309,
1551555715,-0.0117138333,-0.03711884833,
1551755735,-0.005228046581,-0.03504128709,
1551955755,0.001092341767,-0.03408815982,
1552155775,0.007465828978,-0.03425952388,
1552355794,0.0142720568,-0.03514296287,
1552555814,0.02107852432,-0.03712767621,
1552755834,0.02745694024,-0.03963151594,
1552955854,0.03358560065,-0.04296217144,
1553155873,0.03859060033,-0.0470609514,
1553355893,0.04345430676,-0.05204244037,
1553555913,0.04823782919,-0.05824424576,
1553755933,0.05153766505,-0.06455994333,
1553955952,0.0546762848,-0.07079252025,
1554155972,0.05604227758,-0.07802450348,
1554355992,0.05726216977,-0.08498611271,
1554556012,0.05826425474,-0.09235888544,
1554756031,0.0581143085,-0.09915792309,
1554956051,0.05646488194,-0.1060578326,
1555156071,0.05425454157,-0.1140465574,
1555356091,0.05155109372,-0.1191755569,
1555556110,0.0482005159,-0.125613547,
1555756130,0.04296757185,-0.1314333078,
1555956150,0.03785513662,-0.136067316,
1556156170,0.03266995041,-0.140026787,
1556356190,0.02609287289,-0.144914475,
1556556209,0.02061376181,-0.1472156832,
1556756229,0.01227742517,-0.149860195,
1556956249,0.005800742684,-0.150293897,
1557156269,-0.001333767126,-0.1511277203,
1557356288,-0.008207315776,-0.1495632013,
1557556308,-0.01587759142,-0.1497052449,
1557756328,-0.02239150129,-0.1478961958,
1557956348,-0.02815172887,-0.1445765823,
1558156367,-0.03434008727,-0.1393891187,
1558356387,-0.03944822429,-0.135274368,
1558556407,-0.04409737341,-0.1304984747,
1558756427,-0.04796651781,-0.1252248473,
1558956446,-0.05164489678,-0.1191395503,
1559156466,-0.05359122831,-0.1125712721,
1559356486,-0.05622346912,-0.1056858965,
1559556506,-0.05615649528,-0.09947850196,
1559756525,-0.05611799691,-0.09298050327,
1559956545,-0.0545863206,-0.08642385178,
1560156565,-0.05257071136,-0.07921385436,
1560356585,-0.04990672077,-0.07300295052,
1560556604,-0.04652411622,-0.0672249867,
1560756624,-0.04169907277,-0.06213562991,
1560956644,-0.03684124576,-0.05761698063,
1561156664,-0.03159857859,-0.05363528279,
1561356683,-0.02559004627,-0.05068514728,
1561556703,-0.01891215932,-0.04820622308,
1561756723,-0.01165315752,-0.04682032023,
1561956743,-0.005554499414,-0.04635177964,
1562156762,0.001334558716,-0.04667416505,
1562356782,0.008190531722,-0.04815041152,
1562556802,0.01458165665,-0.04987643822,
1562756822,0.02149372175,-0.05330135036,
1562956841,0.02698657419,-0.05705174827,
1563156861,0.03178406675,-0.06231281028,
1563356881,0.03614106572,-0.06811815161,
1563556901,0.04039397963,-0.07334412422,
1563756920,0.04306068042,-0.08084590893,
1563956940,0.04576074635,-0.08737631382,
1564156960,0.04762837519,-0.09434714229,
1564356980,0.04855792224,-0.1027666005,
1564556999,0.04776977189,-0.109249495,
1564757019,0.04709942176,-0.1170072423,
1564957039,0.04507816702,-0.1232842657,
1565157059,0.04205308642,-0.1318286398,
1565357078,0.03789239531,-0.1375223679,
1565557098,0.03416446649,-0.143207893,
1565757118,0.0279562935,-0.1489660867,
1565957138,0.02233803458,-0.1538959221,
1566157157,0.01558600804,-0.1577586079,
1566357177,0.009004648661,-0.1606434692,
1566557197,0.001787064671,-0.1639628692,
1566757217,-0.007094692809,-0.1652092203,
1566957236,-0.01395781221,-0.1656475771,
1567157256,-0.02144752241,-0.1657503488,
1567357276,-0.02922204187,-0.1650321781,
1567557296,-0.0364251176,-0.163407592,
1567757315,-0.04386973142,-0.1590912354,
1567957335,-0.05052625292,-0.1567686947,
1568157355,-0.05756102598,-0.1515293513,
1568357375,-0.06312102852,-0.1462124057,
1568557394,-0.06819744507,-0.1408978489,
1568757414,-0.07265520916,-0.1344340973,
1568957434,-0.07604764865,-0.1275310364,
1569157454,-0.07885768289,-0.1202375255,
1569357473,-0.08004714747,-0.1131052375,
1569557493,-0.08172082756,-0.1055175755,
1569757513,-0.08078489664,-0.09801346165,
1569957533,-0.07951523884,-0.09056484988,
1570157552,-0.07768137651,-0.08308560367,
1570357572,-0.07525946352,-0.07637117147,
1570557592,-0.07149649297,-0.07013179299,
1570757612,-0.06675935703,-0.06469571486,
1570957631,-0.06270835219,-0.05929993568,
1571157651,-0.05630544776,-0.05442309999,
1571357671,-0.05056965966,-0.05120675653,
1571557691,-0.04407965566,-0.04860964831,
1571757710,-0.0365817394,-0.04638032516,
1571957730,-0.02956638592,-0.04569277583,
1572157750,-0.02339305033,-0.04596967468,
1572357770,-0.01641260037,-0.04708833484,
1572557789,-0.009422967411,-0.04894985832,
1572757809,-0.003514065203,-0.05146012068,
1572957829,0.002339260925,-0.05533227846,
1573157849,0.007092685345,-0.05974864586,
1573357868,0.01194803073,-0.06522561831,
1573557888,0.0153995345,-0.07056742974,
1573757908,0.01831765895,-0.0769207489,
1573957928,0.02066690787,-0.08380378467,
1574157947,0.0214753844,-0.09069236143,
1574357967,0.02233019382,-0.09678771722,
1574557987,0.0216394021,-0.1041540407,
1574758007,0.01986066886,-0.1113610002,
1574958026,0.01768849198,-0.1187744145,
1575158046,0.01430406035,-0.1243196503,
1575358066,0.009086954174,-0.1303357049,
1575558086,0.004579752892,-0.1350433293,
1575758105,-0.0008961313516,-0.139640122,
1575958125,-0.007438699788,-0.1439471046,
1576158145,-0.01505171894,-0.1466204596,
1576358165,-0.02230058198,-0.1489905714,
1576558184,-0.02975190605,-0.1503875403,
1576758204,-0.03803713791,-0.1509281706,
1576958224,-0.04609129595,-0.15016791,
1577158244,-0.05285723896,-0.1483161519,
1577358263,-0.06127606268,-0.1459574301,
1577558283,-0.06875115801,-0.1429231466,
1577758303,-0.07576308893,-0.137716525,
1577958323,-0.08208863544,-0.1332804066,
1578158342,-0.08800669112,-0.1271922981,
1578358362,-0.09381199145,-0.1194915419,
1578558382,-0.09840594568,-0.1128666395,
1578758402,-0.1023426675,-0.1038499368,
1578958421,-0.1052517252,-0.09566199356,
1579158441,-0.1068632135,-0.08705039483,
1579358461,-0.1078718362,-0.07800255762,
1579558481,-0.1064027501,-0.06914772071,
1579758500,-0.1059820417,-0.05934332809,
1579958520,-0.1036938392,-0.05118237337,
1580158540,-0.1000891387,-0.04209455228,
1580358560,-0.09611970275,-0.03320912425,
1580558580,-0.09051442503,-0.0258146288,
1580758599,-0.08465752924,-0.01850174486,
1580958619,-0.07734676507,-0.01267726001,
1581158639,-0.07015530285,-0.00701790121,
1581358659,-0.06209358656,-0.002197210286,
1581558678,-0.05317536684,0.001068037473,
1581758698,-0.04431404631,0.004155106042,
1581958718,-0.03531547526,0.005829614826,
1582158738,-0.02566449148,0.006463887844,
1582358757,-0.0161728104,0.006007141683,
1582558777,-0.00712084719,0.004239638372,
1582758797,0.001801790108,0.001874252311,
1582958817,0.01005316952,-0.001549066461,
1583158836,0.01810220501,-0.005722559192,
1583358856,0.02540960878,-0.01099528367,
1583558876,0.03158190369,-0.01696447573,
1583758896,0.03754196563,-0.02369691555,
1583958915,0.04205261184,-0.03133191617,
1584158935,0.04581751575,-0.0390559365,
1584358955,0.04829151291,-0.04759455636,
1584558975,0.05031619213,-0.05646880792,
1584758994,0.05113966681,-0.06516334121,
1584959014,0.05078141997,-0.07282656505,
1585159034,0.04976931946,-0.08104531468,
1585359054,0.04744311527,-0.08947388037,
1585559073,0.04448478784,-0.09645096594,
1585759093,0.04146498572,-0.1040571488,
1585959113,0.03733718327,-0.1103268451,
1586159133,0.03073286586,-0.11561638,
1586359152,0.02539686795,-0.1202393037,
1586559172,0.01875282804,-0.125133737,
1586759192,0.01190805781,-0.1273472434,
1586959212,0.004330039,-0.1301793573,
1587159231,-0.002179443544,-0.1313931599,
1587359251,-0.0100193229,-0.1321436669,
1587559271,-0.01718960545,-0.1309049354,
1587759291,-0.02491522941,-0.1291493577,
1587959310,-0.03161506161,-0.1268104306,
1588159330,-0.03863447077,-0.122929807,
1588359350,-0.04417101324,-0.1190908087,
1588559370,-0.04942906106,-0.1140658931,
1588759389,-0.05462907758,-0.1084570683,
1588959409,-0.05806624071,-0.1026275166,
1589159429,-0.06051079501,-0.09569351043,
1589359449,-0.06338549732,-0.08858085095,
1589559468,-0.06478150314,-0.08132115505,
1589759488,-0.06425207511,-0.07428136978,
1589959508,-0.06339345841,-0.06730710555,
1590159528,-0.06165020379,-0.06014276559,
1590359547,-0.05876714032,-0.05311022626,
1590559567,-0.05570621912,-0.04686922881,
1590759587,-0.05177367425,-0.04054185929,
1590959607,-0.04609759024,-0.03526081459,
1591159626,-0.04046394739,-0.03101672304,
1591359646,-0.03377431546,-0.027078836,
1591559666,-0.02668840075,-0.02390854793,
1591759686,-0.01994270467,-0.02173664098,
1591959705,-0.01220930187,-0.0201242905,
1592159725,-0.004704684088,-0.02020979852,
1592359745,0.002652310364,-0.02082669076,
1592559765,0.01015408207,-0.02192924388,
1592759784,0.01706797901,-0.02468986886,
1592959804,0.02370567647,-0.02847512376,
1593159824,0.03016288552,-0.03226554832,
1593359844,0.03629521666,-0.03780619155,
1593559863,0.04107159371,-0.0435028853,
1593759883,0.04530369844,-0.04995123046,
1593959903,0.04855899645,-0.05685557636,
1594159923,0.0507534546,-0.06460763848,
1594359942,0.05268420771,-0.07222390206,
1594559962,0.05337023107,-0.08010856858,
1594759982,0.05325382032,-0.08788818315,
1594960002,0.05265595526,-0.09493021002,
1595160021,0.05103031508,-0.1024768843,
1595360041,0.04836572788,-0.1090594756,
1595560061,0.04405235059,-0.1165647408,
1595760081,0.03970557482,-0.1223712521,
1595960100,0.03413680325,-0.1277810432,
1596160120,0.02822815934,-0.1328094944,
1596360140,0.02202780466,-0.1369425724,
1596560160,0.01558571562,-0.1392088579,
1596760179,0.007945258874,-0.1421976754,
1596960199,0.0006501316322,-0.1438401364,
1597160219,-0.006272710675,-0.1443689419,
1597360239,-0.01459178733,-0.1447180917,
1597560258,-0.02113092776,-0.1427086454,
1597760278,-0.02935718095,-0.1405044216,
1597960298,-0.03608085389,-0.1371737588,
1598160318,-0.04199304027,-0.1337002655,
1598360337,-0.04832315194,-0.1292247009,
1598560357,-0.05325781922,-0.1235622795,
1598760377,-0.05705624918,-0.1178594553,
1598960397,-0.06115976419,-0.1124690195,
1599160416,-0.06398871699,-0.1056633583,
1599360436,-0.06593419745,-0.09820319325,
1599560456,-0.06756954801,-0.09037611294,
1599760476,-0.06723243101,-0.08343676034,
1599960495,-0.06702574783,-0.07632258761,
1600160515,-0.06511529544,-0.06941618834,
1600360535,-0.06224949645,-0.06186063981,
1600560555,-0.05927913178,-0.05576866017,
1600760574,-0.05476266418,-0.04991747637,
1600960594,-0.04986623281,-0.0449442493,
1601160614,-0.0447082617,-0.04012495261,
1601360634,-0.0387041037,-0.03638424107,
1601560653,-0.03226458392,-0.03347560501,
1601760673,-0.02540223254,-0.0310204794,
1601960693,-0.01864652697,-0.02958061641,
1602160713,-0.01149824139,-0.02943516157,
1602360732,-0.00482871881,-0.02978310036,
1602560752,0.00221711765,-0.03079440015,
1602760772,0.00874866797,-0.03322381835,
1602960792,0.01492879613,-0.03657153008,
1603160811,0.02045672673,-0.04037218743,
1603360831,0.02594308045,-0.04452892896,
1603560851,0.03010515434,-0.05020866074,
1603760871,0.03347281456,-0.0557544648,
1603960890,0.03664387533,-0.06246288006,
1604160910,0.03876750454,-0.06912579616,
1604360930,0.0397750937,-0.07590183944,
1604560950,0.04048316706,-0.08249257265,
1604760969,0.0401935828,-0.0893500464,
1604960989,0.03888471619,-0.0960289689,
1605161009,0.03627974491,-0.1022185699,
1605361029,0.03350911164,-0.108268582,
1605561049,0.02989825678,-0.1143548327,
1605761068,0.02522530445,-0.119223245,
1605961088,0.02001145707,-0.1232496618,
1606161108,0.01416014285,-0.1270561954,
1606361128,0.008117628084,-0.1295003664,
1606561147,0.001561840308,-0.1319899013,
1606761167,-0.004891787459,-0.1329406299,
1606961187,-0.01184759787,-0.1339555499,
1607161207,-0.01825182047,-0.1334881977,
1607361226,-0.02563793732,-0.1313198252,
1607561246,-0.03119141761,-0.1291451301,
1607761266,-0.03868352795,-0.1262625135,
1607961286,-0.04366137357,-0.1216762717,
1608161305,-0.04892141862,-0.1171049118,
1608361325,-0.0545459413,-0.1121604653,
1608561345,-0.05812287227,-0.1064653655,
1608761365,-0.06182541394,-0.09954042912,
1608961384,-0.06434890796,-0.09280843813,
1609161404,-0.06557767652,-0.08563690938,
1609361424,-0.06586207635,-0.07817565735,
1609561444,-0.06601516045,-0.0701357278,
1609761463,-0.06493325936,-0.06329408041,
1609961483,-0.06222078407,-0.05590261141,
1610161503,-0.05938053624,-0.0485276974,
1610361523,-0.05536404903,-0.04236836631,
1610561542,-0.05098110847,-0.03557384801,
1610761562,-0.04534990526,-0.03010663703,
1610961582,-0.03926535127,-0.0252467864,
1611161602,-0.03263123342,-0.02084323287,
1611361621,-0.0252794961,-0.01811460662,
1611561641,-0.01794696115,-0.01529241514,
1611761661,-0.009710581935,-0.0140243295,
1611961681,-0.002000764856,-0.01329871118,
1612161700,0.00621252712,-0.01344885482,
1612361720,0.01391020643,-0.01448571915,
1612561740,0.02171920644,-0.0171597254,
1612761760,0.0291131548,-0.01988214472,
1612961779,0.03581225982,-0.02378874684,
1613161799,0.04177798479,-0.02887782645,
1613361819,0.04729175314,-0.03442580841,
1613561839,0.05254828583,-0.04049455424,
1613761858,0.05677858714,-0.04759405929,
1613961878,0.05952755217,-0.05487985614,
1614161898,0.06241205225,-0.06261063952,
1614361918,0.06395145573,-0.06959296858,
1614561937,0.06416004629,-0.07741869702,
1614761957,0.06432731745,-0.08542291905,
1614961977,0.06389009102,-0.09277871258,
1615161997,0.06170473399,-0.1004988958,
1615362016,0.0597222813,-0.1060546558,
1615562036,0.05580053173,-0.1131212171,
1615762056,0.05153141001,-0.1188176337,
1615962076,0.04630304642,-0.123672412,
1616162095,0.04143709352,-0.1282361217,
1616362115,0.03462966912,-0.13205675,
1616562135,0.02915864428,-0.135263086,
1616762155,0.02240229392,-0.1370866672,
1616962174,0.01551028972,-0.1385338944,
1617162194,0.008991530485,-0.1387175783,
1617362214,0.001840574962,-0.1383829915,
1617562234,-0.004277246905,-0.1368590954,
1617762253,-0.01080179377,-0.134346199,
1617962273,-0.01694569125,-0.1313336631,
1618162293,-0.02153718149,-0.1282246201,
1618362313,-0.0263721775,-0.1235526905,
1618562332,-0.03067521568,-0.1187019966,
1618762352,-0.03428897646,-0.1131941561,
1618962372,-0.0366335278,-0.1073915895,
1619162392,-0.03794243507,-0.1012037189,
1619362411,-0.03898303938,-0.09498804772,
1619562431,-0.03846482597,-0.08844023122,
1619762451,-0.0376090077,-0.08202134416,
1619962471,-0.0365868589,-0.07573722233,
1620162490,-0.0329851246,-0.06987522883,
1620362510,-0.03024917927,-0.06445381185,
1620562530,-0.02555683077,-0.05963986988,
1620762550,-0.02102146514,-0.05489738125,
1620962569,-0.01543589666,-0.050910177,
1621162589,-0.009347106494,-0.04796382599,
1621362609,-0.002763972554,-0.04582754231,
1621562629,0.003687680059,-0.04480593711,
1621762648,0.01032046383,-0.04405499341,
1621962668,0.01722477556,-0.04416016602,
1622162688,0.02430283519,-0.04580607095,
1622362708,0.03130835146,-0.0481386245,
1622562727,0.03741666716,-0.05119024972,
1622762747,0.0436767238,-0.05500537513,
1622962767,0.04895784699,-0.06015665473,
1623162787,0.05440582349,-0.06521139978,
1623362806,0.0588569183,-0.07185477803,
1623562826,0.06236524432,-0.07851759417,
1623762846,0.06532394488,-0.08550549658,
1623962866,0.06730280754,-0.09238784874,
1624162885,0.06863914341,-0.1000491304,
1624362905,0.06920716739,-0.1077618776,
1624562925,0.06866816102,-0.1164767202,
1624762945,0.06776076989,-0.1235503251,
1624962964,0.06477473121,-0.1306798883,
1625162984,0.06126221556,-0.1373067091,
1625363004,0.05816456867,-0.1449264807,
1625563024,0.05276206438,-0.1508121046,
1625763043,0.04681557701,-0.1563085762,
1625963063,0.04108908829,-0.1610633313,
1626163083,0.03545127411,-0.1653688644,
1626363103,0.0278761702,-0.1688108972,
1626563122,0.02077214081,-0.1706128343,
1626763142,0.01357219765,-0.1739602538,
1626963162,0.005164825251,-0.1744469549,
1627163182,-0.001885327743,-0.1735570558,
1627363201,-0.009065445212,-0.1739133568,
1627563221,-0.01602727658,-0.1718030199,
1627763241,-0.0236308241,-0.1691252704,
1627963261,-0.02983324933,-0.1653658136,
1628163280,-0.03577468147,-0.1615209321,
1628363300,-0.04102318772,-0.1566846348,
1628563320,-0.04621606792,-0.1515927868,
1628763340,-0.05057305773,-0.1460755622,
1628963359,-0.053558063,-0.1397393286,
1629163379,-0.05639913049,-0.1340824767,
1629363399,-0.0579019329,-0.1270147773,
1629563419,-0.05886981979,-0.1209231727,
1629763438,-0.05926166843,-0.1134631586,
1629963458,-0.05848733448,-0.1068218097,
1630163478,-0.05632693512,-0.100524933,
1630363498,-0.05390228062,-0.09443955517,
1630563518,-0.05067046122,-0.08869940554,
1630763537,-0.04699661895,-0.08448744419,
1630963557,-0.04209578425,-0.0799478718,
1631163577,-0.03703396079,-0.07611779337,
1631363597,-0.03157376316,-0.07344938413,
1631563616,-0.02664832562,-0.07119210361,
1631763636,-0.01969210818,-0.06992575547,
1631963656,-0.01381299416,-0.06930814796,
1632163676,-0.007512546003,-0.06967656488,
1632363695,-0.002391767239,-0.07129282685,
1632563715,0.003903744563,-0.07250531732,
1632763735,0.009119977289,-0.07596510357,
1632963755,0.01352558238,-0.07944935017,
1633163774,0.01847754848,-0.08391872349,
1633363794,0.02167970429,-0.08873721053,
1633563814,0.02488094139,-0.09387898284,
1633763834,0.02678723879,-0.09992464701,
1633963853,0.02882980995,-0.1061862582,
1634163873,0.02886411351,-0.1121617471,
1634363893,0.02892134087,-0.1180169118,
1634563913,0.02856047883,-0.1247054143,
1634763932,0.02655333685,-0.1314976258,
1634963952,0.02367351301,-0.1367805622,
1635163972,0.02010831473,-0.1423687941,
1635363992,0.01612646461,-0.1479455528,
1635564011,0.01107021639,-0.1528830777,
1635764031,0.005724127977,-0.1558582004,
1635964051,-0.0003864077309,-0.1596241697,
1636164071,-0.006808287932,-0.1625300564,
1636364090,-0.01326187869,-0.164267813,
1636564110,-0.01967909917,-0.1652048254,
1636764130,-0.026601215,-0.1653491575,
1636964150,-0.03376681406,-0.1648290563,
1637164169,-0.04055312605,-0.1636480662,
1637364189,-0.04731915586,-0.1615487913,
1637564209,-0.05387058054,-0.1583876998,
1637764229,-0.06004686857,-0.15385766,
1637964248,-0.06652570687,-0.1493508013,
1638164268,-0.07153623228,-0.1442372363,
1638364288,-0.07629497578,-0.1382821238,
1638564308,-0.07983627432,-0.1324507326,
1638764327,-0.08317543216,-0.1249569679,
1638964347,-0.08551938843,-0.1182979966,
1639164367,-0.08668860125,-0.110703319,
1639364387,-0.08705471219,-0.1033615222,
1639564406,-0.08677947708,-0.09596618247,
1639764426,-0.08540632638,-0.08884910649,
1639964446,-0.08411392839,-0.08150453151,
1640164466,-0.08104100849,-0.07440207108,
1640364485,-0.07712074601,-0.06775657317,
1640564505,-0.07286044452,-0.06147682967,
1640764525,-0.06814182979,-0.05644107104,
1640964545,-0.06201984456,-0.05097395407,
1641164564,-0.05582667781,-0.04733407455,
1641364584,-0.04917005463,-0.04430851181,
1641564604,-0.04228759198,-0.04186736115,
1641764624,-0.03528179625,-0.04015253025,
1641964643,-0.02835552054,-0.03963839083,
1642164663,-0.02071579581,-0.04013584266,
1642364683,-0.014051778,-0.04090615807,
1642564703,-0.007295362273,-0.04282950628,
1642764722,-0.0011701918,-0.04595556651,
1642964742,0.004937750905,-0.04931249517,
1643164762,0.01091392435,-0.05308597178,
1643364782,0.01498914791,-0.05834554817,
1643564801,0.01930150601,-0.06397217967,
1643764821,0.02273066926,-0.06975878538,
1643964841,0.02534540302,-0.07595727152,
1644164861,0.02724765024,-0.08204587941,
1644364880,0.02838148184,-0.08828284436,
1644564900,0.02808830829,-0.09531790222,
1644764920,0.02730249778,-0.1014900396,
1644964940,0.02598437466,-0.1077759832,
1645164959,0.02359892776,-0.1141100511,
1645364979,0.02049967044,-0.1189317367,
1645564999,0.01704946008,-0.124504165,
1645765019,0.01211618493,-0.1287554235,
1645965038,0.006781383246,-0.1325700355,
1646165058,0.002086283687,-0.135701251,
1646365078,-0.004135746831,-0.138525769,
1646565098,-0.009905352809,-0.1398191842,
1646765117,-0.01591370787,-0.1406513015,
1646965137,-0.02278007623,-0.1404773858,
1647165157,-0.02903108279,-0.1397565889,
1647365177,-0.03500473334,-0.1391251654,
1647565196,-0.04005901715,-0.1357676298,
1647765216,-0.04558426416,-0.132678897,
1647965236,-0.05048994887,-0.1294890244,
1648165256,-0.05543754818,-0.1246865769,
1648365275,-0.05918416251,-0.1190484242,
1648565295,-0.06262073998,-0.1137034519,
1648765315,-0.06440610582,-0.1079152392,
1648965335,-0.06641249679,-0.1016183342,
1649165354,-0.06766367463,-0.09567322846,
1649365374,-0.06656695519,-0.0886578824,
1649565394,-0.06610550838,-0.08263981305,
1649765414,-0.06447057902,-0.07595850428,
1649965433,-0.06183322697,-0.07024251632,
1650165453,-0.05874559037,-0.06417163688,
1650365473,-0.05519911016,-0.05878784409,
1650565493,-0.05037315155,-0.05406277586,
1650765512,-0.04503506152,-0.04988758594,
1650965532,-0.03984914838,-0.04647074402,
1651165552,-0.03328156807,-0.04330368262,
1651365572,-0.02685238272,-0.04126414394,
1651565591,-0.02054604331,-0.04016430798,
1651765611,-0.01346785377,-0.04022549304,
1651965631,-0.006653546612,-0.04067663325,
1652165651,0.0001499369588,-0.0419521762,
1652365670,0.006825093493,-0.04381310314,
1652565690,0.01305727642,-0.04685457247,
1652765710,0.01861408636,-0.05063183389,
1652965730,0.02358906056,-0.05510978141,
1653165749,0.02786918811,-0.06055070807,
1653365769,0.03191413313,-0.06608976822,
1653565789,0.03534976969,-0.0723884908,
1653765809,0.03793531395,-0.07866325088,
1653965828,0.03957541925,-0.08511120248,
1654165848,0.04000549925,-0.09184670572,
1654365868,0.04054467751,-0.09840067184,
1654565888,0.03959547788,-0.105395522,
1654765908,0.03796444519,-0.1119561119,
1654965927,0.0353120087,-0.1185638628,
1655165947,0.03221247601,-0.1243652026,
1655365967,0.02864908507,-0.1288051992,
1655565987,0.02388763003,-0.133772246,
1655766006,0.01795087059,-0.1386486942,
1655966026,0.01313594047,-0.1417782263,
1656166046,0.007491912622,-0.1446757836,
1656366066,0.0009857567672,-0.1469526164,
1656566085,-0.005442732645,-0.1478864349,
1656766105,-0.01135208923,-0.1481765431,
1656966125,-0.01845206014,-0.1478085678,
1657166145,-0.02398793111,-0.1461976558,
1657366164,-0.03015463629,-0.1440455998,
1657566184,-0.03646349427,-0.1417118485,
1657766204,-0.04122136612,-0.1382886772,
1657966224,-0.04591452354,-0.1338421593,
1658166243,-0.04992199278,-0.1288991392,
1658366263,-0.05347636843,-0.1235020838,
1658566283,-0.05627825369,-0.1180252133,
1658766303,-0.05809592154,-0.1117304834,
1658966322,-0.05970845761,-0.1061790257,
1659166342,-0.06015690767,-0.09925954172,
1659366362,-0.0596913547,-0.0934509382,
1659566382,-0.05796756577,-0.08691342399,
1659766401,-0.05547425774,-0.08116889456,
1659966421,-0.05269603581,-0.07569863405,
1660166441,-0.04872626948,-0.07015284558,
1660366461,-0.04504546478,-0.06560354798,
1660566480,-0.03962009342,-0.06106767729,
1660766500,-0.0341411153,-0.05811453485,
1660966520,-0.02764294561,-0.05586003225,
1661166540,-0.02135940766,-0.05377961049,
1661366559,-0.01501002136,-0.05256254968,
1661566579,-0.007845491046,-0.05286154376,
1661766599,-0.001439507088,-0.05351828763,
1661966619,0.005157331604,-0.05493408385,
1662166638,0.01130992685,-0.05759292959,
1662366658,0.01691357223,-0.06137131824,
1662566678,0.02296440698,-0.06510491556,
1662766698,0.02810803873,-0.07038291783,
1662966717,0.03225194038,-0.07614490459,
1663166737,0.03623474238,-0.08199157442,
1663366757,0.03932937928,-0.08822137613,
1663566777,0.04142836092,-0.09585657495,
1663766796,0.0423448017,-0.1029980749,
1663966816,0.04296168328,-0.1100484579,
1664166836,0.04219817641,-0.1171464331,
1664366856,0.04121888049,-0.1244390112,
1664566875,0.03855510164,-0.1313980038,
1664766895,0.03549742875,-0.138803202,
1664966915,0.03122621251,-0.1452893839,
1665166935,0.02724763638,-0.1508179962,
1665366954,0.02169659724,-0.1566290116,
1665566974,0.01594811689,-0.1612088149,
1665766994,0.008788160571,-0.1652602719,
1665967014,0.001768446083,-0.1684810816,
1666167033,-0.005072945347,-0.1708325274,
1666367053,-0.01215004788,-0.1729071617,
1666567073,-0.01991694301,-0.1739028408,
1666767093,-0.02756316884,-0.173433503,
1666967112,-0.03574871244,-0.172674161,
1667167132,-0.04287797401,-0.1702817251,
1667367152,-0.05031681264,-0.1672780734,
1667567172,-0.05730123563,-0.1640013953,
1667767191,-0.06367686895,-0.1602617101,
1667967211,-0.06988007517,-0.1546125716,
1668167231,-0.07512130983,-0.1498150403,
1668367251,-0.0801216411,-0.1425371115,
1668567270,-0.08383330408,-0.13681774,
1668767290,-0.08632120027,-0.1294865162,
1668967310,-0.08829206328,-0.1217440223,
1669167330,-0.09029139179,-0.1142338651,
1669367349,-0.09122375602,-0.1070518896,
1669567369,-0.08991689912,-0.09931972018,
1669767389,-0.08912897788,-0.0922052178,
1669967409,-0.08676179681,-0.08459782821,
1670167428,-0.08332095529,-0.07790183934,
1670367448,-0.07942806216,-0.07185402532,
1670567468,-0.07520873196,-0.06594100126,
1670767488,-0.07003983495,-0.06109681685,
1670967507,-0.06441354525,-0.05680912786,
1671167527,-0.05806265275,-0.05324827366,
1671367547,-0.05182472272,-0.05058636142,
1671567567,-0.04478940172,-0.0490284334,
1671767586,-0.03780697834,-0.04781689304,
1671967606,-0.03135207501,-0.04832441579,
1672167626,-0.02485876829,-0.04879816156,
1672367646,-0.01840353584,-0.05066137221,
1672567665,-0.01251937066,-0.05339564717,
1672767685,-0.00666716493,-0.05677384545,
1672967705,-0.00152586398,-0.06055224774,
1673167725,0.002798244899,-0.06480819716,
1673367744,0.006225804429,-0.07052552722,
1673567764,0.009266176685,-0.07601846998,
1673767784,0.01095708817,-0.08185358482,
1673967804,0.01270629121,-0.08759123601,
1674167823,0.01307257311,-0.09380671512,
1674367843,0.01238618035,-0.09981678035,
1674567863,0.01143858699,-0.1061356103,
1674767883,0.009380559793,-0.1116526759,
1674967902,0.006130428843,-0.117658542,
1675167922,0.00276370548,-0.12198808,
1675367942,-0.001223866988,-0.1267279791,
1675567962,-0.006209915676,-0.1304767851,
1675767981,-0.01175673979,-0.1335523434,
1675968001,-0.0175125759,-0.1363380595,
1676168021,-0.02373537929,-0.1384721309,
1676368041,-0.02998831182,-0.1388584034,
1676568060,-0.03696148648,-0.1390292431,
1676768080,-0.04264414443,-0.1378892423,
1676968100,-0.0498330351,-0.1363257013,
1677168120,-0.05557056074,-0.1339718438,
1677368139,-0.06101543286,-0.1304448377,
1677568159,-0.066724842,-0.1265617053,
1677768179,-0.07181667391,-0.1213398116,
1677968199,-0.07587998562,-0.11644622,
1678168218,-0.07992918634,-0.1098922587,
1678368238,-0.08266243669,-0.1034183125,
1678568258,-0.08512275822,-0.09690560085,
1678768278,-0.08647192733,-0.08985992828,
1678968297,-0.08736386846,-0.08201667911,
1679168317,-0.08644174386,-0.0749459492,
1679368337,-0.08510418304,-0.06710291795,
1679568357,-0.08314482889,-0.05972325174,
1679768377,-0.08012956327,-0.05314621434,
1679968396,-0.07612814416,-0.04601392865,
1680168416,-0.07191212275,-0.04001856934,
1680368436,-0.06607172267,-0.03383105503,
1680568456,-0.060480722,-0.0287254265,
1680768475,-0.05371391605,-0.02432830509,
1680968495,-0.04648877629,-0.0213862474,
1681168515,-0.03877885326,-0.01852887306,
1681368535,-0.03150819196,-0.01666091741,
1681568554,-0.02332957098,-0.01613087362,
1681768574,-0.01560847233,-0.01614127021,
1681968594,-0.007807818686,-0.01688100628,
1682168614,-0.000256394249,-0.01892720227,
1682368633,0.007060911585,-0.02172427659,
1682568653,0.01418259545,-0.02498238805,
1682768673,0.02028360571,-0.02902013757,
1682968693,0.02613511319,-0.03406857013,
1683168712,0.0313332175,-0.03997098368,
1683368732,0.03543543654,-0.0461620781,
1683568752,0.03939798487,-0.05304488757,
1683768772,0.04258595426,-0.05992990196,
1683968791,0.04412009577,-0.06704658434,
1684168811,0.04489643404,-0.07465299102,
1684368831,0.04537122947,-0.08187044515,
1684568851,0.04497948686,-0.08901645639,
1684768870,0.04308167575,-0.09601922725,
1684968890,0.04046197368,-0.1029722788,
1685168910,0.03731128575,-0.1091453709,
1685368930,0.03381425123,-0.1146881931,
1685568949,0.02926692091,-0.1189997791,
1685768969,0.0238938987,-0.124440484,
1685968989,0.01890036578,-0.1278880834,
1686169009,0.01249226821,-0.1300725601,
1686369028,0.006720928574,-0.1322412662,
1686569048,3.864730357e-05,-0.1336083252,
1686769068,-0.00580006294,-0.1338290804,
1686969088,-0.01241117223,-0.1332388223,
1687169107,-0.01835891987,-0.1317365584,
1687369127,-0.02448231861,-0.1292980581,
1687569147,-0.03007222524,-0.1263261394,
1687769167,-0.03469625451,-0.1233360289,
1687969186,-0.03945003865,-0.1188403515,
1688169206,-0.04322085188,-0.1138036407,
1688369226,-0.04641361027,-0.1087613048,
1688569246,-0.048587708,-0.1021307966,
1688769265,-0.05034779505,-0.09615658999,
1688969285,-0.05052561345,-0.09013417704,
1689169305,-0.05039094314,-0.08384876304,
1689369325,-0.04928186762,-0.07730456734,
1689569344,-0.04708276495,-0.07102235476,
1689769364,-0.04445295217,-0.06496618666,
1689969384,-0.04073756997,-0.05961079784,
1690169404,-0.03640548683,-0.05500194544,
1690369423,-0.03162742104,-0.0502044421,
1690569443,-0.02552091751,-0.04626126573,
1690769463,-0.01925753183,-0.04315931669,
1690969483,-0.01283624364,-0.04124012375,
1691169502,-0.00628964087,-0.03972213856,
1691369522,0.001025969525,-0.03893263306,
1691569542,0.008363620798,-0.03933901101,
1691769562,0.01561800066,-0.04053103155,
1691969581,0.02225494628,-0.04289304952,
1692169601,0.02922664168,-0.04550010122,
1692369621,0.03553294871,-0.04964390251,
1692569641,0.04145813096,-0.05418755044,
1692769660,0.04717552298,-0.05969425784,
1692969680,0.05126685492,-0.06633844689,
1693169700,0.05535548778,-0.07276058768,
1693369720,0.05875442962,-0.07974078894,
1693569739,0.06175744036,-0.08731709509,
1693769759,0.06332556787,-0.09458962961,
1693969779,0.06408558953,-0.1022349151,
1694169799,0.06382517571,-0.1106095128,
1694369818,0.06219947117,-0.1179523239,
1694569838,0.06039295929,-0.1260487732,
1694769858,0.05711022682,-0.132714992,
1694969878,0.05378837263,-0.1399754166,
1695169897,0.04869783996,-0.1460133429,
1695369917,0.04382334796,-0.1522385924,
1695569937,0.03856365906,-0.1570024399,
1695769957,0.03241582694,-0.1614494802,
1695969976,0.02511354101,-0.1653196691,
1696169996,0.01861577794,-0.168553577,
1696370016,0.01116313024,-0.1702793258,
1696570036,0.003721486981,-0.1712913942,
1696770055,-0.003585893207,-0.1719197701,
1696970075,-0.01068201529,-0.1716153476,
1697170095,-0.01749523152,-0.1698583474,
1697370115,-0.02477740997,-0.1678107903,
1697570134,-0.03066757448,-0.164568236,
1697770154,-0.03741149616,-0.1604852439,
1697970174,-0.04308724116,-0.1567052538,
1698170194,-0.0478849848,-0.1518559447,
1698370213,-0.05209280111,-0.1468118616,
1698570233,-0.05599452295,-0.1396706527,
1698770253,-0.05826170191,-0.1340008825,
1698970273,-0.06021038767,-0.1270981842,
1699170292,-0.06073086737,-0.1205690993,
1699370312,-0.06120338352,-0.1144647808,
1699570332,-0.06057079667,-0.1075866079,
1699770352,-0.05894995352,-0.1012840884,
1699970371,-0.0564202102,-0.09563493225,
1700170391,-0.05290454336,-0.08975578825,
1700370411,-0.04950802361,-0.08504032008,
1700570431,-0.04569986256,-0.08050311219,
1700770450,-0.03989896933,-0.07676463974,
1700970470,-0.03469671489,-0.07401863704,
1701170490,-0.02868914124,-0.07151498357,
1701370510,-0.02282003428,-0.07005081976,
1701570529,-0.01663369351,-0.06956156844,
1701770549,-0.01044170531,-0.07010214104,
1701970569,-0.004595006557,-0.07164149293,
1702170589,0.001439215341,-0.07350360538,
1702370608,0.007079757832,-0.07634195201,
1702570628,0.01164129354,-0.07991967126,
1702770648,0.01614520694,-0.08476561614,
1702970668,0.01964282626,-0.08900650821,
1703170687,0.02363482222,-0.09433215908,
1703370707,0.02548591219,-0.1001879575,
1703570727,0.02734688522,-0.1062184713,
1703770747,0.02769819077,-0.1122522321,
1703970767,0.02817118872,-0.1191525901,
1704170786,0.02663015862,-0.1253094064,
1704370806,0.02538029607,-0.1322019669,
1704570826,0.02330253216,-0.1374415695,
1704770846,0.01948702738,-0.1431015697,
1704970865,0.01506695369,-0.1485118666,
1705170885,0.01086352524,-0.1530023944,
1705370905,0.005404288818,-0.1573750663,
1705570925,-0.0003701138525,-0.161199368,
1705770944,-0.007421514897,-0.1641777919,
1705970964,-0.01261081799,-0.1661362582,
1706170984,-0.01965356057,-0.1668539737,
1706371004,-0.02665557541,-0.1674107692,
1706571023,-0.03401625484,-0.1661266955,
1706771043,-0.04072557388,-0.1651815683,
1706971063,-0.04755884658,-0.162639943,
1707171083,-0.05345651443,-0.1603863501,
1707371102,-0.0596511004,-0.156210335,
1707571122,-0.06533177177,-0.1518481755,
1707771142,-0.07054181411,-0.146114321,
1707971162,-0.07523508582,-0.1402013095,
1708171181,-0.07904138598,-0.1339213467,
1708371201,-0.08206788824,-0.1279997964,
1708571221,-0.0839565797,-0.1202897683,
1708771241,-0.08570149637,-0.1129187219,
1708971260,-0.08590053074,-0.1055663327,
1709171280,-0.08591141312,-0.09825119875,
1709371300,-0.0841661969,-0.09075146256,
1709571320,-0.08152286301,-0.08308319082,
1709771339,-0.07908810588,-0.07610536858,
1709971359,-0.07565512003,-0.06958094276,
1710171379,-0.07121235689,-0.06358810897,
1710371399,-0.06525099347,-0.0580207361,
1710571418,-0.05954871891,-0.05351103698,
1710771438,-0.05331674504,-0.04934817628,
1710971458,-0.04634134423,-0.04633904744,
1711171478,-0.03889314746,-0.04388860926,
1711371497,-0.03126018113,-0.04230448409,
1711571517,-0.02394853225,-0.04178950287,
1711771537,-0.01656286417,-0.0421208508,
1711971557,-0.009173218261,-0.04372945861,
1712171576,-0.002218082406,-0.04562889065,
1712371596,0.004993803084,-0.04877170476,
1712571616,0.01120085119,-0.05249953663,
1712771636,0.01714313763,-0.05747131162,
1712971655,0.02212836689,-0.06221042584,
1713171675,0.02652251683,-0.06798289176,
1713371695,0.03036165282,-0.07470967537,
1713571715,0.03299853983,-0.08094979206,
1713771734,0.03518854505,-0.08781643825,
1713971754,0.03617619826,-0.09498205962,
1714171774,0.03608999239,-0.1018792833,
1714371794,0.03573022142,-0.1087292005,
1714571813,0.03443968376,-0.115397547,
1714771833,0.03219443543,-0.1219075993,
1714971853,0.02928319975,-0.1277095242,
1715171873,0.02529889455,-0.133049893,
1715371892,0.02106843257,-0.1385154996,
1715571912,0.01569801244,-0.1429777088,
1715771932,0.0105144576,-0.146727145,
1715971952,0.00501713689,-0.1496236565,
1716171971,-0.001830421533,-0.1521914716,
1716371991,-0.007664646611,-0.1532923418,
1716572011,-0.01394785999,-0.1530670883,
1716772031,-0.01984604358,-0.1531936189,
1716972050,-0.02675528805,-0.1517773103,
1717172070,-0.03222908844,-0.1498720289,
1717372090,-0.03731441871,-0.1472375103,
1717572110,-0.04280852795,-0.1431808273,
1717772129,-0.04814677354,-0.1395523865,
1717972149,-0.05158905259,-0.1348482525,
1718172169,-0.05482710139,-0.1293058699,
1718372189,-0.05758932223,-0.1233527753,
1718572208,-0.05967513675,-0.1179780456,
1718772228,-0.06103017168,-0.1118588585,
1718972248,-0.06099097343,-0.1049388135,
1719172268,-0.06016928329,-0.09930610323,
1719372287,-0.05869909643,-0.09302171994,
1719572307,-0.05630768345,-0.08714790447,
1719772327,-0.05331089087,-0.08171351379,
1719972347,-0.04899067471,-0.07633334283,
1720172366,-0.04456191614,-0.07191151939,
1720372386,-0.03947552541,-0.06770294398,
1720572406,-0.03320849462,-0.06423872984,
1720772426,-0.02729803132,-0.06205341193,
1720972445,-0.02065476786,-0.06017261853,
1721172465,-0.01385108786,-0.05970499571,
1721372485,-0.007144474527,-0.05932611065,
1721572505,-0.0003911795984,-0.06100052803,
1721772524,0.006503663055,-0.06279110202,
1721972544,0.01293340784,-0.06523895105,
1722172564,0.01913655336,-0.06904403496,
1722372584,0.024981098,-0.07317313388,
1722572603,0.03001368842,-0.07812330174,
1722772623,0.03446469034,-0.08415813621,
1722972643,0.03829036535,-0.09038019115,
1723172663,0.04169407445,-0.0967635669,
1723372682,0.04387044438,-0.1044351344,
1723572702,0.0456178391,-0.1111016517,
1723772722,0.04609138461,-0.1187401273,
1723972742,0.0455962919,-0.1260619917,
1724172761,0.04467988109,-0.1337085077,
1724372781,0.04252260241,-0.1408244681,
1724572801,0.03905110334,-0.1486597946,
1724772821,0.03608286029,-0.1554323531,
1724972840,0.0317270718,-0.1608638685,
1725172860,0.02623720529,-0.1668879767,
1725372880,0.02051106547,-0.171490476,
1725572900,0.01449545049,-0.1762798757,
1725772919,0.007644344772,-0.1797142682,
1725972939,0.001010497328,-0.1834295718,
1726172959,-0.005844599411,-0.1848186573,
1726372979,-0.01383728799,-0.186810779,
1726572998,-0.02128222483,-0.1866800677,
1726773018,-0.0288650544,-0.1857497657,
1726973038,-0.03523381332,-0.1843143394,
1727173058,-0.04310846645,-0.1822003368,
1727373077,-0.05012633294,-0.1797209699,
1727573097,-0.05643778763,-0.1762682418,
1727773117,-0.06151982006,-0.1721844918,
1727973137,-0.06683799541,-0.1672416191,
1728173156,-0.07123357822,-0.1604223067,
1728373176,-0.07561126968,-0.155010534,
1728573196,-0.07796698894,-0.1485371148,
1728773216,-0.08048266994,-0.1426974338,
1728973236,-0.08190448219,-0.1354857669,
1729173255,-0.08244265852,-0.128956784,
1729373275,-0.08252233157,-0.1225125436,
1729573295,-0.08086668033,-0.1148456485,
1729773315,-0.07891937322,-0.1087310163,
1729973334,-0.07622121121,-0.1031244348,
1730173354,-0.07292953733,-0.09735655669,
1730373374,-0.06894611429,-0.09242374019,
1730573394,-0.06450390598,-0.08798029963,
1730773413,-0.05938489911,-0.08457224628,
1730973433,-0.05348516898,-0.08186671286,
1731173453,-0.04745860342,-0.07996296137,
1731373473,-0.04178061976,-0.07855913357,
1731573492,-0.03544223026,-0.07854100339,
1731773512,-0.02907817859,-0.07911824087,
1731973532,-0.02356190603,-0.08116458582,
1732173552,-0.01781020995,-0.08316099637,
1732373571,-0.01273493315,-0.08647886063,
1732573591,-0.00800721195,-0.09013884114,
1732773611,-0.003918830741,-0.09442148394,
1732973631,-0.0002816921156,-0.09950706103,
1733173650,0.002655280699,-0.105201569,
1733373670,0.004845376344,-0.1111022823,
1733573690,0.005912264479,-0.1170044009,
1733773710,0.005913931499,-0.1236201501,
1733973729,0.004936211648,-0.1292948406,
1734173749,0.004223607865,-0.1360410914,
1734373769,0.001388219941,-0.1420528925,
1734573789,-0.001141551403,-0.147557244,
1734773808,-0.00504363768,-0.153173552,
1734973828,-0.009459615301,-0.1581212776,
1735173848,-0.01426579057,-0.1625306136,
1735373868,-0.02006474081,-0.1663839302,
1735573887,-0.02571710049,-0.1696700826,
1735773907,-0.03254730709,-0.1719474388,
1735973927,-0.0394052604,-0.172878033,
1736173947,-0.04642589913,-0.1737988538,
1736373966,-0.05326129347,-0.1732511829,
1736573986,-0.06067721984,-0.1722346685,
1736774006,-0.0673708754,-0.1707584758,
1736974026,-0.07446070034,-0.1681450191,
1737174045,-0.08088418118,-0.1643276222,
1737374065,-0.08770917989,-0.1601196725,
1737574085,-0.09286024435,-0.1548408861,
1737774105,-0.09828423329,-0.1498549841,
1737974124,-0.1022052849,-0.1429483633,
1738174144,-0.1062076375,-0.1360837802,
1738374164,-0.1085459719,-0.1287484745,
1738574184,-0.1114045394,-0.1207974513,
1738774203,-0.1124425612,-0.1134709473,
1738974223,-0.1127924838,-0.1063389345,
1739174243,-0.1125628773,-0.09794518269,
1739374263,-0.1111687376,-0.09008148822,
1739574282,-0.1088874708,-0.08237654355,
1739774302,-0.1051417634,-0.07513826822,
1739974322,-0.1016201398,-0.06826340913,
1740174342,-0.09689308277,-0.06217832303,
1740374361,-0.09199028671,-0.05649283431,
1740574381,-0.08598952274,-0.05134905803,
1740774401,-0.07908871171,-0.04711434883,
1740974421,-0.07227955639,-0.04359758512,
1741174440,-0.06491173207,-0.04075584041,
1741374460,-0.05734515612,-0.03933796241,
1741574480,-0.05016115401,-0.03831117301,
1741774500,-0.04233301737,-0.03860217674,
1741974519,-0.03472906903,-0.03975877336,
1742174539,-0.02756194934,-0.04206244889,
1742374559,-0.02098754923,-0.0445093698,
1742574579,-0.01486069713,-0.04824961416,
1742774598,-0.008922026229,-0.0526661619,
1742974618,-0.003508154634,-0.0571739756,
1743174638,0.0007074715057,-0.06332192725,
1743374658,0.004555800335,-0.06893104339,
1743574677,0.007031766907,-0.07545742102,
1743774697,0.009327225737,-0.08201265025,
1743974717,0.01014453907,-0.08851996371,
1744174737,0.01025618736,-0.09542796789,
1744374756,0.009788415412,-0.1022995191,
1744574776,0.008693240806,-0.108338185,
1744774796,0.005827079829,-0.114146629,
1744974816,0.003191507624,-0.120151846,
1745174835,-0.0007941418384,-0.1252807263,
1745374855,-0.004760711221,-0.1295565379,
1745574875,-0.009522790994,-0.1336989594,
1745774895,-0.015110699,-0.1371354899,
1745974914,-0.02120185899,-0.1397513921,
1746174934,-0.02683082766,-0.1412230702,
1746374954,-0.03292530916,-0.1421177302,
1746574974,-0.03877623361,-0.1422360316,
1746774993,-0.04568511099,-0.1413997828,
1746975013,-0.05101586397,-0.1402571378,
1747175033,-0.0570491325,-0.1375345184,
1747375053,-0.06249442688,-0.1348732125,
1747575072,-0.06732550923,-0.1309499557,
1747775092,-0.07137926689,-0.1264144722,
1747975112,-0.07503438659,-0.1213377815,
1748175132,-0.07861533376,-0.116137176,
1748375151,-0.08122830143,-0.1100677835,
1748575171,-0.08299325981,-0.1040059,
1748775191,-0.08399235298,-0.0973290036,
1748975211,-0.08392958952,-0.09094489916,
1749175230,-0.0832625319,-0.08428798058,
1749375250,-0.08158856603,-0.07780793027,
1749575270,-0.07937958805,-0.07169349964,
1749775290,-0.07630952984,-0.06574879529,
1749975309,-0.07248636864,-0.05985042802,
1750175329,-0.0677239825,-0.0553220741,
1750375349,-0.06252233188,-0.05117108008,
1750575369,-0.05677849901,-0.04701333614,
1750775388,-0.0505328194,-0.04405090146,
1750975408,-0.04431751213,-0.04226304052,
1751175428,-0.03702475476,-0.04081120757,
1751375448,-0.03009940157,-0.04034315679,
1751575467,-0.02313066528,-0.0405140439,
1751775487,-0.01655356053,-0.04187621028,
1751975507,-0.009686323639,-0.04367864213,
1752175527,-0.003380605593,-0.0470656816,
1752375546,0.002522110075,-0.05063349225,
1752575566,0.008016225243,-0.05452706819,
1752775586,0.01273028754,-0.05979983894,
1752975606,0.0168094362,-0.06520099466,
1753175625,0.0207522231,-0.07124649767,
1753375645,0.02313449461,-0.0775586346,
1753575665,0.02520980421,-0.08420931684,
1753775685,0.02619314133,-0.09075529327,
1753975705,0.02631557371,-0.09752623079,
1754175724,0.02601841637,-0.1041560081,
1754375744,0.02449929454,-0.110835439,
1754575764,0.02181056274,-0.1172005552,
1754775784,0.01952612782,-0.1233563602,
1754975803,0.0157839561,-0.128503561,
1755175823,0.01143033828,-0.1335555865,
1755375843,0.00710053109,-0.1378162219,
1755575863,0.001041466518,-0.1417564965,
1755775882,-0.004323392647,-0.1449425447,
1755975902,-0.01033422471,-0.1468606863,
1756175922,-0.01624214185,-0.1484603194,
1756375942,-0.02221601953,-0.1487392936,
1756575961,-0.02853593743,-0.1491831031,
1756775981,-0.03445112354,-0.147612712,
1756976001,-0.04056323804,-0.1458787732,
1757176021,-0.04599145975,-0.1438531228,
1757376040,-0.0511558615,-0.1407194512,
1757576060,-0.05616411693,-0.1364552862,
1757776080,-0.06066465125,-0.1323044907,
1757976100,-0.06392463779,-0.1276283396,
1758176119,-0.06727798046,-0.1226070759,
1758376139,-0.06904576292,-0.1167242104,
1758576159,-0.07055927737,-0.1106758248,
1758776179,-0.07121175642,-0.1045443773,
1758976198,-0.07093239065,-0.09816878021,
1759176218,-0.07030986028,-0.09228199518,
1759376238,-0.06834377012,-0.08643738448,
1759576258,-0.06595156838,-0.08111577903,
1759776277,-0.06277232987,-0.07536847309,
1759976297,-0.05858255862,-0.07040397391,
1760176317,-0.05391495262,-0.06663289356,
1760376337,-0.04886085545,-0.06316498999,
1760576356,-0.04326241396,-0.05995542017,
1760776376,-0.03723705007,-0.05787234048,
1760976396,-0.03115711712,-0.05695439716,
1761176416,-0.02441897634,-0.05587962821,
1761376435,-0.01823642687,-0.05658144317,
1761576455,-0.01189197582,-0.05763438177,
1761776475,-0.005432024158,-0.05948843285,
1761976495,0.0006215098115,-0.06219115506,
1762176514,0.005717382095,-0.06574528968,
1762376534,0.01094309565,-0.07037390426,
1762576554,0.01589121622,-0.07505752045,
1762776574,0.01980466704,-0.08045053117,
1762976593,0.02266591155,-0.08682957348,
1763176613,0.0254076569,-0.09240030217,
1763376633,0.02713243096,-0.09935830493,
1763576653,0.02800067159,-0.105890293,
1763776672,0.02784269854,-0.1127525019,
1763976692,0.02703980571,-0.1194551434,
1764176712,0.02579480075,-0.1262333651,
1764376732,0.02315372113,-0.1327170575,
1764576751,0.02018464004,-0.1389794666,
1764776771,0.01615867782,-0.1446462259,
1764976791,0.0118616027,-0.1499600794,
1765176811,0.006657708981,-0.1540470359,
1765376830,0.0009576808235,-0.1582402851,
1765576850,-0.004308150268,-0.1619124106,
1765776870,-0.0110990964,-0.1642457307,
1765976890,-0.01771807038,-0.166104485,
1766176909,-0.02440045989,-0.1671026772,
1766376929,-0.03099359435,-0.1672882206,
1766576949,-0.03792366385,-0.1663490463,
1766776969,-0.0445930766,-0.1650505701,
1766976988,-0.0511323533,-0.1627795442,
1767177008,-0.0568829112,-0.1602205978,
1767377028,-0.06302445552,-0.1563427216,
1767577048,-0.06817417142,-0.1520646962,
1767777067,-0.0717829677,-0.1467705578,
1767977087,-0.07641306952,-0.1417136284,
1768177107,-0.07945633625,-0.1360187513,
1768377127,-0.08167684676,-0.1296319612,
1768577146,-0.08348879241,-0.1233525662,
1768777166,-0.08412592338,-0.1163369264,
1768977186,-0.08436558498,-0.1099609339,
1769177206,-0.0839556174,-0.1035752047,
1769377225,-0.08199708736,-0.09736031191,
1769577245,-0.07978652896,-0.09148429998,
1769777265,-0.07634349583,-0.08573856552,
1769977285,-0.07255730802,-0.08030589699,
1770177304,-0.06846670721,-0.07583833577,
1770377324,-0.06357791725,-0.07181906816,
1770577344,-0.05801671729,-0.06826583149,
1770777364,-0.0520491463,-0.06599069004,
1770977383,-0.0462744364,-0.06438305866,
1771177403,-0.03983700072,-0.06363421592,
1771377423,-0.03345687444,-0.06347730551,
1771577443,-0.02715483619,-0.06441995404,
1771777462,-0.02131670963,-0.06615282808,
1771977482,-0.0159880757,-0.06862673721,
1772177502,-0.01014555612,-0.07188114493,
1772377522,-0.005281473607,-0.07587783105,
1772577541,-0.0007058829552,-0.08051756764,
1772777561,0.003346953527,-0.08519036569,
1772977581,0.005609960665,-0.09101515253,
1773177601,0.008201786996,-0.09691117441,
1773377620,0.009426655586,-0.103353271,
1773577640,0.01011325953,-0.1092934643,
1773777660,0.009841569923,-0.1157984567,
1773977680,0.009056077257,-0.1222127894,
1774177699,0.006785251631,-0.1282850864,
1774377719,0.004271044221,-0.1343361523,
1774577739,0.0007210052786,-0.139971718,
1774777759,-0.002862385512,-0.1448966159,
1774977778,-0.007775905316,-0.1499476672,
1775177798,-0.01308100881,-0.1536073743,
1775377818,-0.01833362036,-0.1566333404,
1775577838,-0.02459281307,-0.1591419122,
1775777857,-0.03086534604,-0.1606990466,
1775977877,-0.03761244457,-0.1620136484,
1776177897,-0.04432111275,-0.1620971779,
1776377917,-0.0507105973,-0.1611678366,
1776577936,-0.0573780822,-0.1597805065,
1776777956,-0.06384153027,-0.1577657128,
1776977976,-0.07006158922,-0.1543099771,
1777177996,-0.07606169188,-0.1503062969,
1777378015,-0.0809686542,-0.1459593463,
1777578035,-0.08575238638,-0.1409695308,
1777778055,-0.08995429764,-0.1353094694,
1777978075,-0.09292464909,-0.1290703678,
1778178095,-0.09571672128,-0.1227310409,
1778378114,-0.09709334268,-0.1158547432,
1778578134,-0.098186643,-0.1086968936,
1778778154,-0.09819330094,-0.1014831491,
1778978174,-0.09789934017,-0.09465733263,
1779178193,-0.09597371277,-0.08735168278,
1779378213,-0.09403556544,-0.08097165951,
1779578233,-0.09035576013,-0.0744363189,
1779778253,-0.08655920302,-0.06868199246,
1779978272,-0.08192692485,-0.06329876651,
1780178292,-0.07676030818,-0.05824234788,
1780378312,-0.07094380541,-0.05435263943,
1780578332,-0.06437917049,-0.05106830111,
1780778351,-0.05775941472,-0.04867517218,
1780978371,-0.0508301327,-0.0471671197,
1781178391,-0.04381578993,-0.04616605892,
1781378411,-0.0370030774,-0.04635658868,
1781578430,-0.02984947141,-0.04761849913,
1781778450,-0.02308357362,-0.04941631924,
1781978470,-0.0168544423,-0.05220730262,
1782178490,-0.01098653489,-0.05600893136,
1782378509,-0.005517828699,-0.06002992692,
1782578529,-0.0006038317657,-0.06494311703,
1782778549,0.003414906745,-0.07050310658,
1782978569,0.006833926136,-0.07623254765,
1783178588,0.009463236738,-0.08260436521,
1783378608,0.01133187676,-0.08920889464,
1783578628,0.01225615787,-0.09581489335,
1783778648,0.01208852055,-0.1027454868,
1783978667,0.01146314082,-0.1091754528,
1784178687,0.009531728279,-0.1155523082,
1784378707,0.007105011016,-0.1219652049,
1784578727,0.004029101608,-0.1277588054,
1784778746,-0.0001045458711,-0.1330405029,
1784978766,-0.004487664815,-0.1380045742,
1785178786,-0.009508268786,-0.1419092813,
1785378806,-0.01504640347,-0.1450218647,
1785578825,-0.02121067123,-0.1479154311,
1785778845,-0.02696307946,-0.1497023319,
1785978865,-0.03346589211,-0.1506058311,
1786178885,-0.04013645449,-0.1510973995,
1786378904,-0.04672302058,-0.1507870496,
1786578924,-0.0531307736,-0.1494296553,
1786778944,-0.05927839153,-0.147106621,
1786978964,-0.0648458164,-0.1442133372,
1787178983,-0.07041806784,-0.1406145332,
1787379003,-0.07555463459,-0.1358799274,
1787579023,-0.07991974231,-0.1312230575,
1787779043,-0.08399949521,-0.1254270834,
1787979062,-0.08666568017,-0.1195795791,
1788179082,-0.08910552632,-0.1131940199,
1788379102,-0.08997352134,-0.1068811438,
1788579122,-0.09072937446,-0.09980934732,
1788779141,-0.09122671418,-0.09307912409,
1788979161,-0.09001408077,-0.08623837954,
1789179181,-0.08788436014,-0.07971437078,
1789379201,-0.08535591938,-0.07328429961,
1789579220,-0.08189487758,-0.06719639673,
1789779240,-0.07779020906,-0.06189971933,
1789979260,-0.0727691216,-0.05680445439,
1790179280,-0.06776415209,-0.05240056184,
1790379299,-0.06152732649,-0.04872646084,
1790579319,-0.05515514452,-0.045930874,
1790779339,-0.04864904176,-0.04393312874,
1790979359,-0.0414994742,-0.04291117482,
1791179378,-0.03444573976,-0.04289804709,
1791379398,-0.0275190319,-0.04322055633,
1791579418,-0.02126566655,-0.04483085092,
1791779438,-0.01425717998,-0.04689054808,
1791979457,-0.008270443394,-0.05002112534,
1792179477,-0.002301620149,-0.05401338489,
1792379497,0.002856402157,-0.05846644241,
1792579517,0.007585772834,-0.06376829368,
1792779536,0.01137045433,-0.06918607494,
1792979556,0.01429996773,-0.07525356702,
1793179576,0.01665947387,-0.08148049293,
1793379596,0.01857259052,-0.08803169232,
1793579615,0.01936534271,-0.09494119213,
1793779635,0.01959030407,-0.1014969222,
1793979655,0.01814264402,-0.1082042068,
1794179675,0.01666112495,-0.1146697513,
1794379694,0.0140091643,-0.1209503314,
1794579714,0.01095927971,-0.1266108968,
1794779734,0.007034828481,-0.1317080762,
1794979754,0.002279096224,-0.1365774935,
1795179773,-0.002196350638,-0.1407351702,
1795379793,-0.007804330476,-0.1442938182,
1795579813,-0.01367563841,-0.1467919647,
1795779833,-0.01976716873,-0.1488825454,
1795979852,-0.02579774231,-0.1495785627,
1796179872,-0.03205674173,-0.1505197284,
1796379892,-0.03858233387,-0.1497940498,
1796579912,-0.04485424217,-0.1480531597,
1796779931,-0.05106013974,-0.1463716243,
1796979951,-0.05654983878,-0.1433580247,
1797179971,-0.06130159849,-0.1400615597,
1797379991,-0.06646789978,-0.1357912226,
1797580010,-0.07079656918,-0.1308998689,
1797780030,-0.07452106536,-0.1254506637,
1797980050,-0.07666332053,-0.1202069804,
1798180070,-0.07920406573,-0.1141590447,
1798380089,-0.08055249872,-0.1077787234,
1798580109,-0.08104638317,-0.1013683814,
1798780129,-0.08092866636,-0.09520832951,
1798980149,-0.07943201455,-0.0881313891,
1799180168,-0.07760736382,-0.08208465184,
1799380188,-0.07498668152,-0.07618319259,
1799580208,-0.07147928605,-0.07064228285,
1799780228,-0.06722984501,-0.0657959591,
1799980247,-0.06198367734,-0.06125068063,
1800180267,-0.05679209224,-0.05752041676,
1800380287,-0.05073169383,-0.05440886115,
1800580307,-0.0444401558,-0.05209064625,
1800780326,-0.03796903704,-0.05071099453,
1800980346,-0.03097186595,-0.05001476326,
1801180366,-0.02444402582,-0.05031080705,
1801380386,-0.01738643725,-0.05146197196,
1801580405,-0.01082566884,-0.05327056389,
1801780425,-0.004529203532,-0.05606855016,
1801980445,0.001497569089,-0.0597306663,
1802180465,0.006793870995,-0.06443748621,
1802380484,0.01153347477,-0.06925164337,
1802580504,0.01592486544,-0.07482856968,
1802780524,0.01939375469,-0.08077852473,
1802980544,0.02196489417,-0.08736267496,
1803180564,0.02404348087,-0.09397523249,
1803380583,0.02528701584,-0.1008655838,
1803580603,0.02540617942,-0.1079147067,
1803780623,0.02479179087,-0.1151200344,
1803980643,0.02346380606,-0.1220089758,
1804180662,0.02140519028,-0.1287219186,
1804380682,0.01790938545,-0.1348863659,
1804580702,0.01456188669,-0.1412399121,
1804780722,0.01017347797,-0.1463689809,
1804980741,0.005341041414,-0.1512590778,
1805180761,-0.000116818632,-0.1556131445,
1805380781,-0.006270826067,-0.1590684763,
1805580801,-0.012309341,-0.1621910133,
1805780820,-0.01908561236,-0.1641146829,
1805980840,-0.02620451111,-0.1652355128,
1806180860,-0.03291932673,-0.1656283798,
1806380880,-0.03952674028,-0.1650531208,
1806580899,-0.0463243389,-0.1641042127,
1806780919,-0.05293816589,-0.1619858188,
1806980939,-0.05918104366,-0.1590924403,
1807180959,-0.06468203742,-0.1555681201,
1807380978,-0.07039700496,-0.1513977009,
1807580998,-0.07501977635,-0.1462021668,
1807781018,-0.07903793634,-0.1415010382,
1807981038,-0.08256725445,-0.135519804,
1808181057,-0.08548331415,-0.1296123941,
1808381077,-0.08710215137,-0.1232426304,
1808581097,-0.08813786675,-0.1169028712,
1808781117,-0.08830952531,-0.1099577292,
1808981136,-0.08788997536,-0.1034842416,
1809181156,-0.08644229034,-0.09696881408,
1809381176,-0.08439502413,-0.0910506936,
1809581196,-0.08147339042,-0.08532041408,
1809781215,-0.077845368,-0.07987502254,
1809981235,-0.07371738604,-0.07505161541,
1810181255,-0.06891428627,-0.07108679586,
1810381275,-0.06362364851,-0.06764854339,
1810581294,-0.05833762496,-0.06499118215,
1810781314,-0.05204769464,-0.06310610865,
1810981334,-0.04580320512,-0.06203607048,
1811181354,-0.03967640514,-0.06177897381,
1811381373,-0.03373373423,-0.06273800381,
1811581393,-0.02754438667,-0.06386036943,
1811781413,-0.02193026449,-0.06634572906,
1811981433,-0.01650743474,-0.06914224788,
1812181452,-0.01149425712,-0.07261225799,
1812381472,-0.007620698201,-0.07713400293,
1812581492,-0.003246869957,-0.08194044797,
1812781512,-0.0003621282945,-0.08737228044,
1812981531,0.001828368498,-0.09282524518,
1813181551,0.0032597989,-0.09894285375,
1813381571,0.004347949941,-0.1048220169,
1813581591,0.00438972521,-0.1108935995,
1813781610,0.003337774163,-0.1170150881,
1813981630,0.001726414443,-0.1227791956,
1814181650,-0.001015397563,-0.1285237368,
1814381670,-0.003797912351,-0.1339157442,
1814581689,-0.00722401156,-0.1387913282,
1814781709,-0.01190676475,-0.1425822601,
1814981729,-0.01687713734,-0.1467437996,
1815181749,-0.02179514927,-0.1498444003,
1815381768,-0.02758706044,-0.1519108021,
1815581788,-0.03358895326,-0.1538412143,
1815781808,-0.03985460749,-0.1549228966,
1815981828,-0.04616088813,-0.1547047424,
1816181847,-0.05229398077,-0.1540040199,
1816381867,-0.05830680774,-0.1524713118,
1816581887,-0.06408361388,-0.1504795111,
1816781907,-0.07002354889,-0.1476120488,
1816981926,-0.07550402219,-0.1435377919,
1817181946,-0.08029313782,-0.1392999785,
1817381966,-0.08437929854,-0.1342995896,
1817581986,-0.08768633128,-0.1290181914,
1817782005,-0.09072504594,-0.123053621,
1817982025,-0.09286743206,-0.1169440422,
1818182045,-0.09444214204,-0.1104898393,
1818382065,-0.09510998338,-0.1033827474,
1818582084,-0.09487908183,-0.09714040357,
1818782104,-0.09376741973,-0.09048544087,
1818982124,-0.09230106815,-0.08396982698,
1819182144,-0.08961157115,-0.07761092097,
1819382163,-0.08611426473,-0.07155484999,
1819582183,-0.08219373636,-0.06629971279,
1819782203,-0.07754503417,-0.0611747427,
1819982223,-0.07219986187,-0.0567916729,
1820182242,-0.06634899021,-0.0530661826,
1820382262,-0.06047964128,-0.0502400345,
1820582282,-0.05351283835,-0.04835434624,
1820782302,-0.04674436811,-0.04704567528,
1820982321,-0.0396178313,-0.04665107104,
1821182341,-0.0330916832,-0.04732964796,
1821382361,-0.02600237607,-0.04868648635,
1821582381,-0.01928257119,-0.05089971419,
1821782400,-0.01273264361,-0.05363628577,
1821982420,-0.007311078103,-0.05761051118,
1822182440,-0.001753366549,-0.06173937219,
1822382460,0.002721112886,-0.06678437496,
1822582479,0.006716383971,-0.07250370136,
1822782499,0.01015547933,-0.07844319986,
1822982519,0.01251170218,-0.08478297012,
1823182539,0.01440838274,-0.09151069336,
1823382558,0.01528075554,-0.09844687169,
1823582578,0.01518489894,-0.1050628111,
1823782598,0.01454442791,-0.1116445902,
1823982618,0.01297917879,-0.1182095422,
1824182637,0.01072460943,-0.1244650128,
1824382657,0.007645062854,-0.1305646191,
1824582677,0.003980813053,-0.1359051135,
1824782697,-5.319827917e-05,-0.1408971702,
1824982716,-0.004850097909,-0.1453093911,
1825182736,-0.01025077359,-0.1488219857,
1825382756,-0.01576990746,-0.1519054388,
1825582776,-0.02232341302,-0.1544822476,
1825782795,-0.0283079927,-0.1557569883,
1825982815,-0.03468235358,-0.1566675011,
1826182835,-0.04106815759,-0.1567836643,
1826382855,-0.0470167241,-0.1557995564,
1826582874,-0.05320457473,-0.1540800071,
1826782894,-0.05922760922,-0.152299741,
1826982914,-0.06430118181,-0.1490648307,
1827182934,-0.06989237306,-0.1455200794,
1827382954,-0.07418890284,-0.1414431251,
1827582973,-0.07792329292,-0.1363923085,
1827782993,-0.08123537462,-0.1313953781,
1827983013,-0.08377591594,-0.126102733,
1828183033,-0.08560353843,-0.1202716454,
1828383052,-0.08681322445,-0.1142582204,
1828583072,-0.08716302893,-0.108219355,
1828783092,-0.08668593808,-0.1022185331,
1828983112,-0.08550298609,-0.09662410338,
1829183131,-0.0838388796,-0.09095626835,
1829383151,-0.08114658252,-0.08551100758,
1829583171,-0.07800354893,-0.08068940567,
1829783191,-0.07403746135,-0.07654851443,
1829983210,-0.0694913924,-0.07267864,
1830183230,-0.06445354738,-0.06936838756,
1830383250,-0.05959552598,-0.06695802895,
1830583270,-0.05434594401,-0.06521770351,
1830783289,-0.04837820738,-0.06403398447,
1830983309,-0.04247254653,-0.06421864786,
1831183329,-0.03709013683,-0.06496890168,
1831383349,-0.03125431683,-0.06625785932,
1831583368,-0.02605765661,-0.06843270872,
1831783388,-0.02083136039,-0.07147439882,
1831983408,-0.01599099646,-0.07487504311,
1832183428,-0.01227376721,-0.07884384945,
1832383447,-0.0086468968,-0.0837722663,
1832583467,-0.006298286274,-0.08898718565,
1832783487,-0.003903083385,-0.09446078072,
1832983507,-0.002639000032,-0.09992974862,
1833183526,-0.001814970444,-0.1061348973,
1833383546,-0.002173791182,-0.1120262223,
1833583566,-0.003117565633,-0.1181308604,
1833783586,-0.004746955094,-0.1234861703,
1833983605,-0.006732116282,-0.1292860125,
1834183625,-0.0102673204,-0.1346300903,
1834383645,-0.01411189565,-0.1391692334,
1834583665,-0.01811510262,-0.1434119529,
1834783684,-0.02330830033,-0.1472474782,
1834983704,-0.02822141641,-0.15041709,
1835183724,-0.03420804482,-0.1525005332,
1835383744,-0.04013055923,-0.1546426442,
1835583763,-0.04670353625,-0.1553858387,
1835783783,-0.05322819805,-0.1556456447,
1835983803,-0.05920757401,-0.1548458061,
1836183823,-0.06603357519,-0.1535373509,
1836383842,-0.07196131174,-0.1513182919,
1836583862,-0.07814882312,-0.1482840687,
1836783882,-0.08382581829,-0.1449471658,
1836983902,-0.08877277025,-0.14029028,
1837183921,-0.09317225155,-0.135454302,
1837383941,-0.09713755412,-0.1296830385,
1837583961,-0.1004518009,-0.1237626824,
1837783981,-0.1028600827,-0.1176784319,
1837984000,-0.1047218586,-0.1107468267,
1838184020,-0.1058102341,-0.1041977399,
1838384040,-0.1060591825,-0.0971246329,
1838584060,-0.1054644854,-0.09050495953,
1838784079,-0.1038063748,-0.08346159487,
1838984099,-0.1014925651,-0.0770339287,
1839184119,-0.09845622298,-0.07031780364,
1839384139,-0.09485739087,-0.06466945348,
1839584158,-0.09021054901,-0.05930247217,
1839784178,-0.08524372768,-0.05469174711,
1839984198,-0.07954627009,-0.05054061684,
1840184218,-0.07377188562,-0.0471256086,
1840384237,-0.06732368532,-0.04448769363,
1840584257,-0.0606316958,-0.04267758737,
1840784277,-0.05374071013,-0.0418015564,
1840984297,-0.04694753518,-0.04178296986,
1841184316,-0.04016298227,-0.0427659181,
1841384336,-0.03347983716,-0.04436101268,
1841584356,-0.02701489429,-0.04682538007,
1841784376,-0.02125392052,-0.05023542896,
1841984395,-0.01552916863,-0.05431481533,
1842184415,-0.0106693454,-0.05867751147,
1842384435,-0.006426588738,-0.06433309393,
1842584455,-0.003199417533,-0.06997724939,
1842784474,-0.0003544303249,-0.07608514761,
1842984494,0.001711111429,-0.08239843408,
1843184514,0.002744302118,-0.08890046981,
1843384534,0.002824703466,-0.09551537586,
1843584553,0.002161425927,-0.1021679602,
1843784573,0.000739740923,-0.1085584756,
1843984593,-0.001447973078,-0.1145882282,
1844184613,-0.005021513422,-0.120393326,
1844384632,-0.0082878107,-0.1260035273,
1844584652,-0.01265254462,-0.130564243,
1844784672,-0.01771781204,-0.1348078074,
1844984692,-0.02309069078,-0.1385388727,
1845184711,-0.02839879712,-0.1410094964,
1845384731,-0.03479459773,-0.1432107296,
1845584751,-0.04122798301,-0.1444018402,
1845784771,-0.04776161206,-0.1447199141,
1845984790,-0.0541282369,-0.144412882,
1846184810,-0.060915028,-0.1428693652,
1846384830,-0.06690499118,-0.1408150693,
1846584850,-0.07304041369,-0.1382681898,
1846784869,-0.07833339492,-0.1343734472,
1846984889,-0.08327424517,-0.1300549943,
1847184909,-0.08803392585,-0.1254010033,
1847384929,-0.09186735278,-0.120293409,
1847584948,-0.09505420796,-0.1141273893,
1847784968,-0.09758921025,-0.1074004242,
1847984988,-0.09929709085,-0.1008659041,
1848185008,-0.1002437946,-0.09435466793,
1848385027,-0.1003322811,-0.08705575209,
1848585047,-0.09903988038,-0.08037634197,
1848785067,-0.09782400422,-0.07346162806,
1848985087,-0.09520147609,-0.06679847218,
1849185106,-0.0920381622,-0.06070617081,
1849385126,-0.08784913873,-0.05499327871,
1849585146,-0.08336329755,-0.04981311811,
1849785166,-0.07769832116,-0.04504891048,
1849985185,-0.07201576069,-0.04109884936,
1850185205,-0.065716274,-0.03805206964,
1850385225,-0.05902742522,-0.03567161601,
1850585245,-0.05204044983,-0.03418317921,
1850785264,-0.04498299411,-0.03382105635,
1850985284,-0.03804866455,-0.03403776916,
1851185304,-0.03085467649,-0.03524320984,
1851385324,-0.02407126152,-0.03726719594,
1851585343,-0.01765758276,-0.04045669171,
1851785363,-0.01183425677,-0.04424481272,
1851985383,-0.006152594123,-0.04843554983,
1852185403,-0.001229089644,-0.0537854872,
1852385423,0.003031458417,-0.05919100209,
1852585442,0.00633416084,-0.06532640659,
1852785462,0.009023224678,-0.07182671447,
1852985482,0.01114177384,-0.0785733026,
1853185502,0.01197933136,-0.08520889921,
1853385521,0.01188818593,-0.09241355141,
1853585541,0.0110960947,-0.09926346207,
1853785561,0.009284415225,-0.105786678,
1853985581,0.006348523701,-0.1122971741,
1854185600,0.003171583172,-0.1184886262,
1854385620,-0.0004667636122,-0.123758533,
1854585640,-0.005166267227,-0.1290046858,
1854785660,-0.01022706328,-0.1331345605,
1854985679,-0.01617797129,-0.1369371898,
1855185699,-0.02210229272,-0.1400202154,
1855385719,-0.02891089466,-0.1419992738,
1855585739,-0.03507614614,-0.1430186046,
1855785758,-0.04214016296,-0.1434269377,
1855985778,-0.04893842259,-0.1433238871,
1856185798,-0.05598089781,-0.1420008912,
1856385818,-0.06243475217,-0.1397078076,
1856585837,-0.06889080921,-0.1369637936,
1856785857,-0.07425363485,-0.132559946,
1856985877,-0.08004315087,-0.1285025287,
1857185897,-0.08469282805,-0.1233687925,
1857385916,-0.08923261498,-0.1175386659,
1857585936,-0.09242454068,-0.1113587432,
1857785956,-0.09484142873,-0.1048229199,
1857985976,-0.09716272073,-0.09798616443,
1858185995,-0.09772551661,-0.09026871167,
1858386015,-0.09827792069,-0.08345854883,
1858586035,-0.09757356344,-0.07585735929,
1858786055,-0.09587534623,-0.06907120286,
1858986074,-0.09290919663,-0.06178226047,
1859186094,-0.08978999239,-0.05532366926,
1859386114,-0.08569341559,-0.04917041246,
1859586134,-0.08096769298,-0.04371329805,
1859786153,-0.07542226836,-0.03846749001,
1859986173,-0.06925454952,-0.03409968617,
1860186193,-0.06266402021,-0.03064454103,
1860386213,-0.05584373403,-0.02795833219,
1860586232,-0.04859685169,-0.02623128705,
1860786252,-0.040903401,-0.02546667275,
1860986272,-0.0333795338,-0.02545031528,
1861186292,-0.02625871896,-0.02667029573,
1861386311,-0.01877185486,-0.02839555015,
1861586331,-0.01182083276,-0.03095472572,
1861786351,-0.005539658712,-0.03459195905,
1861986371,0.0004903104217,-0.03892204801,
1862186390,0.005633114239,-0.043947539,
1862386410,0.01075615989,-0.04952979719,
1862586430,0.01477415463,-0.05542183602,
1862786450,0.01774819162,-0.06220776587,
1862986469,0.02007057828,-0.0689204526,
1863186489,0.02163943441,-0.07591401622,
1863386509,0.02234293289,-0.08304321182,
1863586529,0.0220212434,-0.08997679206,
1863786548,0.02047087476,-0.09707727592,
1863986568,0.01860785092,-0.1034513365,
1864186588,0.01597884035,-0.1096481806,
1864386608,0.01209449769,-0.115663836,
1864586627,0.007920240937,-0.1208619157,
1864786647,0.00330166411,-0.1257054241,
1864986667,-0.00223425319,-0.129600772,
1865186687,-0.007989075375,-0.1331840482,
1865386706,-0.01413765678,-0.1353722315,
1865586726,-0.02043209404,-0.1369876075,
1865786746,-0.02690915258,-0.1377962305,
1865986766,-0.03309735862,-0.1379724246,
1866186785,-0.0398236146,-0.1369002773,
1866386805,-0.04612173474,-0.1351080511,
1866586825,-0.05206488063,-0.1325668354,
1866786845,-0.05805696794,-0.1290555282,
1866986864,-0.06298804086,-0.1249012377,
1867186884,-0.06759231765,-0.1205672589,
1867386904,-0.07138653651,-0.1152455251,
1867586924,-0.07488160648,-0.1094374745,
1867786943,-0.07728468673,-0.1032507578,
1867986963,-0.07901476718,-0.0967727971,
1868186983,-0.07963398625,-0.09013157948,
1868387003,-0.07975402694,-0.08322573804,
1868587022,-0.07901938368,-0.07650295066,
1868787042,-0.07719347869,-0.06986854148,
1868987062,-0.07473734071,-0.06332169261,
1869187082,-0.07149525476,-0.05726056505,
1869387101,-0.06722200294,-0.05162501558,
1869587121,-0.06228791138,-0.04663386083,
1869787141,-0.05681590108,-0.04211805821,
1869987161,-0.0505128687,-0.03826658406,
1870187180,-0.04404552336,-0.03567007761,
1870387200,-0.03714245293,-0.03352428776,
1870587220,-0.02998634581,-0.03243870759,
1870787240,-0.0226116107,-0.03198893362,
1870987259,-0.01531485414,-0.03251520328,
1871187279,-0.008162625641,-0.03412845465,
1871387299,-0.0008629421685,-0.03643531102,
1871587319,0.005632621109,-0.03966231735,
1871787338,0.01162466665,-0.04371155465,
1871987358,0.01756575629,-0.04840459541,
1872187378,0.02261726288,-0.05395975635,
1872387398,0.02704170905,-0.05983030168,
1872587417,0.03084950893,-0.06644020957,
1872787437,0.03371321006,-0.07313974842,
1872987457,0.03578382925,-0.0806428822,
1873187477,0.03686512088,-0.08766412787,
1873387496,0.03721902147,-0.09510369726,
1873587516,0.0363318951,-0.1025629105,
1873787536,0.03511581064,-0.1096776147,
1873987556,0.03277057727,-0.1164994061,
1874187575,0.02980659176,-0.1233436023,
1874387595,0.02573954021,-0.1294402594,
1874587615,0.02120560488,-0.1351853961,
1874787635,0.01619893455,-0.1402883799,
1874987654,0.01067350196,-0.1446704973,
1875187674,0.004729645569,-0.1482461272,
1875387694,-0.00183083531,-0.1507866947,
1875587714,-0.008525571095,-0.1529204101,
1875787733,-0.01539961683,-0.1542730447,
1875987753,-0.02242420963,-0.1545103442,
1876187773,-0.02935126657,-0.1539445442,
1876387793,-0.03625865524,-0.1529357698,
1876587812,-0.04274494878,-0.1504452241,
1876787832,-0.04892534487,-0.1479847857,
1876987852,-0.05443335321,-0.1438116141,
1877187872,-0.05956442467,-0.1395268321,
1877387892,-0.0644982255,-0.134288102,
1877587911,-0.06836677587,-0.1287277056,
1877787931,-0.07137542171,-0.1231499474,
1877987951,-0.07401597001,-0.1165121028,
1878187971,-0.07565202652,-0.110045842,
1878387990,-0.07611832835,-0.1033899645,
1878588010,-0.07624675162,-0.09663389397,
1878788030,-0.07536724807,-0.09012181221,
1878988050,-0.07329935533,-0.08338242266,
1879188069,-0.0709503552,-0.07703164851,
1879388089,-0.06732074266,-0.07133956764,
1879588109,-0.06355185558,-0.06604420597,
1879788129,-0.05855075545,-0.06151107232,
1879988148,-0.05320779866,-0.057144069,
1880188168,-0.04735328381,-0.05380864162,
1880388188,-0.04106012082,-0.05134695473,
1880588208,-0.03448400016,-0.04970364897,
1880788227,-0.02779350794,-0.04903337064,
1880988247,-0.02086518874,-0.04880435173,
1881188267,-0.0142495418,-0.04978228259,
1881388287,-0.0074394802,-0.05147717834,
1881588306,-0.00128074838,-0.05400101985,
1881788326,0.004661464586,-0.05760388411,
1881988346,0.01011922181,-0.06158201338,
1882188366,0.01529539346,-0.0663687712,
1882388385,0.01956297961,-0.07143610522,
1882588405,0.02326040619,-0.07762016205,
1882788425,0.02568759445,-0.08374015939,
1882988445,0.02778958117,-0.0902699344,
1883188464,0.02879853417,-0.09715050604,
1883388484,0.02925864162,-0.1034713805,
1883588504,0.02871746384,-0.1106017467,
1883788524,0.02756644077,-0.1170481603,
1883988543,0.02548082039,-0.1232622858,
1884188563,0.02251114977,-0.1294758845,
1884388583,0.01915837807,-0.1350894867,
1884588603,0.01523268585,-0.1400472889,
1884788622,0.01032781695,-0.1443326093,
1884988642,0.005487517158,-0.1485242303,
1885188662,-0.0004775889708,-0.1515432366,
1885388682,-0.006802313009,-0.1543341411,
1885588701,-0.01230411788,-0.1561402116,
1885788721,-0.01887082698,-0.1571169558,
1885988741,-0.0252554806,-0.1572429983,
1886188761,-0.03186414536,-0.1562200293,
1886388780,-0.0377567547,-0.1546946537,
1886588800,-0.04332490085,-0.1525298589,
1886788820,-0.04913418832,-0.1494576253,
1886988840,-0.05421754879,-0.1459081441,
1887188859,-0.05873562145,-0.1413751584,
1887388879,-0.06281510395,-0.1367897523,
1887588899,-0.06629720248,-0.1318445052,
1887788919,-0.06851373507,-0.1261322086,
1887988938,-0.07063397375,-0.1200284047,
1888188958,-0.07139564697,-0.1141239787,
1888388978,-0.07156668438,-0.1080383338,
1888588998,-0.07143585362,-0.1017087035,
1888789017,-0.0696179799,-0.09552094234,
1888989037,-0.06740313477,-0.09000028528,
1889189057,-0.06437122002,-0.08443615636,
1889389077,-0.0610154807,-0.0792919156,
1889589096,-0.0567979745,-0.07520677762,
1889789116,-0.05185571442,-0.07113630922,
1889989136,-0.04668172972,-0.06792372196,
1890189156,-0.04057886779,-0.06540897122,
1890389175,-0.03476805576,-0.06417829579,
1890589195,-0.0280117964,-0.06322761109,
1890789215,-0.02187363913,-0.06346877795,
1890989235,-0.015620354,-0.06427928964,
1891189254,-0.009616902045,-0.06617405683,
1891389274,-0.003586053015,-0.06885242901,
1891589294,0.001871322226,-0.07218780655,
1891789314,0.006891922111,-0.07612385341,
1891989333,0.01161495697,-0.08081560869,
1892189353,0.01533605201,-0.08630227295,
1892389373,0.01859235178,-0.09194844572,
1892589393,0.02104158913,-0.09798350273,
1892789412,0.02254729361,-0.1046140739,
1892989432,0.02352744073,-0.1114354284,
1893189452,0.02381084439,-0.1176847238,
1893389472,0.02296438303,-0.1244414898,
1893589491,0.02169020159,-0.130794614,
1893789511,0.0189097915,-0.1372139202,
1893989531,0.0160903435,-0.1432764548,
1894189551,0.012267709,-0.1488287881,
1894389570,0.008108450586,-0.1536694491,
1894589590,0.003041931584,-0.1581341044,
1894789610,-0.002598096835,-0.1620592218,
1894989630,-0.008134105875,-0.1650449861,
1895189649,-0.01479498506,-0.1672532697,
1895389669,-0.02115072706,-0.1687798673,
1895589689,-0.02772783799,-0.1696635132,
1895789709,-0.03462308649,-0.1696936434,
1895989728,-0.04127332926,-0.1684495026,
1896189748,-0.04745438988,-0.1673104855,
1896389768,-0.05366898893,-0.164579581,
1896589788,-0.05967607914,-0.1615827682,
1896789807,-0.06494583911,-0.1579034634,
1896989827,-0.06974778552,-0.1528291679,
1897189847,-0.07361713892,-0.1482290322,
1897389867,-0.07746692421,-0.1423823212,
1897589886,-0.0803480323,-0.1365694455,
1897789906,-0.08267173818,-0.1307788462,
1897989926,-0.08391524942,-0.1242431427,
1898189946,-0.08434582592,-0.1175606711,
1898389965,-0.08387588515,-0.1114100108,
1898589985,-0.08253652455,-0.1047917658,
1898790005,-0.08060656912,-0.09887760965,
1898990025,-0.07761612352,-0.09282481289,
1899190044,-0.07444571871,-0.08758266152,
1899390064,-0.07033191788,-0.08260487003,
1899590084,-0.06565644079,-0.07829159394,
1899790104,-0.06028500205,-0.07483314785,
1899990123,-0.05442680928,-0.07162503579,
1900190143,-0.048611796,-0.06975221701,
1900390163,-0.04228994728,-0.06861512792,
1900590183,-0.03581498214,-0.06853035996,
1900790202,-0.02915165104,-0.06904310056,
1900990222,-0.02307182387,-0.07037662719,
1901190242,-0.01699208659,-0.07234217211,
1901390262,-0.01112184332,-0.0755589197,
1901590282,-0.005868138495,-0.07940405737,
1901790301,-0.0008965351545,-0.08419569684,
1901990321,0.003327450305,-0.08900510106,
1902190341,0.006805660297,-0.09475134111,
1902390361,0.009477480712,-0.1008367465,
1902590380,0.01145177411,-0.1073050712,
1902790400,0.01289287518,-0.1138616067,
1902990420,0.0127374532,-0.1207442609,
1903190440,0.01253623354,-0.1275780679,
1903390459,0.01132176188,-0.1338921015,
1903590479,0.009236597902,-0.1408441867,
1903790499,0.006201125138,-0.1464994502,
1903990519,0.002533031876,-0.1526328318,
1904190538,-0.001893169443,-0.1576369947,
1904390558,-0.006899312677,-0.1629285759,
1904590578,-0.01256212899,-0.166878285,
1904790598,-0.01832489397,-0.1701798555,
1904990617,-0.02473777389,-0.1725997774,
1905190637,-0.03141358943,-0.1746335022,
1905390657,-0.03825545002,-0.1756715592,
1905590677,-0.04538495345,-0.1761005807,
1905790696,-0.05266853434,-0.1753173777,
1905990716,-0.05956216746,-0.174086661,
1906190736,-0.06633879698,-0.1720544099,
1906390756,-0.07305561827,-0.168808205,
1906590775,-0.0790403282,-0.1650155258,
1906790795,-0.08461832121,-0.1606929616,
1906990815,-0.08943141758,-0.1557740525,
1907190835,-0.0934505372,-0.1501559153,
1907390854,-0.09727779334,-0.1441351404,
1907590874,-0.1005665972,-0.1374201883,
1907790894,-0.1027185898,-0.1307154045,
1907990914,-0.1041578254,-0.1242473082,
1908190933,-0.1047093688,-0.1171534863,
1908390953,-0.1042337573,-0.1098764357,
1908590973,-0.103194669,-0.1025443952,
1908790993,-0.1009907635,-0.09612239768,
1908991012,-0.09831574594,-0.08949256406,
1909191032,-0.09502601268,-0.08395344147,
1909391052,-0.09042388587,-0.07829753396,
1909591072,-0.08571975613,-0.07345667634,
1909791091,-0.08020607764,-0.06920430179,
1909991111,-0.07449993811,-0.06542228259,
1910191131,-0.06830252744,-0.06273694346,
1910391151,-0.06196155703,-0.06107949974,
1910591170,-0.05515274817,-0.05987915211,
1910791190,-0.04850370478,-0.05976803455,
1910991210,-0.04171017311,-0.06034773242,
1911191230,-0.0351359706,-0.06221437542,
1911391249,-0.02885623668,-0.06471399897,
1911591269,-0.02351549023,-0.0678574488,
1911791289,-0.01766431453,-0.07177111946,
1911991309,-0.01290847596,-0.07633105859,
1912191328,-0.009015076445,-0.08152061529,
1912391348,-0.005577788041,-0.08701978646,
1912591368,-0.003204791165,-0.09329218724,
1912791388,-0.001494185833,-0.09936093778,
1912991407,-0.0006813886436,-0.1059063541,
1913191427,-0.0005626339587,-0.1124506385,
1913391447,-0.0007377585656,-0.1187144629,
1913591467,-0.002723525275,-0.1252475014,
1913791486,-0.004989459236,-0.1312037403,
1913991506,-0.007924000593,-0.1367934189,
1914191526,-0.01174138651,-0.1420526064,
1914391546,-0.01619942082,-0.1466767801,
1914591565,-0.0210966641,-0.150608593,
1914791585,-0.02663151535,-0.1543060059,
1914991605,-0.03238585889,-0.1567254424,
1915191625,-0.03855968574,-0.1585366115,
1915391644,-0.04553317726,-0.1595739321,
1915591664,-0.05157452583,-0.1596888483,
1915791684,-0.05799345997,-0.159369715,
1915991704,-0.06460000276,-0.1580629832,
1916191723,-0.07040926658,-0.1558431258,
1916391743,-0.07671865766,-0.1533462355,
1916591763,-0.08214839586,-0.1491674334,
1916791783,-0.08706711391,-0.1452412893,
1916991802,-0.09138990822,-0.1406508443,
1917191822,-0.09544960601,-0.1347181755,
1917391842,-0.09878693813,-0.1292385067,
1917591862,-0.1012278491,-0.1229203718,
1917791881,-0.1026713534,-0.1167599145,
1917991901,-0.1036727526,-0.1096457088,
1918191921,-0.1032541591,-0.1030383659,
1918391941,-0.1027642979,-0.09635680843,
1918591960,-0.1013813571,-0.08980911551,
1918791980,-0.09836494965,-0.08339417294,
1918992000,-0.09561816526,-0.07769899779,
1919192020,-0.0916647494,-0.07212294448,
1919392039,-0.08714994905,-0.06698608909,
1919592059,-0.08201241492,-0.06278814817,
1919792079,-0.07659165452,-0.05922408003,
1919992099,-0.07045087369,-0.0560812616,
1920192118,-0.06413641304,-0.05395093229,
1920392138,-0.05764492183,-0.05247359638,
1920592158,-0.05088800977,-0.0522323158,
1920792178,-0.04419265872,-0.05236626728,
1920992197,-0.03755094883,-0.05376935457,
1921192217,-0.03129276593,-0.05596954742,
1921392237,-0.02567284099,-0.05917759106,
1921592257,-0.01976675366,-0.06282775632,
1921792276,-0.0148932928,-0.06714868724,
1921992296,-0.01044541845,-0.07211456769,
1922192316,-0.006320151328,-0.07758065394,
1922392336,-0.003464110579,-0.08351641706,
1922592355,-0.001493138718,-0.08967961599,
1922792375,0.0001373493249,-0.09635614121,
1922992395,0.0009553389765,-0.1031407937,
1923192415,0.0005204571571,-0.109591513,
1923392434,-0.000790321354,-0.1167306937,
1923592454,-0.002209179815,-0.1227057245,
1923792474,-0.005155099278,-0.1287727587,
1923992494,-0.008334497164,-0.1343337494,
1924192513,-0.01250310491,-0.1397638299,
1924392533,-0.01713616259,-0.1445570034,
1924592553,-0.02245035471,-0.148385741,
1924792573,-0.0281798307,-0.1517085763,
1924992592,-0.03417154274,-0.154409227,
1925192612,-0.04113819161,-0.1564294632,
1925392632,-0.04781439024,-0.1573363922,
1925592652,-0.05425497941,-0.157492491,
1925792671,-0.06122263018,-0.1567248875,
1925992691,-0.06784298155,-0.1550833944,
1926192711,-0.07433286136,-0.1534573508,
1926392731,-0.08000746237,-0.1498681801,
1926592751,-0.08681915484,-0.146229298,
1926792770,-0.0915695124,-0.1418545005,
1926992790,-0.09624949145,-0.1363662112,
1927192810,-0.1006048149,-0.130835654,
1927392830,-0.1038144765,-0.1243707341,
1927592849,-0.1060983626,-0.1179946927,
1927792869,-0.108558803,-0.111431935,
1927992889,-0.109160477,-0.1043843983,
1928192909,-0.1092238397,-0.09755172107,
1928392928,-0.1090841724,-0.0901931146,
1928592948,-0.1072979965,-0.08315844252,
1928792968,-0.1051031994,-0.0765789847,
1928992988,-0.102037023,-0.06993804744,
1929193007,-0.0982107069,-0.06426000535,
1929393027,-0.09371468563,-0.05851818332,
1929593047,-0.08853170202,-0.05345980829,
1929793067,-0.08282639714,-0.04953373239,
1929993086,-0.07658531604,-0.04597616952,
1930193106,-0.06994961775,-0.0430966114,
1930393126,-0.06317814383,-0.04130820943,
1930593146,-0.05642019452,-0.04031919169,
1930793165,-0.04952645584,-0.04025549725,
1930993185,-0.04216199118,-0.04090625238,
1931193205,-0.03554648184,-0.04262355225,
1931393225,-0.02911536765,-0.04498613476,
1931593244,-0.02287665199,-0.04817566631,
1931793264,-0.01712802661,-0.05216542635,
1931993284,-0.01218615483,-0.05686210745,
1932193304,-0.00772254594,-0.0622026528,
1932393323,-0.004221421111,-0.06788742306,
1932593343,-0.001219941453,-0.07379696404,
1932793363,0.0009647488465,-0.08021911459,
1932993383,0.00234430741,-0.08662420415,
1933193402,0.00288846321,-0.09333944562,
1933393422,0.002308093856,-0.09997090834,
1933593442,0.001081677612,-0.1066901324,
1933793462,-0.001078267587,-0.1124507855,
1933993481,-0.003504217111,-0.1186122584,
1934193501,-0.007027890981,-0.1241875809,
1934393521,-0.01117091082,-0.1288919314,
1934593541,-0.01614407898,-0.1328729091,
1934793560,-0.0210105381,-0.1368165176,
1934993580,-0.02682950365,-0.1397451879,
1935193600,-0.0323772246,-0.1419510362,
1935393620,-0.03891006126,-0.143449141,
1935593639,-0.04515814465,-0.1439069136,
1935793659,-0.05144349948,-0.1437922213,
1935993679,-0.05783528646,-0.1430378891,
1936193699,-0.06412248168,-0.1411127458,
1936393718,-0.06997580817,-0.1382645335,
1936593738,-0.07513316789,-0.1351571517,
1936793758,-0.07985824261,-0.1311232641,
1936993778,-0.08456805282,-0.1265673146,
1937193797,-0.08883178658,-0.1209337938,
1937393817,-0.09204878371,-0.1155515349,
1937593837,-0.09459441741,-0.1097222985,
1937793857,-0.0960228842,-0.1032434874,
1937993876,-0.09708360108,-0.09651877609,
1938193896,-0.09696112081,-0.09028877877,
1938393916,-0.09641796359,-0.08354607385,
1938593936,-0.09524141613,-0.077304345,
1938793955,-0.09272863068,-0.07105005378,
1938993975,-0.08951579242,-0.0649018425,
1939193995,-0.08596572157,-0.05942534736,
1939394015,-0.08138076366,-0.05418201805,
1939594034,-0.07673241104,-0.05013787673,
1939794054,-0.07098172519,-0.0462298516,
1939994074,-0.06541826243,-0.04297941787,
1940194094,-0.05888133684,-0.04082069692,
1940394113,-0.05256347223,-0.03924407887,
1940594133,-0.04586396426,-0.03857989456,
1940794153,-0.03910868045,-0.03889168906,
1940994173,-0.03270110478,-0.04017336214,
1941194192,-0.02615546928,-0.04187644784,
1941394212,-0.02024116256,-0.0446356484,
1941594232,-0.01456246043,-0.04779155198,
1941794252,-0.009061582171,-0.05179625247,
1941994271,-0.004889084298,-0.05677743608,
1942194291,-0.001022927358,-0.06175981644,
1942394311,0.002220612075,-0.06754622865,
1942594331,0.004729246023,-0.07297590974,
1942794350,0.006454393778,-0.07924180191,
1942994370,0.007370491005,-0.08564813418,
1943194390,0.00748286521,-0.09175817306,
1943394410,0.006571663012,-0.09777490158,
1943594429,0.005238979472,-0.1039875415,
1943794449,0.002842644875,-0.1097313482,
1943994469,0.0001923714383,-0.1151920302,
1944194489,-0.003503972496,-0.1201035677,
1944394508,-0.007691675998,-0.1241166253,
1944594528,-0.01248923593,-0.127875579,
1944794548,-0.01723804644,-0.1310704573,
1944994568,-0.02249474378,-0.1332549169,
1945194587,-0.02863399368,-0.1347449658,
1945394607,-0.03437293174,-0.1359337206,
1945594627,-0.03989338174,-0.1357894866,
1945794647,-0.04588924934,-0.1347714233,
1945994666,-0.05168836447,-0.1335804311,
1946194686,-0.05712109941,-0.1306683521,
1946394706,-0.06232902478,-0.1280544652,
1946594726,-0.06714243948,-0.1241193274,
1946794745,-0.07118674742,-0.1198202249,
1946994765,-0.0747192552,-0.1147529918,
1947194785,-0.07768540671,-0.1096947979,
1947394805,-0.0802033931,-0.1036890809,
1947594824,-0.08140266295,-0.09776390512,
1947794844,-0.08210260371,-0.09131869408,
1947994864,-0.08194227384,-0.08505166507,
1948194884,-0.08097631416,-0.07872524097,
1948394903,-0.07945679447,-0.07241036585,
1948594923,-0.07663603109,-0.06628880066,
1948794943,-0.07360779862,-0.06094492478,
1948994963,-0.06940316149,-0.05556949264,
1949194982,-0.06451038286,-0.0509672188,
1949395002,-0.0593861322,-0.04671982134,
1949595022,-0.05331630893,-0.04281328564,
1949795042,-0.04725773839,-0.04039955046,
1949995061,-0.04084045698,-0.03823652082,
1950195081,-0.03337109442,-0.0368619209,
1950395101,-0.02655758774,-0.03710253654,
1950595121,-0.01944884074,-0.03734376681,
1950795141,-0.01234116961,-0.03882665452,
1950995160,-0.005598489339,-0.04143435415,
1951195180,0.0009254871473,-0.04466422269,
1951395200,0.006955111488,-0.04831623987,
1951595220,0.01256877197,-0.05299033221,
1951795239,0.01782593228,-0.05806164874,
1951995259,0.02212872288,-0.06368561947,
1952195279,0.02575484351,-0.07005650203,
1952395299,0.02859491351,-0.07657669199,
1952595318,0.030801973,-0.08366835862,
1952795338,0.03226073618,-0.09076279425,
1952995358,0.03228588164,-0.09790578037,
1953195378,0.03211821215,-0.1050381815,
1953395397,0.03074635812,-0.1125472281,
1953595417,0.02912382835,-0.118985149,
1953795437,0.026602768,-0.1252842797,
1953995457,0.02269974211,-0.1313856708,
1954195476,0.01889196474,-0.136985251,
1954395496,0.01437374784,-0.1422001386,
1954595516,0.009359735928,-0.1464535415,
1954795536,0.00347076591,-0.1501301061,
1954995555,-0.002525896496,-0.1534615096,
1955195575,-0.008359491183,-0.1554178119,
1955395595,-0.01500507491,-0.1571912044,
1955595615,-0.02152933186,-0.1575773574,
1955795634,-0.02766268494,-0.1575728611,
1955995654,-0.03462707917,-0.1566422266,
1956195674,-0.04081068577,-0.1549596722,
1956395694,-0.04614638267,-0.1518361702,
1956595713,-0.05141555829,-0.1490893577,
1956795733,-0.05672103506,-0.1453982785,
1956995753,-0.06068082788,-0.140711569,
1957195773,-0.06476834142,-0.1361908758,
1957395792,-0.06803715869,-0.1309652363,
1957595812,-0.07003700303,-0.1252725087,
1957795832,-0.07204326995,-0.1195463069,
1957995852,-0.07253877759,-0.113719686,
1958195871,-0.07277087464,-0.1071381702,
1958395891,-0.0716818908,-0.1013353962,
1958595911,-0.07024590635,-0.09598650607,
1958795931,-0.06810123489,-0.08998902426,
1958995950,-0.06493626878,-0.08538722642,
1959195970,-0.06122620028,-0.08065862947,
1959395990,-0.05724416798,-0.0767030399,
1959596010,-0.05226680741,-0.07289553691,
1959796029,-0.04703860555,-0.07040661933,
1959996049,-0.04144048119,-0.06823945605,
1960196069,-0.03586622351,-0.06676861607,
1960396089,-0.02936500526,-0.06628631809,
1960596108,-0.02351159948,-0.06690364657,
1960796128,-0.01730905077,-0.06795054251,
1960996148,-0.01161585058,-0.0698548698,
1961196168,-0.005894639219,-0.07269007551,
1961396187,-0.0008722821484,-0.07653751687,
1961596207,0.004138531878,-0.08017732585,
1961796227,0.008226480599,-0.08519313346,
1961996247,0.01156788371,-0.09020862782,
1962196266,0.01464169056,-0.09601074262,
1962396286,0.01667314813,-0.1016596944,
1962596306,0.01809936523,-0.1083470403,
1962796326,0.01867350718,-0.1146686762,
1962996345,0.01847889924,-0.1213432838,
1963196365,0.01753637344,-0.1274399063,
1963396385,0.01559126723,-0.1338065403,
1963596405,0.01345234419,-0.1394843429,
1963796424,0.0106549324,-0.1454538557,
1963996444,0.006180834691,-0.150404324,
1964196464,0.002335527929,-0.1549833936,
1964396484,-0.002329186784,-0.1592558302,
1964596503,-0.00830436353,-0.1621007737,
1964796523,-0.01381542859,-0.1654452277,
1964996543,-0.01989189694,-0.1675855842,
1965196563,-0.02605727999,-0.1694743091,
1965396582,-0.0329304706,-0.1693940585,
1965596602,-0.03912809993,-0.1692767605,
1965796622,-0.0449733111,-0.1684022129,
1965996642,-0.05142475897,-0.1667812827,
1966196661,-0.0570349894,-0.1644616778,
1966396681,-0.06288191572,-0.160943725,
1966596701,-0.0674836681,-0.1574240787,
1966796721,-0.07221340995,-0.1529767319,
1966996740,-0.07614254139,-0.1483616308,
1967196760,-0.07890011578,-0.1428450124,
1967396780,-0.08145848055,-0.1377696881,
1967596800,-0.08321528789,-0.1317839131,
1967796819,-0.08412468654,-0.1261146191,
1967996839,-0.08441873909,-0.1202608154,
1968196859,-0.08373143639,-0.1141153626,
1968396879,-0.08277761694,-0.1083783744,
1968596898,-0.08059653843,-0.1032204389,
1968796918,-0.07779472086,-0.09735098405,
1968996938,-0.07419773163,-0.09293218043,
1969196958,-0.07004941489,-0.08831269058,
1969396977,-0.06524588068,-0.08513085613,
1969596997,-0.06041688141,-0.08237374386,
1969797017,-0.05507414925,-0.07972081619,
1969997037,-0.04959658278,-0.0786192879,
1970197056,-0.04362600821,-0.07815070192,
1970397076,-0.03765258332,-0.07841788781,
1970597096,-0.03188998017,-0.07928171806,
1970797116,-0.02680473134,-0.08130573685,
1970997135,-0.02118377472,-0.0842136418,
1971197155,-0.01630418202,-0.08753570676,
1971397175,-0.01159272624,-0.09160016884,
1971597195,-0.008044001053,-0.09616337954,
1971797214,-0.004319864988,-0.1014793846,
1971997234,-0.001786315757,-0.1070391351,
1972197254,8.214543174e-05,-0.1133718309,
1972397274,0.0009287091597,-0.1194312389,
1972597293,0.001214881707,-0.1262645869,
1972797313,0.001151636176,-0.1326327564,
1972997333,-0.001008760972,-0.1387074956,
1973197353,-0.002755816126,-0.1447067312,
1973397372,-0.005671364329,-0.1507139861,
1973597392,-0.009571880037,-0.1559954642,
1973797412,-0.0140092991,-0.1612788193,
1973997432,-0.01931276912,-0.1656587114,
1974197451,-0.02447026245,-0.1700207303,
1974397471,-0.03035220436,-0.1731376043,
1974597491,-0.03749666962,-0.1759083055,
1974797511,-0.04430272562,-0.1773017624,
1974997530,-0.05115455021,-0.1784491219,
1975197550,-0.05900935885,-0.1786513329,
1975397570,-0.0657892364,-0.1779802604,
1975597590,-0.07252297342,-0.1763529258,
1975797610,-0.07994925705,-0.174022499,
1975997629,-0.08621727716,-0.1705365069,
1976197649,-0.09222530971,-0.1668645338,
1976397669,-0.09864742303,-0.1621761348,
1976597689,-0.1043112582,-0.1576269852,
1976797708,-0.1080668053,-0.1517719936,
1976997728,-0.1126614849,-0.1448889121,
1977197748,-0.1148158551,-0.1380913786,
1977397768,-0.1179210816,-0.1310972174,
1977597787,-0.1200223665,-0.1239168875,
1977797807,-0.120565522,-0.1163144726,
1977997827,-0.1207686064,-0.1090377169,
1978197847,-0.1201377891,-0.1014948286,
1978397866,-0.1178751507,-0.09407568545,
1978597886,-0.1152627005,-0.08700269849,
1978797906,-0.111270365,-0.08035818363,
1978997926,-0.1073051895,-0.07405476602,
1979197945,-0.1026867287,-0.06859323563,
1979397965,-0.09710878345,-0.06347967132,
1979597985,-0.09150211362,-0.05882750596,
1979798005,-0.08518478575,-0.05555125232,
1979998024,-0.07822874943,-0.05302305762,
1980198044,-0.07109740771,-0.05082369325,
1980398064,-0.06412519636,-0.04986658922,
1980598084,-0.05709195655,-0.04977181473,
1980798103,-0.05017355534,-0.05060759742,
1980998123,-0.04323162222,-0.05279577867,
1981198143,-0.03689628883,-0.0552057865,
1981398163,-0.03069846747,-0.05850240774,
1981598182,-0.02502006707,-0.06248471869,
1981798202,-0.02004956297,-0.06739706818,
1981998222,-0.01584610919,-0.07271028363,
1982198242,-0.01242182417,-0.07849711171,
1982398261,-0.009869901486,-0.08486046594,
1982598281,-0.008090934941,-0.09094009284,
1982798301,-0.006937624376,-0.09731618082,
1982998321,-0.006647602314,-0.1037139117,
1983198340,-0.007103487004,-0.1104166299,
1983398360,-0.008689575202,-0.1164916445,
1983598380,-0.01019913015,-0.1222782907,
1983798400,-0.01418015752,-0.1284071306,
1983998419,-0.01767063362,-0.1335570797,
1984198439,-0.02175083182,-0.1377450925,
1984398459,-0.02664864831,-0.1419105216,
1984598479,-0.03200084114,-0.1451236474,
1984798498,-0.03784236686,-0.1479654691,
1984998518,-0.04337672951,-0.1490665742,
1985198538,-0.0497346828,-0.1500382042,
1985398558,-0.05610831893,-0.1504961328,
1985598577,-0.06260742563,-0.1496656598,
1985798597,-0.06855768182,-0.1482141955,
1985998617,-0.07460714249,-0.1464275689,
1986198637,-0.08056395308,-0.1432802887,
1986398656,-0.08585450974,-0.1398521388,
1986598676,-0.09053933362,-0.1349446222,
1986798696,-0.09458520302,-0.1304219346,
1986998716,-0.09811938964,-0.1246055294,
1987198735,-0.1011812866,-0.118680416,
1987398755,-0.103292619,-0.1126903797,
1987598775,-0.1047266511,-0.1060247497,
1987798795,-0.1050663314,-0.09975558196,
1987998814,-0.104618567,-0.09335220508,
1988198834,-0.1030369985,-0.08646509459,
1988398854,-0.101409584,-0.08005328536,
1988598874,-0.09868446922,-0.07350992439,
1988798893,-0.09534252353,-0.06773180262,
1988998913,-0.09087011946,-0.06185877532,
1989198933,-0.08620599765,-0.05746451417,
1989398953,-0.08050904466,-0.05353726658,
1989598972,-0.07497623648,-0.04935864617,
1989798992,-0.06872718835,-0.04693398412,
1989999012,-0.06189060657,-0.04470190955,
1990199032,-0.05529100104,-0.04363726452,
1990399051,-0.04844342445,-0.04343722522,
1990599071,-0.04139025701,-0.04432545799,
1990799091,-0.03461520392,-0.04560519803,
1990999111,-0.02810697439,-0.04800504766,
1991199130,-0.0216220485,-0.05074354166,
1991399150,-0.01610530269,-0.05521123544,
1991599170,-0.01079968807,-0.05950107661,
1991799190,-0.0062212036,-0.06476013924,
1991999209,-0.002383407322,-0.07037224038,
1992199229,0.0007464534553,-0.07677619042,
1992399249,0.003259284617,-0.08305448581,
1992599269,0.004739341441,-0.0895630555,
1992799288,0.005720673351,-0.09639853095,
1992999308,0.005657603833,-0.1029018146,
1993199328,0.004757174983,-0.1094063787,
1993399348,0.003023478072,-0.1160071353,
1993599367,0.0003535030205,-0.1226178336,
1993799387,-0.002365439155,-0.1281877469,
1993999407,-0.006482048973,-0.1335761838,
1994199427,-0.01100238333,-0.1385548204,
1994399446,-0.01610504067,-0.1427368433,
1994599466,-0.02119477643,-0.1461683981,
1994799486,-0.02730062118,-0.1489376,
1994999506,-0.03411661905,-0.1511832087,
1995199525,-0.04016501243,-0.1522882791,
1995399545,-0.04643947843,-0.1524867053,
1995599565,-0.05283038778,-0.152315415,
1995799585,-0.05932683303,-0.1510865144,
1995999604,-0.06587447163,-0.1480712519,
1996199624,-0.0714003195,-0.1459792963,
1996399644,-0.07661483953,-0.1419592896,
1996599664,-0.08162556246,-0.138448455,
1996799683,-0.08653349458,-0.133534713,
1996999703,-0.09044020293,-0.1282619963,
1997199723,-0.09376907446,-0.1219709806,
1997399743,-0.09553622428,-0.1166552765,
1997599762,-0.09716692469,-0.1102414694,
1997799782,-0.09810858264,-0.1038376153,
1997999802,-0.09802663396,-0.0973839727,
1998199822,-0.09736544635,-0.09053297333,
1998399841,-0.09557576629,-0.08471469553,
1998599861,-0.09303022032,-0.07849848206,
1998799881,-0.08994229703,-0.07235305043,
1998999901,-0.08663857642,-0.06753270595,
1999199920,-0.08194900977,-0.06233943878,
1999399940,-0.07699212338,-0.05818383828,
1999599960,-0.07154812143,-0.05464095774,
1999799980,-0.0655695377,-0.05164970304,
2000000000,-0.05906101875,-0.04948600365,
