Frequency,S11_Real,S11_Imaginary,
2500,0.2122386529,0.2276246868,
202519,0.8914187409,-0.4794932526,
402539,0.5227692672,-0.8735515977,
602559,-0.01729006214,-0.9873086691,
802579,-0.4857242394,-0.8182078351,
1002598,-0.7993701275,-0.4505014228,
1202618,-0.8877162145,0.00681219361,
1402638,-0.7529244284,0.4230878231,
1602658,-0.4434574893,0.7237204211,
1802677,-0.03195754958,0.8397508535,
2002697,0.3833034503,0.7460495891,
2202717,0.7040679683,0.4581437817,
2402737,0.8428668558,0.0505418331,
2602756,0.7579615263,-0.3750005225,
2802776,0.4767513645,-0.6982848004,
3002796,0.0772210552,-0.836171592,
3202816,-0.3308715907,-0.761404155,
3402835,-0.6441793667,-0.5060764926,
3602855,-0.7926717406,-0.1388814616,
3802875,-0.7490177121,0.2478145079,
4002895,-0.5337036681,0.5658566715,
4202914,-0.1908656127,0.7451456702,
4402934,0.1976934182,0.7378331411,
4602954,0.5370015181,0.5404948992,
4802974,0.735699669,0.1982515143,
5002993,0.7375910302,-0.2001173173,
5203013,0.5398645779,-0.5435043953,
5403033,0.2011787507,-0.7388696817,
5603053,-0.1832155862,-0.7419240394,
5803072,-0.5117954514,-0.5608786489,
6003092,-0.7087303906,-0.2504002475,
6203112,-0.7340808402,0.109565603,
6403132,-0.5868551784,0.4362300701,
6603151,-0.3077472537,0.6545397711,
6803171,0.04402991794,0.7145779845,
7003191,0.3834795807,0.5993552859,
7203211,0.6281705686,0.3308345109,
7403230,0.7095851959,-0.02504876709,
7603250,0.6036288395,-0.3751352843,
7803270,0.339725998,-0.6243981088,
8003290,-0.007260085961,-0.7115101139,
8203309,-0.3480952503,-0.6184723951,
8403329,-0.5954342432,-0.3758280272,
8603349,-0.6954193613,-0.04960746211,
8803369,-0.6286531614,0.2815704072,
9003388,-0.4144681019,0.5402667016,
9203408,-0.10304743,0.665392754,
9403428,0.2316714621,0.6267768139,
9603448,0.5090700632,0.4279800347,
9803467,0.6536412987,0.1177585185,
10003487,0.6262359695,-0.2241551622,
10203507,0.4337701625,-0.5069691527,
10403527,0.1293926787,-0.655463042,
10603546,-0.2034792448,-0.6370533132,
10803566,-0.4811022591,-0.461311142,
11003586,-0.6372701418,-0.1792177535,
11203606,-0.6409529447,0.1398431752,
11403625,-0.4930032155,0.4207419608,
11603645,-0.2316768487,0.5981875308,
11803665,0.08317091358,0.6298883097,
12003685,0.3764486041,0.5056261347,
12203704,0.5743873521,0.2523515353,
12403724,0.6234425997,-0.06669063626,
12603744,0.5099619639,-0.3677582,
12803764,0.2630106332,-0.5726588258,
13003783,-0.04928143984,-0.6298704531,
13203803,-0.3458907848,-0.5275070344,
13403823,-0.5524161334,-0.2985783823,
13603843,-0.6235772711,-0.001830449193,
13803862,-0.5455045164,0.2901184698,
14003882,-0.3385090879,0.5085963572,
14203902,-0.05300622352,0.6020026772,
14403922,0.2437400699,0.5482182028,
14603941,0.4786330066,0.3555716007,
14803961,0.592379948,0.07277173958,
15003981,0.5517999075,-0.22936164,
15204001,0.3694250647,-0.4718100173,
15404020,0.09231076113,-0.5932483025,
15604040,-0.203894863,-0.5636163262,
15804060,-0.4455650128,-0.3976983739,
16004080,-0.5749184552,-0.1410347581,
16204099,-0.5700977914,0.1427487636,
16404119,-0.4319045433,0.3912654452,
16604139,-0.1924197581,0.5448269867,
16804159,0.09392033253,0.565872653,
17004178,0.3555876708,0.4455955061,
17204198,0.5276931108,0.2139808715,
17404218,0.5655773222,-0.07342363784,
17604238,0.4593866007,-0.3423592519,
17804257,0.2368911398,-0.5239212192,
18004277,-0.04362763778,-0.5740170004,
18204297,-0.3097637211,-0.4839866415,
18404317,-0.4979188696,-0.2807389976,
18604336,-0.5666057823,-0.01448625367,
18804356,-0.5003357682,0.2519307735,
19004376,-0.31437007,0.4542471619,
19204396,-0.05302282036,0.5430139637,
19404415,0.2189735535,0.4935530658,
19604435,0.4343073969,0.3168006727,
19804455,0.5348172998,0.05692631665,
20004475,0.4953246223,-0.2192081061,
20204494,0.325590319,-0.4388637084,
20404514,0.0731395788,-0.5463401967,
20604534,-0.195876368,-0.5180369926,
20804554,-0.416144233,-0.3669981468,
21004573,-0.5363757467,-0.1321379388,
21204593,-0.5321209035,0.1293356187,
21404613,-0.4052601476,0.3579783449,
21604633,-0.1851010276,0.4994152335,
21804652,0.07631208586,0.5197529642,
22004672,0.3171031093,0.4110741863,
22204692,0.4768728278,0.1981431713,
22404712,0.5120909642,-0.06679691663,
22604731,0.4131750086,-0.3147813518,
22804751,0.2071803827,-0.4809836639,
23004771,-0.05210499245,-0.5250175138,
23204791,-0.2960252807,-0.439422359,
23404810,-0.466933068,-0.2491756832,
23604830,-0.5260918735,-0.003267174183,
23804850,-0.4627353811,0.2392980419,
24004870,-0.2904413607,0.4226616273,
24204889,-0.05097649657,0.5019386997,
24404909,0.1982415695,0.4550418507,
24604929,0.3938241437,0.2920750953,
24804949,0.485403039,0.05254335512,
25004968,0.445425333,-0.2054254407,
25204988,0.2837522001,-0.4035922596,
25405008,0.0470955796,-0.4958893137,
25605028,-0.2019452913,-0.460746951,
25805047,-0.4000318938,-0.3111490322,
26005067,-0.5005952126,-0.08657640634,
26205087,-0.481081411,0.1559303266,
26405107,-0.3493561039,0.3590188369,
26605126,-0.1382706233,0.4748340087,
26805146,0.1028590556,0.4771416362,
27005166,0.3165946141,0.3633505509,
27205186,0.4496045966,0.1613674138,
27405206,0.4694180722,-0.08057817883,
27605225,0.3692479242,-0.3027632489,
27805245,0.1739934623,-0.4478925393,
28005265,-0.06612585747,-0.4793034962,
28205285,-0.2888551505,-0.3898486202,
28405304,-0.4395460821,-0.2055593608,
28605324,-0.4818132299,0.02516495121,
28805344,-0.4095963765,0.2457311005,
29005364,-0.2421891352,0.4041285711,
29205383,-0.0210983911,0.4656020278,
29405403,0.2054086035,0.4143279891,
29605423,0.3803468085,0.2587079678,
29805443,0.4578059571,0.03646083753,
30005462,0.4170476674,-0.1961217316,
30205482,0.2681568101,-0.3792157653,
30405502,0.05005879344,-0.4656854015,
30605522,-0.1813398333,-0.4359963909,
30805541,-0.3680706889,-0.2978960451,
31005561,-0.4682605369,-0.09342029953,
31205581,-0.4522728416,0.1332061333,
31405601,-0.3363059502,0.3258634952,
31605620,-0.1426213806,0.4409392012,
31805640,0.08270608704,0.4503461152,
32005660,0.2865746211,0.3521241161,
32205680,0.4192587032,0.166525879,
32405699,0.4465030178,-0.05959235022,
32605719,0.3602446012,-0.2707776058,
32805739,0.183868458,-0.4133261765,
33005759,-0.03786986185,-0.4529750231,
33205778,-0.2499596189,-0.3814753442,
33405798,-0.4002679423,-0.2180256566,
33605818,-0.453794255,-0.004477810372,
33805838,-0.3994622061,0.2082450869,
34005857,-0.2509379198,0.3682963943,
34205877,-0.04379245944,0.4384559245,
34405897,0.172657233,0.401176679,
34605917,0.3445195145,0.2637718454,
34805936,0.4284864802,0.06064548062,
35005956,0.4031075919,-0.1586457037,
35205976,0.2752364206,-0.3369486546,
35405996,0.07801732867,-0.4307981157,
35606015,-0.1388146534,-0.4159662105,
35806035,-0.3199555714,-0.2990090294,
36006055,-0.4221280954,-0.1108593678,
36206075,-0.4209840997,0.1022091007,
36406094,-0.3177610511,0.2878781664,
36606114,-0.1390016068,0.401466169,
36806134,0.07295365736,0.4150964219,
37006154,0.2654058357,0.3254847811,
37206173,0.3909279062,0.153636671,
37406193,0.4185324908,-0.05657184057,
37606213,0.3414030503,-0.253449361,
37806233,0.1804566393,-0.3888669957,
38006252,-0.02472575621,-0.4282592983,
38206272,-0.2219580916,-0.3668607705,
38406292,-0.3654244952,-0.2176047481,
38606312,-0.4193259891,-0.01914874924,
38806331,-0.370598441,0.1816567852,
39006351,-0.2299754091,0.3328066756,
39206371,-0.03207655314,0.3960744975,
39406391,0.1721095672,0.3539847618,
39606410,0.3282469296,0.2157558975,
39806430,0.3964180153,0.01892031741,
40006450,0.3587791684,-0.1855155528,
40206470,0.2285822814,-0.3439772033,
40406489,0.03967250222,-0.4190418405,
40606509,-0.1604171269,-0.394168894,
40806529,-0.3236373454,-0.2808125764,
41006549,-0.4145895581,-0.1044177723,
41206568,-0.4120945251,0.09399542932,
41406588,-0.3164931657,0.2679448821,
41606608,-0.1505937414,0.3762711389,
41806628,0.04817754071,0.3932047612,
42006647,0.2315363054,0.3124536502,
42206667,0.3536770982,0.1525324561,
42406687,0.3820614847,-0.04633739386,
42606707,0.3103435374,-0.2332032438,
42806726,0.1583747586,-0.3597069699,
43006746,-0.03492786094,-0.3971764472,
43206766,-0.21951109,-0.337489973,
43406786,-0.3521066499,-0.1968925455,
43606805,-0.4022993349,-0.01150006819,
43806825,-0.3576592469,0.1748397161,
44006845,-0.2289936209,0.3183983037,
44206865,-0.04632754193,0.3824449978,
44406884,0.145190669,0.3514502536,
44606904,0.2983892328,0.231537709,
44806924,0.3749924035,0.0513224164,
45006944,0.3541734218,-0.1423267783,
45206963,0.2432237765,-0.3010138228,
45406983,0.07139863945,-0.38621797,
45607003,-0.1183189509,-0.3791777893,
45807023,-0.2812401221,-0.2827064941,
46007042,-0.377595683,-0.1215165713,
46207062,-0.3853672694,0.0654845605,
46407082,-0.303410103,0.2331871036,
46607102,-0.1496325332,0.3423889863,
46807121,0.03792497297,0.3627401474,
47007141,0.2128943162,0.2884320176,
47207161,0.3289993054,0.1380908969,
47407181,0.356502435,-0.05013199712,
47607200,0.2885584688,-0.2261286675,
47807220,0.1444691361,-0.3463858299,
48007240,-0.03696846548,-0.3815160583,
48207260,-0.2121054255,-0.3270286964,
48407279,-0.3392352229,-0.196739641,
48607299,-0.3900064894,-0.02316060542,
48807319,-0.3536125139,0.153569905,
49007339,-0.2377646556,0.2924253323,
49207358,-0.06893131659,0.3596382603,
49407378,0.1123383352,0.3380025321,
49607398,0.2617147136,0.2309363234,
49807418,0.3397517763,0.06391332924,
50007437,0.3254969136,-0.119617894,
50207457,0.2234542204,-0.2719279612,
50407477,0.0606192472,-0.3537883932,
50607497,-0.1193784128,-0.3460632274,
50807516,-0.2717721359,-0.2525261855,
51007536,-0.3602793885,-0.0977201769,
51207556,-0.362641874,0.07944646961,
51407576,-0.2806805878,0.2365224341,
51607595,-0.1322231437,0.3348202932,
51807615,0.04592430073,0.3494028338,
52007635,0.2095037854,0.2764217788,
52207655,0.3181809844,0.1330626891,
52407674,0.3428229494,-0.04517755688,
52607694,0.2792665198,-0.2124047894,
52807714,0.1440228266,-0.3277656058,
53007734,-0.02835018647,-0.3635988712,
53207753,-0.1957376162,-0.3145495715,
53407773,-0.3195178464,-0.1919733182,
53607793,-0.3702284312,-0.02765461165,
53807813,-0.3378533342,0.1415677312,
54007833,-0.2289372577,0.2746082003,
54207852,-0.06883657013,0.3396157347,
54407872,0.1041297567,0.3202247496,
54607892,0.2452043144,0.2185203858,
54807912,0.3188398018,0.06082695055,
55007931,0.3053912673,-0.1136938746,
55207951,0.2084841564,-0.257521065,
55407971,0.05425063575,-0.3352065271,
55607991,-0.1163233129,-0.327607102,
55808010,-0.2611150413,-0.2395177318,
56008030,-0.3456066088,-0.09335661562,
56208050,-0.3494464582,0.07412519712,
56408070,-0.2734561261,0.2238916488,
56608089,-0.1349810652,0.3184546648,
56808109,0.03188451402,0.3369447756,
57008129,0.1882423601,0.2715394408,
57208149,0.2941765811,0.1385257287,
57408168,0.3218593795,-0.02925559048,
57608188,0.2653906045,-0.1885925608,
57808208,0.1386318674,-0.2999639103,
58008228,-0.02472702417,-0.3365471786,
58208247,-0.1845831626,-0.2899787694,
58408267,-0.3021187651,-0.1745789864,
58608287,-0.3503225545,-0.01759251619,
58808307,-0.31949747,0.142768982,
59008326,-0.2172064513,0.2701419488,
59208346,-0.0670883876,0.3349860144,
59408366,0.09613410087,0.3217183305,
59608386,0.2343065409,0.2332153857,
59808405,0.3143712403,0.08946543379,
60008425,0.3164940988,-0.07447961721,
60208445,0.2401237235,-0.2195395202,
60408465,0.1041183267,-0.3111885579,
60608484,-0.05643552884,-0.3236747659,
60808504,-0.2045497919,-0.2589829335,
61008524,-0.2993334142,-0.1302166052,
61208544,-0.3194210275,0.0242972791,
61408563,-0.2634669983,0.1753541125,
61608583,-0.144499256,0.2794484533,
61808603,0.01501490227,0.3027231706,
62008623,0.1698016136,0.2458977547,
62208642,0.2675542018,0.130109914,
62408662,0.3019632545,-0.02533142382,
62608682,0.2534209683,-0.1731483519,
62808702,0.1403681775,-0.280588103,
63008721,-0.00806056179,-0.3216695536,
63208741,-0.1572884069,-0.2856672043,
63408761,-0.2728567664,-0.1841654925,
63608781,-0.3262606339,-0.04032277031,
63808800,-0.3046355151,0.1122659898,
64008820,-0.2132692163,0.2368722141,
64208840,-0.07300493496,0.3032240661,
64408860,0.08262549811,0.2937542515,
64608879,0.2147602239,0.2116159178,
64808899,0.2910087539,0.07543218188,
65008919,0.2924903298,-0.08084620911,
65208939,0.2180519536,-0.2168561729,
65408958,0.08765450635,-0.3000649794,
65608978,-0.06498611231,-0.3097799216,
65808998,-0.2031007946,-0.2442437864,
66009018,-0.2908062166,-0.1217629664,
66209037,-0.3088794757,0.02805201227,
66409057,-0.2509471149,0.16797149,
66609077,-0.1328891179,0.2624188419,
66809097,0.0168314834,0.2871992987,
67009116,0.1603097825,0.2362590589,
67209136,0.2611206728,0.1212228895,
67409156,0.2930004236,-0.02809434032,
67609176,0.2493199756,-0.174401368,
67809195,0.1422571175,-0.2802195396,
68009215,-0.001861689015,-0.3230366852,
68209235,-0.1465433179,-0.2933077818,
68409255,-0.2606703129,-0.1994621966,
68609274,-0.3176221633,-0.06355862761,
68809294,-0.3035095788,0.08353158429,
69009314,-0.221263337,0.2061677391,
69209334,-0.09057475293,0.2743071089,
69409353,0.05886375719,0.2702648569,
69609373,0.1865767764,0.1944109538,
69809393,0.2608211047,0.06529937434,
70009413,0.2626765741,-0.08294836281,
70209432,0.1920157963,-0.2128599075,
70409452,0.06714514023,-0.290339862,
70609472,-0.07741713401,-0.2995226232,
70809492,-0.2076557433,-0.2376674568,
71009511,-0.292700617,-0.1224518681,
71209531,-0.312598077,0.01924025242,
71409551,-0.2637889495,0.1539030798,
71609571,-0.1548474028,0.2481827154,
71809590,-0.01418533944,0.2797020163,
72009610,0.1255486366,0.238339163,
72209630,0.227875472,0.1342455675,
72409650,0.2658422761,-0.00610950187,
72609669,0.2316298531,-0.1477149786,
72809689,0.1341052595,-0.2535780466,
73009709,-0.002141011086,-0.2988407721,
73209729,-0.1420267432,-0.2743152504,
73409748,-0.2527396295,-0.1871454563,
73609768,-0.3086736953,-0.05868744601,
73809788,-0.2976075702,0.08072951784,
74009808,-0.2219164852,0.1976960983,
74209827,-0.09961373877,0.2654210079,
74409847,0.04088799733,0.2670025656,
74609867,0.16488356,0.1986243501,
74809887,0.2407228499,0.07934580969,
75009906,0.2488103178,-0.06140018882,
75209926,0.1866780049,-0.1880450764,
75409946,0.07248566596,-0.2683864495,
75609966,-0.0652159573,-0.2831354376,
75809985,-0.1917024254,-0.2312795118,
76010005,-0.2778190521,-0.1256019105,
76210025,-0.3043101335,0.006502046817,
76410045,-0.2652630724,0.1356643334,
76610064,-0.1686458744,0.2315371084,
76810084,-0.03773649012,0.2692834698,
77010104,0.0952820803,0.2390378674,
77210124,0.1975307411,0.1474157707,
77410143,0.240480038,0.01656626138,
77610163,0.2141965998,-0.1189536709,
77810183,0.1245531659,-0.2226131781,
78010203,-0.004052226028,-0.2680138081,
78210222,-0.1365853314,-0.2458914599,
78410242,-0.2407208398,-0.160992844,
78610262,-0.2921136232,-0.03813814105,
78810282,-0.2784094552,0.09369116841,
79010301,-0.2035198945,0.203094543,
79210321,-0.08558113205,0.2651130378,
79410341,0.04897400454,0.2623047349,
79610361,0.1657572025,0.1962164189,
79810380,0.2369479515,0.08133745063,
80010400,0.2455524709,-0.05378363308,
80210420,0.1866500241,-0.1753067852,
80410440,0.07798868022,-0.2543934388,
80610460,-0.05363640726,-0.2712631608,
80810479,-0.1770117618,-0.2240560907,
81010499,-0.2623216024,-0.124947497,
81210519,-0.2909499925,0.001337521852,
81410539,-0.2558209128,0.1267689907,
81610558,-0.1675813057,0.2205532244,
81810578,-0.04296945463,0.2602205661,
82010598,0.08503180109,0.2363387054,
82210618,0.1858467454,0.1513839638,
82410637,0.2323187652,0.02848291605,
82610657,0.2133600882,-0.1010210029,
82810677,0.132835827,-0.2038741341,
83010697,0.01313920824,-0.2546132409,
83210716,-0.1155980807,-0.2398747237,
83410736,-0.2196020684,-0.1660675533,
83610756,-0.2752965057,-0.05168772721,
83810776,-0.2707197655,0.0748705145,
84010795,-0.2050729431,0.1834925493,
84210815,-0.09622774154,0.2481572287,
84410835,0.03066794404,0.2528481475,
84610855,0.1451875243,0.1964957583,
84810874,0.2182701147,0.09221619969,
85010894,0.2327012151,-0.03389533653,
85210914,0.185019577,-0.1519774061,
85410934,0.08742193294,-0.2321837653,
85610953,-0.03649102329,-0.2562553741,
85810973,-0.1564228326,-0.2177802332,
86010993,-0.243717529,-0.1287235267,
86211013,-0.2776132422,-0.008628705328,
86411032,-0.2511441482,0.1122298807,
86611052,-0.1696054412,0.2067823314,
86811072,-0.05277280573,0.2520174633,
87011092,0.07179967394,0.2351320234,
87211111,0.1731241725,0.1594929544,
87411131,0.2255519013,0.04495646149,
87611151,0.2156077894,-0.08092712735,
87811171,0.1452909916,-0.1855623495,
88011190,0.03461015839,-0.2424069413,
88211210,-0.08878114962,-0.2386971799,
88411230,-0.1947334689,-0.1760550931,
88611250,-0.2568900916,-0.07126960389,
88811269,-0.2606667653,0.05005759305,
89011289,-0.2053289202,0.1577789767,
89211309,-0.105736917,0.2255027731,
89411329,0.01538581605,0.2365104729,
89611348,0.1260793516,0.1858892588,
89811368,0.1986002658,0.08788438792,
90011388,0.2138202066,-0.03304215056,
90211408,0.1672477469,-0.1464449816,
90411427,0.07222616597,-0.2217200981,
90611447,-0.04707611947,-0.2412728057,
90811467,-0.16004532,-0.2010619242,
91011487,-0.2400465506,-0.112836252,
91211506,-0.268308282,0.002156292901,
91411526,-0.2379260542,0.1172715841,
91611546,-0.1573895899,0.2038066193,
91811566,-0.04460314034,0.2419516951,
92011585,0.07333394315,0.2209493396,
92211605,0.1662905276,0.1452489816,
92411625,0.2113042423,0.03372338889,
92611645,0.195992318,-0.0854102753,
92811664,0.1250196573,-0.1822935363,
93011684,0.01622972754,-0.231151642,
93211704,-0.101392782,-0.2229276349,
93411724,-0.1998012594,-0.1580202055,
93611743,-0.2562690097,-0.05638965581,
93811763,-0.2566358443,0.05927417828,
94011783,-0.2035053811,0.1616755411,
94211803,-0.107338304,0.2266445088,
94411822,0.008078357095,0.2388411604,
94611842,0.1158023823,0.1937430422,
94811862,0.1886381408,0.1017860154,
95011882,0.2079699653,-0.01420814477,
95211901,0.1684424999,-0.1244183326,
95411921,0.08000061615,-0.2010180106,
95611941,-0.03396919048,-0.2256735148,
95811961,-0.1442731096,-0.1922944616,
96011980,-0.2244064889,-0.1108890578,
96212000,-0.2560841517,-0.001052270988,
96412020,-0.2330102986,0.1098500244,
96612040,-0.1593547963,0.1964580331,
96812059,-0.05400611332,0.2374377077,
97012079,0.0585321541,0.2244737052,
97212099,0.1517388729,0.1590293599,
97412119,0.2018360997,0.05615662439,
97612138,0.1956095907,-0.05857293993,
97812158,0.1345946529,-0.1550202661,
98012178,0.03476509925,-0.2093045842,
98212198,-0.07851882882,-0.2087337537,
98412217,-0.1766281336,-0.1531173616,
98612237,-0.2352134355,-0.0585290488,
98812257,-0.2417680455,0.0530556556,
99012277,-0.19600977,0.1534448421,
99212296,-0.1069354697,0.2195228978,
99412316,0.002458503778,0.2370383556,
99612336,0.1074083166,0.1996827269,
99812356,0.1825466894,0.1166826257,
100012375,0.2077343761,0.008399870679,
100212395,0.1776321166,-0.09931946748,
100412415,0.09903775881,-0.1776154611,
100612435,-0.00746553897,-0.2077953594,
100812454,-0.1147934234,-0.1809907002,
101012474,-0.193850238,-0.1052460301,
101212494,-0.2248000375,-0.001273544933,
101412514,-0.2017707743,0.1036972398,
101612533,-0.1292297387,0.1852320722,
101812553,-0.02744898044,0.2203124365,
102012573,0.08032987462,0.2016004735,
102212593,0.166202964,0.1336066475,
102412612,0.2082944652,0.03195676186,
102612632,0.1971911783,-0.07752773894,
102812652,0.1345909376,-0.1693972158,
103012672,0.03652518781,-0.2202299621,
103212691,-0.07342542514,-0.2186607362,
103412711,-0.1694128515,-0.1652547578,
103612731,-0.2294553867,-0.07573949127,
103812751,-0.2399466119,0.03263292114,
104012770,-0.1995127178,0.1320591586,
104212790,-0.1173581905,0.2012843873,
104412810,-0.01185378378,0.2237475311,
104612830,0.09079912235,0.1932603939,
104812849,0.1669650974,0.1174902597,
105012869,0.1970617907,0.01466327404,
105212889,0.1734247882,-0.08965062969,
105412909,0.1021024464,-0.1691397305,
105612928,0.001192163804,-0.2037164728,
105812948,-0.102480811,-0.1841911408,
106012968,-0.18418501,-0.1176215569,
106212988,-0.2226474041,-0.02067198866,
106413007,-0.2091596637,0.08331603502,
106613027,-0.1483049519,0.1675278913,
106813047,-0.05387773509,0.2123355692,
107013067,0.04981632655,0.2071796944,
107213087,0.1383746817,0.1524762528,
107413106,0.1901357293,0.06188059707,
107613126,0.1922623243,-0.04285986323,
107813146,0.1432277321,-0.1350803767,
108013166,0.05583441054,-0.1916859974,
108213185,-0.04747722921,-0.1992437791,
108413205,-0.1407113581,-0.1555689357,
108613225,-0.2012122962,-0.07179385407,
108813245,-0.2140113621,0.0296870647,
109013264,-0.1759899497,0.1251891943,
109213284,-0.0967686152,0.1906909296,
109413304,0.00428843388,0.2102910514,
109613324,0.1026035942,0.1789895006,
109813343,0.1752970444,0.1039855603,
110013363,0.2026990437,0.004066633122,
110213383,0.1800744353,-0.09762571099,
110413403,0.112577067,-0.1760155273,
110613422,0.01518733272,-0.2128145762,
110813442,-0.08661518488,-0.1999057,
111013462,-0.1699324896,-0.1403849556,
111213482,-0.2150581023,-0.04972754374,
111413501,-0.2114734063,0.05135232691,
111613521,-0.1611114732,0.1384441806,
111813541,-0.0758333033,0.190336377,
112013561,0.02393069847,0.1947018328,
112213580,0.1130539452,0.1500634275,
112413600,0.1687461934,0.06714114182,
112613620,0.1760289202,-0.03122678307,
112813640,0.1330457546,-0.1196176134,
113013659,0.05189341314,-0.1752621302,
113213679,-0.0462122026,-0.1822908262,
113413699,-0.1339873539,-0.1395513967,
113613719,-0.1890257771,-0.05916079149,
113813738,-0.1972672872,0.03832704541,
114013758,-0.1569637935,0.1280249119,
114213778,-0.07765180386,0.1871372304,
114413798,0.02031986129,0.2020112207,
114613817,0.1138385862,0.168499665,
114813837,0.1812366763,0.09464978931,
115013857,0.2055687439,-0.001679643796,
115213877,0.1824494946,-0.09827431431,
115413896,0.1171516505,-0.1721595564,
115613916,0.02529641717,-0.2060546132,
115813936,-0.07063730267,-0.1922232629,
116013956,-0.146793797,-0.1332765963,
116213975,-0.1848621925,-0.04489482521,
116413995,-0.1751466322,0.04945696502,
116614015,-0.1194660162,0.1272912278,
116814035,-0.03193685782,0.1675802649,
117014054,0.06479204189,0.160715074,
117214074,0.1472701517,0.1080445198,
117414094,0.1960161793,0.02250572488,
117614114,0.1998628784,-0.07697263595,
117814133,0.1579057769,-0.1676972809,
118014153,0.08103997401,-0.229296809,
118214173,-0.01538559226,-0.2512706723,
118414193,-0.1103532656,-0.2303375537,
118614212,-0.1868967147,-0.1696914946,
118814232,-0.2271465168,-0.08159028945,
119014252,-0.2225230731,0.01349177814,
119214272,-0.1748362789,0.09448307475,
119414291,-0.09493375806,0.1426021186,
119614311,-0.002208748692,0.1440968972,
119814331,0.07748265152,0.09810589626,
120014351,0.121772499,0.01770247094,
120214370,0.1175163953,-0.07363232109,
120414390,0.06735685413,-0.1492856592,
120614410,-0.01474685425,-0.1895325305,
120814430,-0.1062979758,-0.1826929301,
121014449,-0.1829317733,-0.1328406775,
121214469,-0.2268885623,-0.05285844964,
121414489,-0.2275165134,0.0388662113,
121614509,-0.1852069351,0.1211635368,
121814528,-0.1094869216,0.1736172805,
122014548,-0.01802749735,0.1845877138,
122214568,0.06765538489,0.1504594816,
122414588,0.1264886331,0.07941402515,
122614607,0.1436781506,-0.01151566321,
122814627,0.1146608372,-0.09801882035,
123014647,0.04705946943,-0.1591791735,
123214667,-0.04097666385,-0.1795661411,
123414686,-0.1284037282,-0.1556227782,
123614706,-0.1928470488,-0.09241398792,
123814726,-0.2200549114,-0.007062367076,
124014746,-0.2028383284,0.08159609667,
124214765,-0.1461867983,0.1517237116,
124414785,-0.06283719687,0.1867709955,
124614805,0.02786743033,0.1780615211,
124814825,0.10326781,0.1265084517,
125014844,0.1454691691,0.04525873864,
125214864,0.1419772529,-0.04634667261,
125414884,0.09400650621,-0.1239427953,
125614904,0.01550935837,-0.1690453086,
125814923,-0.0748942187,-0.1697995056,
126014943,-0.1537703631,-0.1269775754,
126214963,-0.2030443621,-0.05224944131,
126414983,-0.2103115236,0.03722121298,
126615002,-0.1738955828,0.118665595,
126815022,-0.1043900463,0.1738093466,
127015042,-0.01580188304,0.1896077084,
127215062,0.06863607791,0.1611142662,
127415081,0.13013692,0.09513055607,
127615101,0.1526785456,0.007184914229,
127815121,0.1294902166,-0.07910640458,
128015141,0.06699607063,-0.1434213053,
128215160,-0.01778141849,-0.1691323067,
128415180,-0.1041552442,-0.1505970256,
128615200,-0.1698720943,-0.09287706322,
128815220,-0.1990978703,-0.01132183431,
129015239,-0.186434471,0.07412569025,
129215259,-0.1330986143,0.142330378,
129415279,-0.05382701552,0.1768093196,
129615299,0.03258618599,0.1685569635,
129815318,0.1037943405,0.1192126719,
130015338,0.1426592735,0.04069759147,
130215358,0.1380684662,-0.04618508354,
130415378,0.09098749671,-0.1197823691,
130615397,0.01471656465,-0.1608503687,
130815417,-0.07221765821,-0.1600588445,
131015437,-0.1475521753,-0.1176442973,
131215457,-0.1928338671,-0.04423328455,
131415476,-0.1984614757,0.04193380495,
131615496,-0.1626864918,0.1208545784,
131815516,-0.09378005327,0.1728407281,
132015536,-0.00783902612,0.1877153464,
132215555,0.07494658541,0.1593396438,
132415575,0.1344160919,0.09579099659,
132615595,0.1570831686,0.0112633377,
132815615,0.1367051932,-0.07395079504,
133015634,0.07792380835,-0.1381939053,
133215654,-0.003642495903,-0.1663755039,
133415674,-0.08777775292,-0.1528241896,
133615694,-0.1536372895,-0.09989923675,
133815714,-0.1864674231,-0.02328342279,
134015733,-0.1784738822,0.05948325019,
134215753,-0.1326492292,0.1278923122,
134415773,-0.05995607881,0.164988542,
134615793,0.02232827673,0.1639114184,
134815812,0.09363764786,0.1236030992,
135015832,0.1368819563,0.05395148624,
135215852,0.1410848307,-0.02825841096,
135415872,0.1065975873,-0.1019559581,
135615891,0.04053197854,-0.1501373188,
135815911,-0.04015306834,-0.1604453761,
136015931,-0.1158962581,-0.1309278923,
136215951,-0.1679081065,-0.06868212239,
136415970,-0.1822127542,0.01095782695,
136615990,-0.1563063218,0.08764217893,
136816010,-0.09646730565,0.1418219519,
137016030,-0.01740796263,0.159397396,
137216049,0.06048188285,0.1355285288,
137416069,0.1166361784,0.07592667543,
137616089,0.1364195175,-0.004098401284,
137816109,0.1149025332,-0.08371712771,
138016128,0.0563515721,-0.1424843024,
138216148,-0.02289082075,-0.1660319945,
138416168,-0.1040097782,-0.1484547663,
138616188,-0.1666447671,-0.09617327429,
138816207,-0.1974325885,-0.01943805249,
139016227,-0.1889060883,0.0619576953,
139216247,-0.1432860996,0.1294880708,
139416267,-0.07186076087,0.1674792158,
139616286,0.009409757874,0.1681514899,
139816306,0.081873224,0.1297013721,
140016326,0.1255387625,0.06127798519,
140216346,0.1317156058,-0.01957119249,
140416365,0.09710299151,-0.09299652524,
140616385,0.03171408053,-0.1401199205,
140816405,-0.04791537437,-0.1498559695,
141016425,-0.1220815207,-0.1191929858,
141216444,-0.1717996396,-0.05754699749,
141416464,-0.1859308352,0.0197740544,
141616484,-0.1617349516,0.09562783464,
141816504,-0.1038030351,0.1491088655,
142016523,-0.02819226518,0.1693031407,
142216543,0.04866867991,0.1511649643,
142416563,0.1074584941,0.09738265266,
142616583,0.1320741903,0.02183685983,
142816602,0.1167118282,-0.05586721568,
143016622,0.06611742139,-0.1162510219,
143216642,-0.007688410876,-0.1440331139,
143416662,-0.08605595744,-0.1328292761,
143616681,-0.148013214,-0.08517134544,
143816701,-0.180043869,-0.0137507418,
144016721,-0.1745632573,0.06392564707,
144216741,-0.1333052217,0.130800528,
144416760,-0.06518205764,0.1699733309,
144616780,0.01381680916,0.172277402,
144816800,0.08510585751,0.1372579762,
145016820,0.1312477522,0.07224375743,
145216839,0.1403880494,-0.006526840622,
145416859,0.1103811284,-0.08000368733,
145616879,0.04927213092,-0.1292609746,
145816899,-0.02776965206,-0.1427966782,
146016918,-0.1013383415,-0.116731361,
146216938,-0.152704224,-0.05932040195,
146416958,-0.1696971633,0.0155532929,
146616978,-0.1489935114,0.08861253626,
146816997,-0.09524959828,0.1435643171,
147017017,-0.02166496812,0.1659770673,
147217037,0.05369155093,0.1507237938,
147417057,0.1127239314,0.1007917558,
147617076,0.1401467891,0.02845061041,
147817096,0.130286073,-0.04864194246,
148017116,0.084677862,-0.1101176452,
148217136,0.01485082298,-0.1422263638,
148417155,-0.06180465217,-0.1358614973,
148617175,-0.1244334001,-0.09392363276,
148817195,-0.1589208875,-0.0271822138,
149017215,-0.1563518346,0.0478747788,
149217234,-0.1182322866,0.1118037235,
149417254,-0.05408788131,0.149684963,
149617274,0.02038202635,0.1524356666,
149817294,0.08738140268,0.1187897443,
150017313,0.1303220882,0.0568501127,
150217333,0.1386500865,-0.0180901594,
150417353,0.1099293501,-0.08805382764,
150617373,0.05195740067,-0.135217916,
150817392,-0.02225201813,-0.1490930846,
151017412,-0.09338791459,-0.1256526928,
151217432,-0.1431789533,-0.07126146133,
151417452,-0.1615492543,0.0003990409081,
151617471,-0.142869747,0.07103363959,
151817491,-0.09243383015,0.1244928781,
152017511,-0.0222725277,0.1474912076,
152217531,0.05010442235,0.1325742602,
152417550,0.107331631,0.08483482624,
152617570,0.1348916433,0.01544636048,
152817590,0.1256217322,-0.05874295559,
153017610,0.08211415183,-0.1198791213,
153217629,0.01489590778,-0.1532138457,
153417649,-0.05940442811,-0.1510133948,
153617669,-0.1238442949,-0.1137391181,
153817689,-0.1632582063,-0.05133388731,
154017708,-0.1676760242,0.02151834544,
154217728,-0.1377923114,0.08839496745,
154417748,-0.08061541534,0.1321486492,
154617768,-0.008097922516,0.1425946433,
154817787,0.05986035716,0.117967709,
155017807,0.1070422562,0.06256388785,
155217827,0.1220941414,-0.00909182797,
155417847,0.09977095593,-0.07878435148,
155617866,0.04711528083,-0.1290903621,
155817886,-0.02307426375,-0.1474985928,
156017906,-0.09349471965,-0.1301436098,
156217926,-0.1470623802,-0.08235105263,
156417945,-0.170728813,-0.01440630828,
156617965,-0.1604204281,0.05643120593,
156817985,-0.1169535506,0.1136065106,
157018005,-0.05160968472,0.1430174095,
157218024,0.01931587056,0.1373687935,
157418044,0.07873114691,0.09803095628,
157618064,0.1116524965,0.03477754279,
157818084,0.1103324455,-0.03622626626,
158018103,0.07409072585,-0.09806207467,
158218123,0.0125881922,-0.1346427083,
158418143,-0.05883216145,-0.1370950962,
158618163,-0.1223149942,-0.1053257403,
158818182,-0.1634055928,-0.04768517578,
159018202,-0.1727343137,0.02292048827,
159218222,-0.1474243319,0.08911055708,
159418242,-0.09386752318,0.1353032429,
159618261,-0.02518283232,0.151395264,
159818281,0.04332390674,0.1324393912,
160018301,0.09320724615,0.08330759383,
160218321,0.1131275877,0.01594949662,
160418341,0.09845162057,-0.05204345813,
160618360,0.05232123877,-0.103582508,
160818380,-0.01280815564,-0.1261212584,
161018400,-0.07964077472,-0.1144715825,
161218420,-0.1323458479,-0.07180579099,
161418439,-0.1577582613,-0.009038401826,
161618459,-0.1499944329,0.05820608752,
161818479,-0.1114999539,0.1132809715,
162018499,-0.05085414699,0.143217014,
162218518,0.01684802127,0.1405239433,
162418538,0.07505633788,0.1057519533,
162618558,0.1092302198,0.04690492589,
162818578,0.111068617,-0.02104209579,
163018597,0.07930087371,-0.08122321513,
163218617,0.02262500854,-0.1189352785,
163418637,-0.04537602877,-0.1232021033,
163618657,-0.1060320832,-0.094665995,
163818676,-0.1456829459,-0.04056838693,
164018696,-0.1538720988,0.02605660477,
164218716,-0.1287439967,0.08795645697,
164418736,-0.07750594908,0.1305771618,
164618755,-0.01205452218,0.1435739751,
164818775,0.05157740636,0.1224964838,
165018795,0.0974790691,0.07394236213,
165218815,0.1142913704,0.00907513818,
165418834,0.09694506755,-0.05583456824,
165618854,0.05066481528,-0.1046829517,
165818874,-0.01285137041,-0.1247275045,
166018894,-0.07867440982,-0.1107262369,
166218913,-0.1294597022,-0.06731489602,
166418933,-0.1536100265,-0.005228120418,
166618953,-0.1449491448,0.06025840767,
166818973,-0.1062875571,0.1146649025,
167018992,-0.04610987132,0.1443111134,
167219012,0.02095432856,0.1427563164,
167419032,0.07957726322,0.1095525568,
167619052,0.1153765861,0.05264162592,
167819071,0.1200437996,-0.01462284184,
168019091,0.09237165823,-0.07555411163,
168219111,0.03899055604,-0.1155190494,
168419131,-0.02651017869,-0.1248088422,
168619150,-0.08722005648,-0.1021766487,
168819170,-0.1292287994,-0.05273246282,
169019190,-0.141850632,0.01017434803,
169219210,-0.1235322551,0.07094388869,
169419229,-0.0784539567,0.1148999407,
169619249,-0.01708917246,0.1326938655,
169819269,0.04520922877,0.1186822375,
170019289,0.09312710622,0.0767342189,
170219308,0.1163057862,0.01663652483,
170419328,0.1082822933,-0.04717288893,
170619348,0.07100748044,-0.1001913539,
170819368,0.01272199591,-0.1289895197,
171019387,-0.05187543096,-0.1268691883,
171219407,-0.1072781909,-0.09429959168,
171419427,-0.141331753,-0.03968261757,
171619447,-0.1443594471,0.02384375706,
171819466,-0.1160126702,0.08124990326,
172019486,-0.06371339917,0.1181192693,
172219506,-0.001082809042,0.1255321279,
172419526,0.05871559182,0.100966085,
172619545,0.09850175446,0.05112424558,
172819565,0.1098067176,-0.01214754096,
173019585,0.08949020818,-0.07310993727,
173219605,0.04196436512,-0.1165335026,
173419624,-0.02059526947,-0.1323877882,
173619644,-0.08200316332,-0.115984479,
173819664,-0.1285656136,-0.07345500999,
174019684,-0.1478532681,-0.01407871159,
174219703,-0.1364559534,0.04725717804,
174419723,-0.0967600666,0.09523048183,
174619743,-0.03904375778,0.1176828082,
174819763,0.02202753048,0.1089621402,
175019782,0.07103330685,0.07122166183,
175219802,0.09545450653,0.01403647264,
175419822,0.08956978861,-0.04792479326,
175619842,0.05373843477,-0.0994171243,
175819861,-0.002489312361,-0.127510662,
176019881,-0.06537019053,-0.1253834085,
176219901,-0.119496927,-0.09339434694,
176419921,-0.1516009003,-0.04111237833,
176619940,-0.1546009556,0.02016413406,
176819960,-0.1300841046,0.07509536665,
177019980,-0.08134560025,0.1111984649,
177220000,-0.02152668036,0.119532164,
177420019,0.03353480249,0.09785433289,
177620039,0.07159645476,0.0515223226,
177820059,0.08143764848,-0.007333823903,
178020079,0.06134367984,-0.06343342323,
178220098,0.01605302281,-0.1030052555,
178420118,-0.04285073011,-0.1155908532,
178620138,-0.1013336888,-0.09860670599,
178820158,-0.1447750047,-0.05625225192,
179020177,-0.1640068923,0.002673021231,
179220197,-0.1529209282,0.06310825598,
179420217,-0.1161453513,0.1118768156,
179620237,-0.06075179828,0.1377568883,
179820256,-7.670567908e-05,0.13523747,
180020276,0.05228835495,0.1040857799,
180220296,0.08334150667,0.0521816951,
180420316,0.08515617334,-0.008123479417,
180620335,0.05723788085,-0.06154420204,
180820355,0.008003427565,-0.0937919003,
181020375,-0.05139902017,-0.09787343591,
181220395,-0.104300713,-0.07238704558,
181420414,-0.1389184712,-0.02472137064,
181620434,-0.1461389326,0.03295899752,
181820454,-0.1242988479,0.08749918548,
182020474,-0.07978167177,0.1251763202,
182220493,-0.02201410165,0.1369289813,
182420513,0.03338375347,0.1200709201,
182620533,0.07483301109,0.07880652611,
182820553,0.08977801141,0.02268397181,
183020572,0.07606536926,-0.03384852758,
183220592,0.03663591005,-0.07554264564,
183420612,-0.0182941799,-0.09212787293,
183620632,-0.07459549505,-0.07923903139,
183820651,-0.1170051875,-0.04076819002,
184020671,-0.1354981679,0.01425788828,
184220691,-0.1246355946,0.07122384087,
184420711,-0.08757874603,0.1167868775,
184620730,-0.03290947329,0.1395552267,
184820750,0.02622249782,0.1334996984,
185020770,0.07634286622,0.1005667995,
185220790,0.1055587085,0.04778502032,
185420809,0.1070044239,-0.01304903586,
185620829,0.0786281942,-0.06698750475,
185820849,0.0287520042,-0.100918887,
186020869,-0.03057857698,-0.1073449661,
186220888,-0.08550677872,-0.08512166477,
186420908,-0.1222692316,-0.03938761205,
186620928,-0.1328114274,0.01719714953,
186820948,-0.1147279727,0.07185584993,
187020968,-0.07282761498,0.1111772734,
187220987,-0.0173480975,0.1245700455,
187421007,0.03760394561,0.1091988335,
187621027,0.07845542846,0.06985094716,
187821047,0.09504623848,0.0148869866,
188021066,0.08266558563,-0.04160227422,
188221086,0.04533582149,-0.08447169163,
188421106,-0.008995183678,-0.104439678,
188621126,-0.06612349684,-0.09625000404,
188821145,-0.1116077278,-0.06171372206,
189021165,-0.135645877,-0.00954529338,
189221185,-0.1319763646,0.0471702718,
189421205,-0.1021164865,0.09579062546,
189621224,-0.05276707161,0.1229294609,
189821244,0.003502232854,0.1243689279,
190021264,0.05249441687,0.09826072685,
190221284,0.08322762398,0.05149738693,
190421303,0.08717601737,-0.004072377106,
190621323,0.06295862251,-0.05419804186,
190821343,0.0177181318,-0.08636578028,
191021363,-0.0373269828,-0.09106639288,
191221382,-0.08878724701,-0.06905329808,
191421402,-0.1217538654,-0.02450640697,
191621422,-0.1306675518,0.03048203128,
191821442,-0.1114790859,0.08351708585,
192021461,-0.06913412052,0.1212714028,
192221481,-0.01418017995,0.1347977195,
192421501,0.04048474844,0.1213325218,
192621521,0.08319160921,0.08306746172,
192821540,0.1031952501,0.02954073383,
193021560,0.09487466792,-0.02693487575,
193221580,0.06171138505,-0.0724239802,
193421600,0.01021554051,-0.09591873854,
193621619,-0.04504887009,-0.09207320453,
193821639,-0.09115239581,-0.06236759034,
194021659,-0.1166390918,-0.01384224241,
194221679,-0.1150124662,0.03952150605,
194421698,-0.08794894903,0.08620978992,
194621718,-0.04144689244,0.111971344,
194821738,0.01160521748,0.112174959,
195021758,0.05768165768,0.08612333092,
195221777,0.08481594084,0.04095768434,
195421797,0.08618520856,-0.01207304128,
195621817,0.06104320604,-0.0593817166,
195821837,0.01629240303,-0.08812441739,
196021856,-0.03730717828,-0.09145351919,
196221876,-0.08599713509,-0.06830747711,
196421896,-0.1184770829,-0.02465672777,
196621916,-0.1260673031,0.02910481882,
196821935,-0.1071854714,0.08056117576,
197021955,-0.06715044511,0.1176427216,
197221975,-0.01330391432,0.1321861069,
197421995,0.04012168563,0.1202312675,
197622014,0.08299927182,0.08485011445,
197822034,0.1032432826,0.03402815342,
198022054,0.09818649692,-0.02032120405,
198222074,0.06681938357,-0.06509137949,
198422093,0.01900378444,-0.08925951962,
198622113,-0.03391859639,-0.08641953525,
198822133,-0.07826224605,-0.05841394028,
199022153,-0.1027558711,-0.01207670028,
199222172,-0.100791981,0.03996871461,
199422192,-0.07368601219,0.08462330843,
199622212,-0.02844147477,0.1103861781,
199822232,0.02509972425,0.1113305301,
200022251,0.07239685043,0.08654664438,
200222271,0.103143579,0.04158012629,
200422291,0.1090805789,-0.0126214383,
200622311,0.08917483637,-0.06368001559,
200822330,0.04807780671,-0.09972059997,
201022350,-0.004915348764,-0.1118246243,
201222370,-0.0569031679,-0.09765908172,
201422390,-0.09559514651,-0.06164599453,
201622409,-0.1122226727,-0.01173134626,
201822429,-0.1022136137,0.03898134072,
202022449,-0.06857752215,0.07856364081,
202222469,-0.02070843548,0.09566818923,
202422488,0.02930769659,0.08726339656,
202622508,0.06945783691,0.05516874164,
202822528,0.08867880765,0.007769140471,
203022548,0.08248878008,-0.04349673469,
203222567,0.05246854046,-0.08624450718,
203422587,0.005283476396,-0.1100707119,
203622607,-0.04720220566,-0.1087103288,
203822627,-0.09333528748,-0.08264608974,
204022646,-0.1217186927,-0.03842398638,
204222666,-0.1262206319,0.01330257154,
204422686,-0.1055261498,0.06123800935,
204622706,-0.06554719905,0.09347627915,
204822725,-0.01482218941,0.1019205007,
205022745,0.03401548166,0.08456984489,
205222765,0.06712663235,0.04593122601,
205422785,0.07751442805,-0.004101141956,
205622804,0.06242209819,-0.05237569361,
205822824,0.02476218515,-0.08788484352,
206022844,-0.02513985161,-0.1008404093,
206222864,-0.07499715241,-0.08809156598,
206422883,-0.1129876165,-0.05374946773,
206622903,-0.130198005,-0.005170525105,
206822923,-0.1234790677,0.04623112177,
207022943,-0.09206899124,0.08767411284,
207222962,-0.04659966992,0.1090867661,
207422982,0.003966746101,0.1066209842,
207623002,0.0470889783,0.08028859176,
207823022,0.07171441167,0.03642851405,
208023041,0.07140226958,-0.01328196305,
208223061,0.04687232232,-0.05633675615,
208423081,0.004178201614,-0.0817144973,
208623101,-0.04523097641,-0.0830760683,
208823120,-0.08867644906,-0.05968712549,
209023140,-0.1156440802,-0.01815605444,
209223160,-0.1193351604,0.0317896335,
209423180,-0.09845510713,0.07793704846,
209623199,-0.05931523476,0.1082592168,
209823219,-0.009449403606,0.1174428224,
210023239,0.03928487917,0.1008534097,
210223259,0.07426751543,0.06442034817,
210423278,0.08760508407,0.01501096469,
210623298,0.07601352052,-0.03356309865,
210823318,0.04316593319,-0.07114250256,
211023338,-0.003493745953,-0.08864979885,
211223357,-0.05245331648,-0.08134139051,
211423377,-0.09207814268,-0.05216329249,
211623397,-0.1123389012,-0.007937051297,
211823417,-0.1089629697,0.0410536547,
212023436,-0.08207288843,0.08234107636,
212223456,-0.03940508088,0.1053319181,
212423476,0.009239542191,0.1054308275,
212623496,0.05215034039,0.08159682998,
212823515,0.07837935992,0.04090306231,
213023535,0.0820636633,-0.008173218017,
213223555,0.06067829355,-0.0523632447,
213423575,0.02156390733,-0.08146698247,
213623595,-0.02653162829,-0.08706676375,
213823614,-0.07156043171,-0.06881432525,
214023634,-0.1017471291,-0.03066895005,
214223654,-0.1103573132,0.01615750527,
214423674,-0.09417551821,0.061742732,
214623693,-0.05835147016,0.09392874941,
214823713,-0.01118241289,0.1049040383,
215023733,0.03571748158,0.09330741534,
215223753,0.07118527812,0.05924338852,
215423772,0.08599177484,0.0131073451,
215623792,0.07741845129,-0.03566520167,
215823812,0.04708163662,-0.07378822861,
216023832,0.002228381793,-0.09276233107,
216223851,-0.04557188511,-0.08908528542,
216423871,-0.08593275554,-0.06251656547,
216623891,-0.1083010777,-0.0209116681,
216823911,-0.1079975432,0.02622264363,
217023930,-0.08495742239,0.06681780877,
217223950,-0.04587556925,0.09195633542,
217423970,0.0008268805479,0.09410140458,
217623990,0.0427829468,0.07383594116,
217824009,0.0692180482,0.03532083969,
218024029,0.07385064003,-0.01167963165,
218224049,0.05501678717,-0.0544588854,
218424069,0.01793329015,-0.08369966024,
218624088,-0.02839823931,-0.09151038794,
218824108,-0.0724723542,-0.07686762633,
219024128,-0.1043260433,-0.04219607391,
219224148,-0.1166238549,0.002449859924,
219424167,-0.1060418171,0.04755401367,
219624187,-0.07556248493,0.0816080558,
219824207,-0.03281563835,0.0971939182,
220024227,0.01229891459,0.09035846259,
220224246,0.04831931197,0.06290951305,
220424266,0.06618426973,0.02096313342,
220624286,0.06205886935,-0.02406820966,
220824306,0.03628091464,-0.06142108152,
221024325,-0.00496681879,-0.082243707,
221224345,-0.05077563455,-0.08050796519,
221424365,-0.09009939924,-0.05675212995,
221624385,-0.114151188,-0.01756026156,
221824404,-0.1166955905,0.02823345169,
222024424,-0.09723185717,0.06946348007,
222224444,-0.06060858675,0.09691036559,
222424464,-0.01589738613,0.1040346423,
222624483,0.02662735514,0.08854104655,
222824503,0.05648442513,0.05441333883,
223024523,0.06577861292,0.01059096107,
223224543,0.05263022518,-0.0316331052,
223424562,0.02036070698,-0.06178033346,
223624582,-0.0223094201,-0.07173069801,
223824602,-0.06426447971,-0.05964636121,
224024622,-0.09441652078,-0.02886856218,
224224641,-0.1056027081,0.01244267777,
224424661,-0.09542805326,0.05436028309,
224624681,-0.06647194128,0.08615853721,
224824701,-0.02603383074,0.1006689718,
225024720,0.01675994788,0.09220787725,
225224740,0.05087941267,0.06493265194,
225424760,0.06695209629,0.02469276615,
225624780,0.06121040931,-0.01920432857,
225824799,0.03501164747,-0.05479028672,
226024819,-0.005275302982,-0.07314422428,
226224839,-0.04996072997,-0.07006174621,
226424859,-0.08793511198,-0.04551144838,
226624878,-0.110148235,-0.005774081386,
226824898,-0.1101491529,0.03992548803,
227024918,-0.08937674134,0.08034625634,
227224938,-0.05190765441,0.1065643668,
227424957,-0.006282098956,0.1118058477,
227624977,0.03572885249,0.09514740576,
227824997,0.06519730784,0.06099503087,
228025017,0.07472933381,0.01733819656,
228225036,0.06241862033,-0.02480949414,
228425056,0.03119818678,-0.05557470415,
228625076,-0.01009964939,-0.06630726414,
228825096,-0.05132583679,-0.05601039452,
229025115,-0.08228439043,-0.02710420537,
229225135,-0.0946404867,0.01366823651,
229425155,-0.08608468088,0.05506032999,
229625175,-0.05801209615,0.08717132042,
229825194,-0.01749349177,0.1027932278,
230025214,0.0253838574,0.09663556961,
230225234,0.0609664895,0.07118165706,
230425254,0.0799027191,0.0310392325,
230625273,0.07811268202,-0.01275380876,
230825293,0.05544371094,-0.05021709001,
231025313,0.0177631494,-0.07249349033,
231225333,-0.02579389802,-0.07349984247,
231425352,-0.06403525303,-0.05413937295,
231625372,-0.08736160952,-0.01882400416,
231825392,-0.09083452023,0.02366140857,
232025412,-0.07274910595,0.06208255613,
232225431,-0.03867936202,0.08671413687,
232425451,0.00335085713,0.09193057001,
232625471,0.04300452114,0.07587717478,
232825491,0.0699718748,0.04205999573,
233025510,0.07760367943,8.688452667e-05,
233225530,0.06372689199,-0.04049559504,
233425550,0.03237731475,-0.07020972548,
233625570,-0.008713353119,-0.08095127635,
233825589,-0.05065174314,-0.0712848565,
234025609,-0.0821594689,-0.0429093106,
234225629,-0.09565682848,-0.002512060723,
234425649,-0.0885456201,0.03953191474,
234625668,-0.06252165269,0.0721043776,
234825688,-0.02335956658,0.08875067293,
235025708,0.01790642072,0.08505508442,
235225728,0.05347318867,0.06133415323,
235425747,0.07273744253,0.0232369154,
235625767,0.0718220162,-0.01874089851,
235825787,0.05140209939,-0.05593213016,
236025807,0.0158466757,-0.07766358334,
236225826,-0.02611875941,-0.08032430697,
236425846,-0.06298387839,-0.06268378076,
236625866,-0.08618545249,-0.0293446743,
236825886,-0.09076736696,0.01024620671,
237025905,-0.07492390881,0.04605427382,
237225925,-0.04315667902,0.0701705121,
237425945,-0.004291302405,0.07469465797,
237625965,0.03284565548,0.05937231857,
237825984,0.05799945855,0.02780175483,
238026004,0.0644260503,-0.01248845686,
238226024,0.0507028472,-0.05197139722,
238426044,0.02019142468,-0.08109343471,
238626063,-0.02119577826,-0.09313973807,
238826083,-0.06355218207,-0.0848161555,
239026103,-0.09798864761,-0.0576622916,
239226123,-0.1163009318,-0.01930980256,
239426142,-0.1148286866,0.02379204767,
239626162,-0.09433555612,0.06146568951,
239826182,-0.05978273819,0.08448299939,
240026202,-0.01850883583,0.0882131232,
240226222,0.01841853117,0.07205241699,
240426241,0.04305083739,0.04034458891,
240626261,0.0481564226,0.00109119067,
240826281,0.03335783765,-0.03505455651,
241026301,0.002597597256,-0.05905628328,
241226320,-0.035821542,-0.06475062674,
241426340,-0.07234724852,-0.05023828448,
241626360,-0.09784467414,-0.02032545274,
241826380,-0.1053171786,0.01795695971,
242026399,-0.09413868922,0.05573815702,
242226419,-0.066403828,0.08409601233,
242426439,-0.02777512455,0.09601434058,
242626459,0.01124324373,0.08799841039,
242826478,0.04176971165,0.06186996048,
243026498,0.05548801065,0.02492575802,
243226518,0.04981107891,-0.01442679703,
243426538,0.02551136247,-0.04558810962,
243626557,-0.01056960835,-0.06043267076,
243826577,-0.05004886043,-0.0558995476,
244026597,-0.08205648417,-0.03338848617,
244226617,-0.09937110909,0.002486729807,
244426636,-0.09734770657,0.04245680819,
244626656,-0.07673205929,0.07682355462,
244826676,-0.04181844818,0.09730826634,
245026696,-0.001931463735,0.09979614959,
245226715,0.03492465729,0.08182361619,
245426735,0.05821882742,0.05006438558,
245626755,0.06410899037,0.0103079705,
245826775,0.04996602637,-0.02653218285,
246026794,0.01994386763,-0.0518895621,
246226814,-0.0179067243,-0.05944712,
246426834,-0.05467900558,-0.04678417052,
246626854,-0.08051261072,-0.01855829314,
246826873,-0.08957243924,0.01783852927,
247026893,-0.07932116209,0.05562800137,
247226913,-0.05290779095,0.08335914452,
247426933,-0.01599628313,0.09419238984,
247626952,0.02197169659,0.08738955315,
247826972,0.05171422713,0.06326793559,
248026992,0.06679571026,0.02761378408,
248227012,0.06310936374,-0.01030733738,
248427031,0.0418246251,-0.04164776045,
248627051,0.008295405293,-0.0583129898,
248827071,-0.02877792503,-0.05628192518,
249027091,-0.05979372981,-0.03680436587,
249227110,-0.07678395202,-0.004267045548,
249427130,-0.07552459187,0.03202816236,
249627150,-0.05572833025,0.0632820599,
249827170,-0.02319243071,0.08083271127,
250027189,0.01472753454,0.08065514619,
250227209,0.04790524139,0.06159510134,
250427229,0.06895858937,0.02843819194,
250627249,0.07144841711,-0.0114217337,
250827268,0.05566449105,-0.0481121173,
251027288,0.02349886141,-0.07324326106,
251227308,-0.01581885453,-0.08143312353,
251427328,-0.05502530142,-0.06967622815,
251627347,-0.08404764243,-0.04223188299,
251827367,-0.09733698202,-0.004178103532,
252027387,-0.0907152887,0.0348182762,
252227407,-0.0671698608,0.06639364477,
252427426,-0.03239584135,0.08336928632,
252627446,0.006557576063,0.08139348113,
252827466,0.03930219538,0.0610917044,
253027486,0.05857399507,0.0278337042,
253227505,0.05944896663,-0.01090388723,
253427525,0.04229199364,-0.0446523017,
253627545,0.0106010765,-0.06605739308,
253827565,-0.02696280855,-0.07078905723,
254027584,-0.0620854843,-0.05672963968,
254227604,-0.08682666627,-0.0273300841,
254427624,-0.09478154965,0.009619699169,
254627644,-0.08367163852,0.04549243908,
254827663,-0.05841423053,0.0727893952,
255027683,-0.02266223351,0.08413407655,
255227703,0.01321504712,0.07752827947,
255427723,0.04123631003,0.05488729648,
255627742,0.05500141993,0.02155641629,
255827762,0.05106599093,-0.01312882751,
256027782,0.03149421778,-0.04125480054,
256227802,0.0008110061858,-0.05537211111,
256427821,-0.03246234847,-0.05249233538,
256627841,-0.0587429125,-0.03363479805,
256827861,-0.07267187855,-0.004188499205,
257027881,-0.06931490695,0.02830207743,
257227900,-0.0503072918,0.05486503412,
257427920,-0.0194043303,0.06820500705,
257627940,0.01501757392,0.06494392696,
257827960,0.04355818358,0.0446048526,
258027979,0.05950586209,0.01252661346,
258227999,0.0586195593,-0.02473769276,
258428019,0.04023653209,-0.05735466231,
258628039,0.00862596433,-0.07821990352,
258828058,-0.02886744897,-0.08251346365,
259028078,-0.064172087,-0.06905439791,
259228098,-0.089351572,-0.04110190241,
259428118,-0.09910302901,-0.006191143814,
259628137,-0.0912456953,0.02933330479,
259828157,-0.06768323833,0.05611564371,
260028177,-0.03476344448,0.06762022399,
260228197,-0.00065930689,0.06118864442,
260428216,0.02500792444,0.0393786364,
260628236,0.0361126063,0.00711804733,
260828256,0.0293200173,-0.02618737595,
261028276,0.006723897318,-0.05181805565,
261228295,-0.02593990651,-0.06344940653,
261428315,-0.0607660156,-0.05780015584,
261628335,-0.08945275405,-0.03551461938,
261828355,-0.104887681,-0.002390342278,
262028374,-0.1021818742,0.03419165247,
262228394,-0.08366590538,0.0663944259,
262428414,-0.05285712161,0.08587055216,
262628434,-0.01548097389,0.08893118673,
262828453,0.01820374638,0.07536426248,
263028473,0.04107803808,0.04692393138,
263228493,0.04792548093,0.01173841104,
263428513,0.03752877884,-0.0217377824,
263628532,0.01245769901,-0.04554869232,
263828552,-0.02046244647,-0.05397448395,
264028572,-0.05248986705,-0.04565683719,
264228592,-0.07596362337,-0.02253439598,
264428611,-0.08520997239,0.00775791885,
264628631,-0.0779011737,0.03920708437,
264828651,-0.05641463851,0.06220067871,
265028671,-0.02647699297,0.07126758793,
265228690,0.004524286988,0.06481795655,
265428710,0.02792262298,0.04344228971,
265628730,0.03769791207,0.01310582961,
265828750,0.0301860524,-0.01868122477,
266028769,0.008815017057,-0.04294827068,
266228789,-0.02215998091,-0.05378758843,
266428809,-0.05472313318,-0.04803264404,
266628829,-0.08136249594,-0.02741510501,
266828849,-0.09487861342,0.00367002753,
267028868,-0.09216874528,0.03804263825,
267228888,-0.0735097716,0.06696425613,
267428908,-0.04357555852,0.08373497363,
267628928,-0.008685811824,0.08413695578,
267828947,0.02160631715,0.06794569588,
268028967,0.04123725089,0.03929560963,
268228987,0.04462199691,0.004412557156,
268429007,0.03088978051,-0.02751328716,
268629026,0.003235976914,-0.04910452289,
268829046,-0.03108122622,-0.05455539501,
269029066,-0.06432558057,-0.04332377116,
269229086,-0.08867488257,-0.01792238658,
269429105,-0.09767755417,0.01553852084,
269629125,-0.08995571166,0.04958625338,
269829145,-0.06786383874,0.07623110387,
270029165,-0.03550351883,0.08893202549,
270229184,-0.001446141512,0.08559038325,
270429204,0.02614208764,0.06611133142,
270629224,0.04156723902,0.03521566462,
270829244,0.03963817708,0.001859986543,
271029263,0.02133136217,-0.02600587267,
271229283,-0.007790286515,-0.04119842652,
271429303,-0.0403994528,-0.03995476115,
271629323,-0.06839694433,-0.02280260579,
271829342,-0.08525301114,0.005909546246,
272029362,-0.08552042585,0.03904857384,
272229382,-0.07050810958,0.06912796628,
272429402,-0.04219725608,0.08938790473,
272629421,-0.00884216527,0.09310383876,
272829441,0.02389970648,0.08104299387,
273029461,0.0472552306,0.05599195746,
273229481,0.05641167006,0.02310815286,
273429500,0.04864727537,-0.01075836724,
273629520,0.02646754498,-0.03628835811,
273829540,-0.004683084396,-0.04786905851,
274029560,-0.03657229028,-0.04312211544,
274229579,-0.06145698127,-0.02431957668,
274429599,-0.07325537522,0.003659410577,
274629619,-0.06983105031,0.03309362502,
274829639,-0.05222590266,0.056719708,
275029658,-0.02565468669,0.06802343423,
275229678,0.003477016554,0.06446349945,
275429698,0.02697822763,0.04623298505,
275629718,0.03826946607,0.01765435516,
275829737,0.03384472897,-0.01341723802,
276029757,0.0146553681,-0.03896847102,
276229777,-0.01516206706,-0.05258581671,
276429797,-0.04791911504,-0.05042107395,
276629816,-0.07664899408,-0.03262493141,
276829836,-0.09404672975,-0.004043590603,
277029856,-0.09673481582,0.02855986189,
277229876,-0.08395596625,0.05855570364,
277429895,-0.05947647928,0.0793672251,
277629915,-0.02846201503,0.08587440462,
277829935,0.0004613018676,0.07678850969,
278029955,0.02113092182,0.05568559255,
278229974,0.02757711422,0.02718380374,
278429994,0.01903542548,-0.0003845417466,
278630014,-0.002778322349,-0.01933712203,
278830034,-0.03127167806,-0.02499814958,
279030053,-0.05920088805,-0.01570217127,
279230073,-0.08005473267,0.006295913574,
279430093,-0.08802063888,0.03657576902,
279630113,-0.08103057703,0.06882701872,
279830132,-0.06061328915,0.09414909339,
280030152,-0.02928360461,0.1082946284,
280230172,0.004479283796,0.1062633402,
280430192,0.03394688095,0.09017356441,
280630211,0.05220758771,0.06224741605,
280830231,0.05577287022,0.03033250406,
281030251,0.04328899689,0.000521842759,
281230271,0.01912103592,-0.01865550662,
281430290,-0.01133520157,-0.02255038499,
281630310,-0.0385434569,-0.01067500725,
281830330,-0.05574575839,0.01315403393,
282030350,-0.0588022237,0.04249754761,
282230369,-0.0464796071,0.06951882819,
282430389,-0.02302244009,0.08733073509,
282630409,0.007922970099,0.09225614325,
282830429,0.03741722476,0.08170231578,
283030448,0.05918317261,0.05828284013,
283230468,0.06791303593,0.02723442903,
283430488,0.06098158811,-0.004213257909,
283630508,0.04097002188,-0.02894815931,
283830527,0.01148935967,-0.04093992011,
284030547,-0.01968698937,-0.03722234757,
284230567,-0.04471792731,-0.01931997723,
284430587,-0.05704521674,0.007967849805,
284630606,-0.05523233566,0.03752955906,
284830626,-0.03901490508,0.06181520985,
285030646,-0.01239413862,0.07510276738,
285230666,0.01738570268,0.07376667,
285430685,0.04303882106,0.05840363045,
285630705,0.05854437852,0.03208191939,
285830725,0.05960632958,0.00127041732,
286030745,0.04541571091,-0.02660958551,
286230764,0.02006449901,-0.04456585076,
286430784,-0.01068781053,-0.04829966989,
286630804,-0.03964468321,-0.03658587766,
286830824,-0.05910092542,-0.01305185154,
287030843,-0.06497577872,0.01613967957,
287230863,-0.05602635633,0.04438479498,
287430883,-0.03447555834,0.06499286804,
287630903,-0.006075019629,0.07243604633,
287830922,0.02191917855,0.06480659825,
288030942,0.0431863829,0.04452023562,
288230962,0.05193526354,0.01630020305,
288430982,0.04563325717,-0.01303158385,
288631001,0.02586638918,-0.03553113735,
288831021,-0.002362597022,-0.04627759469,
289031041,-0.03219437425,-0.04213562723,
289231061,-0.05675230472,-0.02411945727,
289431080,-0.06957371511,0.002720962737,
289631100,-0.06866618256,0.03264453546,
289831120,-0.05376489444,0.0580771929,
290031140,-0.02951416549,0.07395966107,
290231159,-0.0007354850363,0.07642719222,
290431179,0.02503144241,0.06422606453,
290631199,0.0422501983,0.04172810759,
290831219,0.04552999601,0.01435128978,
291031238,0.03538072831,-0.01143303961,
291231258,0.01317600709,-0.02815317562,
291431278,-0.01433268081,-0.03140127557,
291631298,-0.03980462283,-0.0199579893,
291831317,-0.05619609118,0.002820706645,
292031337,-0.05942354881,0.03043995656,
292231357,-0.04890418546,0.0572804798,
292431377,-0.02633027854,0.07569773348,
292631396,0.002991483576,0.08198716084,
292831416,0.031945322,0.07317873562,
293031436,0.05351173312,0.05176217118,
293231456,0.06306667465,0.0227878535,
293431476,0.05833721114,-0.007184459332,
293631495,0.03954786479,-0.03208283731,
293831515,0.01185478632,-0.04473244111,
294031535,-0.01842415696,-0.0428926695,
294231555,-0.04400389661,-0.02704516112,
294431574,-0.05879114799,-0.001174279339,
294631594,-0.05957883671,0.02842786987,
294831614,-0.04569835885,0.05418966972,
295031634,-0.02179922618,0.07045205252,
295231653,0.006701435925,0.07404290392,
295431673,0.03397087119,0.06339919206,
295631693,0.05235753307,0.04098550414,
295831713,0.05885591986,0.01279302491,
296031732,0.05012706528,-0.01532237446,
296231752,0.02968613529,-0.03503767965,
296431772,0.001892983742,-0.04284233013,
296631792,-0.02566655558,-0.03632691751,
296831811,-0.04637044596,-0.01722967036,
297031831,-0.05503500707,0.009324634978,
297231851,-0.0497202419,0.03623606292,
297431871,-0.03286340984,0.05757710571,
297631890,-0.006716182795,0.06781878625,
297831910,0.02049890787,0.06463074148,
298031930,0.04371619859,0.04887583,
298231950,0.05636216466,0.02347674705,
298431969,0.05560704636,-0.004326820563,
298631989,0.04110361007,-0.02885519722,
298832009,0.01709773655,-0.04370390979,
299032029,-0.01114770312,-0.04472946508,
299232048,-0.03636473952,-0.03193271966,
299432068,-0.05197267501,-0.009143706772,
299632088,-0.05419612485,0.01854259196,
299832108,-0.04278116961,0.04324657199,
300032127,-0.02096640855,0.05959353796,
300232147,0.00606436002,0.06274332448,
300432167,0.0312219453,0.05283710643,
300632187,0.04869214604,0.03172416251,
300832206,0.05334489805,0.004502866992,
301032226,0.04455415716,-0.02206546367,
301232246,0.02353533009,-0.04141311489,
301432266,-0.004119010018,-0.04826037634,
301632285,-0.03257464288,-0.04072829789,
301832305,-0.05380569157,-0.02072620699,
302032325,-0.06347165549,0.007154506578,
302232345,-0.05915203045,0.03669472249,
302432364,-0.04154919254,0.06069024884,
302632384,-0.01516621241,0.07465964585,
302832404,0.01489433421,0.07470305449,
303032424,0.0415434878,0.06060498007,
303232443,0.05885644542,0.03725216362,
303432463,0.06340681598,0.008130217957,
303632483,0.0537510704,-0.0184843841,
303832503,0.03285887789,-0.03765485499,
304032522,0.006442136381,-0.04439354371,
304232542,-0.01903823102,-0.03698242804,
304432562,-0.0377432961,-0.01885313692,
304632582,-0.04366765303,0.006724412376,
304832601,-0.03662134925,0.03127294239,
305032621,-0.01825716134,0.04858771994,
305232641,0.006217753712,0.05533778147,
305432661,0.03123833961,0.04886436516,
305632680,0.05029395552,0.03084626637,
305832700,0.05855695764,0.005743501729,
306032720,0.05382752359,-0.02038580397,
306232740,0.03720973088,-0.04153744255,
306432759,0.0123565913,-0.05221829274,
306632779,-0.01452159974,-0.05014875368,
306832799,-0.0364215543,-0.03466259141,
307032819,-0.04821688866,-0.01124349593,
307232838,-0.04709125663,0.01516524,
307432858,-0.03318856124,0.03747254944,
307632878,-0.009864163454,0.04926976449,
307832898,0.01650039891,0.04946346042,
308032917,0.03951345448,0.03618359721,
308232937,0.05314500887,0.0131288427,
308432957,0.05496120531,-0.01346110302,
308632977,0.04374323216,-0.03815717072,
308832996,0.02193373445,-0.05497159536,
309033016,-0.005271329283,-0.0590960688,
309233036,-0.03094964546,-0.05042297859,
309433056,-0.0492334586,-0.03086467827,
309633075,-0.05540826856,-0.004868718688,
309833095,-0.0489639897,0.02025667405,
310033115,-0.03075498327,0.03869181776,
310233135,-0.006151265298,0.0456358632,
310433154,0.01836229068,0.03964246945,
310633174,0.03657268151,0.02234619859,
310833194,0.04401469233,-0.001460835926,
311033214,0.03867565844,-0.02617136468,
311233233,0.02206287102,-0.04519688007,
311433253,-0.002481665484,-0.05379605428,
311633273,-0.02810127266,-0.04938499771,
311833293,-0.04842423143,-0.03318820713,
312033312,-0.05893219084,-0.008515922328,
312233332,-0.05589376839,0.01821263946,
312433352,-0.04050820596,0.04030684257,
312633372,-0.01649977195,0.05288139331,
312833391,0.010931934,0.05247734506,
313033411,0.03520728887,0.03940451514,
313233431,0.05103889099,0.01674881756,
313433451,0.05429356615,-0.01087181966,
313633470,0.04473022339,-0.03666178697,
313833490,0.02434940768,-0.0550490187,
314033510,-0.001785681963,-0.06209369732,
314233530,-0.0275375058,-0.05609242294,
314433549,-0.04757327499,-0.03929271757,
314633569,-0.05637979351,-0.0157924764,
314833589,-0.05272283687,0.008703951715,
315033609,-0.03760940675,0.02743953447,
315233628,-0.01545334214,0.03591956555,
315433648,0.007343064305,0.03188240555,
315633668,0.0255758553,0.01772826753,
315833688,0.03324192769,-0.003797832571,
316033707,0.03023018177,-0.02715317778,
316233727,0.01602994146,-0.04637214265,
316433747,-0.005974052864,-0.05645589238,
316633767,-0.03076856274,-0.05438755092,
316833786,-0.05179602448,-0.04146591127,
317033806,-0.0645326299,-0.01967078246,
317233826,-0.06562166252,0.005238921414,
317433846,-0.05506590687,0.02855583204,
317633865,-0.03417791553,0.04342349051,
317833885,-0.009733402281,0.04619891357,
318033905,0.01336717383,0.03740356714,
318233925,0.02916708575,0.01861567033,
318433944,0.03367566471,-0.005229183675,
318633964,0.02594007916,-0.02847801745,
318833984,0.008168710766,-0.04459302967,
319034004,-0.01535827135,-0.05027678835,
319234023,-0.03917168912,-0.04384611798,
319434043,-0.05640955473,-0.02692154188,
319634063,-0.06319766546,-0.002217862548,
319834083,-0.05767770632,0.0221170829,
320034103,-0.04133479914,0.04075947966,
320234122,-0.01736077042,0.0499093334,
320434142,0.008152210351,0.04652542486,
320634162,0.02910180515,0.03104777449,
320834182,0.04082716612,0.007630268685,
321034201,0.04050968036,-0.01875013552,
321234221,0.02787427029,-0.04200943783,
321434241,0.006288767425,-0.05689829924,
321634261,-0.01945637097,-0.0603578362,
321834280,-0.04395327804,-0.05140819901,
322034300,-0.06103060735,-0.03290943993,
322234320,-0.06722611228,-0.008044830797,
322434340,-0.06178588525,0.01498407707,
322634359,-0.0458073875,0.03276754892,
322834379,-0.02370335123,0.03951065831,
323034399,-0.001519315903,0.03457859344,
323234419,0.01488125714,0.01958027588,
323434438,0.02070681706,-0.001575467704,
323634458,0.01575272259,-0.02293072139,
323834478,0.0003685956515,-0.03930949084,
324034498,-0.02159831069,-0.04565583752,
324234517,-0.04432227132,-0.04057495902,
324434537,-0.06208953379,-0.02472427138,
324634557,-0.07039989005,-0.002128210662,
324834577,-0.06691693311,0.02251091986,
325034596,-0.05232761858,0.04267196476,
325234616,-0.0301646482,0.05390485375,
325434636,-0.005116951218,0.05295012904,
325634656,0.01665908992,0.04123950134,
325834675,0.02988504728,0.0202979917,
326034695,0.03122431528,-0.003942029872,
326234715,0.02120097209,-0.02538390659,
326434735,0.00210288535,-0.03899396981,
326634754,-0.02075482888,-0.04158883,
326834774,-0.04127202864,-0.03279303459,
327034794,-0.05511971322,-0.01485098348,
327234814,-0.05833506552,0.007805599843,
327434833,-0.04927061693,0.02877277049,
327634853,-0.03124942959,0.0431304809,
327834873,-0.008470164715,0.04640452881,
328034893,0.01321813429,0.03854170051,
328234912,0.02867835873,0.02091840341,
328434932,0.03365420936,-0.002128412174,
328634952,0.02703277888,-0.0245706667,
328834972,0.01121855898,-0.04127114505,
329034991,-0.0110827834,-0.04891243524,
329235011,-0.03383523726,-0.04453470887,
329435031,-0.05223726593,-0.0300903691,
329635051,-0.06169346216,-0.009034496515,
329835070,-0.05965609699,0.01431612806,
330035090,-0.04666055357,0.03368121983,
330235110,-0.02633756019,0.04447991735,
330435130,-0.002745151439,0.04451338899,
330635149,0.01713642888,0.03304869308,
330835169,0.02967351947,0.01331073059,
331035189,0.03215122193,-0.009844077417,
331235209,0.02262871205,-0.03125660222,
331435228,0.0043296944,-0.04543295014,
331635248,-0.0182879179,-0.04935287006,
331835268,-0.04060451684,-0.04132248381,
332035288,-0.05616208979,-0.02420594906,
332235307,-0.06133646876,-0.001550309209,
332435327,-0.05446699974,0.02090404708,
332635347,-0.03723571859,0.03700678291,
332835367,-0.01444293307,0.04335479033,
333035386,0.008633954927,0.03783700413,
333235406,0.02677849628,0.02182201208,
333435426,0.0352676764,-0.0006755715951,
333635446,0.03238434547,-0.02508382774,
333835465,0.01881351936,-0.04549462972,
334035485,-0.00252122537,-0.0567106254,
334235505,-0.02604305445,-0.05732137612,
334435525,-0.04718663969,-0.04690385493,
334635544,-0.06063410207,-0.02796551627,
334835564,-0.06221360087,-0.005573488774,
335035584,-0.05362295154,0.01464998645,
335235604,-0.03641511369,0.02666626777,
335435623,-0.01503343452,0.02837798081,
335635643,0.004027149049,0.01887689541,
335835663,0.01537090563,0.001108150164,
336035683,0.01679805394,-0.02066127714,
336235702,0.007245361528,-0.04008179957,
336435722,-0.01098657372,-0.05363280135,
336635742,-0.03345573698,-0.05627053479,
336835762,-0.0546968682,-0.04841699299,
337035781,-0.07037209205,-0.03120705299,
337235801,-0.07598409487,-0.008836347629,
337435821,-0.07125450048,0.01304601169,
337635841,-0.05595392366,0.03035683636,
337835860,-0.0347135128,0.03755689693,
338035880,-0.01285177247,0.03419768014,
338235900,0.004228180586,0.01990863315,
338435920,0.01229157032,-0.0003240600007,
338635939,0.009311230147,-0.02214957607,
338835959,-0.003474095835,-0.03964474824,
339035979,-0.02329073313,-0.04942320189,
339235999,-0.04546184847,-0.04828997759,
339436018,-0.06518359295,-0.03741289269,
339636038,-0.07673625708,-0.01827101193,
339836058,-0.07837380394,0.004193813221,
340036078,-0.069298248,0.02377709083,
340236097,-0.05272592587,0.03804935661,
340436117,-0.030989947,0.04143233987,
340636137,-0.01042602031,0.03455511408,
340836157,0.003957960585,0.01829961891,
341036176,0.007997863068,-0.002708940377,
341236196,0.002069264052,-0.02298461307,
341436216,-0.01346961826,-0.03775817002,
341636236,-0.03365926367,-0.04349603642,
341836255,-0.05395128444,-0.03963362841,
342036275,-0.07000247457,-0.02568144989,
342236295,-0.0780629727,-0.006729329362,
342436315,-0.07545979504,0.01418817457,
342636334,-0.06379016628,0.03028500567,
342836354,-0.04489205284,0.03879446537,
343036374,-0.02523458545,0.0363685317,
343236394,-0.009643790311,0.0240917129,
343436413,-0.003202138255,0.005093941236,
343636433,-0.007523386119,-0.01446315294,
343836453,-0.02115558236,-0.03000399534,
344036473,-0.04104907893,-0.03665166609,
344236492,-0.06283075285,-0.03351060727,
344436512,-0.0808391338,-0.02016973946,
344636532,-0.09174452715,0.001184042754,
344836552,-0.0910002823,0.02578556451,
345036571,-0.08056297513,0.04727086158,
345236591,-0.06130808477,0.06206580663,
345436611,-0.03787363911,0.06724743992,
345636631,-0.01397133623,0.06118705571,
345836650,0.003931507977,0.0458717002,
346036670,0.01227425209,0.02443403068,
346236690,0.009140185256,0.001680009621,
346436710,-0.003793150834,-0.01612604402,
346636729,-0.02293085702,-0.02492957961,
346836749,-0.04392550951,-0.02388562257,
347036769,-0.06089394405,-0.01285651453,
347236789,-0.0707009005,0.004847626148,
347436809,-0.07078293205,0.02479628898,
347636828,-0.0609121479,0.04250940603,
347836848,-0.04364699999,0.05301468021,
348036868,-0.02328355705,0.05418659153,
348236888,-0.005145751814,0.04573624263,
348436907,0.006150391187,0.02872784789,
348636927,0.007755782234,0.00844970142,
348836947,-0.00140856171,-0.009796262117,
349036967,-0.01795801368,-0.02182381776,
349236986,-0.03815875283,-0.02391496246,
349437006,-0.05721466611,-0.01575085005,
349637026,-0.07052577299,0.0006842891297,
349837046,-0.07416196955,0.02158218735,
350037065,-0.06851138734,0.04214930302,
350237085,-0.05254344943,0.05802384444,
350437105,-0.0319056153,0.06538713931,
350637125,-0.009743742957,0.06155158132,
350837144,0.008307779802,0.04874630065,
351037164,0.01747828234,0.0289147906,
351237184,0.01635982058,0.007410483981,
351437204,0.005218212676,-0.0103571156,
351637223,-0.0124505521,-0.02006633903,
351837243,-0.03184904945,-0.02040851662,
352037263,-0.04873686302,-0.01060505377,
352237283,-0.05819653293,0.005332893169,
352437302,-0.05828892163,0.02397838713,
352637322,-0.04932533406,0.03999844286,
352837342,-0.03346861372,0.04892381408,
353037362,-0.01502361246,0.04930810477,
353237381,0.001154410894,0.04066020325,
353437401,0.0110236571,0.02478965228,
353637421,0.0116948159,0.006178694149,
353837441,0.002740442999,-0.0108007355,
354037460,-0.01317867825,-0.02080068914,
354237480,-0.03190534194,-0.02231121532,
354437500,-0.0497224667,-0.01458640056,
354637520,-0.06097948295,0.001246739941,
354837539,-0.06371887801,0.02048551567,
355037559,-0.05639716702,0.0391540702,
355237579,-0.04150745075,0.05247976835,
355437599,-0.02237859553,0.0573743407,
355637618,-0.002050559571,0.05247970293,
355837638,0.0136116914,0.03899500197,
356037658,0.02147769435,0.01982149325,
356237678,0.01956906528,-0.001335489065,
356437697,0.007735416426,-0.01856433899,
356637717,-0.00999335775,-0.02840468123,
356837737,-0.03031049513,-0.02844593477,
357037757,-0.04724858846,-0.01948530942,
357237776,-0.05824777819,-0.003361372522,
357437796,-0.05962016791,0.01523260262,
357637816,-0.05148441537,0.03166268704,
357837836,-0.03688969992,0.0421036337,
358037855,-0.01937540618,0.04331499466,
358237875,-0.00356280968,0.03583224705,
358437895,0.00586403764,0.02079956177,
358637915,0.006450428523,0.00303434621,
358837934,-0.002089597345,-0.01256119969,
359037954,-0.01755972922,-0.02179604352,
359237974,-0.03564429836,-0.02251282919,
359437994,-0.05158916479,-0.01368995609,
359638013,-0.06163144065,0.001959113285,
359838033,-0.06258511841,0.02108178878,
360038053,-0.05457463787,0.03841256596,
360238073,-0.03891710764,0.05044306024,
360438092,-0.01889621372,0.05333639921,
360638112,0.0004431931477,0.04633619372,
360838132,0.01447880699,0.03021328375,
361038152,0.01983587213,0.01024432043,
361238171,0.01524269369,-0.01083282113,
361438191,0.0007227886185,-0.02709052878,
361638211,-0.01871896191,-0.03545491751,
361838231,-0.0399769242,-0.03402923062,
362038250,-0.05833395988,-0.02327210822,
362238270,-0.06944614172,-0.005612892741,
362438290,-0.07076594299,0.01501912869,
362638310,-0.06318251961,0.03358191543,
362838329,-0.04783699975,0.04609931304,
363038349,-0.02820047255,0.04958420633,
363238369,-0.009520208388,0.04341396898,
363438389,0.003043863984,0.02886770497,
363638408,0.006843094031,0.01016159517,
363838428,0.0004490257029,-0.008005997797,
364038448,-0.01439874174,-0.02051061007,
364238468,-0.03293755384,-0.02463030384,
364438487,-0.05152102531,-0.01957849245,
364638507,-0.06607298127,-0.005237258561,
364838527,-0.07181432317,0.01453099635,
365038547,-0.06775442271,0.03460212337,
365238566,-0.05515206427,0.05100847072,
365438586,-0.0354456771,0.06022674444,
365638606,-0.01402653694,0.05949427461,
365838626,0.004865195132,0.04924450617,
366038645,0.01725201966,0.03142875552,
366238665,0.0203133712,0.009812060715,
366438685,0.01317096444,-0.01001899876,
366638705,-0.00180509888,-0.02426537059,
366838724,-0.02122041458,-0.02969266255,
367038744,-0.03984403652,-0.02556885283,
367238764,-0.05393416732,-0.01373463225,
367438784,-0.05966682777,0.002249008878,
367638803,-0.05708551411,0.0191481908,
367838823,-0.04651088963,0.03141132288,
368038843,-0.03106867023,0.03564510108,
368238863,-0.01595800491,0.03171183351,
368438882,-0.005351570609,0.0196605693,
368638902,-0.002489571059,0.003327446222,
368838922,-0.008626157777,-0.01264409066,
369038942,-0.02210398321,-0.02393538144,
369238961,-0.03961694597,-0.02737788936,
369438981,-0.05710586065,-0.02231029289,
369639001,-0.0704044674,-0.008781359109,
369839021,-0.07703787368,0.009174169663,
370039040,-0.07405892777,0.02803512173,
370239060,-0.06279759253,0.04289428882,
370439080,-0.04575447286,0.05214153547,
370639100,-0.02743271244,0.05109297285,
370839119,-0.01176444946,0.04236991236,
371039139,-0.002216169817,0.02665785246,
371239159,-0.002316333961,0.008760077452,
371439179,-0.01081490567,-0.006381210672,
371639198,-0.02527620458,-0.01501561911,
371839218,-0.04237592692,-0.01622312632,
372039238,-0.05687897462,-0.007774271115,
372239258,-0.06639213351,0.00615075378,
372439277,-0.06719707783,0.02289597492,
372639297,-0.06030904313,0.03819447371,
372839317,-0.0459562681,0.04830661675,
373039337,-0.02833352494,0.05049844592,
373239356,-0.01074514355,0.04355589199,
373439376,0.001065721704,0.028656001,
373639396,0.005263123298,0.009476730125,
373839416,-0.0003590904088,-0.0102030249,
374039436,-0.01433023234,-0.02518602465,
374239455,-0.03364117521,-0.03326184689,
374439475,-0.05427912491,-0.03220508708,
374639495,-0.07339369111,-0.02239927081,
374839515,-0.08600920815,-0.006761289175,
375039534,-0.08947108623,0.01344585337,
375239554,-0.08444798913,0.03172121003,
375439574,-0.0726655009,0.04566119803,
375639594,-0.05731245924,0.05217729341,
375839613,-0.04139738256,0.04993505639,
376039633,-0.030495761,0.04068787055,
376239653,-0.02643891793,0.02756728752,
376439673,-0.03101242363,0.01496699916,
376639692,-0.04188335688,0.007141548994,
376839712,-0.05635988852,0.006119228981,
377039732,-0.0687497008,0.01326584464,
377239752,-0.07713803701,0.02667685978,
377439771,-0.07764665054,0.04306881394,
377639791,-0.06969055103,0.05874089492,
377839811,-0.05533639957,0.0697718722,
378039831,-0.03733697081,0.07269864196,
378239850,-0.01948582949,0.06687755061,
378439870,-0.006745546143,0.05394443949,
378639890,-0.001300786505,0.03578071731,
378839910,-0.004959180977,0.01824173752,
379039929,-0.01744608998,0.004309724821,
379239949,-0.03497230905,-0.001525639499,
379439969,-0.05261456283,0.001006412788,
379639989,-0.06665710586,0.01132357366,
379840008,-0.07404169353,0.02771582942,
380040028,-0.07340422876,0.04503494433,
380240048,-0.06478066027,0.05963624277,
380440068,-0.04888399735,0.06902739411,
380640087,-0.0322214201,0.06970898049,
380840107,-0.01679572654,0.06207926728,
381040127,-0.007064766232,0.04843324097,
381240147,-0.005602934881,0.03181476584,
381440166,-0.01310007237,0.01650422011,
381640186,-0.02755314442,0.007161736601,
381840206,-0.04453121843,0.005841535841,
382040226,-0.0609746989,0.01265069506,
382240245,-0.07290833205,0.02621120518,
382440265,-0.07712233855,0.04399036115,
382640285,-0.07181395536,0.0630395428,
382840305,-0.05970880529,0.0777532863,
383040324,-0.04097009453,0.08497203525,
383240344,-0.02222767829,0.08458088536,
383440364,-0.005464155484,0.07428590592,
383640384,0.005366582243,0.05901040074,
383840403,0.007723336925,0.04077497117,
384040423,0.001238808193,0.02405367238,
384240443,-0.01274253625,0.01350404056,
384440463,-0.02956589963,0.01055554221,
384640482,-0.04549549459,0.01567966773,
384840502,-0.05688819005,0.02772781207,
385040522,-0.06023196108,0.04411531997,
385240542,-0.05601454296,0.0589543272,
385440561,-0.0450359627,0.07046172493,
385640581,-0.02934272074,0.07464247426,
385840601,-0.01359172018,0.07112045461,
386040621,-0.002256773959,0.06108922708,
386240640,0.00246098209,0.04643787455,
386440660,-0.0007233099522,0.0321115137,
386640680,-0.01124464745,0.02177693822,
386840700,-0.0259419476,0.01846821076,
387040719,-0.04030528137,0.02312457855,
387240739,-0.05082776792,0.03402329377,
387440759,-0.05440661307,0.04922328404,
387640779,-0.04998497637,0.06482451653,
387840798,-0.03814635638,0.07723940698,
388040818,-0.02169823711,0.08262463556,
388240838,-0.004406010376,0.08095092017,
388440858,0.01066371836,0.07081240108,
388640877,0.01927134066,0.05439614484,
388840897,0.02056981997,0.03661792776,
389040917,0.01368608178,0.02044522118,
389240937,-0.0001429892515,0.009413095987,
389440956,-0.01740891441,0.0066377567,
389640976,-0.03281421497,0.01240588816,
389840996,-0.04336909648,0.02388142175,
390041016,-0.04719401778,0.0388372424,
390241035,-0.04263762424,0.05273250304,
390441055,-0.03249355993,0.06278994594,
390641075,-0.01800856922,0.06567975387,
390841095,-0.003959672068,0.06185167349,
391041114,0.005947803379,0.05075277632,
391241134,0.009315454188,0.03588770589,
391441154,0.004730807655,0.02159588178,
391641174,-0.006524839042,0.01069705921,
391841193,-0.02298250232,0.006264379687,
392041213,-0.03960138557,0.01130029923,
392241233,-0.05249240464,0.02192277508,
392441253,-0.05931092221,0.03842675373,
392641272,-0.05800285247,0.05577289188,
392841292,-0.0483473031,0.07079114149,
393041312,-0.03405643606,0.08051941387,
393241332,-0.01622460484,0.08316544733,
393441351,7.469280628e-05,0.0774069563,
393641371,0.01167598169,0.06500577482,
393841391,0.01629788,0.04943502772,
394041411,0.01327951126,0.03415174818,
394241430,0.003696687242,0.02305364462,
394441450,-0.009452660836,0.01867886169,
394641470,-0.02293241006,0.0218302108,
394841490,-0.03219917121,0.03076062529,
395041509,-0.03561078656,0.04340802737,
395241529,-0.03192124284,0.05496880774,
395441549,-0.02166761698,0.06285786908,
395641569,-0.00904357861,0.06447994922,
395841588,0.003406044482,0.05895923689,
396041608,0.01151032335,0.04749255337,
396241628,0.01277046878,0.03218202078,
396441648,0.006234585896,0.0177553567,
396641667,-0.007577382286,0.007840420155,
396841687,-0.02495641196,0.005553961302,
397041707,-0.04302293487,0.01151709747,
397241727,-0.05663063183,0.02493091933,
397441746,-0.06421286368,0.04287610015,
397641766,-0.06283274976,0.06271207943,
397841786,-0.05371112333,0.08156602743,
398041806,-0.03782169818,0.09455631241,
398241825,-0.01767229458,0.09948833405,
398441845,0.001338255993,0.09692701887,
398641865,0.01660376955,0.08637171855,
398841885,0.02605720554,0.07148544335,
399041904,0.02827185206,0.05555523557,
399241924,0.02341493002,0.04177582776,
399441944,0.01315596583,0.0332611813,
399641964,0.001946565856,0.03229238607,
399841983,-0.007662515022,0.03773911007,
400042003,-0.01219536024,0.0468347636,
400242023,-0.009936623078,0.05706405166,
400442043,-0.002011708879,0.0646468592,
400642063,0.009469750274,0.06696969339,
400842082,0.02186777219,0.0623638899,
401042102,0.03120309174,0.05211206413,
401242122,0.03520472379,0.03822266101,
401442142,0.03185909417,0.02349016453,
401642161,0.02270592594,0.01152072572,
401842181,0.009406078791,0.005884072493,
402042201,-0.005271854219,0.006914821306,
402242221,-0.01709946127,0.01486287536,
402442240,-0.02370983941,0.02691273631,
402642260,-0.02409843004,0.03998191788,
402842280,-0.01749987885,0.05100659328,
403042300,-0.006059914013,0.05784961359,
403242319,0.007177187739,0.05793673812,
403442339,0.0191072991,0.05139291302,
403642359,0.02690084715,0.03969338527,
403842379,0.02859747478,0.02527974904,
404042398,0.02257012665,0.01113537424,
404242418,0.01105783093,0.001394051034,
404442438,-0.004294948739,-0.001872291185,
404642458,-0.01857545891,0.002683866409,
404842477,-0.0295190315,0.01303912998,
405042497,-0.0341278662,0.02690754254,
405242517,-0.03185055039,0.0409325256,
405442537,-0.02333704911,0.05133686146,
405642556,-0.01053795155,0.05617804624,
405842576,0.002557335248,0.05378923513,
406042596,0.0126954452,0.04507007455,
406242616,0.01716549092,0.03220758434,
406442635,0.01440164038,0.01813679704,
406642655,0.005429920543,0.007047611624,
406842675,-0.00924263015,0.001917288913,
407042695,-0.02497951116,0.003439012538,
407242714,-0.03897182809,0.01301438115,
407442734,-0.0471518953,0.02754194544,
407642754,-0.04900663718,0.0440269605,
407842774,-0.04364007295,0.05983120449,
408042793,-0.03193965414,0.07114624247,
408242813,-0.01674396859,0.07731350345,
408442833,-0.001119481695,0.07505833077,
408642853,0.01158919777,0.06755767694,
408842872,0.0185673565,0.05563535135,
409042892,0.01865940346,0.04273582779,
409242912,0.01266597783,0.03270856655,
409442932,0.002981892708,0.02815803986,
409642951,-0.008040930239,0.03007610594,
409842971,-0.01560322865,0.03833133701,
410042991,-0.01761350103,0.0490810189,
410243011,-0.01333033087,0.06040059929,
410443030,-0.002999078269,0.0683068835,
410643050,0.01053918383,0.07115379288,
410843070,0.02472199708,0.06664137752,
411043090,0.03645973675,0.0562866587,
411243109,0.04220234945,0.04087413689,
411443129,0.04086786852,0.02474071722,
411643149,0.0321628454,0.01051112461,
411843169,0.01870105951,0.001797008041,
412043188,0.00305392809,0.0005699084865,
412243208,-0.01069159416,0.007181276298,
412443228,-0.0194562847,0.01904175307,
412643248,-0.02206694219,0.03287185735,
412843267,-0.0175542316,0.04626876777,
413043287,-0.007056294838,0.05540034582,
413243307,0.006692810513,0.05841514208,
413443327,0.0203593336,0.05445204538,
413643346,0.03077907049,0.04406109526,
413843366,0.03544580421,0.02986531018,
414043386,0.03308213261,0.01491447422,
414243406,0.02405473416,0.002485498801,
414443425,0.01044470003,-0.004247678714,
414643445,-0.004516887875,-0.003895383654,
414843465,-0.01694317331,0.003784559223,
415043485,-0.02407542016,0.01590327426,
415243504,-0.02500801596,0.02942986001,
415443524,-0.01924156845,0.04115784505,
415643544,-0.00821475332,0.0482102241,
415843564,0.004496720288,0.04918248052,
416043583,0.01566687333,0.04254749137,
416243603,0.02347829605,0.0316132687,
416443623,0.02404879427,0.01743146026,
416643643,0.01813309463,0.004385782142,
416843662,0.005822755732,-0.005066930491,
417043682,-0.009332831481,-0.00773189761,
417243702,-0.02411066939,-0.002837788258,
417443722,-0.03566722904,0.008304340769,
417643741,-0.04105289601,0.02245408245,
417843761,-0.04017703022,0.03740732362,
418043781,-0.03296647476,0.04962508128,
418243801,-0.02158243219,0.05707030297,
418443820,-0.008634213127,0.05822680239,
418643840,0.001846826484,0.05322535738,
418843860,0.008324254984,0.04436201355,
419043880,0.009023875857,0.03398812201,
419243899,0.003640058296,0.02604721479,
419443919,-0.005093364489,0.02236991498,
419643939,-0.0146070299,0.02473991567,
419843959,-0.02198696293,0.03265914903,
420043978,-0.0254269048,0.0438129028,
420243998,-0.02180376771,0.05535226592,
420444018,-0.01240176162,0.06417924005,
420644038,9.952090902e-05,0.06872621627,
420844057,0.01406733965,0.06614774453,
421044077,0.02542591017,0.05760926999,
421244097,0.03200332236,0.04400959126,
421444117,0.03239990152,0.02947126336,
421644136,0.02490158477,0.01634531112,
421844156,0.01294118752,0.007769670282,
422044176,-0.001996127244,0.006280765535,
422244196,-0.01545894604,0.01259920914,
422444215,-0.0255656339,0.02472373299,
422644235,-0.02817148102,0.03950664081,
422844255,-0.02494820619,0.0540128239,
423044275,-0.01486779678,0.06581937299,
423244294,-0.0007263367614,0.07131667001,
423444314,0.01425671035,0.07062854343,
423644334,0.02682172125,0.06306643428,
423844354,0.03450323589,0.05129580942,
424044373,0.03641603415,0.03800182657,
424244393,0.03160706016,0.02620993709,
424444413,0.02271848832,0.0191372522,
424644433,0.01222251891,0.01828813761,
424844452,0.003500960775,0.02346938542,
425044472,-0.0008777385585,0.03315646386,
425244492,0.0008956695041,0.04355001317,
425444512,0.008703968307,0.05207205058,
425644531,0.02076216172,0.05554546658,
425844551,0.03399972743,0.05281587614,
426044571,0.04604952594,0.04405418196,
426244591,0.05316228431,0.02931289314,
426444610,0.05336710147,0.01245728263,
426644630,0.04667958257,-0.003009010348,
426844650,0.03465602987,-0.01509398647,
427044670,0.01812385935,-0.02102959409,
427244690,0.001302190039,-0.01919985107,
427444709,-0.01258400967,-0.01101764677,
427644729,-0.01996071056,0.002200996455,
427844749,-0.02103255887,0.01641752003,
428044769,-0.01596980076,0.02822850726,
428244788,-0.006601762406,0.03578488898,
428444808,0.005218903641,0.03665474658,
428644828,0.01500554922,0.03172283009,
428844848,0.02053984781,0.02181146295,
429044867,0.02032833876,0.01058164245,
429244887,0.01417142928,0.0006464211706,
429444907,0.002946473914,-0.005139637898,
429644927,-0.009698892335,-0.004592406963,
429844946,-0.02118873302,0.00190722391,
430044966,-0.02835759988,0.01393800412,
430244986,-0.02957489679,0.02746091671,
430445006,-0.02473800546,0.03970383936,
430645025,-0.01447528463,0.04893058828,
430845045,-0.001444477556,0.0521979012,
431045065,0.01195244852,0.0489378062,
431245085,0.02135230164,0.04020882037,
431445104,0.02604821671,0.02807079165,
431645124,0.02382257239,0.01562099878,
431845144,0.01575940197,0.005242213597,
432045164,0.00443730102,0.0008791475981,
432245183,-0.007700387954,0.002758822354,
432445203,-0.01772722135,0.01054094643,
432645223,-0.02189626948,0.02205728103,
432845243,-0.02040633358,0.03472257405,
433045262,-0.01331773079,0.04461819758,
433245282,-0.002011957327,0.04980453554,
433445302,0.01071603023,0.04866260613,
433645322,0.02156472934,0.04186665483,
433845341,0.02829183771,0.0305888299,
434045361,0.02864609641,0.01742205859,
434245381,0.02303070514,0.005461394131,
434445401,0.01247984041,-0.002555483162,
434645420,-0.0006863469185,-0.004361179541,
434845440,-0.01330284445,0.001447218032,
435045460,-0.02151370337,0.01049015721,
435245480,-0.02420339271,0.02357760855,
435445499,-0.02039757166,0.03565050623,
435645519,-0.01157884089,0.04385338028,
435845539,0.0005398365855,0.04744683702,
436045559,0.01202740253,0.04454507856,
436245578,0.0212410974,0.03590391984,
436445598,0.0250648239,0.02400690696,
436645618,0.02274380183,0.01149724363,
436845638,0.01439659057,0.001542574134,
437045657,0.001884669708,-0.003316706279,
437245677,-0.01113020768,-0.001140532529,
437445697,-0.02216609242,0.005912409893,
437645717,-0.02812751574,0.01901913846,
437845736,-0.02801199518,0.03249389643,
438045756,-0.02238533734,0.04501991977,
438245776,-0.01135377305,0.05324849451,
438445796,0.001540319081,0.05518942573,
438645815,0.01424722202,0.05154956416,
438845835,0.02335494764,0.04228870058,
439045855,0.02781709944,0.03059692365,
439245875,0.02585271194,0.01837563806,
439445894,0.01890098631,0.009353892865,
439645914,0.008757460818,0.004806062657,
439845934,-0.002072103886,0.006073129587,
440045954,-0.01001306286,0.01299834484,
440245973,-0.0137039551,0.02290691162,
440445993,-0.01165808302,0.0329732644,
440646013,-0.00493105149,0.04076772978,
440846033,0.005233163229,0.04446112379,
441046052,0.0159336103,0.04227479298,
441246072,0.02440153116,0.03494289663,
441446092,0.0287154818,0.02406138115,
441646112,0.02743079234,0.01191181881,
441846131,0.02056226539,0.002089795598,
442046151,0.01040812947,-0.003125812818,
442246171,-0.001075922886,-0.003381298322,
442446191,-0.01084099798,0.002535483044,
442646210,-0.01626721414,0.01233003439,
442846230,-0.01674719653,0.02259073234,
443046250,-0.01216655783,0.03138233497,
443246270,-0.003385867481,0.03680212077,
443446289,0.006434745256,0.03629262689,
443646309,0.01529496453,0.03057025794,
443846329,0.01966038049,0.02099430823,
444046349,0.01886452965,0.01021006297,
444246368,0.01293869506,0.0005023087642,
444446388,0.00239035957,-0.005424830954,
444646408,-0.01039168571,-0.00565740684,
444846428,-0.02178789603,0.0001032727841,
445046447,-0.03042063068,0.01143158217,
445246467,-0.03274012337,0.02453091857,
445446487,-0.02964425935,0.0376109472,
445646507,-0.02113962471,0.04789713822,
445846526,-0.00948907469,0.05314162803,
446046546,0.002853918657,0.05289259934,
446246566,0.01379215149,0.04710379795,
446446586,0.02011248017,0.03780084936,
446646605,0.02151661231,0.02712941868,
446846625,0.01803218417,0.01833170199,
447046645,0.01047146671,0.01275666277,
447246665,0.001869375736,0.01242193221,
447446684,-0.004982118156,0.016906756,
447646704,-0.008248585263,0.02457006204,
447846724,-0.006602574916,0.03372709641,
448046744,-0.0003826700951,0.04030085084,
448246763,0.009470917252,0.04325177041,
448446783,0.02033340621,0.04073407397,
448646803,0.02961184566,0.03304869679,
448846823,0.03516661909,0.02121295473,
449046842,0.03471757838,0.007243020465,
449246862,0.02841055867,-0.005657946255,
449446882,0.01718290629,-0.01509805098,
449646902,0.00294073025,-0.01882337176,
449846921,-0.0110858374,-0.01632240104,
450046941,-0.02290869854,-0.008122828288,
450246961,-0.02922076372,0.003722876362,
450446981,-0.02956979509,0.01667883507,
450647000,-0.02476308046,0.02725967504,
450847020,-0.01612467213,0.03380647493,
451047040,-0.005827077153,0.03496304828,
451247060,0.002839603849,0.03047190503,
451447079,0.007963102912,0.02277223806,
451647099,0.008019911406,0.0131515765,
451847119,0.002419482934,0.004632128017,
452047139,-0.006796285046,-0.0004213684067,
452247158,-0.01754904751,0.001057862449,
452447178,-0.02742652874,0.006121840074,
452647198,-0.03344971939,0.01588185988,
452847218,-0.03448141833,0.0272324183,
453047237,-0.03049408752,0.03749912506,
453247257,-0.0225243527,0.04444324732,
453447277,-0.01270316712,0.04622320219,
453647297,-0.003607687894,0.04351423434,
453847317,0.00253946773,0.0368948081,
454047336,0.003809400054,0.02767562644,
454247356,3.631063428e-05,0.01976200678,
454447376,-0.008229342247,0.01522913435,
454647396,-0.01831983425,0.01512390239,
454847415,-0.02811013887,0.02085900165,
455047435,-0.03437941547,0.03077039506,
455247455,-0.03644686967,0.04310116507,
455447475,-0.03277766945,0.05541317444,
455647494,-0.02384044298,0.06559024084,
455847514,-0.01182193849,0.07137470586,
456047534,0.001590357931,0.07170776892,
456247554,0.01369283763,0.06709350527,
456447573,0.02222394575,0.0577833258,
456647593,0.02583283566,0.04641552796,
456847613,0.02384788166,0.03635267983,
457047633,0.01852678943,0.028684138,
457247652,0.009965939192,0.02588661175,
457447672,0.001601861164,0.02788828388,
457647692,-0.004225159913,0.03423307998,
457847712,-0.005440663267,0.04359964753,
458047731,-0.001869480043,0.05214966623,
458247751,0.00618105997,0.05861793136,
458447771,0.0166051038,0.06102873578,
458647791,0.027711274,0.05709439355,
458847810,0.03665391983,0.04979432648,
459047830,0.04106486843,0.03912681847,
459247850,0.04124270558,0.02744245188,
459447870,0.03570369397,0.01792790039,
459647889,0.02754100897,0.01240311647,
459847909,0.0187688428,0.01142400057,
460047929,0.01166621024,0.01588651394,
460247949,0.008252062707,0.02275479635,
460447968,0.009566612811,0.02984343108,
460647988,0.01522313839,0.03603786974,
460848008,0.02427478793,0.0375054377,
461048028,0.03360721476,0.0340293829,
461248047,0.04080112184,0.026065443,
461448067,0.04462522584,0.0146563912,
461648087,0.04294034104,0.001301031543,
461848107,0.0360186432,-0.01046319185,
462048126,0.02439158773,-0.01860259491,
462248146,0.01097541281,-0.02167545933,
462448166,-0.00263105847,-0.01902712079,
462648186,-0.01310685189,-0.0111585763,
462848205,-0.01873116897,-4.660934598e-05,
463048225,-0.01917459838,0.01026377447,
463248245,-0.0149774209,0.01901803769,
463448265,-0.00858909885,0.02373090585,
463648284,-0.001319871463,0.02367725509,
463848304,0.003755762276,0.01975214764,
464048324,0.005524199297,0.01401932855,
464248344,0.002852195065,0.007546245659,
464448363,-0.003870778027,0.00357158767,
464648383,-0.01255617021,0.003730528107,
464848403,-0.02145494285,0.00836354882,
465048423,-0.0267057259,0.01731708549,
465248442,-0.02854773741,0.02863601914,
465448462,-0.02528089191,0.04001914037,
465648482,-0.01699320363,0.04907528862,
465848502,-0.005475513347,0.05392332625,
466048521,0.007481989901,0.053511493,
466248541,0.01831982135,0.04728518094,
466448561,0.02603481116,0.03708453286,
466648581,0.02805655896,0.02487372174,
466848600,0.02495625714,0.0131528333,
467048620,0.01681086036,0.004164548802,
467248640,0.005472415428,-0.0002261851989,
467448660,-0.005678594963,0.001248777194,
467648679,-0.0144030006,0.008101000381,
467848699,-0.01904620443,0.0172710712,
468048719,-0.01870017294,0.02733447697,
468248739,-0.01414266257,0.03569769484,
468448758,-0.006272730558,0.03933894039,
468648778,0.002087758483,0.0388521436,
468848798,0.009119737055,0.03404574176,
469048818,0.01223319838,0.02658272974,
469248837,0.01093353551,0.0180323619,
469448857,0.004680705288,0.01071423421,
469648877,-0.004110837468,0.007717421432,
469848897,-0.014220314,0.009800036054,
470048916,-0.022938737,0.01646345588,
470248936,-0.02837665131,0.02651435181,
470448956,-0.0286980068,0.03780015183,
470648976,-0.02448563894,0.04839261332,
470848995,-0.01615174199,0.05571903785,
471049015,-0.006399810753,0.05868498139,
471249035,0.003699777737,0.05686941329,
471449055,0.01074647416,0.05061034402,
471649074,0.01347845927,0.04262702092,
471849094,0.01179612459,0.03515842972,
472049114,0.006055022651,0.02983791922,
472249134,-0.002125494444,0.0297677613,
472449153,-0.01008298389,0.03441816705,
472649173,-0.01481738915,0.04352774803,
472849193,-0.01567906443,0.05467808907,
473049213,-0.01129586268,0.06614911226,
473249232,-0.002222246637,0.07532540025,
473449252,0.01038369812,0.08016974916,
473649272,0.02501942025,0.07950308739,
473849292,0.03846160646,0.07365307406,
474049311,0.04802697892,0.06378777846,
474249331,0.05341032076,0.05126192506,
474449351,0.05363782287,0.03920648229,
474649371,0.0487870718,0.02908019884,
474849390,0.04157634203,0.02287574323,
475049410,0.03349504446,0.02105712034,
475249430,0.0274358647,0.02382757783,
475449450,0.02443832624,0.02893884751,
475649469,0.0264503183,0.03465884754,
475849489,0.0307077464,0.03800304153,
476049509,0.03808840263,0.03799802981,
476249529,0.0455115183,0.03355998308,
476449548,0.05023847241,0.02541525656,
476649568,0.05132959596,0.01490041721,
476849588,0.04734662674,0.00433944276,
477049608,0.03915879337,-0.004121721768,
477249627,0.02844968792,-0.007928746299,
477449647,0.01653706671,-0.006955910986,
477649667,0.006856937111,-0.001157838485,
477849687,0.001304637528,0.008688634929,
478049706,0.0006440329697,0.01996031103,
478249726,0.004623371466,0.02951305946,
478449746,0.01246825851,0.03627409652,
478649766,0.02211988863,0.03810787196,
478849785,0.03127372767,0.03522616248,
479049805,0.03798391459,0.02844140227,
479249825,0.04041167673,0.01960319416,
479449845,0.038288823,0.01101028935,
479649864,0.03222180144,0.004797989376,
479849884,0.02456608932,0.002868318072,
480049904,0.01717658844,0.005161918342,
480249924,0.01278572772,0.01151693013,
480449944,0.0125455177,0.01935275055,
480649963,0.01685547512,0.02689701376,
480849983,0.02437089613,0.03145561098,
481050003,0.03403411426,0.03138766295,
481250023,0.04323413177,0.02655344609,
481450042,0.0500453811,0.01785597687,
481650062,0.05266529864,0.006412026117,
481850082,0.0501407376,-0.005947414563,
482050102,0.04272231325,-0.01621715439,
482250121,0.03222295164,-0.02255106887,
482450141,0.02064714954,-0.02384304332,
482650161,0.00976224644,-0.02042601443,
482850181,0.002251651987,-0.01290740305,
483050200,-0.0007562893119,-0.003991532562,
483250220,0.0009133861238,0.005042543352,
483450240,0.006067874912,0.01125242393,
483650260,0.01322959337,0.01363262313,
483850279,0.01941958505,0.01139863722,
484050299,0.02367727536,0.006139939176,
484250319,0.02407535221,-0.0007175524214,
484450339,0.02067480491,-0.007213642242,
484650358,0.0142537223,-0.01095764748,
484850378,0.006030918374,-0.01113085082,
485050398,-0.001329083226,-0.00683087061,
485250418,-0.005260133714,0.0005055383483,
485450437,-0.005737266204,0.009562790081,
485650457,-0.001892173515,0.01788959329,
485850477,0.005548083215,0.02357708122,
486050497,0.01496951538,0.02475339599,
486250516,0.02399853873,0.02159436693,
486450536,0.03077822451,0.01436161216,
486650556,0.03356220615,0.0044058721,
486850576,0.03180483612,-0.00577134833,
487050595,0.02523966882,-0.01415233976,
487250615,0.01593291002,-0.01897653328,
487450635,0.00587019001,-0.01893165329,
487650655,-0.003074822617,-0.01423132928,
487850674,-0.008507491246,-0.006245613132,
488050694,-0.009056952026,0.003345446749,
488250714,-0.005346769906,0.01182374589,
488450734,0.001852033189,0.01691469842,
488650753,0.01058577085,0.01800914068,
488850773,0.01854613946,0.01456826173,
489050793,0.02373456786,0.006861902138,
489250813,0.02492486529,-0.002186099982,
489450832,0.02147021517,-0.01105029179,
489650852,0.01429984938,-0.01743240487,
489850872,0.004743548848,-0.01976899541,
490050892,-0.00500042697,-0.01763199024,
490250911,-0.01268350902,-0.01100729926,
490450931,-0.0159281772,-0.001050667505,
490650951,-0.01436673241,0.007632825905,
490850971,-0.009096873619,0.01514346103,
491050990,-0.001164643205,0.01929361452,
491251010,0.008127818938,0.01846233477,
491451030,0.01564884288,0.01400968376,
491651050,0.0202567289,0.00596626849,
491851069,0.02003362682,-0.003558543726,
492051089,0.01595623673,-0.01198116114,
492251109,0.007974784894,-0.01759672397,
492451129,-0.001531512422,-0.01908226005,
492651148,-0.01064969958,-0.01614304908,
492851168,-0.01693197276,-0.009687058151,
493051188,-0.01975404451,-0.0001837848844,
493251208,-0.01828766471,0.008222483979,
493451227,-0.01248753566,0.01460062872,
493651247,-0.0051507214,0.01726081821,
493851267,0.002567828183,0.01599574935,
494051287,0.008300369391,0.01101328565,
494251306,0.01030940687,0.003903518324,
494451326,0.008616087851,-0.003690968255,
494651346,0.003546295697,-0.009492402097,
494851366,-0.004207552051,-0.0116005555,
495051385,-0.01191076725,-0.009601597397,
495251405,-0.01769341652,-0.00306246845,
495451425,-0.02063868914,0.003766175897,
495651445,-0.01772583765,0.01159925107,
495851464,-0.01233728354,0.01752498979,
496051484,-0.004631971143,0.01942478418,
496251504,0.00348698798,0.01722944084,
496451524,0.009992536558,0.01113418641,
496651543,0.01227920917,0.002247656056,
496851563,0.01071812129,-0.00731547578,
497051583,0.004473772767,-0.01545981212,
497251603,-0.005355879492,-0.02044681003,
497451622,-0.01652326826,-0.02057878498,
497651642,-0.02657996885,-0.016084249,
497851662,-0.03379343312,-0.008101634155,
498051682,-0.03714223127,0.002104058297,
498251701,-0.03591142227,0.01217893282,
498451721,-0.03051345699,0.0196387234,
498651741,-0.02340187919,0.02377430408,
498851761,-0.01589771841,0.02381726113,
499051780,-0.01037305289,0.02034567983,
499251800,-0.007736779603,0.01514318481,
499451820,-0.008831386475,0.009213927975,
499651840,-0.01358480771,0.005248941912,
499851859,-0.02072537786,0.004433114644,
500051879,-0.02648556956,0.0073286971,
500251899,-0.03099918454,0.0135097438,
500451919,-0.03243777515,0.02109025983,
500651938,-0.03061672571,0.02961888621,
500851958,-0.02469668015,0.03551496759,
501051978,-0.01702277839,0.03893474848,
501251998,-0.008516029434,0.03856561213,
501452017,-0.00168641622,0.03409943324,
501652037,0.002732330191,0.02713897053,
501852057,0.00251191426,0.01935962286,
502052077,-0.00115411296,0.01247804795,
502252096,-0.00821974737,0.008819529841,
502452116,-0.01638764642,0.008991191083,
502652136,-0.02345267036,0.01329796347,
502852156,-0.02823768755,0.02080579211,
503052175,-0.02876086516,0.02993571248,
503252195,-0.02539766886,0.03887177135,
503452215,-0.01827091488,0.0458010999,
503652235,-0.008636757692,0.04853344985,
503852254,0.001002365834,0.04699242108,
504052274,0.009543453527,0.04115843729,
504252294,0.01447120729,0.03223140169,
504452314,0.01546414374,0.02247257442,
504652333,0.01188273646,0.01317170899,
504852353,0.004651639949,0.00655378443,
505052373,-0.004462541817,0.004055154957,
505252393,-0.01343585479,0.006018325893,
505452412,-0.02049441342,0.01136877931,
505652432,-0.02468216032,0.01938183391,
505852452,-0.0247032846,0.02745444889,
506052472,-0.02181640634,0.03389251814,
506252491,-0.01650548976,0.0382846678,
506452511,-0.01115908044,0.03850879972,
506652531,-0.006714158106,0.03613289263,
506852551,-0.004955738519,0.03243326675,
507052571,-0.006634609734,0.02911858069,
507252590,-0.01063163665,0.02672410479,
507452610,-0.01618765005,0.02785320852,
507652630,-0.02127582327,0.03235786476,
507852650,-0.02426813456,0.03996253019,
508052669,-0.0239693427,0.04899607799,
508252689,-0.01947865667,0.05787054583,
508452709,-0.01187321447,0.06461793882,
508652729,-0.001251686679,0.06822905661,
508852748,0.009675755646,0.06772739556,
509052768,0.0190738465,0.06329159667,
509252788,0.02614607908,0.05580029313,
509452808,0.02903493483,0.04703385519,
509652827,0.0285087744,0.0384940062,
509852847,0.02455308933,0.03241100021,
510052867,0.0192384138,0.03000514493,
510252887,0.01454678897,0.03098806937,
510452906,0.0116697869,0.03493306369,
510652926,0.01180765903,0.04035819946,
510852946,0.01591195805,0.04508957265,
511052966,0.02247520123,0.04736864707,
511252985,0.0299232927,0.04619714338,
511453005,0.03793528418,0.04193834384,
511653025,0.04354180558,0.03345305486,
511853045,0.04533790119,0.02383500076,
512053064,0.0433205231,0.01383777379,
512253084,0.03764212864,0.004908605677,
512453104,0.02969625345,0.0002257817538,
512653124,0.02150081227,-0.001257764046,
512853143,0.01334893741,0.0008816026994,
513053163,0.008964630748,0.005558121992,
513253183,0.007416367759,0.01062803929,
513453203,0.008535774914,0.0152436884,
513653222,0.01192169166,0.01744752386,
513853242,0.01533313033,0.01645675354,
514053262,0.01745635044,0.01296066088,
514253282,0.0171260703,0.007897234861,
514453301,0.0138239726,0.003544665335,
514653321,0.007165994245,0.0004410171418,
514853341,-0.0003602698926,0.000681667155,
515053361,-0.007992419465,0.004591128426,
515253380,-0.01365014741,0.01254814796,
515453400,-0.01565658882,0.02210699464,
515653420,-0.01424923594,0.03206358254,
515853440,-0.008379986685,0.04074402709,
516053459,-0.0005557016647,0.04677731527,
516253479,0.01006826461,0.04830604988,
516453499,0.01933412807,0.04562909108,
516653519,0.02648182423,0.03973181955,
516853538,0.03012841079,0.03215797184,
517053558,0.0302539716,0.02413767054,
517253578,0.02716779562,0.01813912221,
517453598,0.02179520198,0.01438879307,
517653617,0.01599976338,0.01523414588,
517853637,0.01200626674,0.01872305723,
518053657,0.01010130855,0.02432894335,
518253677,0.01227759263,0.03066497218,
518453696,0.01789323911,0.0350680045,
518653716,0.02571541941,0.03692410671,
518853736,0.0336487893,0.03521574792,
519053756,0.04072016643,0.02975795719,
519253775,0.04520182457,0.02098505144,
519453795,0.04599328529,0.01143407006,
519653815,0.04300961505,0.00209237625,
519853835,0.03665107602,-0.004884720963,
520053854,0.02852691068,-0.008495700145,
520253874,0.02061467655,-0.00842989313,
520453894,0.01484640581,-0.005146956373,
520653914,0.01095024254,0.0001474033537,
520853933,0.01160760756,0.005883702541,
521053953,0.01443194036,0.01044585007,
521253973,0.01924254854,0.01218243261,
521453993,0.02426030972,0.0103156833,
521654012,0.02823404859,0.006184513145,
521854032,0.02877719843,-7.960833221e-05,
522054052,0.02681210258,-0.006395631114,
522254072,0.02188683706,-0.01132935483,
522454091,0.01511238251,-0.01378495903,
522654111,0.00775751853,-0.01256663071,
522854131,0.002234426486,-0.008714853177,
523054151,-0.001038816147,-0.001796752665,
523254170,-0.0005644023792,0.005010050674,
523454190,0.00313059794,0.0111744257,
523654210,0.009472992503,0.01455530381,
523854230,0.01641291852,0.01417562393,
524054249,0.02293899888,0.01061291679,
524254269,0.02693558852,0.003753185127,
524454289,0.0279269257,-0.004224364705,
524654309,0.02524717731,-0.01223202245,
524854328,0.01882158322,-0.01838236441,
525054348,0.01135571599,-0.02156294014,
525254368,0.002934725579,-0.02091246984,
525454388,-0.003695523768,-0.0167622298,
525654407,-0.007115097256,-0.01100188278,
525854427,-0.007017656701,-0.00491095919,
526054447,-0.004548742203,-9.624345297e-05,
526254467,-2.749732658e-05,0.001754662593,
526454486,0.004900831908,0.0007192212187,
526654506,0.008044592407,-0.003471343943,
526854526,0.00790336794,-0.009585936591,
527054546,0.004655093277,-0.01608225198,
527254565,-0.002252887385,-0.02078245811,
527454585,-0.01128467537,-0.02237727648,
527654605,-0.02057959658,-0.01995745338,
527854625,-0.02934645898,-0.01380555187,
528054644,-0.03436046928,-0.004343912658,
528254664,-0.0354977784,0.006379707827,
528454684,-0.03259284395,0.01655094831,
528654704,-0.02599939103,0.02426531256,
528854723,-0.01772840338,0.02851760311,
529054743,-0.009041680774,0.02891203346,
529254763,-0.002059195829,0.02585371586,
529454783,0.002265068994,0.01951176321,
529654802,0.002904386711,0.01299178483,
529854822,0.0002451547463,0.007440479392,
530054842,-0.005031757554,0.004607606713,
530254862,-0.01078318277,0.004873314612,
530454881,-0.01606203594,0.00831922471,
530654901,-0.01943356236,0.01490521037,
530854921,-0.019098883,0.02137831077,
531054941,-0.01641635771,0.02753817238,
531254960,-0.01068634464,0.03187988891,
531454980,-0.004579584697,0.03287065968,
531655000,0.00115189234,0.03178740471,
531855020,0.005035761218,0.02794366857,
532055039,0.00642775421,0.02371550323,
532255059,0.005406468224,0.02020485406,
532455079,0.002938762688,0.01890218021,
532655099,0.0004575790034,0.01993740844,
532855118,-0.0008203038213,0.02328083725,
533055138,0.0002642269216,0.02767428006,
533255158,0.004131152772,0.03235546721,
533455178,0.01025782539,0.03484629751,
533655198,0.01830969696,0.0343662107,
533855217,0.02626922813,0.02948574014,
534055237,0.03255838855,0.02202141472,
534255257,0.03596273232,0.01195223116,
534455277,0.03481155354,0.001199718819,
534655296,0.02985888955,-0.009240061032,
534855316,0.02139626659,-0.016841809,
535055336,0.01111618557,-0.02054425678,
535255356,0.0007884588244,-0.01974438259,
535455375,-0.008335628399,-0.01577583617,
535655395,-0.01431126299,-0.009017431244,
535855415,-0.01647075373,-0.0007442981978,
536055435,-0.01514250498,0.006063835745,
536255454,-0.01109520945,0.01085583431,
536455474,-0.006666723647,0.01252154125,
536655494,-0.00327865886,0.01132165939,
536855514,-0.001429864949,0.008176011435,
537055533,-0.002245627124,0.00489995518,
537255553,-0.005546194742,0.002177512527,
537455573,-0.01074699554,0.00221943836,
537655593,-0.01588180598,0.005575104772,
537855612,-0.01955096513,0.01120855477,
538055632,-0.02061991604,0.01838831573,
538255652,-0.01861430638,0.02607032482,
538455672,-0.01283459926,0.03272156116,
538655691,-0.005224228459,0.03570877047,
538855711,0.00362523812,0.03604140745,
539055731,0.01160910821,0.03247994036,
539255751,0.01759547023,0.02599006016,
539455770,0.01987836904,0.01763111351,
539655790,0.01818897674,0.009567762766,
539855810,0.01371252975,0.003012065508,
540055830,0.007256593063,-0.0004877155765,
540255849,0.0002814781582,-0.0001222917731,
540455869,-0.005418605957,0.003254727963,
540655889,-0.008720076137,0.008946679165,
540855909,-0.00873894977,0.01517893828,
541055928,-0.005679911677,0.02071967382,
541255948,-0.0003197933057,0.02382301753,
541455968,0.005997167648,0.02420131968,
541655988,0.01127597971,0.02087783022,
541856007,0.01483818627,0.01554472341,
542056027,0.01496055948,0.008947014445,
542256047,0.01263470795,0.003178505779,
542456067,0.007853024807,-0.0009067844351,
542656086,0.00171445302,-0.002010910561,
542856106,-0.003984273603,-0.0003466262299,
543056126,-0.007720552374,0.004024392015,
543256146,-0.009197471101,0.009783976489,
543456165,-0.007185073841,0.015127749,
543656185,-0.002954496632,0.0188974411,
543856205,0.002156329243,0.01921619868,
544056225,0.00722732799,0.01749499604,
544256244,0.0102583574,0.01265549762,
544456264,0.010799264,0.006285897008,
544656284,0.007990372096,0.0008069103334,
544856304,0.002723409241,-0.002967645211,
545056323,-0.003470399412,-0.003873610097,
545256343,-0.009876858025,-0.0015760217,
545456363,-0.01407262285,0.004270741806,
545656383,-0.01633623322,0.0116968185,
545856402,-0.01432116408,0.01905138748,
546056422,-0.009443387015,0.02450567437,
546256442,-0.002787173996,0.02744885107,
546456462,0.005031630674,0.02721386522,
546656481,0.01205610369,0.02337994802,
546856501,0.01652420026,0.01658600206,
547056521,0.01782853923,0.008666967378,
547256541,0.01553439158,0.001245580777,
547456560,0.01016068776,-0.00461098918,
547656580,0.00335208727,-0.007160847787,
547856600,-0.003548859129,-0.00680301783,
548056620,-0.009309895993,-0.003011842281,
548256639,-0.01218184108,0.002398712357,
548456659,-0.01207069978,0.008660889673,
548656679,-0.009111226704,0.01365289846,
548856699,-0.004469624772,0.01572347829,
549056718,0.001300222038,0.01548718554,
549256738,0.005624778355,0.01245334984,
549456758,0.00810376789,0.007231461073,
549656778,0.007574929866,0.0008737903685,
549856797,0.003919814818,-0.004529662141,
550056817,-0.001914499974,-0.007879393146,
550256837,-0.008970861581,-0.007970330105,
550456857,-0.01505510788,-0.005503102309,
550656876,-0.01998329607,0.000426526955,
550856896,-0.02033133534,0.006353812088,
551056916,-0.0192239765,0.01210635488,
551256936,-0.0153724854,0.01645417592,
551456955,-0.01003010739,0.01845871149,
551656975,-0.005277236657,0.01720105986,
551856995,-0.001480139649,0.01439933433,
552057015,-0.0001907119874,0.009763398462,
552257034,-0.001359450545,0.004857840928,
552457054,-0.00461336811,0.001953168742,
552657074,-0.009271358533,0.0008602645507,
552857094,-0.01415900439,0.002218907701,
553057113,-0.01738411737,0.006048016473,
553257133,-0.01871142149,0.01113471579,
553457153,-0.01737331989,0.01615095728,
553657173,-0.01350304324,0.01969720652,
553857192,-0.00862774788,0.02139980725,
554057212,-0.003308965645,0.02004512349,
554257232,0.0009381785475,0.01626400803,
554457252,0.002523610342,0.01062578552,
554657271,0.001558167191,0.00476529434,
554857291,-0.001843381695,0.0002131261795,
555057311,-0.007336036424,-0.00215553847,
555257331,-0.01246619176,-0.001589565604,
555457350,-0.01684691323,0.001319460038,
555657370,-0.01934436871,0.00589963869,
555857390,-0.01915923602,0.0105088904,
556057410,-0.01632712597,0.01401579202,
556257429,-0.01205499151,0.01525600357,
556457449,-0.00801170939,0.01325957695,
556657469,-0.004707214341,0.009017436449,
556857489,-0.004670676259,0.003183044166,
557057508,-0.007759836138,-0.003315984535,
557257528,-0.01360934163,-0.008293407408,
557457548,-0.02163628952,-0.009751198628,
557657568,-0.03033961681,-0.008687152081,
557857587,-0.03944761106,-0.003316988736,
558057607,-0.04544141346,0.004346323867,
558257627,-0.0487619379,0.01386532463,
558457647,-0.04847921475,0.02362806182,
558657666,-0.04345191045,0.03180154152,
558857686,-0.03754414186,0.03791488467,
559057706,-0.02997125255,0.04089633931,
559257726,-0.02322335273,0.04056610587,
559457745,-0.01771183963,0.03744384946,
559657765,-0.01535765321,0.03367245344,
559857785,-0.01486458876,0.02994213061,
560057805,-0.0171820397,0.02719809063,
560257825,-0.02030951778,0.02691703061,
560457844,-0.0232369087,0.0290526076,
560657864,-0.02470155603,0.03332999926,
560857884,-0.02396483836,0.03814243406,
561057904,-0.02063787471,0.04218596935,
561257923,-0.0157709977,0.04470595975,
561457943,-0.01011150336,0.04551442899,
561657963,-0.004698738437,0.04275566546,
561857983,-0.0009742336586,0.03814463754,
562058002,0.0006365111633,0.03341861395,
562258022,-0.0005484503423,0.02778509185,
562458042,-0.004678160041,0.02356754701,
562658062,-0.009842375216,0.02266079834,
562858081,-0.0153557126,0.02421336866,
563058101,-0.01945344383,0.02893332798,
563258121,-0.02120452762,0.03512585764,
563458141,-0.01971243214,0.04186710462,
563658160,-0.01545471831,0.04758900316,
563858180,-0.00914115587,0.05119608742,
564058200,-0.00152959496,0.052060208,
564258220,0.005389836288,0.04962089165,
564458239,0.01129310017,0.04474452761,
564658259,0.01402240879,0.03821850545,
564858279,0.01460310421,0.03192565201,
565058299,0.01185084467,0.02674887649,
565258318,0.008254777252,0.02356527944,
565458338,0.003998804862,0.02352581069,
565658358,0.001043558977,0.02557877937,
565858378,2.833089444e-05,0.02842286816,
566058397,0.001449389404,0.0323649718,
566258417,0.004899193648,0.03427284819,
566458437,0.009768233583,0.03399944534,
566658457,0.01461194158,0.03137143804,
566858476,0.01819577266,0.02564601974,
567058496,0.01890426272,0.01875193002,
567258516,0.01684736199,0.01169493544,
567458536,0.01250863321,0.005827108092,
567658555,0.006135043912,0.002871030646,
567858575,-0.001108459065,0.00212568864,
568058595,-0.007390322575,0.004684615353,
568258615,-0.01157630799,0.009390825499,
568458634,-0.01318500174,0.01522274239,
568658654,-0.01216570669,0.02051231543,
568858674,-0.009067388772,0.02395545803,
569058694,-0.004912710721,0.0250990891,
569258713,-0.000810998827,0.02381000082,
569458733,0.001742430656,0.02009856908,
569658753,0.001789054582,0.0153170681,
569858773,-0.0005846386577,0.01060318995,
570058792,-0.005424281957,0.007828017298,
570258812,-0.01164535587,0.007113682958,
570458832,-0.01783718305,0.009539307441,
570658852,-0.02253457013,0.0145118065,
570858871,-0.02552375793,0.02105841444,
571058891,-0.0252346295,0.02823027737,
571258911,-0.02215925865,0.03449332343,
571458931,-0.01759752246,0.03909892932,
571658950,-0.01182286083,0.04047358197,
571858970,-0.0063067351,0.03961471249,
572058990,-0.002470771467,0.03695098798,
572259010,-0.0005699689312,0.03409326565,
572459029,-0.0005820186459,0.03105277694,
572659049,-0.002168683211,0.02953633061,
572859069,-0.00406866425,0.02970300669,
573059089,-0.005032631448,0.0323489529,
573259108,-0.004256524191,0.03573099963,
573459128,-0.001153714658,0.03874675687,
573659148,0.003712140319,0.04079165667,
573859168,0.01012663031,0.039798967,
574059187,0.01629652327,0.03684368115,
574259207,0.02163354576,0.03070763773,
574459227,0.02451748444,0.0223411333,
574659247,0.02433001615,0.01351720791,
574859266,0.0212331519,0.004969641501,
575059286,0.01528691282,-0.001579437289,
575259306,0.006858886767,-0.005624339923,
575459326,-0.001027708389,-0.006091636985,
575659345,-0.008151698126,-0.003940270548,
575859365,-0.01261729098,0.0004273612995,
576059385,-0.01523495875,0.005761468589,
576259405,-0.0151491347,0.009631256527,
576459424,-0.01321097534,0.01241024788,
576659444,-0.01122217516,0.01274344167,
576859464,-0.009476653698,0.0108771499,
577059484,-0.009451324329,0.007898396254,
577259503,-0.01203111787,0.004029384729,
577459523,-0.01620173935,0.001700049738,
577659543,-0.02265049207,0.001135712285,
577859563,-0.02881171153,0.002827911188,
578059582,-0.03437099044,0.007343887146,
578259602,-0.03771766829,0.01298725011,
578459622,-0.03921059059,0.01930364431,
578659642,-0.03862478388,0.02567755774,
578859661,-0.03579518797,0.03046409375,
579059681,-0.0320625511,0.03297602001,
579259701,-0.02817194993,0.03296234366,
579459721,-0.02640976239,0.03175527423,
579659740,-0.02571405284,0.02992760954,
579859760,-0.02717536502,0.02806002744,
580059780,-0.03075660285,0.02848257697,
580259800,-0.0347415814,0.02989683552,
580459819,-0.0383899707,0.03375205475,
580659839,-0.0401678895,0.0395277198,
580859859,-0.04004932114,0.04643455091,
581059879,-0.03742239591,0.05279143057,
581259898,-0.03198522101,0.05785886683,
581459918,-0.02552204557,0.06014611608,
581659938,-0.01789777957,0.06022032305,
581859958,-0.01191446435,0.05748333291,
582059977,-0.008147995341,0.05248205948,
582259997,-0.006643708583,0.04650845048,
582460017,-0.008158603051,0.04151644463,
582660037,-0.01191164598,0.03825744377,
582860056,-0.01677363606,0.03744675415,
583060076,-0.02233715593,0.03837367052,
583260096,-0.02686999082,0.04315741436,
583460116,-0.0290019857,0.04837343765,
583660135,-0.02831568913,0.05506798069,
583860155,-0.02558320725,0.05987638437,
584060175,-0.02099716381,0.06321336439,
584260195,-0.01611332363,0.06471328576,
584460214,-0.01161553574,0.0637474799,
584660234,-0.008479362718,0.06129181569,
584860254,-0.007517700593,0.05901150749,
585060274,-0.008348315003,0.05741121312,
585260293,-0.01030149068,0.05696851548,
585460313,-0.01295748752,0.0586335667,
585660333,-0.01380312233,0.0616022065,
585860353,-0.01359190612,0.06666671655,
586060372,-0.01087280406,0.07176308485,
586260392,-0.005464464728,0.07594046635,
586460412,0.0007280554877,0.07722355411,
586660432,0.008252754378,0.07699421574,
586860452,0.01418358183,0.07388691661,
587060471,0.01890518902,0.06970528192,
587260491,0.02090757498,0.06366930907,
587460511,0.02091647284,0.05767207449,
587660531,0.01877075201,0.05362551017,
587860550,0.01568622025,0.05183220563,
588060570,0.01261296011,0.05226208255,
588260590,0.0103514103,0.05448629467,
588460610,0.01005021211,0.05777478831,
588660629,0.01186601755,0.06076544651,
588860649,0.01659271638,0.0629574359,
589060669,0.02166909767,0.06361478052,
589260689,0.0269882934,0.06099934949,
589460708,0.03095607049,0.05585027798,
589660728,0.03330815378,0.05016312966,
589860748,0.03304801139,0.04381485268,
590060768,0.0303188916,0.03840114593,
590260787,0.02569651586,0.03452363607,
590460807,0.02139985568,0.03314095319,
590660827,0.0165746131,0.03458838142,
590860847,0.01324880765,0.03695668402,
591060866,0.01254315945,0.04124884593,
591260886,0.01341810644,0.0446965648,
591460906,0.0164192677,0.04710349099,
591660926,0.02014942009,0.04721239717,
591860945,0.0242101486,0.04467775351,
592060965,0.02682086673,0.04063659858,
592260985,0.02763304649,0.03565658287,
592461005,0.02553091204,0.03004886402,
592661024,0.02156632623,0.02601587273,
592861044,0.01571676972,0.02393687622,
593061064,0.009997305341,0.02515401392,
593261084,0.00473522448,0.02780338698,
593461103,0.001491005495,0.03270307176,
593661123,0.0002911785972,0.03862785038,
593861143,0.00184178749,0.0431650732,
594061163,0.004736427148,0.04698611998,
594261182,0.008331264469,0.04840063593,
594461202,0.0115368912,0.04807149934,
594661222,0.01384696211,0.04582172907,
594861242,0.01435003011,0.04391568553,
595061261,0.0129372331,0.04194486786,
595261281,0.01077882585,0.04168442855,
595461301,0.008441583051,0.0432862333,
595661321,0.006409455821,0.04627011266,
595861340,0.006552117183,0.05063502736,
596061360,0.008573308117,0.05521386958,
596261380,0.01269560171,0.05891127076,
596461400,0.01787560849,0.06008370071,
596661419,0.02414794331,0.05936834801,
596861439,0.02916816157,0.05643614802,
597061459,0.03220610405,0.05207958689,
597261479,0.03336835225,0.04680021119,
597461498,0.0324304298,0.04146708972,
597661518,0.02930952764,0.03830811868,
597861538,0.02552214168,0.03649400116,
598061558,0.02140077377,0.0377738997,
598261577,0.018319037,0.04025558772,
598461597,0.01775517339,0.04463438854,
598661617,0.01919881823,0.04886961338,
598861637,0.02274342957,0.05206214189,
599061656,0.02791798652,0.0536793033,
599261676,0.03294682265,0.05253759733,
599461696,0.03696388601,0.04932373716,
599661716,0.03978945616,0.04487011716,
599861735,0.04072355432,0.04020533465,
600061755,0.0391726173,0.03590897461,
600261775,0.03605370221,0.0326287856,
600461795,0.03324874579,0.03225215631,
600661814,0.03052416262,0.03294057823,
600861834,0.02924562977,0.03569364801,
601061854,0.02987388123,0.03850140997,
601261874,0.0328349898,0.04038333396,
601461893,0.03650892401,0.04102497789,
601661913,0.04061592652,0.03940284707,
601861933,0.04454203683,0.03636509335,
602061953,0.04662124907,0.03112375797,
602261972,0.04658061492,0.02504113581,
602461992,0.04442474257,0.01965813888,
602662012,0.04074605834,0.01580761962,
602862032,0.03607170221,0.01343428352,
603062051,0.03095893463,0.01347347721,
603262071,0.02709677873,0.01549621471,
603462091,0.02546822524,0.01833304295,
603662111,0.02540406313,0.0217666468,
603862130,0.02701489562,0.02426379474,
604062150,0.03025749175,0.02505121114,
604262170,0.03376665674,0.02380161067,
604462190,0.03559086025,0.01995199892,
604662209,0.03627273758,0.01522630512,
604862229,0.03483003234,0.009537022372,
605062249,0.03094712835,0.005052304665,
605262269,0.02454607077,0.002145159882,
605462288,0.01803728058,0.001341970462,
605662308,0.0109568385,0.003692642,
605862328,0.005690668002,0.008325883502,
606062348,0.002363581392,0.01443515109,
606262367,0.001590296337,0.02155620553,
606462387,0.003221434559,0.0279068127,
606662407,0.006382129069,0.03263058424,
606862427,0.01086318317,0.03569052529,
607062446,0.01555471731,0.0359766459,
607262466,0.01918282617,0.03524180072,
607462486,0.02136975861,0.0331927608,
607662506,0.02228264447,0.03103115005,
607862525,0.02178267742,0.02954904872,
608062545,0.02056770134,0.02974666638,
608262565,0.01991729489,0.03122903199,
608462585,0.01998598559,0.0332283439,
608662604,0.02185504188,0.03583728717,
608862624,0.02546399527,0.03789020762,
609062644,0.0294816462,0.03810947105,
609262664,0.03456884437,0.0365489703,
609462683,0.03871253648,0.0326347713,
609662703,0.04136263612,0.02705424208,
609862723,0.04181398404,0.02124615102,
610062743,0.03985310254,0.01525099133,
610262762,0.03646788547,0.01116512236,
610462782,0.03230954319,0.008576412452,
610662802,0.0267840048,0.008155926971,
610862822,0.02285174826,0.009399697346,
611062841,0.02114543231,0.01291625229,
611262861,0.02046062551,0.01541371782,
611462881,0.02145994449,0.01795378307,
611662901,0.02383734743,0.01872083918,
611862920,0.02613618033,0.01756198374,
612062940,0.02788115674,0.01489445385,
612262960,0.02751376328,0.01101517912,
612462980,0.02576368032,0.006895310024,
612662999,0.02198126778,0.004035862682,
612863019,0.01643259324,0.002749703032,
613063039,0.01109643946,0.003961437838,
613263059,0.005787881766,0.00658306486,
613463079,0.002832544768,0.0120988973,
613663098,0.0007869534503,0.01741828593,
613863118,0.001694533237,0.02355442719,
614063138,0.004186286286,0.02826707865,
614263158,0.008221760963,0.03123862003,
614463177,0.01217496105,0.03213813694,
614663197,0.01518246014,0.03123369306,
614863217,0.01767434331,0.02951134713,
615063237,0.01845469796,0.02801264656,
615263256,0.0169484796,0.02659980087,
615463276,0.01554786872,0.02669379692,
615663296,0.01369921605,0.02865480627,
615863316,0.01290024896,0.03134411585,
616063335,0.01353848604,0.03531231497,
616263355,0.01635129672,0.03905710218,
616463375,0.02112908111,0.04227068107,
616663395,0.026503933,0.04371026663,
616863414,0.03295138122,0.04304090556,
617063434,0.03834258558,0.04063781063,
617263454,0.04302517032,0.03624346778,
617463474,0.04559470855,0.0308114914,
617663493,0.04640749658,0.02527674653,
617863513,0.0458169504,0.02099393511,
618063533,0.04429229337,0.01767401607,
618263553,0.04301856131,0.01555642217,
618463572,0.04222836652,0.01426619856,
618663592,0.04283115043,0.01329105059,
618863612,0.04369732885,0.01198201619,
619063632,0.04527917602,0.009491052538,
619263651,0.04659491519,0.005651566476,
619463671,0.04720474408,0.0008046543016,
619663691,0.04575886986,-0.005375792347,
619863711,0.04256755937,-0.01069842748,
620063730,0.03751193351,-0.01588384579,
620263750,0.03145560213,-0.01899449809,
620463770,0.02464464956,-0.0201023342,
620663790,0.01879440073,-0.0187687144,
620863809,0.01388579212,-0.01635862809,
621063829,0.01038517762,-0.01279342194,
621263849,0.009312091483,-0.009001586486,
621463869,0.01034816874,-0.006250162322,
621663888,0.01201110668,-0.004993653576,
621863908,0.01300250727,-0.00593473531,
622063928,0.01380902435,-0.00784286501,
622263948,0.01286217903,-0.01126651345,
622463967,0.009323002726,-0.01456872,
622663987,0.004844956831,-0.01677018768,
622864007,-0.001172672185,-0.01753778194,
623064027,-0.007686638661,-0.01572941655,
623264046,-0.01332889315,-0.01180146684,
623464066,-0.01765499261,-0.006031387509,
623664086,-0.01953696345,0.0008136487314,
623864106,-0.01907504296,0.007577624568,
624064125,-0.01711723725,0.01280319298,
624264145,-0.0134118568,0.01664962647,
624464165,-0.008990640696,0.01881463843,
624664185,-0.005320891601,0.01873510988,
624864204,-0.002669855451,0.01712337429,
625064224,-0.001643052599,0.01479866089,
625264244,-0.002168773581,0.01261780724,
625464264,-0.004117759678,0.01098710952,
625664283,-0.006467567449,0.01152709046,
625864303,-0.008635564631,0.01289884968,
626064323,-0.009590346925,0.01527166621,
626264343,-0.009649876811,0.01787133014,
626464362,-0.00837459833,0.01952603448,
626664382,-0.006223937289,0.02157291649,
626864402,-0.003938316447,0.02075404948,
627064422,-0.003199213538,0.01827937334,
627264441,-0.003116201854,0.01552657435,
627464461,-0.004728815157,0.013007305,
627664481,-0.008706541895,0.01065127201,
627864501,-0.0140509598,0.01012560006,
628064520,-0.01987222334,0.01158106063,
628264540,-0.02538033309,0.01547278267,
628464560,-0.02949256701,0.02165076843,
628664580,-0.03176158639,0.02881848848,
628864599,-0.03184112813,0.03649245701,
629064619,-0.02961052697,0.04289782948,
629264639,-0.02593491878,0.04811939346,
629464659,-0.02185864562,0.05239496729,
629664678,-0.01720546173,0.05420642104,
629864698,-0.01291253496,0.05545039755,
630064718,-0.01089506346,0.05507781768,
630264738,-0.008495564926,0.05533701976,
630464757,-0.008070696773,0.05692900841,
630664777,-0.007501070365,0.05872757761,
630864797,-0.006359884857,0.06191828512,
631064817,-0.003290205774,0.06651385185,
631264836,0.000285098802,0.07007936404,
631464856,0.006665189095,0.07317501265,
631664876,0.01307269681,0.07451994212,
631864896,0.02070955778,0.07448598021,
632064915,0.02769010177,0.07207165634,
632264935,0.03417595878,0.06785200126,
632464955,0.03890502204,0.06308359315,
632664975,0.04117139984,0.05793903765,
632864994,0.04283397556,0.05320623228,
633065014,0.04298234811,0.0493471918,
633265034,0.04285633057,0.0470019299,
633465054,0.04382708731,0.04554668518,
633665073,0.04540840931,0.04468074935,
633865093,0.04819613281,0.04336883204,
634065113,0.05207505495,0.0395450406,
634265133,0.05569053429,0.03553207444,
634465152,0.05931653628,0.02908007415,
634665172,0.06073131008,0.02123456129,
634865192,0.05939491688,0.01195926068,
635065212,0.05638746197,0.003141578006,
635265231,0.05087634396,-0.004320407921,
635465251,0.04308563197,-0.01011304521,
635665271,0.03504830247,-0.01294755253,
635865291,0.02590131314,-0.01412418671,
636065310,0.01820647736,-0.01261341036,
636265330,0.01213603879,-0.009234002074,
636465350,0.007429034634,-0.004988807792,
636665370,0.005198638922,-0.0005889001547,
636865389,0.004298620056,0.002910297016,
637065409,0.003597653995,0.00499693086,
637265429,0.003040501269,0.006445405023,
637465449,0.001363239839,0.007475035365,
637665468,-0.00123666302,0.008422109862,
637865488,-0.004135309958,0.0101883681,
638065508,-0.006944754228,0.01338381463,
638265528,-0.009170186771,0.01813826726,
638465547,-0.009803335273,0.02418196762,
638665567,-0.009529075826,0.02959518294,
638865587,-0.007037391791,0.03557754644,
639065607,-0.002429569799,0.03949917691,
639265626,0.003440703142,0.04198546011,
639465646,0.008685972188,0.04204753691,
639665666,0.01384027578,0.04051253912,
639865686,0.01798154488,0.03738844992,
640065706,0.02024415451,0.03314205351,
640265725,0.01977747396,0.02847574331,
640465745,0.01844786928,0.02563937067,
640665765,0.01588956857,0.02362833837,
640865785,0.01323816778,0.02297386252,
641065804,0.01128084964,0.02396882905,
641265824,0.01058078752,0.02593183333,
641465844,0.01068976253,0.02764186473,
641665864,0.01160011516,0.02851008024,
641865883,0.01322546508,0.0289099484,
642065903,0.01477514136,0.02762849133,
642265923,0.01541247344,0.02562817972,
642465943,0.01513332436,0.02357308774,
642665962,0.01283040241,0.02144914029,
642865982,0.0102089861,0.02042831961,
643066002,0.006868586801,0.02096568861,
643266022,0.003812023734,0.02355941781,
643466041,0.001938572021,0.02646984429,
643666061,0.001717144068,0.03052430955,
643866081,0.002798121266,0.03400640005,
644066101,0.005924105631,0.03673841144,
644266120,0.008743932366,0.03802129432,
644466140,0.01261340469,0.03690136834,
644666160,0.01520057654,0.03491200255,
644866180,0.01630785893,0.03110078665,
645066199,0.01573486655,0.02817685531,
645266219,0.01311433523,0.02505643194,
645466239,0.009513474492,0.02362531402,
645666259,0.005392021514,0.02438674514,
645866278,0.001293170315,0.02681531824,
646066298,-0.001910407679,0.03056873456,
646266318,-0.002905452539,0.03607603788,
646466338,-0.002575909103,0.04150025661,
646666357,0.0002423230361,0.04618977649,
646866377,0.004059648838,0.04928980512,
647066397,0.008429364371,0.05104477885,
647266417,0.01264629434,0.05085506068,
647466436,0.01637632769,0.05017354815,
647666456,0.01914066623,0.04774948093,
647866476,0.02012199224,0.04560951583,
648066496,0.0197392411,0.04355271603,
648266515,0.01924819066,0.0434409379,
648466535,0.01858447996,0.04387245924,
648666555,0.01868977264,0.04511564667,
648866575,0.01957833088,0.04659103835,
649066594,0.02195740821,0.04853788203,
649266614,0.02493423837,0.04909275086,
649466634,0.02843977879,0.04855786204,
649666654,0.03172671427,0.04636901025,
649866673,0.03413233378,0.04337776278,
650066693,0.03501768382,0.04005430758,
650266713,0.03503862776,0.03692915932,
650466733,0.03399178043,0.03436880838,
650666752,0.03192571174,0.03326092821,
650866772,0.03002711295,0.03296515663,
651066792,0.02918429616,0.0333433925,
651266812,0.02909799333,0.03467349436,
651466831,0.02999420872,0.0355409274,
651666851,0.03222347878,0.03600963768,
651866871,0.03469078462,0.03520978423,
652066891,0.03694274722,0.03308408872,
652266910,0.03763684555,0.0302142062,
652466930,0.03719085404,0.02629160991,
652666950,0.03549575869,0.02226526905,
652866970,0.03297432662,0.02055652667,
653066989,0.02914002045,0.01903497205,
653267009,0.02581529962,0.01995589342,
653467029,0.02309594728,0.02219661181,
653667049,0.02140776393,0.02518325223,
653867068,0.02162503531,0.02862582244,
654067088,0.0234977544,0.03165938605,
654267108,0.02633111189,0.03284822118,
654467128,0.02976843545,0.03293171243,
654667147,0.03283852494,0.03092138724,
654867167,0.03516018583,0.02784186128,
655067187,0.03538183955,0.02369493857,
655267207,0.03444666825,0.02029230324,
655467226,0.03200982728,0.0174195544,
655667246,0.02831432859,0.0157873968,
655867266,0.02524311473,0.01556415353,
656067286,0.02187698263,0.01716525792,
656267305,0.01998593512,0.01957679856,
656467325,0.01993499138,0.02305608638,
656667345,0.02096560218,0.02541335447,
656867365,0.02326725995,0.02650809303,
657067384,0.02534938795,0.02663971068,
657267404,0.02767965936,0.02536256653,
657467424,0.02869750037,0.02279367342,
657667444,0.02814671513,0.01995947605,
657867463,0.02637412179,0.01733017481,
658067483,0.02404268757,0.01570356954,
658267503,0.02069886358,0.01547484377,
658467523,0.01738793854,0.01667137574,
658667542,0.01547172914,0.01917222638,
658867562,0.01511874892,0.02208993543,
659067582,0.01545119288,0.02489579958,
659267602,0.01732722309,0.02680655617,
659467621,0.01951167265,0.02794330307,
659667641,0.02103832647,0.02672239933,
659867661,0.02231577774,0.02512038422,
660067681,0.02251128126,0.02309823196,
660267700,0.02118714266,0.02175915983,
660467720,0.01892304699,0.02045466439,
660667740,0.01567252553,0.02094854233,
660867760,0.01313805298,0.02235360072,
661067779,0.01207042951,0.02566915857,
661267799,0.01169598609,0.02927785754,
661467819,0.01290256699,0.03268882082,
661667839,0.01568588433,0.03554511003,
661867858,0.01903368712,0.03628591579,
662067878,0.02255880359,0.03553079397,
662267898,0.02576552676,0.03362382886,
662467918,0.02751334896,0.03019805744,
662667937,0.0277852488,0.02674535429,
662867957,0.0260906967,0.02353366184,
663067977,0.0234235272,0.02167777688,
663267997,0.02055776799,0.02097265013,
663468016,0.01723840742,0.02195231648,
663668036,0.01527399827,0.02451465065,
663868056,0.01474459797,0.02755646449,
664068076,0.01547094944,0.03004142271,
664268095,0.01732481816,0.03234060525,
664468115,0.01969220813,0.03267188132,
664668135,0.02222028785,0.03267501857,
664868155,0.02362909395,0.0302611342,
665068174,0.02399704746,0.02726671086,
665268194,0.02341971504,0.02463710699,
665468214,0.02108602617,0.02284163372,
665668234,0.01846348355,0.02203838836,
665868253,0.01571494126,0.02319527561,
666068273,0.01265915839,0.02439188415,
666268293,0.01156167288,0.02797730876,
666468313,0.01117928239,0.03106610591,
666668333,0.01224229296,0.03341045811,
666868353,0.01446905481,0.03512064808,
667068372,0.01602611887,0.0350724884,
667268392,0.01774713131,0.03472062582,
667468412,0.01858146881,0.03320729112,
667668432,0.01834740091,0.03127826507,
667868451,0.01653112618,0.02972908758,
668068471,0.01425715481,0.02988302009,
668268491,0.01176511551,0.03136809585,
668468511,0.009762562327,0.033832147,
668668530,0.008364360957,0.03695786027,
668868550,0.008343752623,0.04046454504,
669068570,0.009844868413,0.04435747944,
669268590,0.01243775149,0.04678002606,
669468609,0.01575059721,0.04840034326,
669668629,0.01853144398,0.04776869421,
669868649,0.0209951809,0.04699714005,
670068669,0.02236304731,0.04506582239,
670268688,0.02286555885,0.04372811967,
670468708,0.02134647218,0.04225984287,
670668728,0.019467877,0.04211413242,
670868748,0.01778177093,0.04326125199,
671068767,0.01674868062,0.04601597638,
671268787,0.01597122095,0.04918853732,
671468807,0.01694325463,0.05304557662,
671668827,0.01963382833,0.0565104107,
671868846,0.02258443966,0.05856447817,
672068866,0.02704097868,0.06039236505,
672268886,0.03098135442,0.06055331854,
672468906,0.03467752559,0.05968999136,
672668925,0.03714247788,0.05778174678,
672868945,0.03847979672,0.056238593,
673068965,0.03991099776,0.05572150359,
673268985,0.04069224349,0.05507688522,
673469004,0.04187005591,0.0555671303,
673669024,0.04376399745,0.05628057989,
673869044,0.04619456362,0.05674262923,
674069064,0.04971418438,0.05680911772,
674269083,0.05389679701,0.05561603815,
674469103,0.05784849301,0.05373364247,
674669123,0.06153860407,0.05044580402,
674869143,0.06452365663,0.04580821569,
675069162,0.06589327433,0.04008990213,
675269182,0.0660792834,0.03536864717,
675469202,0.06413684349,0.03054575837,
675669222,0.06151845005,0.0265619718,
675869241,0.05878369635,0.02434803525,
676069261,0.05558932978,0.02307679295,
676269281,0.05371685213,0.02320250747,
676469301,0.05213985636,0.0233362599,
676669320,0.05120414498,0.02341520683,
676869340,0.05123250682,0.02301075957,
677069360,0.051735118,0.02267669758,
677269380,0.05200143447,0.0208635122,
677469399,0.05065078329,0.01826462569,
677669419,0.04893015508,0.01586745406,
677869439,0.04611534263,0.0149476496,
678069459,0.04268599533,0.01403069632,
678269478,0.0391691262,0.01536416988,
678469498,0.03616111101,0.01700812199,
678669518,0.03465898794,0.0202823186,
678869538,0.03397554767,0.02419570189,
679069557,0.03487472247,0.02762041149,
679269577,0.03725759796,0.03025963825,
679469597,0.04017430787,0.03144198957,
679669617,0.04334760007,0.03166184404,
679869636,0.04603477933,0.0308447134,
680069656,0.04806144045,0.02914654726,
680269676,0.04853203191,0.02654491578,
680469696,0.04814266112,0.024435341,
680669715,0.04773237015,0.02292938231,
680869735,0.04624035394,0.02278591941,
681069755,0.04556500039,0.02274859463,
681269775,0.0454898931,0.02371179236,
681469794,0.0462945045,0.02496726428,
681669814,0.0478186777,0.0256352092,
681869834,0.05027953246,0.02516278986,
682069854,0.05259655592,0.02408471555,
682269873,0.05425525075,0.0210489588,
682469893,0.05526382827,0.01787615743,
682669913,0.05456387178,0.01425706738,
682869933,0.05277906225,0.01095176272,
683069952,0.0500257336,0.008759981791,
683269972,0.04671684383,0.007323447308,
683469992,0.04398434657,0.007704885838,
683670012,0.04106966382,0.00885606154,
683870031,0.03942353697,0.01058838481,
684070051,0.0387761938,0.01254623714,
684270071,0.03978041568,0.01434230278,
684470091,0.04041518269,0.01496915872,
684670110,0.04179306598,0.01423851403,
684870130,0.04267908672,0.01313850077,
685070150,0.04231410445,0.01126837593,
685270170,0.041262683,0.01002549762,
685470189,0.03892955045,0.00884853801,
685670209,0.03617009725,0.008545805532,
685870229,0.0330649827,0.009604386128,
686070249,0.03101085905,0.01204035792,
686270268,0.0305514875,0.01595441834,
686470288,0.03086744195,0.01921223636,
686670308,0.03298973315,0.02222783244,
686870328,0.03589158892,0.02400252824,
687070347,0.03942439444,0.0243937473,
687270367,0.04324509815,0.02380810662,
687470387,0.04569220653,0.02105539511,
687670407,0.04735541142,0.017676974,
687870426,0.04756710977,0.01418998763,
688070446,0.04644377487,0.01132753828,
688270466,0.04366151488,0.009231967661,
688470486,0.04095386421,0.007817603009,
688670505,0.03864490586,0.008402368893,
688870525,0.03655926176,0.009712351249,
689070545,0.03550083026,0.01158422307,
689270565,0.0355989104,0.01332427752,
689470584,0.03661234353,0.01467890883,
689670604,0.03805008234,0.01489350812,
689870624,0.03936308048,0.0142758195,
690070644,0.04037921044,0.01278459135,
690270663,0.04013839154,0.01065259757,
690470683,0.03958489659,0.009090737147,
690670703,0.03744586635,0.00756534972,
690870723,0.03508964782,0.006857122841,
691070742,0.03311632194,0.007378529832,
691270762,0.03107933144,0.008608951959,
691470782,0.03077204973,0.0106901769,
691670802,0.03039315047,0.0121208357,
691870821,0.03126346124,0.01383641772,
692070841,0.03225958289,0.01462812896,
692270861,0.03325799887,0.0138636209,
692470881,0.03410855322,0.01271457851,
692670900,0.03359011878,0.01107092938,
692870920,0.03245516065,0.009799746799,
693070940,0.03062404598,0.008917188181,
693270960,0.02799074994,0.00887493081,
693470979,0.02479500633,0.009781019972,
693670999,0.02251563929,0.0119866011,
693871019,0.02123205901,0.01532187514,
694071039,0.02070085756,0.01819135091,
694271059,0.02163005259,0.02170438806,
694471078,0.02334472391,0.02377849556,
694671098,0.02511694896,0.0251124705,
694871118,0.0271323335,0.02565850691,
695071138,0.0282555109,0.02613236908,
695271157,0.02848843712,0.02515092958,
695471177,0.02813722266,0.0250006978,
695671197,0.02754204932,0.02554935733,
695871217,0.02655856167,0.02687712627,
696071236,0.02619797211,0.02885165094,
696271256,0.02647171815,0.03226557139,
696471276,0.02779733852,0.03505713485,
696671296,0.03016139676,0.03823264584,
696871315,0.03394168712,0.04017786171,
697071335,0.03791074987,0.040530859,
697271355,0.04246870906,0.04035830642,
697471375,0.04614047536,0.03829937221,
697671394,0.04878734577,0.03518630981,
697871414,0.0504928542,0.03220832204,
698071434,0.0504501695,0.02909595428,
698271454,0.04946106854,0.02634145064,
698471473,0.04776628401,0.02524211864,
698671493,0.04629029632,0.02488958547,
698871513,0.04519407324,0.02539300953,
699071533,0.04506105363,0.02654533658,
699271552,0.04572265755,0.0280582105,
699471572,0.04722095882,0.02865095376,
699671592,0.0488283243,0.02893508974,
699871612,0.05065855056,0.02813683487,
700071631,0.051973527,0.02656924645,
700271651,0.05226371534,0.02421572898,
700471671,0.05185478517,0.02309024472,
700671691,0.05115781604,0.02188204986,
700871710,0.04960718829,0.02157469194,
701071730,0.04846279727,0.02194145817,
701271750,0.04765150923,0.02395797678,
701471770,0.04763875786,0.02579238892,
701671789,0.04913438475,0.02782336636,
701871809,0.05160015441,0.02840808055,
702071829,0.05374768358,0.02920370899,
702271849,0.05621431724,0.02823523951,
702471868,0.05855342597,0.02728662608,
702671888,0.05974343354,0.02437305623,
702871908,0.05988020943,0.02254258801,
703071928,0.05963814129,0.02035549463,
703271947,0.05853997802,0.01980553877,
703471967,0.05734521861,0.01983759013,
703671987,0.05690242572,0.02121450805,
703872007,0.05682708146,0.02329499434,
704072026,0.05803909443,0.02487231603,
704272046,0.06034363309,0.02645055056,
704472066,0.06355920339,0.02678508737,
704672086,0.06806671173,0.0270939174,
704872105,0.0716121751,0.02539396194,
705072125,0.07487352567,0.02200309633,
705272145,0.07699824091,0.01865406017,
705472165,0.078131141,0.0147100772,
705672184,0.07820478421,0.0113288754,
705872204,0.07782214841,0.008617965287,
706072224,0.0773985089,0.006749396486,
706272244,0.07681272478,0.005102720728,
706472263,0.07663559565,0.003422254693,
706672283,0.07715683886,0.00235186834,
706872303,0.0778299954,0.0001790437094,
707072323,0.07898662996,-0.001830161325,
707272342,0.0796081403,-0.00497502512,
707472362,0.0799032797,-0.008953828562,
707672382,0.07899691791,-0.01277119948,
707872402,0.07711649907,-0.01672238434,
708072421,0.0743519721,-0.02000132203,
708272441,0.07094956501,-0.02235568044,
708472461,0.06644638999,-0.02380006453,
708672481,0.06364914233,-0.02373766196,
708872500,0.06076788613,-0.02346307905,
709072520,0.05891334946,-0.02270327241,
709272540,0.05749331072,-0.02146988946,
709472560,0.05693783328,-0.02116145989,
709672579,0.05658869931,-0.02111783724,
709872599,0.05644498667,-0.02145422206,
710072619,0.05581997924,-0.02252005607,
710272639,0.0540068309,-0.02376571001,
710472658,0.05220742755,-0.02469190717,
710672678,0.04944920866,-0.02527349105,
710872698,0.04719092674,-0.02460721137,
711072718,0.04478600407,-0.02329688013,
711272737,0.04320782935,-0.02110888197,
711472757,0.04231725383,-0.01904473281,
711672777,0.042545298,-0.01637564816,
711872797,0.04393682472,-0.01424479529,
712072816,0.04565310951,-0.01325838572,
712272836,0.04788895948,-0.0131914925,
712472856,0.05016120795,-0.01398066489,
712672876,0.05175093952,-0.01538999608,
712872895,0.05290088204,-0.01718185718,
713072915,0.05274998157,-0.0192214821,
713272935,0.05212651378,-0.02158202383,
713472955,0.0509455334,-0.02215986352,
713672974,0.05028105843,-0.02316284833,
713872994,0.04992322815,-0.02357405925,
714073014,0.04981368357,-0.02469072442,
714273034,0.04993086287,-0.02551057061,
714473053,0.05026925915,-0.02689512795,
714673073,0.05068890248,-0.02876503421,
714873093,0.05067602797,-0.03198206371,
715073113,0.04924829733,-0.03494907249,
715273132,0.04713925419,-0.03791895387,
715473152,0.04421964389,-0.0408723796,
715673172,0.04019048939,-0.04255518309,
715873192,0.0355736124,-0.04299102037,
716073211,0.03111576652,-0.04249983539,
716273231,0.02778197712,-0.04134920023,
716473251,0.02479256838,-0.03877420874,
716673271,0.02293548937,-0.03616457011,
716873290,0.02275971574,-0.03341027389,
717073310,0.0226907381,-0.0318094216,
717273330,0.02332364918,-0.03043457069,
717473350,0.02359167798,-0.03067648258,
717673369,0.02402731313,-0.03076723178,
717873389,0.02362469053,-0.03132025873,
718073409,0.02214194985,-0.03239422563,
718273429,0.01999027737,-0.03283128175,
718473448,0.01847591077,-0.03210754468,
718673468,0.01653943623,-0.03098164689,
718873488,0.01527702439,-0.02971615442,
719073508,0.01431224876,-0.0279795775,
719273527,0.01459525192,-0.02662806519,
719473547,0.01551999144,-0.02537588604,
719673567,0.01609304196,-0.02548789582,
719873587,0.01677542639,-0.02607341075,
720073606,0.01676311249,-0.02768502863,
720273626,0.01621185852,-0.02941701859,
720473646,0.01450040733,-0.03110427599,
720673666,0.01220185273,-0.03324606982,
720873686,0.009049344333,-0.0332846289,
721073705,0.00545350408,-0.0334716589,
721273725,0.001437267072,-0.03249001907,
721473745,-0.001858897188,-0.02999867264,
721673765,-0.004234971654,-0.02750083966,
721873784,-0.006002372684,-0.0243408019,
722073804,-0.007199799681,-0.02156910173,
722273824,-0.007553453189,-0.01904082708,
722473844,-0.008177368786,-0.01659692721,
722673863,-0.008404142258,-0.01458670699,
722873883,-0.009225214027,-0.01286489892,
723073903,-0.009971457447,-0.01067841805,
723273923,-0.01125831921,-0.007785360187,
723473942,-0.01184069302,-0.005030287304,
723673962,-0.01205064445,-0.001340592696,
723873982,-0.01162133479,0.003003980874,
724074002,-0.01029531309,0.006648852608,
724274021,-0.007778655989,0.009821865841,
724474041,-0.004995327553,0.01263742701,
724674061,-0.00165626933,0.0139257007,
724874081,0.001770697959,0.01509549713,
725074100,0.004374391894,0.01465286007,
725274120,0.006490267247,0.0134941341,
725474140,0.007960586062,0.01210272134,
725674160,0.008406246008,0.01167458251,
725874179,0.008691733184,0.01138638593,
726074199,0.008312419232,0.01158834519,
726274219,0.008095742264,0.01265567355,
726474239,0.008093315551,0.01353188885,
726674258,0.009287024611,0.01492457771,
726874278,0.01073559315,0.01628018244,
727074298,0.01253029264,0.01706347534,
727274318,0.01500766838,0.01727488554,
727474337,0.01741833486,0.01663987642,
727674357,0.01878789681,0.01518021346,
727874377,0.01976008287,0.01382551175,
728074397,0.02044337083,0.01208527101,
728274416,0.01978871451,0.01116288646,
728474436,0.01911978696,0.01052257228,
728674456,0.01832863086,0.01039221179,
728874476,0.01766454033,0.01126294721,
729074495,0.01769568379,0.01228658855,
729274515,0.01820129048,0.01345308656,
729474535,0.0193488807,0.01386762142,
729674555,0.02075229003,0.0145125347,
729874574,0.0224709586,0.01399871631,
730074594,0.02351465227,0.01327577833,
730274614,0.02439247573,0.01179008324,
730474634,0.02439220123,0.01034829217,
730674653,0.02376607631,0.009153673633,
730874673,0.02302691648,0.008668317551,
731074693,0.02134688212,0.008454518731,
731274713,0.02010965095,0.009710191953,
731474732,0.01961235123,0.01083867556,
731674752,0.01965282592,0.01288912913,
731874772,0.02067914522,0.01457204776,
732074792,0.02210075196,0.01567849785,
732274811,0.02450534229,0.01670267241,
732474831,0.02667756036,0.01635727204,
732674851,0.02836782953,0.01491031121,
732874871,0.02940478278,0.01336286798,
733074890,0.02998747779,0.01169728494,
733274910,0.02941053238,0.009768893105,
733474930,0.02876750515,0.009234580802,
733674950,0.02784051716,0.00890786833,
733874969,0.0266617944,0.009264336831,
734074989,0.02621690705,0.01066849234,
734275009,0.02705977781,0.01207640744,
734475029,0.02825587768,0.01316004593,
734675048,0.02994902263,0.01405948035,
734875068,0.03234230818,0.01461660059,
735075088,0.03447662566,0.01289337937,
735275108,0.03668294299,0.01166661031,
735475127,0.03762934747,0.008889601295,
735675147,0.03816363,0.006669639363,
735875167,0.03824723459,0.004519693775,
736075187,0.0372695821,0.002548200332,
736275206,0.0363664653,0.00150523275,
736475226,0.03567374778,0.0008561156383,
736675246,0.03471395557,-4.265358562e-05,
736875266,0.03466305006,-0.0005840294361,
737075285,0.03421016404,-0.00145165783,
737275305,0.03449138516,-0.002157123054,
737475325,0.03388283583,-0.003643549153,
737675345,0.03309419686,-0.005179282114,
737875364,0.0319637155,-0.00680868982,
738075384,0.02981240872,-0.008193893716,
738275404,0.0277560219,-0.008967284711,
738475424,0.02527105135,-0.008328872645,
738675443,0.02297246473,-0.007385955202,
738875463,0.02098910024,-0.005982482272,
739075483,0.0200039141,-0.003812981682,
739275503,0.01957219037,-0.00171063472,
739475522,0.01982199168,0.0002007030731,
739675542,0.02104121751,0.002143995015,
739875562,0.02266458655,0.00222743623,
740075582,0.02359421822,0.001957637046,
740275601,0.02465718497,0.001805090888,
740475621,0.0248169646,0.0002699121516,
740675641,0.02397631657,-0.0005380248452,
740875661,0.02267032755,-0.001489473466,
741075680,0.02088029153,-0.001798254229,
741275700,0.01957898809,-0.0001567980402,
741475720,0.01808568006,0.0009015533905,
741675740,0.01756665785,0.003873972834,
741875759,0.01743197606,0.005602218002,
742075779,0.01878083094,0.008040704442,
742275799,0.02036769562,0.00913522434,
742475819,0.02250965625,0.01097341739,
742675838,0.0244048128,0.01058143651,
742875858,0.02654796199,0.01089592391,
743075878,0.02793842908,0.01023080124,
743275898,0.02862520058,0.008516111171,
743475917,0.02894612862,0.007904725667,
743675937,0.02937166362,0.007385115164,
743875957,0.02936301743,0.00746893211,
744075977,0.02995830394,0.006764762467,
744275996,0.03063301137,0.007103483756,
744476016,0.03191594431,0.006965047622,
744676036,0.03318357404,0.005718969912,
744876056,0.03430078841,0.004559131391,
745076075,0.03447599644,0.002780419358,
745276095,0.03447600319,0.0002114918465,
745476115,0.03366069419,-0.001622321313,
745676135,0.03204179575,-0.003338600925,
745876154,0.0297535215,-0.004344880546,
746076174,0.02725391564,-0.004285848894,
746276194,0.02551656865,-0.002897935759,
746476214,0.02426835008,-0.001269101783,
746676233,0.02370830561,0.001057151182,
746876253,0.02415510337,0.003404024831,
747076273,0.02586407606,0.005502003866,
747276293,0.02739728283,0.006908866144,
747476313,0.03003206984,0.0069652784,
747676332,0.03223437521,0.006622648548,
747876352,0.03404239594,0.004923805489,
748076372,0.03565424878,0.003263308807,
748276392,0.03609614228,0.001438670788,
748476411,0.03568845759,-0.0003647646167,
748676431,0.03508392322,-0.001627088116,
748876451,0.03365743909,-0.00323635661,
749076471,0.03330620577,-0.003348082151,
749276490,0.03312079019,-0.003590379542,
749476510,0.03310051722,-0.00357618433,
749676530,0.03376204339,-0.003352658466,
749876550,0.03444188889,-0.004413445699,
750076569,0.03441412437,-0.005954235399,
750276589,0.0349494103,-0.007136596849,
750476609,0.03442234569,-0.009017084971,
750676629,0.03322679474,-0.01051058924,
750876648,0.0317348512,-0.01187614613,
751076668,0.02995048002,-0.01276065485,
751276688,0.02777306131,-0.01300574365,
751476708,0.02651036556,-0.01249003499,
751676727,0.02514332876,-0.01168679105,
751876747,0.02499255281,-0.01013764508,
752076767,0.0252348318,-0.009662275227,
752276787,0.02552728122,-0.009523357419,
752476806,0.02550064396,-0.009630263642,
752676826,0.02596202398,-0.01035278123,
752876846,0.02570230563,-0.01103874768,
753076866,0.025156064,-0.01182460612,
753276885,0.02352307831,-0.01263484814,
753476905,0.02188848335,-0.01305806919,
753676925,0.02017350874,-0.01290983765,
753876945,0.01850258701,-0.01139238136,
754076964,0.01725919847,-0.01057557788,
754276984,0.01739303819,-0.009073423334,
754477004,0.01768732445,-0.007524442707,
754677024,0.01841274527,-0.006719824386,
754877043,0.01921270155,-0.006073418012,
755077063,0.02020135162,-0.006623190125,
755277083,0.02053692725,-0.007476555604,
755477103,0.02037448564,-0.008351211074,
755677122,0.02022392181,-0.008879549954,
755877142,0.01844475219,-0.01007879709,
756077162,0.01712106818,-0.009877760701,
756277182,0.01578546866,-0.009252428898,
756477201,0.0144746846,-0.008228168684,
756677221,0.01356406813,-0.006684889701,
756877241,0.01423946367,-0.004308747332,
757077261,0.01479122307,-0.003005645013,
757277280,0.0159171191,-0.00164311489,
757477300,0.01740655494,-0.001464461009,
757677320,0.01881925724,-0.002048887344,
757877340,0.02023875965,-0.002685455265,
758077359,0.02052641318,-0.004138612172,
758277379,0.02052347184,-0.005452982596,
758477399,0.01961916637,-0.006294754977,
758677419,0.0184943475,-0.006849009496,
758877438,0.01720109947,-0.007183352249,
759077458,0.01601994535,-0.007266471882,
759277478,0.0157064016,-0.00614347303,
759477498,0.01505710824,-0.005215485231,
759677517,0.01556376896,-0.004099387514,
759877537,0.01612843177,-0.003536211299,
760077557,0.0162585609,-0.003872357951,
760277577,0.01670879339,-0.004173724189,
760477596,0.01669830874,-0.004317169719,
760677616,0.01598101867,-0.005334674407,
760877636,0.01549251415,-0.005696546817,
761077656,0.01437151831,-0.005406192029,
761277675,0.0132175929,-0.004625032043,
761477695,0.01208206971,-0.004048512344,
761677715,0.0118765339,-0.002142067972,
761877735,0.01193857545,-0.0002699911777,
762077754,0.01284995564,0.0006408912892,
762277774,0.01400082936,0.001909814994,
762477794,0.01597237082,0.002362516942,
762677814,0.01735804948,0.001955808088,
762877833,0.01840272868,0.0006988436629,
763077853,0.01868896895,-0.0003421346651,
763277873,0.01890447302,-0.001553105781,
763477893,0.01812260677,-0.0031006741,
763677912,0.01745361522,-0.003430196053,
763877932,0.01640554274,-0.003179805231,
764077952,0.01549591123,-0.003389490562,
764277972,0.01489685505,-0.002871451981,
764477991,0.0147420493,-0.001476037305,
764678011,0.0150162251,-0.0006543344415,
764878031,0.01588902454,-0.0006312557014,
765078051,0.01626813454,-0.0007358076582,
765278070,0.0171443875,-0.001660879705,
765478090,0.01719703801,-0.002379587837,
765678110,0.01751510675,-0.002956188271,
765878130,0.01663594401,-0.003739103532,
766078149,0.01560131957,-0.0048673543,
766278169,0.01468612644,-0.004884313639,
766478189,0.01320864378,-0.004912184819,
766678209,0.01268695339,-0.003822281322,
766878228,0.01171830229,-0.003593552466,
767078248,0.01187467967,-0.002389544165,
767278268,0.01201353968,-0.002161585418,
767478288,0.01229856683,-0.001727154552,
767678307,0.01267703247,-0.001842589623,
767878327,0.01222828763,-0.002792928436,
768078347,0.01145203164,-0.003306647202,
768278367,0.01082509143,-0.003755435635,
768478386,0.009342105252,-0.003346363453,
768678406,0.008092694357,-0.002934100325,
768878426,0.006792689187,-0.001364555279,
769078446,0.005541503366,0.0001608942737,
769278465,0.005383321711,0.00194223527,
769478485,0.00538125655,0.003269432136,
769678505,0.006757184941,0.005595572773,
769878525,0.007725603029,0.006284367755,
770078544,0.009118401227,0.007089264413,
770278564,0.009672213375,0.006769321383,
770478584,0.01055960196,0.006625713258,
770678604,0.01091830952,0.006607505266,
770878623,0.01022711671,0.005551607263,
771078643,0.01014325066,0.005982343704,
771278663,0.009430458163,0.006468180798,
771478683,0.008757444212,0.007203905998,
771678702,0.008706167687,0.008342702,
771878722,0.008465270982,0.009589683367,
772078742,0.009498983349,0.01116157894,
772278762,0.01037417942,0.01173417074,
772478781,0.0117504531,0.01206742919,
772678801,0.01302268844,0.01222063753,
772878821,0.01362011397,0.01203560998,
773078841,0.01479710981,0.01196413021,
773278860,0.01486445667,0.01152744741,
773478880,0.01439529293,0.01106569124,
773678900,0.01419815706,0.011515521,
773878920,0.01425200282,0.0120021305,
774078940,0.01444999013,0.01323440036,
774278959,0.01493055088,0.01435472883,
774478979,0.01620302554,0.01568947245,
774678999,0.01807738073,0.01645883574,
774879019,0.02009235027,0.01696254201,
775079038,0.0223589168,0.01722629693,
775279058,0.02395334268,0.01581410637,
775479078,0.02551036302,0.0146894076,
775679098,0.02656093727,0.01311360797,
775879117,0.02730203241,0.01119842744,
776079137,0.02713828317,0.009419483051,
776279157,0.02726223433,0.009153521774,
776479177,0.02715038513,0.007788753075,
776679196,0.02756976416,0.007557387256,
776879216,0.02780183566,0.006700244559,
777079236,0.02833996947,0.00675076258,
777279256,0.02940090338,0.005593417811,
777479275,0.02991777215,0.003699910027,
777679295,0.03048804165,0.001969001439,
777879315,0.03080311217,0.0004387474522,
778079335,0.03057816694,-0.002099311346,
778279354,0.02914646116,-0.004296459382,
778479374,0.02732492252,-0.00652428458,
778679394,0.02551849888,-0.006949924619,
778879414,0.02321361493,-0.007817880062,
779079433,0.0215933711,-0.007327007423,
779279453,0.01981932322,-0.00747424464,
779479473,0.01877564772,-0.006081345186,
779679493,0.01901885649,-0.004933238292,
779879512,0.01835092737,-0.004978625015,
780079532,0.01861511602,-0.004634908798,
780279552,0.01897995493,-0.005257192481,
780479572,0.018915211,-0.005738264062,
780679591,0.01839224732,-0.007260422266,
780879611,0.01763495671,-0.007658462242,
781079631,0.01646012221,-0.008838522039,
781279651,0.01493625583,-0.008897180973,
781479670,0.01341023521,-0.008680073822,
781679690,0.0122992531,-0.008290407786,
781879710,0.01127765284,-0.007274141938,
782079730,0.0106210319,-0.006590486978,
782279749,0.01037913912,-0.005611272169,
782479769,0.009709491933,-0.005779929604,
782679789,0.009738809522,-0.00551488881,
782879809,0.009647161716,-0.005453529714,
783079828,0.008506867707,-0.005888319009,
783279848,0.007054047613,-0.006603996286,
783479868,0.005712631109,-0.006302832044,
783679888,0.003917763717,-0.005129160535,
783879907,0.002189143811,-0.003903633635,
784079927,0.0004368293338,-0.002910397204,
784279947,-0.0001497867741,-7.034831052e-05,
784479967,-0.0008915054412,0.001917607475,
784679986,-0.0009265252498,0.004258706108,
784880006,9.869061769e-06,0.006113661687,
785080026,0.0007812272608,0.007577831248,
785280046,0.002285986809,0.00874093769,
785480065,0.003296933089,0.009344541501,
785680085,0.003534939257,0.009136063823,
785880105,0.004046442023,0.009941541562,
786080125,0.004134570973,0.009628805654,
786280144,0.004121295957,0.01025276452,
786480164,0.004392209588,0.01097662517,
786680184,0.004583736145,0.01191140793,
786880204,0.00502303301,0.01318924028,
787080223,0.005915511665,0.01413648551,
787280243,0.006502733144,0.01440970175,
787480263,0.007590956185,0.01460340188,
787680283,0.008610970045,0.01396049357,
787880302,0.009736672549,0.01382494636,
788080322,0.009809699754,0.01353211766,
788280342,0.009823991968,0.01241933762,
788480362,0.009302306575,0.01200913695,
788680381,0.008388138778,0.01236499839,
788880401,0.007298246305,0.01265656303,
789080421,0.006638967823,0.01369196689,
789280441,0.006588003668,0.01499535146,
789480460,0.006535958233,0.01678646377,
789680480,0.007223554771,0.01811420438,
789880500,0.008328984367,0.01917830016,
790080520,0.009884502811,0.02018590915,
790280539,0.01097699895,0.02060236138,
790480559,0.0121048054,0.02006405378,
790680579,0.01342078172,0.02040578155,
790880599,0.0137048252,0.0199135632,
791080618,0.01433032914,0.01995770313,
791280638,0.01400002156,0.01996851998,
791480658,0.01402288556,0.02011673043,
791680678,0.01434680234,0.0205021673,
791880697,0.015550259,0.02257387857,
792080717,0.01639968499,0.02287738078,
792280737,0.01826181265,0.02345613007,
792480757,0.02031500412,0.02378197038,
792680776,0.02243721252,0.02311528965,
792880796,0.02447906732,0.02177335948,
793080816,0.02559927489,0.02030566428,
793280836,0.02682569875,0.01808064289,
793480855,0.02714147789,0.01614163405,
793680875,0.02672029461,0.01451493268,
793880895,0.02610170635,0.01312421442,
794080915,0.02547288778,0.01239164801,
794280934,0.02490267574,0.01177793029,
794480954,0.02424691684,0.01105288395,
794680974,0.02417120784,0.01128903178,
794880994,0.02419761646,0.01084807908,
795081013,0.02455988068,0.0103409051,
795281033,0.02455081966,0.009313909849,
795481053,0.02440336653,0.008761771597,
795681073,0.02399033361,0.007736389847,
795881092,0.02345378728,0.006341226586,
796081112,0.02212826951,0.005655304676,
796281132,0.02092907809,0.005312832801,
796481152,0.01982869277,0.005650792194,
796681171,0.01866253194,0.005721927476,
796881191,0.01808899302,0.00672132118,
797081211,0.01765165106,0.007677426602,
797281231,0.01729045323,0.007983997649,
797481250,0.0176755994,0.009091774751,
797681270,0.01781345731,0.009390118179,
797881290,0.01777902075,0.0094198813,
798081310,0.01800264084,0.009721914669,
798281329,0.01773958421,0.009017172772,
798481349,0.017585049,0.009240018536,
798681369,0.0168053206,0.009607138595,
798881389,0.01632673923,0.01045105179,
799081408,0.01603757465,0.01098602684,
799281428,0.01611342588,0.01239539038,
799481448,0.01660787149,0.01338239971,
799681468,0.01741126354,0.01386244246,
799881487,0.01862923192,0.01418138899,
800081507,0.02003208158,0.01445327007,
800281527,0.02111667085,0.01462051885,
800481547,0.02195465041,0.0134162354,
800681567,0.02202369096,0.01209489711,
800881586,0.02265004218,0.01189829065,
801081606,0.0223138358,0.01096410032,
801281626,0.02192764112,0.01042522306,
801481646,0.02170439451,0.01065224683,
801681665,0.0215302189,0.01049941303,
801881685,0.02119095963,0.01079959026,
802081705,0.02175221479,0.01164975509,
802281725,0.02232415189,0.01193434389,
802481744,0.02329125803,0.01198520563,
802681764,0.0246964944,0.01170165213,
802881784,0.02514617932,0.01087927904,
803081804,0.02615482345,0.009735743749,
803281823,0.02609585387,0.008544751387,
803481843,0.0259385451,0.007524073829,
803681863,0.02554548259,0.005727965127,
803881883,0.02511491606,0.00521136328,
804081902,0.0246003307,0.005638984858,
804281922,0.02423945637,0.004945671901,
804481942,0.02439578201,0.005336876222,
804681962,0.02425111536,0.005114721246,
804881981,0.024667769,0.004827756477,
805082001,0.02498615384,0.00471114442,
805282021,0.02534014366,0.003727479487,
805482041,0.02552372802,0.002017178806,
805682060,0.02551852542,0.0006618955963,
805882080,0.02480899856,-0.001100779847,
806082100,0.02406830555,-0.001779857054,
806282120,0.02276833755,-0.002872285123,
806482139,0.02147817225,-0.002932219898,
806682159,0.02024731965,-0.003741236745,
806882179,0.01915926423,-0.003406774664,
807082199,0.01845165862,-0.003024282949,
807282218,0.01786597442,-0.002787902916,
807482238,0.01750574116,-0.003174021454,
807682258,0.01738290604,-0.002837791469,
807882278,0.01709579737,-0.003776022719,
808082297,0.01656401185,-0.004800249914,
808282317,0.01517874101,-0.005496954832,
808482337,0.01410083749,-0.006399155802,
808682357,0.0126079413,-0.006504193081,
808882376,0.01068034025,-0.006654203974,
809082396,0.008408340475,-0.00605431158,
809282416,0.00683710902,-0.00557071542,
809482436,0.005426203667,-0.004037354274,
809682455,0.004531659538,-0.002726565666,
809882475,0.003786269155,-0.001839324843,
810082495,0.003277621328,-0.0009055354273,
810282515,0.002923139949,7.719294711e-05,
810482534,0.002631128641,0.0002851103799,
810682554,0.002205326426,0.001636497435,
810882574,0.001087728675,0.001341335956,
811082594,0.0002655268792,0.002723298338,
811282613,-0.0008180962051,0.00305594915,
811482633,-0.001948372792,0.004474933396,
811682653,-0.002726442499,0.006561426199,
811882673,-0.003210295006,0.008122688792,
812082692,-0.00336707096,0.01033342637,
812282712,-0.002899058355,0.01205020653,
812482732,-0.001946913703,0.01345508958,
812682752,-0.000775022658,0.01529730551,
812882771,0.0004215907439,0.01571503715,
813082791,0.001361784383,0.01621601851,
813282811,0.001812761496,0.01584245988,
813482831,0.002234107953,0.01603429657,
813682850,0.002103582204,0.01534772534,
813882870,0.001777691448,0.01584218219,
814082890,0.001265787522,0.01609030322,
814282910,0.0009523736909,0.0166792882,
814482929,0.0008680462892,0.01842877,
814682949,0.0009030329256,0.01869230013,
814882969,0.001251676812,0.02000109542,
815082989,0.001834098217,0.02081366803,
815283008,0.002614839475,0.02210920865,
815483028,0.003446289364,0.02255360534,
815683048,0.00376225319,0.02322760885,
815883068,0.004472020187,0.0236640364,
816083087,0.004589808509,0.02399108374,
816283107,0.004880299506,0.0243554418,
816483127,0.005705849116,0.02496455946,
816683147,0.005951867402,0.02514721286,
816883166,0.007108932816,0.02669278294,
817083186,0.007760022407,0.02728186008,
817283206,0.009008367419,0.02737330149,
817483226,0.01065560803,0.0275287502,
817683245,0.01172061064,0.02670518044,
817883265,0.01268636666,0.0257925233,
818083285,0.01391708437,0.02516371001,
818283305,0.01414170374,0.0233237046,
818483324,0.01403590968,0.02276912352,
818683344,0.01388071157,0.02110397473,
818883364,0.01321166505,0.02081791823,
819083384,0.01183345354,0.02029541389,
819283403,0.01094691146,0.02041963491,
819483423,0.009974481033,0.0205582524,
819683443,0.009018541252,0.02152166714,
819883463,0.008756627488,0.02251329541,
820083482,0.008343477338,0.02299687176,
820283502,0.008087952896,0.02318911867,
820483522,0.007770647259,0.02469216792,
820683542,0.007470673898,0.02541960004,
820883561,0.00721392939,0.02627579487,
821083581,0.00731991926,0.02708615265,
821283601,0.006762517115,0.02873618317,
821483621,0.006849043168,0.0294210698,
821683640,0.007335780202,0.03160095887,
821883660,0.007700480992,0.03352791502,
822083680,0.00895557648,0.03510667678,
822283700,0.01077436463,0.03686066696,
822483719,0.01233727704,0.03719616048,
822683739,0.01473619814,0.03785544342,
822883759,0.01692383026,0.03832287487,
823083779,0.0193556065,0.03818464669,
823283798,0.02153537601,0.03757471431,
823483818,0.02298490274,0.03646716562,
823683838,0.02424170082,0.03513935269,
823883858,0.02520923182,0.03383492209,
824083877,0.02544922944,0.03295834075,
824283897,0.02621891141,0.03187254191,
824483917,0.02661234794,0.03080788945,
824683937,0.02703194449,0.03071386967,
824883956,0.02743851145,0.02968512252,
825083976,0.02812276637,0.02865719786,
825283996,0.02836729489,0.02725928081,
825484016,0.0284610299,0.02662198139,
825684035,0.02835153948,0.02495280506,
825884055,0.02813046679,0.02357064131,
826084075,0.02721844508,0.02247714621,
826284095,0.02644064587,0.02139837319,
826484114,0.02577942461,0.02116077992,
826684134,0.02427560201,0.02099655414,
826884154,0.02372612298,0.02171205005,
827084174,0.02246078455,0.02183417072,
827284194,0.02210091802,0.02212343425,
827484213,0.02180572318,0.0229012375,
827684233,0.0220488194,0.02302860093,
827884253,0.02215807575,0.02364383382,
828084273,0.0224316119,0.02358493869,
828284292,0.0226683896,0.02395164032,
828484312,0.0221290985,0.02357250049,
828684332,0.02199706586,0.02309880665,
828884352,0.02154339401,0.02384310465,
829084371,0.02063572145,0.0235651326,
829284391,0.02051972083,0.02446101848,
829484411,0.01992729618,0.02508347597,
829684431,0.01992300519,0.02603291352,
829884450,0.02045732081,0.02736377196,
830084470,0.02085675104,0.02858063295,
830284490,0.02117140604,0.02907325399,
830484510,0.02226261383,0.02970476584,
830684529,0.02331024221,0.02996383512,
830884549,0.02395636464,0.03008631451,
831084569,0.02485581999,0.03017325465,
831284589,0.02567181141,0.03017308852,
831484608,0.02640049312,0.0301375606,
831684628,0.02682674881,0.03008336217,
831884648,0.02785892615,0.03069615257,
832084668,0.02862570818,0.03071170546,
832284687,0.02965762759,0.03086704532,
832484707,0.03069752082,0.02987478204,
832684727,0.03187044308,0.03012133272,
832884747,0.03304270567,0.02979669333,
833084766,0.03382858168,0.02824557728,
833284786,0.0345466969,0.02744493333,
833484806,0.03506168667,0.0263794357,
833684826,0.0351401573,0.02505460157,
833884845,0.03510810449,0.02426839844,
834084865,0.03532230455,0.02323588449,
834284885,0.03483150897,0.02237779747,
834484905,0.03504260631,0.02204548861,
834684924,0.03472291288,0.02149934348,
834884944,0.03463641681,0.02112840271,
835084964,0.03524125541,0.02069267131,
835284984,0.03518384439,0.02030950343,
835485003,0.035200314,0.01975460382,
835685023,0.0350907167,0.018540162,
835885043,0.03506231724,0.01772178678,
836085063,0.03460561922,0.01715927402,
836285082,0.03422797936,0.01673044866,
836485102,0.03398553689,0.01633683748,
836685122,0.03333118829,0.01573383952,
836885142,0.03343248321,0.01578818359,
837085161,0.03329224086,0.01612367534,
837285181,0.0330177274,0.01527884003,
837485201,0.03335277523,0.01510918684,
837685221,0.03387157757,0.01422474018,
837885240,0.0341465334,0.01399214651,
838085260,0.03399137127,0.01238024076,
838285280,0.03364087402,0.0116038515,
838485300,0.03307179394,0.009804065595,
838685319,0.0319583388,0.009364242008,
838885339,0.03027451773,0.007719976809,
839085359,0.02861511904,0.007389123964,
839285379,0.02710994322,0.007573961342,
839485398,0.02585599303,0.007219227211,
839685418,0.02455620607,0.007941111082,
839885438,0.02332300354,0.008476219612,
840085458,0.02272791868,0.009718115818,
840285477,0.02197676368,0.01013800874,
840485497,0.02123330253,0.01050208253,
840685517,0.02057679286,0.0106935283,
840885537,0.020201587,0.01123209338,
841085556,0.02003593132,0.01223502699,
841285576,0.01919233785,0.01281649107,
841485596,0.01855785367,0.014141033,
841685616,0.01788119152,0.01495225424,
841885635,0.0175043785,0.01572386346,
842085655,0.01736434945,0.01695636079,
842285675,0.01748597899,0.01848739429,
842485695,0.01761906805,0.01914323358,
842685714,0.01823529521,0.01989642334,
842885734,0.01918540354,0.02042265298,
843085754,0.02012358398,0.02145074699,
843285774,0.02064856375,0.02127678188,
843485793,0.02093442009,0.02182777617,
843685813,0.02158715809,0.02161392093,
843885833,0.02215009654,0.02201452882,
844085853,0.02196714417,0.02151367908,
844285872,0.02251488022,0.02225845528,
844485892,0.02283413117,0.02277396555,
844685912,0.02362252985,0.02266263226,
844885932,0.02449290964,0.0230309099,
845085951,0.02548305399,0.02234741516,
845285971,0.02599540085,0.02197245499,
845485991,0.02670255005,0.02201501231,
845686011,0.02775213476,0.02095734746,
845886030,0.02773987447,0.0196173492,
846086050,0.0274928805,0.01838085148,
846286070,0.02698546071,0.01686687107,
846486090,0.02612936396,0.01635504007,
846686109,0.02551040417,0.0160514001,
846886129,0.0245960722,0.01555089181,
847086149,0.02349012337,0.01546629993,
847286169,0.02272557784,0.01564302447,
847486188,0.0220945045,0.01616289271,
847686208,0.02191162404,0.01662452544,
847886228,0.02139045845,0.01722970814,
848086248,0.02105369514,0.01704450609,
848286267,0.02120546843,0.01698262243,
848486287,0.02070956277,0.01705281805,
848686307,0.02064000124,0.01774595957,
848886327,0.01988720313,0.01771129677,
849086346,0.01970795723,0.01765947262,
849286366,0.01913763868,0.01855893935,
849486386,0.01920256792,0.01859654901,
849686406,0.01917897022,0.01891599576,
849886425,0.01881773609,0.01903184049,
850086445,0.01907924071,0.01968643754,
850286465,0.01904443409,0.0198846866,
850486485,0.01919719542,0.01902606832,
850686504,0.01881778374,0.01889134927,
850886524,0.01814949956,0.01834289737,
851086544,0.01744538695,0.01833371144,
851286564,0.01689806985,0.0179257825,
851486583,0.01585975328,0.0181847058,
851686603,0.01464460962,0.01887079647,
851886623,0.01343327929,0.01987782897,
852086643,0.01248205704,0.02086443842,
852286662,0.01166812897,0.02154962373,
852486682,0.01103398672,0.02293728064,
852686702,0.01068021372,0.02393976061,
852886722,0.01057051124,0.02519325317,
853086741,0.0104127632,0.02682232535,
853286761,0.0104083333,0.02724133261,
853486781,0.01015104808,0.02876674292,
853686801,0.009812828237,0.02880831555,
853886821,0.009676961116,0.03022493575,
854086840,0.009668141592,0.03150248643,
854286860,0.00945982363,0.03300207925,
854486880,0.009115606854,0.03437104451,
854686900,0.009635375305,0.0352777114,
854886919,0.00994167116,0.03743179148,
855086939,0.01050042919,0.03843386856,
855286959,0.01150227281,0.03993534124,
855486979,0.01226463116,0.04117184535,
855686998,0.01344646132,0.04150924785,
855887018,0.01388096113,0.0425148743,
856087038,0.01475728583,0.04313686133,
856287058,0.01544528456,0.04427553079,
856487077,0.01652379057,0.04547765685,
856687097,0.01714869228,0.04606764219,
856887117,0.01809311342,0.04721315135,
857087137,0.01929280056,0.04839259698,
857287156,0.02055074795,0.04950335129,
857487176,0.02238864031,0.05055368116,
857687196,0.02423572734,0.05181980224,
857887216,0.02613538985,0.05197209314,
858087235,0.0285486551,0.05180874879,
858287255,0.03015765208,0.05187549025,
858487275,0.0325634189,0.05134080378,
858687295,0.03412450285,0.05046202178,
858887314,0.03571300399,0.04967190614,
859087334,0.03676197046,0.04893399385,
859287354,0.03776633203,0.04744192973,
859487374,0.03878724512,0.04632354348,
859687393,0.03987294321,0.04557897542,
859887413,0.0404085905,0.04461849173,
860087433,0.04120156322,0.04302355535,
860287453,0.04165344257,0.04164490121,
860487472,0.04179654794,0.04059337272,
860687492,0.0415695953,0.03907657867,
860887512,0.04152307614,0.03799169717,
861087532,0.04092977735,0.03696801784,
861287551,0.03954686585,0.03649932828,
861487571,0.03896502122,0.03650904733,
861687591,0.0376110455,0.03601313919,
861887611,0.0367307525,0.03596462392,
862087630,0.03596877433,0.03709105604,
862287650,0.03606728208,0.03797380074,
862487670,0.0361473916,0.03915359905,
862687690,0.03611519668,0.03985986303,
862887709,0.03663338609,0.0404325464,
863087729,0.0379092825,0.04122183032,
863287749,0.03858686515,0.04173174907,
863487769,0.03892547799,0.04204858216,
863687788,0.03995650236,0.0417505881,
863887808,0.04071097773,0.04201075511,
864087828,0.04108588667,0.04186335968,
864287848,0.0413116092,0.04166571301,
864487867,0.04218032967,0.042448922,
864687887,0.04324750386,0.04252714014,
864887907,0.04385195964,0.04206509735,
865087927,0.04506061172,0.04300488037,
865287946,0.04603695108,0.04191183916,
865487966,0.04705866242,0.04177415137,
865687986,0.0480586233,0.0408010814,
865888006,0.04908632131,0.04084223454,
866088025,0.04987757745,0.04012619371,
866288045,0.05000399748,0.03872802061,
866488065,0.05061544418,0.03764510333,
866688085,0.05085209778,0.03710470996,
866888104,0.05054918043,0.035894483,
867088124,0.05061499322,0.03521187415,
867288144,0.05057085318,0.03518248984,
867488164,0.05078420436,0.03537809613,
867688183,0.05072353795,0.03397826015,
867888203,0.0512194062,0.03411671926,
868088223,0.05114307227,0.03349565263,
868288243,0.05062989281,0.03278535567,
868488262,0.05103232601,0.03228746691,
868688282,0.05080696568,0.03209050668,
868888302,0.0507581071,0.03210778773,
869088322,0.05063439636,0.03186433403,
869288341,0.05004786146,0.03187150542,
869488361,0.0498327483,0.03144695699,
869688381,0.04995230771,0.03151676434,
869888401,0.0499283646,0.03193357433,
870088420,0.05040106932,0.03179387294,
870288440,0.05112611092,0.03232013546,
870488460,0.05125235665,0.03241683805,
870688480,0.05184249386,0.03210564152,
870888499,0.05225818668,0.03178736154,
871088519,0.05275859628,0.03113088714,
871288539,0.05307907625,0.03037196203,
871488559,0.05313809917,0.03031432196,
871688578,0.05332419063,0.0300277484,
871888598,0.05352681263,0.02940622165,
872088618,0.05331620802,0.02909206261,
872288638,0.05331944264,0.02856744171,
872488657,0.05397040114,0.0283637744,
872688677,0.05377690752,0.02806329085,
872888697,0.05415050091,0.02826220306,
873088717,0.05445258475,0.02755567612,
873288736,0.05458081088,0.02694854038,
873488756,0.05453173964,0.02613610956,
873688776,0.05460068676,0.02603583626,
873888796,0.05440171341,0.02496799354,
874088815,0.05391568958,0.02488633124,
874288835,0.05335952009,0.0246720537,
874488855,0.05325696034,0.02459727155,
874688875,0.05275874628,0.02466173275,
874888894,0.05269508791,0.02473474921,
875088914,0.05251369117,0.0250781789,
875288934,0.05316302878,0.02516324461,
875488954,0.05307157486,0.02530382964,
875688973,0.05336461346,0.02481611222,
875888993,0.05390449819,0.02521009472,
876089013,0.05420912038,0.02422018663,
876289033,0.05405803271,0.02424961902,
876489052,0.05419884596,0.02348612165,
876689072,0.05367997053,0.02340425553,
876889092,0.05386878329,0.02285339438,
877089112,0.05376720678,0.02279745963,
877289131,0.05320159286,0.02257332343,
877489151,0.05346238626,0.02219273688,
877689171,0.05359558319,0.02254414282,
877889191,0.05410393846,0.02275950694,
878089210,0.05397885154,0.0225366307,
878289230,0.05427181927,0.02170176598,
878489250,0.05394312387,0.02144181799,
878689270,0.05413169333,0.02114817571,
878889289,0.05391899253,0.0208949095,
879089309,0.05342504422,0.02004124499,
879289329,0.05323806006,0.01988470932,
879489349,0.05255885126,0.01991817579,
879689368,0.05269268289,0.02025269939,
879889388,0.05224268321,0.01955361246,
880089408,0.0517301217,0.0194908102,
880289428,0.05180985139,0.02019185234,
880489448,0.05172538947,0.01994384374,
880689467,0.05143902964,0.01954143128,
880889487,0.05143110973,0.02000213429,
881089507,0.05112005962,0.01944670365,
881289527,0.05089177325,0.019462549,
881489546,0.05023330173,0.01959277487,
881689566,0.04969296408,0.0196705499,
881889586,0.04911191183,0.01993383454,
882089606,0.04891456628,0.02049460342,
882289625,0.04883994912,0.02092976282,
882489645,0.04849044269,0.02130316424,
882689665,0.04834370001,0.02161939097,
882889685,0.04886354442,0.02281933815,
883089704,0.04903607409,0.0227534329,
883289724,0.04999679997,0.02371995852,
883489744,0.04979347542,0.02334808217,
883689764,0.050215118,0.02383107355,
883889783,0.05085582363,0.02384616749,
884089803,0.05086965157,0.02373937916,
884289823,0.05105102463,0.02385646723,
884489843,0.05150045089,0.02409493411,
884689862,0.0516978361,0.02408842017,
884889882,0.05183692086,0.02468092835,
885089902,0.05226025373,0.02442175809,
885289922,0.05317706679,0.02472063165,
885489941,0.0534301777,0.02462552409,
885689961,0.05399546055,0.02391177525,
885889981,0.05443534913,0.02408571485,
886090001,0.05514458699,0.02333314225,
886290020,0.05550532871,0.02324436236,
886490040,0.05522133271,0.02271411336,
886690060,0.05524573198,0.02239058134,
886890080,0.05515454904,0.02183349701,
887090099,0.05541014916,0.0221942552,
887290119,0.05525621541,0.02181921112,
887490139,0.05509172356,0.0214913491,
887690159,0.0551682019,0.02178920561,
887890178,0.05519871126,0.02199524712,
888090198,0.05503278594,0.02119383344,
888290218,0.05513396666,0.02081096677,
888490238,0.05467632258,0.02091074333,
888690257,0.0551330307,0.02120350709,
888890277,0.05488350188,0.02127250477,
889090297,0.05468356082,0.02069476556,
889290317,0.0540710047,0.02106324307,
889490336,0.05378408913,0.0212499868,
889690356,0.05350488192,0.02106959047,
889890376,0.05353213674,0.0219962005,
890090396,0.0535160585,0.02265010831,
890290415,0.05369460394,0.02293550531,
890490435,0.05388419957,0.02272415147,
890690455,0.05416391211,0.02354007426,
890890475,0.05436396901,0.02353811446,
891090494,0.05446559461,0.02374174939,
891290514,0.05503532766,0.02388369329,
891490534,0.05484601895,0.02389618553,
891690554,0.05459222088,0.02376154199,
891890573,0.05456087014,0.02505823856,
892090593,0.05462698024,0.02562581031,
892290613,0.05479907506,0.02554206841,
892490633,0.05499295462,0.02690748596,
892690652,0.05578630645,0.02725894934,
892890672,0.05618287351,0.02805877081,
893090692,0.05713790212,0.02850037577,
893290712,0.05801020791,0.02967932353,
893490731,0.05884446209,0.03022467635,
893690751,0.05990996686,0.03061725638,
893890771,0.06102699864,0.0308022525,
894090791,0.06193962222,0.03114131136,
894290810,0.06345854202,0.03088837761,
894490830,0.06477914323,0.03178647393,
894690850,0.06589486693,0.03151382341,
894890870,0.06764770765,0.03093557099,
895090889,0.06941704873,0.0314080916,
895290909,0.07086536131,0.03088499343,
895490929,0.07253692463,0.02996541501,
895690949,0.07412378457,0.02988019249,
895890968,0.07590183521,0.02841016215,
896090988,0.07702193011,0.02688308759,
896291008,0.07818081938,0.02537073158,
896491028,0.07922241596,0.02414062389,
896691047,0.07981086838,0.022489015,
896891067,0.08028633899,0.02029802235,
897091087,0.08102870136,0.01930722106,
897291107,0.08093204637,0.01720758415,
897491126,0.08160255878,0.01621045292,
897691146,0.08171623922,0.01470606123,
897891166,0.08209660728,0.01345468628,
898091186,0.08179147085,0.01140940861,
898291205,0.08210575649,0.0102056253,
898491225,0.08191258189,0.008356000175,
898691245,0.08128898586,0.007398917193,
898891265,0.08098727544,0.005347701732,
899091284,0.08038379157,0.004239281759,
899291304,0.07977797863,0.002913796953,
899491324,0.07853241689,0.001322307026,
899691344,0.07793417307,0.0006757768855,
899891363,0.07664356958,-0.0005497186707,
900091383,0.07617345786,-0.001393635087,
900291403,0.07527257119,-0.002341750106,
900491423,0.07419216592,-0.003226309577,
900691442,0.07309993661,-0.003870681207,
900891462,0.07229500178,-0.004172064275,
901091482,0.07081786142,-0.004913073933,
901291502,0.06979670435,-0.005507692582,
901491521,0.06877932103,-0.00611692098,
901691541,0.0671767644,-0.006185650943,
901891561,0.06609474501,-0.005541573323,
902091581,0.06457551478,-0.00571061192,
902291600,0.06373033324,-0.004987945393,
902491620,0.06323093352,-0.004028552076,
902691640,0.06223555318,-0.004070110329,
902891660,0.06190723389,-0.00310076659,
903091679,0.06177910871,-0.003119540181,
903291699,0.06176697618,-0.002552023754,
903491719,0.06194718804,-0.002223561704,
903691739,0.06160031177,-0.001795504395,
903891758,0.06148571943,-0.001983392527,
904091778,0.06148217138,-0.002212257185,
904291798,0.06139354729,-0.001923898277,
904491818,0.06122193585,-0.002256246698,
904691837,0.06076121019,-0.002472844021,
904891857,0.06075309094,-0.00228532174,
905091877,0.0606135,-0.001960743416,
905291897,0.06015270929,-0.002109087872,
905491916,0.05984920458,-0.001946813372,
905691936,0.05935667421,-0.00195542333,
905891956,0.05918675598,-0.002594445972,
906091976,0.05867302178,-0.002446318461,
906291995,0.05863465525,-0.002033487394,
906492015,0.05791010113,-0.0018903204,
906692035,0.05727037807,-0.001511294066,
906892055,0.0568855474,-0.00136214366,
907092075,0.05677342678,-0.0009571171788,
907292094,0.05610462863,-0.0004103280972,
907492114,0.05603124211,0.0001447700968,
907692134,0.05591914748,0.0008621191986,
907892154,0.05637148351,0.001332928517,
908092173,0.05620379386,0.001498245917,
908292193,0.05678716204,0.001991623106,
908492213,0.05692066604,0.00288913545,
908692233,0.057387595,0.003268174991,
908892252,0.05757648163,0.00321834351,
909092272,0.05819074558,0.003522978956,
909292292,0.05855307263,0.003849491268,
909492312,0.05849848612,0.003850794079,
909692331,0.0589111072,0.003925295446,
909892351,0.059654304,0.004253455736,
910092371,0.05979331862,0.00394141737,
910292391,0.06071867698,0.004226037497,
910492410,0.06106664499,0.004122112394,
910692430,0.06181276165,0.00409493262,
910892450,0.06223708407,0.003822863499,
911092470,0.06222080717,0.003094623537,
911292489,0.06280563852,0.002525348383,
911492509,0.06321929506,0.002039293038,
911692529,0.06330711262,0.001344559134,
911892549,0.06333834586,0.0009658449213,
912092568,0.06300270039,0.0007008755298,
912292588,0.06325326365,0.0009101048537,
912492608,0.06300815112,0.0003800730853,
912692628,0.06311966166,0.0003546013854,
912892647,0.06309200928,0.0002054333865,
913092667,0.06273814537,-0.0001343503319,
913292687,0.062832397,-0.0005214715414,
913492707,0.06332362163,-0.0001251128299,
913692726,0.06309557263,-0.0003978333356,
913892746,0.06324980769,-0.0008910394896,
914092766,0.06317948783,-0.0005453084561,
914292786,0.0631421493,-0.001035487225,
914492805,0.06295613359,-0.001341523584,
914692825,0.06318358825,-0.001105587254,
914892845,0.06364900513,-0.001264469999,
915092865,0.06405224871,-0.00119918737,
915292884,0.06431631023,-0.001334715059,
915492904,0.06506442449,-0.00147368822,
915692924,0.06565533384,-0.002174964717,
915892944,0.06609296632,-0.00271503264,
916092963,0.06674531638,-0.002695777239,
916292983,0.06710099645,-0.004160871808,
916493003,0.06742916456,-0.005391562785,
916693023,0.06719224412,-0.006191846397,
916893042,0.06759346326,-0.006945742864,
917093062,0.0668048596,-0.008379436724,
917293082,0.06688464644,-0.009482085379,
917493102,0.06643320689,-0.009970152553,
917693121,0.06582860648,-0.01072667107,
917893141,0.06544892168,-0.01130645721,
918093161,0.0644942863,-0.01244286381,
918293181,0.06393839384,-0.01299738581,
918493200,0.06310433523,-0.01354795375,
918693220,0.06211521156,-0.01423111305,
918893240,0.06132694522,-0.01498626384,
919093260,0.0608573537,-0.01507729867,
919293279,0.05924403698,-0.01561458024,
919493299,0.05827755268,-0.01604806878,
919693319,0.05724554656,-0.01569037284,
919893339,0.05632071102,-0.01527249583,
920093358,0.05560328189,-0.01539889978,
920293378,0.05452908976,-0.0147732527,
920493398,0.05357357776,-0.01462008428,
920693418,0.05312624529,-0.01399544778,
920893437,0.05237893325,-0.01368448557,
921093457,0.05209642739,-0.01323181791,
921293477,0.05131283536,-0.01283264926,
921493497,0.05097940373,-0.01266539696,
921693516,0.050513275,-0.01217909896,
921893536,0.0500136454,-0.01184568621,
922093556,0.04951278817,-0.01095772808,
922293576,0.04943838148,-0.01060303354,
922493595,0.04852651712,-0.009673105588,
922693615,0.04866905787,-0.008786366885,
922893635,0.04833924309,-0.008685666221,
923093655,0.0482135364,-0.007459474198,
923293674,0.04856099378,-0.006879070837,
923493694,0.04844780219,-0.006345455405,
923693714,0.04843060512,-0.005841058874,
923893734,0.0489806471,-0.00501765121,
924093753,0.04889198062,-0.004584846459,
924293773,0.04940408193,-0.00445314185,
924493793,0.04954913257,-0.003513223602,
924693813,0.04972490855,-0.003613485913,
924893832,0.05011082068,-0.003004566517,
925093852,0.05078731125,-0.001979403298,
925293872,0.05147401032,-0.00137131977,
925493892,0.05184521736,-0.001813156556,
925693911,0.05277118757,-0.001137712888,
925893931,0.05358247438,-0.001125008091,
926093951,0.054274213,-0.001606600886,
926293971,0.05506536396,-0.001697483536,
926493990,0.05551731389,-0.001680154116,
926694010,0.05630736796,-0.002457763674,
926894030,0.05678527786,-0.002601295952,
927094050,0.05685449366,-0.003081641393,
927294069,0.05758938184,-0.003896292462,
927494089,0.05779628573,-0.004711969044,
927694109,0.05777014046,-0.004741249594,
927894129,0.05757494596,-0.005741906748,
928094148,0.05798194447,-0.006299301503,
928294168,0.05793960892,-0.006737620138,
928494188,0.05825946335,-0.006714429772,
928694208,0.05756630576,-0.008154438066,
928894227,0.05750095392,-0.008420369213,
929094247,0.05737690678,-0.008609827042,
929294267,0.05645651169,-0.009164634694,
929494287,0.05631996878,-0.009832128408,
929694306,0.05557625854,-0.009542829031,
929894326,0.05499778728,-0.009638479225,
930094346,0.0545500497,-0.009446986806,
930294366,0.05417327704,-0.009967625391,
930494385,0.0542660658,-0.009497738876,
930694405,0.05420516271,-0.009314041314,
930894425,0.05398530303,-0.009398591645,
931094445,0.05402730127,-0.009389527957,
931294464,0.05369965472,-0.009215284787,
931494484,0.05330572318,-0.009684327753,
931694504,0.05365098155,-0.009796675754,
931894524,0.05334384085,-0.009826813058,
932094543,0.05299999074,-0.01015058627,
932294563,0.0531127792,-0.009798885697,
932494583,0.05276922928,-0.01001951196,
932694603,0.05253784866,-0.01025941337,
932894622,0.05240172507,-0.00970987588,
933094642,0.05225189857,-0.009772384037,
933294662,0.05200139012,-0.009398098004,
933494682,0.05203750713,-0.009377689469,
933694702,0.05176218137,-0.009554336364,
933894721,0.05162969696,-0.009796925927,
934094741,0.0517111032,-0.009514053653,
934294761,0.05144041443,-0.01029789495,
934494781,0.0513051523,-0.009617738225,
934694800,0.0514972051,-0.009627172478,
934894820,0.0510505325,-0.01005016671,
935094840,0.05062869687,-0.00971545058,
935294860,0.05096735223,-0.009261443729,
935494879,0.05089202986,-0.009603775089,
935694899,0.05078413485,-0.008959652218,
935894919,0.05052483742,-0.009500207906,
936094939,0.05089897142,-0.009685114066,
936294958,0.05101631438,-0.009691534029,
936494978,0.05058936617,-0.009902532298,
936694998,0.04994289484,-0.009935714146,
936895018,0.04995407167,-0.009996958878,
937095037,0.0494580102,-0.01032421007,
937295057,0.04942748829,-0.01050337027,
937495077,0.04920220572,-0.01018630357,
937695097,0.04857418606,-0.01003200686,
937895116,0.04811366492,-0.009896043014,
938095136,0.04803576209,-0.009585429305,
938295156,0.04762986906,-0.009597350192,
938495176,0.04742996895,-0.009084729192,
938695195,0.0470963083,-0.008796762886,
938895215,0.04720861759,-0.008784509799,
939095235,0.04688803983,-0.008298450362,
939295255,0.04616020077,-0.008157516453,
939495274,0.04619905554,-0.007776185504,
939695294,0.04549976955,-0.007775572302,
939895314,0.04563336494,-0.006592470735,
940095334,0.04558381895,-0.006510469879,
940295353,0.04558803215,-0.005613333685,
940495373,0.04571099475,-0.005449513223,
940695393,0.04592727596,-0.00485878653,
940895413,0.04635346388,-0.004386719178,
941095432,0.04651848299,-0.003811013417,
941295452,0.04698075263,-0.003585127216,
941495472,0.0469729938,-0.003290651007,
941695492,0.04756744693,-0.003194787713,
941895511,0.04766886643,-0.003068978248,
942095531,0.04788479626,-0.002696061259,
942295551,0.04837915591,-0.002886530615,
942495571,0.04831597994,-0.002563518401,
942695590,0.04847757337,-0.002310849727,
942895610,0.04890418729,-0.002280417291,
943095630,0.04895358682,-0.002011319025,
943295650,0.04900797794,-0.002084402379,
943495669,0.04902833639,-0.002150434555,
943695689,0.04933755803,-0.002158732216,
943895709,0.04923958771,-0.002071718859,
944095729,0.04950773293,-0.001982715731,
944295748,0.04949919773,-0.002216516583,
944495768,0.04969736741,-0.001835388799,
944695788,0.04925122315,-0.001692782875,
944895808,0.04927648023,-0.001683486889,
945095827,0.04933413651,-0.001110436214,
945295847,0.04937172247,-0.0006754378743,
945495867,0.0497411587,-0.0006706776298,
945695887,0.04982645026,0.0003636200811,
945895906,0.04992041476,0.000611668555,
946095926,0.0507047685,0.001340756473,
946295946,0.0510314107,0.001660640111,
946495966,0.05106517786,0.001707967019,
946695985,0.05220743962,0.002119693302,
946896005,0.05228933613,0.001991543348,
947096025,0.05304398372,0.003239138433,
947296045,0.05360641092,0.003324249929,
947496064,0.05435907918,0.002921254066,
947696084,0.05461875358,0.003050391601,
947896104,0.05595529808,0.003640180728,
948096124,0.05675875588,0.003856529279,
948296143,0.05754802111,0.003470994696,
948496163,0.05792246217,0.003323310561,
948696183,0.05907132679,0.003056816002,
948896203,0.06004700328,0.002354272827,
949096222,0.0605903711,0.002293067876,
949296242,0.06103043712,0.002086824601,
949496262,0.06172569603,0.001017994163,
949696282,0.0624855173,0.001229159217,
949896301,0.06255338376,0.000167131987,
950096321,0.06331941786,-0.0003250011721,
950296341,0.06351079857,-0.0004780499612,
950496361,0.06449430706,-0.001114417274,
950696380,0.06477382204,-0.0009747245041,
950896400,0.06546858883,-0.001637428628,
951096420,0.0658117237,-0.002212715334,
951296440,0.06643967518,-0.002920994196,
951496459,0.06693814134,-0.004106044556,
951696479,0.06765938411,-0.00436687406,
951896499,0.06744347815,-0.005917972133,
952096519,0.06801633851,-0.006086526505,
952296538,0.06810790845,-0.006572711935,
952496558,0.068253874,-0.007485183799,
952696578,0.06861005696,-0.008346694228,
952896598,0.06877942281,-0.00929062607,
953096617,0.06870570338,-0.009978139313,
953296637,0.06942563814,-0.01135181406,
953496657,0.069337536,-0.01209604795,
953696677,0.06912340743,-0.01247984842,
953896696,0.0695058728,-0.01369859169,
954096716,0.0690011028,-0.014475059,
954296736,0.06850780435,-0.01531812833,
954496756,0.06870332358,-0.01683167635,
954696775,0.06836968692,-0.01789905554,
954896795,0.06782986026,-0.01823583953,
955096815,0.0668137139,-0.01946748931,
955296835,0.06684269625,-0.01947597614,
955496854,0.0661296559,-0.0206125434,
955696874,0.06581988201,-0.02121070426,
955896894,0.06486269606,-0.02146904402,
956096914,0.06470857882,-0.02213874278,
956296933,0.06392192919,-0.0228576961,
956496953,0.06352558549,-0.02332242539,
956696973,0.06311356935,-0.02428485223,
956896993,0.06223887781,-0.02525193994,
957097012,0.06144778863,-0.02529088961,
957297032,0.06079018809,-0.0255316502,
957497052,0.05992597333,-0.02583787518,
957697072,0.05911264957,-0.02685700769,
957897091,0.05854178154,-0.02651843122,
958097111,0.05749607435,-0.02693989542,
958297131,0.05703755465,-0.02649532813,
958497151,0.05639867014,-0.02712513714,
958697170,0.05571982945,-0.02746299628,
958897190,0.0545159685,-0.02730205772,
959097210,0.05393992024,-0.02733236331,
959297230,0.05328952897,-0.02753950202,
959497249,0.05229581812,-0.02732923289,
959697269,0.05204800032,-0.02759705287,
959897289,0.05134489392,-0.02762355181,
960097309,0.05082335901,-0.02718406792,
960297329,0.04990056491,-0.02721110929,
960497348,0.04940294352,-0.02642115821,
960697368,0.04879376234,-0.02591099361,
960897388,0.04831584848,-0.02570221574,
961097408,0.04783821675,-0.02523133169,
961297427,0.04737180441,-0.02537495085,
961497447,0.04689400567,-0.02505158652,
961697467,0.04662797813,-0.02506020722,
961897487,0.04601201635,-0.0246755862,
962097506,0.04608661434,-0.02473656532,
962297526,0.04558682488,-0.02438570931,
962497546,0.04483589317,-0.02443606658,
962697566,0.04432208199,-0.0237219581,
962897585,0.04431143589,-0.0232385666,
963097605,0.04342572372,-0.02265020657,
963297625,0.04350444912,-0.02230094234,
963497645,0.04269406947,-0.02225572513,
963697664,0.04268404978,-0.0215862067,
963897684,0.0425441712,-0.02089280183,
964097704,0.04196266542,-0.02048154664,
964297724,0.04168552514,-0.02054514179,
964497743,0.04154525828,-0.01962570871,
964697763,0.04112819142,-0.0188285273,
964897783,0.04123060329,-0.01873147121,
965097803,0.04045683637,-0.01770312187,
965297822,0.04018806112,-0.01724289467,
965497842,0.04072198865,-0.01668641623,
965697862,0.04034932055,-0.0156412128,
965897882,0.04097912942,-0.01468671901,
966097901,0.04122286804,-0.01388278894,
966297921,0.04168217921,-0.01339948189,
966497941,0.04209924901,-0.01260096284,
966697961,0.0424812956,-0.01203696411,
966897980,0.04345217154,-0.01195865882,
967098000,0.04404633077,-0.01182129018,
967298020,0.04465369967,-0.01165254449,
967498040,0.04505889274,-0.01109220098,
967698059,0.04562986729,-0.01122456514,
967898079,0.04642699171,-0.01117593548,
968098099,0.04660962359,-0.01139627956,
968298119,0.04730968426,-0.01168100658,
968498138,0.04777896459,-0.01146952005,
968698158,0.04803784005,-0.01226762876,
968898178,0.04830563284,-0.01253901991,
969098198,0.04848647673,-0.01309344432,
969298217,0.04859136292,-0.01365029246,
969498237,0.04881847181,-0.01376776245,
969698257,0.04897023441,-0.01381248081,
969898277,0.04852220966,-0.0144385398,
970098296,0.04818487069,-0.01450274394,
970298316,0.04860184045,-0.01423015938,
970498336,0.04804425762,-0.01440539376,
970698356,0.04824415175,-0.01394425962,
970898375,0.04815327901,-0.01452334632,
971098395,0.04802770976,-0.01428666422,
971298415,0.04841621313,-0.01391695751,
971498435,0.04886825391,-0.01433005177,
971698454,0.04877802214,-0.01408854845,
971898474,0.04899929379,-0.01373457951,
972098494,0.04920181119,-0.01345071774,
972298514,0.04925596837,-0.01433314804,
972498533,0.0494087386,-0.01382333563,
972698553,0.04976884068,-0.01382665665,
972898573,0.05039304168,-0.01398078907,
973098593,0.05048871587,-0.01414089895,
973298612,0.05119031354,-0.01430501377,
973498632,0.05112331875,-0.0145327881,
973698652,0.0516104443,-0.0148078343,
973898672,0.05240084075,-0.01526555298,
974098691,0.05271296885,-0.01586842126,
974298711,0.05270271608,-0.01607107905,
974498731,0.05305811961,-0.01654779606,
974698751,0.05315812945,-0.01708913442,
974898770,0.05316981249,-0.01747185078,
975098790,0.05329331035,-0.01869510693,
975298810,0.05288477044,-0.01946916855,
975498830,0.0529123894,-0.02022855006,
975698849,0.05265087641,-0.02061787223,
975898869,0.05237775801,-0.02106850637,
976098889,0.0523741014,-0.02159200597,
976298909,0.05194719729,-0.02209676687,
976498928,0.05113655569,-0.02264667559,
976698948,0.05059916425,-0.0236259286,
976898968,0.05040804549,-0.02422953211,
977098988,0.04982408111,-0.0243189407,
977299007,0.04894377883,-0.02507371985,
977499027,0.0478233482,-0.02540284919,
977699047,0.04717082656,-0.02568870499,
977899067,0.04680443788,-0.02576589594,
978099086,0.04561438772,-0.02535512672,
978299106,0.04477443439,-0.02567956827,
978499126,0.0439320672,-0.02432499252,
978699146,0.04387149505,-0.02502155385,
978899165,0.04317007391,-0.02430115188,
979099185,0.04230277542,-0.02425441277,
979299205,0.04202478786,-0.02376830789,
979499225,0.04190255283,-0.02309016244,
979699244,0.04154032988,-0.02269738539,
979899264,0.04157104423,-0.02228155692,
980099284,0.04135999123,-0.02147097084,
980299304,0.04114733738,-0.02132568824,
980499323,0.04116576898,-0.02102951791,
980699343,0.04097519704,-0.0204604029,
980899363,0.04107892123,-0.02037592047,
981099383,0.04147692585,-0.02015308826,
981299402,0.04118262953,-0.01975720144,
981499422,0.0413833197,-0.0192631805,
981699442,0.04147284148,-0.01975287149,
981899462,0.0416486617,-0.01971215046,
982099481,0.04192785479,-0.01908589228,
982299501,0.0420688631,-0.01918285315,
982499521,0.04187113763,-0.01910737644,
982699541,0.04168051114,-0.01887451936,
982899560,0.04139321201,-0.01914315283,
983099580,0.0419789761,-0.01866235198,
983299600,0.04173358613,-0.01854830593,
983499620,0.0417741147,-0.01821822672,
983699639,0.04174338795,-0.01839169489,
983899659,0.04217810259,-0.01803605773,
984099679,0.04213667613,-0.01837406915,
984299699,0.04251246569,-0.01776547025,
984499718,0.04255144191,-0.01788211665,
984699738,0.04237371846,-0.01810727023,
984899758,0.0428390736,-0.01814510091,
985099778,0.04351447089,-0.01774521898,
985299797,0.04307908905,-0.01801952039,
985499817,0.04307783732,-0.01840958186,
985699837,0.04341546416,-0.01879934583,
985899857,0.0438713538,-0.01892897589,
986099876,0.04398509161,-0.0188943749,
986299896,0.04380258329,-0.01979570478,
986499916,0.04378165642,-0.01927644054,
986699936,0.04380672147,-0.01952694988,
986899956,0.04392534389,-0.02032884347,
987099975,0.04337974604,-0.02043150165,
987299995,0.04322027389,-0.02029257411,
987500015,0.04321223729,-0.0203508815,
987700035,0.04222925697,-0.02038001099,
987900054,0.04203629367,-0.02024602988,
988100074,0.0422587694,-0.0205637529,
988300094,0.04208940042,-0.02001245293,
988500114,0.041968577,-0.02035715468,
988700133,0.04162044234,-0.01984462154,
988900153,0.04184942568,-0.02008773167,
989100173,0.04159818764,-0.0200052144,
989300193,0.04207092934,-0.0202301933,
989500212,0.04210052064,-0.01928522267,
989700232,0.04180354697,-0.01981366948,
989900252,0.04228001112,-0.02022050987,
990100272,0.04240369497,-0.01950554857,
990300291,0.04270252149,-0.01970384586,
990500311,0.04290068594,-0.01996300293,
990700331,0.04323457627,-0.02055724786,
990900351,0.04309442362,-0.02082185938,
991100370,0.04339667455,-0.02111140201,
991300390,0.04346217661,-0.02107373323,
991500410,0.04350952679,-0.02168548811,
991700430,0.04392992823,-0.02200820335,
991900449,0.04382039249,-0.02220244495,
992100469,0.04334734342,-0.02290081767,
992300489,0.04374563546,-0.0240409244,
992500509,0.04334680564,-0.02379586585,
992700528,0.04307170993,-0.02440396785,
992900548,0.04270656707,-0.02547089603,
993100568,0.04236287019,-0.02601577465,
993300588,0.04203868176,-0.02638638612,
993500607,0.04183940071,-0.02632471916,
993700627,0.04142477853,-0.02710866863,
993900647,0.04068717657,-0.02706249705,
994100667,0.04008868351,-0.02785785753,
994300686,0.03977105748,-0.02848506395,
994500706,0.03855953483,-0.02874701745,
994700726,0.03783195494,-0.02877535341,
994900746,0.03699082979,-0.02943544552,
995100765,0.03652669238,-0.02945089377,
995300785,0.03542130744,-0.02939791692,
995500805,0.03427830961,-0.02960567919,
995700825,0.03370208451,-0.02881478075,
995900844,0.03256472886,-0.02873689077,
996100864,0.03196275421,-0.02809542658,
996300884,0.03118697905,-0.02713702547,
996500904,0.03096618066,-0.02677445214,
996700923,0.03009962212,-0.02617638695,
996900943,0.0293681978,-0.02565909442,
997100963,0.02925563881,-0.02476263555,
997300983,0.02914333887,-0.02421636687,
997501002,0.02867141291,-0.02332135362,
997701022,0.02902740212,-0.0223109668,
997901042,0.02905776199,-0.02148098843,
998101062,0.02914263845,-0.02048889312,
998301081,0.02920454655,-0.02024146114,
998501101,0.02994949004,-0.01953634781,
998701121,0.0307362425,-0.01921742467,
998901141,0.03083004501,-0.01860342021,
999101160,0.03195352746,-0.01818024113,
999301180,0.03218191106,-0.01842417936,
999501200,0.03327056212,-0.01838488873,
999701220,0.03338613214,-0.01916896469,
999901239,0.0340646829,-0.01938959863,
1000101259,0.03476729925,-0.02023634959,
1000301279,0.03477970206,-0.02063417373,
1000501299,0.0352910653,-0.0213204784,
1000701318,0.03479090764,-0.02186103128,
1000901338,0.03494512376,-0.02275389458,
1001101358,0.03472191933,-0.02331857833,
1001301378,0.03484768085,-0.02415790587,
1001501397,0.03436779639,-0.02534003799,
1001701417,0.03387473838,-0.02626991645,
1001901437,0.03326070037,-0.02614495666,
1002101457,0.03238336422,-0.02699304058,
1002301476,0.0316571815,-0.02778666629,
1002501496,0.03082153075,-0.02843236197,
1002701516,0.02996893853,-0.02853316725,
1002901536,0.02891994172,-0.02894996379,
1003101555,0.02785821868,-0.02913607276,
1003301575,0.0266139295,-0.02932027147,
1003501595,0.02555094664,-0.02923791433,
1003701615,0.02495124483,-0.02923216236,
1003901634,0.02388563422,-0.02921922586,
1004101654,0.02275334097,-0.02914483582,
1004301674,0.02183423404,-0.02822554435,
1004501694,0.02111724647,-0.02802034308,
1004701713,0.01979520489,-0.02769698137,
1004901733,0.01901435068,-0.02694071408,
1005101753,0.01832335029,-0.02591042378,
1005301773,0.01752487656,-0.02567128333,
1005501792,0.0168657147,-0.02524606786,
1005701812,0.01582812666,-0.02444084226,
1005901832,0.01565056608,-0.02336907106,
1006101852,0.01486731422,-0.02254582206,
1006301871,0.01490050981,-0.02196975428,
1006501891,0.01448644798,-0.02060436077,
1006701911,0.01358164733,-0.02047953897,
1006901931,0.01342863676,-0.01907831879,
1007101950,0.01318610001,-0.01883285115,
1007301970,0.01316314545,-0.01817544601,
1007501990,0.01297535913,-0.01740866254,
1007702010,0.01278933383,-0.01637330254,
1007902029,0.01267055247,-0.01582010821,
1008102049,0.0123284305,-0.01522654428,
1008302069,0.0122746336,-0.0150900516,
1008502089,0.01161972012,-0.01434050289,
1008702108,0.01200281243,-0.013521994,
1008902128,0.01129526328,-0.01351859197,
1009102148,0.01164504568,-0.01279083662,
1009302168,0.01119557587,-0.0119425284,
1009502187,0.01089249837,-0.01136303282,
1009702207,0.0109327452,-0.01083518449,
1009902227,0.01070641443,-0.01028281864,
1010102247,0.01019993549,-0.009395677181,
1010302266,0.01000931493,-0.008728928817,
1010502286,0.01020763302,-0.008409631719,
1010702306,0.01001114093,-0.007631303729,
1010902326,0.009766258405,-0.006844290836,
1011102345,0.009999607013,-0.005963183492,
1011302365,0.009635019763,-0.005279573703,
1011502385,0.009705551675,-0.004770513543,
1011702405,0.009722386489,-0.003920906689,
1011902424,0.009942701394,-0.003588186214,
1012102444,0.01027952935,-0.002427991261,
1012302464,0.01005083668,-0.002228496521,
1012502484,0.01052445026,-0.001248057447,
1012702503,0.0103929336,-0.000697395143,
1012902523,0.01041859037,-0.0001971157468,
1013102543,0.01047825172,0.0001096504564,
1013302563,0.01093359366,0.0008117046676,
1013502582,0.01079978356,0.001428521337,
1013702602,0.01101610676,0.001928411234,
1013902622,0.01128609369,0.002429323138,
1014102642,0.01119806704,0.002601971362,
1014302662,0.01167585362,0.003383770665,
1014502681,0.01190370246,0.003451685024,
1014702701,0.01160836911,0.00381732058,
1014902721,0.01189804424,0.004260596216,
1015102741,0.01183140837,0.00493347752,
1015302760,0.01179113704,0.005111456628,
1015502780,0.01182248026,0.005923194761,
1015702800,0.01143397039,0.006733445313,
1015902820,0.01174723196,0.007319821123,
1016102839,0.01150317092,0.007361935595,
1016302859,0.01178157835,0.008553076902,
1016502879,0.01153071894,0.009106052283,
1016702899,0.01154315568,0.009721757104,
1016902918,0.01158697625,0.01022490098,
1017102938,0.01184950265,0.01162685091,
1017302958,0.01191131053,0.01202999794,
1017502978,0.01206306657,0.01323372857,
1017702997,0.01273711311,0.01356026627,
1017903017,0.01286454627,0.01394950264,
1018103037,0.01290270018,0.01501878865,
1018303057,0.01304651234,0.01585928088,
1018503076,0.01327888736,0.01649838204,
1018703096,0.01402175877,0.01700333618,
1018903116,0.01446246937,0.01782541506,
1019103136,0.0149561745,0.01913928908,
1019303155,0.01525037612,0.0199391622,
1019503175,0.01615035609,0.02034265344,
1019703195,0.01638562194,0.02163798986,
1019903215,0.01696890867,0.02162851771,
1020103234,0.01795268939,0.02249538846,
1020303254,0.01872048552,0.02296164899,
1020503274,0.01921992421,0.02359286621,
1020703294,0.01988646407,0.02459886487,
1020903313,0.02082970642,0.02435806052,
1021103333,0.02158152291,0.02550497573,
1021303353,0.02290171726,0.02526057299,
1021503373,0.02344219265,0.026319661,
1021703392,0.02414683154,0.02654307207,
1021903412,0.02540329968,0.02677399761,
1022103432,0.02637422261,0.02693696173,
1022303452,0.02734563045,0.02720169956,
1022503471,0.02810092124,0.02753202885,
1022703491,0.02870285451,0.02747304427,
1022903511,0.02972098486,0.02738175353,
1023103531,0.03083610055,0.02809873276,
1023303550,0.03153376647,0.02774441354,
1023503570,0.03254657225,0.02769985249,
1023703590,0.03302834138,0.02742922522,
1023903610,0.0340032975,0.02764689609,
1024103629,0.03500535299,0.02686702016,
1024303649,0.03575310259,0.02676574482,
1024503669,0.03699097569,0.02680372475,
1024703689,0.03740997157,0.02588844941,
1024903708,0.03768844096,0.02590340308,
1025103728,0.03877717158,0.02529713735,
1025303748,0.03947513461,0.02529491493,
1025503768,0.03976434873,0.02439371197,
1025703787,0.04047651567,0.02458554501,
1025903807,0.0407109087,0.02414646607,
1026103827,0.04134802884,0.02360089148,
1026303847,0.04144379057,0.02338308441,
1026503866,0.04177479111,0.02297175582,
1026703886,0.04218366772,0.02251345206,
1026903906,0.04269676221,0.02171902812,
1027103926,0.0425679409,0.02158544977,
1027303945,0.04301070388,0.02160952198,
1027503965,0.04315301513,0.0213322443,
1027703985,0.04335532363,0.02021341319,
1027904005,0.04357559717,0.02027588212,
1028104024,0.04340370788,0.02021458115,
1028304044,0.04367113836,0.01990813992,
1028504064,0.04425298239,0.01974183744,
1028704084,0.04416848064,0.02012097078,
1028904103,0.04416937549,0.01989899064,
1029104123,0.04466965522,0.01873296882,
1029304143,0.04480455364,0.01900473217,
1029504163,0.04543059088,0.01920313615,
1029704182,0.04597383865,0.0187003935,
1029904202,0.04608463196,0.01872113994,
1030104222,0.04613429638,0.01839248713,
1030304242,0.04629701389,0.01799306809,
1030504261,0.0465893854,0.01764414421,
1030704281,0.04725493087,0.01686633769,
1030904301,0.04727126821,0.01699122149,
1031104321,0.04767184998,0.01630035039,
1031304340,0.04791759832,0.01626462992,
1031504360,0.04821421421,0.01564946873,
1031704380,0.04843434353,0.01503467665,
1031904400,0.04819620382,0.0147266733,
1032104419,0.04822162996,0.01391494758,
1032304439,0.04845909086,0.0135673792,
1032504459,0.04850239445,0.01303069175,
1032704479,0.04831196144,0.01198824944,
1032904498,0.04773261762,0.01138071758,
1033104518,0.04743190013,0.0111092112,
1033304538,0.04711143428,0.0107349014,
1033504558,0.04694172645,0.01000328681,
1033704577,0.04625508576,0.009327636579,
1033904597,0.04608642944,0.009431373027,
1034104617,0.04528489369,0.009170858424,
1034304637,0.04463347655,0.008313319084,
1034504656,0.04430242461,0.00899188015,
1034704676,0.04368592625,0.008558933153,
1034904696,0.04271614773,0.00844140184,
1035104716,0.0422548085,0.008912507566,
1035304735,0.0416499652,0.008943027068,
1035504755,0.0406625533,0.009011979614,
1035704775,0.040638464,0.009124113639,
1035904795,0.03996126845,0.009636019851,
1036104814,0.03912038218,0.009499587053,
1036304834,0.03867514615,0.01018728793,
1036504854,0.03825609337,0.01113038449,
1036704874,0.03784196579,0.01150046253,
1036904893,0.03727479484,0.01185214036,
1037104913,0.03671709624,0.01244419351,
1037304933,0.03681823333,0.0131274131,
1037504953,0.03636306845,0.0139933642,
1037704972,0.03582706789,0.01415880421,
1037904992,0.03586140504,0.01480327971,
1038105012,0.03508920439,0.01592472348,
1038305032,0.03540289639,0.01658925674,
1038505051,0.03546260207,0.01733335764,
1038705071,0.0351438099,0.01760268639,
1038905091,0.03488438677,0.01894025151,
1039105111,0.0348556174,0.02023666641,
1039305130,0.03522298739,0.02065948929,
1039505150,0.03549854216,0.02251026912,
1039705170,0.03561845785,0.02289851535,
1039905190,0.03615675835,0.02337672771,
1040105209,0.03688514319,0.02402987022,
1040305229,0.037582095,0.02467099032,
1040505249,0.03772760041,0.02545236798,
1040705269,0.03835913691,0.02654153373,
1040905289,0.03877621061,0.02724183252,
1041105308,0.03957933631,0.02814767439,
1041305328,0.04017713533,0.02878014717,
1041505348,0.0411278795,0.02916097353,
1041705368,0.04187276268,0.02946659333,
1041905387,0.04321131139,0.03029034175,
1042105407,0.04420114705,0.03033552513,
1042305427,0.04494247186,0.03069678849,
1042505447,0.0460143224,0.03024517706,
1042705466,0.04703598038,0.03039261821,
1042905486,0.04756724076,0.03106869248,
1043105506,0.04801834307,0.03041882522,
1043305526,0.04945750178,0.03066203082,
1043505545,0.04975792348,0.03051281616,
1043705565,0.05076733739,0.03027426486,
1043905585,0.05109598198,0.02957486993,
1044105605,0.05173686545,0.02972625395,
1044305624,0.05226718535,0.02962080319,
1044505644,0.05208972295,0.02932279145,
1044705664,0.05276669641,0.02926377686,
1044905684,0.05309456083,0.02892256509,
1045105703,0.0535454815,0.0289821611,
1045305723,0.053555055,0.02846398755,
1045505743,0.053820909,0.02851778327,
1045705763,0.05408610201,0.02874037311,
1045905782,0.05413754426,0.02845774106,
1046105802,0.05420270415,0.02891301248,
1046305822,0.05471961883,0.0282896412,
1046505842,0.05468184882,0.02898296474,
1046705861,0.05549208818,0.02913149308,
1046905881,0.05591396701,0.02931328151,
1047105901,0.05621750863,0.0295666915,
1047305921,0.0565973423,0.02979723525,
1047505940,0.05693024177,0.03031800877,
1047705960,0.05742072076,0.02988871691,
1047905980,0.05810485399,0.03027609134,
1048106000,0.05876693587,0.02984552697,
1048306019,0.0590626177,0.03045592312,
1048506039,0.06016489537,0.03053477508,
1048706059,0.06069718478,0.03001510337,
1048906079,0.06142438648,0.03070658493,
1049106098,0.06174778554,0.02972254741,
1049306118,0.06258140699,0.02993079249,
1049506138,0.06345079633,0.02953281686,
1049706158,0.06420306783,0.0298611438,
1049906177,0.06426202283,0.02953927853,
1050106197,0.06505442413,0.02902084751,
1050306217,0.06534868923,0.02842747396,
1050506237,0.06561581731,0.02790976436,
1050706256,0.0662219152,0.02788127499,
1050906276,0.06658949758,0.02718178535,
1051106296,0.06703121206,0.02689482128,
1051306316,0.06717997757,0.02695777747,
1051506335,0.06737485431,0.02636944733,
1051706355,0.06760519067,0.02588872058,
1051906375,0.0674858077,0.02541611156,
1052106395,0.06746033844,0.02532237894,
1052306414,0.06796890633,0.02471332088,
1052506434,0.06821509881,0.02484521846,
1052706454,0.06805945325,0.02429025259,
1052906474,0.06767274542,0.0248334019,
1053106493,0.06766630726,0.02468285536,
1053306513,0.06765870025,0.024609717,
1053506533,0.06788651673,0.02465502749,
1053706553,0.06768366314,0.02463795618,
1053906572,0.06806140439,0.02504380405,
1054106592,0.06782551761,0.02533106042,
1054306612,0.0684840007,0.02559309658,
1054506632,0.0688018017,0.02529376568,
1054706651,0.06894326448,0.02601062204,
1054906671,0.06928329612,0.02622327527,
1055106691,0.06946247644,0.02632510285,
1055306711,0.07031096019,0.02666207811,
1055506730,0.07083013167,0.02678658365,
1055706750,0.07135513426,0.02721493967,
1055906770,0.0722632361,0.02688248037,
1056106790,0.07288665474,0.0275737853,
1056306809,0.07333670412,0.02754505023,
1056506829,0.07399751676,0.02781705649,
1056706849,0.07481639993,0.02773493297,
1056906869,0.07571155166,0.02802938208,
1057106888,0.07695190932,0.02760918224,
1057306908,0.07776340264,0.0271834795,
1057506928,0.07846227725,0.02648914947,
1057706948,0.07917399739,0.02739364475,
1057906967,0.07954768864,0.02649583454,
1058106987,0.08060690511,0.02623752159,
1058307007,0.08116993662,0.02523639072,
1058507027,0.08165755151,0.02473192057,
1058707046,0.08234567773,0.02441694158,
1058907066,0.082916915,0.02333479046,
1059107086,0.08388173239,0.02284147836,
1059307106,0.08409046676,0.0218338569,
1059507125,0.08462959224,0.02154468116,
1059707145,0.0849489186,0.02088517605,
1059907165,0.08521535077,0.02015288157,
1060107185,0.08546850482,0.01916228098,
1060307204,0.08562087568,0.01918223802,
1060507224,0.08552821818,0.01829301793,
1060707244,0.08573137264,0.01767161356,
1060907264,0.08570047035,0.01738086472,
1061107283,0.08579029983,0.01621318155,
1061307303,0.08549422849,0.01566020333,
1061507323,0.08532369767,0.01531180637,
1061707343,0.08502819473,0.0148981434,
1061907362,0.08555641804,0.01445772581,
1062107382,0.08520210944,0.01444117728,
1062307402,0.08453875722,0.01431908717,
1062507422,0.08502895771,0.01414907469,
1062707441,0.08455820116,0.01432476953,
1062907461,0.08422761542,0.01350136358,
1063107481,0.08463058168,0.01400208875,
1063307501,0.08422282299,0.01356422059,
1063507520,0.08455106258,0.01380770917,
1063707540,0.08420016077,0.01403732326,
1063907560,0.08426865724,0.01398477294,
1064107580,0.08440432632,0.01433855967,
1064307599,0.08411109216,0.01475116352,
1064507619,0.08473554404,0.01539343793,
1064707639,0.08506068735,0.01538765277,
1064907659,0.0850444996,0.01556874766,
1065107678,0.08576604091,0.0164274965,
1065307698,0.08602281561,0.01651054499,
1065507718,0.08687629817,0.01679807656,
1065707738,0.08719315409,0.01708937287,
1065907757,0.08796627146,0.01777525177,
1066107777,0.08857586516,0.01793647789,
1066307797,0.08967709996,0.0177252154,
1066507817,0.09048621674,0.01862348962,
1066707836,0.09168404116,0.01848038271,
1066907856,0.09252388504,0.01854120835,
1067107876,0.09370468508,0.01884767892,
1067307896,0.09510210075,0.01901517922,
1067507916,0.09624186085,0.01817273358,
1067707935,0.09710998539,0.0178628637,
1067907955,0.09884550741,0.01743630398,
1068107975,0.1002246795,0.01717513996,
1068307995,0.1018915533,0.0167607926,
1068508014,0.1032844035,0.01659288572,
1068708034,0.1041911299,0.01534413036,
1068908054,0.1055036738,0.0135394118,
1069108074,0.1064730711,0.01302979262,
1069308093,0.1077297548,0.01164365967,
1069508113,0.1093764239,0.01066932382,
1069708133,0.1106357505,0.009107830641,
1069908153,0.1116203339,0.007462222557,
1070108172,0.1123076379,0.006235076341,
1070308192,0.1126703887,0.004711174167,
1070508212,0.1131967967,0.003434013474,
1070708232,0.1139331064,0.001318305561,
1070908251,0.1146853619,0.0001500357636,
1071108271,0.1145008359,-0.002213645273,
1071308291,0.1151569352,-0.003533871156,
1071508311,0.1147279082,-0.005097484775,
1071708330,0.1156300667,-0.007393960371,
1071908350,0.1150016696,-0.008423243915,
1072108370,0.1150605631,-0.01038894893,
1072308390,0.1148308518,-0.01182674868,
1072508409,0.1141131995,-0.01355841624,
1072708429,0.1133380748,-0.01516208007,
1072908449,0.1136330603,-0.01698801924,
1073108469,0.1129443914,-0.01795153575,
1073308488,0.1125999484,-0.01911536754,
1073508508,0.1114716259,-0.02036427709,
1073708528,0.1108499215,-0.0217493247,
1073908548,0.1102675395,-0.02247969303,
1074108567,0.1095078172,-0.02290607734,
1074308587,0.109093365,-0.02451133542,
1074508607,0.1085005753,-0.02568500985,
1074708627,0.1077100538,-0.02641566911,
1074908646,0.1072352496,-0.02776305754,
1075108666,0.1061887296,-0.02814135668,
1075308686,0.1055970913,-0.02893295447,
1075508706,0.1060284298,-0.03001255736,
1075708725,0.1046949042,-0.03059314815,
1075908745,0.1038078524,-0.03157902286,
1076108765,0.1032470931,-0.03240716032,
1076308785,0.1027531548,-0.03317330219,
1076508804,0.1024688226,-0.03389845309,
1076708824,0.1013865064,-0.03539412568,
1076908844,0.1009432202,-0.03573897525,
1077108864,0.1005039457,-0.03719795547,
1077308883,0.09964445319,-0.03785746622,
1077508903,0.0990984738,-0.03855135176,
1077708923,0.09809024018,-0.03947812406,
1077908943,0.09722003993,-0.04007113066,
1078108962,0.09620234495,-0.04143886759,
1078308982,0.09515639702,-0.04198002365,
1078509002,0.094699795,-0.04215585174,
1078709022,0.09365328923,-0.04319919189,
1078909041,0.09235715736,-0.04445928761,
1079109061,0.09104907171,-0.04513519207,
1079309081,0.09030674086,-0.04576828275,
1079509101,0.08880624344,-0.04617017714,
1079709120,0.08773699137,-0.04661360258,
1079909140,0.08588401409,-0.04748866693,
1080109160,0.08480248759,-0.0477777849,
1080309180,0.083711545,-0.04863408404,
1080509199,0.08213973216,-0.04850240592,
1080709219,0.08143426008,-0.04860178038,
1080909239,0.07959804728,-0.04889678947,
1081109259,0.07829835623,-0.04926066978,
1081309278,0.07740498559,-0.04901847329,
1081509298,0.07505818672,-0.04877356437,
1081709318,0.07432673269,-0.04816598175,
1081909338,0.07304865758,-0.04774021205,
1082109357,0.07176068273,-0.04785418092,
1082309377,0.07071752576,-0.04719909694,
1082509397,0.06930749665,-0.04721689311,
1082709417,0.06796915489,-0.04637651789,
1082909436,0.06735235806,-0.0463347814,
1083109456,0.06626018038,-0.04537055424,
1083309476,0.06533401074,-0.04541051296,
1083509496,0.06437586553,-0.04449672208,
1083709515,0.06393505761,-0.04349856485,
1083909535,0.06279144149,-0.0431999383,
1084109555,0.06203561175,-0.04288885324,
1084309575,0.06145532531,-0.0416570124,
1084509594,0.06047763041,-0.04174017418,
1084709614,0.0597014061,-0.04111075898,
1084909634,0.05936732837,-0.04001455473,
1085109654,0.05858089809,-0.0395582199,
1085309673,0.05798167872,-0.03908676513,
1085509693,0.05824945652,-0.03849194809,
1085709713,0.05775650041,-0.03806163683,
1085909733,0.05660352131,-0.03700202826,
1086109752,0.05658353052,-0.03693612316,
1086309772,0.05629930862,-0.03576437902,
1086509792,0.05580705429,-0.03549166316,
1086709812,0.05559299701,-0.0347377904,
1086909831,0.05510548404,-0.03399760734,
1087109851,0.05468011326,-0.03334729742,
1087309871,0.0548977434,-0.03262987614,
1087509891,0.0542255554,-0.03248351515,
1087709910,0.05409203922,-0.03204148643,
1087909930,0.0535661649,-0.03209652473,
1088109950,0.05329161205,-0.03117420995,
1088309970,0.05272932107,-0.03055082285,
1088509989,0.05272019685,-0.03009077852,
1088710009,0.05226862287,-0.02945409535,
1088910029,0.05212178557,-0.02889874961,
1089110049,0.05140009615,-0.02873372409,
1089310068,0.05127679947,-0.02843109694,
1089510088,0.05079398553,-0.02761128202,
1089710108,0.05027525169,-0.02650860585,
1089910128,0.05036436759,-0.02598829591,
1090110147,0.0494251121,-0.0246850263,
1090310167,0.04901479688,-0.02400367302,
1090510187,0.04890796478,-0.02298107624,
1090710207,0.04828752608,-0.02211437767,
1090910226,0.04815194951,-0.02137147262,
1091110246,0.04784105036,-0.02087179334,
1091310266,0.04782738559,-0.01929798011,
1091510286,0.04763290413,-0.01788766439,
1091710305,0.04761619842,-0.01754893651,
1091910325,0.04778005144,-0.0157815799,
1092110345,0.0479762485,-0.01424262526,
1092310365,0.04765918268,-0.0127022703,
1092510384,0.04833594407,-0.01192690583,
1092710404,0.04846600503,-0.01057170141,
1092910424,0.04872694939,-0.00962343744,
1093110444,0.04956421669,-0.007862162624,
1093310463,0.05029470129,-0.00675696119,
1093510483,0.05131013611,-0.005886692181,
1093710503,0.05202432382,-0.004670396699,
1093910523,0.05343918896,-0.003710228921,
1094110543,0.05424204893,-0.002191377611,
1094310562,0.05551966816,-0.001554553323,
1094510582,0.05693241874,-0.001171905254,
1094710602,0.05786695618,-0.0004568264496,
1094910622,0.0595631982,0.0002100755976,
1095110641,0.06068778105,0.001238061202,
1095310661,0.06217101991,0.001733705446,
1095510681,0.06362992188,0.001652734185,
1095710701,0.06531515598,0.001681973778,
1095910720,0.06672987662,0.001771675974,
1096110740,0.06855936342,0.001189609215,
1096310760,0.07007914444,0.00102613409,
1096510780,0.07116160472,0.001201217942,
1096710799,0.07238430229,0.001133671162,
1096910819,0.07385140267,1.105883917e-05,
1097110839,0.07522588452,-0.0004927899527,
1097310859,0.07602539878,-0.0009425224328,
1097510878,0.07744207937,-0.001823283267,
1097710898,0.07862053172,-0.002632105022,
1097910918,0.0789809534,-0.003596674017,
1098110938,0.08046286204,-0.004031583662,
1098310957,0.08121222223,-0.005404426877,
1098510977,0.08165539712,-0.00677454388,
1098710997,0.08232406191,-0.007026130436,
1098911017,0.08247009343,-0.008248868058,
1099111036,0.0831841478,-0.009053130584,
1099311056,0.08377392683,-0.01024706045,
1099511076,0.08420425765,-0.0114198466,
1099711096,0.0839718937,-0.01265948019,
1099911115,0.08395823826,-0.0136652726,
1100111135,0.08472424665,-0.01458513473,
1100311155,0.08488648903,-0.01554769657,
1100511175,0.08408270511,-0.01681391215,
1100711194,0.08438974393,-0.01697787038,
1100911214,0.08360544496,-0.01836672704,
1101111234,0.08364400184,-0.01826886125,
1101311254,0.08325533894,-0.01920211218,
1101511273,0.08272218819,-0.0198800454,
1101711293,0.08310827863,-0.02059242426,
1101911313,0.08274640258,-0.02064837764,
1102111333,0.08200696318,-0.02110502943,
1102311352,0.08186835002,-0.02171146073,
1102511372,0.08131024168,-0.02174792455,
1102711392,0.08144725817,-0.02178272935,
1102911412,0.08181370392,-0.02194776253,
1103111431,0.08127505082,-0.02211938063,
1103311451,0.08121803628,-0.02180352076,
1103511471,0.08155837525,-0.02206103597,
1103711491,0.08145998781,-0.02199203594,
1103911510,0.08146765388,-0.02217970299,
1104111530,0.08215744404,-0.02232030599,
1104311550,0.08193327834,-0.02224297302,
1104511570,0.08263053906,-0.02272922408,
1104711589,0.08327462505,-0.02270230132,
1104911609,0.08382543557,-0.0227541109,
1105111629,0.08415397696,-0.02302360173,
1105311649,0.08482092992,-0.02363015409,
1105511668,0.08539828476,-0.02436081387,
1105711688,0.08603776758,-0.02483821975,
1105911708,0.08717615777,-0.02570210309,
1106111728,0.08702579281,-0.02615261953,
1106311747,0.08790934675,-0.02700085966,
1106511767,0.08874926442,-0.02825541246,
1106711787,0.08918469505,-0.02921247548,
1106911807,0.0889717828,-0.03004454285,
1107111826,0.08951657214,-0.0316960936,
1107311846,0.09004378733,-0.03260550076,
1107511866,0.09013825669,-0.0342454659,
1107711886,0.08960199908,-0.03611293729,
1107911905,0.08945943687,-0.03750120765,
1108111925,0.08982810085,-0.03911095595,
1108311945,0.08959621267,-0.04055405271,
1108511965,0.08897350281,-0.04197158938,
1108711984,0.08807129736,-0.04370655956,
1108912004,0.08742170038,-0.0448770735,
1109112024,0.08624384848,-0.04712703854,
1109312044,0.08579554008,-0.0482339486,
1109512063,0.08453398272,-0.04966645191,
1109712083,0.08311231045,-0.0511297603,
1109912103,0.08163166064,-0.05217147423,
1110112123,0.08037821133,-0.0530851501,
1110312142,0.07911770825,-0.05439187988,
1110512162,0.07685581071,-0.05476073974,
1110712182,0.07558034129,-0.05546848463,
1110912202,0.07430875995,-0.05636749899,
1111112221,0.07209129752,-0.0571315552,
1111312241,0.0707970111,-0.05801648602,
1111512261,0.06849655989,-0.05695313454,
1111712281,0.06706518244,-0.05750756897,
1111912300,0.06515345252,-0.05789212871,
1112112320,0.06333638155,-0.05755810065,
1112312340,0.06176218441,-0.05765097919,
1112512360,0.06002185971,-0.05714273915,
1112712379,0.05878258287,-0.05693680391,
1112912399,0.05758468652,-0.05576065318,
1113112419,0.05593824373,-0.05482093474,
1113312439,0.05451152023,-0.05466388019,
1113512458,0.05333849875,-0.05378350658,
1113712478,0.0530584844,-0.05285779621,
1113912498,0.05134341805,-0.05173075623,
1114112518,0.05081354882,-0.05082789551,
1114312537,0.05000174578,-0.04970622836,
1114512557,0.04927642045,-0.04912582445,
1114712577,0.04866837086,-0.04823741754,
1114912597,0.04851169905,-0.04727574977,
1115112616,0.04777827356,-0.04682238711,
1115312636,0.04762468632,-0.04548829456,
1115512656,0.04701646825,-0.04528830611,
1115712676,0.04632339909,-0.04465476041,
1115912695,0.04666365025,-0.04411361166,
1116112715,0.04601392587,-0.04274104917,
1116312735,0.04547811926,-0.04274695293,
1116512755,0.04551700843,-0.04263335051,
1116712774,0.04530772101,-0.04162538491,
1116912794,0.0450405943,-0.04097362704,
1117112814,0.04516970393,-0.04089622996,
1117312834,0.0445183077,-0.04036043088,
1117512853,0.04384727764,-0.04050418838,
1117712873,0.043851765,-0.04015722784,
1117912893,0.0432378079,-0.03968852872,
1118112913,0.04268975968,-0.03962012028,
1118312932,0.04230800213,-0.03889015806,
1118512952,0.04136612921,-0.03865946141,
1118712972,0.04121827878,-0.0378052973,
1118912992,0.0401312677,-0.03748199961,
1119113011,0.03961306741,-0.03657889828,
1119313031,0.03911511963,-0.03634089522,
1119513051,0.03798731088,-0.03564013047,
1119713071,0.03731838741,-0.03474960816,
1119913090,0.0370016746,-0.03393718782,
1120113110,0.03633824735,-0.03323093562,
1120313130,0.03566097588,-0.03198995248,
1120513150,0.03511323725,-0.0308392261,
1120713170,0.03499118332,-0.02974370843,
1120913189,0.03453236045,-0.02882193003,
1121113209,0.03416437173,-0.02759911299,
1121313229,0.03354724885,-0.02609338453,
1121513249,0.03339915957,-0.02465367643,
1121713268,0.03334642764,-0.02299700144,
1121913288,0.03316988946,-0.02206674603,
1122113308,0.03278947151,-0.02060836988,
1122313328,0.03322643362,-0.01908951117,
1122513347,0.03346573701,-0.01782266193,
1122713367,0.03392835849,-0.01643943722,
1122913387,0.03420614646,-0.01422051482,
1123113407,0.03470734983,-0.01362111061,
1123313426,0.03508635281,-0.01214411975,
1123513446,0.03614167613,-0.01128367658,
1123713466,0.03693133007,-0.009380700541,
1123913486,0.03770708863,-0.009039663073,
1124113505,0.03840415838,-0.0073308733,
1124313525,0.03942112098,-0.006638627267,
1124513545,0.04055798149,-0.005470772908,
1124713565,0.04127515678,-0.005446825548,
1124913584,0.04257651269,-0.003943713647,
1125113604,0.04375341607,-0.003632900316,
1125313624,0.04503612772,-0.002684575304,
1125513644,0.04595246867,-0.002309980424,
1125713663,0.04716452401,-0.001982567401,
1125913683,0.04840569887,-0.00167601278,
1126113703,0.04905250541,-0.0009961688417,
1126313723,0.0505914038,-0.0009537275953,
1126513742,0.05154833884,-0.000937848896,
1126713762,0.05249847068,-0.001151582539,
1126913782,0.05379824435,-0.0009786472868,
1127113802,0.05484039813,-0.001010723754,
1127313821,0.05604416251,-0.0009861053585,
1127513841,0.05693584561,-0.001181664775,
1127713861,0.0580682067,-0.002403586701,
1127913881,0.05872722183,-0.002144642876,
1128113900,0.06010962938,-0.002376789201,
1128313920,0.06063253521,-0.003289257819,
1128513940,0.06131723814,-0.003466001342,
1128713960,0.06188929192,-0.003746988578,
1128913979,0.06250057803,-0.004205183974,
1129113999,0.06334423996,-0.004975041043,
1129314019,0.06339943779,-0.005507395565,
1129514039,0.06430980553,-0.006156839303,
1129714058,0.06463342145,-0.006666350613,
1129914078,0.0644898639,-0.007277961553,
1130114098,0.06514151228,-0.007671887518,
1130314118,0.06526883218,-0.008087913939,
1130514137,0.06550269158,-0.008304047182,
1130714157,0.06570143738,-0.00885556023,
1130914177,0.06592557979,-0.009806094467,
1131114197,0.06623703458,-0.01057225187,
1131314216,0.06604311288,-0.01029251937,
1131514236,0.06572034946,-0.01066697807,
1131714256,0.06615049137,-0.01131527434,
1131914276,0.06621549837,-0.01073749041,
1132114295,0.06594813775,-0.01188017982,
1132314315,0.0659695545,-0.0116129185,
1132514335,0.06566694228,-0.01190893957,
1132714355,0.06564373067,-0.0117316578,
1132914374,0.06611229409,-0.01169515254,
1133114394,0.06568663281,-0.01254379664,
1133314414,0.06604993141,-0.01202320164,
1133514434,0.0661475191,-0.01205816967,
1133714453,0.06583771789,-0.01214943933,
1133914473,0.06625026261,-0.01171040523,
1134114493,0.06617131811,-0.01164010484,
1134314513,0.06678633923,-0.01185575742,
1134514532,0.06647200394,-0.0114054629,
1134714552,0.06680143549,-0.01138318971,
1134914572,0.06746589782,-0.01158955824,
1135114592,0.06796590661,-0.01185004942,
1135314611,0.06847323072,-0.01211133478,
1135514631,0.06878762433,-0.01170976576,
1135714651,0.06878796958,-0.01248804954,
1135914671,0.06895294612,-0.01227203155,
1136114690,0.07009259641,-0.01213016762,
1136314710,0.07009612103,-0.01271952716,
1136514730,0.07067092694,-0.01304070076,
1136714750,0.07136481175,-0.0133436671,
1136914769,0.0709429711,-0.01321565636,
1137114789,0.07105339454,-0.01421524965,
1137314809,0.0715301471,-0.01518925713,
1137514829,0.07070772416,-0.0149450213,
1137714848,0.0713696572,-0.0154461216,
1137914868,0.07165816583,-0.01597071295,
1138114888,0.07121282423,-0.01634031701,
1138314908,0.07117610405,-0.01646368485,
1138514927,0.07088092802,-0.01661936957,
1138714947,0.0710530536,-0.01649831681,
1138914967,0.07079133629,-0.01739567775,
1139114987,0.07006188027,-0.01696097524,
1139315006,0.07011372203,-0.01718541361,
1139515026,0.0701064922,-0.01726564889,
1139715046,0.06983732749,-0.01711777638,
1139915066,0.06973103765,-0.01714995645,
1140115085,0.06960428352,-0.0170467722,
1140315105,0.06993823169,-0.01667627024,
1140515125,0.07038516689,-0.0161947532,
1140715145,0.06987344603,-0.01608492262,
1140915164,0.07056953893,-0.01599641972,
1141115184,0.07052305322,-0.0159097144,
1141315204,0.07111464552,-0.01599073243,
1141515224,0.07098722775,-0.01545159482,
1141715243,0.07147102767,-0.01525075955,
1141915263,0.0722135894,-0.01546968243,
1142115283,0.07245785879,-0.01521656309,
1142315303,0.07348882142,-0.0150935794,
1142515322,0.07364105855,-0.01543434706,
1142715342,0.07405225452,-0.01602668816,
1142915362,0.07460200584,-0.01560872062,
1143115382,0.07558886006,-0.01695196328,
1143315401,0.07580035295,-0.0167568948,
1143515421,0.07705445439,-0.01688480173,
1143715441,0.07748244866,-0.01810896108,
1143915461,0.07769805596,-0.01828237175,
1144115480,0.07826283984,-0.0191912066,
1144315500,0.07864109943,-0.01975687287,
1144515520,0.07923526456,-0.02032317676,
1144715540,0.0792976891,-0.0216157796,
1144915559,0.07934041021,-0.02195295585,
1145115579,0.07935628347,-0.0233902126,
1145315599,0.07953340497,-0.02373685453,
1145515619,0.07938263064,-0.0244308087,
1145715638,0.07916808316,-0.02533918979,
1145915658,0.078652521,-0.02643024525,
1146115678,0.07849714683,-0.02740605537,
1146315698,0.07725106759,-0.028079494,
1146515717,0.07729298593,-0.02860467885,
1146715737,0.07612365312,-0.02923189671,
1146915757,0.07598801794,-0.02983559037,
1147115777,0.075301453,-0.03043718327,
1147315797,0.07390075537,-0.03041388049,
1147515816,0.07316960375,-0.03049695575,
1147715836,0.07272651504,-0.03097651273,
1147915856,0.0719744199,-0.03091952741,
1148115876,0.07085000621,-0.0305672451,
1148315895,0.07001998901,-0.03078549899,
1148515915,0.06966497952,-0.03053230674,
1148715935,0.06920477218,-0.03056512395,
1148915955,0.06895525761,-0.02958716566,
1149115974,0.06847916412,-0.02922992215,
1149315994,0.06778455286,-0.02921407446,
1149516014,0.0675900248,-0.02886430819,
1149716034,0.06692457173,-0.02865544561,
1149916053,0.06657305308,-0.02770571909,
1150116073,0.06702868682,-0.0272167563,
1150316093,0.06673661268,-0.02723401982,
1150516113,0.06619666084,-0.02655097857,
1150716132,0.06699214208,-0.0266294086,
1150916152,0.06641490238,-0.02540586734,
1151116172,0.06672764131,-0.02478692272,
1151316192,0.06728969357,-0.02467373917,
1151516211,0.06753123039,-0.02456841233,
1151716231,0.06780186341,-0.02388432998,
1151916251,0.06789869238,-0.02397023773,
1152116271,0.06829812859,-0.02415982927,
1152316290,0.06879437981,-0.02324469131,
1152516310,0.06887177395,-0.0232892613,
1152716330,0.06900362234,-0.02402418769,
1152916350,0.0692185558,-0.02305499333,
1153116369,0.07005543564,-0.0236175708,
1153316389,0.06977542894,-0.02344538024,
1153516409,0.07012916412,-0.02355537025,
1153716429,0.0700031482,-0.02360168163,
1153916448,0.07065800486,-0.02362262325,
1154116468,0.07046026073,-0.02366632671,
1154316488,0.07085790223,-0.02362264722,
1154516508,0.07082424708,-0.02427098966,
1154716527,0.07095634854,-0.02404671815,
1154916547,0.07125252386,-0.0241336111,
1155116567,0.07132754701,-0.02417263992,
1155316587,0.07119357766,-0.02344784292,
1155516606,0.07094880092,-0.02389864915,
1155716626,0.07088173803,-0.02384274809,
1155916646,0.07152203594,-0.02405497123,
1156116666,0.07199820763,-0.02397768487,
1156316685,0.07200919364,-0.02362750164,
1156516705,0.07173206672,-0.02329339799,
1156716725,0.0717769636,-0.02319558677,
1156916745,0.07258833084,-0.02309935303,
1157116764,0.07218045019,-0.02345514025,
1157316784,0.0726656923,-0.02282799589,
1157516804,0.07333067948,-0.02253961,
1157716824,0.07322272257,-0.0221541256,
1157916843,0.07378337266,-0.0223153089,
1158116863,0.07423919948,-0.02289049383,
1158316883,0.07451433324,-0.02271666193,
1158516903,0.0749479556,-0.02249712439,
1158716922,0.07545676458,-0.02208761781,
1158916942,0.07624148407,-0.02288316513,
1159116962,0.07672542807,-0.02313037781,
1159316982,0.07693388808,-0.02338219252,
1159517001,0.07762192272,-0.02385195854,
1159717021,0.07790694445,-0.02351608037,
1159917041,0.07855030462,-0.02374815435,
1160117061,0.07916074696,-0.02438687516,
1160317080,0.07923258906,-0.02493880379,
1160517100,0.07980693232,-0.02437011533,
1160717120,0.0799489642,-0.02542424958,
1160917140,0.08100010918,-0.02546655643,
1161117159,0.08117585771,-0.02618894455,
1161317179,0.08087028417,-0.02690395993,
1161517199,0.08160653376,-0.02765289244,
1161717219,0.08188571075,-0.02779605575,
1161917238,0.08221610395,-0.02865614374,
1162117258,0.08249568495,-0.02901695652,
1162317278,0.08280107155,-0.02945391967,
1162517298,0.08323619501,-0.03046241618,
1162717317,0.08334884884,-0.03090470174,
1162917337,0.08364884831,-0.03159285199,
1163117357,0.08313072324,-0.03191254568,
1163317377,0.08359573359,-0.03243438168,
1163517396,0.08334533824,-0.03291353825,
1163717416,0.08409160629,-0.03371506118,
1163917436,0.08406523396,-0.03384079147,
1164117456,0.08350420752,-0.03494652787,
1164317475,0.08400821791,-0.03570722451,
1164517495,0.08344000072,-0.03613248571,
1164717515,0.08337421669,-0.03674923301,
1164917535,0.08373544609,-0.03699278715,
1165117554,0.08374596141,-0.03735590122,
1165317574,0.08376588916,-0.03820446085,
1165517594,0.08360760881,-0.03914731165,
1165717614,0.08343368265,-0.03912910816,
1165917633,0.08339296873,-0.04012501298,
1166117653,0.08325356314,-0.04023680796,
1166317673,0.08348262255,-0.04139414011,
1166517693,0.08323005991,-0.04193598864,
1166717712,0.08314575475,-0.04253479278,
1166917732,0.08306268404,-0.04284978436,
1167117752,0.0825933473,-0.04355538556,
1167317772,0.08200695941,-0.04438454903,
1167517791,0.08215045355,-0.04471139321,
1167717811,0.08238054717,-0.04568298042,
1167917831,0.08138191601,-0.0464594822,
1168117851,0.08142533874,-0.04703558883,
1168317870,0.08094991624,-0.04751518693,
1168517890,0.08062936628,-0.04760599162,
1168717910,0.08010790713,-0.04859492703,
1168917930,0.07974691684,-0.04887565997,
1169117949,0.07942438281,-0.04932382038,
1169317969,0.07904020726,-0.04954748798,
1169517989,0.07869435666,-0.05029121977,
1169718009,0.07823209483,-0.05100594655,
1169918028,0.078003875,-0.05063568042,
1170118048,0.07758527415,-0.05085938795,
1170318068,0.07698936337,-0.05193256704,
1170518088,0.07733964149,-0.05248605301,
1170718107,0.07693427089,-0.05243158606,
1170918127,0.07602443926,-0.05342900733,
1171118147,0.07635812869,-0.05377921643,
1171318167,0.07586771153,-0.05412241079,
1171518186,0.07586872995,-0.05481740717,
1171718206,0.07468047524,-0.05546215408,
1171918226,0.07434583893,-0.05676953109,
1172118246,0.07430717229,-0.05653221015,
1172318265,0.07381883018,-0.05813833239,
1172518285,0.07228646726,-0.0585025022,
1172718305,0.07269839098,-0.05947067183,
1172918325,0.07167507112,-0.05997559856,
1173118344,0.07055628152,-0.06084413232,
1173318364,0.07010942385,-0.06203333273,
1173518384,0.06885621623,-0.06191680126,
1173718404,0.06770401715,-0.06272490501,
1173918424,0.0664942001,-0.06375249559,
1174118443,0.06495873337,-0.06403390275,
1174318463,0.06382834528,-0.06424083687,
1174518483,0.0620335767,-0.06440834894,
1174718503,0.06134280113,-0.06444627588,
1174918522,0.05919150018,-0.06490171491,
1175118542,0.05825843087,-0.06423801118,
1175318562,0.05674046752,-0.06414487417,
1175518582,0.05564300581,-0.06393831485,
1175718601,0.05403780563,-0.06332238298,
1175918621,0.05239509214,-0.06313008522,
1176118641,0.0519258781,-0.06246727197,
1176318661,0.05081977011,-0.06103125715,
1176518680,0.04930574475,-0.06037718112,
1176718700,0.04887900224,-0.05921590032,
1176918720,0.04813535642,-0.05827765331,
1177118740,0.04676663195,-0.05740677282,
1177318759,0.04639538524,-0.05613611354,
1177518779,0.04613531552,-0.05504145905,
1177718799,0.04478671815,-0.0538620355,
1177918819,0.04488660149,-0.05220632033,
1178118838,0.04468237936,-0.05096210766,
1178318858,0.04535630844,-0.04965600322,
1178518878,0.04482804225,-0.04889582771,
1178718898,0.04514867356,-0.04761748739,
1178918917,0.04560625427,-0.04661973886,
1179118937,0.04606010426,-0.04592465406,
1179318957,0.04606896777,-0.04488015786,
1179518977,0.04706503576,-0.04362671528,
1179718996,0.04729425829,-0.04345146925,
1179919016,0.0480951418,-0.04247928214,
1180119036,0.04920393618,-0.04200495792,
1180319056,0.04910164417,-0.04153170178,
1180519075,0.05002766323,-0.04119230481,
1180719095,0.05096882609,-0.0410744781,
1180919115,0.05162142754,-0.04123830459,
1181119135,0.05233332292,-0.04103248408,
1181319154,0.0523647723,-0.04092054066,
1181519174,0.05297348117,-0.04100834431,
1181719194,0.05391941831,-0.04180522734,
1181919214,0.05430067048,-0.04217102161,
1182119233,0.05489424377,-0.04180648112,
1182319253,0.05523477206,-0.04257085114,
1182519273,0.05540036379,-0.04297508009,
1182719293,0.05589161919,-0.04318296307,
1182919312,0.056148603,-0.04386972818,
1183119332,0.05612513402,-0.04504707773,
1183319352,0.05584956198,-0.04519968231,
1183519372,0.05620549354,-0.04576003707,
1183719391,0.05587804895,-0.04617700389,
1183919411,0.05604218403,-0.04687459312,
1184119431,0.0552601004,-0.04756039224,
1184319451,0.05551689563,-0.04797077232,
1184519470,0.05477452715,-0.0481801724,
1184719490,0.05517346865,-0.04955799395,
1184919510,0.05437349986,-0.04983823878,
1185119530,0.05392473552,-0.05020455357,
1185319549,0.05352328407,-0.05057684037,
1185519569,0.05249739653,-0.05086707437,
1185719589,0.0525886708,-0.05096425166,
1185919609,0.05157892127,-0.05144081026,
1186119628,0.05111116918,-0.05174692281,
1186319648,0.05050885941,-0.05218040743,
1186519668,0.04958365799,-0.05171877316,
1186719688,0.04882031742,-0.05164139079,
1186919707,0.04825840163,-0.05208623313,
1187119727,0.04839789182,-0.05203120291,
1187319747,0.04723042985,-0.05162845218,
1187519767,0.04691941956,-0.05122244664,
1187719786,0.04616680041,-0.05125867573,
1187919806,0.04538719944,-0.0509417656,
1188119826,0.04489152607,-0.05050921975,
1188319846,0.04508796849,-0.05028063676,
1188519865,0.04370481826,-0.05033617059,
1188719885,0.04382908862,-0.05044801546,
1188919905,0.04296625842,-0.05009548028,
1189119925,0.04290875021,-0.0491940331,
1189319944,0.04268994317,-0.04926355558,
1189519964,0.04231991921,-0.04886096615,
1189719984,0.04249488351,-0.0488853321,
1189920004,0.04211345284,-0.0480765106,
1190120023,0.04206518413,-0.04817628868,
1190320043,0.04198386011,-0.04756298992,
1190520063,0.04204030582,-0.04771587273,
1190720083,0.04166198798,-0.04773616424,
1190920102,0.04182248633,-0.04791497394,
1191120122,0.04157636838,-0.04811568067,
1191320142,0.04142686527,-0.04751649378,
1191520162,0.04134165405,-0.04839320437,
1191720181,0.04099583802,-0.04817883455,
1191920201,0.04065283785,-0.0482079891,
1192120221,0.04008472577,-0.04861740756,
1192320241,0.04033817982,-0.04859917121,
1192520260,0.03915029608,-0.04894623141,
1192720280,0.03920151684,-0.04926977246,
1192920300,0.03872597093,-0.0494061162,
1193120320,0.03770483399,-0.04983444624,
1193320339,0.03709385593,-0.04946764477,
1193520359,0.03606535261,-0.04982858089,
1193720379,0.0353134439,-0.04996705011,
1193920399,0.03438044858,-0.04965297013,
1194120418,0.03349170427,-0.04953515345,
1194320438,0.03246802785,-0.04948248291,
1194520458,0.03201324344,-0.04937729683,
1194720478,0.03097435659,-0.04888068495,
1194920497,0.02978358409,-0.04869338837,
1195120517,0.02925341975,-0.04754018286,
1195320537,0.02792618032,-0.04733092043,
1195520557,0.02729293906,-0.04661088951,
1195720576,0.02660324354,-0.04600397611,
1195920596,0.0253207261,-0.0449963802,
1196120616,0.02449665335,-0.04463537845,
1196320636,0.02396042623,-0.04309642005,
1196520655,0.02368826596,-0.04292578505,
1196720675,0.02259477909,-0.04163308124,
1196920695,0.0221348413,-0.0410022242,
1197120715,0.02183688903,-0.04007749248,
1197320734,0.02133426414,-0.0390759397,
1197520754,0.02089841145,-0.03801083706,
1197720774,0.02079228233,-0.03701085126,
1197920794,0.01991517316,-0.03576565463,
1198120813,0.01999369923,-0.03546614298,
1198320833,0.01952410028,-0.03377131581,
1198520853,0.0192166101,-0.03320316617,
1198720873,0.01955743495,-0.03213806661,
1198920892,0.01930037946,-0.03097657814,
1199120912,0.01878401602,-0.0299554098,
1199320932,0.01896377959,-0.02891445308,
1199520952,0.01908238876,-0.02828785086,
1199720971,0.01931372918,-0.02724125982,
1199920991,0.01909033618,-0.0266051179,
1200121011,0.0193338386,-0.02630385301,
1200321031,0.01930102101,-0.02498200901,
1200521051,0.01939384059,-0.02413793475,
1200721070,0.01928217419,-0.02304373814,
1200921090,0.01940712166,-0.02214060464,
1201121110,0.01999452905,-0.02121049939,
1201321130,0.01964821605,-0.0202743649,
1201521149,0.01979837894,-0.0196628119,
1201721169,0.01999278378,-0.0194944469,
1201921189,0.02007393201,-0.01842032797,
1202121209,0.0208184891,-0.01800756975,
1202321228,0.02103377995,-0.01676550544,
1202521248,0.02087370426,-0.01602273158,
1202721268,0.02106218354,-0.01482320377,
1202921288,0.02113582532,-0.01435513826,
1203121307,0.02138846347,-0.01357255456,
1203321327,0.02200830714,-0.01296210277,
1203521347,0.02227544836,-0.01233459797,
1203721367,0.02246803009,-0.01164238908,
1203921386,0.02295853233,-0.01082631995,
1204121406,0.02362588755,-0.01021812859,
1204321426,0.02382685698,-0.009758329679,
1204521446,0.02415461226,-0.009180523683,
1204721465,0.02465721233,-0.008489483753,
1204921485,0.02489853062,-0.007823082376,
1205121505,0.0256335137,-0.007414152564,
1205321525,0.0255038668,-0.006698891248,
1205521544,0.02632668339,-0.006482155146,
1205721564,0.02694907568,-0.005729207989,
1205921584,0.0271630407,-0.005497038114,
1206121604,0.02792383433,-0.004731623662,
1206321623,0.02808333338,-0.003933918159,
1206521643,0.02848051893,-0.004187831021,
1206721663,0.02937337455,-0.003763667494,
1206921683,0.02954911703,-0.003542581035,
1207121702,0.02974592309,-0.003473649402,
1207321722,0.03031261964,-0.002780201401,
1207521742,0.0303019343,-0.001866991496,
1207721762,0.03061785499,-0.001530554038,
1207921781,0.03081688139,-0.001418928958,
1208121801,0.03120551033,-0.001222491932,
1208321821,0.03145054785,-0.0009332505054,
1208521841,0.03141084452,-0.0004420161941,
1208721860,0.03142382213,-0.0001543102171,
1208921880,0.03199922481,0.0003036176376,
1209121900,0.03190658383,0.001610895809,
1209321920,0.03240996076,0.001996159226,
1209521939,0.03235887452,0.002317583496,
1209721959,0.03257057968,0.003258591327,
1209921979,0.03298472935,0.003531000681,
1210121999,0.03314129416,0.004831723592,
1210322018,0.03389770788,0.005735250271,
1210522038,0.03434263144,0.005335706109,
1210722058,0.03525978481,0.0064808512,
1210922078,0.03555780141,0.007653471844,
1211122097,0.03573400215,0.008269311514,
1211322117,0.03631217124,0.00866746939,
1211522137,0.03746668794,0.009571167901,
1211722157,0.03845955079,0.01037887911,
1211922176,0.03878142898,0.01098179605,
1212122196,0.04015677975,0.01153378398,
1212322216,0.04082341468,0.01225392827,
1212522236,0.04181660604,0.01286530062,
1212722255,0.04300307558,0.01335668334,
1212922275,0.04391543027,0.01330715901,
1213122295,0.04466271343,0.01417040306,
1213322315,0.04561034457,0.01399429958,
1213522334,0.04700731536,0.01429234544,
1213722354,0.04808076519,0.01443901462,
1213922374,0.04931760765,0.01497188702,
1214122394,0.05049568759,0.0147962611,
1214322413,0.05165598976,0.01524493624,
1214522433,0.0526302715,0.01535207105,
1214722453,0.05385439539,0.01519276247,
1214922473,0.0548695545,0.01465108063,
1215122492,0.05602446251,0.0142079025,
1215322512,0.05733806571,0.01430473903,
1215522532,0.05833537711,0.01438145545,
1215722552,0.05893583453,0.01395553534,
1215922571,0.05983379279,0.01368187108,
1216122591,0.06085787039,0.01296594395,
1216322611,0.06150481577,0.01252403279,
1216522631,0.06261759344,0.01259762808,
1216722650,0.06385952529,0.01155162632,
1216922670,0.06461172634,0.01071369015,
1217122690,0.06500637887,0.01104840893,
1217322710,0.06642868838,0.01023482788,
1217522729,0.06668683574,0.009689599343,
1217722749,0.06758633451,0.008659379337,
1217922769,0.06813572319,0.008452236906,
1218122789,0.06854759293,0.007326598476,
1218322808,0.06893294303,0.006775859464,
1218522828,0.06946827934,0.006527320308,
1218722848,0.0697364509,0.005845178335,
1218922868,0.07019327511,0.004459883758,
1219122887,0.07051874489,0.004592189916,
1219322907,0.07094937047,0.004003778395,
1219522927,0.07068433419,0.002749263463,
1219722947,0.07177833107,0.002540069896,
1219922966,0.07183520464,0.001937136215,
1220122986,0.07140201651,0.00152211663,
1220323006,0.07190724948,0.0004418719141,
1220523026,0.07233725493,0.0002237989299,
1220723045,0.07240568297,-0.0002579303447,
1220923065,0.07198269241,-0.0004133861598,
1221123085,0.0717214279,-0.001329000132,
1221323105,0.07218352056,-0.001780354047,
1221523124,0.07229835571,-0.001786261597,
1221723144,0.07185571182,-0.002060629363,
1221923164,0.07241058481,-0.002169255912,
1222123184,0.07227840616,-0.002415746926,
1222323203,0.07261921156,-0.002561396784,
1222523223,0.07246061496,-0.00292270676,
1222723243,0.07278530781,-0.002965840419,
1222923263,0.07222100447,-0.003188626131,
1223123282,0.07309576229,-0.003067029908,
1223323302,0.07220826037,-0.003885455399,
1223523322,0.07268723794,-0.003640497029,
1223723342,0.07339280433,-0.004276125125,
1223923361,0.07327599877,-0.004301089958,
1224123381,0.07402965833,-0.004752924182,
1224323401,0.07394815575,-0.004680905069,
1224523421,0.07391671767,-0.005338706582,
1224723440,0.07412598762,-0.005888643618,
1224923460,0.07404062774,-0.005766681884,
1225123480,0.07435746437,-0.005913883054,
1225323500,0.07419627386,-0.006565222491,
1225523519,0.0742075971,-0.00653187106,
1225723539,0.07435582753,-0.007230534788,
1225923559,0.07427613029,-0.006898270613,
1226123579,0.07533878705,-0.007898669453,
1226323598,0.07493876786,-0.008302410875,
1226523618,0.07486343794,-0.008241646879,
1226723638,0.07491832706,-0.008801795626,
1226923658,0.07485293684,-0.008878591425,
1227123678,0.07474011507,-0.008854921148,
1227323697,0.07444309179,-0.008544924541,
1227523717,0.07479044516,-0.009197289081,
1227723737,0.07491687353,-0.009258996282,
1227923757,0.07457338597,-0.009373720483,
1228123776,0.07453778987,-0.009617036447,
1228323796,0.07450224638,-0.01045431166,
1228523816,0.07512268957,-0.009636673215,
1228723836,0.07476249576,-0.01035751877,
1228923855,0.07499519048,-0.01011865403,
1229123875,0.07516413874,-0.01051473843,
1229323895,0.07456909085,-0.01055611004,
1229523915,0.07507698501,-0.01129450158,
1229723934,0.07559473081,-0.01119350755,
1229923954,0.07479174122,-0.01075434842,
1230123974,0.07536641638,-0.01094230904,
1230323994,0.07562365319,-0.01137784697,
1230524013,0.0753881428,-0.0114026263,
1230724033,0.07562156727,-0.01179913238,
1230924053,0.07543968598,-0.01211255149,
1231124073,0.07555968144,-0.01244898199,
1231324092,0.07568487244,-0.01208540042,
1231524112,0.07589331941,-0.01269275533,
1231724132,0.07543248403,-0.01285923935,
1231924152,0.0757585358,-0.01330395553,
1232124171,0.07548935047,-0.01319121897,
1232324191,0.0757321047,-0.01391853374,
1232524211,0.07591422583,-0.0141033405,
1232724231,0.07579187094,-0.01365888323,
1232924250,0.07497244503,-0.01406078505,
1233124270,0.07500420366,-0.01431374933,
1233324290,0.07492952873,-0.01422942077,
1233524310,0.07424878119,-0.01450445702,
1233724329,0.07472550217,-0.01461187658,
1233924349,0.07433251855,-0.01386550545,
1234124369,0.07408458262,-0.01413492859,
1234324389,0.07414159533,-0.01438547405,
1234524408,0.07386802327,-0.01425819258,
1234724428,0.07374868528,-0.01442724518,
1234924448,0.07355159369,-0.01420354713,
1235124468,0.07326681618,-0.01342435398,
1235324487,0.0735959946,-0.01255270311,
1235524507,0.07328916349,-0.01258374023,
1235724527,0.07353265345,-0.01226804746,
1235924547,0.0739003622,-0.01284414905,
1236124566,0.07404937566,-0.01219003362,
1236324586,0.07427133604,-0.01184117603,
1236524606,0.07467304605,-0.01192037715,
1236724626,0.07504074166,-0.01168770781,
1236924645,0.07505294495,-0.0113810736,
1237124665,0.07605481989,-0.01107828261,
1237324685,0.07566652614,-0.01162267434,
1237524705,0.07703834255,-0.01177433539,
1237724724,0.0771639461,-0.01144097863,
1237924744,0.07775662698,-0.01083925252,
1238124764,0.0780671215,-0.01134424491,
1238324784,0.07776870063,-0.01179742054,
1238524803,0.07863209685,-0.01172246608,
1238724823,0.07899158211,-0.01131735477,
1238924843,0.07970562339,-0.01188656871,
1239124863,0.07969108642,-0.01160230834,
1239324882,0.07993179777,-0.01176982144,
1239524902,0.08034220699,-0.01273428968,
1239724922,0.08047091216,-0.01243281785,
1239924942,0.08073715567,-0.01305014865,
1240124961,0.0811478989,-0.01290820128,
1240324981,0.08039716953,-0.01369535726,
1240525001,0.08114245453,-0.01330470946,
1240725021,0.0817389199,-0.01323400849,
1240925040,0.08205750755,-0.01364765445,
1241125060,0.08125735388,-0.01383652253,
1241325080,0.08233998732,-0.01375814144,
1241525100,0.08208850563,-0.01353079534,
1241725119,0.08271545069,-0.01365820316,
1241925139,0.08299857389,-0.01394504834,
1242125159,0.08334672283,-0.01438969065,
1242325179,0.08393885384,-0.01381709867,
1242525198,0.08378272661,-0.01395973781,
1242725218,0.08490231153,-0.014424614,
1242925238,0.0854183826,-0.01478526678,
1243125258,0.08580803287,-0.01475118121,
1243325277,0.08667476501,-0.015340903,
1243525297,0.08718667228,-0.01574733619,
1243725317,0.08780173648,-0.01582492941,
1243925337,0.0885469212,-0.01656687548,
1244125356,0.08910130213,-0.01697307492,
1244325376,0.0895521259,-0.01702281637,
1244525396,0.08983769954,-0.01793915634,
1244725416,0.09059546176,-0.01982524176,
1244925435,0.09131547953,-0.02029117286,
1245125455,0.09139107567,-0.02092675733,
1245325475,0.09126496208,-0.02257535661,
1245525495,0.09117641037,-0.02325295078,
1245725514,0.09205233723,-0.02402807252,
1245925534,0.09182648012,-0.02528157884,
1246125554,0.09146868136,-0.02690416236,
1246325574,0.09109824897,-0.02754048789,
1246525593,0.0907121351,-0.02823587764,
1246725613,0.09012358009,-0.02948114201,
1246925633,0.08927780187,-0.03002075588,
1247125653,0.08967667346,-0.03106627424,
1247325672,0.08829516618,-0.03131469147,
1247525692,0.08775345447,-0.03235453228,
1247725712,0.08743717343,-0.03280429826,
1247925732,0.08668577881,-0.03311683489,
1248125751,0.0864190099,-0.03403949499,
1248325771,0.08604831761,-0.03366644282,
1248525791,0.08472417207,-0.03448080613,
1248725811,0.08386122093,-0.03474384576,
1248925830,0.08328725642,-0.03450549691,
1249125850,0.08260795399,-0.03451331952,
1249325870,0.08211498287,-0.03408825418,
1249525890,0.08207545611,-0.03461260524,
1249725909,0.08147970242,-0.03465603338,
1249925929,0.08097856871,-0.03411553181,
1250125949,0.08104342913,-0.03316829938,
1250325969,0.08058870315,-0.03382842754,
1250525988,0.08039618467,-0.03303111456,
1250726008,0.08084950253,-0.03325096829,
1250926028,0.08000907036,-0.03319758158,
1251126048,0.08001138156,-0.03286180547,
1251326067,0.08014926253,-0.03323806679,
1251526087,0.08025874252,-0.03331221669,
1251726107,0.08007716472,-0.03309112858,
1251926127,0.08017177039,-0.03374809273,
1252126146,0.08023015606,-0.03315149606,
1252326166,0.08054389152,-0.034173879,
1252526186,0.08028748296,-0.03369468227,
1252726206,0.07998065664,-0.03389626621,
1252926225,0.07974223285,-0.0347078348,
1253126245,0.07997084532,-0.03477494873,
1253326265,0.07959246538,-0.03523768798,
1253526285,0.07967405717,-0.03512795883,
1253726305,0.07979527457,-0.03536927879,
1253926324,0.07910911598,-0.03622693364,
1254126344,0.07854179943,-0.03594297679,
1254326364,0.07817225504,-0.03620388827,
1254526384,0.07829048672,-0.03695710062,
1254726403,0.07746338338,-0.03662116296,
1254926423,0.07712437283,-0.03723165051,
1255126443,0.07731167909,-0.03779153802,
1255326463,0.07648078583,-0.03727805916,
1255526482,0.07609398523,-0.03771321087,
1255726502,0.0757751587,-0.03778436137,
1255926522,0.07511456825,-0.03784023523,
1256126542,0.07413067896,-0.03759798151,
1256326561,0.07356279234,-0.03757355015,
1256526581,0.07344884476,-0.03754025433,
1256726601,0.07325235697,-0.03682014505,
1256926621,0.07279362794,-0.03663647347,
1257126640,0.07260912852,-0.0362673028,
1257326660,0.07228342293,-0.03632130909,
1257526680,0.07132783234,-0.03569408657,
1257726700,0.0713820905,-0.03569913356,
1257926719,0.07122473125,-0.03519547793,
1258126739,0.07128440271,-0.03408080916,
1258326759,0.0710852296,-0.03429368445,
1258526779,0.07103165593,-0.03366119339,
1258726798,0.07068616311,-0.03336288584,
1258926818,0.07085340311,-0.03328926707,
1259126838,0.07096092014,-0.03303812789,
1259326858,0.07123849404,-0.03283380327,
1259526877,0.07144311622,-0.03187483215,
1259726897,0.07154514822,-0.03206208162,
1259926917,0.07161156433,-0.03217134322,
1260126937,0.0722184572,-0.03136447916,
1260326956,0.07249300578,-0.03186335802,
1260526976,0.07226915239,-0.03129981854,
1260726996,0.07230331176,-0.03122001003,
1260927016,0.07271952885,-0.0308055221,
1261127035,0.07287487474,-0.03019968794,
1261327055,0.07296034776,-0.03087501633,
1261527075,0.07373081114,-0.03055210702,
1261727095,0.07396068919,-0.03038070018,
1261927114,0.07470954072,-0.03007727202,
1262127134,0.07442984745,-0.03085708652,
1262327154,0.07505103346,-0.03039649993,
1262527174,0.07528526716,-0.03024221191,
1262727193,0.07549706388,-0.03077435713,
1262927213,0.07585647998,-0.03091151928,
1263127233,0.07609783825,-0.03102264333,
1263327253,0.07710928342,-0.03072017556,
1263527272,0.07684926782,-0.03145592959,
1263727292,0.07799899585,-0.03176821355,
1263927312,0.07768352769,-0.03202710919,
1264127332,0.07810201944,-0.03197497677,
1264327351,0.07840567707,-0.03295121019,
1264527371,0.0778408614,-0.03302873663,
1264727391,0.07878211645,-0.03361715567,
1264927411,0.07934549796,-0.03425250877,
1265127430,0.07905508999,-0.03414580688,
1265327450,0.07961983021,-0.03496146827,
1265527470,0.08009115217,-0.03544242753,
1265727490,0.07956097307,-0.03607401903,
1265927509,0.07965310886,-0.03717461036,
1266127529,0.07893127843,-0.03747440929,
1266327549,0.0789331301,-0.03863712158,
1266527569,0.07915776757,-0.03864988945,
1266727588,0.07894833206,-0.03970838226,
1266927608,0.0791063264,-0.04057387657,
1267127628,0.07898294132,-0.04177631752,
1267327648,0.07811690248,-0.0416474523,
1267527667,0.07784416631,-0.04287843703,
1267727687,0.07779556948,-0.04294873159,
1267927707,0.07703166455,-0.04385310571,
1268127727,0.07658544161,-0.0439392043,
1268327746,0.07620816241,-0.04508486059,
1268527766,0.07518229266,-0.04572526222,
1268727786,0.0744153433,-0.0458442754,
1268927806,0.07313062121,-0.04587501077,
1269127825,0.07246720597,-0.04660750407,
1269327845,0.07173275734,-0.04736049489,
1269527865,0.07095585108,-0.04709588187,
1269727885,0.07020170668,-0.04711282835,
1269927904,0.06945838811,-0.04696249756,
1270127924,0.06849518702,-0.04771099788,
1270327944,0.06758524189,-0.04707427967,
1270527964,0.06663439502,-0.04758427009,
1270727983,0.06686067619,-0.04657132211,
1270928003,0.06520988935,-0.04733952833,
1271128023,0.0645751135,-0.04626809834,
1271328043,0.06447937636,-0.04604802277,
1271528062,0.0635488915,-0.04611582511,
1271728082,0.06314579775,-0.04519270766,
1271928102,0.06229035326,-0.04517739009,
1272128122,0.06257749452,-0.04447041468,
1272328141,0.06153657443,-0.04411277546,
1272528161,0.06087948615,-0.04352866214,
1272728181,0.0607694386,-0.04274932945,
1272928201,0.060212894,-0.04287774228,
1273128220,0.06016024133,-0.04273625255,
1273328240,0.06040063227,-0.04210267535,
1273528260,0.06016455153,-0.0415568452,
1273728280,0.05949953896,-0.04179060503,
1273928299,0.05887022462,-0.04153052352,
1274128319,0.05912767878,-0.04001078169,
1274328339,0.05855387217,-0.03992836498,
1274528359,0.05865612993,-0.03943086992,
1274728378,0.05832968748,-0.03909147667,
1274928398,0.05822060438,-0.03980982153,
1275128418,0.05827028882,-0.03889970388,
1275328438,0.05801449635,-0.03912800879,
1275528457,0.05777664812,-0.03779678883,
1275728477,0.05749599259,-0.03814686187,
1275928497,0.05724528135,-0.0377283328,
1276128517,0.05709600985,-0.03744921329,
1276328536,0.05689641567,-0.03676884581,
1276528556,0.05675238041,-0.03651557418,
1276728576,0.05688915335,-0.03582282672,
1276928596,0.05665098645,-0.03540601947,
1277128615,0.05593806655,-0.0355785798,
1277328635,0.05670366386,-0.03524484041,
1277528655,0.05645131541,-0.03479154221,
1277728675,0.05604404284,-0.03447341179,
1277928694,0.05583659353,-0.03429443298,
1278128714,0.05606171884,-0.0334710937,
1278328734,0.05621833295,-0.03299861493,
1278528754,0.05588683611,-0.03270476345,
1278728773,0.0556085622,-0.03228305493,
1278928793,0.05607362273,-0.03254050554,
1279128813,0.0559650146,-0.03222531696,
1279328833,0.0561654812,-0.03209238101,
1279528852,0.05592886486,-0.031304437,
1279728872,0.05656354466,-0.03105784144,
1279928892,0.05657909782,-0.03022360225,
1280128912,0.05624877957,-0.03080166037,
1280328932,0.05640889854,-0.02994594507,
1280528951,0.05678919966,-0.0299501177,
1280728971,0.05701113462,-0.0302201329,
1280928991,0.05694094593,-0.02950001632,
1281129011,0.05713715244,-0.02913487715,
1281329030,0.05744395777,-0.02990687404,
1281529050,0.05692104058,-0.02957334678,
1281729070,0.05715226672,-0.02945489366,
1281929090,0.05688462424,-0.02924748638,
1282129109,0.05711022776,-0.02945556407,
1282329129,0.05717581246,-0.02923889559,
1282529149,0.05747333736,-0.02897882936,
1282729169,0.0568046764,-0.02914419621,
1282929188,0.05669047134,-0.02916935135,
1283129208,0.0563874589,-0.02929136669,
1283329228,0.05642042341,-0.02913208591,
1283529248,0.05621831303,-0.02949034732,
1283729267,0.05629998427,-0.02904386045,
1283929287,0.0558219459,-0.02928377989,
1284129307,0.05555261738,-0.02932000206,
1284329327,0.05486138772,-0.02877494903,
1284529346,0.0548647133,-0.02873143769,
1284729366,0.0541906996,-0.02833150609,
1284929386,0.05354359816,-0.02811846188,
1285129406,0.05376445665,-0.02836073228,
1285329425,0.05311339839,-0.02746309898,
1285529445,0.05199541515,-0.02669570226,
1285729465,0.05154831775,-0.02668430939,
1285929485,0.05136841906,-0.02583441357,
1286129504,0.0501162293,-0.02524641267,
1286329524,0.05066892711,-0.02441357213,
1286529544,0.04973713611,-0.02395298918,
1286729564,0.04950452961,-0.02307623143,
1286929583,0.04883642873,-0.02094885279,
1287129603,0.0489266569,-0.01994562513,
1287329623,0.04854185014,-0.01888779613,
1287529643,0.04907650506,-0.01797171376,
1287729662,0.04889230719,-0.01668798484,
1287929682,0.04905332043,-0.01549071649,
1288129702,0.04956550474,-0.01416352379,
1288329722,0.0500335339,-0.01257191866,
1288529741,0.05070676488,-0.01120993957,
1288729761,0.05068048117,-0.0105822795,
1288929781,0.05174712607,-0.009182824102,
1289129801,0.05325252184,-0.007908813999,
1289329820,0.05384989725,-0.00705196204,
1289529840,0.05459168392,-0.005128253859,
1289729860,0.05662899996,-0.005502201853,
1289929880,0.05747667957,-0.004506078204,
1290129899,0.05871970811,-0.003553147418,
1290329919,0.06032838386,-0.003233508343,
1290529939,0.06174926644,-0.002671930626,
1290729959,0.06298859457,-0.00303538992,
1290929978,0.06514881122,-0.002672530436,
1291129998,0.0660832933,-0.003020715713,
1291330018,0.06746332058,-0.00281863259,
1291530038,0.0685769685,-0.003215201758,
1291730057,0.06978498234,-0.003714859606,
1291930077,0.07150445805,-0.004010975535,
1292130097,0.07254256562,-0.005055936726,
1292330117,0.07402670373,-0.005560594866,
1292530136,0.07473675283,-0.005830724874,
1292730156,0.07570322519,-0.007312373641,
1292930176,0.07651388603,-0.00814602874,
1293130196,0.07716000615,-0.008592966293,
1293330215,0.0781490798,-0.01028560446,
1293530235,0.07862475916,-0.01124246634,
1293730255,0.07903108514,-0.01250525905,
1293930275,0.07943311703,-0.01314532604,
1294130294,0.08004584413,-0.01415772121,
1294330314,0.07988475925,-0.0149226388,
1294530334,0.08021079449,-0.01653502203,
1294730354,0.07996263982,-0.01721429843,
1294930373,0.08030132641,-0.01848054581,
1295130393,0.07997725217,-0.01927612876,
1295330413,0.07958446843,-0.02022798017,
1295530433,0.07934925112,-0.02117139934,
1295730452,0.07927351565,-0.02188524405,
1295930472,0.07876633952,-0.02307561114,
1296130492,0.07885575639,-0.02297925718,
1296330512,0.07794067036,-0.02405435522,
1296530531,0.0774979669,-0.02497630505,
1296730551,0.07668635011,-0.02478514395,
1296930571,0.07663260339,-0.02607289457,
1297130591,0.07562210364,-0.02617589248,
1297330610,0.07551649789,-0.02683906544,
1297530630,0.0746619779,-0.02655256144,
1297730650,0.07390881363,-0.02644659464,
1297930670,0.07320203229,-0.02685093427,
1298130689,0.07239217892,-0.02673980729,
1298330709,0.07179455875,-0.0266152891,
1298530729,0.07102460351,-0.0265519838,
1298730749,0.07091953547,-0.02617597341,
1298930768,0.07024172962,-0.02608319732,
1299130788,0.0699062578,-0.02566386189,
1299330808,0.06947300042,-0.02539860086,
1299530828,0.06938006808,-0.02527483683,
1299730847,0.06906350617,-0.02437899469,
1299930867,0.06888590976,-0.02458273622,
1300130887,0.06851046785,-0.02406092628,
1300330907,0.06883863182,-0.02365320487,
1300530926,0.06909037355,-0.02352357021,
1300730946,0.06888022814,-0.02308287503,
1300930966,0.06915698978,-0.02294074755,
1301130986,0.0687915461,-0.02274136956,
1301331005,0.06891288195,-0.02300692954,
1301531025,0.0692851827,-0.02308870483,
1301731045,0.06901379491,-0.02258624348,
1301931065,0.06877695825,-0.0230518498,
1302131084,0.06915918687,-0.02357974392,
1302331104,0.06890008206,-0.02344917528,
1302531124,0.06867469908,-0.02391671788,
1302731144,0.06895894006,-0.02325784082,
1302931163,0.06858409628,-0.02340664776,
1303131183,0.06785301832,-0.02366264538,
1303331203,0.0676114484,-0.02397868015,
1303531223,0.06791508508,-0.0240737475,
1303731242,0.06689323726,-0.02406830207,
1303931262,0.06644045061,-0.02409591055,
1304131282,0.06610038061,-0.02374565824,
1304331302,0.06568798383,-0.02376044778,
1304531321,0.06499614518,-0.02406985207,
1304731341,0.06456563669,-0.02400312055,
1304931361,0.06416647745,-0.02378360122,
1305131381,0.06298454416,-0.02330615696,
1305331400,0.06289656859,-0.02278870743,
1305531420,0.06248520694,-0.021909183,
1305731440,0.06148110324,-0.02175015725,
1305931460,0.06148379209,-0.02137834328,
1306131479,0.06072100055,-0.02074433582,
1306331499,0.06028515537,-0.02007844741,
1306531519,0.0600069379,-0.01933432088,
1306731539,0.05971399628,-0.01899796208,
1306931559,0.05915703122,-0.01821530806,
1307131578,0.05840475087,-0.01734413287,
1307331598,0.05851689152,-0.01573593993,
1307531618,0.05825085163,-0.01460956488,
1307731638,0.05765782711,-0.01392235083,
1307931657,0.05790965316,-0.01303204709,
1308131677,0.0573396939,-0.01156564217,
1308331697,0.05756996215,-0.01087375269,
1308531717,0.05748882271,-0.009456584352,
1308731736,0.05741307782,-0.008242220685,
1308931756,0.05743778033,-0.006900634935,
1309131776,0.05811359375,-0.005488217808,
1309331796,0.0586362385,-0.004304313859,
1309531815,0.05874246125,-0.003406614798,
1309731835,0.05944413527,-0.001990001783,
1309931855,0.05992599217,-0.0006466525776,
1310131875,0.06043393178,0.0004901107118,
1310331894,0.06174787291,0.001562704654,
1310531914,0.06261076887,0.0018150381,
1310731934,0.06366773404,0.003498822251,
1310931954,0.06441131397,0.004381485379,
1311131973,0.06531646021,0.005361861491,
1311331993,0.06683183055,0.005824178372,
1311532013,0.06802841512,0.005992450668,
1311732033,0.06894816156,0.007257900039,
1311932052,0.07061979028,0.007479236672,
1312132072,0.07159445662,0.008529043473,
1312332092,0.07352033774,0.008380681726,
1312532112,0.07494753338,0.009089468327,
1312732131,0.07543853684,0.008910589548,
1312932151,0.07734133804,0.009516340593,
1313132171,0.07875057231,0.01013344471,
1313332191,0.07997457801,0.009861086231,
1313532210,0.08156029926,0.009091996761,
1313732230,0.08308332342,0.0097062896,
1313932250,0.08357269226,0.009700326689,
1314132270,0.08497948854,0.009187103176,
1314332289,0.0865606818,0.009221075408,
1314532309,0.08831079238,0.008433257708,
1314732329,0.08903365392,0.007975933452,
1314932349,0.0899617063,0.007578801426,
1315132368,0.09128499438,0.006981576787,
1315332388,0.09197740103,0.007140598725,
1315532408,0.09363883947,0.006032340661,
1315732428,0.09507175539,0.004784994863,
1315932447,0.09518294362,0.004989054446,
1316132467,0.09743186554,0.004038978697,
1316332487,0.09749213426,0.003426690555,
1316532507,0.09769632151,0.002290290439,
1316732526,0.09923286495,0.001733835578,
1316932546,0.09963286488,0.001077869462,
1317132566,0.1008039941,0.000280624618,
1317332586,0.1015919723,-8.492430913e-06,
1317532605,0.1016715039,-0.001675236005,
1317732625,0.102929923,-0.001918049027,
1317932645,0.1025258526,-0.002990091447,
1318132665,0.1033781077,-0.002897460481,
1318332684,0.1045610804,-0.004274206284,
1318532704,0.1048144247,-0.004932359294,
1318732724,0.1057140308,-0.005435694354,
1318932744,0.1063184415,-0.0061137809,
1319132763,0.1066847252,-0.007017960428,
1319332783,0.1068452014,-0.00859695946,
1319532803,0.1076240424,-0.008999452781,
1319732823,0.1080463619,-0.009995149628,
1319932842,0.1091584465,-0.01037573003,
1320132862,0.1095509486,-0.01136631453,
1320332882,0.1096786497,-0.01164988165,
1320532902,0.1102000552,-0.01323113669,
1320732921,0.1103701912,-0.01406521917,
1320932941,0.111266946,-0.01559531759,
1321132961,0.1114889451,-0.01622978626,
1321332981,0.1118940764,-0.01786504244,
1321533000,0.1116775158,-0.01868038365,
1321733020,0.1117673725,-0.01980445061,
1321933040,0.11252339,-0.02225245082,
1322133060,0.1121350383,-0.02307896845,
1322333079,0.1122613917,-0.02402893172,
1322533099,0.1127771474,-0.02547105628,
1322733119,0.1118094475,-0.02770561513,
1322933139,0.1116632259,-0.0288240908,
1323133158,0.1110157788,-0.03019470819,
1323333178,0.1103923309,-0.03177017461,
1323533198,0.1097322131,-0.03238542429,
1323733218,0.1093634715,-0.03470457402,
1323933237,0.1079639658,-0.03600905066,
1324133257,0.1071910495,-0.03708292775,
1324333277,0.106045567,-0.03741491332,
1324533297,0.1045630152,-0.03893673867,
1324733316,0.1035834524,-0.0395728728,
1324933336,0.1011684217,-0.04003088988,
1325133356,0.1007050385,-0.04027053609,
1325333376,0.0985407619,-0.04099782235,
1325533395,0.09777271418,-0.0412435219,
1325733415,0.0963297374,-0.04146588598,
1325933435,0.09476409808,-0.0413390082,
1326133455,0.09378728478,-0.04139739635,
1326333474,0.09220076887,-0.04083886715,
1326533494,0.09124780533,-0.0406145325,
1326733514,0.08966508096,-0.04076093773,
1326933534,0.08828612871,-0.03938189004,
1327133553,0.08732859011,-0.03862104992,
1327333573,0.08639833307,-0.03854110824,
1327533593,0.08519349932,-0.03725954135,
1327733613,0.08499826408,-0.03666376851,
1327933632,0.08418023941,-0.03551728516,
1328133652,0.08339829674,-0.03498799776,
1328333672,0.08318191359,-0.03345891575,
1328533692,0.08263881062,-0.03258277956,
1328733711,0.08294537689,-0.03170676452,
1328933731,0.08316072727,-0.03081302476,
1329133751,0.08296344557,-0.02924340958,
1329333771,0.08303301573,-0.0291184614,
1329533790,0.08242229068,-0.0282540273,
1329733810,0.08260067541,-0.02645383026,
1329933830,0.08310212396,-0.02681711595,
1330133850,0.08303213017,-0.02586146745,
1330333869,0.08416050445,-0.02438331494,
1330533889,0.08424946793,-0.02377807032,
1330733909,0.08444371468,-0.02322801851,
1330933929,0.08504278088,-0.02230256061,
1331133948,0.08570414414,-0.021908045,
1331333968,0.0859501658,-0.0212008682,
1331533988,0.08670140005,-0.02022986095,
1331734008,0.08801044954,-0.01980553566,
1331934027,0.0885001657,-0.01977845279,
1332134047,0.08807571555,-0.01929129669,
1332334067,0.08968548,-0.01884543695,
1332534087,0.09044986771,-0.01863369095,
1332734106,0.09065940474,-0.01855006571,
1332934126,0.09157816988,-0.01894319058,
1333134146,0.09288723744,-0.01851655422,
1333334166,0.0928717761,-0.01750444134,
1333534186,0.09447386856,-0.01797497368,
1333734206,0.09517205639,-0.01772945392,
1333934225,0.09590838422,-0.01782273378,
1334134245,0.09666411359,-0.0184075366,
1334334265,0.09691673749,-0.01817152853,
1334534285,0.09775572141,-0.01845430227,
1334734304,0.09828387273,-0.01938646024,
1334934324,0.0994118228,-0.01918592407,
1335134344,0.09946772811,-0.01988766024,
1335334364,0.1004673855,-0.02017665089,
1335534383,0.1002239097,-0.02029889505,
1335734403,0.1017709256,-0.02049367459,
1335934423,0.1019310972,-0.02059095737,
1336134443,0.1024418,-0.02084030983,
1336334462,0.1030844766,-0.02227593165,
1336534482,0.1037868075,-0.02194917607,
1336734502,0.1040494034,-0.02280084309,
1336934522,0.1041821537,-0.02293748822,
1337134541,0.1053910767,-0.02376129259,
1337334561,0.1051480579,-0.02402968838,
1337534581,0.1051530509,-0.02420192093,
1337734601,0.1063601602,-0.02489293113,
1337934620,0.1071653183,-0.02531687403,
1338134640,0.1069863688,-0.02615782863,
1338334660,0.1080580588,-0.02689937399,
1338534680,0.1081607057,-0.02798036804,
1338734699,0.1074987905,-0.02769074148,
1338934719,0.1080886389,-0.02957236673,
1339134739,0.1083840748,-0.02988718189,
1339334759,0.1091168475,-0.03052576809,
1339534778,0.1093449649,-0.03118903283,
1339734798,0.1092710991,-0.03194964003,
1339934818,0.1092914192,-0.0323886251,
1340134838,0.1092670157,-0.03262605104,
1340334857,0.109958846,-0.03359483372,
1340534877,0.1094997262,-0.03451840046,
1340734897,0.1091789209,-0.03483989099,
1340934917,0.1104469398,-0.03632865714,
1341134936,0.1098769252,-0.03683091347,
1341334956,0.1097157968,-0.03752430879,
1341534976,0.1103807277,-0.03864289739,
1341734996,0.1089166566,-0.03920628291,
1341935015,0.1089950349,-0.03995954118,
1342135035,0.1089361156,-0.04013861392,
1342335055,0.1094218131,-0.04132032942,
1342535075,0.1088085555,-0.04154537983,
1342735094,0.109010351,-0.0426650616,
1342935114,0.1081492624,-0.04312764836,
1343135134,0.1078954979,-0.04388533411,
1343335154,0.1077077478,-0.04472931619,
1343535173,0.1067395682,-0.04562055704,
1343735193,0.106854432,-0.04594724789,
1343935213,0.1057246501,-0.04659195833,
1344135233,0.1060756271,-0.04753750788,
1344335252,0.1056934482,-0.04797271706,
1344535272,0.1050125731,-0.04798287299,
1344735292,0.1049155671,-0.04878576585,
1344935312,0.1042413284,-0.04951349012,
1345135331,0.1039059016,-0.04997065009,
1345335351,0.1033763726,-0.05119038284,
1345535371,0.1032527834,-0.05167806753,
1345735391,0.1022986779,-0.05136063377,
1345935410,0.1014204693,-0.05248064119,
1346135430,0.1007968533,-0.05223857912,
1346335450,0.09985139292,-0.05293242314,
1346535470,0.09897668408,-0.0535867888,
1346735489,0.09805056803,-0.05352924536,
1346935509,0.09732354854,-0.05351355164,
1347135529,0.09745511485,-0.05406358831,
1347335549,0.09664627025,-0.05400930875,
1347535568,0.09557589282,-0.05429491393,
1347735588,0.0949765188,-0.05364156561,
1347935608,0.09432600473,-0.05377334456,
1348135628,0.09275559475,-0.0542183891,
1348335647,0.09304067049,-0.0528068688,
1348535667,0.09169777856,-0.05309312929,
1348735687,0.09071315116,-0.05292872117,
1348935707,0.09112395065,-0.05289639948,
1349135726,0.08985133027,-0.05201680038,
1349335746,0.09004908303,-0.05181802372,
1349535766,0.0890250064,-0.05142157892,
1349735786,0.08839977165,-0.05133833662,
1349935805,0.08782720722,-0.05099268394,
1350135825,0.08772242007,-0.05048069121,
1350335845,0.0873202081,-0.05029863434,
1350535865,0.08759243373,-0.04996682651,
1350735884,0.08660046858,-0.04946984937,
1350935904,0.08670518084,-0.0488417167,
1351135924,0.08646993502,-0.04886343819,
1351335944,0.08681630692,-0.04772531953,
1351535963,0.08651385023,-0.04751365729,
1351735983,0.08572603503,-0.04647750035,
1351936003,0.0863164764,-0.04648999838,
1352136023,0.08546720798,-0.04658009918,
1352336042,0.08556624539,-0.04529631524,
1352536062,0.08583474895,-0.04492020737,
1352736082,0.08622967759,-0.04462037979,
1352936102,0.0863526839,-0.04390802217,
1353136121,0.08657551682,-0.04330558294,
1353336141,0.08577109312,-0.0434754442,
1353536161,0.0865343809,-0.04322166746,
1353736181,0.08730504766,-0.04235721101,
1353936200,0.08811610006,-0.04201681886,
1354136220,0.08803940203,-0.04163077582,
1354336240,0.08829759158,-0.04119156195,
1354536260,0.08865204321,-0.04173813237,
1354736279,0.0894902102,-0.0413958935,
1354936299,0.09025919852,-0.04086386059,
1355136319,0.09046929844,-0.0412267068,
1355336339,0.09148186818,-0.0421727221,
1355536358,0.09190575148,-0.04208198045,
1355736378,0.0923952594,-0.04194196008,
1355936398,0.09298178543,-0.04217657629,
1356136418,0.09342672468,-0.04380039903,
1356336437,0.0930146634,-0.04406191872,
1356536457,0.09391329949,-0.04423384418,
1356736477,0.09363146467,-0.04547123976,
1356936497,0.09420308619,-0.04618212371,
1357136516,0.09433001654,-0.04625989744,
1357336536,0.09398516217,-0.04715642443,
1357536556,0.09384371987,-0.04820493352,
1357736576,0.09317046684,-0.0491771262,
1357936595,0.09265294417,-0.04966487645,
1358136615,0.09175010834,-0.05056510406,
1358336635,0.09268869016,-0.05108814596,
1358536655,0.09161479712,-0.05146572008,
1358736675,0.09055495966,-0.05240769084,
1358936694,0.09006345019,-0.05185451822,
1359136714,0.08881819222,-0.05295505162,
1359336734,0.08848057407,-0.05307100806,
1359536754,0.08692310538,-0.05324844289,
1359736773,0.08642776133,-0.05302190376,
1359936793,0.08614230161,-0.05322214669,
1360136813,0.08504623717,-0.0531648648,
1360336833,0.0840892186,-0.05360755658,
1360536852,0.08399086583,-0.05288767245,
1360736872,0.08290023779,-0.05275007573,
1360936892,0.08167048587,-0.05243456244,
1361136912,0.08110131781,-0.05177586716,
1361336931,0.08015421038,-0.05136478262,
1361536951,0.07866028846,-0.05056520208,
1361736971,0.07851837034,-0.05068539394,
1361936991,0.07750801069,-0.04911490288,
1362137010,0.07724734112,-0.04816743891,
1362337030,0.07713551399,-0.04797314155,
1362537050,0.07560152111,-0.04688349179,
1362737070,0.0759126546,-0.0450946692,
1362937089,0.07542330113,-0.04476264143,
1363137109,0.07542854392,-0.0431211962,
1363337129,0.07518309107,-0.04214512974,
1363537149,0.07589619663,-0.04120552984,
1363737168,0.07563966003,-0.0395552479,
1363937188,0.07574258515,-0.03843737507,
1364137208,0.07624615186,-0.03681674865,
1364337228,0.07638023421,-0.03551423934,
1364537247,0.07725076552,-0.03511598288,
1364737267,0.07721022781,-0.03415441951,
1364937287,0.07815393678,-0.03249814279,
1365137307,0.07889112257,-0.03148307976,
1365337326,0.0808747129,-0.03073727582,
1365537346,0.08091606006,-0.02988993287,
1365737366,0.08240390736,-0.0289003515,
1365937386,0.08307534145,-0.02840429761,
1366137405,0.08516553024,-0.02816726035,
1366337425,0.0861896212,-0.02723701339,
1366537445,0.08788878709,-0.02718918016,
1366737465,0.08892660498,-0.02681117032,
1366937484,0.09008862546,-0.02733805058,
1367137504,0.0912868419,-0.0270551219,
1367337524,0.0924092555,-0.02753877125,
1367537544,0.0939814432,-0.02742615047,
1367737563,0.09472857598,-0.02849807212,
1367937583,0.09689071128,-0.02961893039,
1368137603,0.09759169491,-0.02995506537,
1368337623,0.09877696273,-0.03073898631,
1368537642,0.0999633236,-0.03129197118,
1368737662,0.09992911766,-0.03202388682,
1368937682,0.1011702417,-0.03316171918,
1369137702,0.1015869203,-0.03458941582,
1369337721,0.1021257264,-0.03520664654,
1369537741,0.1026041813,-0.03613272366,
1369737761,0.1031742586,-0.03703348282,
1369937781,0.1034521797,-0.03864298586,
1370137800,0.1038118401,-0.03971313206,
1370337820,0.10375625,-0.04028728205,
1370537840,0.103869136,-0.04178933597,
1370737860,0.1032997268,-0.04227905677,
1370937879,0.1037629976,-0.04267495718,
1371137899,0.1041769589,-0.04384850832,
1371337919,0.1040224295,-0.04515089552,
1371537939,0.1030362487,-0.04578662286,
1371737958,0.1031011376,-0.04690771553,
1371937978,0.1033684797,-0.04746567167,
1372137998,0.1026514976,-0.04807724899,
1372338018,0.1026908536,-0.04734101092,
1372538037,0.1026794241,-0.04827105936,
1372738057,0.1013380072,-0.04900083457,
1372938077,0.1018406323,-0.04994604111,
1373138097,0.1011826105,-0.05003150114,
1373338116,0.1011743372,-0.05034641983,
1373538136,0.1013982207,-0.0502185932,
1373738156,0.1013964877,-0.05124476506,
1373938176,0.100931577,-0.05191486063,
1374138195,0.1012591389,-0.05231203745,
1374338215,0.1010280081,-0.05319096053,
1374538235,0.1002331878,-0.05291129243,
1374738255,0.1012921925,-0.05380938996,
1374938274,0.1002644517,-0.05439651429,
1375138294,0.1004446803,-0.05495980764,
1375338314,0.1006107638,-0.05588566622,
1375538334,0.1002733749,-0.05655463666,
1375738353,0.1000797424,-0.05591833719,
1375938373,0.09999325269,-0.05676487129,
1376138393,0.09899404004,-0.05817092856,
1376338413,0.09905305237,-0.05802722622,
1376538432,0.09845151614,-0.0586549811,
1376738452,0.09772465491,-0.06033878981,
1376938472,0.09840093184,-0.06054540914,
1377138492,0.09774817461,-0.0611665985,
1377338511,0.09732583247,-0.06191553005,
1377538531,0.0966091189,-0.06286137817,
1377738551,0.09589945749,-0.06311753916,
1377938571,0.09498888878,-0.06388680866,
1378138590,0.09493645259,-0.06427203526,
1378338610,0.09468441625,-0.06483006423,
1378538630,0.09405038489,-0.06559964953,
1378738650,0.09317448277,-0.06617320605,
1378938669,0.09241569621,-0.0665898708,
1379138689,0.09100570636,-0.0678170807,
1379338709,0.09064389095,-0.06769330517,
1379538729,0.0897959684,-0.06907261476,
1379738748,0.08938117849,-0.06879268825,
1379938768,0.08788636654,-0.06997738072,
1380138788,0.08724515811,-0.06974860644,
1380338808,0.08583351239,-0.06952665654,
1380538827,0.08423597405,-0.07124213472,
1380738847,0.08358401973,-0.07113883368,
1380938867,0.08198890396,-0.07060208538,
1381138887,0.08059010318,-0.07066997383,
1381338906,0.08006346455,-0.07078111558,
1381538926,0.07950169415,-0.07064307289,
1381738946,0.07703564976,-0.07073701803,
1381938966,0.07662817329,-0.07085704382,
1382138985,0.07447573343,-0.06947323244,
1382339005,0.07398441114,-0.06931926807,
1382539025,0.07347479222,-0.06927117288,
1382739045,0.07099287546,-0.06822956571,
1382939064,0.07002798684,-0.06748143429,
1383139084,0.06931077783,-0.06623326713,
1383339104,0.06811265626,-0.06581353631,
1383539124,0.0669666963,-0.06536506014,
1383739144,0.06656639808,-0.06413513549,
1383939163,0.0652133887,-0.06314970749,
1384139183,0.06503572957,-0.06155420306,
1384339203,0.06425297513,-0.06092355051,
1384539223,0.06349981102,-0.05944772018,
1384739242,0.06319162675,-0.05875407915,
1384939262,0.06302768212,-0.05657115195,
1385139282,0.06228466065,-0.05517777466,
1385339302,0.06305380262,-0.05419532193,
1385539321,0.06279248435,-0.05301969765,
1385739341,0.0622606994,-0.05229613994,
1385939361,0.06301058276,-0.050136986,
1386139381,0.06343752765,-0.04965914974,
1386339400,0.06356602879,-0.04828158845,
1386539420,0.06457057248,-0.04736683314,
1386739440,0.06459251156,-0.04639931755,
1386939460,0.06539625533,-0.04590036068,
1387139479,0.06601628381,-0.04486776146,
1387339499,0.06638295347,-0.04476866718,
1387539519,0.06642213061,-0.04401847742,
1387739539,0.06654074309,-0.04279101316,
1387939558,0.0673472851,-0.04220813119,
1388139578,0.06845179661,-0.04204259672,
1388339598,0.06890677191,-0.04166727599,
1388539618,0.06953995117,-0.04060712461,
1388739637,0.07024850332,-0.04064023057,
1388939657,0.07004792497,-0.0397314573,
1389139677,0.07111018513,-0.03989319763,
1389339697,0.07111744535,-0.03990581772,
1389539716,0.07293246859,-0.03942325269,
1389739736,0.07300784332,-0.03932962047,
1389939756,0.07317739172,-0.03905884093,
1390139776,0.07412442108,-0.03882641638,
1390339795,0.07451076508,-0.03895092264,
1390539815,0.07532152639,-0.03947301815,
1390739835,0.07534209316,-0.03914704045,
1390939855,0.07699455992,-0.03915419854,
1391139874,0.07649546191,-0.03967766063,
1391339894,0.07683229757,-0.03921092694,
1391539914,0.07824576947,-0.03937442416,
1391739934,0.07823642797,-0.03993818015,
1391939953,0.07817187679,-0.04001319522,
1392139973,0.07876360145,-0.04078600955,
1392339993,0.07896694588,-0.04076962591,
1392540013,0.0792251435,-0.04162045922,
1392740032,0.0792877602,-0.04094753304,
1392940052,0.07893426978,-0.04162231116,
1393140072,0.08016150168,-0.04153535219,
1393340092,0.0798592189,-0.04163160906,
1393540111,0.07931203757,-0.04201491158,
1393740131,0.08048793663,-0.04308768607,
1393940151,0.08008364906,-0.04336264971,
1394140171,0.0801518464,-0.04322676876,
1394340190,0.07971209507,-0.04350171703,
1394540210,0.08027775833,-0.04392576008,
1394740230,0.08004779994,-0.04383489376,
1394940250,0.08021878115,-0.04357738846,
1395140269,0.07984876502,-0.04397377425,
1395340289,0.08024875963,-0.04430621637,
1395540309,0.07942053858,-0.04451674994,
1395740329,0.07966631393,-0.04488327862,
1395940348,0.07906810983,-0.04482007348,
1396140368,0.07964734436,-0.04515002182,
1396340388,0.07960218273,-0.04460527861,
1396540408,0.07955908317,-0.04467961484,
1396740427,0.07910207317,-0.04485236853,
1396940447,0.07784499469,-0.04590358048,
1397140467,0.07842645974,-0.04566862398,
1397340487,0.07912794665,-0.04558415373,
1397540506,0.07818749684,-0.04543236077,
1397740526,0.07803392159,-0.04557753942,
1397940546,0.07762025859,-0.04607759068,
1398140566,0.07686211461,-0.04583968464,
1398340585,0.07675091384,-0.0457573655,
1398540605,0.07645313466,-0.04529108589,
1398740625,0.07691503963,-0.04530250856,
1398940645,0.07643044112,-0.04520797283,
1399140664,0.07584796367,-0.04594692844,
1399340684,0.07578652718,-0.04553188794,
1399540704,0.07510507624,-0.04551241554,
1399740724,0.07547162502,-0.04505000144,
1399940743,0.07460638921,-0.04512236936,
1400140763,0.07429145799,-0.04398648999,
1400340783,0.07475471825,-0.04439166486,
1400540803,0.07432204574,-0.04332530891,
1400740822,0.07350260699,-0.04320059,
1400940842,0.07334349697,-0.04281483109,
1401140862,0.07345097437,-0.04303948488,
1401340882,0.07405611337,-0.04258175406,
1401540901,0.07394564474,-0.04191456912,
1401740921,0.07390190539,-0.04156824679,
1401940941,0.07427860874,-0.04120982605,
1402140961,0.07366686359,-0.04044445946,
1402340980,0.07433780645,-0.04100397818,
1402541000,0.07439268503,-0.04029357993,
1402741020,0.07377703772,-0.04055419472,
1402941040,0.07412964643,-0.03998614852,
1403141059,0.07422233595,-0.03925966842,
1403341079,0.07388334534,-0.03896735977,
1403541099,0.07419760943,-0.03894832777,
1403741119,0.07446540208,-0.03931290472,
1403941138,0.07430942785,-0.03829354118,
1404141158,0.07468356565,-0.03829540472,
1404341178,0.07475519931,-0.03727742573,
1404541198,0.07517883224,-0.03833648844,
1404741217,0.07536623383,-0.03722280462,
1404941237,0.07577867387,-0.03707627165,
1405141257,0.07553551629,-0.03633250168,
1405341277,0.07620450079,-0.03698641418,
1405541296,0.07690113319,-0.03661121188,
1405741316,0.07704160972,-0.0360381467,
1405941336,0.07727590136,-0.03626889504,
1406141356,0.07697991939,-0.03642812336,
1406341375,0.07742001921,-0.03655310346,
1406541395,0.07806764128,-0.03646098745,
1406741415,0.0784601503,-0.03617128026,
1406941435,0.07825715592,-0.03691551681,
1407141454,0.07870856188,-0.03652164855,
1407341474,0.07860845072,-0.03652165663,
1407541494,0.07899788491,-0.03742954948,
1407741514,0.07853660398,-0.03678437364,
1407941534,0.0791149914,-0.0367971868,
1408141553,0.07885279867,-0.03682390713,
1408341573,0.07876443094,-0.03703033123,
1408541593,0.07819343138,-0.03708133713,
1408741613,0.07896503051,-0.03730391969,
1408941632,0.07894633243,-0.03703059095,
1409141652,0.07868900621,-0.03694333281,
1409341672,0.07867120855,-0.03710947372,
1409541692,0.07896344792,-0.036913409,
1409741711,0.07885010731,-0.03780286025,
1409941731,0.07906691786,-0.03754021588,
1410141751,0.07816212983,-0.03720638205,
1410341771,0.0786976007,-0.03669654224,
1410541790,0.07861776216,-0.03702629435,
1410741810,0.0788077005,-0.03680408002,
1410941830,0.07856213676,-0.0370778392,
1411141850,0.07935712191,-0.03634582202,
1411341869,0.0786322084,-0.03621689635,
1411541889,0.07860489619,-0.03634469982,
1411741909,0.07794418143,-0.03599982554,
1411941929,0.07826985834,-0.03586051436,
1412141948,0.07937966664,-0.03575148201,
1412341968,0.07893450582,-0.03508646047,
1412541988,0.07976131342,-0.03532879084,
1412742008,0.07893980858,-0.03564235288,
1412942027,0.07876267852,-0.03559709023,
1413142047,0.07892830111,-0.03488525672,
1413342067,0.07934291189,-0.03497808626,
1413542087,0.08036293129,-0.03427457521,
1413742106,0.07999776292,-0.03484349837,
1413942126,0.08123666383,-0.03502888846,
1414142146,0.08093112372,-0.03463797203,
1414342166,0.08048489769,-0.03531200861,
1414542185,0.08104432611,-0.03444616014,
1414742205,0.08147156811,-0.03577796194,
1414942225,0.08117653148,-0.03470453938,
1415142245,0.08100941203,-0.03516532191,
1415342264,0.08062508829,-0.03566257021,
1415542284,0.08101954043,-0.03562570003,
1415742304,0.08164095881,-0.03582362979,
1415942324,0.08185438439,-0.03585334525,
1416142343,0.08164570054,-0.03525443139,
1416342363,0.08182957676,-0.03542229869,
1416542383,0.08173230483,-0.03636654379,
1416742403,0.0819992325,-0.03571221255,
1416942422,0.0814448817,-0.03568917248,
1417142442,0.08171600697,-0.03555195871,
1417342462,0.08217332086,-0.03569263989,
1417542482,0.08129531248,-0.03557424082,
1417742501,0.08207892724,-0.0359906117,
1417942521,0.0814282917,-0.03631946891,
1418142541,0.08125457511,-0.03616284854,
1418342561,0.08193617921,-0.03599410608,
1418542580,0.08198154448,-0.03667757422,
1418742600,0.08230390095,-0.03643380613,
1418942620,0.08187246936,-0.03678367934,
1419142640,0.08208821526,-0.03707122403,
1419342659,0.08162095837,-0.0374522652,
1419542679,0.08172806858,-0.03784936329,
1419742699,0.08084412493,-0.0375657537,
1419942719,0.08092150669,-0.03741354968,
1420142738,0.08091296128,-0.03738410244,
1420342758,0.08005503011,-0.0383613565,
1420542778,0.08040506571,-0.03837018988,
1420742798,0.07932336019,-0.03875786957,
1420942817,0.07821193033,-0.03859869642,
1421142837,0.07836880226,-0.03845249466,
1421342857,0.07798520725,-0.03810418643,
1421542877,0.07763898665,-0.03809726196,
1421742896,0.07670046712,-0.03814686812,
1421942916,0.07614250721,-0.03714242026,
1422142936,0.07505922421,-0.03735061616,
1422342956,0.07501926278,-0.03723261807,
1422542975,0.07437150714,-0.03612751534,
1422742995,0.07354277831,-0.03586118918,
1422943015,0.07289093015,-0.03528484393,
1423143035,0.07259771653,-0.03412797283,
1423343054,0.07278478914,-0.03290365671,
1423543074,0.07177584994,-0.03245417795,
1423743094,0.0721061117,-0.03095902447,
1423943114,0.07178063199,-0.03023450911,
1424143133,0.07168954135,-0.02920555117,
1424343153,0.07165209742,-0.02783935185,
1424543173,0.07289521128,-0.02737774744,
1424743193,0.07234258669,-0.02579701156,
1424943212,0.07322913072,-0.02457536533,
1425143232,0.07340408017,-0.02331924241,
1425343252,0.07316996733,-0.02348828514,
1425543272,0.07414124943,-0.02232677328,
1425743291,0.07492764797,-0.02140601985,
1425943311,0.07622648225,-0.02043800733,
1426143331,0.07632616925,-0.01957170374,
1426343351,0.07826946363,-0.01948002726,
1426543370,0.07863730436,-0.01858383833,
1426743390,0.07988879153,-0.01774005108,
1426943410,0.08066462935,-0.01790754618,
1427143430,0.08159706267,-0.01800527565,
1427343449,0.0826955195,-0.01779263073,
1427543469,0.08387113498,-0.01780472031,
1427743489,0.08424452156,-0.01791477554,
1427943509,0.08543314122,-0.01773703854,
1428143528,0.08634662967,-0.01791527624,
1428343548,0.08734070543,-0.01842733891,
1428543568,0.08848604148,-0.01838556696,
1428743588,0.08965107775,-0.01886547815,
1428943607,0.08918055013,-0.01951112717,
1429143627,0.08997010023,-0.01928438913,
1429343647,0.09069650772,-0.02040473581,
1429543667,0.09151241647,-0.0206442664,
1429743686,0.09197598358,-0.02148380933,
1429943706,0.09290738957,-0.02195966972,
1430143726,0.0933214825,-0.0219804236,
1430343746,0.09281031776,-0.02232312234,
1430543765,0.09256956097,-0.02343914658,
1430743785,0.0934773511,-0.02453014482,
1430943805,0.09353780752,-0.02475404598,
1431143825,0.0933202414,-0.02472407768,
1431343844,0.09374426069,-0.02479304443,
1431543864,0.09393577466,-0.02557509115,
1431743884,0.09354637427,-0.02539385636,
1431943904,0.09388140716,-0.02607809679,
1432143923,0.09313334755,-0.02729488368,
1432343943,0.09283551295,-0.02711272997,
1432543963,0.09311673924,-0.02767825296,
1432743983,0.09301070007,-0.02788346065,
1432944003,0.09255964242,-0.0275342232,
1433144022,0.09185025464,-0.02799302536,
1433344042,0.09231237926,-0.02812983356,
1433544062,0.09191145161,-0.02775475689,
1433744082,0.09178654891,-0.02825501715,
1433944101,0.09232140959,-0.02802758632,
1434144121,0.09130393335,-0.02756303529,
1434344141,0.09208615764,-0.02784830032,
1434544161,0.09175040025,-0.02724051212,
1434744180,0.09131227586,-0.02770166889,
1434944200,0.0914013431,-0.02675964042,
1435144220,0.09158083576,-0.02690096393,
1435344240,0.0913087686,-0.02596757619,
1435544259,0.09145660351,-0.02646959868,
1435744279,0.09198540411,-0.02624367048,
1435944299,0.09186845496,-0.02643596209,
1436144319,0.09242901752,-0.02594849324,
1436344338,0.09229781199,-0.0251711796,
1436544358,0.09245114532,-0.0262213415,
1436744378,0.09273883348,-0.02544538629,
1436944398,0.09353010421,-0.02519963158,
1437144417,0.09310187601,-0.02673745201,
1437344437,0.09361449686,-0.02693598566,
1437544457,0.09320566624,-0.02557691253,
1437744477,0.09405731346,-0.02639557626,
1437944496,0.09404726404,-0.02651872604,
1438144516,0.09387915653,-0.02671607054,
1438344536,0.09372777207,-0.0267858584,
1438544556,0.09417487324,-0.02598376328,
1438744575,0.09365972938,-0.02617069801,
1438944595,0.09390986627,-0.02585055824,
1439144615,0.094022775,-0.026565296,
1439344635,0.09378633904,-0.02575492045,
1439544654,0.09342329369,-0.02590886917,
1439744674,0.09369566331,-0.02561944876,
1439944694,0.09342791931,-0.02533230967,
1440144714,0.09302290563,-0.02499072651,
1440344733,0.09383433866,-0.02476653503,
1440544753,0.09406140499,-0.02422304754,
1440744773,0.09452637244,-0.02342913716,
1440944793,0.09384324651,-0.02385802489,
1441144812,0.09456038846,-0.0230653932,
1441344832,0.09485029673,-0.02263941998,
1441544852,0.09506631221,-0.02297243036,
1441744872,0.09552265843,-0.02183438763,
1441944891,0.09646886417,-0.02184195957,
1442144911,0.09648775856,-0.02215396323,
1442344931,0.09671200502,-0.022019284,
1442544951,0.0976638452,-0.02131037145,
1442744970,0.09777756305,-0.02178825587,
1442944990,0.09865153077,-0.02176201905,
1443145010,0.09948205015,-0.02174693664,
1443345030,0.09959301187,-0.02207083002,
1443545049,0.1001499135,-0.02283242986,
1443745069,0.1001780243,-0.02232262867,
1443945089,0.1016000879,-0.0224790224,
1444145109,0.1016716651,-0.02288276514,
1444345128,0.1018626388,-0.02274135683,
1444545148,0.1025782133,-0.02342220639,
1444745168,0.1018821887,-0.023266891,
1444945188,0.1031204893,-0.0234965865,
1445145207,0.1026112243,-0.02394688648,
1445345227,0.1032410442,-0.02331642695,
1445545247,0.1029418924,-0.02424889772,
1445745267,0.1033603265,-0.02608087335,
1445945286,0.1030657484,-0.02461996606,
1446145306,0.1045443026,-0.02378948474,
1446345326,0.1037618986,-0.02551723767,
1446545346,0.1044459407,-0.02495972722,
1446745365,0.104351904,-0.02458455255,
1446945385,0.1046043889,-0.02549514095,
1447145405,0.1053934351,-0.02520747128,
1447345425,0.1048868236,-0.02563232522,
1447545444,0.1052290566,-0.02518531316,
1447745464,0.1050627671,-0.02523422669,
1447945484,0.1056831513,-0.02478403429,
1448145504,0.1055274301,-0.02554136643,
1448345523,0.1061211867,-0.0260009235,
1448545543,0.1058600986,-0.02598284025,
1448745563,0.1065915693,-0.02535989392,
1448945583,0.1063497219,-0.02624872176,
1449145602,0.1069341734,-0.02490959178,
1449345622,0.106834672,-0.02621521326,
1449545642,0.1072665565,-0.02474846297,
1449745662,0.1072966423,-0.02568768962,
1449945681,0.1071009043,-0.02508379748,
1450145701,0.1081048624,-0.02520613261,
1450345721,0.1074946225,-0.0251098325,
1450545741,0.1082900073,-0.02465654505,
1450745760,0.1089324079,-0.02579804089,
1450945780,0.1088820167,-0.02555195462,
1451145800,0.1101423458,-0.02588111144,
1451345820,0.1105831892,-0.02525728823,
1451545839,0.1110731569,-0.0256813114,
1451745859,0.1109312056,-0.0245222047,
1451945879,0.1120220517,-0.02556906913,
1452145899,0.1128426737,-0.02647376191,
1452345918,0.1132790095,-0.02528074243,
1452545938,0.1130618287,-0.02659313358,
1452745958,0.1140259582,-0.0269865047,
1452945978,0.1153268051,-0.02706550204,
1453145997,0.115615742,-0.02692344391,
1453346017,0.1159326153,-0.02783181414,
1453546037,0.1167872677,-0.02802204052,
1453746057,0.1173366134,-0.02833150287,
1453946076,0.1178207833,-0.02928954358,
1454146096,0.1187813469,-0.03004114802,
1454346116,0.1192670332,-0.03061526475,
1454546136,0.1192234732,-0.03201370482,
1454746155,0.1198754398,-0.03237600617,
1454946175,0.1196935535,-0.03359244926,
1455146195,0.1199042564,-0.034517578,
1455346215,0.1202252406,-0.03571430566,
1455546234,0.1209652622,-0.03656153118,
1455746254,0.1202472899,-0.03833779113,
1455946274,0.120724427,-0.03834441845,
1456146294,0.120380934,-0.03983879323,
1456346313,0.1197619891,-0.04029984878,
1456546333,0.1200234095,-0.04129596722,
1456746353,0.1195237474,-0.0422655421,
1456946373,0.1185409325,-0.04332987945,
1457146393,0.1181121809,-0.04387832661,
1457346412,0.1173434362,-0.04453345126,
1457546432,0.1176040731,-0.04512506993,
1457746452,0.1167048743,-0.04608927545,
1457946472,0.1146783761,-0.04668082121,
1458146491,0.1141242998,-0.04754888176,
1458346511,0.1140478491,-0.04607670121,
1458546531,0.1129746174,-0.04769884589,
1458746551,0.1127391881,-0.04703157489,
1458946570,0.1117108774,-0.04692824678,
1459146590,0.1115321873,-0.04680969319,
1459346610,0.1098906196,-0.04746885176,
1459546630,0.1095945609,-0.04669667429,
1459746649,0.1093496694,-0.04718196414,
1459946669,0.1086719618,-0.04673522883,
1460146689,0.1080304824,-0.04655440294,
1460346709,0.1081096834,-0.04592240477,
1460546728,0.1082420976,-0.04589268703,
1460746748,0.1081028303,-0.04608833789,
1460946768,0.1074625074,-0.04542453853,
1461146788,0.1077634532,-0.04517884196,
1461346807,0.1078196205,-0.04456221638,
1461546827,0.107832019,-0.04467536219,
1461746847,0.1073335097,-0.04490960931,
1461946867,0.1075486852,-0.0445686169,
1462146886,0.1077645346,-0.04444497774,
1462346906,0.1074385674,-0.04440877495,
1462546926,0.1087607459,-0.04462244777,
1462746946,0.1083532279,-0.04491533899,
1462946965,0.1075551789,-0.04495924035,
1463146985,0.1070802393,-0.04454808336,
1463347005,0.107151008,-0.045388104,
1463547025,0.1059254548,-0.04512366846,
1463747044,0.1069689997,-0.04448773898,
1463947064,0.106918427,-0.04486090761,
1464147084,0.1061556442,-0.04449211906,
1464347104,0.1063072183,-0.04439523878,
1464547123,0.1057525364,-0.04479056319,
1464747143,0.105850065,-0.04495364453,
1464947163,0.104643768,-0.04495107041,
1465147183,0.1060974914,-0.0443518311,
1465347202,0.1048250319,-0.04472953853,
1465547222,0.1047096702,-0.04414959572,
1465747242,0.1044077672,-0.04389089068,
1465947262,0.104270022,-0.04340860691,
1466147281,0.1046391686,-0.04243406685,
1466347301,0.1044230931,-0.04318046404,
1466547321,0.1038154035,-0.04173668602,
1466747341,0.1042752436,-0.04222120544,
1466947360,0.1042633144,-0.04170940514,
1467147380,0.1043048874,-0.04128319803,
1467347400,0.1050812228,-0.0412562152,
1467547420,0.1051637305,-0.04053279096,
1467747439,0.1052659646,-0.04076653067,
1467947459,0.1056149057,-0.0402749633,
1468147479,0.1057723102,-0.04035953096,
1468347499,0.106938866,-0.03964035144,
1468547518,0.1072163204,-0.04014390377,
1468747538,0.1061543366,-0.03936976616,
1468947558,0.1066118358,-0.03983691761,
1469147578,0.1077136124,-0.03937184121,
1469347597,0.1082442381,-0.03956571666,
1469547617,0.108848146,-0.04061264354,
1469747637,0.1088546411,-0.04121495759,
1469947657,0.1091294828,-0.04055542593,
1470147676,0.1095612796,-0.0414715904,
1470347696,0.1084752678,-0.04130931176,
1470547716,0.1088148257,-0.04138644011,
1470747736,0.1085550092,-0.0414957661,
1470947755,0.1099358923,-0.04262306258,
1471147775,0.1099261621,-0.04234924623,
1471347795,0.1095447236,-0.04180412944,
1471547815,0.1092459044,-0.04289166689,
1471747834,0.1093984306,-0.04267675894,
1471947854,0.108686169,-0.04293536482,
1472147874,0.1089130208,-0.04342204325,
1472347894,0.109194672,-0.0438555426,
1472547913,0.108575684,-0.04430649475,
1472747933,0.1094607131,-0.04369341176,
1472947953,0.1088018928,-0.04448147202,
1473147973,0.1084334075,-0.04479799266,
1473347992,0.1079218639,-0.04351166411,
1473548012,0.107905359,-0.0450877201,
1473748032,0.1080272384,-0.0447207297,
1473948052,0.1080519426,-0.04460265766,
1474148071,0.1076432748,-0.04389791138,
1474348091,0.107481167,-0.04464557808,
1474548111,0.1074021665,-0.04480198344,
1474748131,0.1068149636,-0.04449265107,
1474948150,0.107524292,-0.04344833334,
1475148170,0.1063021861,-0.04355426131,
1475348190,0.1062670362,-0.04343628339,
1475548210,0.106995872,-0.04370731424,
1475748229,0.1069540147,-0.04322577354,
1475948249,0.1066770359,-0.04290136603,
1476148269,0.1064148767,-0.0426454174,
1476348289,0.1063106576,-0.04268442103,
1476548308,0.1069670101,-0.04280156732,
1476748328,0.1066958508,-0.04217912721,
1476948348,0.1065553459,-0.04259479734,
1477148368,0.1070402051,-0.04244723299,
1477348387,0.1068631838,-0.04202491452,
1477548407,0.1068203509,-0.04218155833,
1477748427,0.1070751847,-0.04194713047,
1477948447,0.1073512638,-0.04247380444,
1478148466,0.1070105832,-0.04178243408,
1478348486,0.1077102346,-0.04236522171,
1478548506,0.1073296189,-0.04180850627,
1478748526,0.1070396362,-0.04189249826,
1478948545,0.1075741982,-0.04160461349,
1479148565,0.1076451694,-0.04208361044,
1479348585,0.1080159254,-0.04153743684,
1479548605,0.1074993149,-0.04172774696,
1479748624,0.1079411818,-0.04138193114,
1479948644,0.1078157537,-0.0412418591,
1480148664,0.1072812724,-0.0411845159,
1480348684,0.1075950922,-0.04190023006,
1480548703,0.1076676511,-0.04103163451,
1480748723,0.1078346746,-0.04059057444,
1480948743,0.1074919727,-0.04091363072,
1481148763,0.1088221659,-0.04029634221,
1481348782,0.1077471875,-0.04033094408,
1481548802,0.1080689048,-0.0405823603,
1481748822,0.1077937312,-0.03943816008,
1481948842,0.1089083907,-0.04030255842,
1482148862,0.1101416465,-0.04012404535,
1482348881,0.1089978929,-0.04030502059,
1482548901,0.1095667071,-0.04030127008,
1482748921,0.1089322602,-0.03980750973,
1482948941,0.1092632601,-0.03972733446,
1483148960,0.1090054232,-0.03973523853,
1483348980,0.1098321918,-0.03957481645,
1483549000,0.1093099537,-0.03998669458,
1483749020,0.109658168,-0.04009199081,
1483949039,0.1090886955,-0.03951054869,
1484149059,0.1093935356,-0.0392316648,
1484349079,0.1092402596,-0.03889419062,
1484549099,0.1102837622,-0.03956506603,
1484749118,0.1098904876,-0.03921685226,
1484949138,0.1099361527,-0.03917577832,
1485149158,0.1098544303,-0.03921932233,
1485349178,0.1098367901,-0.03877383465,
1485549197,0.1096742224,-0.03880086011,
1485749217,0.1095581461,-0.03853469085,
1485949237,0.1097761965,-0.03802293342,
1486149257,0.1098850187,-0.03796804489,
1486349276,0.1098806882,-0.03741065054,
1486549296,0.1109353816,-0.03679012111,
1486749316,0.1106119766,-0.03653606166,
1486949336,0.1112874071,-0.0359110225,
1487149355,0.111887315,-0.03578170561,
1487349375,0.1125061412,-0.03613368373,
1487549395,0.111899217,-0.03522841639,
1487749415,0.1128219797,-0.03382894799,
1487949434,0.1123648906,-0.03436818504,
1488149454,0.1140125156,-0.03428657668,
1488349474,0.11393642,-0.03391146664,
1488549494,0.1149624839,-0.03295324725,
1488749513,0.1161408327,-0.03299193153,
1488949533,0.1164436432,-0.03282400995,
1489149553,0.1177644895,-0.03295814875,
1489349573,0.1180864282,-0.03251627181,
1489549592,0.1190638252,-0.03346802461,
1489749612,0.1204621832,-0.03295672703,
1489949632,0.1207208427,-0.03393428084,
1490149652,0.1228740148,-0.03383927345,
1490349671,0.1225723378,-0.03346827215,
1490549691,0.1232257023,-0.03434433431,
1490749711,0.1241223424,-0.03490515321,
1490949731,0.1247466779,-0.03515202756,
1491149750,0.1257530985,-0.0357458306,
1491349770,0.1260741295,-0.03661683245,
1491549790,0.1270496632,-0.03713293867,
1491749810,0.1281504096,-0.03720669335,
1491949829,0.1279284773,-0.03866776704,
1492149849,0.1287294372,-0.03816593012,
1492349869,0.1279696434,-0.04001808886,
1492549889,0.1292628199,-0.0399229627,
1492749908,0.1302162765,-0.0417769981,
1492949928,0.1299627996,-0.04204511383,
1493149948,0.1301447676,-0.04278428264,
1493349968,0.1301756628,-0.0434798631,
1493549987,0.1297907837,-0.04517811952,
1493750007,0.1303654172,-0.04492909579,
1493950027,0.1302719397,-0.04585462926,
1494150047,0.1306099057,-0.04645619613,
1494350066,0.131280664,-0.04757742299,
1494550086,0.1310108739,-0.04902223901,
1494750106,0.1310162685,-0.04938669464,
1494950126,0.1304507477,-0.04958308144,
1495150145,0.1312624102,-0.05083769177,
1495350165,0.1303113231,-0.0518956149,
1495550185,0.1307156613,-0.05284146515,
1495750205,0.1296893999,-0.05262217138,
1495950224,0.1299264818,-0.05345720075,
1496150244,0.1297814835,-0.05503756389,
1496350264,0.1295334559,-0.05571053954,
1496550284,0.1284800409,-0.05547352239,
1496750303,0.128265645,-0.05641340242,
1496950323,0.1268674709,-0.05699609553,
1497150343,0.1275531316,-0.058186656,
1497350363,0.1257934063,-0.05818306272,
1497550382,0.1259484403,-0.05778395873,
1497750402,0.1234823153,-0.06194185806,
1497950422,0.124439585,-0.05896417596,
1498150442,0.1233390725,-0.05943481522,
1498350461,0.1226928284,-0.05925712628,
1498550481,0.1227907809,-0.05909369909,
1498750501,0.1225090897,-0.05898452621,
1498950521,0.1225705001,-0.05874442715,
1499150540,0.1219543796,-0.0585114754,
1499350560,0.1207727942,-0.0580744318,
1499550580,0.1213037252,-0.05820695457,
1499750600,0.1205410247,-0.05818446268,
1499950619,0.1203213435,-0.0579458045,
1500150639,0.1206933847,-0.05741090723,
1500350659,0.1209935757,-0.0574484031,
1500550679,0.1208383512,-0.05797805663,
1500750698,0.1206976475,-0.05720527102,
1500950718,0.1204332505,-0.05769220913,
1501150738,0.1205068972,-0.05738919029,
1501350758,0.1202322021,-0.05726549668,
1501550777,0.1206841168,-0.05776050573,
1501750797,0.1210933331,-0.05786668318,
1501950817,0.1203547821,-0.05759310983,
1502150837,0.121986981,-0.05793609859,
1502350856,0.1207430675,-0.05803897796,
1502550876,0.1205957089,-0.05816982839,
1502750896,0.1209457044,-0.05840016958,
1502950916,0.1207726258,-0.05832202215,
1503150935,0.1213154395,-0.05957561952,
1503350955,0.1214100618,-0.05923335148,
1503550975,0.1206093134,-0.05953723622,
1503750995,0.1204472691,-0.05956514175,
1503951014,0.1200978329,-0.0599073505,
1504151034,0.1209227241,-0.060105078,
1504351054,0.1209787418,-0.06029697647,
1504551074,0.1206645291,-0.06090135081,
1504751093,0.1206116492,-0.0604074581,
1504951113,0.1210165865,-0.06112329351,
1505151133,0.1199467846,-0.06103402972,
1505351153,0.1198647567,-0.06147743459,
1505551172,0.1194044581,-0.06213703778,
1505751192,0.1188142748,-0.06255873802,
1505951212,0.1183773078,-0.06219662434,
1506151232,0.1185268056,-0.06180803476,
1506351251,0.1180799546,-0.06183304373,
1506551271,0.1181593903,-0.06164853267,
1506751291,0.1184624719,-0.06206161402,
1506951311,0.1180658375,-0.06280606913,
1507151331,0.118432507,-0.06198039717,
1507351350,0.1177404145,-0.06222567727,
1507551370,0.1189572023,-0.06234650825,
1507751390,0.1184614275,-0.06594118562,
1507951410,0.1186646473,-0.06239761039,
1508151429,0.1181238625,-0.06230791237,
1508351449,0.1188388693,-0.06220004477,
1508551469,0.11760212,-0.06279869052,
1508751489,0.1180902634,-0.06262191834,
1508951508,0.1183276636,-0.06338288547,
1509151528,0.1184000137,-0.06344213869,
1509351548,0.1187216237,-0.06372126134,
1509551568,0.1185721517,-0.06369967281,
1509751587,0.1188928911,-0.06363792662,
1509951607,0.1192761414,-0.06470600375,
1510151627,0.1189104369,-0.0655230678,
1510351647,0.119048569,-0.06568613555,
1510551666,0.1190253583,-0.06594317721,
1510751686,0.118937285,-0.06640287061,
1510951706,0.1188413539,-0.06679828775,
1511151726,0.1184976505,-0.06664451248,
1511351745,0.1176105446,-0.06764325502,
1511551765,0.1184213181,-0.06828704343,
1511751785,0.1183053993,-0.06894421719,
1511951805,0.1174035994,-0.06930621917,
1512151824,0.1181200121,-0.0702134833,
1512351844,0.1169051826,-0.07149466053,
1512551864,0.1160750757,-0.07082647315,
1512751884,0.1146012915,-0.07211328301,
1512951903,0.1156291367,-0.07249793607,
1513151923,0.1144223705,-0.07219297045,
1513351943,0.1138353102,-0.07378404881,
1513551963,0.1132339711,-0.07463076552,
1513751982,0.1115857346,-0.0738118703,
1513952002,0.1113933842,-0.07391704384,
1514152022,0.1105201316,-0.07425168647,
1514352042,0.1095377976,-0.07465061115,
1514552061,0.1083762555,-0.07494408323,
1514752081,0.1074619378,-0.07575857829,
1514952101,0.1064920005,-0.07571149877,
1515152121,0.1059088237,-0.07576471626,
1515352140,0.1043269846,-0.07540043353,
1515552160,0.103825726,-0.07509795396,
1515752180,0.1029670298,-0.07438088477,
1515952200,0.1021401884,-0.07442502001,
1516152219,0.1009767605,-0.07365271451,
1516352239,0.1007500891,-0.07360514982,
1516552259,0.09942961642,-0.07270934848,
1516752279,0.098823157,-0.07177640635,
1516952298,0.09822206376,-0.07177265701,
1517152318,0.09755440086,-0.07149004506,
1517352338,0.09815704571,-0.07035102124,
1517552358,0.09745790815,-0.07017826029,
1517752377,0.096567322,-0.06913386745,
1517952397,0.09658006237,-0.069486958,
1518152417,0.09584563055,-0.0675499476,
1518352437,0.09560402111,-0.06789575113,
1518552456,0.09517794727,-0.06677015213,
1518752476,0.09576798263,-0.06630840809,
1518952496,0.09467675936,-0.06657792193,
1519152516,0.09510161731,-0.06604595071,
1519352535,0.09417739314,-0.06533995051,
1519552555,0.09400474973,-0.0638100526,
1519752575,0.09434437354,-0.06355412772,
1519952595,0.09406465718,-0.06345889573,
1520152614,0.09424585286,-0.06309989291,
1520352634,0.09387683225,-0.06289501388,
1520552654,0.09333078275,-0.06234029214,
1520752674,0.09372893027,-0.06149452108,
1520952693,0.09423331561,-0.06100997603,
1521152713,0.09427289737,-0.06056892589,
1521352733,0.0941380953,-0.06046124538,
1521552753,0.09388695452,-0.05964924373,
1521752772,0.09393888956,-0.05983864703,
1521952792,0.09383626802,-0.05877878076,
1522152812,0.09407879849,-0.05860491875,
1522352832,0.09286091603,-0.05845432878,
1522552851,0.09364666916,-0.058334095,
1522752871,0.09398635106,-0.0584474526,
1522952891,0.09372150396,-0.0579436819,
1523152911,0.09309818399,-0.05695941969,
1523352930,0.09339207457,-0.05647235153,
1523552950,0.09324348591,-0.05660758586,
1523752970,0.09264825392,-0.0566136692,
1523952990,0.09339239123,-0.05622997749,
1524153009,0.0927270531,-0.05555379501,
1524353029,0.09221858608,-0.05514631191,
1524553049,0.09196432712,-0.0552810924,
1524753069,0.09209835808,-0.05428177982,
1524953088,0.0926897161,-0.05386625986,
1525153108,0.09226480244,-0.0533509645,
1525353128,0.09185526839,-0.05307593975,
1525553148,0.09154003947,-0.05183271744,
1525753167,0.0916542807,-0.05208923569,
1525953187,0.09128733099,-0.0508804199,
1526153207,0.09175850981,-0.04952964673,
1526353227,0.09176813012,-0.04995365354,
1526553246,0.09197715611,-0.04890718043,
1526753266,0.09127841452,-0.04842125102,
1526953286,0.09193594009,-0.04749429114,
1527153306,0.09212988576,-0.04773801537,
1527353325,0.09304055078,-0.04648878951,
1527553345,0.09252302834,-0.04629054926,
1527753365,0.09327430274,-0.04544134919,
1527953385,0.09351069504,-0.04433889502,
1528153404,0.09403218613,-0.04423977591,
1528353424,0.09342917746,-0.04319323406,
1528553444,0.09477701189,-0.0423561858,
1528753464,0.09495372207,-0.04181595283,
1528953483,0.09470553328,-0.04107345867,
1529153503,0.09594604464,-0.0407007162,
1529353523,0.09619379544,-0.04027882017,
1529553543,0.09738527229,-0.03937409495,
1529753562,0.09796896646,-0.03959744478,
1529953582,0.09865361258,-0.03947669866,
1530153602,0.09945167153,-0.03896372334,
1530353622,0.09962105475,-0.03856499479,
1530553641,0.1007972993,-0.03867773378,
1530753661,0.1014339086,-0.03868563462,
1530953681,0.1018653564,-0.03948118828,
1531153701,0.1032482821,-0.03864572271,
1531353721,0.103173983,-0.03935855656,
1531553740,0.1035799085,-0.03862681086,
1531753760,0.103833365,-0.03939869639,
1531953780,0.1045349082,-0.03949267707,
1532153800,0.1049032721,-0.0397544883,
1532353819,0.1051429181,-0.03969878348,
1532553839,0.1054003351,-0.03980324172,
1532753859,0.1062070218,-0.04039075645,
1532953879,0.1053582037,-0.04102993103,
1533153898,0.1060506871,-0.04041568654,
1533353918,0.1057065458,-0.04099049539,
1533553938,0.1052583591,-0.04134357671,
1533753958,0.1061397513,-0.04050449825,
1533953977,0.10504876,-0.04093041193,
1534153997,0.1057069139,-0.04138031328,
1534354017,0.1061981989,-0.04119844586,
1534554037,0.1052682851,-0.04113942654,
1534754056,0.1058739661,-0.04093572837,
1534954076,0.1060803971,-0.04118957442,
1535154096,0.1054040752,-0.04131377446,
1535354116,0.1059289646,-0.04156247062,
1535554135,0.1053451058,-0.04180267196,
1535754155,0.1063803111,-0.04106887038,
1535954175,0.1058105165,-0.04124589071,
1536154195,0.1053444251,-0.04101579511,
1536354214,0.1054628641,-0.04110238531,
1536554234,0.1048289452,-0.04084943607,
1536754254,0.1051340138,-0.04012666075,
1536954274,0.1043857757,-0.03983776048,
1537154293,0.1048540619,-0.04019196292,
1537354313,0.1047722021,-0.03959623773,
1537554333,0.10431469,-0.03999171318,
1537754353,0.104007207,-0.03849251003,
1537954372,0.1043703537,-0.03813509878,
1538154392,0.1039541893,-0.03745637771,
1538354412,0.1041317206,-0.03698702905,
1538554432,0.1043910517,-0.03618763056,
1538754451,0.1041599659,-0.03564081124,
1538954471,0.1052987225,-0.03440880129,
1539154491,0.1051699513,-0.03384546789,
1539354511,0.1056732449,-0.03417924852,
1539554530,0.1067366621,-0.03269791357,
1539754550,0.1066176456,-0.03306029787,
1539954570,0.1076424992,-0.03243770091,
1540154590,0.108026296,-0.03163097365,
1540354609,0.1089632071,-0.03146830122,
1540554629,0.1085249015,-0.03149586156,
1540754649,0.1095699569,-0.03118793149,
1540954669,0.1108305729,-0.03050351746,
1541154688,0.1111050256,-0.02997663144,
1541354708,0.1120082185,-0.03006370112,
1541554728,0.1119412913,-0.02939157722,
1541754748,0.1132943884,-0.02940280273,
1541954767,0.1139828589,-0.02916098036,
1542154787,0.1145281652,-0.02946575673,
1542354807,0.1154161167,-0.02920089565,
1542554827,0.1155204928,-0.02926478594,
1542754846,0.1165293319,-0.02910159493,
1542954866,0.1173229571,-0.02918474872,
1543154886,0.117142168,-0.03028260499,
1543354906,0.1185093938,-0.02973856742,
1543554925,0.1185920965,-0.0299129822,
1543754945,0.1194518276,-0.02970062986,
1543954965,0.1200513164,-0.03060821808,
1544154985,0.1204954408,-0.03040647362,
1544355004,0.1209315655,-0.03013900175,
1544555024,0.1213498362,-0.03024503531,
1544755044,0.1215140756,-0.03071638741,
1544955064,0.1225995737,-0.03186991402,
1545155083,0.1235312114,-0.03210530215,
1545355103,0.12372037,-0.0313877438,
1545555123,0.1239290699,-0.03196317623,
1545755143,0.1247661606,-0.03264399337,
1545955162,0.1243141183,-0.03288640052,
1546155182,0.1248513868,-0.0329300317,
1546355202,0.1252264773,-0.03355059692,
1546555222,0.1260330605,-0.03485844702,
1546755241,0.1260996787,-0.03507378212,
1546955261,0.1273032029,-0.03580815611,
1547155281,0.1268567687,-0.03653452599,
1547355301,0.127415041,-0.03712436029,
1547555320,0.1277850086,-0.03778150565,
1547755340,0.1271771858,-0.03849009367,
1547955360,0.126675447,-0.03953990039,
1548155380,0.1271245741,-0.03951767546,
1548355399,0.1258233911,-0.03973567286,
1548555419,0.126110695,-0.04130045845,
1548755439,0.1259114054,-0.04120038721,
1548955459,0.1245396778,-0.04138246033,
1549155478,0.1245418692,-0.04173565863,
1549355498,0.1238253875,-0.04163783867,
1549555518,0.1235708726,-0.0422787643,
1549755538,0.1228025047,-0.04223399181,
1549955557,0.1222445285,-0.04235888995,
1550155577,0.121257406,-0.04236529464,
1550355597,0.1216797028,-0.04175660575,
1550555617,0.1210962723,-0.04061429572,
1550755636,0.1199682599,-0.04060812039,
1550955656,0.119337324,-0.0405527775,
1551155676,0.1197792315,-0.04017442669,
1551355696,0.1193553695,-0.03862203475,
1551555715,0.1186966363,-0.03841198681,
1551755735,0.1187001603,-0.03760520174,
1551955755,0.1190415224,-0.03652282349,
1552155775,0.1187543418,-0.03649712472,
1552355794,0.1190716853,-0.03596188461,
1552555814,0.119720402,-0.03507330354,
1552755834,0.1202423475,-0.03411791429,
1552955854,0.1208277336,-0.03330278004,
1553155873,0.1202402376,-0.03237400612,
1553355893,0.1208793266,-0.03208837799,
1553555913,0.1223213551,-0.03183020879,
1553755933,0.122247586,-0.03147318531,
1553955952,0.1227877067,-0.03054617768,
1554155972,0.1229115797,-0.03089435659,
1554355992,0.1233586236,-0.0300784298,
1554556012,0.1244008251,-0.02936980209,
1554756031,0.124608122,-0.02870868737,
1554956051,0.1250955157,-0.02862836404,
1555156071,0.1264567696,-0.02920872759,
1555356091,0.1266384394,-0.0279669529,
1555556110,0.1269558172,-0.02751161683,
1555756130,0.127251985,-0.02764155414,
1555956150,0.1279574675,-0.02696255464,
1556156170,0.128654704,-0.02610959983,
1556356190,0.1298366546,-0.02660614796,
1556556209,0.130659739,-0.02529172018,
1556756229,0.1316545436,-0.02582844151,
1556956249,0.1322343941,-0.02506047731,
1557156269,0.1335041983,-0.02525581744,
1557356288,0.1340248257,-0.02454546774,
1557556308,0.1358241347,-0.02549450137,
1557756328,0.1371579908,-0.02546793904,
1557956348,0.1381162765,-0.02456466057,
1558156367,0.1383307063,-0.02493307186,
1558356387,0.1397329679,-0.02442966297,
1558556407,0.140689392,-0.02491428481,
1558756427,0.1426659597,-0.02507387542,
1558956446,0.1439080733,-0.02618935269,
1559156466,0.1453200223,-0.02590501595,
1559356486,0.1463518296,-0.02754904186,
1559556506,0.148446672,-0.02694468884,
1559756525,0.1492675392,-0.02805324504,
1559956545,0.1508895566,-0.02910881784,
1560156565,0.1522854875,-0.0308592668,
1560356585,0.1533410566,-0.03179549557,
1560556604,0.1543121886,-0.03327252485,
1560756624,0.1548095965,-0.03471788907,
1560956644,0.1554040991,-0.03602343974,
1561156664,0.1560452402,-0.03819603646,
1561356683,0.155982732,-0.03991897746,
1561556703,0.1563077107,-0.04158327439,
1561756723,0.1561794808,-0.04307224133,
1561956743,0.1553141386,-0.04569398701,
1562156762,0.1558384485,-0.0471649832,
1562356782,0.1548997288,-0.04858903107,
1562556802,0.1540077318,-0.04927306026,
1562756822,0.1543789291,-0.05141392094,
1562956841,0.1523261187,-0.05217933038,
1563156861,0.1509881075,-0.05306837968,
1563356881,0.1498779542,-0.05491786427,
1563556901,0.1487272457,-0.05420438788,
1563756920,0.1472871276,-0.05575520583,
1563956940,0.145809557,-0.05556838144,
1564156960,0.1448390212,-0.05516323404,
1564356980,0.1446295258,-0.05578916727,
1564556999,0.1426317918,-0.05571477024,
1564757019,0.1423215924,-0.05577684578,
1564957039,0.1407938943,-0.05464536964,
1565157059,0.1410606594,-0.05518073599,
1565357078,0.1397129109,-0.05457927977,
1565557098,0.1395736151,-0.05302599849,
1565757118,0.1380283665,-0.05318611792,
1565957138,0.1380242063,-0.05295697641,
1566157157,0.1382360932,-0.05164550679,
1566357177,0.1371107736,-0.05080924139,
1566557197,0.1379761323,-0.05001058456,
1566757217,0.1374913235,-0.05025890442,
1566957236,0.1379308924,-0.0488306413,
1567157256,0.1387645428,-0.04850369929,
1567357276,0.1388695165,-0.04794732772,
1567557296,0.1396963488,-0.04761783568,
1567757315,0.139045079,-0.04685335197,
1567957335,0.1403527278,-0.04691787233,
1568157355,0.1402171926,-0.04691875857,
1568357375,0.1411918444,-0.04671276954,
1568557394,0.1417596963,-0.0468563823,
1568757414,0.1427191402,-0.04616944254,
1568957434,0.1428086926,-0.04668409699,
1569157454,0.1439132379,-0.04733787568,
1569357473,0.1444682346,-0.04658958626,
1569557493,0.1448392061,-0.04732883622,
1569757513,0.1458212729,-0.04718817588,
1569957533,0.146593051,-0.04700190398,
1570157552,0.1464122887,-0.04827625252,
1570357572,0.1465133236,-0.04885622529,
1570557592,0.1473715718,-0.04982693658,
1570757612,0.1474645252,-0.04960004491,
1570957631,0.1473257701,-0.05155002347,
1571157651,0.1465454725,-0.05117798312,
1571357671,0.1469909079,-0.05206699625,
1571557691,0.1475081132,-0.05230691167,
1571757710,0.1465881651,-0.05260329428,
1571957730,0.1467911226,-0.0528011502,
1572157750,0.1465536914,-0.05316497469,
1572357770,0.1463135095,-0.05435090078,
1572557789,0.146400713,-0.05435287723,
1572757809,0.1461288959,-0.05498342216,
1572957829,0.1456880175,-0.05490302036,
1573157849,0.1453327029,-0.0555688898,
1573357868,0.1456779533,-0.05540241733,
1573557888,0.1450541553,-0.05553268214,
1573757908,0.1447680547,-0.05534434784,
1573957928,0.1448209006,-0.05536985643,
1574157947,0.1444847872,-0.05585599516,
1574357967,0.1440273134,-0.05443496675,
1574557987,0.1440880766,-0.05486738575,
1574758007,0.1445637917,-0.05531537524,
1574958026,0.1454626208,-0.05559937879,
1575158046,0.1449255511,-0.0549808792,
1575358066,0.1449988017,-0.05606585656,
1575558086,0.1445614482,-0.05527577262,
1575758105,0.1449339653,-0.05535160483,
1575958125,0.1450790245,-0.05591031705,
1576158145,0.1447390332,-0.05612398696,
1576358165,0.1452571947,-0.05644096935,
1576558184,0.1452950155,-0.05704420026,
1576758204,0.1455957597,-0.05726899203,
1576958224,0.1445924216,-0.05755192458,
1577158244,0.1451692984,-0.05721565836,
1577358263,0.1451448309,-0.05790212237,
1577558283,0.1450289418,-0.05870875624,
1577758303,0.1439561786,-0.05861625673,
1577958323,0.1447706321,-0.05866481938,
1578158342,0.144146004,-0.05858650207,
1578358362,0.142742896,-0.05870995209,
1578558382,0.1432589341,-0.05962719891,
1578758402,0.141677103,-0.05952067552,
1578958421,0.1419869762,-0.05920055369,
1579158441,0.1415456036,-0.05911187497,
1579358461,0.1407681006,-0.05871026169,
1579558481,0.1417609715,-0.05766837499,
1579758500,0.140307657,-0.05827893599,
1579958520,0.1403393664,-0.05771738128,
1580158540,0.1411198631,-0.05708261283,
1580358560,0.1399727787,-0.05756392346,
1580558580,0.1406515646,-0.05664596513,
1580758599,0.1398064493,-0.05630849718,
1580958619,0.1398516653,-0.05532691124,
1581158639,0.1403494303,-0.05527993567,
1581358659,0.1405493198,-0.05580364917,
1581558678,0.1407737986,-0.0540356769,
1581758698,0.1408925627,-0.05378014313,
1581958718,0.141891657,-0.05423694947,
1582158738,0.1425707177,-0.05318354406,
1582358757,0.1430489434,-0.05250639029,
1582558777,0.1430786362,-0.05389587381,
1582758797,0.1441826623,-0.0524606302,
1582958817,0.1444643253,-0.05312314405,
1583158836,0.1456163575,-0.05360588422,
1583358856,0.14660788,-0.05372836691,
1583558876,0.1464605191,-0.05346271613,
1583758896,0.1465566767,-0.05367609916,
1583958915,0.147351073,-0.05429823679,
1584158935,0.1478657486,-0.05459819125,
1584358955,0.1478699952,-0.05559702402,
1584558975,0.1487581447,-0.05619602164,
1584758994,0.1490529573,-0.05672735101,
1584959014,0.1484435216,-0.0565685333,
1585159034,0.1486434848,-0.05710934616,
1585359054,0.1490122707,-0.05904968305,
1585559073,0.1479563907,-0.05891890678,
1585759093,0.1487284603,-0.05958601002,
1585959113,0.1489722335,-0.06000758581,
1586159133,0.1473035834,-0.06104603156,
1586359152,0.1467732303,-0.06031034672,
1586559172,0.147153256,-0.06183786897,
1586759192,0.1458834913,-0.06151994089,
1586959212,0.1459188644,-0.06229675801,
1587159231,0.1457507887,-0.06172293206,
1587359251,0.1456284972,-0.06238745609,
1587559271,0.1446363125,-0.06182044543,
1587759291,0.1438410803,-0.06233828539,
1587959310,0.1435989157,-0.06168689254,
1588159330,0.1424843112,-0.06218018062,
1588359350,0.1423916919,-0.06158570414,
1588559370,0.1426743012,-0.06121931478,
1588759389,0.1412912,-0.06139723724,
1588959409,0.1418776379,-0.06073358657,
1589159429,0.1416325899,-0.05981226253,
1589359449,0.1403005906,-0.05980723943,
1589559468,0.1403159599,-0.05929886667,
1589759488,0.1405086004,-0.05876971064,
1589959508,0.1409404085,-0.05836908277,
1590159528,0.1412918729,-0.0575323915,
1590359547,0.1403312814,-0.05723267841,
1590559567,0.1417783685,-0.05749995343,
1590759587,0.1409260173,-0.05715400783,
1590959607,0.1417684425,-0.0566973026,
1591159626,0.1419577398,-0.05649034512,
1591359646,0.1423708593,-0.05574857222,
1591559666,0.1424099519,-0.05526981847,
1591759686,0.1423713244,-0.05432281815,
1591959705,0.1435053045,-0.05425127053,
1592159725,0.1444612149,-0.05459903552,
1592359745,0.1435964211,-0.05401233384,
1592559765,0.1442208021,-0.05381220375,
1592759784,0.1452406699,-0.05370255605,
1592959804,0.1457633117,-0.05452144114,
1593159824,0.1454544066,-0.05377068969,
1593359844,0.1469113277,-0.05420863223,
1593559863,0.1471896375,-0.05436710349,
1593759883,0.1474677329,-0.05399975204,
1593959903,0.1476232084,-0.05418310756,
1594159923,0.1475554739,-0.05380797044,
1594359942,0.1478828594,-0.05400552228,
1594559962,0.1486338356,-0.05447916591,
1594759982,0.1487212859,-0.05471671436,
1594960002,0.149059146,-0.05412698365,
1595160021,0.1502436043,-0.054334545,
1595360041,0.1502139945,-0.05399615217,
1595560061,0.1503600742,-0.05505874535,
1595760081,0.1504235164,-0.05499245974,
1595960100,0.1502300048,-0.05587606352,
1596160120,0.1507840614,-0.05595533029,
1596360140,0.1511368189,-0.05582326686,
1596560160,0.151017384,-0.05558671749,
1596760179,0.1512547921,-0.05636768931,
1596960199,0.151733072,-0.05649979682,
1597160219,0.1523646372,-0.05574295972,
1597360239,0.1526017243,-0.0575902341,
1597560258,0.1528262847,-0.05675421325,
1597760278,0.1521996855,-0.05863847198,
1597960298,0.1524305775,-0.05863373137,
1598160318,0.1526462774,-0.05823844244,
1598360337,0.1526862392,-0.059263797,
1598560357,0.1518702194,-0.05903179867,
1598760377,0.1517542497,-0.05855754909,
1598960397,0.1528007553,-0.05942620483,
1599160416,0.152627794,-0.05947238541,
1599360436,0.151937988,-0.05923684696,
1599560456,0.1519012363,-0.06038891125,
1599760476,0.152266049,-0.05997815488,
1599960495,0.1516138565,-0.06025324963,
1600160515,0.1520979702,-0.06089214908,
1600360535,0.1507161796,-0.0601370034,
1600560555,0.1511460084,-0.06094690405,
1600760574,0.151017059,-0.06009354388,
1600960594,0.1514482082,-0.06045720305,
1601160614,0.1510263899,-0.05990080146,
1601360634,0.1504457007,-0.05994891138,
1601560653,0.1506548804,-0.05974403118,
1601760673,0.1509760406,-0.05923960264,
1601960693,0.1511461324,-0.0591039423,
1602160713,0.1507929462,-0.05989096168,
1602360732,0.1503474248,-0.05955685771,
1602560752,0.1502629827,-0.05884969011,
1602760772,0.1505642543,-0.05862154997,
1602960792,0.1513028247,-0.05888593715,
1603160811,0.1504541096,-0.05882567066,
1603360831,0.1506785355,-0.05868397985,
1603560851,0.1512155315,-0.05915737905,
1603760871,0.1506357657,-0.05770156256,
1603960890,0.1514520655,-0.05811842126,
1604160910,0.1517613053,-0.0576604072,
1604360930,0.1513622928,-0.05781623314,
1604560950,0.1519065654,-0.05762998908,
1604760969,0.1527390302,-0.05717800581,
1604960989,0.1525741063,-0.05667608845,
1605161009,0.1525895148,-0.05697886088,
1605361029,0.1531072683,-0.05685564015,
1605561049,0.1537468279,-0.05695491076,
1605761068,0.1533949862,-0.05726193222,
1605961088,0.1537986444,-0.05677761165,
1606161108,0.1538834943,-0.05703087126,
1606361128,0.1538639232,-0.05647200542,
1606561147,0.1544438814,-0.05681808039,
1606761167,0.1544817513,-0.05650757147,
1606961187,0.1552242956,-0.05695558933,
1607161207,0.1555607265,-0.05627564354,
1607361226,0.1549711777,-0.0566764724,
1607561246,0.1558355923,-0.05534544234,
1607761266,0.1554213534,-0.05611216847,
1607961286,0.155712984,-0.05543808849,
1608161305,0.1565204234,-0.05515109914,
1608361325,0.1567559447,-0.05561583221,
1608561345,0.1571553787,-0.05485234749,
1608761365,0.1579723369,-0.05518020549,
1608961384,0.1583126892,-0.05463713993,
1609161404,0.1588249114,-0.05465533916,
1609361424,0.1593456446,-0.0540400837,
1609561444,0.1591192983,-0.05358015844,
1609761463,0.1603016158,-0.05405042348,
1609961483,0.1613697838,-0.05377534231,
1610161503,0.1611324725,-0.05353721616,
1610361523,0.1628630356,-0.053608521,
1610561542,0.1631873552,-0.05426484192,
1610761562,0.1634128964,-0.05470986291,
1610961582,0.1640544507,-0.05402519502,
1611161602,0.1643149777,-0.05500405276,
1611361621,0.166380171,-0.05489459889,
1611561641,0.166993854,-0.0556282267,
1611761661,0.1678945439,-0.0563184987,
1611961681,0.1686854837,-0.05616199858,
1612161700,0.1684932771,-0.05682827401,
1612361720,0.1693615433,-0.05776694466,
1612561740,0.1703062675,-0.05915667858,
1612761760,0.1703669116,-0.05925313776,
1612961779,0.1717735261,-0.05938225054,
1613161799,0.1707301989,-0.06032293944,
1613361819,0.170978453,-0.06128983061,
1613561839,0.1714685462,-0.06147709153,
1613761858,0.1719925829,-0.06275806067,
1613961878,0.1713914869,-0.06333877711,
1614161898,0.1723781483,-0.06390489064,
1614361918,0.1719976704,-0.0640041228,
1614561937,0.1713077757,-0.06456831577,
1614761957,0.1715477169,-0.06535615359,
1614961977,0.1721139688,-0.06521788778,
1615161997,0.1723730249,-0.06686865662,
1615362016,0.1723793042,-0.06565758853,
1615562036,0.172220675,-0.06621281216,
1615762056,0.172669761,-0.06690076534,
1615962076,0.1719503955,-0.06730774888,
1616162095,0.1723575806,-0.06715875497,
1616362115,0.1722199721,-0.06817829341,
1616562135,0.1729949094,-0.06783750995,
1616762155,0.1728323019,-0.0680323121,
1616962174,0.1731604338,-0.06854368293,
1617162194,0.1738723938,-0.06896683939,
1617362214,0.1738507318,-0.0696201339,
1617562234,0.174088079,-0.0700235501,
1617762253,0.1742145636,-0.0707277231,
1617962273,0.1743566418,-0.0713335472,
1618162293,0.1759621551,-0.07173941887,
1618362313,0.175277605,-0.07250860404,
1618562332,0.1755011821,-0.07341026648,
1618762352,0.175931529,-0.07403246413,
1618962372,0.1761303368,-0.07571946664,
1619162392,0.1764549417,-0.07512636175,
1619362411,0.1763966388,-0.07615858645,
1619562431,0.1764017674,-0.07661284679,
1619762451,0.1760301984,-0.07764312183,
1619962471,0.1750726781,-0.07946099139,
1620162490,0.175731134,-0.07878096256,
1620362510,0.1751519199,-0.08071460028,
1620562530,0.1745578381,-0.08099454646,
1620762550,0.1742113927,-0.08192583475,
1620962569,0.1738882532,-0.08242613624,
1621162589,0.1733255013,-0.08307816935,
1621362609,0.1718346165,-0.08431146627,
1621562629,0.1719723061,-0.08470991501,
1621762648,0.1714187179,-0.08522115874,
1621962668,0.1698978947,-0.08538795434,
1622162688,0.1703064747,-0.0867044099,
1622362708,0.1703845135,-0.08601131801,
1622562727,0.1685438619,-0.08669994678,
1622762747,0.1684147296,-0.08599128342,
1622962767,0.1674859166,-0.08731589218,
1623162787,0.167508638,-0.08654645075,
1623362806,0.1669749148,-0.08715724047,
1623562826,0.1658645981,-0.08728518852,
1623762846,0.1648151989,-0.08684780182,
1623962866,0.1642235553,-0.08635847313,
1624162885,0.1632908157,-0.08690844728,
1624362905,0.1633961233,-0.08632986836,
1624562925,0.1631878076,-0.08733879085,
1624762945,0.1635145153,-0.08629066268,
1624962964,0.1624807848,-0.08653365178,
1625162984,0.1613117528,-0.08593502252,
1625363004,0.1626049891,-0.08606089646,
1625563024,0.1615925391,-0.08604565955,
1625763043,0.1604820011,-0.08593340151,
1625963063,0.160805616,-0.08546245639,
1626163083,0.1614925647,-0.0847891093,
1626363103,0.1610364722,-0.08495710157,
1626563122,0.1604467821,-0.0843152637,
1626763142,0.1616873116,-0.0848253235,
1626963162,0.1605413069,-0.08472473744,
1627163182,0.1603456949,-0.08400951814,
1627363201,0.1616028709,-0.08401827137,
1627563221,0.1616211343,-0.08394876971,
1627763241,0.1617241164,-0.08424990193,
1627963261,0.1615339101,-0.08398147179,
1628163280,0.1619196691,-0.08406168629,
1628363300,0.1611970413,-0.08417152498,
1628563320,0.1615032328,-0.08453783723,
1628763340,0.1616548992,-0.08484750463,
1628963359,0.1615734886,-0.08474360701,
1629163379,0.1621332524,-0.08520113172,
1629363399,0.1617245649,-0.08504293942,
1629563419,0.1615838612,-0.08556626145,
1629763438,0.1602171975,-0.08561985383,
1629963458,0.1600960264,-0.08624322468,
1630163478,0.1603152858,-0.08569851732,
1630363498,0.1596787109,-0.08629396354,
1630563518,0.1587529914,-0.08564432251,
1630763537,0.1596644984,-0.08683373912,
1630963557,0.1593813535,-0.08641620604,
1631163577,0.1582414564,-0.08665374637,
1631363597,0.1584217328,-0.0864069813,
1631563616,0.1572545895,-0.08665327975,
1631763636,0.1578454206,-0.08561005195,
1631963656,0.1570360793,-0.08511320136,
1632163676,0.1572353908,-0.08520106277,
1632363695,0.1563877399,-0.08554683248,
1632563715,0.1559681846,-0.08394047043,
1632763735,0.1560388376,-0.08432944648,
1632963755,0.1550819872,-0.08380002503,
1633163774,0.1561631797,-0.08320220126,
1633363794,0.1556437538,-0.08320011864,
1633563814,0.1554392026,-0.08276703011,
1633763834,0.1551403345,-0.0823095038,
1633963853,0.155768546,-0.08206694068,
1634163873,0.1550085783,-0.08149699308,
1634363893,0.1552467816,-0.08058183759,
1634563913,0.1564650789,-0.08000809031,
1634763932,0.1572965742,-0.08000854494,
1634963952,0.1569609811,-0.0796556432,
1635163972,0.1575769329,-0.07954446323,
1635363992,0.1581014741,-0.07939549236,
1635564011,0.1590799982,-0.07934580604,
1635764031,0.1585371915,-0.07888910556,
1635964051,0.1590536618,-0.07943006751,
1636164071,0.1600996542,-0.07918198141,
1636364090,0.1605141022,-0.07930491479,
1636564110,0.1610380727,-0.07926651183,
1636764130,0.1616670117,-0.07951914752,
1636964150,0.1617428929,-0.07974293378,
1637164169,0.1626634191,-0.08048127786,
1637364189,0.1631299779,-0.08033014288,
1637564209,0.163466114,-0.08073773474,
1637764229,0.1631022889,-0.08100059177,
1637964248,0.1627699051,-0.0821702828,
1638164268,0.163263969,-0.0831541782,
1638364288,0.1630124551,-0.08389814339,
1638564308,0.1637481157,-0.08438709108,
1638764327,0.1628650068,-0.08516153782,
1638964347,0.1629608873,-0.08607017834,
1639164367,0.1617213603,-0.08621019279,
1639364387,0.1630519481,-0.08670227172,
1639564406,0.1621422727,-0.08694534358,
1639764426,0.1615801044,-0.08726353237,
1639964446,0.1604472334,-0.08824162376,
1640164466,0.1608486479,-0.08819650079,
1640364485,0.159487548,-0.08882637918,
1640564505,0.1588393185,-0.0890969097,
1640764525,0.1578679556,-0.08959717443,
1640964545,0.1564317717,-0.08943551835,
1641164564,0.1563880533,-0.08983964333,
1641364584,0.1547910141,-0.08900952555,
1641564604,0.1539739947,-0.08924752588,
1641764624,0.1534942155,-0.08911131542,
1641964643,0.1524561102,-0.08837797028,
1642164663,0.1523921832,-0.08696074102,
1642364683,0.1507661014,-0.08660547912,
1642564703,0.1501519673,-0.08614508802,
1642764722,0.1502267146,-0.08547014822,
1642964742,0.1493379476,-0.08478143539,
1643164762,0.1490057728,-0.08305995806,
1643364782,0.148703775,-0.08259157821,
1643564801,0.1487005216,-0.08120074262,
1643764821,0.148426996,-0.08029747632,
1643964841,0.1485495028,-0.0801161022,
1644164861,0.1481038702,-0.07807169926,
1644364880,0.1483110844,-0.07695467103,
1644564900,0.1491696093,-0.07652396982,
1644764920,0.1491773492,-0.07539013427,
1644964940,0.1495726692,-0.07412861091,
1645164959,0.1506851688,-0.07387071397,
1645364979,0.1507649797,-0.07279247526,
1645564999,0.1519356466,-0.07187811245,
1645765019,0.1523998233,-0.07149339851,
1645965038,0.152934044,-0.07111443853,
1646165058,0.1544210302,-0.0704120683,
1646365078,0.155309512,-0.07049217349,
1646565098,0.1554715545,-0.06975752875,
1646765117,0.1568328988,-0.06909927639,
1646965137,0.1569852362,-0.069416713,
1647165157,0.1581744288,-0.06926839694,
1647365177,0.1593933479,-0.06903333327,
1647565196,0.1599065154,-0.06873922076,
1647765216,0.1603228902,-0.06790284046,
1647965236,0.1623871616,-0.06873213166,
1648165256,0.1622908642,-0.06928409125,
1648365275,0.1628609022,-0.06902548189,
1648565295,0.163670275,-0.06975625278,
1648765315,0.1648628541,-0.0688296071,
1648965335,0.165308652,-0.06993798338,
1649165354,0.1659238223,-0.0704260602,
1649365374,0.1667521863,-0.06998184463,
1649565394,0.1669168769,-0.06998000367,
1649765414,0.1678436412,-0.07125049633,
1649965433,0.1684010659,-0.07111984807,
1650165453,0.1685718756,-0.07208136097,
1650365473,0.1693333127,-0.07294660908,
1650565493,0.1695008863,-0.07278254803,
1650765512,0.1705447211,-0.07348356695,
1650965532,0.1701495294,-0.07442170881,
1651165552,0.1698875259,-0.07472579433,
1651365572,0.1697999523,-0.07503125056,
1651565591,0.1697851599,-0.07600532298,
1651765611,0.1710961365,-0.07617080543,
1651965631,0.1709415761,-0.07659163065,
1652165651,0.1707146959,-0.07647497957,
1652365670,0.1707808008,-0.07694092123,
1652565690,0.1707495607,-0.07752314628,
1652765710,0.1707179363,-0.07751412983,
1652965730,0.1707906817,-0.07809446961,
1653165749,0.1701401627,-0.07841939753,
1653365769,0.1704600854,-0.0783274697,
1653565789,0.1708914409,-0.07872046961,
1653765809,0.1706782842,-0.07833445804,
1653965828,0.1700996843,-0.07848548378,
1654165848,0.1697406341,-0.07873941983,
1654365868,0.170456029,-0.07814295688,
1654565888,0.1704098746,-0.07861569518,
1654765908,0.1707700521,-0.07858828973,
1654965927,0.170807048,-0.07915593448,
1655165947,0.171280403,-0.07941256164,
1655365967,0.1713481984,-0.07841112494,
1655565987,0.1713047092,-0.07871655889,
1655766006,0.1712627733,-0.08012464087,
1655966026,0.1717505259,-0.07962690554,
1656166046,0.1719429933,-0.07943808383,
1656366066,0.1722722043,-0.08007772847,
1656566085,0.1717996816,-0.08050315479,
1656766105,0.1724796613,-0.07962755258,
1656966125,0.1720688586,-0.08065046184,
1657166145,0.1724853339,-0.08011354861,
1657366164,0.1719576576,-0.08043127406,
1657566184,0.1726904493,-0.08134242117,
1657766204,0.1727752338,-0.08086996539,
1657966224,0.1729529775,-0.08149443514,
1658166243,0.1724763186,-0.08144022325,
1658366263,0.1728860088,-0.08172430906,
1658566283,0.172335785,-0.08165753002,
1658766303,0.1722617524,-0.08149390769,
1658966322,0.1727106933,-0.08214700265,
1659166342,0.1723948346,-0.08241830594,
1659366362,0.1723664817,-0.08224974428,
1659566382,0.1722282903,-0.08179916039,
1659766401,0.1727975336,-0.08181311123,
1659966421,0.1727032195,-0.08236604414,
1660166441,0.1723400719,-0.08182126305,
1660366461,0.1720273768,-0.08244270371,
1660566480,0.1721522748,-0.08194929348,
1660766500,0.1729810438,-0.08251958242,
1660966520,0.1732921356,-0.08188556777,
1661166540,0.1734432125,-0.08166263253,
1661366559,0.1730948859,-0.08202957734,
1661566579,0.1741086632,-0.08168577063,
1661766599,0.1743688707,-0.08217028536,
1661966619,0.1739032849,-0.08161890738,
1662166638,0.1744495373,-0.08176020316,
1662366658,0.1748444615,-0.08284562014,
1662566678,0.1755009104,-0.0821903867,
1662766698,0.1758886204,-0.08264397118,
1662966717,0.1761472025,-0.08293192023,
1663166737,0.1767709042,-0.08310945651,
1663366757,0.1767191136,-0.08293513627,
1663566777,0.1772722673,-0.08394683692,
1663766796,0.1768202845,-0.08483634751,
1663966816,0.1770115122,-0.08496308014,
1664166836,0.1768798323,-0.08510276555,
1664366856,0.1774056889,-0.08542238972,
1664566875,0.1764499242,-0.08602917189,
1664766895,0.1769061731,-0.08708766911,
1664966915,0.176749033,-0.08746976666,
1665166935,0.1770654015,-0.08733336918,
1665366954,0.1769694545,-0.08823228466,
1665566974,0.1768684254,-0.0879015601,
1665766994,0.1758330905,-0.08895071362,
1665967014,0.1756727168,-0.0898129879,
1666167033,0.1753815692,-0.08954516201,
1666367053,0.1753136504,-0.08963899846,
1666567073,0.1750213145,-0.08992482501,
1666767093,0.1746110665,-0.09001657096,
1666967112,0.1735678239,-0.09056159901,
1667167132,0.1729757847,-0.09009429624,
1667367152,0.1723731235,-0.08995182701,
1667567172,0.1723230901,-0.09035154091,
1667767191,0.1724806679,-0.089985663,
1667967211,0.1718111772,-0.09018342334,
1668167231,0.1722863334,-0.0902661796,
1668367251,0.1704083591,-0.08997628899,
1668567270,0.1713625151,-0.09006254826,
1668767290,0.1710445778,-0.08938236928,
1668967310,0.1702576372,-0.08900099243,
1669167330,0.1695873145,-0.08874389945,
1669367349,0.169839985,-0.08870641265,
1669567369,0.1696341275,-0.08742367045,
1669767389,0.1699170895,-0.0874619118,
1669967409,0.1696480631,-0.08704722837,
1670167428,0.1688084609,-0.08595493296,
1670367448,0.1692262184,-0.08560084528,
1670567468,0.169069228,-0.08513172724,
1670767488,0.1695056672,-0.08481403667,
1670967507,0.1698306247,-0.08382753165,
1671167527,0.170163047,-0.08304226584,
1671367547,0.1705213095,-0.08337526362,
1671567567,0.1712506389,-0.08288936574,
1671767586,0.1711795509,-0.08189102694,
1671967606,0.1717403099,-0.08105086102,
1672167626,0.172079674,-0.08102404527,
1672367646,0.1731400874,-0.08095818438,
1672567665,0.1732437157,-0.08080122759,
1672767685,0.1741229745,-0.08088510852,
1672967705,0.1749811429,-0.07964751057,
1673167725,0.1751088943,-0.08008489538,
1673367744,0.1757885177,-0.07972914078,
1673567764,0.1767085213,-0.0800691391,
1673767784,0.1765156306,-0.08065171513,
1673967804,0.177763317,-0.07995962582,
1674167823,0.1783261217,-0.07995217492,
1674367843,0.1783175757,-0.08016580088,
1674567863,0.1796630434,-0.08023411805,
1674767883,0.179950231,-0.07989538115,
1674967902,0.180660923,-0.08098045871,
1675167922,0.1808580473,-0.080654983,
1675367942,0.182073458,-0.08048937867,
1675567962,0.1824005756,-0.08123570294,
1675767981,0.1834446296,-0.08117889994,
1675968001,0.1841888426,-0.08193330753,
1676168021,0.184948676,-0.08302943122,
1676368041,0.1848562104,-0.08324340335,
1676568060,0.1851740119,-0.08385781384,
1676768080,0.1861020801,-0.08392636662,
1676968100,0.1857418036,-0.08490324889,
1677168120,0.1865284638,-0.0853660012,
1677368139,0.1870170081,-0.08581166609,
1677568159,0.1877508829,-0.08646788678,
1677768179,0.1869848956,-0.08739633081,
1677968199,0.188012533,-0.08754675323,
1678168218,0.1875228428,-0.08861544598,
1678368238,0.1880708319,-0.08983045152,
1678568258,0.1880889274,-0.09046041014,
1678768278,0.188490765,-0.09097479526,
1678968297,0.1872715701,-0.09287114881,
1679168317,0.1879655866,-0.0927999701,
1679368337,0.1877231738,-0.09378161946,
1679568357,0.1862363694,-0.0941943506,
1679768377,0.1872317201,-0.09499296937,
1679968396,0.1859418795,-0.09520151408,
1680168416,0.1863146521,-0.09674584434,
1680368436,0.184363171,-0.09698419605,
1680568456,0.1838014683,-0.0973318354,
1680768475,0.1833195171,-0.09745699653,
1680968495,0.1830824219,-0.09773881746,
1681168515,0.1823080562,-0.09805250069,
1681368535,0.1810150897,-0.09842846062,
1681568554,0.1803347525,-0.0978165239,
1681768574,0.1793522219,-0.09823797996,
1681968594,0.1791975392,-0.09786869599,
1682168614,0.1781972081,-0.09819807931,
1682368633,0.1776811463,-0.09802556724,
1682568653,0.1774529794,-0.0973874098,
1682768673,0.1765353286,-0.09645328139,
1682968693,0.1757825563,-0.09584048085,
1683168712,0.1758243607,-0.09509230559,
1683368732,0.1752932328,-0.0946784243,
1683568752,0.1757749272,-0.09443943585,
1683768772,0.1755521162,-0.09369684746,
1683968791,0.1750482866,-0.09311931226,
1684168811,0.1745460076,-0.09286312672,
1684368831,0.1747277501,-0.09233772522,
1684568851,0.1750686267,-0.09124081736,
1684768870,0.174591588,-0.09045902561,
1684968890,0.1746021353,-0.09109950921,
1685168910,0.1752547603,-0.09072305322,
1685368930,0.1758815989,-0.0901714093,
1685568949,0.1756895655,-0.08868373639,
1685768969,0.1764785944,-0.08947217134,
1685968989,0.1773895667,-0.08897772632,
1686169009,0.1767136084,-0.08844623489,
1686369028,0.1773574696,-0.08823296972,
1686569048,0.1777936449,-0.08786619043,
1686769068,0.1779285184,-0.0876580744,
1686969088,0.177807373,-0.08762031899,
1687169107,0.1784166203,-0.08743240167,
1687369127,0.1779831472,-0.08727612793,
1687569147,0.1787087209,-0.0871864535,
1687769167,0.1794862076,-0.08666697326,
1687969186,0.1794898202,-0.08731818291,
1688169206,0.1794863835,-0.08664223013,
1688369226,0.1798164491,-0.08723060888,
1688569246,0.1790932917,-0.08697940232,
1688769265,0.1795609016,-0.08685471367,
1688969285,0.1798997947,-0.08595158538,
1689169305,0.179845007,-0.08545643578,
1689369325,0.1794780289,-0.0858160313,
1689569344,0.1802435206,-0.08538781182,
1689769364,0.1810810123,-0.08501080823,
1689969384,0.1811025631,-0.08551160491,
1690169404,0.1821042385,-0.08504738723,
1690369423,0.1821907074,-0.08474710471,
1690569443,0.1822536636,-0.0845645004,
1690769463,0.1828928448,-0.08405298721,
1690969483,0.1832068926,-0.08465552325,
1691169502,0.1825807908,-0.08445091456,
1691369522,0.1832358886,-0.0840795627,
1691569542,0.183955011,-0.08361849128,
1691769562,0.1850302574,-0.08378646425,
1691969581,0.1845909489,-0.083799077,
1692169601,0.1849815297,-0.08326280965,
1692369621,0.1858450241,-0.08296929021,
1692569641,0.1860961185,-0.08323956528,
1692769660,0.1874772911,-0.08348793562,
1692969680,0.1873645065,-0.08409454587,
1693169700,0.1875020163,-0.08340730992,
1693369720,0.1878418083,-0.08372615973,
1693569739,0.1889904303,-0.08405129741,
1693769759,0.1891786392,-0.0835953641,
1693969779,0.189302319,-0.08360973904,
1694169799,0.1898207232,-0.0843273537,
1694369818,0.1892071596,-0.08419229584,
1694569838,0.1900922962,-0.08500286909,
1694769858,0.1891245283,-0.08454903384,
1694969878,0.1904810433,-0.08431739429,
1695169897,0.1897503702,-0.08449650964,
1695369917,0.190289926,-0.084624299,
1695569937,0.1909575501,-0.08388143026,
1695769957,0.1913368493,-0.08386153704,
1695969976,0.1912144159,-0.08414214997,
1696169996,0.19221697,-0.08419093763,
1696370016,0.1920687971,-0.08395620895,
1696570036,0.1922771517,-0.08357744515,
1696770055,0.1938298892,-0.08375174651,
1696970075,0.1940337369,-0.08344873,
1697170095,0.1942968206,-0.08329120781,
1697370115,0.1951717104,-0.08341246776,
1697570134,0.1953874349,-0.08254421135,
1697770154,0.194957932,-0.08335715274,
1697970174,0.1970643525,-0.08348455848,
1698170194,0.1973001755,-0.08395930922,
1698370213,0.1981203564,-0.08425978034,
1698570233,0.1978818711,-0.0847929027,
1698770253,0.1990958325,-0.08493003046,
1698970273,0.1989312398,-0.08525205136,
1699170292,0.1998909612,-0.08487141858,
1699370312,0.200589558,-0.08595255054,
1699570332,0.2001825018,-0.08607703641,
1699770352,0.2012424856,-0.0865061045,
1699970371,0.2017466574,-0.08650790577,
1700170391,0.2018943708,-0.0870265944,
1700370411,0.2023938867,-0.08758886969,
1700570431,0.2020987396,-0.08878208544,
1700770450,0.2032379936,-0.08885739332,
1700970470,0.2032319742,-0.08875014902,
1701170490,0.2023973687,-0.08908449232,
1701370510,0.2024494157,-0.09047480037,
1701570529,0.2024874199,-0.09030546034,
1701770549,0.202628507,-0.09035888498,
1701970569,0.2024090516,-0.09088716286,
1702170589,0.2025526523,-0.09017807676,
1702370608,0.2022112765,-0.0906023914,
1702570628,0.2022407692,-0.09088042944,
1702770648,0.2029021376,-0.09142010273,
1702970668,0.2022213373,-0.09095663355,
1703170687,0.2027086328,-0.0904620981,
1703370707,0.202066039,-0.09088108804,
1703570727,0.202825746,-0.0902239909,
1703770747,0.2018584679,-0.09024559663,
1703970767,0.2036926917,-0.09026386269,
1704170786,0.2032094063,-0.09073553492,
1704370806,0.204251788,-0.09020673411,
1704570826,0.203898201,-0.08922250697,
1704770846,0.2047451974,-0.08949486439,
1704970865,0.2047177442,-0.09009487721,
1705170885,0.2054248904,-0.08956080147,
1705370905,0.2063879978,-0.08950177493,
1705570925,0.2068205133,-0.08986311303,
1705770944,0.2074346641,-0.09067505073,
1705970964,0.2087938212,-0.09020176726,
1706170984,0.2091225806,-0.09047436143,
1706371004,0.2096772912,-0.09100882792,
1706571023,0.2091649942,-0.09104420553,
1706771043,0.2097319819,-0.09185618843,
1706971063,0.2103831358,-0.09230975054,
1707171083,0.2116087469,-0.09220158858,
1707371102,0.2111641146,-0.09300480505,
1707571122,0.2117632194,-0.0935191775,
1707771142,0.2111941221,-0.09392904008,
1707971162,0.2121559226,-0.09407361332,
1708171181,0.2123754887,-0.09464785769,
1708371201,0.2125891993,-0.09512041429,
1708571221,0.2127761726,-0.09507467226,
1708771241,0.2125356932,-0.09574078477,
1708971260,0.2129568059,-0.09535996434,
1709171280,0.2130268619,-0.09641551507,
1709371300,0.2132876895,-0.09593665872,
1709571320,0.2131220903,-0.09598022217,
1709771339,0.2131707088,-0.09587431686,
1709971359,0.2140993388,-0.09658395716,
1710171379,0.2142070073,-0.09694744799,
1710371399,0.2148265637,-0.09644966662,
1710571418,0.2145992381,-0.09739199351,
1710771438,0.215604891,-0.09677563596,
1710971458,0.2163182077,-0.09784460652,
1711171478,0.216132928,-0.09879658164,
1711371497,0.2169089615,-0.0987489262,
1711571517,0.2165501424,-0.09882059988,
1711771537,0.2163496488,-0.09933158192,
1711971557,0.2169877037,-0.09976226336,
1712171576,0.2171885387,-0.1005017307,
1712371596,0.2176245138,-0.1005500966,
1712571616,0.217760661,-0.1008646273,
1712771636,0.218476942,-0.1007868484,
1712971655,0.2185231463,-0.1011334156,
1713171675,0.2185598811,-0.1019852766,
1713371695,0.2192486488,-0.1029598242,
1713571715,0.2186845233,-0.1033508941,
1713771734,0.2189960304,-0.1035794151,
1713971754,0.2191213471,-0.1041814645,
1714171774,0.2188269762,-0.1050898832,
1714371794,0.218488605,-0.1050340329,
1714571813,0.2190236766,-0.1052453873,
1714771833,0.2188460795,-0.1054810896,
1714971853,0.2186836938,-0.1052186378,
1715171873,0.2184564357,-0.1061293465,
1715371892,0.2187471856,-0.1062903561,
1715571912,0.218637994,-0.1069800459,
1715771932,0.219237032,-0.1069651008,
1715971952,0.219575197,-0.1072423695,
1716171971,0.2191314647,-0.1082678656,
1716371991,0.2189010471,-0.1080565733,
1716572011,0.2181012716,-0.1080396815,
1716772031,0.2189859868,-0.1076384749,
1716972050,0.2178279603,-0.1083798531,
1717172070,0.2184361028,-0.1077856034,
1717372090,0.2189794348,-0.1073895644,
1717572110,0.2181818217,-0.1075138456,
1717772129,0.2189395668,-0.1085393307,
1717972149,0.2189872049,-0.1083722803,
1718172169,0.2187195602,-0.1079720206,
1718372189,0.2190290565,-0.1078247268,
1718572208,0.2195477983,-0.1079203848,
1718772228,0.2197352461,-0.108455033,
1718972248,0.2197505947,-0.1085309452,
1719172268,0.2209506992,-0.1086969842,
1719372287,0.2216447912,-0.1089804409,
1719572307,0.2216786523,-0.1088148266,
1719772327,0.2214217246,-0.1096556375,
1719972347,0.2220837759,-0.1094803901,
1720172366,0.2220263417,-0.1096018376,
1720372386,0.2223846782,-0.1100163422,
1720572406,0.222970222,-0.1104786809,
1720772426,0.2229367682,-0.1107077702,
1720972445,0.2230108472,-0.1109241324,
1721172465,0.2237861004,-0.1112612673,
1721372485,0.2232442202,-0.1112309274,
1721572505,0.2243407853,-0.1125763512,
1721772524,0.2246420796,-0.112482888,
1721972544,0.2242496103,-0.1132936339,
1722172564,0.2247022029,-0.1137774162,
1722372584,0.2250728451,-0.1133392575,
1722572603,0.2245443097,-0.1138816813,
1722772623,0.2250014546,-0.1143286436,
1722972643,0.2250038541,-0.114998176,
1723172663,0.2252721881,-0.1144475369,
1723372682,0.225865263,-0.1157570837,
1723572702,0.2259776463,-0.115301,
1723772722,0.2257104145,-0.1165707733,
1723972742,0.2258250669,-0.1166815101,
1724172761,0.225847855,-0.1171556492,
1724372781,0.2260167223,-0.1176750797,
1724572801,0.2259131638,-0.1189851243,
1724772821,0.2269813763,-0.118726078,
1724972840,0.2265610458,-0.1191322328,
1725172860,0.2260911698,-0.119911639,
1725372880,0.2258354184,-0.120164593,
1725572900,0.2262771745,-0.1210970265,
1725772919,0.2252400286,-0.1217623372,
1725972939,0.2261676087,-0.1222469793,
1726172959,0.2260195917,-0.1226238254,
1726372979,0.2253662181,-0.1240751907,
1726572998,0.2249362117,-0.1241256683,
1726773018,0.2237868,-0.1243793239,
1726973038,0.2234961764,-0.1238954233,
1727173058,0.2231915737,-0.1248201581,
1727373077,0.2232834354,-0.1258628733,
1727573097,0.2231457917,-0.1257353087,
1727773117,0.2231870591,-0.1250789881,
1727973137,0.222859025,-0.1253772661,
1728173156,0.2214076327,-0.1257372251,
1728373176,0.2214176487,-0.1253880512,
1728573196,0.2210169719,-0.1248993774,
1728773216,0.2215086774,-0.1255184561,
1728973236,0.22060336,-0.1255213398,
1729173255,0.2204970369,-0.125376761,
1729373275,0.2204206772,-0.1258336337,
1729573295,0.2188343643,-0.1245430211,
1729773315,0.2191695715,-0.1246185263,
1729973334,0.2190656992,-0.1244357489,
1730173354,0.2193221655,-0.1239274495,
1730373374,0.218737937,-0.1236696443,
1730573394,0.2185754279,-0.1239119761,
1730773413,0.2187469572,-0.123596241,
1730973433,0.2171710224,-0.122951496,
1731173453,0.2176782324,-0.1230500521,
1731373473,0.2171182376,-0.1226189966,
1731573492,0.2180047568,-0.1219112666,
1731773512,0.2181995933,-0.1215245707,
1731973532,0.2181797668,-0.1207895025,
1732173552,0.2183511367,-0.1201170019,
1732373571,0.21842695,-0.1206583181,
1732573591,0.2189667814,-0.1205393561,
1732773611,0.2189580077,-0.1193941445,
1732973631,0.2191658985,-0.1190075651,
1733173650,0.2201952211,-0.1192886865,
1733373670,0.2211912867,-0.1186358518,
1733573690,0.2210432352,-0.1184209307,
1733773710,0.2214374926,-0.1184247595,
1733973729,0.2212967101,-0.1184953049,
1734173749,0.2221728294,-0.1181250169,
1734373769,0.2219697664,-0.118346042,
1734573789,0.2225014993,-0.1179520915,
1734773808,0.2232006436,-0.1180409642,
1734973828,0.2236961712,-0.1177601131,
1735173848,0.2240087851,-0.1172081949,
1735373868,0.2247229303,-0.1174900718,
1735573887,0.2254749502,-0.1173634611,
1735773907,0.2261912247,-0.1174602654,
1735973927,0.2257909314,-0.1173070188,
1736173947,0.2267221907,-0.1168195259,
1736373966,0.2272352232,-0.1165399887,
1736573986,0.2273360751,-0.1168065326,
1736774006,0.2283331067,-0.1166254631,
1736974026,0.229592191,-0.1166419998,
1737174045,0.2298593075,-0.1161056519,
1737374065,0.2304998174,-0.1166560784,
1737574085,0.2308324257,-0.1160955413,
1737774105,0.2322642736,-0.1168881288,
1737974124,0.2325499577,-0.1172283866,
1738174144,0.2332197873,-0.1167073654,
1738374164,0.2344819084,-0.1168496696,
1738574184,0.2344462432,-0.1180148982,
1738774203,0.2359704858,-0.1185312042,
1738974223,0.2368751741,-0.118688475,
1739174243,0.2369858087,-0.1197296592,
1739374263,0.2376076244,-0.1196295152,
1739574282,0.2383523789,-0.1208618437,
1739774302,0.2391811627,-0.120917635,
1739974322,0.2391071027,-0.1216196603,
1740174342,0.2399702963,-0.1222480439,
1740374361,0.2402698933,-0.1223589343,
1740574381,0.2403711885,-0.1235876512,
1740774401,0.2405932116,-0.1241525435,
1740974421,0.2414608074,-0.1249286053,
1741174440,0.241541482,-0.1254240239,
1741374460,0.2423603148,-0.1259245065,
1741574480,0.2419085561,-0.1266833612,
1741774500,0.2420073923,-0.1266324701,
1741974519,0.2424527641,-0.1274601193,
1742174539,0.2430706354,-0.1276126332,
1742374559,0.2431771851,-0.128456713,
1742574579,0.2425761265,-0.1295459924,
1742774598,0.2434349494,-0.129511501,
1742974618,0.2432718669,-0.1296467553,
1743174638,0.2436925319,-0.1310188687,
1743374658,0.2440567245,-0.1307383799,
1743574677,0.2438806012,-0.1318945552,
1743774697,0.2443252432,-0.1321927441,
1743974717,0.2444147904,-0.1330544485,
1744174737,0.2443382301,-0.1336208334,
1744374756,0.2447595179,-0.1343267423,
1744574776,0.2451504396,-0.1343506919,
1744774796,0.2447864746,-0.1350223225,
1744974816,0.2449945354,-0.1350902652,
1745174835,0.2445806057,-0.1360289588,
1745374855,0.2449294112,-0.1362183756,
1745574875,0.2450809993,-0.1363859917,
1745774895,0.245106905,-0.1377305689,
1745974914,0.2445807274,-0.1382697297,
1746174934,0.2451706231,-0.1380526591,
1746374954,0.2449151559,-0.1385755956,
1746574974,0.244079858,-0.1387430534,
1746774993,0.243918462,-0.1399281112,
1746975013,0.2439166388,-0.1402096538,
1747175033,0.243687021,-0.1397148804,
1747375053,0.2437127224,-0.1406321507,
1747575072,0.2437381886,-0.1405694055,
1747775092,0.2437000646,-0.1407148614,
1747975112,0.2435430725,-0.1403468047,
1748175132,0.2437613892,-0.1410757343,
1748375151,0.2427664606,-0.1409612557,
1748575171,0.2435347127,-0.1410058519,
1748775191,0.243652823,-0.1418833466,
1748975211,0.243693726,-0.1413524145,
1749175230,0.2431334348,-0.1413984945,
1749375250,0.2431382532,-0.1416707142,
1749575270,0.2437387255,-0.1419323474,
1749775290,0.243532418,-0.141906718,
1749975309,0.2430611709,-0.1425547885,
1750175329,0.244121879,-0.1416999643,
1750375349,0.244109869,-0.1416768016,
1750575369,0.2437676693,-0.1420227254,
1750775388,0.2444032499,-0.1416299908,
1750975408,0.2444911667,-0.1421711172,
1751175428,0.2444678233,-0.1421026759,
1751375448,0.2449946232,-0.1420256228,
1751575467,0.2455743384,-0.1423041633,
1751775487,0.2447223127,-0.1419780281,
1751975507,0.2453838339,-0.1416801558,
1752175527,0.2466244378,-0.142797198,
1752375546,0.2466908287,-0.1430264687,
1752575566,0.2466324602,-0.1424522653,
1752775586,0.2474275662,-0.1427541826,
1752975606,0.2473205431,-0.142745769,
1753175625,0.2484222282,-0.1425891378,
1753375645,0.2481235504,-0.1427122878,
1753575665,0.2494631799,-0.1436472252,
1753775685,0.2494391024,-0.1436823722,
1753975705,0.2501239406,-0.1439669282,
1754175724,0.2510005505,-0.1443954775,
1754375744,0.2511725273,-0.1445611402,
1754575764,0.2515009984,-0.1450164588,
1754775784,0.2528466103,-0.145099033,
1754975803,0.2533045647,-0.145469641,
1755175823,0.2540122564,-0.1461162644,
1755375843,0.2545405402,-0.1463786439,
1755575863,0.2550062965,-0.1477544036,
1755775882,0.2558866847,-0.1485145444,
1755975902,0.2557808104,-0.1489876777,
1756175922,0.2565226995,-0.149776488,
1756375942,0.2570679723,-0.1502790001,
1756575961,0.2574733263,-0.1515883091,
1756775981,0.2577054096,-0.1518969066,
1756976001,0.2575489309,-0.1529123563,
1757176021,0.2581783382,-0.1535415231,
1757376040,0.2583052945,-0.1547207298,
1757576060,0.2580525669,-0.1554831541,
1757776080,0.2584315054,-0.1562833976,
1757976100,0.2596052525,-0.1570927036,
1758176119,0.2589745315,-0.1579633689,
1758376139,0.2592451307,-0.1591441789,
1758576159,0.2588654597,-0.1595018432,
1758776179,0.2593196776,-0.1605528488,
1758976198,0.258817385,-0.1611151232,
1759176218,0.2585467711,-0.1620179349,
1759376238,0.2582579651,-0.1628085997,
1759576258,0.2584626292,-0.1640433526,
1759776277,0.2579826704,-0.1645189463,
1759976297,0.2573316674,-0.1646655169,
1760176317,0.2577602967,-0.1655445284,
1760376337,0.2576025615,-0.1660353748,
1760576356,0.2575321905,-0.1667081042,
1760776376,0.2570723553,-0.1667659129,
1760976396,0.2567818242,-0.1676281259,
1761176416,0.2567875411,-0.1683055205,
1761376435,0.2562847734,-0.1691818044,
1761576455,0.2561295478,-0.1698165165,
1761776475,0.2562553854,-0.1703284092,
1761976495,0.2562766199,-0.1703256214,
1762176514,0.2554083476,-0.1713398017,
1762376534,0.2553166325,-0.1725303636,
1762576554,0.2554032253,-0.1726619806,
1762776574,0.2554991134,-0.1731159076,
1762976593,0.2549558753,-0.1741761609,
1763176613,0.2542972101,-0.1743390636,
1763376633,0.2542635111,-0.1754327936,
1763576653,0.2538361957,-0.1754183574,
1763776672,0.2533835919,-0.1765364462,
1763976692,0.2528612846,-0.177600287,
1764176712,0.2525091607,-0.1777808449,
1764376732,0.2516996617,-0.1785511416,
1764576751,0.2513702138,-0.1793996431,
1764776771,0.2504283047,-0.1797863367,
1764976791,0.2505434574,-0.180214115,
1765176811,0.2489526606,-0.1802465809,
1765376830,0.2482336603,-0.1808484177,
1765576850,0.2485692488,-0.1809895583,
1765776870,0.2469618262,-0.1815201611,
1765976890,0.2464729903,-0.1816599161,
1766176909,0.2452865527,-0.1819166501,
1766376929,0.245414019,-0.1817680114,
1766576949,0.244065149,-0.1818942523,
1766776969,0.2435719349,-0.1820536997,
1766976988,0.2426024083,-0.1816278585,
1767177008,0.2425253589,-0.1818710411,
1767377028,0.2412506793,-0.1816223526,
1767577048,0.2412019535,-0.1811751946,
1767777067,0.2406221076,-0.1802801293,
1767977087,0.2398711469,-0.1802725876,
1768177107,0.2399136587,-0.1796886702,
1768377127,0.2398232592,-0.1793869359,
1768577146,0.2395178311,-0.1792988282,
1768777166,0.2391947633,-0.1781955471,
1768977186,0.2385937483,-0.178380817,
1769177206,0.2393328429,-0.1783497689,
1769377225,0.2385869777,-0.1776945565,
1769577245,0.2388812648,-0.177584789,
1769777265,0.2392307801,-0.1767266206,
1769977285,0.2386677132,-0.1760347551,
1770177304,0.2391112726,-0.1766748376,
1770377324,0.2390396087,-0.1762402596,
1770577344,0.2396868293,-0.1755265013,
1770777364,0.2392036167,-0.1752093694,
1770977383,0.2396122887,-0.1754561865,
1771177403,0.2401878166,-0.1745571802,
1771377423,0.2402731776,-0.1741972279,
1771577443,0.2406484699,-0.173854809,
1771777462,0.2405455921,-0.173761346,
1771977482,0.240539074,-0.1743874718,
1772177502,0.2414168046,-0.1737947762,
1772377522,0.2422445379,-0.1738637872,
1772577541,0.2430308627,-0.1741565814,
1772777561,0.2437169649,-0.173174571,
1772977581,0.2432709697,-0.1739979115,
1773177601,0.2443578454,-0.1736895243,
1773377620,0.2449163705,-0.174307811,
1773577640,0.2450465485,-0.1744590307,
1773777660,0.2456160471,-0.1747028367,
1773977680,0.2464458524,-0.1747625516,
1774177699,0.246448931,-0.1756989617,
1774377719,0.247080277,-0.1761084207,
1774577739,0.2472434866,-0.1768439556,
1774777759,0.2477099792,-0.1767664884,
1774977778,0.2481735295,-0.1782456759,
1775177798,0.2482905183,-0.1786820229,
1775377818,0.2485445633,-0.1789493871,
1775577838,0.2485108201,-0.1795050553,
1775777857,0.247951565,-0.1796715046,
1775977877,0.2483491547,-0.1804321508,
1776177897,0.2482439951,-0.1813994343,
1776377917,0.2478242015,-0.1813579745,
1776577936,0.2480922211,-0.1819652598,
1776777956,0.2477049292,-0.1829284401,
1776977976,0.2475537943,-0.1833347132,
1777177996,0.2463092992,-0.1833940124,
1777378015,0.2468884479,-0.1837671278,
1777578035,0.2464198878,-0.1841846559,
1777778055,0.2456729978,-0.1845116968,
1777978075,0.2451429415,-0.1841314751,
1778178095,0.2450281722,-0.1842124838,
1778378114,0.2448524127,-0.1842314153,
1778578134,0.2448364538,-0.1842873202,
1778778154,0.2445034162,-0.1846195385,
1778978174,0.2439899829,-0.1843004917,
1779178193,0.2438613023,-0.1843844397,
1779378213,0.2432676474,-0.1845731333,
1779578233,0.2426468912,-0.1838528387,
1779778253,0.2428696475,-0.1839625186,
1779978272,0.2429166799,-0.1831938341,
1780178292,0.2426658155,-0.1834639589,
1780378312,0.2425626137,-0.1827574536,
1780578332,0.2427940545,-0.1826587517,
1780778351,0.2426950505,-0.1823851782,
1780978371,0.2426964262,-0.1815587629,
1781178391,0.2425715647,-0.1813535393,
1781378411,0.2428364852,-0.1811993755,
1781578430,0.2432920857,-0.1806997727,
1781778450,0.2431014708,-0.1802276649,
1781978470,0.2432208518,-0.1801601839,
1782178490,0.2438304442,-0.1797594176,
1782378509,0.24412761,-0.1793344064,
1782578529,0.2441960215,-0.1790773884,
1782778549,0.2449749752,-0.1782621052,
1782978569,0.245856692,-0.1783590037,
1783178588,0.2465289443,-0.1780600266,
1783378608,0.2477049586,-0.1776521186,
1783578628,0.2482612862,-0.1777936024,
1783778648,0.2490475315,-0.1781260678,
1783978667,0.2500952103,-0.1783892567,
1784178687,0.250487579,-0.1782204172,
1784378707,0.2514048579,-0.1785652994,
1784578727,0.2519846999,-0.1790909702,
1784778746,0.252564935,-0.1793549088,
1784978766,0.2538169406,-0.1794371143,
1785178786,0.2539391353,-0.180172328,
1785378806,0.2544423575,-0.1803807439,
1785578825,0.2547256091,-0.1807831371,
1785778845,0.255740521,-0.1813740954,
1785978865,0.2562559816,-0.181330886,
1786178885,0.256446846,-0.1827845325,
1786378904,0.257337697,-0.1829697288,
1786578924,0.2577660334,-0.1834174777,
1786778944,0.2576659036,-0.1842455641,
1786978964,0.2586797818,-0.1847535107,
1787178983,0.2584624113,-0.1849193792,
1787379003,0.2590101576,-0.1858084445,
1787579023,0.2593863168,-0.1862879262,
1787779043,0.259591781,-0.1869048813,
1787979062,0.2602904823,-0.1869639412,
1788179082,0.2601506609,-0.187633025,
1788379102,0.2611795291,-0.1876308586,
1788579122,0.2614358949,-0.1880761171,
1788779141,0.2612478918,-0.18929487,
1788979161,0.2621336734,-0.1901679177,
1789179181,0.2619701777,-0.1900153215,
1789379201,0.2624274346,-0.1910801408,
1789579220,0.2626056511,-0.191526963,
1789779240,0.262528104,-0.1926240207,
1789979260,0.262864025,-0.1929245177,
1790179280,0.2630417301,-0.1934869552,
1790379299,0.2634213933,-0.1948481765,
1790579319,0.2630729051,-0.1946577004,
1790779339,0.2628429741,-0.1956349375,
1790979359,0.2635333744,-0.1960422306,
1791179378,0.2637180249,-0.1971374976,
1791379398,0.2630049577,-0.1972760855,
1791579418,0.2627818408,-0.1984100934,
1791779438,0.2627652141,-0.1986097773,
1791979457,0.2625871957,-0.1987519698,
1792179477,0.2628857616,-0.1995779828,
1792379497,0.2627874701,-0.2000614229,
1792579517,0.2627323662,-0.2009299367,
1792779536,0.2625372245,-0.2006057912,
1792979556,0.2618047205,-0.2012374948,
1793179576,0.2616041208,-0.2015610236,
1793379596,0.2616671682,-0.2014206855,
1793579615,0.2617836051,-0.2021660361,
1793779635,0.2621374654,-0.2023235891,
1793979655,0.2618675542,-0.2027614065,
1794179675,0.2622472133,-0.2032157994,
1794379694,0.2617109502,-0.2038499959,
1794579714,0.2615652558,-0.2035017589,
1794779734,0.2618989975,-0.2040619865,
1794979754,0.2613751599,-0.2044217763,
1795179773,0.2617592365,-0.2038044021,
1795379793,0.2618428034,-0.2042706174,
1795579813,0.2618339136,-0.20525009,
1795779833,0.262192144,-0.2054655082,
1795979852,0.2618899545,-0.2049796874,
1796179872,0.2623423412,-0.2058792981,
1796379892,0.2625051422,-0.2059280255,
1796579912,0.262274186,-0.2059836196,
1796779931,0.2629128175,-0.2066850462,
1796979951,0.2627605455,-0.2068985153,
1797179971,0.2633185498,-0.2069311748,
1797379991,0.2629701298,-0.2076875387,
1797580010,0.2633141769,-0.2077848244,
1797780030,0.2635610219,-0.2083091836,
1797980050,0.2638466567,-0.2086566672,
1798180070,0.2640529235,-0.2090441255,
1798380089,0.2645923932,-0.2099334293,
1798580109,0.2644810831,-0.2100115953,
1798780129,0.265257847,-0.2111124242,
1798980149,0.2647966166,-0.2113251342,
1799180168,0.2647604918,-0.212673712,
1799380188,0.2646928245,-0.212838181,
1799580208,0.2651460758,-0.2138785355,
1799780228,0.2644276302,-0.2141312865,
1799980247,0.2646515979,-0.2149445977,
1800180267,0.2640853041,-0.2152254743,
1800380287,0.2641600428,-0.2161784783,
1800580307,0.2639480652,-0.2169663808,
1800780326,0.2630156932,-0.2169860057,
1800980346,0.2629996585,-0.2177134245,
1801180366,0.2626639153,-0.2177339403,
1801380386,0.2625875512,-0.2182968083,
1801580405,0.2626391697,-0.2189934495,
1801780425,0.2618555307,-0.2191858977,
1801980445,0.2610226115,-0.2191612658,
1802180465,0.2609816735,-0.2194135543,
1802380484,0.2602983461,-0.2200878591,
1802580504,0.2602762471,-0.2198462606,
1802780524,0.2598947114,-0.2199264363,
1802980544,0.2591240967,-0.2196969849,
1803180564,0.2594851216,-0.2199261265,
1803380583,0.2588213044,-0.2193948354,
1803580603,0.2589207488,-0.2192012354,
1803780623,0.2582067281,-0.2195289426,
1803980643,0.2588464765,-0.2192099389,
1804180662,0.2588950571,-0.2186865105,
1804380682,0.258395065,-0.2186194176,
1804580702,0.2589880716,-0.2189082695,
1804780722,0.2587612209,-0.2185118343,
1804980741,0.2587493786,-0.218188059,
1805180761,0.2595690672,-0.2182121404,
1805380781,0.2597466351,-0.2181747038,
1805580801,0.2602834847,-0.2180722326,
1805780820,0.2610862125,-0.2182887119,
1805980840,0.2610174468,-0.2180996533,
1806180860,0.2615948486,-0.2179932685,
1806380880,0.261400184,-0.2180831021,
1806580899,0.2622979329,-0.2184868385,
1806780919,0.2629259093,-0.2188418503,
1806980939,0.2631478955,-0.2191568547,
1807180959,0.2636660053,-0.2191299415,
1807380978,0.2638101524,-0.2199523054,
1807580998,0.2643699159,-0.2197762261,
1807781018,0.2645045717,-0.219867036,
1807981038,0.2647408823,-0.2205769764,
1808181057,0.2657788759,-0.2211660888,
1808381077,0.2658054696,-0.22159723,
1808581097,0.2658399051,-0.2218226469,
1808781117,0.2668427199,-0.2222842166,
1808981136,0.2665680308,-0.2232901159,
1809181156,0.2669714991,-0.2237356924,
1809381176,0.2673175167,-0.2242713974,
1809581196,0.2672783481,-0.2245818033,
1809781215,0.2675115264,-0.2252428703,
1809981235,0.2680455152,-0.2254328879,
1810181255,0.267875864,-0.2259676487,
1810381275,0.2679173691,-0.2260417792,
1810581294,0.2681655546,-0.2271355423,
1810781314,0.2680247791,-0.2271648719,
1810981334,0.2686075302,-0.2277349061,
1811181354,0.2686316663,-0.22804135,
1811381373,0.2690094296,-0.2288239345,
1811581393,0.2687550345,-0.2293003016,
1811781413,0.2689010198,-0.2295777523,
1811981433,0.2690604037,-0.2301299312,
1812181452,0.269300919,-0.2302198614,
1812381472,0.2686537276,-0.2311937199,
1812581492,0.2697046547,-0.2315350869,
1812781512,0.269358334,-0.2319463845,
1812981531,0.2693715408,-0.2323903366,
1813181551,0.2691398929,-0.2322996119,
1813381571,0.2696857731,-0.2324093944,
1813581591,0.2696542954,-0.232832452,
1813781610,0.2695278023,-0.2336893167,
1813981630,0.2694822696,-0.2340085456,
1814181650,0.2702625847,-0.2347906931,
1814381670,0.2703730604,-0.2356077928,
1814581689,0.2702132302,-0.235218996,
1814781709,0.2699566831,-0.2353217016,
1814981729,0.2702367708,-0.2365308624,
1815181749,0.2703971063,-0.2364217008,
1815381768,0.2705627822,-0.2373338294,
1815581788,0.2709548241,-0.2379039267,
1815781808,0.2709076646,-0.238626566,
1815981828,0.2708969196,-0.2387100672,
1816181847,0.2708634376,-0.2388003633,
1816381867,0.2714992854,-0.2394195825,
1816581887,0.2719050854,-0.2392378774,
1816781907,0.2712255418,-0.2395530008,
1816981926,0.2716669197,-0.2407796646,
1817181946,0.2712286886,-0.2410336348,
1817381966,0.271190803,-0.240730526,
1817581986,0.2720464868,-0.2413949914,
1817782005,0.2724617581,-0.2420588779,
1817982025,0.2726462171,-0.2425138845,
1818182045,0.2721949815,-0.2427212344,
1818382065,0.2728905414,-0.2435463841,
1818582084,0.2730210946,-0.2442875245,
1818782104,0.2730538951,-0.244824166,
1818982124,0.2738519464,-0.2453277249,
1819182144,0.2732949382,-0.245591372,
1819382163,0.2740595886,-0.2464479297,
1819582183,0.2739164261,-0.2473784108,
1819782203,0.2734905836,-0.2479785991,
1819982223,0.2744290746,-0.2484077785,
1820182242,0.2733162454,-0.2487096612,
1820382262,0.2736538275,-0.2496880247,
1820582282,0.2742760851,-0.2503398871,
1820782302,0.2739230976,-0.2510153362,
1820982321,0.2736977549,-0.2516076522,
1821182341,0.2733601053,-0.2524956277,
1821382361,0.2736850157,-0.2535713958,
1821582381,0.2738747056,-0.2540119,
1821782400,0.2731818288,-0.2544527731,
1821982420,0.2735580435,-0.2554748247,
1822182440,0.2727515362,-0.2557742812,
1822382460,0.2727296162,-0.2559447734,
1822582479,0.2720565988,-0.2568377721,
1822782499,0.2724532039,-0.2569043337,
1822982519,0.2719198374,-0.2576406985,
1823182539,0.271968842,-0.2578110824,
1823382558,0.2714302082,-0.2585214093,
1823582578,0.2711659982,-0.2581526625,
1823782598,0.2706130726,-0.2592573841,
1823982618,0.2703100682,-0.2593014798,
1824182637,0.2710065148,-0.2595530619,
1824382657,0.2709697965,-0.2599088982,
1824582677,0.2705820148,-0.2603815049,
1824782697,0.2703602936,-0.2606619814,
1824982716,0.2707001746,-0.2608779582,
1825182736,0.2709060255,-0.2611795545,
1825382756,0.270198883,-0.2617638617,
1825582776,0.2704377255,-0.262393566,
1825782795,0.2705145681,-0.2622920017,
1825982815,0.271056105,-0.2629144026,
1826182835,0.2705943494,-0.2635237843,
1826382855,0.2706031191,-0.2640267881,
1826582874,0.2710951882,-0.2645932797,
1826782894,0.2708175442,-0.2656170451,
1826982914,0.2707580526,-0.265712651,
1827182934,0.2703068217,-0.2666847755,
1827382954,0.2706332543,-0.2673865697,
1827582973,0.2703295243,-0.2675971073,
1827782993,0.2699367945,-0.2674491889,
1827983013,0.2697120837,-0.268443281,
1828183033,0.2694820405,-0.2683878523,
1828383052,0.2692322095,-0.2694726976,
1828583072,0.2693789736,-0.269251484,
1828783092,0.268828499,-0.2697219885,
1828983112,0.268771976,-0.2701236397,
1829183131,0.2689207879,-0.270692472,
1829383151,0.2684096564,-0.2710570944,
1829583171,0.2689240513,-0.2715203541,
1829783191,0.2680379816,-0.2715093372,
1829983210,0.26849767,-0.2723892496,
1830183230,0.2687282502,-0.2724715047,
1830383250,0.2680554917,-0.2728760846,
1830583270,0.2685417196,-0.2738821247,
1830783289,0.267777114,-0.274062647,
1830983309,0.2687651019,-0.2750722781,
1831183329,0.2678020848,-0.2756730911,
1831383349,0.2687939026,-0.2757815543,
1831583368,0.2677047649,-0.2766584998,
1831783388,0.2676420288,-0.2768617926,
1831983408,0.2681322627,-0.2773097648,
1832183428,0.2673467371,-0.2780549749,
1832383447,0.2674675716,-0.2786465829,
1832583467,0.2660302142,-0.2788097276,
1832783487,0.2664635411,-0.279638944,
1832983507,0.2660198799,-0.2796151338,
1833183526,0.2655156326,-0.2803865881,
1833383546,0.2659228879,-0.2809572427,
1833583566,0.2661690861,-0.2812367478,
1833783586,0.2645411373,-0.2808826909,
1833983605,0.2643339602,-0.2813839776,
1834183625,0.2645298472,-0.2821748089,
1834383645,0.2640910912,-0.2820370866,
1834583665,0.2644338573,-0.2819993776,
1834783684,0.2635172516,-0.2822174596,
1834983704,0.2636270085,-0.2828140727,
1835183724,0.2635914486,-0.2829143349,
1835383744,0.2633642057,-0.28336435,
1835583763,0.2627222665,-0.2831363666,
1835783783,0.2626075234,-0.2834855884,
1835983803,0.2628294992,-0.2833570972,
1836183823,0.2623363364,-0.2835867276,
1836383842,0.2629869814,-0.2842312166,
1836583862,0.2620512703,-0.2849716115,
1836783882,0.2621208037,-0.2851754014,
1836983902,0.2619377285,-0.2846188876,
1837183921,0.2628237883,-0.2851574728,
1837383941,0.26157805,-0.2854697283,
1837583961,0.2617172058,-0.2854435018,
1837783981,0.2622156042,-0.2854584423,
1837984000,0.2621297137,-0.2864846042,
1838184020,0.261985157,-0.2862892182,
1838384040,0.2620461403,-0.2869564893,
1838584060,0.2624425416,-0.286925352,
1838784079,0.2623863523,-0.2870927528,
1838984099,0.2621637696,-0.2880973338,
1839184119,0.2628488894,-0.2874581224,
1839384139,0.2622985006,-0.2891159006,
1839584158,0.2626581346,-0.2890160945,
1839784178,0.2625644799,-0.2896585672,
1839984198,0.2627204854,-0.2904019227,
1840184218,0.261777894,-0.2908676619,
1840384237,0.2622591742,-0.2913594204,
1840584257,0.2626581942,-0.2916981455,
1840784277,0.2618975287,-0.2925004777,
1840984297,0.2623272992,-0.2930233712,
1841184316,0.2618348404,-0.2936750278,
1841384336,0.2613848062,-0.2940698843,
1841584356,0.2607383916,-0.2940376213,
1841784376,0.2612205438,-0.2950957114,
1841984395,0.2608480395,-0.2955164557,
1842184415,0.2604840273,-0.295582593,
1842384435,0.2601518753,-0.2958882124,
1842584455,0.2600143367,-0.2963779826,
1842784474,0.2597341198,-0.2970831415,
1842984494,0.2593139945,-0.2978705925,
1843184514,0.2587686993,-0.2978318345,
1843384534,0.258261306,-0.2978922014,
1843584553,0.2573661775,-0.2980689334,
1843784573,0.257597517,-0.2986832394,
1843984593,0.2573572466,-0.2982920987,
1844184613,0.2565851401,-0.2986904161,
1844384632,0.2561297436,-0.2986196991,
1844584652,0.2560901471,-0.2985428655,
1844784672,0.255188155,-0.2988712972,
1844984692,0.2546940653,-0.2986489407,
1845184711,0.2551274122,-0.2980871397,
1845384731,0.2547199413,-0.2988466453,
1845584751,0.2539753234,-0.2982829913,
1845784771,0.254802551,-0.2980701997,
1845984790,0.2543646335,-0.2981439247,
1846184810,0.2548247132,-0.2977772455,
1846384830,0.2543996272,-0.2978394133,
1846584850,0.2544569059,-0.2973284953,
1846784869,0.2555683432,-0.2979367273,
1846984889,0.2556436088,-0.297321953,
1847184909,0.2556137992,-0.2981869428,
1847384929,0.2562303675,-0.2978928087,
1847584948,0.2562480294,-0.2985499582,
1847784968,0.2562834178,-0.2984150221,
1847984988,0.2568267567,-0.2986023509,
1848185008,0.2566957774,-0.299675113,
1848385027,0.2564942413,-0.2991051057,
1848585047,0.2576981632,-0.2990427178,
1848785067,0.2573593813,-0.3002424353,
1848985087,0.2575248611,-0.3001647606,
1849185106,0.2582685666,-0.300619854,
1849385126,0.2582088793,-0.3012248942,
1849585146,0.2589775872,-0.3020550534,
1849785166,0.2589148037,-0.3024372167,
1849985185,0.2591242809,-0.3024834254,
1850185205,0.2590895755,-0.3031840738,
1850385225,0.2589774627,-0.3037818487,
1850585245,0.2594834766,-0.3040780081,
1850785264,0.2599565013,-0.3046204437,
1850985284,0.2602346001,-0.3045236503,
1851185304,0.2593231067,-0.3055028352,
1851385324,0.2595043889,-0.3063133302,
1851585343,0.2596038896,-0.3070823014,
1851785363,0.2596051464,-0.307348686,
1851985383,0.2596617986,-0.3078893734,
1852185403,0.2593767887,-0.3086327204,
1852385423,0.2598673545,-0.3088807491,
1852585442,0.2600257042,-0.3089124507,
1852785462,0.2595450373,-0.3101403029,
1852985482,0.2600496623,-0.3099205667,
1853185502,0.2608515821,-0.310264728,
1853385521,0.2601324147,-0.3112681555,
1853585541,0.2606533317,-0.3120299112,
1853785561,0.2600371915,-0.312367025,
1853985581,0.2597292853,-0.3133165251,
1854185600,0.2600998893,-0.314115645,
1854385620,0.2602617966,-0.3131421799,
1854585640,0.2605579049,-0.314188079,
1854785660,0.2600871152,-0.3147730951,
1854985679,0.2607584724,-0.3156025497,
1855185699,0.2604796984,-0.3166160993,
1855385719,0.2596763037,-0.3167856543,
1855585739,0.260099795,-0.3167962791,
1855785758,0.2594733404,-0.3176810292,
1855985778,0.2589001383,-0.318295806,
1856185798,0.2597337103,-0.3183495366,
1856385818,0.2590449205,-0.3190824622,
1856585837,0.2588916782,-0.3203838565,
1856785857,0.2599201027,-0.3196072851,
1856985877,0.2584753007,-0.3207050981,
1857185897,0.2585443439,-0.3204384447,
1857385916,0.2578469255,-0.3221758833,
1857585936,0.2580159272,-0.3221460598,
1857785956,0.258252038,-0.3228492421,
1857985976,0.2576474972,-0.3234607511,
1858185995,0.2579776417,-0.3236028363,
1858386015,0.2575899263,-0.3238863901,
1858586035,0.2578594162,-0.3237116491,
1858786055,0.257854454,-0.3251592089,
1858986074,0.258371056,-0.3249961048,
1859186094,0.2579597356,-0.3255227597,
1859386114,0.258003593,-0.32612321,
1859586134,0.2583535403,-0.3264131281,
1859786153,0.2578657646,-0.3271067078,
1859986173,0.2583119077,-0.3274080905,
1860186193,0.2574282824,-0.3281222269,
1860386213,0.2577668273,-0.3286787282,
1860586232,0.2576201529,-0.3298806946,
1860786252,0.2580143763,-0.3302032196,
1860986272,0.2578057208,-0.3308655369,
1861186292,0.2572239522,-0.3318660107,
1861386311,0.2579092701,-0.3319677589,
1861586331,0.2577959274,-0.3324046144,
1861786351,0.2573129072,-0.3329559079,
1861986371,0.2576403088,-0.3342485586,
1862186390,0.2570590107,-0.3346985141,
1862386410,0.2574889739,-0.3352607189,
1862586430,0.2574117774,-0.3364141667,
1862786450,0.2570066551,-0.3369757616,
1862986469,0.2563189504,-0.3370120828,
1863186489,0.2561145227,-0.3379814655,
1863386509,0.255717077,-0.3386589853,
1863586529,0.2559078889,-0.3388992437,
1863786548,0.2550300965,-0.3403484018,
1863986568,0.2551273426,-0.34049667,
1864186588,0.2546483559,-0.3404218619,
1864386608,0.2537267116,-0.3418808637,
1864586627,0.2530883564,-0.3423674019,
1864786647,0.2529786234,-0.3423812875,
1864986667,0.2526535213,-0.3429386145,
1865186687,0.2523869812,-0.3435800182,
1865386706,0.25132555,-0.3437822084,
1865586726,0.2510293894,-0.344508096,
1865786746,0.2508607121,-0.3445002933,
1865986766,0.2509002883,-0.3444508749,
1866186785,0.2505119611,-0.3445371649,
1866386805,0.2502972786,-0.3446279106,
1866586825,0.249695237,-0.3453745324,
1866786845,0.2487885473,-0.345790375,
1866986864,0.2490665418,-0.3452457868,
1867186884,0.2488588027,-0.3462926364,
1867386904,0.2489477037,-0.3464955658,
1867586924,0.2483106183,-0.3470652855,
1867786943,0.2487508364,-0.3465313545,
1867986963,0.2483245796,-0.3462898391,
1868186983,0.2489527391,-0.3471987828,
1868387003,0.2485413828,-0.3471745602,
1868587022,0.2484139606,-0.3485202692,
1868787042,0.2487302378,-0.3479560842,
1868987062,0.2488517789,-0.3489459926,
1869187082,0.2482006267,-0.3492264328,
1869387101,0.2484422787,-0.3494742789,
1869587121,0.2483725982,-0.3501154199,
1869787141,0.2478993209,-0.3505648157,
1869987161,0.2480996582,-0.3512718594,
1870187180,0.2475702121,-0.3520057445,
1870387200,0.2475794405,-0.3522008192,
1870587220,0.2478747812,-0.352765693,
1870787240,0.2481768687,-0.3526239915,
1870987259,0.2471295178,-0.3538165466,
1871187279,0.2473690966,-0.3538185709,
1871387299,0.247635865,-0.3544192204,
1871587319,0.2468513094,-0.354503414,
1871787338,0.2472295774,-0.3558627564,
1871987358,0.247317515,-0.3563764745,
1872187378,0.246519287,-0.3563295401,
1872387398,0.246930307,-0.3571139646,
1872587417,0.2468739357,-0.3575337142,
1872787437,0.2459200903,-0.3577664229,
1872987457,0.2455232819,-0.3587796834,
1873187477,0.2455843814,-0.3590838151,
1873387496,0.2456555405,-0.358939729,
1873587516,0.2452709838,-0.360294414,
1873787536,0.2455215178,-0.3604159426,
1873987556,0.2446417263,-0.3613935714,
1874187575,0.2445228187,-0.3621939706,
1874387595,0.244318607,-0.3624888664,
1874587615,0.2432822942,-0.3631487918,
1874787635,0.2433613001,-0.3638977589,
1874987654,0.2425376727,-0.3639621027,
1875187674,0.2425705251,-0.365301224,
1875387694,0.2419439323,-0.3645669118,
1875587714,0.2421183947,-0.365346743,
1875787733,0.2419595307,-0.365987622,
1875987753,0.2407279308,-0.3659755572,
1876187773,0.2417007448,-0.3661215824,
1876387793,0.2407608098,-0.3672617113,
1876587812,0.2405015153,-0.3671500193,
1876787832,0.2410316523,-0.3679473129,
1876987852,0.2405846969,-0.3677832233,
1877187872,0.2405590173,-0.3681150301,
1877387892,0.2398870389,-0.3688632206,
1877587911,0.2391428343,-0.3691132688,
1877787931,0.2399417278,-0.3698595663,
1877987951,0.2404049861,-0.3706875986,
1878187971,0.239844672,-0.3705621281,
1878387990,0.2393494411,-0.3710782176,
1878588010,0.2386902386,-0.3721450428,
1878788030,0.2388272798,-0.3730051403,
1878988050,0.2386075704,-0.3723428821,
1879188069,0.2384866218,-0.3738468907,
1879388089,0.2386964065,-0.3734831025,
1879588109,0.237294184,-0.3752968249,
1879788129,0.2376553545,-0.3749690557,
1879988148,0.2381490586,-0.3755275554,
1880188168,0.2371324264,-0.3756544746,
1880388188,0.2374511123,-0.3762623179,
1880588208,0.2368099107,-0.3776914892,
1880788227,0.2364684673,-0.3776276116,
1880988247,0.2364519401,-0.3780679123,
1881188267,0.2357422954,-0.3778445962,
1881388287,0.2351528964,-0.3786942093,
1881588306,0.2348504583,-0.3800226078,
1881788326,0.2348418207,-0.3807831741,
1881988346,0.2336552762,-0.3805858034,
1882188366,0.234324494,-0.3815898723,
1882388385,0.233524817,-0.3809385947,
1882588405,0.2335488819,-0.3824746934,
1882788425,0.2328298088,-0.3820293154,
1882988445,0.2325483378,-0.3822705938,
1883188464,0.2324678575,-0.3841239348,
1883388484,0.2320290161,-0.3831348198,
1883588504,0.2323482577,-0.3840756898,
1883788524,0.2317405256,-0.3843320788,
1883988543,0.2305477688,-0.3844628303,
1884188563,0.2297826207,-0.3861389698,
1884388583,0.2297076297,-0.3856099551,
1884588603,0.2300011439,-0.3868514979,
1884788622,0.2293173589,-0.3865049447,
1884988642,0.2297179064,-0.3874720963,
1885188662,0.2286543215,-0.387424484,
1885388682,0.2277145728,-0.38810742,
1885588701,0.2285301623,-0.3882763902,
1885788721,0.2272281403,-0.3891734242,
1885988741,0.2273141573,-0.3892878639,
1886188761,0.2268038549,-0.3886938923,
1886388780,0.2273871663,-0.3895822078,
1886588800,0.2268015132,-0.3899324203,
1886788820,0.2261450772,-0.3905799005,
1886988840,0.2265540232,-0.3904208579,
1887188859,0.2254546749,-0.390837881,
1887388879,0.2252282945,-0.3915899569,
1887588899,0.2253581107,-0.3918807392,
1887788919,0.2256759408,-0.3929206311,
1887988938,0.2248920941,-0.3928881124,
1888188958,0.2257527796,-0.3932712533,
1888388978,0.2249363496,-0.3938513295,
1888588998,0.224313574,-0.3941807071,
1888789017,0.2248498192,-0.3940440318,
1888989037,0.2246401383,-0.3950270638,
1889189057,0.2247339926,-0.3948537822,
1889389077,0.2241945795,-0.3961805468,
1889589096,0.2246062161,-0.3974804685,
1889789116,0.2251043628,-0.3967276875,
1889989136,0.2241648137,-0.3986127143,
1890189156,0.2237177756,-0.3990028229,
1890389175,0.2237495286,-0.4002309719,
1890589195,0.225000725,-0.3997060518,
1890789215,0.2236099168,-0.4018285359,
1890989235,0.2232563863,-0.4016259347,
1891189254,0.2231624091,-0.4024982076,
1891389274,0.2233051598,-0.4034995734,
1891589294,0.2223731293,-0.4047201478,
1891789314,0.2228430453,-0.4049407026,
1891989333,0.2216854012,-0.4056462705,
1892189353,0.2209894778,-0.4073006513,
1892389373,0.2207694182,-0.4076792631,
1892589393,0.2198679318,-0.4083146349,
1892789412,0.2193589669,-0.4099479529,
1892989432,0.2190244043,-0.4110767995,
1893189452,0.2186530253,-0.4115357844,
1893389472,0.2171975903,-0.4119099688,
1893589491,0.2177544337,-0.4132043399,
1893789511,0.2158777193,-0.4140887069,
1893989531,0.2149234333,-0.4154051759,
1894189551,0.2145824474,-0.4157581145,
1894389570,0.2141123967,-0.4158766693,
1894589590,0.2129353456,-0.4170685777,
1894789610,0.2126619883,-0.4175545513,
1894989630,0.2128850955,-0.4172232435,
1895189649,0.2104665457,-0.4183462409,
1895389669,0.2103216937,-0.4185702135,
1895589689,0.2096976876,-0.4201167158,
1895789709,0.2078749899,-0.4202941441,
1895989728,0.2068850189,-0.4206097465,
1896189748,0.2061723634,-0.4212568618,
1896389768,0.2049263328,-0.4211688598,
1896589788,0.2042047261,-0.4227176701,
1896789807,0.203366206,-0.4226572223,
1896989827,0.2017508174,-0.4223450095,
1897189847,0.2018628811,-0.4223549048,
1897389867,0.2003182918,-0.4226223379,
1897589886,0.1994443348,-0.4233754358,
1897789906,0.1981455875,-0.4234847228,
1897989926,0.1975662274,-0.4233664108,
1898189946,0.196649034,-0.4239494308,
1898389965,0.1963802283,-0.4238276677,
1898589985,0.1947859076,-0.4238025815,
1898790005,0.1946097174,-0.4235768779,
1898990025,0.1943699109,-0.4236080464,
1899190044,0.1926594897,-0.425194236,
1899390064,0.1911970495,-0.4240493373,
1899590084,0.1908950699,-0.4235925353,
1899790104,0.1904945299,-0.4246472785,
1899990123,0.1893558277,-0.4235229471,
1900190143,0.188304257,-0.4243843461,
1900390163,0.1886069847,-0.4244519107,
1900590183,0.1875978719,-0.4251046332,
1900790202,0.1879553091,-0.4237026092,
1900990222,0.1860696684,-0.4242484345,
1901190242,0.184792772,-0.4224894986,
1901390262,0.1847089889,-0.4237703745,
1901590282,0.1833280354,-0.4239353888,
1901790301,0.1838049227,-0.4230772188,
1901990321,0.1831425546,-0.4233379909,
1902190341,0.1831902971,-0.4222676837,
1902390361,0.1819026214,-0.4225672653,
1902590380,0.1807480669,-0.4234579141,
1902790400,0.1810977145,-0.4238159574,
1902990420,0.1796190864,-0.4232028666,
1903190440,0.180123024,-0.4224276846,
1903390459,0.1791686453,-0.4221910554,
1903590479,0.1796314783,-0.4224608661,
1903790499,0.1783816498,-0.4210545706,
1903990519,0.1782322421,-0.4221899831,
1904190538,0.1780646751,-0.4211730931,
1904390558,0.1773796576,-0.4227107656,
1904590578,0.1767271225,-0.421880145,
1904790598,0.1769316744,-0.4218755834,
1904990617,0.1773341882,-0.421231071,
1905190637,0.176725491,-0.4214937998,
1905390657,0.176484737,-0.420508233,
1905590677,0.1759324739,-0.4216394565,
1905790696,0.1754683629,-0.4217670213,
1905990716,0.1757026081,-0.4214887836,
1906190736,0.1760415155,-0.4215493727,
1906390756,0.1750741532,-0.4216146939,
1906590775,0.1744489602,-0.4212640541,
1906790795,0.174715504,-0.4207416918,
1906990815,0.1740447996,-0.4217320118,
1907190835,0.1751020747,-0.4212175439,
1907390854,0.1752186011,-0.4221293523,
1907590874,0.1742400749,-0.4223366871,
1907790894,0.1736901596,-0.4215969754,
1907990914,0.1746214296,-0.4224113595,
1908190933,0.1733430695,-0.422989894,
1908390953,0.1739267846,-0.4224503155,
1908590973,0.1716400094,-0.4222720871,
1908790993,0.1732971783,-0.4221745355,
1908991012,0.1721991657,-0.4223658627,
1909191032,0.1722429411,-0.4234078264,
1909391052,0.1721077427,-0.4232985989,
1909591072,0.1721391501,-0.4238000855,
1909791091,0.170953545,-0.4243896931,
1909991111,0.1711016725,-0.4239775758,
1910191131,0.1709314005,-0.4243424017,
1910391151,0.1703774018,-0.425137143,
1910591170,0.1712840278,-0.4236547489,
1910791190,0.1698749374,-0.4251533732,
1910991210,0.1702536033,-0.4245363294,
1911191230,0.1706258297,-0.4247326647,
1911391249,0.1703113721,-0.4243541186,
1911591269,0.1690173947,-0.4249332654,
1911791289,0.1703512462,-0.425004024,
1911991309,0.169241262,-0.4249516081,
1912191328,0.1691129022,-0.4254833874,
1912391348,0.1687631836,-0.4253721425,
1912591368,0.169091264,-0.4250836839,
1912791388,0.169077055,-0.4255041236,
1912991407,0.1686540105,-0.426113336,
1913191427,0.1679856668,-0.4265259568,
1913391447,0.1690147687,-0.4264160038,
1913591467,0.1681058172,-0.4266972965,
1913791486,0.1679548841,-0.4269489957,
1913991506,0.1672604343,-0.4278454016,
1914191526,0.1674596898,-0.4279433141,
1914391546,0.1677912458,-0.4278001285,
1914591565,0.1675869482,-0.4272341274,
1914791585,0.1670363771,-0.42828547,
1914991605,0.1673995772,-0.4281740434,
1915191625,0.1661294984,-0.4292817876,
1915391644,0.1655382851,-0.4294890874,
1915591664,0.1664550383,-0.4292024594,
1915791684,0.1669751411,-0.4294360684,
1915991704,0.1656568697,-0.4306934275,
1916191723,0.1664024171,-0.4297206988,
1916391743,0.1665956482,-0.4315713359,
1916591763,0.1661511756,-0.4312670156,
1916791783,0.1667146035,-0.4321465828,
1916991802,0.1674346083,-0.4317623788,
1917191822,0.1657538992,-0.4316256469,
1917391842,0.1655846885,-0.4337792273,
1917591862,0.1652975337,-0.4338176228,
1917791881,0.1657834798,-0.4339161908,
1917991901,0.1647901767,-0.4343316712,
1918191921,0.1660231873,-0.4341601913,
1918391941,0.1636279809,-0.4351189389,
1918591960,0.1639410994,-0.4355500748,
1918791980,0.1638065433,-0.435934411,
1918992000,0.163626892,-0.4374641571,
1919192020,0.1642452209,-0.4365878562,
1919392039,0.1631393865,-0.4365672597,
1919592059,0.1627304332,-0.4386010142,
1919792079,0.1621647183,-0.4387108133,
1919992099,0.162398364,-0.4392483028,
1920192118,0.1616558077,-0.4390665296,
1920392138,0.1612147567,-0.439735701,
1920592158,0.1622105078,-0.4407224907,
1920792178,0.160756139,-0.4403834369,
1920992197,0.1604046833,-0.4412379685,
1921192217,0.1598537047,-0.4422958593,
1921392237,0.1591673567,-0.443101201,
1921592257,0.1589951005,-0.4435505785,
1921792276,0.1581705982,-0.4439466866,
1921992296,0.1575965994,-0.4439593811,
1922192316,0.1586939143,-0.4449512906,
1922392336,0.1575823314,-0.4442323966,
1922592355,0.1569991679,-0.4460110719,
1922792375,0.1570783665,-0.445945369,
1922992395,0.1572673498,-0.4467258536,
1923192415,0.1559044244,-0.4468800942,
1923392434,0.1547810883,-0.4476871875,
1923592454,0.1548028365,-0.4480433501,
1923792474,0.1540381131,-0.448209613,
1923992494,0.1534520469,-0.4486244508,
1924192513,0.1534874244,-0.4492773897,
1924392533,0.1537039797,-0.4501116772,
1924592553,0.1524740049,-0.4496388549,
1924792573,0.1528409459,-0.4499057816,
1924992592,0.1527500311,-0.4507256606,
1925192612,0.1512453234,-0.4515376022,
1925392632,0.1506604861,-0.45150698,
1925592652,0.1506442337,-0.451134208,
1925792671,0.1490694252,-0.4524730489,
1925992691,0.149149373,-0.4523083363,
1926192711,0.1495848433,-0.4530608625,
1926392731,0.1498765952,-0.4528370275,
1926592751,0.1474268793,-0.4550131274,
1926792770,0.1480878182,-0.4545581261,
1926992790,0.1479421454,-0.4539408097,
1927192810,0.1450904613,-0.4549469012,
1927392830,0.1445511549,-0.454649464,
1927592849,0.1457142826,-0.4550300242,
1927792869,0.1439680249,-0.4562821388,
1927992889,0.143998716,-0.4558123957,
1928192909,0.1442229182,-0.4565383978,
1928392928,0.1426895987,-0.457613632,
1928592948,0.1425294575,-0.4576912043,
1928792968,0.142142445,-0.4581694217,
1928992988,0.1409427329,-0.458438554,
1929193007,0.1404196753,-0.4586110535,
1929393027,0.139454591,-0.459779628,
1929593047,0.1382428933,-0.4600297547,
1929793067,0.13910194,-0.4603338456,
1929993086,0.1387885912,-0.4606017044,
1930193106,0.1370891462,-0.4597744883,
1930393126,0.136954657,-0.460154807,
1930593146,0.1356610763,-0.4624697007,
1930793165,0.1343340301,-0.4617852765,
1930993185,0.133645117,-0.4624353714,
1931193205,0.1339091263,-0.4615400185,
1931393225,0.1335133888,-0.462676498,
1931593244,0.1327029492,-0.4615078136,
1931793264,0.1323092897,-0.4626529335,
1931993284,0.1311344979,-0.4626668583,
1932193304,0.1297505905,-0.4634364002,
1932393323,0.1296307201,-0.4617408575,
1932593343,0.1273161929,-0.4634952595,
1932793363,0.127614038,-0.4637229191,
1932993383,0.1284503096,-0.4645543814,
1933193402,0.1279538858,-0.4648482262,
1933393422,0.1252382015,-0.4634221214,
1933593442,0.1252731811,-0.4646906861,
1933793462,0.1238376634,-0.4639947473,
1933993481,0.1235251778,-0.4640400877,
1934193501,0.1221944074,-0.4648003122,
1934393521,0.1219257379,-0.4645083767,
1934593541,0.119721537,-0.4644576948,
1934793560,0.1202133064,-0.4644226689,
1934993580,0.1192640866,-0.4647735886,
1935193600,0.1193752379,-0.4637714076,
1935393620,0.1181425501,-0.4643483459,
1935593639,0.1168362031,-0.4646741695,
1935793659,0.1174692802,-0.4643767023,
1935993679,0.1161808334,-0.4646729927,
1936193699,0.1154085273,-0.464031431,
1936393718,0.1147348757,-0.4642005663,
1936593738,0.1150480775,-0.4639825368,
1936793758,0.1148127479,-0.4629171321,
1936993778,0.1139286861,-0.4633222842,
1937193797,0.112461362,-0.4639338192,
1937393817,0.1126517928,-0.4634605747,
1937593837,0.1125795931,-0.4642281442,
1937793857,0.1122362176,-0.4622700994,
1937993876,0.1119138006,-0.4623805251,
1938193896,0.1122613122,-0.4623485421,
1938393916,0.1117068822,-0.4619081504,
1938593936,0.1102329219,-0.462877135,
1938793955,0.1108169947,-0.4632424302,
1938993975,0.1106519818,-0.4623646621,
1939193995,0.1098497339,-0.4621851746,
1939394015,0.110034111,-0.4623286371,
1939594034,0.1092551371,-0.4628776334,
1939794054,0.1103542242,-0.4638469732,
1939994074,0.1090276262,-0.4628645341,
1940194094,0.1096099742,-0.4628207368,
1940394113,0.1085507088,-0.4639005648,
1940594133,0.1086021171,-0.4643912736,
1940794153,0.1100358306,-0.464137884,
1940994173,0.1090932205,-0.4640607229,
1941194192,0.1085588051,-0.4649932316,
1941394212,0.1086735425,-0.4648887425,
1941594232,0.1078578463,-0.4648524044,
1941794252,0.1083240954,-0.4662030352,
1941994271,0.106882368,-0.4661356005,
1942194291,0.1052728804,-0.4670127145,
1942394311,0.1058381275,-0.467829273,
1942594331,0.1051212163,-0.4675804968,
1942794350,0.1044322336,-0.467900523,
1942994370,0.1042454468,-0.4692561171,
1943194390,0.1037988583,-0.4695194338,
1943394410,0.1032614967,-0.4693542626,
1943594429,0.1024701842,-0.4686986257,
1943794449,0.1007309637,-0.4703998483,
1943994469,0.1008173307,-0.4709913906,
1944194489,0.1004913653,-0.4715834386,
1944394508,0.09891420817,-0.4713139126,
1944594528,0.09724732885,-0.4707731476,
1944794548,0.09820992286,-0.471648754,
1944994568,0.09769641692,-0.4717585069,
1945194587,0.09523925933,-0.4725113266,
1945394607,0.0951833423,-0.4726991591,
1945594627,0.09520196771,-0.4724133437,
1945794647,0.09460554103,-0.4725674591,
1945994666,0.09318702524,-0.4717647103,
1946194686,0.09262823197,-0.4719544212,
1946394706,0.09223863154,-0.472006593,
1946594726,0.09170831344,-0.4726760075,
1946794745,0.09091949177,-0.4723325839,
1946994765,0.08989973018,-0.4720992984,
1947194785,0.08962536805,-0.4725180147,
1947394805,0.08884322014,-0.4728744303,
1947594824,0.08938316316,-0.4735289909,
1947794844,0.08829497889,-0.4726104753,
1947994864,0.08756089187,-0.472554872,
1948194884,0.08733785086,-0.4722574757,
1948394903,0.08740722655,-0.4731036002,
1948594923,0.08637899014,-0.4729000421,
1948794943,0.08485314004,-0.4736768503,
1948994963,0.08528264709,-0.4731202774,
1949194982,0.08605716727,-0.4733829489,
1949395002,0.08488259139,-0.4746136674,
1949595022,0.08396611153,-0.4733215944,
1949795042,0.08261485571,-0.4740441849,
1949995061,0.08139100966,-0.4750057056,
1950195081,0.080920177,-0.4734935424,
1950395101,0.08083454306,-0.4747894841,
1950595121,0.07919149563,-0.4740415794,
1950795141,0.07947081721,-0.4744733036,
1950995160,0.07835302671,-0.4747229863,
1951195180,0.07780568847,-0.4751188807,
1951395200,0.07598921211,-0.4742559924,
1951595220,0.07656365988,-0.475150849,
1951795239,0.07707959982,-0.4747750468,
1951995259,0.0751800661,-0.4724413853,
1952195279,0.07430927911,-0.4728812763,
1952395299,0.0751736839,-0.4728238695,
1952595318,0.07397075261,-0.47342597,
1952795338,0.0741914971,-0.4729865408,
1952995358,0.07186004916,-0.4721374821,
1953195378,0.0728646764,-0.4718449145,
1953395397,0.07191970583,-0.4733496063,
1953595417,0.07203669426,-0.4720589722,
1953795437,0.07171601131,-0.4715360104,
1953995457,0.07079174359,-0.4718505596,
1954195476,0.07096555296,-0.4716233701,
1954395496,0.07137620038,-0.4737568584,
1954595516,0.07094165889,-0.4733946032,
1954795536,0.07013157406,-0.4731480961,
1954995555,0.06984188587,-0.4747105477,
1955195575,0.06959508264,-0.4732771012,
1955395595,0.06935181121,-0.4742336638,
1955595615,0.06863190217,-0.4746868692,
1955795634,0.0692090854,-0.4742875316,
1955995654,0.06714523772,-0.4755537105,
1956195674,0.06575962903,-0.4760691569,
1956395694,0.06632038042,-0.4750403383,
1956595713,0.06699605216,-0.4753545572,
1956795733,0.06490239392,-0.4753913302,
1956995753,0.06470533759,-0.4762138551,
1957195773,0.06378962512,-0.4767659573,
1957395792,0.06366638483,-0.4776103698,
1957595812,0.06330598017,-0.4770868424,
1957795832,0.06164338945,-0.4772502742,
1957995852,0.0606975727,-0.4782650565,
1958195871,0.05890844031,-0.4771310101,
1958395891,0.05887698651,-0.4772259405,
1958595911,0.05875896473,-0.4787189543,
1958795931,0.05727608231,-0.4778035266,
1958995950,0.05754691517,-0.4780271702,
1959195970,0.0569544839,-0.478982245,
1959395990,0.05580010035,-0.4781966509,
1959596010,0.05491419411,-0.4774825094,
1959796029,0.05364813958,-0.4783048422,
1959996049,0.0532986305,-0.4776437219,
1960196069,0.05036020019,-0.4777242151,
1960396089,0.05222790085,-0.4781656225,
1960596108,0.0511497987,-0.4776199268,
1960796128,0.05185921861,-0.4783212468,
1960996148,0.04837520548,-0.4766390819,
1961196168,0.04944908616,-0.4764737979,
1961396187,0.0479991229,-0.4785599233,
1961596207,0.04801018185,-0.4765497244,
1961796227,0.04743886527,-0.4771701043,
1961996247,0.04509069467,-0.4761684315,
1962196266,0.04626863715,-0.4761794348,
1962396286,0.04510625779,-0.4756615035,
1962596306,0.04467214083,-0.4763647447,
1962796326,0.04286178766,-0.4752121535,
1962996345,0.04321009111,-0.4758260292,
1963196365,0.04178011229,-0.4758242147,
1963396385,0.04126621316,-0.4751334576,
1963596405,0.04053356359,-0.4743188073,
1963796424,0.04112222168,-0.4734070272,
1963996444,0.03869529232,-0.4742924953,
1964196464,0.04071339152,-0.4744860439,
1964396484,0.04022649522,-0.4742579925,
1964596503,0.03805948032,-0.472859171,
1964796523,0.03923003404,-0.4727864073,
1964996543,0.03848749106,-0.4744903351,
1965196563,0.03905687386,-0.4747250896,
1965396582,0.03704114999,-0.4734190758,
1965596602,0.03594736173,-0.4729982939,
1965796622,0.03605405974,-0.4727270562,
1965996642,0.03488218281,-0.4734936392,
1966196661,0.03538782143,-0.4733592369,
1966396681,0.03314168015,-0.4730578711,
1966596701,0.03314432784,-0.4719739103,
1966796721,0.03189553262,-0.4727551832,
1966996740,0.03134900875,-0.4727765506,
1967196760,0.03171185453,-0.4717519904,
1967396780,0.03153989042,-0.4727616326,
1967596800,0.03037104834,-0.4729558334,
1967796819,0.03073213121,-0.4721519457,
1967996839,0.02972623683,-0.4724914325,
1968196859,0.02918480892,-0.472291205,
1968396879,0.02746073055,-0.4725670152,
1968596898,0.02706796778,-0.4727469043,
1968796918,0.02542179438,-0.4710053724,
1968996938,0.02637166428,-0.4706441062,
1969196958,0.02468608174,-0.4696124131,
1969396977,0.02567965359,-0.469801092,
1969596997,0.02501851932,-0.4696812799,
1969797017,0.02393210988,-0.4686743,
1969997037,0.02292112233,-0.4689653503,
1970197056,0.02317626276,-0.4689553297,
1970397076,0.02458542264,-0.4687279238,
1970597096,0.02340608331,-0.4674733847,
1970797116,0.02158318294,-0.467956988,
1970997135,0.02310067875,-0.4681273459,
1971197155,0.02179156726,-0.4677629536,
1971397175,0.0227045105,-0.4675548365,
1971597195,0.02086601296,-0.4673947078,
1971797214,0.02255699,-0.46671441,
1971997234,0.02187499828,-0.4667937701,
1972197254,0.02020073058,-0.4670131046,
1972397274,0.01973693411,-0.4662321211,
1972597293,0.01930909056,-0.4667366373,
1972797313,0.0211730446,-0.4672801362,
1972997333,0.01891483631,-0.4659785726,
1973197353,0.01949816963,-0.4652284277,
1973397372,0.01935285668,-0.4664649159,
1973597392,0.01865280135,-0.4646447821,
1973797412,0.01783965446,-0.4655180386,
1973997432,0.01749979108,-0.4648575488,
1974197451,0.01856850572,-0.4660951465,
1974397471,0.01911958757,-0.4650829979,
1974597491,0.01719988136,-0.466738208,
1974797511,0.01636083807,-0.4650061277,
1974997530,0.01692987172,-0.4654674607,
1975197550,0.01560175833,-0.4650584853,
1975397570,0.01568728782,-0.4651083985,
1975597590,0.01527618092,-0.4654407135,
1975797610,0.01465700456,-0.4651723029,
1975997629,0.01466826182,-0.4632609207,
1976197649,0.01546858819,-0.4648998061,
1976397669,0.01342396144,-0.4654017152,
1976597689,0.01288120885,-0.4663389303,
1976797708,0.01481923464,-0.4655423044,
1976997728,0.01218755486,-0.4658918931,
1977197748,0.01341469538,-0.464386227,
1977397768,0.01230165199,-0.4645498855,
1977597787,0.01073394081,-0.466256114,
1977797807,0.01153402741,-0.4654330743,
1977997827,0.01076927212,-0.4667700174,
1978197847,0.009439096169,-0.4675894273,
1978397866,0.009907243064,-0.4662797394,
1978597886,0.008849249785,-0.4657148838,
1978797906,0.009822616031,-0.465288366,
1978997926,0.008580067302,-0.4643964762,
1979197945,0.008208538071,-0.4651706197,
1979397965,0.00829591907,-0.46536146,
1979597985,0.005988666643,-0.4655874156,
1979798005,0.005680740906,-0.4658962924,
1979998024,0.006714043784,-0.4663570686,
1980198044,0.005128903096,-0.4652738465,
1980398064,0.004251648148,-0.4653695697,
1980598084,0.003566609423,-0.4651489038,
1980798103,0.003633720752,-0.4648737591,
1980998123,0.004288066152,-0.4653443798,
1981198143,0.001684281706,-0.4644505384,
1981398163,0.001919600566,-0.4649736723,
1981598182,0.002150964354,-0.4636040411,
1981798202,0.002089113699,-0.464875978,
1981998222,0.00146417999,-0.4643472374,
1982198242,0.002021818197,-0.4643319252,
1982398261,-2.452996642e-05,-0.465227641,
1982598281,-0.0009677502019,-0.4633832405,
1982798301,-0.001507073364,-0.4631362145,
1982998321,-0.001877962036,-0.4628172067,
1983198340,-0.001971649206,-0.4636266513,
1983398360,-0.003509830231,-0.4623529482,
1983598380,-0.002014848104,-0.4621152766,
1983798400,-0.004761978574,-0.4637944195,
1983998419,-0.004395351409,-0.4640176897,
1984198439,-0.004180941056,-0.4610920131,
1984398459,-0.004453379141,-0.462477188,
1984598479,-0.005234508813,-0.4624368427,
1984798498,-0.006992228706,-0.4630497587,
1984998518,-0.005896063697,-0.4607131578,
1985198538,-0.006071324704,-0.4603736378,
1985398558,-0.007764409441,-0.4607589232,
1985598577,-0.008709386475,-0.4599228788,
1985798597,-0.008561334563,-0.4606169798,
1985998617,-0.009748816733,-0.4607106115,
1986198637,-0.01057153588,-0.4604080584,
1986398656,-0.01094976846,-0.4605582394,
1986598676,-0.01177034626,-0.459316804,
1986798696,-0.01109565104,-0.4601100535,
1986998716,-0.01293394671,-0.4593586021,
1987198735,-0.01243844063,-0.4581299611,
1987398755,-0.01239136082,-0.4594112168,
1987598775,-0.0139557038,-0.4576666395,
1987798795,-0.0134123453,-0.4576936685,
1987998814,-0.01226261084,-0.4586129924,
1988198834,-0.01271867387,-0.4560794062,
1988398854,-0.01282102253,-0.4577457982,
1988598874,-0.01488040364,-0.4568654095,
1988798893,-0.01514969172,-0.4563482859,
1988998913,-0.01456952863,-0.455159527,
1989198933,-0.01486477906,-0.4559166335,
1989398953,-0.0139316704,-0.4560550726,
1989598972,-0.01639610357,-0.4555127507,
1989798992,-0.01513432148,-0.4555687771,
1989999012,-0.01568235336,-0.455311172,
1990199032,-0.01716514884,-0.4563229114,
1990399051,-0.01719492061,-0.4556147216,
1990599071,-0.01622387829,-0.4557967774,
1990799091,-0.01785425978,-0.4557301376,
1990999111,-0.01622760126,-0.4561122663,
1991199130,-0.01680879196,-0.4543344677,
1991399150,-0.01676122271,-0.455603718,
1991599170,-0.01832769323,-0.4554736949,
1991799190,-0.01954310915,-0.4557059637,
1991999209,-0.0199006959,-0.4554699179,
1992199229,-0.02095026426,-0.4558890597,
1992399249,-0.02104840123,-0.4559910426,
1992599269,-0.02087960507,-0.4555442166,
1992799288,-0.02166443941,-0.4556034388,
1992999308,-0.02187606791,-0.4543720864,
1993199328,-0.0229438352,-0.4529791495,
1993399348,-0.02350626313,-0.4545430298,
1993599367,-0.02442023748,-0.4546919582,
1993799387,-0.02380785852,-0.4534769071,
1993999407,-0.02478428146,-0.4542776854,
1994199427,-0.02550510326,-0.4536053783,
1994399446,-0.02686494018,-0.4530579284,
1994599466,-0.02539088324,-0.4527027601,
1994799486,-0.02652202492,-0.4521337932,
1994999506,-0.02810548414,-0.4528688088,
1995199525,-0.02781350183,-0.4519881812,
1995399545,-0.02773765748,-0.4518020156,
1995599565,-0.02767569662,-0.4513261765,
1995799585,-0.0279739303,-0.451206595,
1995999604,-0.02957624675,-0.4488811005,
1996199624,-0.02922524422,-0.449714497,
1996399644,-0.02818367663,-0.4486993761,
1996599664,-0.02799341183,-0.4491283786,
1996799683,-0.02995337118,-0.4486800489,
1996999703,-0.03017461811,-0.448844831,
1997199723,-0.03255069639,-0.4476061407,
1997399743,-0.02983852789,-0.447865452,
1997599762,-0.03061776806,-0.4474197875,
1997799782,-0.03077845413,-0.4478234574,
1997999802,-0.03086799007,-0.447002039,
1998199822,-0.03184563548,-0.4465542849,
1998399841,-0.03111272977,-0.4470592071,
1998599861,-0.03081557581,-0.4463439173,
1998799881,-0.0321452076,-0.4444013374,
1998999901,-0.03214752135,-0.4474054514,
1999199920,-0.03255858686,-0.4457803455,
1999399940,-0.03302095051,-0.446215172,
1999599960,-0.03347289753,-0.4449802327,
1999799980,-0.03277773798,-0.4453983857,
2000000000,-0.03248968989,-0.4449240478,
