Frequency,S11_Real,S11_Imaginary,
2500,0.2406052272,0.2129020394,
202519,-0.783362679,0.4531812471,
402539,-0.4150951462,0.748723157,
602559,0.04637225759,0.8362714716,
802579,0.4576065063,0.713943691,
1002598,0.7534645309,0.3978416893,
1202618,0.8625544598,-0.02408694709,
1402638,0.7335981039,-0.4498096919,
1602658,0.41604285,-0.748175947,
1802677,-0.003792356835,-0.848294804,
2002697,-0.4094522988,-0.7254673243,
2202717,-0.6930842969,-0.4295958376,
2402737,-0.7958351634,-0.04087417588,
2602756,-0.7010264732,0.3395394208,
2802776,-0.4422428605,0.6261907776,
3002796,-0.07788458766,0.7536351614,
3202816,0.3030369513,0.6902472924,
3402835,0.6085605138,0.4446565608,
3602855,0.7510825136,0.08040085223,
3802875,0.6925664095,-0.3077121129,
4002895,0.450815914,-0.6114074801,
4202914,0.0951312221,-0.7498783162,
4402934,-0.2736824944,-0.700241044,
4602954,-0.5681200811,-0.4816595434,
4802974,-0.7179913173,-0.1566441122,
5002993,-0.6963313734,0.195663931,
5203013,-0.512316411,0.4930540272,
5403033,-0.2117581484,0.66935628,
5603053,0.1380386524,0.6809750906,
5803072,0.4539916456,0.5190750882,
6003092,0.6502494505,0.2230003208,
6203112,0.6745458096,-0.1331438932,
6403132,0.5183270202,-0.4544930747,
6603151,0.224945345,-0.6521870946,
6803171,-0.121635045,-0.6790963159,
7003191,-0.4320636978,-0.5338959431,
7203211,-0.6279385242,-0.261962633,
7403230,-0.6708773843,0.06547033679,
7603250,-0.5524191087,0.3700355686,
7803270,-0.3051513755,0.5809058683,
8003290,0.01346792643,0.6494697241,
8203309,0.3259052902,0.5552006093,
8403329,0.5554843309,0.3199444871,
8603349,0.6402055011,0.001033302353,
8803369,0.5576771509,-0.317058193,
9003388,0.3300302883,-0.5518997583,
9203408,0.01974905556,-0.6433569209,
9403428,-0.290861988,-0.5742956386,
9603448,-0.5251720807,-0.3650692245,
9803467,-0.6303793634,-0.07468746346,
10003487,-0.5842924088,0.2281478986,
10203507,-0.402186597,0.470741941,
10403527,-0.1265251773,0.5977255978,
10603546,0.1770428504,0.5774132609,
10803566,0.433607411,0.4118224406,
11003586,0.5790380219,0.1420293369,
11203606,0.5738220996,-0.1656055497,
11403625,0.4169264424,-0.4294517779,
11603645,0.151919934,-0.5809073452,
11803665,-0.1498553954,-0.5832317599,
12003685,-0.410176101,-0.440195272,
12203704,-0.5671042853,-0.1926364494,
12403724,-0.5854964924,0.09640113306,
12603744,-0.4663776625,0.3572250981,
12803764,-0.2380509783,0.5297717453,
13003783,0.0447163937,0.5722642742,
13203803,0.3148979426,0.4734401707,
13403823,0.5035925404,0.2562754494,
13603843,0.5634804113,-0.02673087841,
13803862,0.4769847436,-0.3021825955,
14003882,0.2678440998,-0.4995163272,
14203902,-0.008996932413,-0.5685046971,
14403922,-0.280673139,-0.494111925,
14603941,-0.4801705573,-0.3000247787,
14803961,-0.5609913958,-0.03709104111,
15003981,-0.5066129587,0.2299834445,
15204001,-0.3324355542,0.4378157758,
15404020,-0.07950760739,0.5368970425,
15604040,0.1892040327,0.5026527787,
15804060,0.4085288183,0.3417916362,
16004080,0.5237466615,0.09458606632,
16204099,0.5030869379,-0.1782923554,
16404119,0.3508143036,-0.404548371,
16604139,0.1087003465,-0.5264847345,
16804159,-0.1597487741,-0.5142689996,
17004178,-0.3851627202,-0.3747144384,
17204198,-0.5140294715,-0.1465022162,
17404218,-0.5158899034,0.1137592682,
17604238,-0.3950005951,0.341704119,
17804257,-0.1790994777,0.4831954845,
18004277,0.07848825997,0.5045412746,
18204297,0.3146430955,0.3978005999,
18404317,0.4699469981,0.1891048913,
18604336,0.5041302441,-0.06952367048,
18804356,0.4079484723,-0.310695804,
19004376,0.2083070795,-0.4730515829,
19204396,-0.0427121122,-0.5181878584,
19404415,-0.2824098715,-0.4379365219,
19604435,-0.451890974,-0.2552844585,
19804455,-0.5126858098,-0.01716824968,
20004475,-0.4556049892,0.2208074664,
20204494,-0.2922692018,0.4037100361,
20404514,-0.06061001759,0.4855375696,
20604534,0.184006768,0.445319701,
20804554,0.3792960293,0.2913106989,
21004573,0.4733466825,0.05997873031,
21204593,0.4409696726,-0.1875840999,
21404613,0.2912692233,-0.38553619,
21604633,0.06571404273,-0.4833020469,
21804652,-0.17538288,-0.4592856325,
22004672,-0.3716571154,-0.3239472694,
22204692,-0.4790723141,-0.1136231448,
22404712,-0.4733251585,0.1213533036,
22604731,-0.3573997193,0.3249227631,
22804751,-0.1586971229,0.4482141578,
23004771,0.07695162807,0.4619022083,
23204791,0.2906834675,0.3597477973,
23404810,0.429091982,0.1653060028,
23604830,0.4544222326,-0.07206393341,
23804850,0.3607976707,-0.2917213015,
24004870,0.1728839667,-0.4361722599,
24204889,-0.05775165201,-0.4706942504,
24404909,-0.2746605136,-0.3918392385,
24604929,-0.4257200477,-0.2212369523,
24804949,-0.4790079384,-0.001428630345,
25004968,-0.4227543538,0.2183122712,
25204988,-0.2707082317,0.382653837,
25405008,-0.0591258904,0.4565868169,
25605028,0.1635359222,0.4215217355,
25805047,0.343147343,0.2834206771,
26005067,0.4344753265,0.0736085726,
26205087,0.410653076,-0.1533202443,
26405107,0.2799886734,-0.3382202614,
26605126,0.07741562915,-0.4350982658,
26805146,-0.1449295566,-0.4212468888,
27005166,-0.3309253581,-0.3023990438,
27205186,-0.4355629321,-0.1102672402,
27405206,-0.4351479613,0.1064699242,
27605225,-0.3318603347,0.2956060797,
27805245,-0.1506714981,0.4126771151,
28005265,0.06395572034,0.4292049804,
28205285,0.2606082918,0.3403604267,
28405304,0.3910598554,0.1664853894,
28605324,0.4208560431,-0.04801943396,
28805344,0.3431690237,-0.2501192123,
29005364,0.1774926749,-0.3889922035,
29205383,-0.03271603161,-0.4300440227,
29405403,-0.2345974198,-0.3641775019,
29605423,-0.3786735108,-0.211211395,
29805443,-0.4316352923,-0.009364754936,
30005462,-0.3829180507,0.1915320974,
30205482,-0.2442640567,0.3452280837,
30405502,-0.04881400964,0.4133700672,
30605522,0.157430628,0.3796510332,
30805541,0.3204834348,0.2467813685,
31005561,0.40104501,0.05402273965,
31205581,0.3706587773,-0.1524026809,
31405601,0.2468589378,-0.3187111355,
31605620,0.0578302744,-0.4017010872,
31805640,-0.1457064196,-0.382031466,
32005660,-0.3129841402,-0.2661291179,
32205680,-0.4016745663,-0.08480416647,
32405699,-0.3926814136,0.1144787051,
32605719,-0.2890293233,0.2844562172,
32805739,-0.1160876037,0.3845099941,
33005759,0.08350587942,0.3882160605,
33205778,0.2599945917,0.2954088438,
33405798,0.3700435086,0.127936115,
33605818,0.3850548628,-0.07164006336,
33805838,0.3008649845,-0.2532682818,
34005857,0.1402438583,-0.3706420858,
34205877,-0.05601386177,-0.3945158858,
34405897,-0.2386556021,-0.3219430223,
34605917,-0.3625520138,-0.1708795311,
34805936,-0.3987472644,0.01947621793,
35005956,-0.3398030369,0.2031671341,
35205976,-0.2003699684,0.3369835112,
35405996,-0.01444528688,0.3878294613,
35606015,0.1735701368,0.3426693003,
35806035,0.316986691,0.2128126767,
36006055,0.3806206445,0.03059372095,
36206075,0.3482101257,-0.1596093902,
36406094,0.228518841,-0.3093814785,
36606114,0.05302499327,-0.3831303532,
36806134,-0.1360158275,-0.3628267692,
37006154,-0.2905658565,-0.2550175156,
37206173,-0.3736801844,-0.08610131444,
37406193,-0.3651989743,0.1008216036,
37606213,-0.2675795465,0.2607082538,
37806233,-0.1044506694,0.3541048172,
38006252,0.0826354649,0.3559269297,
38206272,0.2475844306,0.2679881325,
38406292,0.350235088,0.1114579902,
38606312,0.3647526182,-0.07449273768,
38806331,0.2899541719,-0.2434984353,
39006351,0.14395996,-0.3561244619,
39206371,-0.03616887993,-0.3863323631,
39406391,-0.208258453,-0.3292654433,
39606410,-0.3319407123,-0.1980996377,
39806430,-0.3800233891,-0.02505728723,
40006450,-0.3402214479,0.1499537986,
40206470,-0.2209277338,0.2860911887,
40406489,-0.05004651933,0.3470023377,
40606509,0.1290283031,0.3164222396,
40806529,0.2697106704,0.20228085,
41006549,0.3358018318,0.03252108336,
41206568,0.3089150823,-0.1469175331,
41406588,0.1976822234,-0.2878893585,
41606608,0.03392264077,-0.3556679621,
41806628,-0.1410376165,-0.3356118771,
42006647,-0.2838726908,-0.233861701,
42206667,-0.3601621661,-0.07766669271,
42406687,-0.3524669431,0.09531385809,
42606707,-0.2628743997,0.2447912556,
42806726,-0.1127587867,0.3324018652,
43006746,0.06197121447,0.3377777393,
43206766,0.2168687392,0.2580224609,
43406786,0.3142158338,0.1139000658,
43606805,0.3299184738,-0.05918135991,
43806825,0.2596351637,-0.2159454108,
44006845,0.1237600897,-0.3195842058,
44206865,-0.04340420201,-0.3445784224,
44406884,-0.2013849225,-0.287663567,
44606904,-0.3119944069,-0.1630337244,
44806924,-0.3494722904,0.0005573286965,
45006944,-0.3036719269,0.1609481904,
45206963,-0.1860110588,0.2805968062,
45406983,-0.02398597613,0.3286527471,
45607003,0.1409196398,0.2913534869,
45807023,0.2679172532,0.1782250173,
46007042,0.3230141358,0.01699090653,
46207062,0.2931881659,-0.1494304947,
46407082,0.1874960174,-0.2796221361,
46607102,0.03388623286,-0.3426663641,
46807121,-0.1293896627,-0.3250182073,
47007141,-0.2646549871,-0.2319944543,
47207161,-0.3389694385,-0.08824883161,
47407181,-0.3369913231,0.07376183976,
47607200,-0.2581107528,0.2154208763,
47807220,-0.1202684019,0.3019914811,
48007240,0.04272614327,0.3115846247,
48207260,0.1905870554,0.2396068381,
48407279,0.2841295829,0.1050055646,
48607299,0.2991709791,-0.05892952721,
48807319,0.2324780204,-0.2078545439,
49007339,0.1021105921,-0.3042461088,
49207358,-0.05644454898,-0.3255078955,
49407378,-0.2055334705,-0.2679794578,
49607398,-0.3088294401,-0.147256076,
49807418,-0.3419320055,0.007195989472,
50007437,-0.2981218292,0.1590999919,
50207457,-0.18837835,0.2724290464,
50407477,-0.03610190491,0.3202694326,
50607497,0.1197749338,0.2897089182,
50807516,0.2419281266,0.1888790181,
51007536,0.3011412151,0.04048105075,
51207556,0.2817746399,-0.1172453218,
51407576,0.1891114434,-0.2453131421,
51607595,0.04541722255,-0.3124091225,
51807615,-0.1105953073,-0.3016636705,
52007635,-0.2400912884,-0.2179134632,
52207655,-0.313948051,-0.082461396,
52407674,-0.3127707064,0.07106237746,
52607694,-0.2381245727,0.2035956385,
52807714,-0.1078170903,0.2848417017,
53007734,0.04607721921,0.2919654938,
53207753,0.1836356206,0.2225536077,
53407773,0.2699344837,0.09499198775,
53607793,0.2824579709,-0.05813160197,
53807813,0.2189009239,-0.1981497887,
54007833,0.0953691391,-0.2890473622,
54207852,-0.05549238616,-0.3084283296,
54407872,-0.1961599053,-0.2546185548,
54607892,-0.2927972691,-0.1413445981,
54807912,-0.3251986368,0.002724207506,
55007931,-0.2852472415,0.1467396111,
55207951,-0.1831604979,0.2541146568,
55407971,-0.04212290988,0.3009886244,
55607991,0.1041753035,0.2748485217,
55808010,0.2213091938,0.1812183226,
56008030,0.2785007697,0.04162730599,
56208050,0.2609884176,-0.1064733994,
56408070,0.173344861,-0.2272572941,
56608089,0.0392574479,-0.2888249388,
56808109,-0.1062734679,-0.2791994427,
57008129,-0.2272536931,-0.201092156,
57208149,-0.296795975,-0.07559628391,
57408168,-0.2971095424,0.06743074421,
57608188,-0.2295508594,0.1941100832,
57808208,-0.1091063634,0.2720003987,
58008228,0.03345834577,0.2818423681,
58208247,0.1628304922,0.2219290939,
58408267,0.2461591362,0.1067470341,
58608287,0.262740292,-0.03456264514,
58808307,0.2083710455,-0.1656423423,
59008326,0.09654936025,-0.2517535557,
59208346,-0.04198587446,-0.2716621551,
59408366,-0.1712163676,-0.2214222511,
59608386,-0.2597552073,-0.1141617556,
59808405,-0.2843514423,0.02202791464,
60008425,-0.2398435983,0.1526678814,
60208445,-0.1377468328,0.2458708751,
60408465,-0.001795085219,0.2790812789,
60608484,0.1329531842,0.2431706057,
60808504,0.2361423148,0.1465615181,
61008524,0.2777617463,0.01320929321,
61208544,0.2525527075,-0.1210907348,
61408563,0.1661091941,-0.2327294069,
61608583,0.04017006818,-0.2886830066,
61808603,-0.09804198757,-0.2767152058,
62008623,-0.2144689585,-0.2068873628,
62208642,-0.2800878512,-0.083268163,
62408662,-0.2807901735,0.05337777631,
62608682,-0.2191667107,0.1732879682,
62808702,-0.1068784364,0.2480659909,
63008721,0.02814152622,0.2602030914,
63208741,0.1514530029,0.2043912384,
63408761,0.233030987,0.09774012147,
63608781,0.2518530937,-0.03537391946,
63808800,0.2035207416,-0.1602483017,
64008820,0.101075111,-0.2452455452,
64208840,-0.02807054246,-0.2703138061,
64408860,-0.1523358339,-0.229854455,
64608879,-0.2416645787,-0.1359952502,
64808899,-0.2756809371,-0.01075159499,
65008919,-0.245092641,0.1160903525,
65208939,-0.1579618623,0.2136343945,
65408958,-0.03355877659,0.2576233798,
65608978,0.0968442612,0.2365820286,
65808998,0.202044485,0.1551209173,
66009018,0.2550949094,0.03451868,
66209037,0.2440127066,-0.09713938809,
66409057,0.1726608978,-0.2065578497,
66609077,0.05857272018,-0.2691164807,
66809097,-0.07105212779,-0.2705034214,
67009116,-0.1852160636,-0.2092596895,
67209136,-0.255864015,-0.1023459659,
67409156,-0.2659345602,0.02408587789,
67609176,-0.2143940948,0.1404627828,
67809195,-0.1127129108,0.2165217104,
68009215,0.01550031315,0.2328162894,
68209235,0.1331293321,0.1837264567,
68409255,0.2117521178,0.08383226989,
68609274,0.2306274983,-0.04234598409,
68809294,0.1854602725,-0.1610381455,
69009314,0.08895970071,-0.241777035,
69209334,-0.03185331196,-0.2663903425,
69409353,-0.1498006119,-0.2313708358,
69609373,-0.2358069192,-0.1467938788,
69809393,-0.2740817453,-0.0323167144,
70009413,-0.2529366031,0.08822615889,
70209432,-0.1771668975,0.1858519285,
70409452,-0.06343216679,0.2353276931,
70609472,0.06100893575,0.22355369,
70809492,0.1642942823,0.1531027514,
71009511,0.2200685926,0.03999134086,
71209531,0.2134264005,-0.08519445474,
71409551,0.1477756569,-0.1902754023,
71609571,0.04011628025,-0.2502674191,
71809590,-0.08183231294,-0.2506702339,
72009610,-0.1881809062,-0.1938353566,
72209630,-0.2548788493,-0.09246402392,
72409650,-0.2658315417,0.02673503906,
72609669,-0.2179744478,0.1377736978,
72809689,-0.1218398355,0.2113345989,
73009709,-0.00202739932,0.229938066,
73209729,0.112090755,0.1874232343,
73409748,0.1904820789,0.09470059506,
73609768,0.2136074809,-0.02472504336,
73809788,0.1751049513,-0.1401451142,
74009808,0.08572840063,-0.2210322007,
74209827,-0.03040254334,-0.2484399454,
74409847,-0.1455753703,-0.2181401988,
74609867,-0.2306235065,-0.1367568895,
74809887,-0.2665804128,-0.02424910629,
75009906,-0.2451227982,0.0918537993,
75209926,-0.1712887967,0.1835402601,
75409946,-0.06253949985,0.2286591826,
75609966,0.05522097071,0.2159929761,
75809985,0.1519019048,0.1482583332,
76010005,0.2039637276,0.04133171306,
76210025,0.1978410218,-0.07650232225,
76410045,0.1353382529,-0.1769503855,
76610064,0.03211782172,-0.2344364125,
76810084,-0.08537895746,-0.2344573874,
77010104,-0.187573807,-0.1819566428,
77210124,-0.2521749913,-0.08625493032,
77410143,-0.265040394,0.0277461815,
77610163,-0.2235635566,0.1355012721,
77810183,-0.13602269,0.2105614688,
78010203,-0.02290488931,0.2364123245,
78210222,0.0883177371,0.2045797092,
78410242,0.1710818813,0.1231241928,
78610262,0.2041675914,0.01157999641,
78810282,0.1787601757,-0.1013914236,
79010301,0.1032395423,-0.1864155495,
79210321,-0.003930999997,-0.2237568318,
79410341,-0.1144600731,-0.2038843191,
79610361,-0.2004870557,-0.133528666,
79810380,-0.2417795175,-0.03146116108,
80010400,-0.2291840061,0.07758236909,
80210420,-0.1643988436,0.1664639038,
80410440,-0.06467185197,0.2145660495,
80610460,0.04535390506,0.2069873261,
80810479,0.1388946919,0.1465588113,
81010499,0.1905734731,0.04769136816,
81210519,0.1880006309,-0.06411768054,
81410539,0.1309461355,-0.1598263384,
81610558,0.03618699679,-0.2167339367,
81810578,-0.07461995744,-0.2206336334,
82010598,-0.1731646774,-0.1707917724,
82210618,-0.2355831876,-0.07915312641,
82410637,-0.2479221684,0.02911620956,
82610657,-0.2080235073,0.1306901837,
82810677,-0.1246497467,0.2013597017,
83010697,-0.01638422253,0.2235591692,
83210716,0.08834917298,0.1918109086,
83410736,0.1653240286,0.1140484351,
83610756,0.194834191,0.007294695879,
83810776,0.1700658245,-0.09904024225,
84010795,0.09656477187,-0.1794771719,
84210815,-0.005890293782,-0.213780628,
84410835,-0.1111364441,-0.1941278535,
84610855,-0.1942888444,-0.1251132372,
84810874,-0.2323059224,-0.02651637209,
85010894,-0.2199103241,0.07623067499,
85210914,-0.1584211064,0.1620213189,
85410934,-0.06346434837,0.2067234784,
85610953,0.04197706219,0.200501193,
85810973,0.1315394914,0.1433000694,
86010993,0.1817911679,0.05026418015,
86211013,0.1802301099,-0.05632956617,
86411032,0.1271790268,-0.1474834203,
86611052,0.03803489636,-0.2025116095,
86811072,-0.06693515848,-0.2075962381,
87011092,-0.161356351,-0.1601556619,
87211111,-0.2208612065,-0.07440429679,
87411131,-0.2316284616,0.02927261121,
87611151,-0.1925988686,0.1256123232,
87811171,-0.1123523464,0.1917514431,
88011190,-0.01026988362,0.2123336956,
88211210,0.08952100883,0.1811494084,
88411230,0.1633867663,0.1052304894,
88611250,0.1924328245,0.003319497131,
88811269,0.1679585462,-0.1005379247,
89011289,0.09665095374,-0.1794925276,
89211309,-0.002173529825,-0.2152630545,
89411329,-0.1057404214,-0.1998002247,
89611348,-0.188335984,-0.1377100134,
89811368,-0.2319371244,-0.04406820928,
90011388,-0.2267546975,0.05844483411,
90211408,-0.1740739385,0.146793803,
90411427,-0.08587472292,0.1980659459,
90611447,0.01678502509,0.2013072404,
90811467,0.107793208,0.1553385666,
91011487,0.1653278807,0.07039502656,
91211506,0.173899192,-0.03145176783,
91411526,0.1319927956,-0.1246688628,
91611546,0.05167242162,-0.1852733389,
91811566,-0.0481821379,-0.1989808704,
92011585,-0.1418909596,-0.1636153481,
92211605,-0.2064028257,-0.08812455825,
92411625,-0.2273742285,0.00867600426,
92611645,-0.1999186693,0.1029729316,
92811664,-0.130531772,0.1735259555,
93011684,-0.03568459977,0.2016058831,
93211704,0.06064482433,0.1816925548,
93411724,0.1358452053,0.1164210947,
93611743,0.1705262247,0.02352612178,
93811763,0.1542274816,-0.07453077761,
94011783,0.09300630278,-0.1522147117,
94211803,0.001759692662,-0.1901281387,
94411822,-0.09565059822,-0.1795567211,
94611842,-0.1757035428,-0.1231986639,
94811862,-0.2190279717,-0.03560279902,
95011882,-0.2149371648,0.06140377102,
95211901,-0.1661301072,0.1444425648,
95411921,-0.08296338003,0.1946788432,
95611941,0.01400141569,0.1987103219,
95811961,0.1008760556,0.1560904787,
96011980,0.156795491,0.07700441464,
96212000,0.1674466634,-0.01946362846,
96412020,0.1293613069,-0.1092142641,
96612040,0.05195274704,-0.1681619049,
96812059,-0.04197060606,-0.1825888577,
97012079,-0.1316202781,-0.1503614743,
97212099,-0.1950636441,-0.07908273003,
97412119,-0.2163631393,0.01394724733,
97612138,-0.190239349,0.10536008,
97812158,-0.1251846206,0.1741780927,
98012178,-0.03452067289,0.203088926,
98212198,0.05936756774,0.1860181519,
98412217,0.1334452071,0.1254467591,
98612237,0.1695548702,0.03732708153,
98812257,0.1588504824,-0.05777052556,
99012277,0.1035439452,-0.1353862408,
99212296,0.01779629983,-0.1761173277,
99412316,-0.07754738809,-0.1702481526,
99612336,-0.1572905501,-0.1189165438,
99812356,-0.2030286392,-0.0355495996,
100012375,-0.202609718,0.05900915904,
100212395,-0.1574495186,0.1425641222,
100412415,-0.07916039487,0.1951287752,
100612435,0.01580266448,0.2051745878,
100812454,0.1048153992,0.1691747788,
101012474,0.1666139486,0.09505973288,
101212494,0.1858717371,0.0006263416966,
101412514,0.1591793373,-0.09067491772,
101612533,0.09248461619,-0.15926839,
101812553,0.002678749797,-0.1871571761,
102012573,-0.08933728808,-0.1685295265,
102212593,-0.1605968142,-0.1094215016,
102412612,-0.1929710776,-0.02413526072,
102612632,-0.1816782495,0.06511581054,
102812652,-0.1278895415,0.1374802497,
103012672,-0.04577108852,0.173995083,
103212691,0.04311166169,0.1650261977,
103412711,0.1158172483,0.1124606758,
103612731,0.1533580591,0.0321530929,
103812751,0.1464536553,-0.05652643789,
104012770,0.09651259474,-0.1302460847,
104212790,0.01664399474,-0.1704125143,
104412810,-0.07293472863,-0.166307825,
104612830,-0.1487870689,-0.1188535401,
104812849,-0.1934457982,-0.04161333234,
105012869,-0.1950808688,0.04796218388,
105212889,-0.1544520229,0.1276946821,
105412909,-0.0807366103,0.1788705809,
105612928,0.008824565286,0.1891570673,
105812948,0.09255779697,0.1562225524,
106012968,0.150946692,0.08693208045,
106212988,0.1689965157,-0.001585026358,
106413007,0.1420198718,-0.08799191264,
106613027,0.07768563791,-0.1508914918,
106813047,-0.009103673351,-0.1741421151,
107013067,-0.09558186149,-0.1531447383,
107213087,-0.1612207054,-0.09354029458,
107413106,-0.1901958531,-0.009923157759,
107613126,-0.1757288005,0.07720357846,
107813146,-0.1209813348,0.146931825,
108013166,-0.03959240361,0.1810596038,
108213185,0.04816264499,0.1729666583,
108413205,0.1213659426,0.124072249,
108613225,0.1621286178,0.04599611868,
108813245,0.1608927886,-0.0413660937,
109013264,0.1178685539,-0.1173823828,
109213284,0.04434814146,-0.1628857121,
109413304,-0.04112676202,-0.1671977563,
109613324,-0.1172262111,-0.1294585459,
109813343,-0.1657027652,-0.0593543148,
110013363,-0.1730618098,0.02439062019,
110213383,-0.1383061045,0.1007133997,
110413403,-0.0722812526,0.1502909996,
110613422,0.01115404643,0.1605683105,
110813442,0.08880898206,0.1299709516,
111013462,0.1411370956,0.06426639463,
111213482,0.1558378232,-0.01899446697,
111413501,0.1274076638,-0.09918301092,
111613521,0.06369068565,-0.1562411102,
111813541,-0.01926932971,-0.1760165084,
112013561,-0.1021273835,-0.1539092743,
112213580,-0.1652830947,-0.09514643972,
112413600,-0.193023401,-0.01317853423,
112613620,-0.1805844288,0.07204657288,
112813640,-0.1297553512,0.1411444413,
113013659,-0.05230954164,0.179865902,
113213679,0.03485588812,0.1776214215,
113413699,0.1097487816,0.1360370582,
113613719,0.1560909095,0.06477804961,
113813738,0.1634546152,-0.01887670921,
114013758,0.1306354827,-0.09569383533,
114213778,0.06557618873,-0.1456566009,
114413798,-0.01450083992,-0.1576069395,
114613817,-0.08836243989,-0.1283073651,
114813837,-0.1379212246,-0.06759852483,
115013857,-0.1504663232,0.008829334064,
115213877,-0.1228893931,0.0814596093,
115413896,-0.06388960983,0.1312203812,
115613916,0.012311905,0.1465900065,
115813936,0.08692961245,0.1229286642,
116013956,0.141249177,0.06603950105,
116213975,0.1622873127,-0.01043380455,
116413995,0.1461356763,-0.08684187021,
116614015,0.0956960399,-0.1455657528,
116814035,0.02403835324,-0.1726828644,
117014054,-0.04988960635,-0.1630228892,
117214074,-0.1080401587,-0.1196555721,
117414094,-0.1362219925,-0.05428514811,
117614114,-0.1265166284,0.01517832871,
117814133,-0.0821434286,0.06833530419,
118014153,-0.0174814837,0.09019093787,
118214173,0.05045603722,0.07423687425,
118414193,0.1013840253,0.02427865686,
118614212,0.1203103017,-0.04691434191,
118814232,0.1009326373,-0.1199140946,
119014252,0.04775184696,-0.1751490174,
119214272,-0.02617961594,-0.2009008778,
119414291,-0.1051064886,-0.1901913285,
119614311,-0.1715026228,-0.1453881094,
119814331,-0.2113403714,-0.07536782112,
120014351,-0.2170551526,0.005184380103,
120214370,-0.1862865036,0.07906578353,
120414390,-0.125530671,0.1310487783,
120614410,-0.04791590553,0.1493411568,
120814430,0.02843444315,0.1282337517,
121014449,0.08420446302,0.0743596708,
121214469,0.1064096582,0.0006771564519,
121414489,0.08929693272,-0.07371741035,
121614509,0.03798508009,-0.1300169221,
121814528,-0.0335165977,-0.153174388,
122014548,-0.1075292023,-0.1387465059,
122214568,-0.1646724705,-0.09043945317,
122414588,-0.1921874307,-0.02044834018,
122614607,-0.1835864849,0.05482882087,
122814627,-0.1406031475,0.1163026543,
123014647,-0.07320693394,0.1507574358,
123214667,0.002434930688,0.1488655278,
123414686,0.06790335651,0.1109328364,
123614706,0.1062933894,0.04626515503,
123814726,0.1087541251,-0.02784324187,
124014746,0.0741616459,-0.09421287159,
124214765,0.01341910988,-0.1353068789,
124414785,-0.05949281441,-0.1414251249,
124614805,-0.1267707835,-0.1106819845,
124814825,-0.1696611173,-0.05135249146,
125014844,-0.1801679749,0.0214364094,
125214864,-0.1546742654,0.08933388481,
125414884,-0.09960951397,0.13675867,
125614904,-0.02897728837,0.1530850383,
125814923,0.04141652907,0.1335813876,
126014943,0.09322903795,0.08168143475,
126214963,0.113889045,0.01198357278,
126414983,0.09730359285,-0.05940833182,
126615002,0.04820029787,-0.1127984742,
126815022,-0.01984390394,-0.1360608918,
127015042,-0.09028527248,-0.1230173456,
127215062,-0.1451781792,-0.07773678534,
127415081,-0.171280644,-0.01085189353,
127615101,-0.1630105319,0.06027834163,
127815121,-0.1226101226,0.1177551663,
128015141,-0.05848959278,0.1503463251,
128215160,0.0136187956,0.1480759547,
128415180,0.07648292641,0.1111434238,
128615200,0.1140350574,0.04944142235,
128815220,0.11692909,-0.02283133597,
129015239,0.08575291929,-0.08773019453,
129215259,0.02736398641,-0.1295275739,
129415279,-0.04320693796,-0.1386719579,
129615299,-0.1090885437,-0.1137216704,
129815318,-0.1551669654,-0.06042031278,
130015338,-0.1711182289,0.008465643665,
130215358,-0.152376204,0.07620095879,
130415378,-0.1039576475,0.1265771249,
130615397,-0.03674786252,0.1476066771,
130815417,0.03225163069,0.133210756,
131015437,0.08421355307,0.08735208265,
131215457,0.1075098541,0.02361884605,
131415476,0.09729759607,-0.0426298503,
131615496,0.05530099999,-0.09511428579,
131815516,-0.005995613555,-0.1194564752,
132015536,-0.07220661996,-0.1106243941,
132215555,-0.1239989473,-0.07121197528,
132415575,-0.150107634,-0.01229859028,
132615595,-0.143874009,0.05312153764,
132815615,-0.1066527544,0.1076081286,
133015634,-0.04719747849,0.1368781037,
133215654,0.01920303936,0.1345462786,
133415674,0.07665569147,0.1006366376,
133615694,0.110703669,0.04301926346,
133815714,0.1135180158,-0.02442427,
134015733,0.08334815337,-0.08544292072,
134215753,0.02827205612,-0.1244544202,
134415773,-0.03801083588,-0.1328721587,
134615793,-0.1010304723,-0.1080309223,
134815812,-0.144176256,-0.05587086485,
135015832,-0.1566324153,0.01048515652,
135215852,-0.1363148979,0.07436408962,
135415872,-0.08900936554,0.120658379,
135615891,-0.02461570273,0.1390673985,
135815911,0.04039127656,0.125224256,
136015931,0.0921132471,0.08226920677,
136215951,0.1174977242,0.01908744118,
136415970,0.1097685386,-0.04884396527,
136615990,0.07094527562,-0.1054315548,
136816010,0.01021465508,-0.1366419877,
137016030,-0.05740098821,-0.1361316478,
137216049,-0.1162499634,-0.1042951999,
137416069,-0.1530620787,-0.04939040636,
137616089,-0.1597077193,0.01654895657,
137816109,-0.1350121882,0.07682993452,
138016128,-0.08343952381,0.1171903498,
138216148,-0.02008147188,0.1276945879,
138416168,0.03993327244,0.1052678659,
138616188,0.08072062734,0.05774889688,
138816207,0.09301286819,-0.00388543126,
139016227,0.07307629794,-0.06386765189,
139216247,0.02582910764,-0.10591694,
139416267,-0.03587509621,-0.1194216763,
139616286,-0.09686050905,-0.1009653965,
139816306,-0.1416880579,-0.05515379404,
140016326,-0.1583264648,0.006042444251,
140216346,-0.1448330302,0.06850856645,
140416365,-0.1022662159,0.1168735493,
140616385,-0.04127919563,0.1392299574,
140816405,0.02298601145,0.1304352632,
141016425,0.07502823143,0.09206533401,
141216444,0.1022079476,0.03299210195,
141416464,0.09770721802,-0.03150373122,
141616484,0.06254412197,-0.0868216661,
141816504,0.004742496355,-0.116915772,
142016523,-0.06010600382,-0.1162176838,
142216543,-0.1165988412,-0.084798345,
142416563,-0.1508348345,-0.03006263642,
142616583,-0.1550512852,0.03426146268,
142816602,-0.1288861409,0.09259831677,
143016622,-0.07881875579,0.1319520559,
143216642,-0.01504391043,0.1428898854,
143416662,0.04593057034,0.1221402597,
143616681,0.08852799203,0.07471740563,
143816701,0.1033074889,0.01273964109,
144016721,0.08636791665,-0.04799871989,
144216741,0.0416188531,-0.09262755572,
144416760,-0.01844504484,-0.1096429191,
144616780,-0.07895920189,-0.09528754078,
144816800,-0.125047034,-0.05293918005,
145016820,-0.1447529897,0.006309489794,
145216839,-0.1334306379,0.06787817605,
145416859,-0.0937201299,0.1167364315,
145616879,-0.03530782385,0.1409696691,
145816899,0.02813014958,0.134206478,
146016918,0.08076349371,0.09744989837,
146216938,0.1095574463,0.04084300547,
146416958,0.1081098479,-0.02255840621,
146616978,0.07627055068,-0.07699930594,
146816997,0.02217874505,-0.109585463,
147017017,-0.04006339153,-0.1117525042,
147217037,-0.09531110638,-0.08374393769,
147417057,-0.1296973272,-0.03296542173,
147617076,-0.1352775489,0.02786870779,
147817096,-0.1114402609,0.08426232101,
148017116,-0.06388669973,0.1213122344,
148217136,-0.00382583506,0.1318651597,
148417155,0.05438854785,0.1125087304,
148617175,0.09573802763,0.06761631755,
148817195,0.1117130596,0.008656190589,
149017215,0.09768921051,-0.05097276798,
149217234,0.05714605425,-0.09622889644,
149417254,2.831373277e-05,-0.1167308732,
149617274,-0.05973236791,-0.1071648282,
149817294,-0.1068889596,-0.07006960778,
150017313,-0.1298034137,-0.01481239338,
150217333,-0.1236310632,0.04385131511,
150417353,-0.08999709933,0.09210135232,
150617373,-0.03761391044,0.1178232782,
150817392,0.02140983728,0.1155376959,
151017412,0.07219118826,0.08471682042,
151217432,0.1016128466,0.03297657047,
151417452,0.1030038194,-0.02653406911,
151617471,0.07634254786,-0.07882495243,
151817491,0.02748811517,-0.11216374,
152017511,-0.03112911186,-0.1184724027,
152217531,-0.08435254291,-0.0958165941,
152417550,-0.1204732041,-0.05056115044,
152617570,-0.1302301206,0.005724325715,
152817590,-0.1115386115,0.05899618675,
153017610,-0.0692304622,0.09679273642,
153217629,-0.01420869719,0.1088481161,
153417649,0.04028452845,0.09266087794,
153617669,0.0798329197,0.0514557223,
153817689,0.09494043778,-0.004008528894,
154017708,0.08094803966,-0.05999363543,
154217728,0.041019166,-0.1029543555,
154417748,-0.01388641355,-0.1218540432,
154617768,-0.0719430826,-0.1111842901,
154817787,-0.1179271958,-0.07531880214,
155017807,-0.1406528667,-0.02188314031,
155217827,-0.1358059157,0.03647448464,
155417847,-0.1039649972,0.08486168947,
155617866,-0.05327693284,0.11147899,
155817886,0.004212038688,0.1105801426,
156017906,0.05393988964,0.08184902109,
156217926,0.08364350284,0.03326705305,
156417945,0.08578751994,-0.02414288422,
156617965,0.06044096535,-0.0753095919,
156817985,0.0130045662,-0.107749279,
157018005,-0.04381886491,-0.1135105407,
157218024,-0.09673842708,-0.09087653286,
157418044,-0.1322994424,-0.04641286057,
157618064,-0.1421007446,0.009555338561,
157818084,-0.1246913632,0.06293297373,
158018103,-0.08350844216,0.10145407,
158218123,-0.02937783708,0.1156857746,
158418143,0.02498899755,0.1018711639,
158618163,0.06483141411,0.0634318044,
158818182,0.08119217708,0.01064028563,
159018202,0.06930076565,-0.04340340035,
159218222,0.03250611585,-0.08460445655,
159418242,-0.01912929376,-0.1025138718,
159618261,-0.07374200681,-0.09345888064,
159818281,-0.1172797962,-0.05827033848,
160018301,-0.1390923206,-0.007707850385,
160218321,-0.133509307,0.04767314483,
160418341,-0.1022561011,0.09448017783,
160618360,-0.05278574746,0.120892521,
160818380,0.003501543917,0.1205261144,
161018400,0.05234574691,0.09447315084,
161218420,0.08369844216,0.04816885822,
161418439,0.08844556186,-0.007774809207,
161618459,0.06606054368,-0.05929124157,
161818479,0.02185097634,-0.09289302802,
162018499,-0.03293325225,-0.1013437277,
162218518,-0.0848464802,-0.08267144756,
162418538,-0.1209458736,-0.04124342947,
162618558,-0.1327437385,0.01221927335,
162818578,-0.1181023184,0.06481333836,
163018597,-0.08030077066,0.1039645832,
163218617,-0.02812903144,0.1207740291,
163418637,0.02562382875,0.1108293407,
163618657,0.06853085968,0.07647909892,
163818676,0.0899306358,0.02589684595,
164018696,0.08399432321,-0.02914041632,
164218716,0.05294806471,-0.07423013346,
164418736,0.00380294262,-0.09893663241,
164618755,-0.05058991532,-0.09744932048,
164818775,-0.09745353291,-0.0695044529,
165018795,-0.1251562958,-0.02331013384,
165218815,-0.1274496848,0.03025222616,
165418834,-0.1038250292,0.07843410761,
165618854,-0.06054445114,0.1099447922,
165818874,-0.008038157378,0.1169708621,
166018894,0.04169150195,0.09749467725,
166218913,0.07566902077,0.05674583474,
166418933,0.08572114234,0.005143381154,
166618953,0.0690859542,-0.04410674002,
166818973,0.03104547493,-0.07895647042,
167018992,-0.01928903339,-0.08950926021,
167219012,-0.06757189193,-0.07442478601,
167419032,-0.1019554076,-0.0379422145,
167619052,-0.1137663137,0.01059351884,
167819071,-0.1004134227,0.05847405678,
168019091,-0.06528355373,0.09416308138,
168219111,-0.0171645973,0.1087113976,
168419131,0.03241682652,0.09799675442,
168619150,0.07120559257,0.06509632914,
168819170,0.08963700558,0.01713329654,
169019190,0.08257443203,-0.0339028976,
169219210,0.0525344505,-0.07552537448,
169419229,0.006738009746,-0.09752687048,
169619249,-0.04463685684,-0.09482143163,
169819269,-0.08732428798,-0.06759387993,
170019289,-0.1109429686,-0.02353769695,
170219308,-0.1108880023,0.02637511341,
170419328,-0.08672877012,0.06940223769,
170619348,-0.04466028876,0.09550036638,
170819368,0.005243436095,0.09776678616,
171019387,0.04986770678,0.07549137787,
171219407,0.07869744512,0.0343917847,
171419427,0.08523980314,-0.01556285186,
171619447,0.06598163164,-0.06267088195,
171819466,0.02621786405,-0.09498139439,
172019486,-0.02389654797,-0.1042307932,
172219506,-0.07206232748,-0.08948081738,
172419526,-0.1071561827,-0.05253596847,
172619545,-0.1199402252,-0.004264444626,
172819565,-0.1084559814,0.04419391718,
173019585,-0.07516868669,0.0809871337,
173219605,-0.02780478109,0.09701384475,
173419624,0.02146630647,0.08882606827,
173619644,0.06057472401,0.05656287682,
173819664,0.0798639015,0.01025461983,
174019684,0.07415648977,-0.04041652522,
174219703,0.04534623645,-0.08268607545,
174419723,-0.0003639745305,-0.1057138187,
174619743,-0.05155162266,-0.1047133702,
174819763,-0.09533902757,-0.07948831998,
175019782,-0.121994763,-0.03746752557,
175219802,-0.1260656269,0.01215178771,
175419822,-0.106110632,0.0569870676,
175619842,-0.06713752257,0.08636473231,
175819861,-0.01897614082,0.09332385108,
176019881,0.02674108957,0.07534694275,
176219901,0.05756020757,0.03704400711,
176419921,0.06568259532,-0.01064929642,
176619940,0.0490191092,-0.05662306767,
176819960,0.01251467346,-0.0891097636,
177019980,-0.035146971,-0.1002597103,
177220000,-0.08272044639,-0.08767317579,
177420019,-0.1181200398,-0.05531381281,
177620039,-0.1353800432,-0.009674625552,
177820059,-0.1295220705,0.03768471412,
178020079,-0.1022492465,0.07694961051,
178220098,-0.06008623744,0.0984819594,
178420118,-0.01335162553,0.09714864401,
178620138,0.02668267786,0.07363714132,
178820158,0.04942907794,0.03330079628,
179020177,0.04953130952,-0.01278439355,
179220197,0.02566533007,-0.05182015649,
179420217,-0.01378549495,-0.07449380049,
179620237,-0.05958586478,-0.07424508541,
179820256,-0.09994885358,-0.05139420507,
180020276,-0.1247004109,-0.01139453847,
180220296,-0.1267715766,0.03580539616,
180420316,-0.1060784684,0.07826840611,
180620335,-0.06738550707,0.1065350263,
180820355,-0.02085925616,0.1131570782,
181020375,0.02383927987,0.09731791052,
181220395,0.05528150246,0.06180021105,
181420414,0.06618929021,0.01548855458,
181620434,0.05294542247,-0.02968148492,
181820454,0.01987856324,-0.06258386046,
182020474,-0.02500659868,-0.07550217064,
182220493,-0.07042825315,-0.06510292153,
182420513,-0.105402288,-0.03462441306,
182620533,-0.1223332066,0.00907820899,
182820553,-0.1160100959,0.05593125095,
183020572,-0.08855813666,0.09468765409,
183220592,-0.04683811305,0.1165458783,
183420612,0.0004417002596,0.1163488578,
183620632,0.04245680125,0.09441990651,
183820651,0.06926311383,0.05562228147,
184020671,0.07450133911,0.009253938942,
184220691,0.05743281651,-0.03362203068,
184420711,0.02176181513,-0.06220788339,
184620730,-0.02227990461,-0.06975816537,
184820750,-0.06358274514,-0.05501555244,
185020770,-0.09226279114,-0.0219325658,
185220790,-0.1013846752,0.02044942398,
185420809,-0.08754445867,0.06205079465,
185620829,-0.05515791558,0.09175348031,
185820849,-0.01254005638,0.1019906532,
186020869,0.03063977883,0.0899342191,
186220888,0.06279712984,0.05891950702,
186420908,0.07656900632,0.01528088405,
186620928,0.0677148674,-0.02998546186,
186820948,0.03859157218,-0.06551531145,
187020968,-0.004475893404,-0.08336598926,
187220987,-0.05046027006,-0.07801494507,
187421007,-0.08777965343,-0.05154432452,
187621027,-0.108272402,-0.01158896675,
187821047,-0.1070677368,0.03372155459,
188021066,-0.08451985808,0.07225632791,
188221086,-0.04657787819,0.09486695534,
188421106,-0.002129428075,0.09702234008,
188621126,0.03722741139,0.07712795671,
188821145,0.06221790086,0.0401433696,
189021165,0.06542047323,-0.004403017084,
189221185,0.04631469842,-0.04463817697,
189421205,0.009992310495,-0.07091316765,
189621224,-0.03413327937,-0.07575226332,
189821244,-0.07573958962,-0.0586793073,
190021264,-0.1041289395,-0.02463859216,
190221284,-0.1124943543,0.0195096531,
190421303,-0.09974716286,0.06170719501,
190621323,-0.06827085729,0.09307725607,
190821343,-0.02595872179,0.1066407234,
191021363,0.01719801098,0.09776754604,
191221382,0.05078661053,0.07061692118,
191421402,0.06733749428,0.03029632819,
191621422,0.06205757596,-0.01242538823,
191821442,0.03664773488,-0.04678121925,
192021461,-0.001894887533,-0.06372994251,
192221481,-0.04343250854,-0.05926176824,
192421501,-0.07742886997,-0.03606841232,
192621521,-0.09485348093,0.001931318318,
192821540,-0.0927244781,0.04395496709,
193021560,-0.06983253114,0.07955076064,
193221580,-0.03210161601,0.09990235758,
193421600,0.01108792244,0.1000807992,
193621619,0.04979176478,0.07946930802,
193821639,0.0750092588,0.04273049435,
194021659,0.07930264834,-0.00217121289,
194221679,0.06292650188,-0.04397764717,
194421698,0.02760134953,-0.07297700072,
194621718,-0.01598067272,-0.08266772588,
194821738,-0.05954068297,-0.07090363206,
195021758,-0.0921761441,-0.04035765346,
195221777,-0.1067159766,0.001624781984,
195421797,-0.09963838886,0.04489789196,
195621817,-0.07345341583,0.08008209254,
195821837,-0.03476687815,0.09775753295,
196021856,0.007200358567,0.09507074103,
196221876,0.04250536879,0.07265607547,
196421896,0.06265161607,0.03735635956,
196621916,0.06224510073,-0.003148323018,
196821935,0.04203226255,-0.03786358301,
197021955,0.007387054968,-0.05726642036,
197221975,-0.03229419458,-0.05667036575,
197421995,-0.0660599802,-0.03723433545,
197622014,-0.08632449996,-0.002520903749,
197822034,-0.08653264733,0.037175981,
198022054,-0.06758077637,0.07361378279,
198222074,-0.0329772041,0.09626391206,
198422093,0.009192977937,0.09998046266,
198622113,0.04820771927,0.0839367598,
198822133,0.07565990493,0.05163061147,
199022153,0.08514314326,0.009978141302,
199222172,0.07401587659,-0.03095173662,
199422192,0.04537480039,-0.06181509566,
199622212,0.00685730244,-0.07520422182,
199822232,-0.03377207976,-0.06824630417,
200022251,-0.06457438981,-0.0425690944,
200222271,-0.07855409652,-0.006058185524,
200422291,-0.07242556812,0.03224694468,
200622311,-0.04794724113,0.06241741503,
200822330,-0.01173739545,0.07606871575,
201022350,0.02663776571,0.0704626481,
201222370,0.0578878359,0.04651080516,
201422390,0.07435305761,0.009864302082,
201622409,0.07175160837,-0.03090664544,
201822429,0.04971754612,-0.06573676253,
202022449,0.01381931704,-0.08662408463,
202222469,-0.02750191005,-0.08770163003,
202422488,-0.06419236313,-0.07010475705,
202622508,-0.08893603061,-0.0374294928,
202822528,-0.09381424139,0.00243179769,
203022548,-0.07969528028,0.03896512602,
203222567,-0.04953937325,0.0637429727,
203422587,-0.01142508965,0.07060609879,
203622607,0.02446831818,0.05734263022,
203822627,0.04905332204,0.02815134628,
204022646,0.05557128579,-0.009626046603,
204222666,0.04318775572,-0.04626781252,
204422686,0.0141828887,-0.07179945784,
204622706,-0.02360211224,-0.08169200697,
204822725,-0.06176028421,-0.07169746097,
205022745,-0.09120555092,-0.04453453569,
205222765,-0.1044105374,-0.007316677881,
205422785,-0.09832629924,0.03163153724,
205622804,-0.07452066264,0.06290722177,
205822824,-0.03875873958,0.07989000706,
206022844,1.579529555e-05,0.07643942461,
206222864,0.03234795394,0.05478626562,
206422883,0.04937612255,0.02054464649,
206622903,0.04703186959,-0.01794175194,
206822923,0.0265705281,-0.05069255409,
207022943,-0.007510829347,-0.06897668478,
207222962,-0.04602109866,-0.06843011071,
207422982,-0.08071231656,-0.04992070345,
207623002,-0.1022528958,-0.01600318615,
207823022,-0.1049167223,0.02372281034,
208023041,-0.08931425108,0.06065665057,
208223061,-0.05788320321,0.08477822732,
208423081,-0.01886855791,0.09259761863,
208623101,0.01851184937,0.08165548823,
208823120,0.04637401427,0.05387319505,
209023140,0.05701505044,0.01623308293,
209223160,0.04833887546,-0.02109261649,
209423180,0.0222844477,-0.04889508773,
209623199,-0.01271636287,-0.06073476188,
209823219,-0.0495733239,-0.05344711122,
210023239,-0.07713728267,-0.02904054418,
210223259,-0.09017622097,0.005504118491,
210423278,-0.08440601135,0.04225152166,
210623298,-0.06169401218,0.07134642713,
210823318,-0.0276415669,0.08684377325,
211023338,0.0108008372,0.08306718464,
211223357,0.04248936404,0.06189764191,
211423377,0.06030586078,0.02743208446,
211623397,0.05991342323,-0.0101745594,
211823417,0.04098995973,-0.04380106297,
212023436,0.008524483277,-0.06394048334,
212223456,-0.02952184301,-0.0661711183,
212423476,-0.06376582058,-0.04992036095,
212623496,-0.08581934146,-0.01898338646,
212823515,-0.09077144294,0.01808053204,
213023535,-0.07696773923,0.05334511943,
213223555,-0.04888756865,0.07795407362,
213423575,-0.01149618144,0.08502507704,
213623595,0.02439533315,0.07404777803,
213823614,0.0511691661,0.04810787345,
214023634,0.06164864231,0.01208446573,
214223654,0.05452920715,-0.02458491707,
214423674,0.03043515082,-0.05280898593,
214623693,-0.004297792478,-0.06593090551,
214823713,-0.04028112856,-0.06124652861,
215023733,-0.06973047513,-0.03943838303,
215223753,-0.08433914333,-0.006664572139,
215423772,-0.08121756795,0.02950325545,
215623792,-0.06077430033,0.0592657053,
215823812,-0.02841596345,0.07469172698,
216023832,0.007400179519,0.0733771109,
216223851,0.03860851326,0.0541017198,
216423871,0.05644407941,0.02206322817,
216623891,0.05667811009,-0.01434362966,
216823911,0.04010797458,-0.04699833712,
217023930,0.009618797117,-0.06697398654,
217223950,-0.02646351432,-0.07126570103,
217423970,-0.05986612939,-0.0581059756,
217623990,-0.0827777263,-0.03003414064,
217824009,-0.09019884128,0.003751600912,
218024029,-0.08040758456,0.03782966367,
218224049,-0.05591602534,0.0618091326,
218424069,-0.02287650797,0.0717278657,
218624088,0.01039850488,0.06333233713,
218824108,0.03551663712,0.04021270101,
219024128,0.0456412213,0.00759799695,
219224148,0.03882745413,-0.02607390061,
219424167,0.01631103955,-0.05211530427,
219624187,-0.01559723997,-0.06378325399,
219824207,-0.04941911384,-0.05928096062,
220024227,-0.07723768205,-0.03881152845,
220224246,-0.09221134425,-0.007954764646,
220424266,-0.09066814185,0.02663608864,
220624286,-0.07330001378,0.05594163194,
220824306,-0.04397742267,0.07271981991,
221024325,-0.00998513061,0.07372435527,
221224345,0.01965719746,0.05850171089,
221424365,0.03774874345,0.03048284884,
221624385,0.04017775948,-0.002330968945,
221824404,0.02589779968,-0.03194023127,
222024424,-0.0006143437527,-0.05084350623,
222224444,-0.03310925158,-0.05499544381,
222424464,-0.06364917765,-0.04272538642,
222624483,-0.08534450862,-0.01725074955,
222824503,-0.09277808241,0.01584600239,
223024523,-0.08328534851,0.04826325622,
223224543,-0.06019342796,0.0731436441,
223424562,-0.02800640096,0.08454198239,
223624582,0.006035065445,0.07930559485,
223824602,0.03390851607,0.05850803336,
224024622,0.04837995391,0.02711147628,
224224641,0.04590267038,-0.007085705764,
224424661,0.02763326066,-0.03580393775,
224624681,-0.002142710037,-0.0517762216,
224824701,-0.03541692834,-0.05156305511,
225024720,-0.06399850964,-0.03525824418,
225224740,-0.08165431407,-0.008656915245,
225424760,-0.08497818515,0.02351824892,
225624780,-0.07176334755,0.05298418153,
225824799,-0.04624729869,0.07198253912,
226024819,-0.01558188258,0.07695457638,
226224839,0.01415144292,0.06680090652,
226424859,0.03423226212,0.04341889347,
226624878,0.04014944524,0.01300044432,
226824898,0.03038549156,-0.01610131005,
227024918,0.007504587467,-0.03608462052,
227224938,-0.02264479096,-0.04158924338,
227424957,-0.05149108446,-0.03202205563,
227624977,-0.07234827427,-0.009788670793,
227824997,-0.07989230087,0.02050300121,
228025017,-0.07173704826,0.05167253751,
228225036,-0.04990708253,0.07531275832,
228425056,-0.01918733295,0.08680011112,
228625076,0.0134573448,0.0817970236,
228825096,0.04065343721,0.06252644471,
229025115,0.05512789034,0.03251540064,
229225135,0.05396587551,-0.0005483877519,
229425155,0.0377790002,-0.02844917363,
229625175,0.01048824174,-0.04491682252,
229825194,-0.02096435972,-0.04630220996,
230025214,-0.04857970723,-0.03239759998,
230225234,-0.06562852105,-0.006924918991,
230425254,-0.06806953324,0.02328125624,
230625273,-0.05579778018,0.05147214048,
230825293,-0.03213191938,0.06974916577,
231025313,-0.001054322733,0.07464257511,
231225333,0.02914813624,0.06409763159,
231425352,0.05030688233,0.04076390861,
231625372,0.05825365088,0.009598630453,
231825392,0.0503691926,-0.02175443569,
232025412,0.0291097079,-0.04530566015,
232225431,-0.0007293618719,-0.05616939117,
232425451,-0.03200409179,-0.05232949663,
232625471,-0.05720457953,-0.03373221245,
232825491,-0.06993979697,-0.005234570947,
233025510,-0.06749252332,0.0255262794,
233225530,-0.050351288,0.05070194934,
233425550,-0.02333973276,0.06518282886,
233625570,0.00690408253,0.06400749659,
233825589,0.03359663965,0.04856220162,
234025609,0.04903234287,0.02195184513,
234225629,0.05000651453,-0.008621504023,
234425649,0.03514731564,-0.0364048174,
234625668,0.0102583977,-0.05294189935,
234825688,-0.02005288825,-0.05531037086,
235025708,-0.04724945942,-0.04321588328,
235225728,-0.06513845033,-0.01926248024,
235425747,-0.069233973,0.009883871799,
235625767,-0.05861958937,0.03694704208,
235825787,-0.03585114533,0.05588314995,
236025807,-0.006682655835,0.06101560485,
236225826,0.02171017262,0.05135555743,
236425846,0.04181390303,0.02915829492,
236625866,0.04948635625,0.0003364541124,
236825886,0.04321152633,-0.0293350555,
237025905,0.02414221256,-0.05217606641,
237225925,-0.003768676345,-0.06411903258,
237425945,-0.03313139663,-0.06109144972,
237625965,-0.0576901105,-0.04513100428,
237825984,-0.07128811581,-0.02089697646,
238026004,-0.07199241507,0.006223023817,
238226024,-0.05897427932,0.02935554944,
238426044,-0.0368223876,0.04261338217,
238626063,-0.01153491157,0.04216648495,
238826083,0.00948636269,0.02899112644,
239026103,0.02013089888,0.006133960343,
239226123,0.01807019504,-0.01909179368,
239426142,0.00292708733,-0.04015482262,
239626162,-0.02168829768,-0.05135361492,
239826182,-0.04893364891,-0.05007023141,
240026202,-0.07341050107,-0.03495646299,
240226222,-0.08840442544,-0.0100225804,
240426241,-0.09069794854,0.01911444881,
240626261,-0.07927578101,0.04706176008,
240826281,-0.0565416164,0.06621366592,
241026301,-0.02746385159,0.07345632038,
241226320,0.001375849123,0.06578509069,
241426340,0.02343784727,0.04565536611,
241626360,0.0330621009,0.01757971099,
241826380,0.02738708495,-0.01135764672,
242026399,0.008684204461,-0.03353184846,
242226419,-0.01870288266,-0.04351701945,
242426439,-0.04733869526,-0.03937242491,
242626459,-0.0704661896,-0.02181270461,
242826478,-0.08207296356,0.004884140956,
243026498,-0.08028561478,0.03398944854,
243226518,-0.06474417472,0.05848760441,
243426538,-0.03960368173,0.07270541214,
243626557,-0.01062449221,0.0741545033,
243826577,0.01561499374,0.06201291087,
244026597,0.03210639859,0.03843983293,
244226617,0.03533114811,0.01017449421,
244426636,0.02450194506,-0.0156071094,
244626656,0.001899220019,-0.03239145897,
244826676,-0.02538476439,-0.03570669396,
245026696,-0.05109900735,-0.02587202132,
245226715,-0.06801959138,-0.004417985895,
245426735,-0.07324402747,0.02263488061,
245626755,-0.0647085959,0.04961704579,
245826775,-0.04427632408,0.06974498324,
246026794,-0.01578569452,0.07700301821,
246226814,0.01251178857,0.07094080981,
246426834,0.03487922617,0.05122049338,
246626854,0.0456164157,0.02516206895,
246826873,0.04166916779,-0.004355658582,
247026893,0.0242931613,-0.02763308426,
247226913,-0.001852500369,-0.03947951709,
247426933,-0.02970426246,-0.0368793697,
247626952,-0.0529199879,-0.02145149833,
247826972,-0.06582117895,0.003344500434,
248026992,-0.06472994421,0.03137811151,
248227012,-0.05047435742,0.05560442091,
248427031,-0.02681604924,0.07088865443,
248627051,0.002048951358,0.07254516703,
248827071,0.02914635598,0.06136626418,
249027091,0.04761607016,0.03857706911,
249227110,0.05391039081,0.01000595105,
249427130,0.04616639165,-0.01777876791,
249627150,0.0270619279,-0.03882892399,
249827170,0.00082490221,-0.04844982457,
250027189,-0.02634324405,-0.04458927147,
250227209,-0.04713997935,-0.02873338752,
250427229,-0.0576107921,-0.004974264758,
250627249,-0.05504927796,0.01977468742,
250827268,-0.04026038979,0.03906987635,
251027288,-0.01812075442,0.04858513169,
251227308,0.005236296237,0.04525360707,
251427328,0.02389958269,0.02975259532,
251627347,0.03287225264,0.007763998553,
251827367,0.02870043828,-0.01658105056,
252027387,0.01382111067,-0.03578928105,
252227407,-0.009488881744,-0.04530199013,
252427426,-0.03475147711,-0.04299830089,
252627446,-0.05604495438,-0.02828904268,
252827466,-0.06704457851,-0.005738165476,
253027486,-0.06596300786,0.01997639794,
253227505,-0.05341302637,0.04256682798,
253427525,-0.03154872188,0.05590299951,
253627545,-0.005397681873,0.05645623491,
253827565,0.01751027108,0.04535456658,
254027584,0.03177637478,0.02344393499,
254227604,0.03399769285,-0.002458824942,
254427624,0.02284163168,-0.02616527958,
254627644,0.00172177928,-0.04090877457,
254827663,-0.02435747638,-0.04457782826,
255027683,-0.04886513725,-0.03454054687,
255227703,-0.06630022147,-0.01430239821,
255427723,-0.07175741835,0.01171002727,
255627742,-0.06365223389,0.03787927575,
255827762,-0.04520300085,0.05786199747,
256027782,-0.01838608082,0.06692610009,
256227802,0.009254043091,0.06305916858,
256427821,0.03256109617,0.04682519148,
256627841,0.0453368323,0.02171348898,
256827861,0.04625374523,-0.005956160909,
257027881,0.03374805227,-0.03050678953,
257227900,0.01224358881,-0.04635204304,
257427920,-0.01300762006,-0.05020569126,
257627940,-0.03692900319,-0.04215369307,
257827960,-0.0530021815,-0.02433701175,
258027979,-0.05814234602,-0.001645151502,
258227999,-0.05128613289,0.0202905975,
258428019,-0.03428517394,0.03525664451,
258628039,-0.01173213016,0.03875875521,
258828058,0.009395175695,0.02977051149,
259028078,0.02329008934,0.01098574823,
259228098,0.02614078923,-0.01359177648,
259428118,0.01702701405,-0.03690819329,
259628137,-0.003395014396,-0.05391321718,
259828157,-0.0297254424,-0.05952827592,
260028177,-0.05659857827,-0.05243690643,
260228197,-0.0772453923,-0.0339390398,
260428216,-0.08853632114,-0.008063585326,
260628236,-0.08595784139,0.02055498998,
260828256,-0.07114149087,0.04348965217,
261028276,-0.04732075733,0.05684808199,
261228295,-0.02160667232,0.05799380975,
261428315,0.001328417414,0.04602112032,
261628335,0.01474686726,0.02528670362,
261828355,0.01535556191,0.0006864771339,
262028374,0.003687485677,-0.01998441541,
262228394,-0.01701215002,-0.03173940839,
262428414,-0.04049152542,-0.0319712134,
262628434,-0.0612144777,-0.02016757304,
262828453,-0.07380916747,0.001099446116,
263028473,-0.07483003221,0.02626800409,
263228493,-0.06344966924,0.04882105148,
263428513,-0.04224910368,0.06420208155,
263628532,-0.01556290242,0.06773645898,
263828552,0.01028738643,0.05779474819,
264028572,0.02802955933,0.03744570192,
264228592,0.03429886412,0.009897329704,
264428611,0.02714389988,-0.01653542129,
264628631,0.008699869069,-0.03688572326,
264828651,-0.01677049448,-0.04620909876,
265028671,-0.04370319452,-0.04277076576,
265228690,-0.06576653046,-0.02768003911,
265428710,-0.07813601077,-0.003942842684,
265628730,-0.07860982509,0.02213490729,
265828750,-0.06625614774,0.0454411233,
266028769,-0.04497145428,0.05981442979,
266228789,-0.01973664834,0.06221233992,
266428809,0.003456022665,0.05283063013,
266628829,0.01876950172,0.03286979615,
266828849,0.02233831929,0.008502002099,
267028868,0.01335970272,-0.01422755394,
267228888,-0.005647993418,-0.02955292545,
267428908,-0.02945485315,-0.03435760628,
267628928,-0.05274164051,-0.02627240787,
267828947,-0.06889704846,-0.008635700691,
268028967,-0.0751766291,0.0148044722,
268228987,-0.06889320994,0.03841595265,
268429007,-0.05242763152,0.05637462636,
268629026,-0.02924994927,0.06425439879,
268829046,-0.005594071992,0.05971080487,
269029066,0.01353143661,0.04424032489,
269229086,0.0220959411,0.02184322498,
269429105,0.01778838789,-0.002324252816,
269629125,0.002482822203,-0.02122949172,
269829145,-0.0205793915,-0.030463606,
270029165,-0.04479105355,-0.02706659767,
270229184,-0.06508292423,-0.01212789422,
270429204,-0.07601586172,0.010098604,
270629224,-0.07423973894,0.03587786187,
270829244,-0.0616965441,0.05773032936,
271029263,-0.04038301889,0.07029577398,
271229283,-0.01551386077,0.07303885824,
271429303,0.007687060415,0.06392450041,
271629323,0.02340512058,0.04490855388,
271829342,0.02815736803,0.02037884296,
272029362,0.02015443794,-0.001959993361,
272229382,0.002700949776,-0.01740381932,
272429402,-0.01985111708,-0.02167787147,
272629421,-0.0411469353,-0.01432407338,
272829441,-0.05572972467,0.002544400198,
273029461,-0.06015749852,0.02452672355,
273229481,-0.05286270355,0.04640248601,
273429500,-0.03522283401,0.06177161814,
273629520,-0.01204864588,0.06724459179,
273829540,0.01146675925,0.0612910182,
274029560,0.03007595959,0.04397425052,
274229579,0.03889534053,0.02006940962,
274429599,0.03590635368,-0.005972082094,
274629619,0.02125483229,-0.0274849049,
274829639,-0.001309842121,-0.04011205476,
275029658,-0.02724576755,-0.04120819229,
275229678,-0.05044596339,-0.03062871737,
275429698,-0.06524366071,-0.01146356903,
275629718,-0.06964453715,0.0113718701,
275829737,-0.06294852264,0.03313705276,
276029757,-0.04752385291,0.04850794999,
276229777,-0.02720395105,0.05371851485,
276429797,-0.007268454641,0.04756190989,
276629816,0.006429614055,0.03269068584,
276829836,0.00992746701,0.01239087251,
277029856,0.001609299835,-0.006805911207,
277229876,-0.01491659312,-0.0197307317,
277429895,-0.03689352793,-0.02278022493,
277629915,-0.05831142238,-0.01529735284,
277829935,-0.0740670449,0.0020250716,
278029955,-0.08045981371,0.02528812202,
278229974,-0.07645787862,0.04925088167,
278429994,-0.06096304093,0.06810258111,
278630014,-0.03977979381,0.07944232143,
278830034,-0.01615750583,0.07913232645,
279030053,0.004192059895,0.06883817623,
279230073,0.01665714126,0.05076833085,
279430093,0.01867358052,0.02951927049,
279630113,0.009389313503,0.01094707802,
279830132,-0.007712427337,0.001462871826,
280030152,-0.02831124643,0.001758840646,
280230172,-0.0452321563,0.01278818931,
280430192,-0.05441434057,0.03128988078,
280630211,-0.05320858897,0.05232903352,
280830231,-0.04260967094,0.07170615462,
281030251,-0.0229927904,0.08379120649,
281230271,0.001071476554,0.08649285489,
281430290,0.02363554052,0.07828071969,
281630310,0.04041562208,0.06033840152,
281830330,0.04758732629,0.03681850517,
282030350,0.04376343418,0.01282311082,
282230369,0.0295301284,-0.005742113741,
282430389,0.008494493477,-0.01473930936,
282630409,-0.01375184591,-0.01212884171,
282830429,-0.03072539099,0.0008904656713,
283030448,-0.03877521755,0.01995855093,
283230468,-0.03634356361,0.04072733383,
283430488,-0.02353364002,0.05693537673,
283630508,-0.004219205271,0.06571628824,
283830527,0.01774625617,0.06344450767,
284030547,0.036412023,0.05105259477,
284230567,0.04688125529,0.03036090687,
284430587,0.04710570162,0.007228078079,
284630606,0.03606902672,-0.01327282741,
284830626,0.01672811911,-0.026365908,
285030646,-0.005639549149,-0.02867211891,
285230666,-0.02623932062,-0.02004836694,
285430685,-0.03997813803,-0.003484411909,
285630705,-0.04351685458,0.01776701525,
285830725,-0.03652312715,0.03774010657,
286030745,-0.02138511173,0.05128787296,
286230764,-0.0009582701237,0.05546320845,
286430784,0.01885516096,0.04917440976,
286630804,0.03335304321,0.03353769418,
286830824,0.0388040182,0.01275318382,
287030843,0.03367802753,-0.007903061703,
287230863,0.01861268364,-0.02394182977,
287430883,-0.001700766995,-0.03114797228,
287630903,-0.0234413045,-0.02774069922,
287830922,-0.04062534812,-0.01497869421,
288030942,-0.0494685793,0.004269441389,
288230962,-0.04870344922,0.02544089883,
288430982,-0.03745001734,0.04297421733,
288631001,-0.01984526716,0.05305918976,
288831021,0.0004340383744,0.05300174673,
289031041,0.01803509161,0.04293018597,
289231061,0.02836264808,0.02582923923,
289431080,0.02845219443,0.005391241538,
289631100,0.01857485227,-0.01253473861,
289831120,0.000917460166,-0.02316773986,
290031140,-0.01989583811,-0.02458922187,
290231159,-0.0392959205,-0.0148076137,
290431179,-0.05226051845,0.002348577073,
290631199,-0.05567719859,0.02431181606,
290831219,-0.04882617592,0.04503608305,
291031238,-0.03283888147,0.06112316307,
291231258,-0.01179621005,0.0678679152,
291431278,0.009735616576,0.06428882752,
291631298,0.02699241007,0.05186046924,
291831317,0.03630387856,0.03318978046,
292031337,0.03619720657,0.01290138196,
292231357,0.02681293523,-0.003942037549,
292431377,0.0104806151,-0.0139454339,
292631396,-0.007690656421,-0.01425582363,
292831416,-0.0234141353,-0.005509398772,
293031436,-0.03157234699,0.009379062425,
293231456,-0.03202206573,0.02627937652,
293431476,-0.023444819,0.04099714361,
293631495,-0.008511792527,0.04948018062,
293831515,0.008992524304,0.04953178234,
294031535,0.02457790205,0.04092328096,
294231555,0.03387609465,0.02548032013,
294431574,0.03497501794,0.007175751905,
294631594,0.02699105574,-0.009583385842,
294831614,0.01210840623,-0.02055991542,
295031634,-0.006826208927,-0.02246050394,
295231653,-0.02451623188,-0.01509524105,
295431673,-0.03619347703,0.000271110739,
295631693,-0.03882568404,0.01909273109,
295831713,-0.03259292549,0.03743340013,
296031732,-0.01762934638,0.04972877122,
296231752,0.001151399582,0.05408159824,
296431772,0.01992488119,0.04919613421,
296631792,0.03463214928,0.03551911257,
296831811,0.04123084535,0.0163018266,
297031831,0.03773036897,-0.003231394222,
297231851,0.02572452722,-0.01929423664,
297431871,0.007068982488,-0.02744971427,
297631890,-0.01259512689,-0.02554164752,
297831910,-0.02890552232,-0.01465567965,
298031930,-0.03774517639,0.002773184053,
298231950,-0.03703495731,0.022468689,
298431969,-0.02765265429,0.03886305467,
298631989,-0.01041877223,0.04834657608,
298832009,0.008877354731,0.04892384,
299032029,0.02632533691,0.04049013594,
299232048,0.03784959258,0.02450220701,
299432068,0.04020576786,0.004580928517,
299632088,0.0330556067,-0.0141785239,
299832108,0.01816297401,-0.02737736936,
300032127,-0.001506266829,-0.03198476728,
300232147,-0.02091002093,-0.02595051285,
300432167,-0.03484333513,-0.01282354789,
300632187,-0.04064803972,0.006080077377,
300832206,-0.03708875335,0.0248884551,
301032226,-0.02466447588,0.03934059784,
301232246,-0.007717877491,0.04610615879,
301432266,0.01039347699,0.04338182825,
301632285,0.02432859954,0.03241996148,
301832305,0.03131408189,0.0160646705,
302032325,0.02924841313,-0.00117143617,
302232345,0.01850867574,-0.01491166222,
302432364,0.002033940145,-0.02116980231,
302632384,-0.01528627511,-0.01830658833,
302832404,-0.02916362822,-0.006691207397,
303032424,-0.03489876741,0.01075081055,
303232443,-0.03204915175,0.0292777696,
303432463,-0.02007757788,0.04478879484,
303632483,-0.001779147907,0.05276435507,
303832503,0.01906618519,0.05129361944,
304032522,0.03710914348,0.04056665657,
304232542,0.04834339204,0.02259890556,
304432562,0.05040858487,0.0008318712893,
304632582,0.042248349,-0.01867620929,
304832601,0.02633248814,-0.03278459265,
305032621,0.00622252692,-0.03750641619,
305232641,-0.01360384515,-0.03238944383,
305432661,-0.02803462347,-0.01876079898,
305632680,-0.03355166139,2.466049627e-05,
305832700,-0.02931396757,0.01865273431,
306032720,-0.0167479043,0.0326830625,
306232740,0.001327963422,0.03869464377,
306432759,0.02022641071,0.03593578204,
306632779,0.03521276878,0.02387046576,
306832799,0.04254941843,0.00582608362,
307032819,0.04125164413,-0.01363763108,
307232838,0.03045821914,-0.03032156626,
307432858,0.01327985855,-0.04020464925,
307632878,-0.00603842079,-0.04114859232,
307832898,-0.02363161132,-0.03269168744,
308032917,-0.03481733119,-0.01695203407,
308232937,-0.037268521,0.00213880785,
308432957,-0.02927389513,0.0192461347,
308632977,-0.01411403975,0.03083526209,
308832996,0.004536935254,0.03319250143,
309033016,0.02190171576,0.02627457676,
309233036,0.03433301934,0.01139051652,
309433056,0.03758685907,-0.00792775342,
309633075,0.03216647587,-0.02683350433,
309833095,0.01817477471,-0.04099870539,
310033115,-0.0008092807807,-0.04774248631,
310233135,-0.02115347105,-0.04429998001,
310433154,-0.03744728699,-0.03219993319,
310633174,-0.04626236161,-0.01425918793,
310833194,-0.04608668609,0.005229720626,
311033214,-0.03634825209,0.02244225341,
311233233,-0.02029528202,0.03258475217,
311433253,-0.001741597711,0.03398499775,
311633273,0.01458513783,0.02622301399,
311833293,0.02519062744,0.01236075275,
312033312,0.02799325825,-0.004670480034,
312233332,0.02202400251,-0.02035804061,
312433352,0.009152400589,-0.03106530177,
312633372,-0.006950554279,-0.03354583367,
312833391,-0.02165826695,-0.02782244566,
313033411,-0.03174067628,-0.01602510149,
313233431,-0.03389878239,-0.0001681926201,
313433451,-0.02772415265,0.01456310855,
313633470,-0.01485530633,0.02377745467,
313833490,0.001478814374,0.02556282548,
314033510,0.01684814326,0.01884575017,
314233530,0.02775640401,0.005213249575,
314433549,0.03080790353,-0.01230201073,
314633569,0.02528092134,-0.02958743221,
314833589,0.01241463761,-0.04314891858,
315033609,-0.00509954596,-0.04950642014,
315233628,-0.02360132317,-0.04665535228,
315433648,-0.03964324258,-0.03614263268,
315633668,-0.04801060927,-0.01977581344,
315833688,-0.0486553745,-0.001838084738,
316033707,-0.04088315708,0.01373263143,
316233727,-0.0264981183,0.02318053436,
316433747,-0.009932680212,0.02436664591,
316633767,0.004647319381,0.01710921083,
316833786,0.01353438258,0.003709746457,
317033806,0.01435886126,-0.01162869533,
317233826,0.007864562753,-0.0260097667,
317433846,-0.00561319451,-0.03525443341,
317633865,-0.02174754068,-0.03637633887,
317833885,-0.0367403596,-0.02982446968,
318033905,-0.04719727071,-0.01675690551,
318233925,-0.04990863977,-0.0001866208367,
318433944,-0.0450129037,0.01578929821,
318633964,-0.03237316896,0.02759358335,
318833984,-0.01626062868,0.03218601362,
319034004,0.0002871085983,0.02863406602,
319234023,0.01248862366,0.0173763055,
319434043,0.01827875015,0.00198938959,
319634063,0.01620303156,-0.01393008298,
319834083,0.006345467391,-0.02635819204,
320034103,-0.007878689355,-0.03230448424,
320234122,-0.02325446851,-0.03119617303,
320434142,-0.03544356336,-0.02240290626,
320634162,-0.04184850627,-0.008873236351,
320834182,-0.04034010764,0.006082468383,
321034201,-0.03106696028,0.01817766655,
321234221,-0.01737688538,0.02418651155,
321434241,-0.00202679925,0.02246959853,
321634261,0.01093228293,0.01319723719,
321834280,0.01764634102,-0.001778725642,
322034300,0.01676173085,-0.0185188611,
322234320,0.008164730676,-0.03337718517,
322434340,-0.006646979961,-0.0432929054,
322634359,-0.02514289063,-0.04531718023,
322834379,-0.04177616556,-0.03884464969,
323034399,-0.05530288741,-0.02553599671,
323234419,-0.06114159666,-0.008494675037,
323434438,-0.05840670178,0.009603653949,
323634458,-0.04837354066,0.02432733338,
323834478,-0.03279914874,0.03251047947,
324034498,-0.01623136036,0.03237320879,
324234517,-0.00233528327,0.02519643005,
324434537,0.005700171237,0.01226562278,
324634557,0.006539145338,-0.002551952701,
324834577,-0.0001035922956,-0.01513768776,
325034596,-0.01189719879,-0.02243783615,
325234616,-0.02629131789,-0.02313589108,
325434636,-0.03845654232,-0.01599148695,
325634656,-0.04626752041,-0.003480483323,
325834675,-0.04606289097,0.01174180774,
326034695,-0.03894418141,0.02516739228,
326234715,-0.0255046847,0.03345692676,
326434735,-0.010092219,0.03496125998,
326634754,0.004931307013,0.02867864745,
326834774,0.01479326653,0.01601105571,
327034794,0.0174922683,0.0001984093394,
327234814,0.01314703111,-0.01493756126,
327434833,0.002049421972,-0.02567670928,
327634853,-0.01271959841,-0.03005280566,
327834873,-0.02744767415,-0.02682386115,
328034893,-0.03846661198,-0.0167529142,
328234912,-0.04348557819,-0.002470175342,
328434932,-0.0410742924,0.01198690776,
328634952,-0.03128429763,0.02352716074,
328834972,-0.01729186438,0.02843919995,
329034991,-0.002041346698,0.02589010559,
329235011,0.009553048812,0.0164482331,
329435031,0.01572507415,0.002296339231,
329635051,0.01438996685,-0.01291599981,
329835070,0.005542831908,-0.02591059449,
330035090,-0.008121370102,-0.03288116192,
330235110,-0.02382793897,-0.03268111344,
330435130,-0.03741684709,-0.02545727875,
330635149,-0.0456408825,-0.01198107579,
330835169,-0.04700170106,0.00324055458,
331035189,-0.04027901063,0.0173783212,
331235209,-0.02755770127,0.02688667861,
331435228,-0.01184556967,0.02897635203,
331635248,0.002971088918,0.02292787048,
331835268,0.01337287819,0.01095085937,
332035288,0.0162259788,-0.004717110436,
332235307,0.01201155595,-0.01962590146,
332435327,0.0008815323047,-0.03067412921,
332635347,-0.01373989469,-0.03486380376,
332835367,-0.02837793891,-0.03132937613,
333035386,-0.03929891605,-0.02134423985,
333235406,-0.04366160297,-0.007454591372,
333435426,-0.04013012294,0.006959660337,
333635446,-0.02970901468,0.01733349786,
333835465,-0.01536773529,0.02133729159,
334035485,-0.0003765345835,0.01725726936,
334235505,0.01149382586,0.006485395942,
334435525,0.0167031691,-0.00906254916,
334635544,0.01410151951,-0.02605347113,
334835564,0.004488624405,-0.03976509724,
335035584,-0.0109160598,-0.04860197726,
335235604,-0.0284365693,-0.04987386264,
335435623,-0.04463954271,-0.04306593768,
335635643,-0.05630431377,-0.02920325868,
335835663,-0.06049432061,-0.01330725833,
336035683,-0.05658765065,0.002756348534,
336235702,-0.04543369513,0.01478682075,
336435722,-0.03092109756,0.01987518454,
336635742,-0.01587136722,0.01663738436,
336835762,-0.004882460939,0.006195629136,
337035781,-0.0006287626873,-0.008079492283,
337235801,-0.003829003698,-0.02274038319,
337435821,-0.01410961637,-0.0343531575,
337635841,-0.02894280632,-0.03902780523,
337835860,-0.04350736774,-0.03676823453,
338035880,-0.05654523071,-0.0272374432,
338235900,-0.06246676442,-0.01307163741,
338435920,-0.06168065397,0.00258860658,
338635939,-0.05404853311,0.01575187108,
338835959,-0.0408313215,0.02300046448,
339035979,-0.0264030871,0.02296378109,
339235999,-0.01367446798,0.01573602692,
339436018,-0.006980069838,0.00323739894,
339636038,-0.006952161328,-0.01164309286,
339836058,-0.01407743981,-0.02434861111,
340036078,-0.02626718897,-0.03216076407,
340236097,-0.04152938456,-0.03265558622,
340436117,-0.05508097037,-0.02636950323,
340636137,-0.06455266077,-0.01413350685,
340836157,-0.06697374097,0.001440706201,
341036176,-0.06190671751,0.01611228694,
341236196,-0.05052587554,0.02655113089,
341436216,-0.03539038303,0.03079876982,
341636236,-0.02037012282,0.02677109673,
341836255,-0.009029712992,0.0156545275,
342036275,-0.004502317702,0.0006507437647,
342236295,-0.007679038268,-0.01512967251,
342436315,-0.01789337381,-0.02742310225,
342636334,-0.0326116825,-0.03445178312,
342836354,-0.04884531337,-0.03369212886,
343036374,-0.06306713696,-0.02600423253,
343236394,-0.07282400451,-0.0129229561,
343436413,-0.07582957647,0.002789737226,
343636433,-0.07133433593,0.0179052219,
343836453,-0.06125478892,0.02870851903,
344036473,-0.04846638254,0.03383465322,
344236492,-0.03532743308,0.03172485492,
344436512,-0.02644582552,0.02411477364,
344636532,-0.02304640865,0.01357050129,
344836552,-0.0264225019,0.003459072067,
345036571,-0.03498495727,-0.003561142532,
345236591,-0.04555481553,-0.0044805852,
345436611,-0.05624677476,0.0006890016843,
345636631,-0.06226630053,0.01137105962,
345836650,-0.06262170641,0.02483494171,
346036670,-0.05672647425,0.03739240997,
346236690,-0.04484281839,0.04591848057,
346436710,-0.02978799734,0.0477617215,
346636729,-0.01487276228,0.04325524987,
346836749,-0.00416348496,0.0319384051,
347036769,0.0004692870426,0.01687709368,
347236789,-0.003133966579,0.00129142493,
347436809,-0.01326154807,-0.01023845304,
347636828,-0.02738267892,-0.01612646745,
347836848,-0.04227109827,-0.01468744579,
348036868,-0.05425250434,-0.005977173721,
348236888,-0.06150051199,0.006937221616,
348436907,-0.06188297557,0.02140539654,
348636927,-0.05515444069,0.03437896558,
348836947,-0.04345476782,0.04269142925,
349036967,-0.02928580948,0.04436006009,
349236986,-0.01646544246,0.03923895074,
349437006,-0.008065787274,0.0284891577,
349637026,-0.006335086162,0.01583743019,
349837046,-0.01112785031,0.00455079569,
350037065,-0.02157748401,-0.003325647155,
350237085,-0.03388925241,-0.004624066292,
350437105,-0.04593890226,0.0005243259084,
350637125,-0.0529726809,0.01134304569,
350837144,-0.05432410376,0.02506367328,
351037164,-0.04914959352,0.03738577162,
351237184,-0.0377893771,0.04721454204,
351437204,-0.02283253532,0.0502834685,
351637223,-0.007852516999,0.0462731211,
351837243,0.003877075447,0.03519989629,
352037263,0.00990036961,0.02065979901,
352237283,0.00810251348,0.004616681668,
352437302,-0.0005517305869,-0.008895935925,
352637322,-0.01463029028,-0.01658464961,
352837342,-0.02997372909,-0.01750635147,
353037362,-0.04372062483,-0.01061997067,
353237381,-0.05306567853,0.001309346072,
353437401,-0.05529411151,0.01597387232,
353637421,-0.05107400262,0.03008052085,
353837441,-0.04055981521,0.04022682404,
354037460,-0.02659605164,0.04382296518,
354237480,-0.01268255635,0.04059211942,
354437500,-0.002648858973,0.03117641074,
354637520,0.001976280849,0.0183992526,
354837539,-0.0005757265187,0.005423440034,
355037559,-0.008996969317,-0.004113164526,
355237579,-0.02084514225,-0.008038253999,
355437599,-0.03315625151,-0.005922950599,
355637618,-0.04153507129,0.002008624606,
355837638,-0.04529828622,0.01349075984,
356037658,-0.04256580254,0.02536356406,
356237678,-0.03344206753,0.03466412382,
356437697,-0.02130819969,0.03815132588,
356637717,-0.007874637607,0.0351364033,
356837737,0.002426587107,0.02580125782,
357037757,0.007826638938,0.01214589531,
357237776,0.005679302584,-0.002871804766,
357437796,-0.003005801607,-0.01550233807,
357637816,-0.01637074264,-0.02269364972,
357837836,-0.03236485047,-0.02304171653,
358037855,-0.04613903867,-0.017141359,
358237875,-0.05642644253,-0.004948951969,
358437895,-0.06031067831,0.009826659644,
358637915,-0.05693706327,0.0246686961,
358837934,-0.04649113668,0.03614010061,
359037954,-0.03312190524,0.04187375525,
359237974,-0.01892483815,0.04077913662,
359437994,-0.006886996237,0.0334335564,
359638013,-0.0001728176671,0.02140055309,
359838033,0.0003814204005,0.008282622413,
360038053,-0.005599531113,-0.003039391781,
360238073,-0.01581622541,-0.009751151341,
360438092,-0.02745120844,-0.01073490533,
360638112,-0.03771137003,-0.006223652949,
360838132,-0.04363812757,0.002628694208,
361038152,-0.04457598502,0.01301265919,
361238171,-0.03996194553,0.02186730275,
361438191,-0.03136152719,0.02749489162,
361638211,-0.02102445634,0.02709865931,
361838231,-0.01227424093,0.02128061403,
362038250,-0.00776179084,0.01186333253,
362238270,-0.008810817607,0.001195219502,
362438290,-0.01504742345,-0.008653018719,
362638310,-0.02564691169,-0.01414859416,
362838329,-0.03783351455,-0.01412592319,
363038349,-0.04833861725,-0.008248612919,
363238369,-0.05567972467,0.001923852882,
363438389,-0.05717557676,0.01416008786,
363638408,-0.05334797172,0.02617131985,
363838428,-0.04465886189,0.03416163759,
364038448,-0.03331744511,0.0378068916,
364238468,-0.02173370617,0.03510375865,
364438487,-0.01348342136,0.02754373225,
364638507,-0.01018172502,0.01757817957,
364838527,-0.01319938074,0.007672195112,
365038547,-0.01864235528,0.0001501919428,
365238566,-0.02935259879,-0.002334346301,
365438586,-0.03850878534,0.0008418846208,
365638606,-0.04516795698,0.008424283767,
365838626,-0.04691082336,0.01885969173,
366038645,-0.04308431168,0.02890921376,
366238665,-0.03358015928,0.03632056568,
366438685,-0.02171483949,0.03855014448,
366638705,-0.009316096791,0.03474880957,
366838724,0.0005143689298,0.02525873671,
367038744,0.005228221084,0.01191227024,
367238764,0.003530211998,-0.002767566746,
367438784,-0.004433237554,-0.01545405058,
367638803,-0.01716049243,-0.02307657474,
367838823,-0.03205468957,-0.02529794348,
368038843,-0.04539571004,-0.02079809789,
368238863,-0.05556752116,-0.01160224151,
368438882,-0.06066764291,0.001229109108,
368638902,-0.05913030405,0.01405031442,
368838922,-0.0523131689,0.0234003165,
369038942,-0.04327701181,0.02905539736,
369238961,-0.03239630883,0.02814376173,
369438981,-0.02411082186,0.0228470161,
369639001,-0.02024745254,0.01433399419,
369839021,-0.02159435124,0.004604169326,
370039040,-0.0281927947,-0.00210033736,
370239060,-0.0370777461,-0.005693628227,
370439080,-0.04696649965,-0.003408191791,
370639100,-0.05459962309,0.002550770728,
370839119,-0.05938602583,0.01178064872,
371039139,-0.05854895118,0.02237749448,
371239159,-0.05349087277,0.03169072692,
371439179,-0.04430969948,0.03751997658,
371639198,-0.03344534019,0.03946607907,
371839218,-0.02367596203,0.03524163773,
372039238,-0.01601423882,0.02778729801,
372239258,-0.01312293178,0.0178878983,
372439277,-0.01576623017,0.007349326311,
372639297,-0.02214455489,-0.0001239284513,
372839317,-0.0310350335,-0.003374109785,
373039337,-0.03982584972,-0.002473494388,
373239356,-0.04633261066,0.0025627395,
373439376,-0.04899831268,0.009020637878,
373639396,-0.04752329623,0.0158599269,
373839416,-0.0439033393,0.02029206178,
374039436,-0.03726400207,0.02127318376,
374239455,-0.03220927166,0.01831108269,
374439475,-0.02860678191,0.01236592588,
374639495,-0.02981079546,0.004532271897,
374839515,-0.03528083576,-0.003753479166,
375039534,-0.04414266182,-0.008766819538,
375239554,-0.05541890595,-0.009938847366,
375439574,-0.06712953125,-0.005968882881,
375639594,-0.07702264305,0.003314348899,
375839613,-0.08260142687,0.01555488379,
376039633,-0.08299268317,0.02914061601,
376239653,-0.07832481192,0.04243283524,
376439673,-0.06804204421,0.05229706417,
376639692,-0.05562509906,0.05729899438,
376839712,-0.04376248086,0.05693481777,
377039732,-0.03341876647,0.05134325615,
377239752,-0.02803574712,0.04361668514,
377439771,-0.02687774042,0.03433416523,
377639791,-0.02976639316,0.0264330727,
377839811,-0.03658667905,0.02230462926,
378039831,-0.04394696758,0.02194125774,
378239850,-0.05033246188,0.02526917924,
378439870,-0.05416333264,0.03146747479,
378639890,-0.05364914439,0.03814892908,
378839910,-0.0501029501,0.04501190309,
379039929,-0.04370519543,0.04895621883,
379239949,-0.03601598978,0.04888325476,
379439969,-0.02918715739,0.04558529934,
379639989,-0.0247793635,0.03947649614,
379840008,-0.02402936927,0.03157688673,
380040028,-0.02817674841,0.02503517404,
380240048,-0.03518310289,0.02071375118,
380440068,-0.04243360035,0.02057987466,
380640087,-0.05029722957,0.02390645064,
380840107,-0.05453815521,0.03033671911,
381040127,-0.05585457975,0.03793832431,
381240147,-0.05383847458,0.04551384762,
381440166,-0.04871738033,0.05110765727,
381640186,-0.04184177196,0.05373024615,
381840206,-0.03419920866,0.05297250833,
382040226,-0.02904506272,0.04901720397,
382240245,-0.02717555055,0.0432545733,
382440265,-0.02918440658,0.03767318962,
382640285,-0.03318328534,0.03424063083,
382840305,-0.03959481672,0.03458719639,
383040324,-0.04460055123,0.03769794386,
383240344,-0.04848163646,0.04361202512,
383440364,-0.04821869884,0.05054007495,
383640384,-0.04462927112,0.05795307007,
383840403,-0.03762345148,0.06289458788,
384040423,-0.0281708064,0.06478786786,
384240443,-0.01963726405,0.06314533267,
384440463,-0.01183986298,0.05667271619,
384640482,-0.007916586537,0.04765376562,
384840502,-0.008178195066,0.03780720961,
385040522,-0.0131363509,0.03018100682,
385240542,-0.02164942101,0.02519007917,
385440561,-0.03135701101,0.02476675575,
385640581,-0.03958435928,0.02837281335,
385840601,-0.04570067537,0.03584939828,
386040621,-0.04878404178,0.0450676716,
386240640,-0.04626592995,0.05411465753,
386440660,-0.04052623812,0.06252390114,
386640680,-0.03151984368,0.06640218325,
386840700,-0.02197493512,0.06605177275,
387040719,-0.01435106495,0.06178275612,
387240739,-0.01044487408,0.05504907165,
387440759,-0.00961114392,0.04859072552,
387640779,-0.01096726574,0.04261651061,
387840798,-0.01472467529,0.03904662522,
388040818,-0.01972593936,0.03851751176,
388240838,-0.02396620863,0.04143139423,
388440858,-0.02532901394,0.04560479917,
388640877,-0.02532696745,0.0500419699,
388840897,-0.02175510436,0.05421882755,
389040917,-0.01525581228,0.05641437668,
389240937,-0.008684485831,0.05472503416,
389440956,-0.002831118646,0.04976797264,
389640976,0.0005252703727,0.04297972508,
389840996,0.0004067201956,0.03480940294,
390041016,-0.003623802857,0.02749209935,
390241035,-0.01003663984,0.02267158909,
390441055,-0.018336181,0.02107770319,
390641075,-0.02595303141,0.02263025041,
390841095,-0.03234963293,0.02787740648,
391041114,-0.03529428486,0.0344779418,
391241134,-0.03516684491,0.04171733341,
391441154,-0.0320987916,0.0472936912,
391641174,-0.02663406614,0.05067395198,
391841193,-0.02108682444,0.05126002034,
392041213,-0.01632339428,0.04890517913,
392241233,-0.01450408709,0.04407654201,
392441253,-0.01539919422,0.03971314989,
392641272,-0.01906317757,0.03647245856,
392841292,-0.02411619036,0.03594035987,
393041312,-0.02941872844,0.03795396011,
393241332,-0.03322712224,0.04373675898,
393441351,-0.03473281679,0.05095895405,
393641371,-0.03197880872,0.05837279735,
393841391,-0.0259029153,0.06440822729,
394041411,-0.01725571182,0.06781473152,
394241430,-0.007439362106,0.06717335247,
394441450,0.001976835905,0.06273943111,
394641470,0.008464595693,0.05441043897,
394841490,0.01096968633,0.04394514359,
395041509,0.009215305485,0.03359905433,
395241529,0.00319529239,0.02549950137,
395441549,-0.004912660057,0.02097810342,
395641569,-0.01450667087,0.01992737469,
395841588,-0.02301732011,0.02294684803,
396041608,-0.02898672378,0.02884146064,
396241628,-0.03178315493,0.03533252512,
396441648,-0.03166747382,0.04218652503,
396641667,-0.02911549978,0.04679334392,
396841687,-0.02483973417,0.04959964654,
397041707,-0.02181365302,0.05013949984,
397241727,-0.01923875623,0.04882078365,
397441746,-0.01963679061,0.04663909201,
397641766,-0.02162826879,0.04553691595,
397841786,-0.02550490616,0.04724068192,
398041806,-0.02941576674,0.05116828574,
398241825,-0.03102189726,0.05751398062,
398441845,-0.03064009556,0.06610402069,
398641865,-0.02556787967,0.07361152748,
398841885,-0.01669786204,0.0798669435,
399041904,-0.005460229186,0.08340327379,
399241924,0.007043419687,0.08176203507,
399441944,0.01775581077,0.07607579511,
399641964,0.02639726652,0.06645343215,
399841983,0.03050926101,0.05472891591,
400042003,0.02968130732,0.04293547414,
400242023,0.02509326975,0.03226962156,
400442043,0.01731417958,0.02574514959,
400642063,0.007852024454,0.02317542953,
400842082,-0.0003350600895,0.02548284138,
401042102,-0.005745774326,0.03078213447,
401242122,-0.007577174785,0.03724141723,
401442142,-0.006170587307,0.04365874129,
401642161,-0.001157255354,0.04798801467,
401842181,0.005332981778,0.04935551307,
402042201,0.01155949946,0.04629408204,
402242221,0.01614571259,0.04034364903,
402442240,0.01775594305,0.0327115928,
402642260,0.01515108151,0.02471192664,
402842280,0.009999794101,0.01935255372,
403042300,0.003207152219,0.0170682679,
403242319,-0.003910554092,0.01788763257,
403442339,-0.009722494908,0.02188006756,
403642359,-0.01262109488,0.02780215163,
403842379,-0.01200092339,0.03412347638,
404042398,-0.008889567512,0.03892479422,
404242418,-0.003520279,0.04101874234,
404442438,0.002140705892,0.03973010401,
404642458,0.006705872276,0.03593495729,
404842477,0.00863385271,0.02931063564,
405042497,0.00731675016,0.02273226293,
405242517,0.002586080965,0.01712421946,
405442537,-0.004201550392,0.01404317898,
405642556,-0.01160477453,0.01463107472,
405842576,-0.01790847289,0.01817604279,
406042596,-0.02260371844,0.0239906276,
406242616,-0.02384317217,0.03066262896,
406442635,-0.02272001172,0.03699115997,
406642655,-0.01842782346,0.04072810179,
406842675,-0.01379917772,0.0429764868,
407042695,-0.009550997042,0.04187779822,
407242714,-0.006773622733,0.03816507483,
407442734,-0.006931525095,0.03416626286,
407642754,-0.01008225172,0.03104881853,
407842774,-0.01526054904,0.03052208846,
408042793,-0.0210002111,0.03228063944,
408242813,-0.02615807408,0.038172716,
408442833,-0.02815056378,0.04512930826,
408642853,-0.02697553674,0.05406319112,
408842872,-0.02236788598,0.06247145374,
409042892,-0.01438777721,0.06804139952,
409242912,-0.00472918681,0.07113657746,
409442932,0.00613858886,0.06909783676,
409642951,0.01435095058,0.06412667209,
409842971,0.02101217725,0.05668208466,
410042991,0.02304715751,0.0469825435,
410243011,0.02168158256,0.03892091168,
410443030,0.01751939291,0.03243423529,
410643050,0.01191416725,0.03002124783,
410843070,0.006115381198,0.03015417929,
411043090,0.002771405393,0.03373956648,
411243109,0.002050228071,0.03751929886,
411443129,0.004064358258,0.04150722875,
411643149,0.007964674312,0.04314798985,
411843169,0.0132377089,0.0424815543,
412043188,0.01794261326,0.03940437932,
412243208,0.02044543197,0.03367987441,
412443228,0.02039690856,0.0267207682,
412643248,0.0171044243,0.02054352735,
412843267,0.01162179871,0.01654640821,
413043287,0.005264539641,0.01557447933,
413243307,-0.001081391905,0.01748941557,
413443327,-0.005312812121,0.02232584917,
413643346,-0.006504523821,0.02841114001,
413843366,-0.004668338177,0.03407713609,
414043386,-0.0001731401525,0.03766726996,
414243406,0.005720105259,0.03869469744,
414443425,0.01179186353,0.03662807907,
414643445,0.01615063303,0.03141415251,
414843465,0.0178349241,0.02461018122,
415043485,0.0160783119,0.01766777673,
415243504,0.01095893687,0.01175058851,
415443524,0.004498542073,0.008395364395,
415643544,-0.00253863672,0.008235377179,
415843564,-0.008897315647,0.01132945357,
416043583,-0.01362856605,0.01667401595,
416243603,-0.01463372473,0.02316017083,
416443623,-0.01329488076,0.0284987603,
416643643,-0.009609911513,0.03225096695,
416843662,-0.004658101405,0.0319968693,
417043682,-0.0005532846827,0.0296269485,
417243702,0.001789889378,0.02577476648,
417443722,0.0009150384996,0.02039112913,
417643741,-0.002626721759,0.01542542946,
417843761,-0.009029587604,0.0126846688,
418043781,-0.01699389613,0.01362342264,
418243801,-0.02458870247,0.01796019475,
418443820,-0.02985107484,0.02559211394,
418643840,-0.03236718789,0.03467295976,
418843860,-0.03069769051,0.04416881923,
419043880,-0.02551357997,0.05271599567,
419243899,-0.01790342077,0.05877950704,
419443919,-0.008070750808,0.061149735,
419643939,0.001280161034,0.05945497077,
419843959,0.008942697166,0.05475625749,
420043978,0.01273802047,0.0477289951,
420243998,0.01397342229,0.04031391404,
420444018,0.01219795779,0.03374238332,
420644038,0.007799392885,0.02975125451,
420844057,0.002845269532,0.0292562267,
421044077,-0.001558591082,0.03062115355,
421244097,-0.003859269431,0.03425164274,
421444117,-0.003758682969,0.03855775991,
421644136,-0.00208952737,0.04221314902,
421844156,0.002210341068,0.04355296636,
422044176,0.005984432586,0.04284215478,
422244196,0.009134386676,0.0395883233,
422444215,0.01005665276,0.0363786107,
422644235,0.009227071932,0.03195640199,
422844255,0.00574559213,0.02930815647,
423044275,0.001070616807,0.02908107052,
423244294,-0.003541816022,0.03120480728,
423444314,-0.006689653981,0.03660455673,
423644334,-0.007158300962,0.04266346381,
423844354,-0.00494934209,0.04955430558,
424044373,0.001066090448,0.0548346977,
424244393,0.008722296741,0.05726686452,
424444413,0.01732893247,0.05734165706,
424644433,0.02535608526,0.05371834532,
424844452,0.03204845464,0.04719257767,
425044472,0.03540176992,0.03934387086,
425244492,0.03581261487,0.03094013293,
425444512,0.03353726189,0.02317855682,
425644531,0.02868045977,0.01767242785,
425844551,0.02348258538,0.01520046565,
426044571,0.01957633233,0.01566444774,
426244591,0.01721343929,0.01718023741,
426444610,0.01674735494,0.01868859531,
426644630,0.01769900919,0.01880008846,
426844650,0.02000069536,0.01769136817,
427044670,0.02135874914,0.0148071397,
427244690,0.02156626816,0.01035758221,
427444709,0.01986403476,0.004730523275,
427644729,0.0159528759,-0.0003165915219,
427844749,0.009134752721,-0.004005531246,
428044769,0.0013348356,-0.00466793592,
428244788,-0.006937802875,-0.002388273692,
428444808,-0.01341764623,0.004086460914,
428644828,-0.01677482609,0.01066654612,
428844848,-0.01678665237,0.01890549016,
429044867,-0.01400023955,0.02574840146,
429244887,-0.008980742872,0.03035289976,
429444907,-0.003285231766,0.0317722758,
429644927,0.002640133537,0.0303589604,
429844946,0.006055128387,0.02639982461,
430044966,0.007225502643,0.02141138897,
430244986,0.005522360539,0.01670079461,
430445006,0.001250208691,0.01355614645,
430645025,-0.003724483099,0.0132679974,
430845045,-0.008393898052,0.01565605123,
431045065,-0.01108870017,0.02029088735,
431245085,-0.01235175314,0.02600592365,
431445104,-0.01028820936,0.03142923877,
431645124,-0.006330130639,0.03542609316,
431845144,-0.0008833043447,0.03622091067,
432045164,0.004416395864,0.03575325714,
432245183,0.008610770661,0.03249983508,
432445203,0.01112102776,0.02783028432,
432645223,0.01158604839,0.02306553674,
432845243,0.009410812711,0.01827703003,
433045262,0.005618618083,0.01589941656,
433245282,0.0011879626,0.01550739098,
433445302,-0.002511068037,0.01707282428,
433645322,-0.004919903934,0.02050716135,
433845341,-0.005082253726,0.02463244592,
434045361,-0.003729384652,0.02823821474,
434245381,-0.0002007401822,0.03091630293,
434445401,0.004241310777,0.03082658359,
434645420,0.008077370852,0.02918178681,
434845440,0.01064139752,0.02548608981,
435045460,0.01136424729,0.02009133024,
435245480,0.009505989543,0.01561056288,
435445499,0.005670942844,0.01198078401,
435645519,0.0005788968088,0.01029259448,
435845539,-0.004748858651,0.01180316482,
436045559,-0.009189909547,0.01534276968,
436245578,-0.01126956345,0.02060354371,
436445598,-0.01102830039,0.02565613954,
436645618,-0.008344221716,0.03005831746,
436845638,-0.004273517118,0.03261592113,
437045657,0.0001816641522,0.03254563891,
437245677,0.003731334765,0.03010384506,
437445697,0.005688730723,0.02685155105,
437645717,0.005026594843,0.0230329479,
437845736,0.003020710873,0.01984861227,
438045756,-0.0003766475033,0.01874393853,
438245776,-0.004099782107,0.01998372988,
438445796,-0.007419484899,0.02288886029,
438645815,-0.00838885123,0.0278006671,
438845835,-0.007211103673,0.03205225702,
439045855,-0.003981491093,0.03645446068,
439245875,0.0009042281024,0.03838102381,
439445894,0.006170511765,0.03924001162,
439645914,0.01213045677,0.03683255195,
439845934,0.01609898071,0.03214494638,
440045954,0.0183607409,0.02633433074,
440245973,0.01811450548,0.02003953927,
440445993,0.01508066191,0.01473046024,
440646013,0.009818948953,0.01160901999,
440846033,0.004333272127,0.01103204368,
441046052,-0.0005023940753,0.01334226622,
441246072,-0.003526814318,0.01744518317,
441446092,-0.003889413703,0.02217042357,
441646112,-0.001603488699,0.02633374131,
441846131,0.002296401936,0.02875512941,
442046151,0.007097452256,0.02908042719,
442246171,0.01181485267,0.02638802192,
442446191,0.01458088036,0.0214946391,
442646210,0.01488689616,0.01616765965,
442846230,0.01239456892,0.01066051785,
443046250,0.007845901524,0.006492108226,
443246270,0.002321503507,0.004395356682,
443446289,-0.003829389103,0.00473707261,
443646309,-0.00848851496,0.007655080456,
443846329,-0.01182529052,0.01227476599,
444046349,-0.01319806309,0.01768283309,
444246368,-0.01199075201,0.02278026116,
444446388,-0.009137571327,0.02597286637,
444646408,-0.005528747853,0.02738883358,
444846428,-0.002438537819,0.02665378095,
445046447,-0.0002020174177,0.02473876728,
445246467,0.0004052606764,0.02149360475,
445446487,-0.001511863948,0.01918541883,
445646507,-0.004676750838,0.01869265802,
445846526,-0.008178608626,0.02018930032,
446046546,-0.01097921599,0.02391702746,
446246566,-0.0115994864,0.02864003481,
446446586,-0.01074855005,0.03392652089,
446646605,-0.007204672855,0.03867018069,
446846625,-0.001441006824,0.04198410794,
447046645,0.005150480622,0.04225408576,
447246665,0.0113805425,0.04017878024,
447446684,0.01700462444,0.03609510144,
447646704,0.02017823898,0.02961301077,
447846724,0.02140690223,0.02346963576,
448046744,0.01982336539,0.01748449117,
448246763,0.01635582582,0.01259226173,
448446783,0.0123946449,0.01036265842,
448646803,0.008987380968,0.01003663965,
448846823,0.006279101988,0.01043589733,
449046842,0.00499565216,0.01160340965,
449246862,0.005082190529,0.01266970746,
449446882,0.005934759861,0.01213185867,
449646902,0.006487808198,0.01020404569,
449846921,0.006611263782,0.007222991756,
450046941,0.004388498603,0.003331031409,
450246961,0.0008816012131,-1.493880141e-05,
450446981,-0.004919031626,-0.001940891141,
450647000,-0.01127890505,-0.001630694478,
450847020,-0.01760863309,0.001813477279,
451047040,-0.02271046571,0.005790957284,
451247060,-0.0247816918,0.01288145779,
451447079,-0.02483711995,0.01914072921,
451647099,-0.02271955709,0.0249511713,
451847119,-0.01883359574,0.02900884928,
452047139,-0.01421082534,0.03083931122,
452247158,-0.009263943916,0.03072135256,
452447178,-0.005777982759,0.02796367367,
452647198,-0.004200656763,0.0235254846,
452847218,-0.004989040239,0.01925028051,
453047237,-0.008296785847,0.015825426,
453247257,-0.01333519498,0.01459392983,
453447277,-0.01880615065,0.01588373985,
453647297,-0.02397192458,0.01972119084,
453847317,-0.02694008102,0.0252955184,
454047336,-0.02764670351,0.03153909127,
454247356,-0.02565730859,0.03745302528,
454447376,-0.02261129851,0.04178544831,
454647396,-0.01864965708,0.04454347949,
454847415,-0.01432075925,0.04569857193,
455047435,-0.01063913596,0.04498055199,
455247455,-0.008753786442,0.04357707961,
455447475,-0.008307786045,0.04227971725,
455647494,-0.008823207177,0.04212792388,
455847514,-0.01005748672,0.04350485321,
456047534,-0.01054767001,0.04620573801,
456247554,-0.009693677195,0.05048369702,
456447573,-0.006657627515,0.05463172145,
456647593,-0.001418637201,0.05786294821,
456847613,0.004373907225,0.05956105681,
457047633,0.01197274524,0.05801881084,
457247652,0.0176809481,0.05463980718,
457447672,0.02196329354,0.04882875472,
457647692,0.02402052506,0.04294985719,
457847712,0.02350152327,0.03695475545,
458047731,0.02075784834,0.03213289597,
458247751,0.01707761802,0.02977206663,
458447771,0.01299127579,0.02997235739,
458647791,0.01006762071,0.03228833948,
458847810,0.008885423307,0.03605210976,
459047830,0.01018825125,0.04032411867,
459247850,0.01461615019,0.04351516619,
459447870,0.01974449102,0.04473139735,
459647889,0.02602891247,0.04320704403,
459847909,0.03220399504,0.0390461082,
460047929,0.03604249863,0.03335229237,
460247949,0.0378781226,0.02571704914,
460447968,0.03693518378,0.01776214391,
460647988,0.0334777119,0.01150376159,
460848008,0.02880802712,0.006722265438,
461048028,0.02353037085,0.004350896573,
461248047,0.01888241499,0.00467573575,
461448067,0.01519571646,0.005886152176,
461648087,0.01371616111,0.007700186622,
461848107,0.01351497607,0.009108673041,
462048126,0.01439829444,0.009260064368,
462248146,0.01504582385,0.007437966022,
462448166,0.01518325415,0.004457841413,
462648186,0.01344972781,0.000472826984,
462848205,0.009611784182,-0.003478156401,
463048225,0.004030329466,-0.006601931699,
463248245,-0.002892831581,-0.007431220157,
463448265,-0.0104667908,-0.005542146429,
463648284,-0.0168067109,9.895155898e-05,
463848304,-0.02183275082,0.00535518213,
464048324,-0.02296906222,0.01365579173,
464248344,-0.02173600155,0.02053936188,
464448363,-0.01936696385,0.02679887962,
464648383,-0.01476350343,0.03096003808,
464848403,-0.00955997729,0.03311262908,
465048423,-0.005463634175,0.03278646863,
465248442,-0.002287610761,0.03168905546,
465448462,-0.0001635133422,0.03012126383,
465648482,0.0004886946074,0.02778837691,
465848502,3.868477441e-05,0.02673229816,
466048521,-0.0007057437663,0.02652855351,
466248541,-0.001350907556,0.02772031798,
466448561,-0.0006883516204,0.02945097442,
466648581,0.0009303912465,0.03094084753,
466848600,0.003966292794,0.03160173222,
467048620,0.007276018598,0.0302862072,
467248640,0.0102646667,0.02752354459,
467448660,0.01152030597,0.02286611026,
467648679,0.01116965302,0.01842974864,
467848699,0.008281750896,0.01373745237,
468048719,0.00407436603,0.01038952685,
468248739,-0.001581491153,0.009364362716,
468448758,-0.007136778852,0.01037344011,
468648778,-0.01215531738,0.01375116549,
468848798,-0.01538706578,0.01883024112,
469048818,-0.01665014046,0.02493871843,
469248837,-0.01529173623,0.03017651059,
469448857,-0.01244146847,0.03351836871,
469648877,-0.008185210427,0.03594054515,
469848897,-0.004393491959,0.0355305974,
470048916,-0.001822028498,0.03372720193,
470248936,-0.001220181746,0.03070157352,
470448956,-0.002675992966,0.02862706429,
470648976,-0.005791307312,0.02734461258,
470848995,-0.009396472266,0.02846583123,
471049015,-0.01323866008,0.0314362361,
471249035,-0.01521681344,0.03625199679,
471449055,-0.01556183044,0.0417462617,
471649074,-0.01369550836,0.0475275298,
471849094,-0.01000948073,0.05225562884,
472049114,-0.004699473867,0.05517397121,
472249134,0.0002800991043,0.05642409912,
472449153,0.005038508535,0.05538012657,
472649173,0.009079610646,0.05392678781,
472849193,0.01093359703,0.05222505486,
473049213,0.01139821624,0.05055739793,
473249232,0.01096810086,0.05076425398,
473449252,0.01090436785,0.05202975051,
473649272,0.01245240952,0.05448174291,
473849292,0.01562694426,0.05735492712,
474049311,0.02026585856,0.05977162123,
474249331,0.02723646463,0.06049290413,
474449351,0.0349246302,0.05927624627,
474649371,0.04171884505,0.05511870716,
474849390,0.04758317038,0.04854843709,
475049410,0.05119818234,0.04036553657,
475249430,0.05229202487,0.03141169058,
475449450,0.04998081894,0.02284780099,
475649469,0.04582887747,0.015668328,
475849489,0.03903762333,0.01140883269,
476049509,0.03293551561,0.009877096304,
476249529,0.02753899146,0.01075236864,
476449548,0.02430833887,0.01355891166,
476649568,0.02318161845,0.0166377475,
476849588,0.02405782196,0.0194110083,
477049608,0.02628254794,0.02052190679,
477249627,0.02865708326,0.01981937155,
477449647,0.03015996017,0.01683657503,
477649667,0.03041959178,0.01305253108,
477849687,0.02842657324,0.009083579287,
478049706,0.02466423383,0.006211656002,
478249726,0.01951373075,0.005206000145,
478449746,0.01449686765,0.007195233294,
478649766,0.01050970865,0.01085744942,
478849785,0.008320836696,0.01611358095,
479049805,0.009414827042,0.0222753658,
479249825,0.0126884608,0.02761317667,
479449845,0.0177793484,0.03070544744,
479649864,0.02346705046,0.03154531348,
479849884,0.029127412,0.02980063705,
480049904,0.03417656006,0.02595308368,
480249924,0.03726419839,0.02101321227,
480449944,0.03792314276,0.01457344958,
480649963,0.03673631215,0.009609051855,
480849983,0.03319508638,0.005552771967,
481050003,0.02964632971,0.003670262528,
481250023,0.02655380217,0.003662393124,
481450042,0.02473129344,0.005196112637,
481650062,0.02473156991,0.006705381808,
481850082,0.02584833133,0.007445402557,
482050102,0.02792397582,0.006969001889,
482250121,0.03041109766,0.004986786423,
482450141,0.03165543415,0.001156890631,
482650161,0.03101603296,-0.003893634475,
482850181,0.02835333257,-0.008653456748,
483050200,0.02380826869,-0.01307603959,
483250220,0.01780325195,-0.01496787461,
483450240,0.01103235674,-0.0147487169,
483650260,0.005364598489,-0.01184801019,
483850279,0.0008138129385,-0.007464345427,
484050299,-0.001322776887,-0.001898743996,
484250319,-0.001152334852,0.004365714469,
484450339,0.001510094503,0.009303312283,
484650358,0.005757520772,0.01261746512,
484850378,0.01015470187,0.01323454612,
485050398,0.01450118729,0.01221343304,
485250418,0.01711827077,0.00883563209,
485450437,0.01774594604,0.004953688131,
485650457,0.016859532,0.001703235551,
485850477,0.0144742564,-0.0002061755053,
486050497,0.01175221686,-0.0008590971154,
486250516,0.009338174292,4.988942456e-05,
486450536,0.007697215188,0.00195071056,
486650556,0.007442300285,0.004132196517,
486850576,0.008942457446,0.00646013547,
487050595,0.01118410563,0.007308865146,
487250615,0.01381464576,0.006473981305,
487450635,0.01616458276,0.004293106987,
487650655,0.01682654372,0.001155671193,
487850674,0.01612101533,-0.002682105234,
488050694,0.01349090825,-0.005728845922,
488250714,0.01021815488,-0.007774097027,
488450734,0.006021008416,-0.008231071564,
488650753,0.002066079174,-0.006933197012,
488850773,-0.0005939118642,-0.003738157881,
489050793,-0.001493308073,-0.0004610716737,
489250813,-0.0007385593213,0.002975055453,
489450832,0.001586392267,0.005346881456,
489650852,0.004533508522,0.006382578541,
489850872,0.007720317608,0.005699088503,
490050892,0.01016854235,0.003323846817,
490250911,0.01017017564,-0.0002664370755,
490450931,0.009268337479,-0.003783354595,
490650951,0.006241845303,-0.006632710195,
490850971,0.002356735008,-0.007844056195,
491050990,-0.001833238897,-0.006832576193,
491251010,-0.004821854411,-0.004424611191,
491451030,-0.006179018816,-0.0005144315025,
491651050,-0.005535516098,0.003347125564,
491851069,-0.00304077319,0.006253065733,
492051089,0.0006157595563,0.00734854496,
492251109,0.004183958865,0.006481385266,
492451129,0.006662368486,0.003721769446,
492651148,0.007794132694,-0.0006408753952,
492851168,0.006812115228,-0.00513946868,
493051188,0.003705630824,-0.00884993926,
493251208,-0.00139950793,-0.01100387499,
493451227,-0.006725483362,-0.01121600732,
493651247,-0.01211601736,-0.008973000732,
493851267,-0.01537087099,-0.00438651132,
494051287,-0.01781666892,0.001624890547,
494251306,-0.01676639833,0.006394452043,
494451326,-0.01375129529,0.01073388058,
494651346,-0.009460890776,0.01326006597,
494851366,-0.004688211867,0.0140799902,
495051385,-0.0001587624959,0.01245565367,
495251405,0.002742560429,0.009076967521,
495451425,0.004055243716,0.004411094414,
495651445,0.003071067496,-0.0001239918287,
495851464,0.0002362264704,-0.003463262412,
496051484,-0.003530707902,-0.005430613962,
496251504,-0.007508142949,-0.005609162159,
496451524,-0.01047649188,-0.004105867366,
496651543,-0.01253152349,-0.001653684171,
496851563,-0.01332003056,0.0007444013192,
497051583,-0.01281047171,0.002367355445,
497251603,-0.01199987497,0.00324695722,
497451622,-0.01092186715,0.002821451312,
497651642,-0.01074001608,0.001070824475,
497851662,-0.0117125927,-0.0009673925962,
498051682,-0.0149397142,-0.002531100701,
498251701,-0.01900917431,-0.002162002893,
498451721,-0.02304792361,-0.001623477013,
498651741,-0.02742290432,0.0006695897302,
498851761,-0.03034721752,0.00627375686,
499051780,-0.03173040007,0.01164481865,
499251800,-0.03079258134,0.01771774285,
499451820,-0.02781397668,0.0224314768,
499651840,-0.02411271204,0.02560885804,
499851859,-0.01929368006,0.02667799313,
500051879,-0.01538991885,0.02648599517,
500251899,-0.01246164305,0.02450819362,
500451919,-0.01093420407,0.0215311912,
500651938,-0.0111284131,0.01932741508,
500851958,-0.0126014998,0.01736247756,
501051978,-0.01511108348,0.01675093921,
501251998,-0.01735220866,0.01844643953,
501452017,-0.01897902652,0.02070903603,
501652037,-0.0187995451,0.02384926732,
501852057,-0.01794936665,0.02685574456,
502052077,-0.01546463241,0.02850125659,
502252096,-0.01303552928,0.0295825592,
502452116,-0.01044021958,0.02868382721,
502652136,-0.008605391375,0.02704592011,
502852156,-0.008338340054,0.02524354101,
503052175,-0.008698541362,0.02405187093,
503252195,-0.01017188457,0.02339500104,
503452215,-0.01191637077,0.02432942074,
503652235,-0.01283843081,0.02622595755,
503852254,-0.01278943081,0.02880226397,
504052274,-0.0111904877,0.0314989194,
504252294,-0.008059394679,0.03302950721,
504452314,-0.004249687395,0.03355753686,
504652333,-2.128001942e-05,0.03206484913,
504852353,0.002678969116,0.02782655095,
505052373,0.004329173305,0.02318769341,
505252393,0.003010280667,0.01770430797,
505452412,-0.0002591429266,0.01278666304,
505652432,-0.005922734059,0.009986382612,
505852452,-0.01236004783,0.009823519859,
506052472,-0.0191867774,0.01197951994,
506252491,-0.02451663657,0.01721015665,
506452511,-0.02816742229,0.02364113296,
506652531,-0.02900389025,0.03107572019,
506852551,-0.02719523912,0.03780075407,
507052571,-0.02359726906,0.04360798814,
507252590,-0.01861863678,0.04712994924,
507452610,-0.01361471153,0.04837609222,
507652630,-0.009056957804,0.04821142974,
507852650,-0.005846780343,0.04654746551,
508052669,-0.004333977071,0.04511475034,
508252689,-0.003998646611,0.04382612348,
508452709,-0.00477868089,0.04430198168,
508652729,-0.005204419518,0.04681462604,
508852748,-0.004611964647,0.04990023476,
509052768,-0.002463436976,0.05389361566,
509252788,0.00216577472,0.05720192872,
509452808,0.007873568759,0.05971775617,
509652827,0.01502989119,0.05915685988,
509852847,0.02218369972,0.05666506912,
510052867,0.02795707885,0.05249488066,
510252887,0.03214327283,0.04545399341,
510452906,0.0339658001,0.03886828488,
510652926,0.03332767951,0.03259894375,
510852946,0.03124635013,0.02759348111,
511052966,0.02756196801,0.02428692883,
511252985,0.02408474019,0.02353744381,
511453005,0.02175535404,0.02427495343,
511653025,0.02113046829,0.02566333201,
511853045,0.0219500164,0.0270811381,
512053064,0.02448074619,0.02754105277,
512253084,0.02797798373,0.026029498,
512453104,0.0307879184,0.022919659,
512653124,0.03282814861,0.01761286426,
512853143,0.03204609749,0.01158936576,
513053163,0.02976304189,0.005209321145,
513253183,0.02513541787,-3.025853315e-05,
513453203,0.01864850744,-0.003066928594,
513653222,0.01111097117,-0.004232996722,
513853242,0.004858561591,-0.002025571147,
514053262,-0.0009711852599,0.001640615088,
514253282,-0.004162665059,0.007038554367,
514453301,-0.005478545255,0.01292323351,
514653321,-0.004713950908,0.01817511781,
514853341,-0.002546822782,0.02220824573,
515053361,-9.312333591e-05,0.02402476058,
515253380,0.002466455837,0.02518820547,
515453400,0.004592877925,0.02510598715,
515653420,0.005036781555,0.02451749332,
515853440,0.005351729514,0.02442021968,
516053459,0.004480114096,0.02552038857,
516253479,0.004795043238,0.02724304626,
516453499,0.005420572427,0.02970532679,
516653519,0.006960552384,0.03206271874,
516853538,0.009545088142,0.03447535819,
517053558,0.01362478791,0.03610632475,
517253578,0.01816561397,0.03612017319,
517453598,0.02280771689,0.03437751491,
517653617,0.02616054607,0.03168898968,
517853637,0.02878832324,0.02746762312,
518053657,0.02937314013,0.02349457387,
518253677,0.02879827993,0.01979536272,
518453696,0.02715596278,0.01664455481,
518653716,0.02546763294,0.01543753005,
518853736,0.02368770878,0.01565110665,
519053756,0.02302447166,0.01659628843,
519253775,0.02369590699,0.0171982676,
519453795,0.02572198467,0.01776106096,
519653815,0.02851208684,0.01683052871,
519853835,0.03099905238,0.01428820294,
520053854,0.0328292857,0.01039799005,
520253874,0.03349120534,0.005620888274,
520453894,0.03239350765,0.0002917744796,
520653914,0.02873502944,-0.004371817674,
520853933,0.0244340317,-0.007657186202,
521053953,0.01886052046,-0.0086010696,
521253973,0.01377011675,-0.007719749841,
521453993,0.01025671779,-0.0052842012,
521654012,0.008330814745,-0.001492207887,
521854032,0.007747608344,0.002049258475,
522054052,0.009237502484,0.004966548721,
522254072,0.01190049524,0.006521382559,
522454091,0.01478566169,0.006448354212,
522654111,0.01734491071,0.004995050667,
522854131,0.01853170959,0.00191655778,
523054151,0.01783377951,-0.0009324536364,
523254170,0.01563024474,-0.004003605604,
523454190,0.01290844255,-0.005366111856,
523654210,0.01042824442,-0.00529421737,
523854230,0.007895734429,-0.004050638654,
524054249,0.006267227559,-0.002122326089,
524254269,0.006457029196,-5.593613027e-05,
524454289,0.008452579403,0.00168824269,
524654309,0.01078695962,0.001722347675,
524854328,0.01349012184,0.0003852079105,
525054348,0.0150509131,-0.00298092313,
525254368,0.01518728153,-0.007245030083,
525454388,0.01332621271,-0.01135871579,
525654407,0.01012898074,-0.01526738636,
525854427,0.005851818857,-0.01807908845,
526054447,0.0001706922092,-0.01885018232,
526254467,-0.005644174146,-0.01795069574,
526454486,-0.01038495651,-0.01522552695,
526654506,-0.0133982131,-0.011413181,
526854526,-0.01489533695,-0.007215202328,
527054546,-0.01455454355,-0.003656614543,
527254565,-0.01357929072,-0.0009740413861,
527454585,-0.01252450137,6.099502577e-05,
527654605,-0.01155799645,0.0001241593485,
527854625,-0.01205387783,-0.0008506325356,
528054644,-0.01353399846,-0.001386111053,
528254664,-0.016415012,-0.0007516914407,
528454684,-0.02021876604,0.001041969971,
528654704,-0.02335608207,0.003699873623,
528854723,-0.02412038539,0.00877045838,
529054743,-0.02437975164,0.01425491204,
529254763,-0.02272269368,0.0197542777,
529454783,-0.01886619856,0.02387030078,
529654802,-0.01396602951,0.02635801793,
529854822,-0.008609377288,0.02732549711,
530054842,-0.00376625882,0.02601589473,
530254862,-3.955866481e-05,0.02238967538,
530454881,0.001299748691,0.01779614704,
530654901,0.0002557371576,0.0140136323,
530854921,-0.002276437314,0.01095452234,
531054941,-0.006454012551,0.009735535536,
531254960,-0.01061899292,0.01137558356,
531454980,-0.01434776155,0.01483577506,
531655000,-0.0163237629,0.02015386072,
531855020,-0.01562986745,0.02618079223,
532055039,-0.01283454157,0.03213614669,
532255059,-0.007568738559,0.03623471595,
532455079,-0.001039533181,0.03813148706,
532655099,0.006229986378,0.03798064144,
532855118,0.01246830625,0.0353123868,
533055138,0.01756630497,0.03091775945,
533255158,0.02053728108,0.02564379536,
533455178,0.02129378587,0.01994964223,
533655198,0.02078585445,0.01495390603,
533855217,0.0188219932,0.0105607598,
534055237,0.01689119611,0.00793695674,
534255257,0.01544897073,0.006763383972,
534455277,0.01378037315,0.005600424874,
534655296,0.01355965699,0.004412530205,
534855316,0.01308473554,0.002825451438,
535055336,0.01244751846,0.0002429513896,
535255356,0.01087958771,-0.002511487662,
535455375,0.008511901975,-0.005957488451,
535655395,0.004166152996,-0.008871330384,
535855415,-0.0008817954216,-0.01037328684,
536055435,-0.006937841794,-0.01031687922,
536255454,-0.01230010109,-0.008232135728,
536455474,-0.01744157837,-0.00323765112,
536655494,-0.02156687276,0.001945045888,
536855514,-0.02180073552,0.007947869995,
537055533,-0.02078598367,0.01434025784,
537255553,-0.01810403515,0.01912529022,
537455573,-0.01431423468,0.02278384094,
537655593,-0.009941582752,0.0248061081,
537855612,-0.005947455479,0.02448369563,
538055632,-0.002646232867,0.02327672737,
538255652,-0.0007161591921,0.0214262537,
538455672,0.0003265783867,0.01980416485,
538655691,-0.0001236852063,0.01865592711,
538855711,-0.0005040189234,0.01811661065,
539055731,-0.0007309064107,0.01856023354,
539255751,0.0001129602333,0.0196893107,
539455770,0.00158163648,0.02094075131,
539655790,0.003447283269,0.02113850812,
539855810,0.006085065466,0.02011057308,
540055830,0.008761164327,0.01848781314,
540255849,0.01018294403,0.01546592694,
540455869,0.01032124808,0.01173637903,
540655889,0.009358357291,0.008418259922,
540855909,0.006960307532,0.005693614398,
541055928,0.003557205505,0.004416292269,
541255948,3.465807442e-05,0.004717268923,
541455968,-0.002852751089,0.006627327745,
541655988,-0.004739154342,0.009405336213,
541856007,-0.00463426681,0.01276769187,
542056027,-0.003456302234,0.01549838235,
542256047,-0.0009202833187,0.01724500051,
542456067,0.002685965268,0.01764401855,
542656086,0.005691883926,0.01683581136,
542856106,0.007758441508,0.01349260073,
543056126,0.008958994652,0.009803574295,
543256146,0.008135986315,0.006246478688,
543456165,0.006672677702,0.003255112105,
543656185,0.003122442087,0.0009434391147,
543856205,-0.0008755756748,0.0001225085482,
544056225,-0.004641648746,0.001301273949,
544256244,-0.007598761843,0.003884467965,
544456264,-0.009153128425,0.006715987671,
544656284,-0.009136411189,0.01045194633,
544856304,-0.007888613473,0.01340126457,
545056323,-0.005772950555,0.014719155,
545256343,-0.00322780424,0.01556668661,
545456363,-0.00099394084,0.01503897072,
545656383,-0.000261037515,0.01371567042,
545856402,0.0004607549673,0.01252230561,
546056422,0.0001219860062,0.01144830907,
546256442,-0.001101796795,0.01069931962,
546456462,-0.00211173112,0.01116312789,
546656481,-0.002187958607,0.01231669308,
546856501,-0.001684186427,0.01318146889,
547056521,-0.0003131728683,0.01417542784,
547256541,0.001556167289,0.01421972186,
547456560,0.00365053704,0.01300122397,
547656580,0.00555327426,0.01121832265,
547856600,0.006112324028,0.007962681554,
548056620,0.005284648959,0.004673484274,
548256639,0.003560076779,0.001873625493,
548456659,0.00044138967,-0.0001621871315,
548656679,-0.003062253227,-0.0006367624819,
548856699,-0.006208752133,0.0001691082885,
549056718,-0.008422792461,0.002296503356,
549256738,-0.01006591308,0.005349540564,
549456758,-0.009605413869,0.008390615102,
549656778,-0.0081269805,0.01033777719,
549856797,-0.005812680972,0.01131058226,
550056817,-0.003500286437,0.01072028439,
550256837,-0.002004294997,0.009160596669,
550456857,-0.001480815147,0.006481406964,
550656876,-0.002435518538,0.003761957885,
550856896,-0.004375148943,0.001432178081,
551056916,-0.00788551979,0.0004335124301,
551256936,-0.01162661218,0.0005418012211,
551456955,-0.0143801231,0.002984824057,
551656975,-0.0165659318,0.006058857905,
551856995,-0.01719444771,0.009874619969,
552057015,-0.01611095859,0.01397557635,
552257034,-0.01364041323,0.01617124398,
552457054,-0.01007037356,0.01778130461,
552657074,-0.006829822442,0.01735595461,
552857094,-0.00433295509,0.01532541882,
553057113,-0.002824712591,0.01243012614,
553257133,-0.00295843995,0.009302422127,
553457153,-0.004575266497,0.006845547955,
553657173,-0.007006191915,0.005138789693,
553857192,-0.01014356095,0.004839895583,
554057212,-0.01251345118,0.006280869821,
554257232,-0.01400137789,0.008418018675,
554457252,-0.0142311379,0.01128342628,
554657271,-0.01303549891,0.01379890049,
554857291,-0.01080234106,0.01503199233,
555057311,-0.008374246316,0.01523772069,
555257331,-0.005249295901,0.01394295994,
555457350,-0.003356148143,0.01100954556,
555657370,-0.003063953339,0.007646883775,
555857390,-0.003833773327,0.003783503326,
556057410,-0.006182737518,0.0004893597181,
556257429,-0.01002967291,-0.002084693664,
556457449,-0.01440922241,-0.00334733257,
556657469,-0.01910163557,-0.002250227347,
556857489,-0.02342583399,-0.0008526418273,
557057508,-0.02650471839,0.001012235956,
557257528,-0.02795413177,0.003829940698,
557457548,-0.02889708781,0.00684372022,
557657568,-0.02923469176,0.009293206726,
557857587,-0.03032040606,0.01113780424,
558057607,-0.0311185781,0.01281734554,
558257627,-0.03257897041,0.01446758547,
558457647,-0.03446472258,0.01653689761,
558657666,-0.03522528885,0.01924998825,
558857686,-0.03681752871,0.02283512986,
559057706,-0.03673778178,0.02714179614,
559257726,-0.03632454892,0.03176879354,
559457745,-0.03366301651,0.03576597214,
559657765,-0.0304507583,0.03901896032,
559857785,-0.02566792835,0.04149482454,
560057805,-0.02172957847,0.04246416268,
560257825,-0.01746750826,0.04211522793,
560457844,-0.01397520762,0.04029568699,
560657864,-0.01152792354,0.03801317047,
560857884,-0.01057662618,0.03526609192,
561057904,-0.01070066166,0.03377563147,
561257923,-0.01169399866,0.03223961226,
561457943,-0.01290276539,0.0322781459,
561657963,-0.01393327632,0.03288936736,
561857983,-0.01429964452,0.03440745063,
562058002,-0.01365030013,0.03640622135,
562258022,-0.01219102775,0.037755104,
562458042,-0.01049245597,0.03810143372,
562658062,-0.008511296205,0.03849691611,
562858081,-0.006902440569,0.03801331609,
563058101,-0.005732862418,0.0373242763,
563258121,-0.005396111288,0.03560951387,
563458141,-0.005460978204,0.0347991922,
563658160,-0.006015042997,0.03527851619,
563858180,-0.0068279102,0.03607733336,
564058200,-0.006813356955,0.03739571878,
564258220,-0.005980188669,0.03942088905,
564458239,-0.003620904337,0.04146605445,
564658259,-0.0004503352381,0.04263525566,
564858279,0.003890027148,0.04299584551,
565058299,0.007450867896,0.04147886885,
565258318,0.0113613429,0.03854029294,
565458338,0.01384497181,0.03478947973,
565658358,0.01495868149,0.02995666944,
565858378,0.01469530914,0.02546507963,
566058397,0.01301756393,0.02169246939,
566258417,0.01043186255,0.01879043763,
566458437,0.007730829986,0.01742556737,
566658457,0.005459816398,0.01747472288,
566858476,0.00363351163,0.01752082791,
567058496,0.002678921458,0.01814557885,
567258516,0.002460206816,0.01869621094,
567458536,0.002984482515,0.01836979583,
567658555,0.003512313853,0.01794982074,
567858575,0.003279664329,0.01598422103,
568058595,0.002588092153,0.01383163361,
568258615,0.0007810684182,0.01168482828,
568458634,-0.001814046639,0.01048694858,
568658654,-0.004934287257,0.01035142595,
568858674,-0.008182676433,0.01109456937,
569058694,-0.01097416994,0.01274730942,
569258713,-0.01273140326,0.01560782256,
569458733,-0.01316476726,0.01828899482,
569658753,-0.01298189375,0.02055874987,
569858773,-0.01159180384,0.02232701602,
570058792,-0.01038773935,0.02326218091,
570258812,-0.009196270246,0.02333859486,
570458832,-0.008768024083,0.02189300633,
570658852,-0.009169545898,0.02100171794,
570858871,-0.01108127568,0.02011272958,
571058891,-0.01320773406,0.02018819482,
571258911,-0.01569534752,0.02179990044,
571458931,-0.01837685727,0.02477540361,
571658950,-0.01963804695,0.0286193845,
571858970,-0.01913352683,0.03247607929,
572058990,-0.01740784296,0.03727835772,
572259010,-0.0141272997,0.04098506459,
572459029,-0.009610724568,0.04367230185,
572659049,-0.004421625424,0.04476818194,
572859069,0.0006049748859,0.04341160417,
573059089,0.005258588638,0.04170978404,
573259108,0.008882935886,0.03858610349,
573459128,0.01123105706,0.03443854032,
573659148,0.01217512488,0.03080951631,
573859168,0.01229004496,0.02679099375,
574059187,0.01156275998,0.02418956982,
574259207,0.01100690942,0.02206096689,
574459227,0.01079738808,0.02001239233,
574659247,0.0102729008,0.0178373334,
574859266,0.01037473604,0.01580928223,
575059286,0.01037036954,0.01336015675,
575259306,0.009330005466,0.01008666345,
575459326,0.007626613227,0.00642571524,
575659345,0.004838989521,0.003007520282,
575859365,0.001259642627,0.0001776848591,
576059385,-0.00347450015,-0.001362373913,
576259405,-0.008543016528,-0.002014061357,
576459424,-0.01359087134,-0.001020213066,
576659444,-0.01822834827,0.001351654485,
576859464,-0.02147501266,0.004461617644,
577059484,-0.02348276605,0.008347498015,
577259503,-0.02460931248,0.01126457221,
577459523,-0.02403671155,0.0140181528,
577659543,-0.02361773992,0.01593726148,
577859563,-0.0231313479,0.01670721624,
578059582,-0.02342112603,0.01666236388,
578259602,-0.02402876783,0.01620224264,
578459622,-0.025930777,0.01572637395,
578659642,-0.02872095201,0.01672104709,
578859661,-0.03169235948,0.0181775069,
579059681,-0.03426447104,0.02059730257,
579259701,-0.03632288879,0.02372443934,
579459721,-0.0383434123,0.0281270149,
579659740,-0.03776650954,0.03226753053,
579859760,-0.03677667698,0.03633784575,
580059780,-0.03505919381,0.03968757173,
580259800,-0.03341807186,0.04219856477,
580459819,-0.0312335655,0.04347876754,
580659839,-0.02917314948,0.04442923983,
580859859,-0.02772469729,0.04520654068,
581059879,-0.02714695719,0.04604766769,
581259898,-0.02620232313,0.04698420073,
581459918,-0.02576874954,0.04797348567,
581659938,-0.02414794827,0.04950919934,
581859958,-0.02287376631,0.05122529943,
582059977,-0.0211179024,0.05194631995,
582259997,-0.01859428168,0.05217166971,
582460017,-0.01645676423,0.05207992859,
582660037,-0.0145603303,0.05128254525,
582860056,-0.01301397647,0.04981858645,
583060076,-0.01328624466,0.04760412043,
583260096,-0.01431769497,0.04633847285,
583460116,-0.01643285847,0.04542877334,
583660135,-0.01862496008,0.04608204842,
583860155,-0.02130226281,0.04743240307,
584060175,-0.02334915314,0.05057735713,
584260195,-0.0243662237,0.05448354589,
584460214,-0.02393037335,0.05873326509,
584660234,-0.02209458641,0.06300877751,
584860254,-0.01909871694,0.06656640507,
585060274,-0.01516492482,0.0694764008,
585260293,-0.01066466311,0.07048748324,
585460313,-0.007002203183,0.07029533582,
585660333,-0.003205754848,0.06868027303,
585860353,-0.001024748815,0.06725525255,
586060372,0.0003760402844,0.06598462471,
586260392,0.001380711883,0.06532771979,
586460412,0.001363817628,0.06450348812,
586660432,0.002519044474,0.06551531686,
586860452,0.003190836713,0.06640553643,
587060471,0.005123899156,0.06826460576,
587260491,0.007890852595,0.06870783106,
587460511,0.01140442573,0.0688473666,
587660531,0.01521074524,0.06779293492,
587860550,0.01867066352,0.06589690043,
588060570,0.02168600375,0.06279592908,
588260590,0.02312699679,0.05954680471,
588460610,0.02358386564,0.05636161242,
588660629,0.02295742957,0.05315666513,
588860649,0.02239297856,0.05083016393,
589060669,0.02099663233,0.05029530558,
589260689,0.01985805797,0.04981898072,
589460708,0.01930467816,0.04952786778,
589660728,0.01994783261,0.05013507152,
589860748,0.02109919985,0.05011355437,
590060768,0.02248285192,0.04945710923,
590260787,0.02395311573,0.04802091897,
590460807,0.02600075543,0.04567172879,
590660827,0.02612066331,0.04298167453,
590860847,0.02534856653,0.03956585145,
591060866,0.02417184259,0.03717869508,
591260886,0.02190970853,0.03536315418,
591460906,0.01941291442,0.03471942175,
591660926,0.01681705255,0.03467168179,
591860945,0.01530051021,0.03544606068,
592060965,0.01449666403,0.03677849772,
592260985,0.01478687576,0.03828540212,
592461005,0.01523627953,0.03851153997,
592661024,0.01617748064,0.03836473693,
592861044,0.01650941926,0.03727548729,
593061064,0.01663652198,0.0362000887,
593261084,0.01554406442,0.03422693345,
593461103,0.01366535357,0.03277701694,
593661123,0.01055902241,0.03201539408,
593861143,0.007624398043,0.03246266809,
594061163,0.0042031411,0.03443154847,
594261182,0.001623199585,0.03760759876,
594461202,9.64922444e-05,0.04163382253,
594661222,0.0003622434952,0.04617155474,
594861242,0.001965555912,0.05066141161,
595061261,0.004474293276,0.05360808575,
595261281,0.008452524996,0.05607139491,
595461301,0.01243784421,0.05696645298,
595661321,0.01589939413,0.05630590117,
595861340,0.01927411249,0.05467730032,
596061360,0.02109311516,0.05302065048,
596261380,0.02217480279,0.0510025682,
596461400,0.02209565486,0.04913076478,
596661419,0.02219060584,0.04801674596,
596861439,0.02159333305,0.04767864444,
597061459,0.02122278714,0.04821483522,
597261479,0.02166836755,0.04881640606,
597461498,0.02315570287,0.04919491602,
597661518,0.0245812347,0.04985476106,
597861538,0.02662564826,0.04905059026,
598061558,0.02780898523,0.04849825306,
598261577,0.0287411074,0.046714249,
598461597,0.02974508188,0.04539382991,
598661617,0.02966771063,0.0436169352,
598861637,0.02911991731,0.04299402959,
599061656,0.02883123499,0.04266784697,
599261676,0.02814172131,0.0424102935,
599461696,0.02813663827,0.04323392825,
599661716,0.02886317836,0.0441163873,
599861735,0.03049564387,0.04509844446,
600061755,0.03227762742,0.04489255308,
600261775,0.03421499115,0.04406772008,
600461795,0.03674597258,0.04315068201,
600661814,0.03844642612,0.0408182377,
600861834,0.039515105,0.03887945245,
601061854,0.04010481597,0.03647089166,
601261874,0.04052975226,0.03384091853,
601461893,0.03969326629,0.03174875801,
601661913,0.03837046064,0.02979130576,
601861933,0.03789145185,0.02936216835,
602061953,0.0372915621,0.02847877957,
602261972,0.0367109372,0.02759356538,
602461992,0.03704329403,0.02711121435,
602662012,0.03713153695,0.0264424055,
602862032,0.03741636059,0.02448449248,
603062051,0.03732411689,0.02307974342,
603262071,0.03697504701,0.02110986796,
603462091,0.03618665785,0.01879137944,
603662111,0.03502031022,0.01733667653,
603862130,0.03299214174,0.01603358124,
604062150,0.03172003412,0.01531923066,
604262170,0.03048946006,0.01479592929,
604462190,0.02901596438,0.01453793308,
604662209,0.02769554966,0.01421007372,
604862229,0.02688980893,0.01357010236,
605062249,0.02594025497,0.01298539556,
605262269,0.02400143237,0.01200669333,
605462288,0.02245267972,0.01105838119,
605662308,0.01955292291,0.01074009779,
605862328,0.01659293379,0.01084761525,
606062348,0.01305976641,0.01151006618,
606262367,0.0101220167,0.01425437975,
606462387,0.007537920138,0.01771379399,
606662407,0.005780843764,0.02186026378,
606862427,0.005671816595,0.02704989264,
607062446,0.007025329924,0.03146309771,
607262466,0.009666667626,0.03548776821,
607462486,0.0134550705,0.03867361329,
607662506,0.01791441621,0.04010025431,
607862525,0.02238073311,0.03970858314,
608062545,0.02602264365,0.03833935132,
608262565,0.02904515495,0.03614047674,
608462585,0.03078048343,0.03326746917,
608662604,0.03174823728,0.03047933519,
608862624,0.03221075046,0.02844288151,
609062644,0.03130693963,0.02647446442,
609262664,0.0309107591,0.02530481172,
609462683,0.03087059768,0.02490430544,
609662703,0.03097885133,0.02407430217,
609862723,0.03163966557,0.02367844611,
610062743,0.03244842351,0.02253010452,
610262762,0.03352742219,0.02103929196,
610462782,0.03458222795,0.01883913451,
610662802,0.03395165288,0.01614762425,
610862822,0.03317028907,0.01272670158,
611062841,0.0318402699,0.01066696325,
611262861,0.0292501589,0.007965340578,
611462881,0.02611503176,0.007262427885,
611662901,0.02321279746,0.007054207722,
611862920,0.02022117298,0.007399507584,
612062940,0.01807593599,0.008400517372,
612262960,0.01665133693,0.01012190566,
612462980,0.01602044502,0.01124091262,
612662999,0.01553263965,0.01226720721,
612863019,0.01509574155,0.01328366943,
613063039,0.01477460361,0.01368035299,
613263059,0.01388692588,0.01311789269,
613463079,0.01292215169,0.01344411227,
613663098,0.01060960233,0.01346005233,
613863118,0.009141880423,0.01542808684,
614063138,0.006999446342,0.01700279427,
614263158,0.005896110478,0.01941246936,
614463177,0.005216459093,0.02299260179,
614663197,0.00524369397,0.02645979938,
614863217,0.006795700266,0.02981095513,
615063237,0.00923943903,0.03311375042,
615263256,0.01136729825,0.0348825401,
615463276,0.01476973407,0.03618061042,
615663296,0.01750076653,0.03690804907,
615863316,0.01987346208,0.03619212804,
616063335,0.02154310738,0.03538469051,
616263355,0.02337794769,0.03483940431,
616463375,0.02521816773,0.03508917499,
616663395,0.02636400368,0.03519410756,
616863414,0.02853261616,0.03599609777,
617063434,0.03050759524,0.03629322185,
617263454,0.03405975921,0.03626651996,
617463474,0.03757250989,0.03521205021,
617663493,0.04159314022,0.0330955679,
617863513,0.04531726087,0.03020715152,
618063533,0.0485982313,0.02620647474,
618263553,0.05064916907,0.02094115225,
618463572,0.05173401318,0.01533058296,
618663592,0.05182987968,0.009500437543,
618863612,0.0497390688,0.00416511786,
619063632,0.04685777324,-0.0007546015504,
619263651,0.04306767923,-0.004487793622,
619463671,0.03958421037,-0.006778985186,
619663691,0.03567927314,-0.008577906273,
619863711,0.03231360254,-0.00903735989,
620063730,0.0292180639,-0.009772090733,
620263750,0.02713089455,-0.00966375378,
620463770,0.02512744502,-0.01002492796,
620663790,0.02347290828,-0.01021416634,
620863809,0.02196486543,-0.01115912498,
621063829,0.01950104543,-0.01218706472,
621263849,0.01712634567,-0.0128396902,
621463869,0.01544836226,-0.01332632401,
621663888,0.01253225654,-0.01364444517,
621863908,0.009315007958,-0.01355754336,
622063928,0.006721540056,-0.01283184219,
622263948,0.004745842371,-0.01215924144,
622463967,0.002122852346,-0.01126295276,
622663987,-0.000236100991,-0.010413027,
622864007,-0.002573553538,-0.009645457248,
623064027,-0.004994181257,-0.008113827486,
623264046,-0.007211793262,-0.006557754212,
623464066,-0.01000427174,-0.004587786288,
623664086,-0.01223158629,-0.001720171259,
623864106,-0.01423076045,0.0013622945,
624064125,-0.01585433043,0.004820643618,
624264145,-0.01626881769,0.009058764283,
624464165,-0.01547070288,0.01369690632,
624664185,-0.01393113133,0.01709896029,
624864204,-0.01147750581,0.01972675469,
625064224,-0.008296588147,0.02224599466,
625264244,-0.005163728666,0.02228466438,
625464264,-0.00232214836,0.02158185712,
625664283,-0.0002045916832,0.02021836661,
625864303,0.0009737319337,0.01767200699,
626064323,0.001266184409,0.01511837118,
626264343,0.0002848753701,0.01309997307,
626464362,-0.001673756743,0.01105721371,
626664382,-0.004086879958,0.01086416149,
626864402,-0.006611191895,0.01070360541,
627064422,-0.009917784243,0.01090045319,
627264441,-0.01193863721,0.012418431,
627464461,-0.01363082545,0.01467134406,
627664481,-0.01543551092,0.01657153298,
627864501,-0.01682931531,0.0183625045,
628064520,-0.0183139308,0.0201758362,
628264540,-0.01984256048,0.02196811472,
628464560,-0.02128692883,0.02410742109,
628664580,-0.02290141732,0.02666275379,
628864599,-0.02475299388,0.03066622592,
629064619,-0.02604445893,0.03479637703,
629264639,-0.02644362433,0.03905021966,
629464659,-0.02681208824,0.04498953715,
629664678,-0.02509753572,0.05012168453,
629864698,-0.02194961623,0.05553675997,
630064718,-0.01896334198,0.05942761465,
630264738,-0.01344346575,0.06262957908,
630464757,-0.008931066115,0.06551692894,
630664777,-0.004124107355,0.06669247476,
630864797,0.000483272057,0.06670255592,
631064817,0.005150225444,0.06722787996,
631264836,0.008022160984,0.06676806886,
631464856,0.01174295947,0.06651087869,
631664876,0.01420308542,0.06607103947,
631864896,0.01748416301,0.06640817425,
632064915,0.02086742719,0.06646663432,
632264935,0.02540323884,0.06638680329,
632464955,0.0301480488,0.0658216943,
632664975,0.03465485297,0.06482118874,
632864994,0.04026603566,0.06246925184,
633065014,0.04506207606,0.05909158086,
633265034,0.04915370558,0.05476040246,
633465054,0.05290578257,0.04937833377,
633665073,0.05518973853,0.04415258513,
633865093,0.05674619022,0.03868649142,
634065113,0.05724483148,0.03169686429,
634265133,0.0565562999,0.02659584988,
634465152,0.0559248957,0.02111387377,
634665172,0.05412636303,0.01629637246,
634865192,0.05187825588,0.01139375285,
635065212,0.0497691173,0.006718838695,
635265231,0.04696903749,0.002465589677,
635465251,0.04332709711,-0.001658113928,
635665271,0.03945143793,-0.005334620944,
635865291,0.0342302241,-0.009122878453,
636065310,0.0281748736,-0.01176466269,
636265330,0.02172003173,-0.01321570074,
636465350,0.01456041664,-0.01307849956,
636665370,0.008260242719,-0.0110984927,
636865389,0.002742651959,-0.007907692601,
637065409,-0.002105134061,-0.003838494072,
637265429,-0.005557027501,0.001475794813,
637465449,-0.007665587136,0.00712353026,
637665468,-0.008699306427,0.01256225046,
637865488,-0.00824085704,0.01738220202,
638065508,-0.006858839569,0.02113599312,
638265528,-0.005046419041,0.02409665684,
638465547,-0.002888726451,0.02674047391,
638665567,-0.001821222468,0.02865379021,
638865587,-0.0003957759354,0.02983041756,
639065607,0.001180147498,0.03153509565,
639265626,0.003045869601,0.03279813069,
639465646,0.004129555625,0.03381361914,
639665666,0.006248425622,0.03517113218,
639865686,0.00897344155,0.03590538129,
640065706,0.01187464447,0.03636737305,
640265725,0.01402988119,0.03547571673,
640465745,0.01629392972,0.03395077544,
640665765,0.01822370728,0.03201352766,
640865785,0.0190906419,0.02889519234,
641065804,0.01939796064,0.02621889448,
641265824,0.01855527244,0.02362738976,
641465844,0.01681292289,0.02157356647,
641665864,0.01414358518,0.02003468873,
641865883,0.01170100865,0.0201300639,
642065903,0.009401477565,0.02084471405,
642265923,0.007613741878,0.02230152621,
642465943,0.006657986614,0.02422882339,
642665962,0.005761814581,0.02621715163,
642865982,0.006168762509,0.02770680516,
643066002,0.006905423747,0.02938260796,
643266022,0.007779634213,0.03070208558,
643466041,0.008709084475,0.03059248766,
643666061,0.009696993692,0.03078059125,
643866081,0.01001471283,0.03039206082,
644066101,0.01058266627,0.03005420334,
644266120,0.009844618344,0.02977697279,
644466140,0.0101077325,0.0295427684,
644666160,0.009879828762,0.02987240106,
644866180,0.009659566583,0.02970941682,
645066199,0.009380077983,0.03016234969,
645266219,0.008701921818,0.02997977753,
645466239,0.00841901344,0.03005573557,
645666259,0.007700189455,0.03047872175,
645866278,0.006594354647,0.03096784377,
646066298,0.005068504901,0.0315238736,
646266318,0.003953620585,0.03281066545,
646466338,0.002420322656,0.03493862738,
646666357,0.00196054793,0.03791010788,
646866377,0.002068317537,0.0408328866,
647066397,0.002728115213,0.04468413717,
647266417,0.004463345962,0.04750151576,
647466436,0.00740408774,0.05078873121,
647666456,0.01132931921,0.05247648479,
647866476,0.01536734367,0.05343335499,
648066496,0.01896920318,0.05279498443,
648266515,0.02277101273,0.05205479966,
648466535,0.0257025034,0.05027813934,
648666555,0.02771084232,0.04735655306,
648866575,0.02853338173,0.04444327555,
649066594,0.02895082779,0.0429890234,
649266614,0.0286205648,0.04120519154,
649466634,0.02827305314,0.04036524979,
649666654,0.0283265107,0.03989497328,
649866673,0.0284472714,0.03977835044,
650066693,0.02908924089,0.04000372266,
650266713,0.03036096154,0.04001716111,
650466733,0.03215736373,0.03967505189,
650666752,0.03333599987,0.03889553858,
650866772,0.03438200702,0.0370140907,
651066792,0.03547279067,0.03469894698,
651266812,0.03570476563,0.03273782279,
651466831,0.03539674724,0.03050427739,
651666851,0.034792739,0.02881593857,
651866871,0.03407192073,0.02782804842,
652066891,0.03349009114,0.02681515648,
652266910,0.03238519846,0.0265460273,
652466930,0.03160558376,0.02585579237,
652666950,0.03121235239,0.02519841247,
652866970,0.03105535842,0.02510921267,
653066989,0.03052283697,0.02406975899,
653267009,0.03023838047,0.02359198886,
653467029,0.02984562275,0.02299237336,
653667049,0.02856643659,0.02165087703,
653867068,0.02767971538,0.02214236376,
654067088,0.02668108371,0.02198509434,
654267108,0.02517817586,0.02202310126,
654467128,0.02448832641,0.02283143669,
654667147,0.02423274123,0.02414708821,
654867167,0.0246662218,0.02493587694,
655067187,0.02513786034,0.02550401846,
655267207,0.02629911062,0.02565163865,
655467226,0.02752965819,0.0252611263,
655667246,0.02837532906,0.02423283989,
655867266,0.02920515921,0.02226820584,
656067286,0.02856654339,0.02051766009,
656267305,0.02734948585,0.0185479111,
656467325,0.02625832777,0.01820847563,
656667345,0.02407643837,0.01722731551,
656867365,0.02234474418,0.01767522518,
657067384,0.0203746277,0.0185997877,
657267404,0.01952308489,0.02004361794,
657467424,0.0193316604,0.02195845636,
657667444,0.01924992806,0.02278410199,
657867463,0.02012119067,0.02382209981,
658067483,0.02133681495,0.02397001105,
658267503,0.02216998294,0.02355665724,
658467523,0.02202474155,0.02236988186,
658667542,0.02210656824,0.02148481827,
658867562,0.02166025722,0.02067501694,
659067582,0.02018778217,0.02009305898,
659267602,0.01874293984,0.0199033385,
659467621,0.01733554518,0.02092916198,
659667641,0.01559170827,0.02166380533,
659867661,0.01508180865,0.02355639566,
660067681,0.01516226861,0.02532306286,
660267700,0.01564049412,0.02743457787,
660467720,0.0167587381,0.02817529522,
660667740,0.01733572122,0.02888818214,
660867760,0.01848838847,0.0287361377,
661067779,0.01985406802,0.02871049219,
661267799,0.0201618808,0.02845617954,
661467819,0.01984257707,0.02774042177,
661667839,0.01977383873,0.02759205698,
661867858,0.01931741943,0.02765597942,
662067878,0.01894556851,0.02765524097,
662267898,0.0192308279,0.02859371244,
662467918,0.01960176255,0.02898399597,
662667937,0.02055353648,0.02985946465,
662867957,0.02151655758,0.02981355357,
663067977,0.02247358733,0.02965382167,
663267997,0.02352691147,0.0286939171,
663468016,0.02376460783,0.02723333395,
663668036,0.02378286967,0.02629151632,
663868056,0.02340529254,0.02508470105,
664068076,0.02225754546,0.0237368095,
664268095,0.02126576322,0.02387122362,
664468115,0.01962699495,0.02349591371,
664668135,0.01851439515,0.02444910406,
664868155,0.01736052771,0.02510255819,
665068174,0.01693838119,0.02595658065,
665268194,0.01712762929,0.0265445747,
665468214,0.01739402156,0.02759503817,
665668234,0.01834498361,0.02792240061,
665868253,0.01892018479,0.02807195408,
666068273,0.01840560907,0.02696722966,
666268293,0.01842686054,0.02685702686,
666468313,0.01745944888,0.02659832381,
666668333,0.01613523749,0.02622296446,
666868353,0.01518986093,0.02650508778,
667068372,0.01331392199,0.02705194639,
667268392,0.01221866588,0.02861887125,
667468412,0.01152835699,0.03024841949,
667668432,0.01143590754,0.03200202914,
667868451,0.01143531998,0.03365082494,
668068471,0.01212034579,0.03527164985,
668268491,0.01292880665,0.03641101446,
668468511,0.01384074697,0.03720670261,
668668530,0.01418808736,0.03731580674,
668868550,0.01448700778,0.03756862163,
669068570,0.01435833664,0.03841310037,
669268590,0.01431824564,0.03887399317,
669468609,0.01408756708,0.0398865506,
669668629,0.01386506773,0.04076669904,
669868649,0.0141198456,0.04227976527,
670068669,0.01478535951,0.04401334554,
670268688,0.01591919283,0.04563217618,
670468708,0.01676020306,0.04660050271,
670668728,0.01808981749,0.04746157574,
670868748,0.0194925167,0.04764801302,
671068767,0.02072291691,0.04836015897,
671268787,0.02103547915,0.04863949397,
671468807,0.02142647544,0.04932040269,
671668827,0.02208691959,0.05034241293,
671868846,0.02196513228,0.05111965817,
672068866,0.02322264458,0.053349871,
672268886,0.02457661024,0.055650685,
672468906,0.0267204035,0.05733659739,
672668925,0.02933601303,0.05886290801,
672868945,0.03234187024,0.06010490881,
673068965,0.03663492244,0.06145692794,
673268985,0.04067481735,0.06078268393,
673469004,0.04470861026,0.05962970064,
673669024,0.04828584932,0.05759113275,
673869044,0.05083116058,0.05467325194,
674069064,0.05291135649,0.05194790975,
674269083,0.05452817266,0.04927629052,
674469103,0.0551522777,0.04688323732,
674669123,0.05582811409,0.04469094735,
674869143,0.05677097812,0.04277207777,
675069162,0.05765333922,0.04043380851,
675269182,0.05880445449,0.03887541146,
675469202,0.05948117491,0.03652709906,
675669222,0.06009883163,0.03351139795,
675869241,0.06051601896,0.030481914,
676069261,0.05986696919,0.02701195808,
676269281,0.05928367173,0.02420658623,
676469301,0.0573279549,0.02089939126,
676669320,0.05462455964,0.01828424205,
676869340,0.05154965378,0.01627578637,
677069360,0.04892230998,0.01595390617,
677269380,0.04613527656,0.01551868543,
677469399,0.04332425583,0.01591168326,
677669419,0.04122984409,0.01658807804,
677869439,0.03960686242,0.01842321131,
678069459,0.03884849437,0.01959156386,
678269478,0.03828941581,0.02137354555,
678469498,0.03815097055,0.02190144079,
678669518,0.03833090436,0.02291853335,
678869538,0.03819062238,0.02377570732,
679069557,0.03804476916,0.02423476018,
679269577,0.03811280861,0.02514321664,
679469597,0.03805587314,0.0256911578,
679669617,0.03834586978,0.02689742697,
679869636,0.03899313697,0.02839831384,
680069656,0.0401077327,0.02953348639,
680269676,0.04150409668,0.03039433132,
680469696,0.04312521258,0.03061232804,
680669715,0.04580954395,0.03041575424,
680869735,0.04722293848,0.02957788039,
681069755,0.04923968594,0.02788974451,
681269775,0.05054064256,0.02602865715,
681469794,0.05119626307,0.02414150625,
681669814,0.0511650646,0.02217750107,
681869834,0.05105030624,0.02037800967,
682069854,0.05031221712,0.0192731891,
682269873,0.04946914781,0.0178236962,
682469893,0.04885371964,0.01723396438,
682669913,0.04813428753,0.01668645113,
682869933,0.04784864636,0.01615355914,
683069952,0.04748485209,0.01564832545,
683269972,0.04750391921,0.01455632922,
683469992,0.04766156755,0.01369685031,
683670012,0.04694417909,0.0121510198,
683870031,0.04604673687,0.01068359027,
684070051,0.04468321422,0.009550354921,
684270071,0.04321677099,0.008632767526,
684470091,0.04060160175,0.00820216439,
684670110,0.03857653557,0.007790585828,
684870130,0.03671019813,0.00882372873,
685070150,0.03503345215,0.01013538714,
685270170,0.03405646533,0.0121850694,
685470189,0.03358009602,0.01411594554,
685670209,0.03337755852,0.01540084401,
685870229,0.03372192658,0.01662595976,
686070249,0.03452610566,0.01780837555,
686270268,0.03566707811,0.01875277626,
686470288,0.03628142067,0.0189305768,
686670308,0.03725451209,0.01890188761,
686870328,0.03778054227,0.01892222883,
687070347,0.03813520082,0.01866513104,
687270367,0.03899752506,0.01894502814,
687470387,0.03923673979,0.01859616553,
687670407,0.04007100292,0.01859788065,
687870426,0.04099024374,0.01830327268,
688070446,0.0419300274,0.01798622791,
688270466,0.0421219226,0.01721144821,
688470486,0.04270142036,0.01552835047,
688670505,0.04309452765,0.01451912059,
688870525,0.04255407522,0.01310947723,
689070545,0.04126786838,0.01170510261,
689270565,0.04019780521,0.01089724788,
689470584,0.03897574393,0.01081659081,
689670604,0.0374325761,0.01080462744,
689870624,0.0364556541,0.01160159938,
690070644,0.03578818655,0.012224679,
690270663,0.03549627373,0.01305000584,
690470683,0.03614524325,0.01412533134,
690670703,0.03643562607,0.01432543291,
690870723,0.03733815977,0.01410909752,
691070742,0.0378422415,0.01335888877,
691270762,0.03783207607,0.01204392439,
691470782,0.03802234288,0.01118143034,
691670802,0.03715997471,0.009683751521,
691870821,0.0358801526,0.009172128257,
692070841,0.03429578346,0.008803200948,
692270861,0.03247345499,0.008602930636,
692470881,0.03094174793,0.00915565673,
692670900,0.02952049002,0.009982982025,
692870920,0.02853418975,0.01121913143,
693070940,0.02837291844,0.01276609818,
693270960,0.02811851107,0.01372055533,
693470979,0.02745209462,0.01431458505,
693670999,0.02730524909,0.01477673378,
693871019,0.027135607,0.01589028834,
694071039,0.02620648645,0.01604092413,
694271059,0.02555773722,0.01684882854,
694471078,0.02479354926,0.01804478914,
694671098,0.02387113098,0.01968343914,
694871118,0.02360556617,0.02207654321,
695071138,0.02329342896,0.02444126349,
695271157,0.0236719586,0.02671063089,
695471177,0.02470044331,0.0294050036,
695671197,0.02658295076,0.03120031869,
695871217,0.02862480446,0.03277038951,
696071236,0.03093618554,0.03363172292,
696271256,0.03318799303,0.03452959424,
696471276,0.03501547803,0.03432378541,
696671296,0.03659455145,0.03466727219,
696871315,0.03823211899,0.03444304178,
697071335,0.03944781728,0.03391224227,
697271355,0.04079186696,0.03400628927,
697471375,0.04235427709,0.03383387301,
697671394,0.04376723953,0.03336060944,
697871414,0.04578617703,0.03338520226,
698071434,0.04726533192,0.03250321418,
698271454,0.04876334371,0.03125496146,
698471473,0.04992418696,0.03002853704,
698671493,0.05095174227,0.02837986643,
698871513,0.05137911149,0.0265875419,
699071533,0.05141524773,0.02513811444,
699271552,0.05070808213,0.0237227546,
699471572,0.05027533346,0.02268458794,
699671592,0.0490998371,0.02257770775,
699871612,0.04811886443,0.02257071886,
700071631,0.04790669891,0.02325314945,
700271651,0.04768029859,0.02370836146,
700471671,0.04804520641,0.02502318432,
700671691,0.04942894806,0.02568833748,
700871710,0.05050923976,0.02602425038,
701071730,0.05210373227,0.02548203052,
701271750,0.05295451946,0.02507457775,
701471770,0.05385445667,0.02442648736,
701671789,0.05453335537,0.02363140228,
701871809,0.05504189369,0.02208493203,
702071829,0.0542403307,0.02183543458,
702271849,0.05390356169,0.02160281276,
702471868,0.05406092598,0.02251041029,
702671888,0.05398435586,0.02220287805,
702871908,0.05441442034,0.02325961985,
703071928,0.05583264346,0.02348735703,
703271947,0.05705829026,0.02403745394,
703471967,0.05858169602,0.02412461591,
703671987,0.060433822,0.02405633224,
703872007,0.0619113607,0.0238114765,
704072026,0.06310537189,0.02280378228,
704272046,0.06421669116,0.02203577178,
704472066,0.06527918243,0.02101222503,
704672086,0.06714813678,0.02088949608,
704872105,0.06819142101,0.02028126108,
705072125,0.07004682876,0.01921181183,
705272145,0.0718221372,0.01846174686,
705472165,0.07373013422,0.01692614177,
705672184,0.07557727772,0.01501377257,
705872204,0.07795738017,0.01311333564,
706072224,0.0799491311,0.01051243959,
706272244,0.08134237542,0.007107631107,
706472263,0.08168310491,0.002692645323,
706672283,0.08151843602,-0.0009150919011,
706872303,0.08057005643,-0.004832667071,
707072323,0.07936038741,-0.007806988877,
707272342,0.07744128803,-0.01043651915,
707472362,0.07568967354,-0.01271256485,
707672382,0.07346783457,-0.01438888863,
707872402,0.07182256029,-0.01563443747,
708072421,0.07054698868,-0.0167138502,
708272441,0.06910817761,-0.01765591415,
708472461,0.06719508419,-0.01902116292,
708672481,0.0664728601,-0.01988412105,
708872500,0.06497935959,-0.02151833457,
709072520,0.06326753158,-0.02314023428,
709272540,0.06123971935,-0.02386095361,
709472560,0.05910087787,-0.02486748384,
709672579,0.05690530262,-0.02505384986,
709872599,0.05474342823,-0.02449056971,
710072619,0.05260404852,-0.02418251634,
710272639,0.05061682804,-0.02326475116,
710472658,0.049511823,-0.0221900168,
710672678,0.04850654038,-0.02131403581,
710872698,0.04872385712,-0.02007172196,
711072718,0.04833122479,-0.01950677387,
711272737,0.04809240902,-0.01901004427,
711472757,0.04797040891,-0.01892087155,
711672777,0.04790766995,-0.01831220326,
711872797,0.04775599141,-0.01801019594,
712072816,0.04776370899,-0.01782771082,
712272836,0.0480117269,-0.01752581996,
712472856,0.04843965054,-0.01725376968,
712672876,0.04928496399,-0.01676746897,
712872895,0.05061417718,-0.01651446668,
713072915,0.05184164677,-0.01690469728,
713272935,0.0531849965,-0.01836253109,
713472955,0.05409046116,-0.01917572775,
713672974,0.05532699462,-0.02142670586,
713872994,0.05593530664,-0.0237860029,
714073014,0.0559056467,-0.02719689686,
714273034,0.05500540248,-0.03011812907,
714473053,0.05358405035,-0.03272437205,
714673073,0.05182748214,-0.0349152251,
714873093,0.04975729302,-0.03751982622,
715073113,0.04715566411,-0.03889862605,
715273132,0.04445493469,-0.03985453812,
715473152,0.04193676929,-0.0409800785,
715673172,0.03939256979,-0.04123847649,
715873192,0.03676533302,-0.04120808471,
716073211,0.03440458486,-0.04113567329,
716273231,0.03244417627,-0.04142241274,
716473251,0.03015634307,-0.04099522514,
716673271,0.02770586888,-0.04063113681,
716873290,0.02644471472,-0.03972866281,
717073310,0.02394521689,-0.03916335147,
717273330,0.02198667819,-0.03766642153,
717473350,0.02006245863,-0.03671085101,
717673369,0.01896734716,-0.03468286549,
717873389,0.01847883225,-0.03277536728,
718073409,0.01793161058,-0.03154415736,
718273429,0.01813524101,-0.03024691796,
718473448,0.01859841192,-0.02905798474,
718673468,0.01923866265,-0.02847122735,
718873488,0.01930285791,-0.0287538763,
719073508,0.01942948342,-0.0291064352,
719273527,0.0194157991,-0.02993204131,
719473547,0.01830919463,-0.0306996761,
719673567,0.0170500389,-0.03168746051,
719873587,0.01609379535,-0.03194957864,
720073606,0.01448289285,-0.03252767553,
720273626,0.01273638901,-0.03248581706,
720473646,0.01095359384,-0.03210825977,
720673666,0.009553596969,-0.03254708155,
720873686,0.008197627546,-0.03143253376,
721073705,0.006425683497,-0.03157758245,
721273725,0.004205665561,-0.03144769274,
721473745,0.002611523268,-0.03061829331,
721673765,-0.0003356030094,-0.03019545482,
721873784,-0.002807514531,-0.02870783505,
722073804,-0.005553418117,-0.02715297258,
722273824,-0.007660222535,-0.02486096509,
722473844,-0.009997967714,-0.02181740985,
722673863,-0.01141561266,-0.0184122813,
722873883,-0.01227411719,-0.01466350541,
723073903,-0.01236701863,-0.01091737492,
723273923,-0.01219647086,-0.006924534147,
723473942,-0.01083457899,-0.003894558989,
723673962,-0.009265364083,-0.0008959076914,
723873982,-0.007578614783,0.001590558013,
724074002,-0.005961649948,0.003179937669,
724274021,-0.003987680766,0.004631722236,
724474041,-0.00277620182,0.005785142841,
724674061,-0.001626931955,0.006400753826,
724874081,-0.000470678294,0.007652897627,
725074100,0.0006501862524,0.008995630297,
725274120,0.001871524617,0.01014016348,
725474140,0.003319992342,0.01067390916,
725674160,0.004715385671,0.0122400621,
725874179,0.006628523667,0.01304097371,
726074199,0.008271947499,0.01334375682,
726274219,0.00977155724,0.01336134387,
726474239,0.01129366741,0.01309027805,
726674258,0.01268310478,0.01231998759,
726874278,0.01369313019,0.01191000503,
727074298,0.01402950439,0.01130931191,
727274318,0.0148542117,0.01125080771,
727474337,0.01556462084,0.01133880286,
727674357,0.01569175473,0.01096493646,
727874377,0.01590272702,0.0109895673,
728074397,0.01728364539,0.01145815698,
728274416,0.01769823607,0.01159315727,
728474436,0.01858661502,0.01135485661,
728674456,0.01966045868,0.01106037564,
728874476,0.02034180673,0.01071516823,
729074495,0.02101456813,0.01002143731,
729274515,0.02122769493,0.009234146579,
729474535,0.02137028017,0.008338776476,
729674555,0.02106314377,0.007951351453,
729874574,0.02099908833,0.007446888571,
730074594,0.02051371558,0.007554805882,
730274614,0.02039120893,0.007399345912,
730474634,0.02050682625,0.008129080549,
730674653,0.02055846342,0.008373333476,
730874673,0.02116104348,0.008716280776,
731074693,0.02095944533,0.00870952363,
731274713,0.02118322674,0.009095854414,
731474732,0.02142952293,0.008776362885,
731674752,0.02171181454,0.009300898121,
731874772,0.02166657194,0.009043861988,
732074792,0.02162073246,0.009406276967,
732274811,0.02215289547,0.0101153053,
732474831,0.02263417165,0.01086332326,
732674851,0.0230301282,0.011098996,
732874871,0.02368321673,0.01174784629,
733074890,0.02498867422,0.01218946509,
733274910,0.02593723981,0.01177890925,
733474930,0.02736285611,0.01228334533,
733674950,0.02842887351,0.01132335336,
733874969,0.02902977624,0.01047162944,
734074989,0.02950056561,0.009805790441,
734275009,0.02991349029,0.008913675709,
734475029,0.02998267325,0.008189448366,
734675048,0.02989147856,0.008237397586,
734875068,0.03006581049,0.008627288611,
735075088,0.03038528354,0.00825321082,
735275108,0.03145776152,0.008992292932,
735475127,0.03232541929,0.008570173477,
735675147,0.03385116298,0.008621874984,
735875167,0.03578238298,0.00798198298,
736075187,0.03713538341,0.006520851995,
736275206,0.03874362496,0.004991003071,
736475226,0.03981207785,0.002593873744,
736675246,0.03976160644,-0.0002375427737,
736875266,0.03947415344,-0.003260762276,
737075285,0.03803127145,-0.005895068554,
737275305,0.03640620301,-0.007905402497,
737475325,0.03415635427,-0.009402430426,
737675345,0.03188708211,-0.01008961473,
737875364,0.02987496127,-0.0102706774,
738075384,0.02789750203,-0.009897617486,
738275404,0.02631349562,-0.009405428384,
738475424,0.02550591503,-0.007996054025,
738675443,0.0248202439,-0.007172246347,
738875463,0.02443488522,-0.006655556286,
739075483,0.0242434538,-0.00622182233,
739275503,0.0237339838,-0.006038401367,
739475522,0.02339466024,-0.005554548311,
739675542,0.02315361278,-0.004979031807,
739875562,0.02294246185,-0.005132529917,
740075582,0.0222949306,-0.004926437665,
740275601,0.02230497494,-0.003896647801,
740475621,0.02234631346,-0.003907582605,
740675641,0.02194700237,-0.003139126218,
740875661,0.0220935832,-0.003301335734,
741075680,0.02179872504,-0.003421242579,
741275700,0.02186372457,-0.002733389697,
741475720,0.02135514228,-0.003089789893,
741675740,0.02078670973,-0.002466435783,
741875759,0.01988199761,-0.002485181419,
742075779,0.01989468255,-0.001255186475,
742275799,0.01926194455,-0.0008013920271,
742475819,0.01922383564,0.001317725042,
742675838,0.01916042233,0.002242091185,
742875858,0.02039518008,0.004489344288,
743075878,0.02162659808,0.005874433404,
743275898,0.02306083285,0.005931295166,
743475917,0.02533167773,0.006787771038,
743675937,0.02713358527,0.006030652249,
743875957,0.02899916967,0.00588139057,
744075977,0.03041617948,0.003658585852,
744275996,0.03101432215,0.002125136805,
744476016,0.03165574855,0.0005829997589,
744676036,0.03155915904,-0.001714899761,
744876056,0.03083311753,-0.002964832491,
745076075,0.02946272428,-0.004077386077,
745276095,0.02837996975,-0.005085157108,
745476115,0.0274688833,-0.00497148309,
745676135,0.02650884857,-0.004901740311,
745876154,0.02594869197,-0.004399982861,
746076174,0.02491174566,-0.004224306994,
746276194,0.02482023002,-0.003585338897,
746476214,0.02489669901,-0.003365170974,
746676233,0.0250481449,-0.00248898924,
746876253,0.02464237963,-0.002424986372,
747076273,0.02505618729,-0.001839196053,
747276293,0.02473935995,-0.001161367948,
747476313,0.0254875559,-0.0006908067494,
747676332,0.02582864688,0.0002523523681,
747876352,0.02646565318,0.0002708924298,
748076372,0.0278465471,0.0009241853179,
748276392,0.02947841875,0.001446728451,
748476411,0.03083112629,0.001157363041,
748676431,0.03222558431,0.0002333079745,
748876451,0.03283003669,-0.001971663293,
749076471,0.03407702022,-0.003546056093,
749276490,0.03444214289,-0.005783929687,
749476510,0.03436607798,-0.007480660121,
749676530,0.03402634094,-0.009015808438,
749876550,0.03303088076,-0.01099264746,
750076569,0.03153722177,-0.01234597899,
750276589,0.03029644174,-0.01290742295,
750476609,0.02956290643,-0.01292574223,
750676629,0.02817008902,-0.01332701625,
750876648,0.02721694901,-0.0133762097,
751076668,0.02690335359,-0.01348926142,
751276688,0.02632185614,-0.0137737307,
751476708,0.02627220545,-0.01430474342,
751676727,0.02538299138,-0.01499846685,
751876747,0.02522899624,-0.01489106564,
752076767,0.02434907894,-0.01579216529,
752276787,0.02301949861,-0.01650083128,
752476806,0.02120432482,-0.01667860003,
752676826,0.02042842977,-0.01645658401,
752876846,0.01934578748,-0.01569876109,
753076866,0.0186652793,-0.01503873022,
753276885,0.01763294331,-0.01443927708,
753476905,0.01728451189,-0.01409277395,
753676925,0.01748616686,-0.01357772357,
753876945,0.01691470748,-0.01296858221,
754076964,0.01638042061,-0.01366324013,
754276984,0.01668885788,-0.01374027747,
754477004,0.01655508194,-0.01338621699,
754677024,0.01529781299,-0.01401357107,
754877043,0.01480136403,-0.0132216579,
755077063,0.01367643914,-0.01335541176,
755277083,0.01247148259,-0.01291007528,
755477103,0.011988889,-0.01168269449,
755677122,0.01217300214,-0.01035507125,
755877142,0.01136987805,-0.01010215699,
756077162,0.01204788225,-0.008579346949,
756277182,0.01245308801,-0.008035721897,
756477201,0.01259295477,-0.007865510895,
756677221,0.01264394848,-0.007823016244,
756877241,0.01326582393,-0.007236180909,
757077261,0.01317006144,-0.007550108723,
757277280,0.01296689356,-0.007203731888,
757477300,0.01302563229,-0.006986776554,
757677320,0.01312616362,-0.006982006853,
757877340,0.01329973323,-0.006599864334,
758077359,0.01353536682,-0.006257855609,
758277379,0.01381108274,-0.006315114844,
758477399,0.01416575262,-0.005905688075,
758677419,0.01479808944,-0.005786569419,
758877438,0.01483010156,-0.006640527896,
759077458,0.01504049105,-0.007449271385,
759277478,0.01494204399,-0.008004158134,
759477498,0.01410844045,-0.008605443929,
759677517,0.0138150194,-0.008757264096,
759877537,0.01298468794,-0.009047067567,
760077557,0.011997301,-0.009022396476,
760277577,0.01098408061,-0.008847096948,
760477596,0.01027651522,-0.007943766727,
760677616,0.01003809314,-0.007259247579,
760877636,0.01033149912,-0.006414962617,
761077656,0.01035122065,-0.00579056115,
761277675,0.01023815431,-0.00546196694,
761477695,0.01038171497,-0.005637104782,
761677715,0.01069957155,-0.005298565139,
761877735,0.01050949618,-0.004996465148,
762077754,0.01049331245,-0.005438940466,
762277774,0.01046206611,-0.004709881621,
762477794,0.01047357766,-0.004551817077,
762677814,0.01020285651,-0.004301064407,
762877833,0.01010274888,-0.004305928934,
763077853,0.01012753954,-0.003357284779,
763277873,0.01052453864,-0.00295602498,
763477893,0.01099539245,-0.00325516277,
763677912,0.01190609279,-0.002772566496,
763877932,0.01224135115,-0.002908183439,
764077952,0.01245447919,-0.004094625921,
764277972,0.01236948506,-0.005070332666,
764477991,0.01194476649,-0.005385724495,
764678011,0.01138074217,-0.005733987185,
764878031,0.01067161728,-0.00661143066,
765078051,0.009649534858,-0.006315721236,
765278070,0.008845859126,-0.006668216026,
765478090,0.008109402676,-0.005818960703,
765678110,0.007981158179,-0.004956166272,
765878130,0.008097848628,-0.003750476695,
766078149,0.008095823064,-0.003953854609,
766278169,0.008371170918,-0.003677308309,
766478189,0.008150783897,-0.003975284142,
766678209,0.008361975934,-0.004186253198,
766878228,0.007921414681,-0.004683404727,
767078248,0.007420868879,-0.005001804144,
767278268,0.006836614998,-0.00535689603,
767478288,0.005900625402,-0.005276032509,
767678307,0.005286752681,-0.004578879515,
767878327,0.003949680227,-0.004666278472,
768078347,0.003043117586,-0.003929064581,
768278367,0.002530025806,-0.003382212724,
768478386,0.002308725961,-0.001530457471,
768678406,0.001966249113,-0.001281374992,
768878426,0.001738812129,-0.0002175708405,
769078446,0.001476645365,0.0008019667389,
769278465,0.001559142146,0.001373519834,
769478485,0.00103500817,0.001426616873,
769678505,0.001211441553,0.002405801623,
769878525,0.001079602551,0.003345306113,
770078544,0.001012596487,0.004592692965,
770278564,0.0005687939991,0.005290729358,
770478584,0.0007926838896,0.006682333231,
770678604,0.001246526754,0.008080971859,
770878623,0.001339540544,0.008428801349,
771078643,0.002545771199,0.009808218533,
771278663,0.00322610811,0.01029691841,
771478683,0.003937844435,0.01061834632,
771678702,0.004950523743,0.01087811583,
771878722,0.005017620558,0.01089565847,
772078742,0.005715956372,0.0113729883,
772278762,0.005730650328,0.01096064799,
772478781,0.00608265545,0.01121296943,
772678801,0.00623252565,0.01175760851,
772878821,0.006106746428,0.01245267413,
773078841,0.006993409537,0.01346259518,
773278860,0.007402027952,0.013996261,
773478880,0.007875508513,0.01469322773,
773678900,0.008883441517,0.01540321159,
773878920,0.01029445746,0.01573626937,
774078940,0.01126867763,0.01596516725,
774278959,0.01220105405,0.01594373796,
774478979,0.01333653976,0.01627465176,
774678999,0.01433480178,0.01591931891,
774879019,0.01511240525,0.01554963955,
775079038,0.01627392093,0.0160907303,
775279058,0.01691523011,0.01565125298,
775479078,0.01804495064,0.01592453574,
775679098,0.01912550957,0.01547343856,
775879117,0.02071734712,0.01472234712,
776079137,0.02184740906,0.01385287052,
776279157,0.02295270259,0.01296702335,
776479177,0.0244536146,0.01150909133,
776679196,0.02536569895,0.009846508359,
776879216,0.02587020196,0.007943864758,
777079236,0.0257771971,0.006223126331,
777279256,0.0259576553,0.004365619843,
777479275,0.02523642505,0.002187914774,
777679295,0.02462892907,0.0009516091529,
777879315,0.02403315647,0.0004140636251,
778079335,0.02300604301,-0.001249159105,
778279354,0.02199339494,-0.001893987525,
778479374,0.02084237252,-0.003096185608,
778679394,0.02003838489,-0.00309269875,
778879414,0.01864762426,-0.004377075426,
779079433,0.01805788784,-0.004195161882,
779279453,0.01699353631,-0.005063918998,
779479473,0.01568872148,-0.004885687901,
779679493,0.01517078091,-0.004662250529,
779879512,0.01370627116,-0.004964509835,
780079532,0.0127160862,-0.004580130599,
780279552,0.01241616365,-0.004106839602,
780479572,0.01163778301,-0.003654569566,
780679591,0.01140633226,-0.003725109917,
780879611,0.01134886888,-0.00303793902,
781079631,0.01123913112,-0.003408797626,
781279651,0.01102151793,-0.003430957897,
781479670,0.01086048692,-0.003479722743,
781679690,0.01029476975,-0.004574927329,
781879710,0.0096707974,-0.004756747326,
782079730,0.008855552122,-0.004839690866,
782279749,0.007572727637,-0.005109105002,
782479769,0.006191818481,-0.005060222984,
782679789,0.005013579921,-0.004566858633,
782879809,0.003988306988,-0.004014280669,
783079828,0.002616534328,-0.003191581877,
783279848,0.001825945836,-0.002219107458,
783479868,0.001421560005,-0.00117782305,
783679888,0.0008262962107,-0.0001530277217,
783879907,0.0006055143203,0.0009904773443,
784079927,0.0001647997345,0.001088999095,
784279947,0.0001858319043,0.002518093725,
784479967,-0.0004992163516,0.003111193786,
784679986,-0.001357582335,0.003557179636,
784880006,-0.0013673375,0.005046238173,
785080026,-0.002120645183,0.0055919662,
785280046,-0.001765026146,0.007206364778,
785480065,-0.001800879238,0.008364794316,
785680085,-0.001954450912,0.009361436408,
785880105,-0.001294096371,0.0112753332,
786080125,-0.0005140170188,0.01208498431,
786280144,0.0003140206161,0.01250176235,
786480164,0.0015960502,0.01332679238,
786680184,0.002472679786,0.01366040204,
786880204,0.00303859737,0.01358410158,
787080223,0.00345456942,0.01312296047,
787280243,0.003125445919,0.01248426884,
787480263,0.003044164795,0.01247989699,
787680283,0.002762791652,0.01207309679,
787880302,0.002673712979,0.01304015057,
788080322,0.001865334747,0.013612429,
788280342,0.001760387143,0.01400592869,
788480362,0.001407587189,0.01474551498,
788680381,0.001477885942,0.01599828378,
788880401,0.001353750706,0.01672228614,
789080421,0.001715221286,0.01790050336,
789280441,0.002359870961,0.01825026036,
789480460,0.002542130462,0.01904787825,
789680480,0.003098284597,0.01974414951,
789880500,0.00345672106,0.02042906088,
790080520,0.003968726456,0.02131997279,
790280539,0.004231271508,0.02210464433,
790480559,0.004875088175,0.02281133906,
790680579,0.005917130531,0.02372938593,
790880599,0.006680120509,0.02442168461,
791080618,0.008055234319,0.02484907672,
791280638,0.008914461764,0.02543966507,
791480658,0.00996543997,0.02539157048,
791680678,0.01109172643,0.02503042338,
791880697,0.01252152688,0.02540511335,
792080717,0.01318543686,0.02495347938,
792280737,0.01405886317,0.02460489473,
792480757,0.0147527727,0.02456580328,
792680776,0.01561571873,0.02459328984,
792880796,0.01641009632,0.0240831043,
793080816,0.01696159269,0.02411338522,
793280836,0.0181952011,0.0237846778,
793480855,0.019139591,0.02335025135,
793680875,0.01995002986,0.02272706549,
793880895,0.02089040191,0.02194557381,
794080915,0.02167445235,0.02093606309,
794280934,0.02230036969,0.01970261191,
794480954,0.02245644815,0.01812699543,
794680974,0.02251550143,0.01738263891,
794880994,0.02217889518,0.01600689924,
795081013,0.02195035526,0.01525937642,
795281033,0.0210252608,0.01405690707,
795481053,0.0202667114,0.01413721778,
795681073,0.01963879105,0.01376352328,
795881092,0.01939391488,0.01335600129,
796081112,0.0189583002,0.0137389763,
796281132,0.01887473562,0.01385130479,
796481152,0.01888885777,0.0141350491,
796681171,0.01860231466,0.01329859348,
796881191,0.01867739293,0.01334929667,
797081211,0.01853410376,0.01344360791,
797281231,0.0180097013,0.01292798991,
797481250,0.01769133688,0.01300199594,
797681270,0.01709768038,0.01332646275,
797881290,0.01655707126,0.0135793292,
798081310,0.01640229446,0.01459383742,
798281329,0.01630427297,0.01474932668,
798481349,0.01673115919,0.01583916676,
798681369,0.01691510107,0.01610871336,
798881389,0.01733020755,0.01662716753,
799081408,0.01797193018,0.01690139482,
799281428,0.01846005357,0.01698164449,
799481448,0.01900181541,0.01689035727,
799681468,0.01934878991,0.01664586658,
799881487,0.01986192994,0.01629511266,
800081507,0.02022565752,0.01622037665,
800281527,0.02033260038,0.01680286937,
800481547,0.02058330216,0.01637970655,
800681567,0.02053341906,0.01608713386,
800881586,0.02142615914,0.01651603906,
801081606,0.02200956427,0.01629584261,
801281626,0.02265612476,0.0159449617,
801481646,0.02341018379,0.01564430259,
801681665,0.02413046891,0.0146378448,
801881685,0.02450606559,0.01403352542,
802081705,0.02505035536,0.01373127335,
802281725,0.02494477743,0.01271353779,
802481744,0.02505645666,0.011995205,
802681764,0.02537191224,0.01146455797,
802881784,0.02487944365,0.01081651178,
803081804,0.02510663408,0.01038654667,
803281823,0.02507289319,0.01000760788,
803481843,0.02516868165,0.00995439601,
803681863,0.0250836808,0.008361135386,
803881883,0.02548409439,0.007790063244,
804081902,0.0254685743,0.007671197233,
804281922,0.02572282664,0.006486648824,
804481942,0.02576079645,0.005813655396,
804681962,0.02515299715,0.004479229413,
804881981,0.02481361342,0.003706766148,
805082001,0.02385214614,0.003073381336,
805282021,0.02303978566,0.002449228893,
805482041,0.02218791413,0.001479204981,
805682060,0.02169976917,0.00123279098,
805882080,0.02101240009,0.0008169629041,
806082100,0.02062626942,0.001085326177,
806282120,0.02027234237,0.0009168657884,
806482139,0.01977415865,0.0006526358134,
806682159,0.01963677761,-0.0002688565315,
806882179,0.01915434786,-0.0006300507374,
807082199,0.01850736437,-0.001022570456,
807282218,0.01758723319,-0.001675182895,
807482238,0.01666953958,-0.002486615602,
807682258,0.01568432794,-0.002303141896,
807882278,0.01459801991,-0.00282891407,
808082297,0.01370394343,-0.003039290951,
808282317,0.01230321244,-0.002907347715,
808482337,0.01170883063,-0.00273052754,
808682357,0.01095349872,-0.00253608257,
808882376,0.009949208117,-0.002743461768,
809082396,0.008595257004,-0.002640043581,
809282416,0.007832774514,-0.002915329769,
809482436,0.006494406038,-0.002608529773,
809682455,0.005408539215,-0.002253023488,
809882475,0.003768975424,-0.00238644938,
810082495,0.002203520853,-0.001622259501,
810282515,0.0008219727046,-0.0001758043002,
810482534,-0.0004815880626,0.000846746178,
810682554,-0.001488372939,0.003314630652,
810882574,-0.002613373,0.003802879902,
811082594,-0.003000973541,0.006036740493,
811282613,-0.003101492284,0.007036048647,
811482633,-0.002949472044,0.00900892507,
811682653,-0.00267212031,0.01076922935,
811882673,-0.002472817467,0.01121049323,
812082692,-0.002296975048,0.01269932539,
812282712,-0.002032378161,0.01308784774,
812482732,-0.00164121836,0.01406897755,
812682752,-0.001443449102,0.015162382,
812882771,-0.001213007404,0.01542838358,
813082791,-0.001012735891,0.01637517852,
813282811,-0.001068387861,0.01708968206,
813482831,-0.0006054974481,0.01797511243,
813682850,-0.0003968286878,0.01802116379,
813882870,4.439109251e-05,0.01922786899,
814082890,0.0003496072903,0.01925224231,
814282910,0.0005294286898,0.01901053596,
814482929,0.0007259126043,0.01995976115,
814682949,0.00075832693,0.01979573485,
814882969,0.0005771647405,0.02035121882,
815082989,0.0004100722875,0.02081794037,
815283008,0.0004448171028,0.02194246128,
815483028,0.0003713508829,0.0231212384,
815683048,0.000404947409,0.0242529068,
815883068,0.001013810163,0.02527037787,
816083087,0.001382383521,0.02685415572,
816283107,0.002309503741,0.02772552208,
816483127,0.003861842,0.02836790835,
816683147,0.004771212905,0.02803471759,
816883166,0.006205230842,0.02887112068,
817083186,0.006844555301,0.02871191913,
817283206,0.007657229881,0.02797368932,
817483226,0.008523805707,0.02766904431,
817683245,0.008417487128,0.02692044221,
817883265,0.008585835895,0.02677103193,
818083285,0.008999529515,0.02652895363,
818283305,0.008715803847,0.02591327096,
818483324,0.008633866643,0.02644140552,
818683344,0.008737059244,0.02569558276,
818883364,0.008877422371,0.02678546869,
819083384,0.008382251932,0.02613470177,
819283403,0.008425454415,0.02663877744,
819483423,0.008043358198,0.02667237383,
819683443,0.007433977499,0.02724486206,
819883463,0.007317852296,0.0276452265,
820083482,0.006800645182,0.02784150706,
820283502,0.00645545789,0.02840049796,
820483522,0.005878201438,0.02985828116,
820683542,0.005606219318,0.03093138452,
820883561,0.005584821089,0.0323148765,
821083581,0.00624299294,0.03378968619,
821283601,0.006694606047,0.03558960323,
821483621,0.007753115746,0.03673074612,
821683640,0.009187530295,0.03789830541,
821883660,0.01011828737,0.03884474491,
822083680,0.01184413054,0.03973059184,
822283700,0.01363850056,0.04064947245,
822483719,0.01490986328,0.04024859539,
822683739,0.01663510683,0.04045255353,
822883759,0.01826784278,0.04080922798,
823083779,0.02023277391,0.04084977551,
823283798,0.022157203,0.04042610275,
823483818,0.02360967229,0.03971596183,
823683838,0.02528596398,0.03882314922,
823883858,0.0268221035,0.03788454774,
824083877,0.02774095145,0.0369610747,
824283897,0.02906891171,0.03507733954,
824483917,0.02972023806,0.03319845561,
824683937,0.03001252248,0.03236860706,
824883956,0.02997785504,0.03022506285,
825083976,0.03014503339,0.02900385174,
825283996,0.02953561081,0.02737537526,
825484016,0.02872413272,0.02649383705,
825684035,0.028141773,0.02588671045,
825884055,0.02762883738,0.02502117123,
826084075,0.02668325068,0.02443835727,
826284095,0.02642522124,0.02402479,
826484114,0.02630051605,0.02379792411,
826684134,0.02551298599,0.02361276826,
826884154,0.02557913503,0.02377579835,
827084174,0.02462850656,0.02287460432,
827284194,0.02397919538,0.02248593119,
827484213,0.02330649459,0.0224318128,
827684233,0.02275243036,0.02228237157,
827884253,0.02184688253,0.02248972771,
828084273,0.02132811865,0.02290850002,
828284292,0.02064953077,0.02337586422,
828484312,0.01982442013,0.02418241919,
828684332,0.01947769136,0.02423654327,
828884352,0.01933851443,0.02592454254,
829084371,0.01869322116,0.02598205905,
829284391,0.01901254531,0.02657782468,
829484411,0.01896983016,0.02738936971,
829684431,0.01914103162,0.02840371245,
829884450,0.01938619791,0.02930037819,
830084470,0.01966570613,0.03053624792,
830284490,0.01947345669,0.03061635965,
830484510,0.02038982651,0.03184008438,
830684529,0.02098985786,0.03276227783,
830884549,0.02165218541,0.03343953774,
831084569,0.02285608594,0.03434821253,
831284589,0.02404944574,0.03472437731,
831484608,0.02544402145,0.03492016225,
831684628,0.02644618992,0.034896395,
831884648,0.02803139237,0.03552218664,
832084668,0.02918348084,0.03498084397,
832284687,0.03043380857,0.03461215559,
832484707,0.03133177822,0.03328020466,
832684727,0.03215471005,0.03346217634,
832884747,0.03298932495,0.03311471236,
833084766,0.03344153859,0.0317629259,
833284786,0.03428395301,0.03182895947,
833484806,0.0349626916,0.03118881831,
833684826,0.03562905465,0.03047532757,
833884845,0.03633395527,0.02981300337,
834084865,0.03750728063,0.02874346791,
834284885,0.03782330962,0.02742966726,
834484905,0.03844260123,0.02593389004,
834684924,0.03856529252,0.0247239187,
834884944,0.0383513736,0.02358919057,
835084964,0.03846949887,0.02229721281,
835284984,0.03785143966,0.02144934931,
835485003,0.03721073718,0.0207601871,
835685023,0.03684891133,0.02015191264,
835885043,0.03625157611,0.01943351269,
836085063,0.03587147455,0.01965859779,
836285082,0.03564720875,0.01942003686,
836485102,0.03574855349,0.0189410589,
836685122,0.03564155308,0.01854296805,
836885142,0.03591385179,0.01786979442,
837085161,0.03613329881,0.01791725869,
837285181,0.03558993626,0.0167535435,
837485201,0.03543813819,0.01583984736,
837685221,0.03559070277,0.01478634984,
837885240,0.03524829069,0.01483168038,
838085260,0.03466349561,0.0135813544,
838285280,0.03403712218,0.01318999557,
838485300,0.03357097529,0.01223154947,
838685319,0.03275347717,0.01215590314,
838885339,0.03201170459,0.0111247071,
839085359,0.03083396116,0.01054026603,
839285379,0.03020696189,0.01056860927,
839485398,0.02943298302,0.009589850899,
839685418,0.02820568467,0.009367857065,
839885438,0.02699565936,0.009248561448,
840085458,0.02604320131,0.009870943763,
840285477,0.02457598267,0.009884376294,
840485497,0.02313424896,0.01038243848,
840685517,0.02203793462,0.01068304266,
840885537,0.0211217665,0.01164660732,
841085556,0.0207322947,0.01291236208,
841285576,0.02011203767,0.01406573722,
841485596,0.01976210042,0.01571331109,
841685616,0.01938588433,0.01624495072,
841885635,0.01955266128,0.01721593377,
842085655,0.01964835941,0.01811820808,
842285675,0.01988222732,0.01950595099,
842485695,0.01962095856,0.01951506873,
842685714,0.01999614617,0.02046878103,
842885734,0.02047163243,0.02095712223,
843085754,0.02098671213,0.02183324602,
843285774,0.02164945976,0.02252640649,
843485793,0.02222112675,0.02334242145,
843685813,0.02297932356,0.02348252948,
843885833,0.02435365435,0.02419371322,
844085853,0.02498200984,0.02361359847,
844285872,0.02598478514,0.02380187425,
844485892,0.0265360152,0.02332939635,
844685912,0.02754024463,0.02265770202,
844885932,0.02801909062,0.02195381614,
845085951,0.0284386466,0.02088604982,
845285971,0.02810543333,0.02018880814,
845485991,0.02784479382,0.01999520039,
845686011,0.02820206872,0.01949024537,
845886030,0.02750740483,0.01865862781,
846086050,0.02717435497,0.0184596443,
846286070,0.02681847909,0.0178191544,
846486090,0.02651012476,0.01783768777,
846686109,0.02658819744,0.01784732724,
846886129,0.02656513526,0.01754421874,
847086149,0.025934424,0.01717071885,
847286169,0.02531562999,0.01636701398,
847486188,0.02486247607,0.01638605682,
847686208,0.02444460589,0.01600611185,
847886228,0.02359901971,0.01620236409,
848086248,0.02311949068,0.01643089055,
848286267,0.02301472106,0.0163844469,
848486287,0.02227446896,0.01637274715,
848686307,0.02216324795,0.01723895537,
848886327,0.02157215019,0.01739598252,
849086346,0.02160441172,0.01755829381,
849286366,0.02125992488,0.01805666261,
849486386,0.02149927739,0.01813601202,
849686406,0.02133581283,0.01802718471,
849886425,0.02075131477,0.01761794408,
850086445,0.02058505604,0.01789425993,
850286465,0.0200563008,0.01815932789,
850486485,0.01967878871,0.01742959137,
850686504,0.01898852261,0.01773835536,
850886524,0.01807633447,0.01788461548,
851086544,0.01750965777,0.01833718988,
851286564,0.0172101783,0.01816411941,
851486583,0.01680331393,0.01899397442,
851686603,0.01601943008,0.0192245077,
851886623,0.01540398866,0.01996785519,
852086643,0.0146742653,0.020535487,
852286662,0.01388460018,0.02073763439,
852486682,0.01309535295,0.02141647632,
852686702,0.01235275033,0.02200548844,
852886722,0.01155055269,0.02295573027,
853086741,0.01083714066,0.0249975533,
853286761,0.01033198858,0.02574411614,
853486781,0.009929706717,0.02762240907,
853686801,0.009549923816,0.02847655769,
853886821,0.009684611937,0.03052828963,
854086840,0.0103478433,0.03188496562,
854286860,0.01047752852,0.0332633545,
854486880,0.01052970326,0.03412165491,
854686900,0.0111286053,0.03468548702,
854886919,0.01152571994,0.03645363524,
855086939,0.0119691938,0.03739801896,
855286959,0.01240435458,0.0385328609,
855486979,0.01267378729,0.0395057424,
855686998,0.01337826815,0.04025522931,
855887018,0.01357960392,0.0414695417,
856087038,0.01431412931,0.04269328994,
856287058,0.01520529805,0.04439891662,
856487077,0.01662222494,0.04559750928,
856687097,0.01771432769,0.04648081908,
856887117,0.01896304674,0.0472709067,
857087137,0.02043020052,0.04795523944,
857287156,0.02173265284,0.0490291294,
857487176,0.02326298817,0.04950035072,
857687196,0.02482343601,0.05033337571,
857887216,0.02614901164,0.05048477503,
858087235,0.02803826807,0.05083078755,
858287255,0.02930565261,0.05112963618,
858487275,0.03141194446,0.05123128645,
858687295,0.03308518526,0.0508564458,
858887314,0.03499146095,0.0506754214,
859087334,0.03636564773,0.04991088084,
859287354,0.03786746725,0.04887797498,
859487374,0.03925869622,0.04782590292,
859687393,0.04060880671,0.04679136327,
859887413,0.0412619829,0.04538048216,
860087433,0.04195330743,0.04353206475,
860287453,0.04206329685,0.04210591134,
860487472,0.04189397456,0.04125598836,
860687492,0.04149232708,0.04016730899,
860887512,0.04145802294,0.03945618221,
861087532,0.04109229203,0.03911550463,
861287551,0.04035793817,0.03924144047,
861487571,0.04042118934,0.03929659685,
861687591,0.03984347249,0.03909386078,
861887611,0.03984731779,0.03879798958,
862087630,0.03984696379,0.0394459242,
862287650,0.0401900175,0.03948193773,
862487670,0.04033654091,0.03975600744,
862687690,0.04034082158,0.03989190103,
862887709,0.04072746981,0.04025358603,
863087729,0.04169140091,0.04065927072,
863287749,0.04204543493,0.04114889436,
863487769,0.04218251938,0.04139669434,
863687788,0.04323301845,0.04115166183,
863887808,0.04404614743,0.04150832622,
864087828,0.04465284726,0.04119583691,
864287848,0.04535993931,0.04108247339,
864487867,0.04641296732,0.0413906856,
864687887,0.04760836205,0.0409515773,
864887907,0.04819354405,0.03996591278,
865087927,0.04915463931,0.04020875785,
865287946,0.04976572376,0.03893444187,
865487966,0.05021316707,0.03855826086,
865687986,0.05087790612,0.03758039628,
865888006,0.0513903396,0.03769588296,
866088025,0.05196232208,0.03712811436,
866288045,0.05205631743,0.03604495837,
866488065,0.05275396461,0.03538732129,
866688085,0.05332064477,0.03502154415,
866888104,0.05325747118,0.03347194625,
867088124,0.05359910364,0.03282645898,
867288144,0.05343359795,0.03207449043,
867488164,0.05342166991,0.03175164813,
867688183,0.05319155299,0.03027394457,
867888203,0.05320012868,0.03003599003,
868088223,0.05267714986,0.02947546541,
868288243,0.05167560713,0.02891357946,
868488262,0.05203270271,0.02877177113,
868688282,0.05156087196,0.02871080278,
868888302,0.05162169383,0.02898464501,
869088322,0.05172734179,0.02906821039,
869288341,0.0513574905,0.02922683078,
869488361,0.05137880893,0.02866269343,
869688381,0.05166497888,0.02857290639,
869888401,0.05173860506,0.02862401326,
870088420,0.05213608558,0.02838705001,
870288440,0.05246390164,0.02853586275,
870488460,0.05232502915,0.02876482873,
870688480,0.05265553767,0.02832326193,
870888499,0.05290162172,0.0283416216,
871088519,0.05337259224,0.02808195513,
871288539,0.05389779945,0.02759786925,
871488559,0.05436034465,0.02760261068,
871688578,0.05491687663,0.02723384502,
871888598,0.05547815594,0.0264228894,
872088618,0.05557979841,0.02569391542,
872288638,0.05574710635,0.024653129,
872488657,0.05627600558,0.02373062495,
872688677,0.05571660998,0.02291285666,
872888697,0.05551465603,0.02276481784,
873088717,0.05527101583,0.02178065656,
873288736,0.05507647651,0.0213880987,
873488756,0.05463579647,0.02080460376,
873688776,0.05443331773,0.02109820906,
873888796,0.05421877677,0.02009224326,
874088815,0.05377481689,0.02013665482,
874288835,0.05345008201,0.01999609516,
874488855,0.05336726485,0.01976860006,
874688875,0.05287114483,0.01952970262,
874888894,0.0527198033,0.01913195053,
875088914,0.05238894461,0.01939305229,
875288934,0.05242510119,0.01900698753,
875488954,0.05191272554,0.01905667234,
875688973,0.05163184952,0.01880062421,
875888993,0.05160993749,0.01942153728,
876089013,0.0516605028,0.01889158809,
876289033,0.05150346733,0.01938783272,
876489052,0.05162200634,0.01911286727,
876689072,0.05125862604,0.01920806866,
876889092,0.05158664072,0.0186561448,
877089112,0.05173421727,0.01868620247,
877289131,0.0512432031,0.01799926538,
877489151,0.05127437327,0.01743473971,
877689171,0.05115230009,0.01761514841,
877889191,0.05120767138,0.01774902722,
878089210,0.05049568812,0.01744476671,
878289230,0.0504861812,0.01698779563,
878489250,0.04995033373,0.01743169869,
878689270,0.04998407426,0.01750022429,
878889289,0.05000275956,0.01787755268,
879089309,0.04957280953,0.01717365276,
879289329,0.0498891368,0.01743090897,
879489349,0.04964095652,0.01766718805,
879689368,0.04996167183,0.01762280029,
879889388,0.04969116806,0.01691380621,
880089408,0.04930292586,0.01656528264,
880289428,0.04918503443,0.01701331427,
880489448,0.04880088839,0.01651312542,
880689467,0.04827819482,0.01630208956,
880889487,0.04769206609,0.01658213077,
881089507,0.04738921116,0.01659852445,
881289527,0.04718904645,0.01707162452,
881489546,0.04662898526,0.0172584355,
881689566,0.04643261933,0.01773954888,
881889586,0.04616459196,0.01807763023,
882089606,0.04622468249,0.01849867125,
882289625,0.04638620065,0.01878818118,
882489645,0.04601013673,0.01869465331,
882689665,0.04593725006,0.01880524246,
882889685,0.04586671049,0.01966145437,
883089704,0.04565931169,0.01947647347,
883289724,0.04624263518,0.02083547534,
883489744,0.04572619769,0.02064842099,
883689764,0.04610786105,0.02154484375,
883889783,0.04662855727,0.02191858548,
884089803,0.04682002387,0.02226157865,
884289823,0.04716785058,0.02278320973,
884489843,0.04798067417,0.02303488613,
884689862,0.04837939551,0.02311749331,
884889882,0.04880423379,0.02376362212,
885089902,0.04936279976,0.02333700729,
885289922,0.05006677395,0.02327609833,
885489941,0.05038611058,0.02324017624,
885689961,0.05069788129,0.02258071545,
885889981,0.05109657218,0.02313219751,
886090001,0.05180141774,0.02255832685,
886290020,0.05218027158,0.02253548881,
886490040,0.05218130279,0.02230431386,
886690060,0.05255303583,0.02212048194,
886890080,0.05269040723,0.02144169345,
887090099,0.05343168,0.02159559574,
887290119,0.05355032984,0.02102427311,
887490139,0.05356998184,0.02042510328,
887690159,0.05360966827,0.02052241129,
887890178,0.05341574286,0.0205336647,
888090198,0.05307163469,0.01951102173,
888290218,0.05304442964,0.01936388268,
888490238,0.05248253256,0.01972748414,
888690257,0.05265732819,0.01995189053,
888890277,0.05253952222,0.02015011994,
889090297,0.05248495023,0.02003135161,
889290317,0.05207964225,0.02018551264,
889490336,0.05219641738,0.02039789174,
889690356,0.05201095509,0.01988676459,
889890376,0.05207851465,0.02061323001,
890090396,0.05236827606,0.02109547857,
890290415,0.05233245323,0.02106897112,
890490435,0.0523971391,0.02049569989,
890690455,0.05235867153,0.02133366932,
890890475,0.05235333821,0.02146965926,
891090494,0.05235250784,0.0217237203,
891290514,0.05299074332,0.02227064902,
891490534,0.05275335458,0.02222247365,
891690554,0.05295992004,0.02242732676,
891890573,0.05301522354,0.02322821084,
892090593,0.05337510722,0.02385567946,
892290613,0.05357078444,0.02341844839,
892490633,0.05371615844,0.02416532863,
892690652,0.05445775889,0.02445958738,
892890672,0.0545205671,0.02503776397,
893090692,0.05513046963,0.02530817694,
893290712,0.05551261138,0.02632398137,
893490731,0.0560924881,0.02710187586,
893690751,0.05678863023,0.02781000749,
893890771,0.05799247707,0.02836442862,
894090791,0.05904715428,0.02895938335,
894290810,0.0608236279,0.0291618554,
894490830,0.06242222125,0.02978375796,
894690850,0.06376490332,0.02967710275,
894890870,0.06591427645,0.02880944067,
895090889,0.06769070669,0.02887179885,
895290909,0.06890656324,0.02797759751,
895490929,0.0704215896,0.026842411,
895690949,0.07180588599,0.02650769808,
895890968,0.07336280246,0.0251741653,
896090988,0.07410527062,0.02366035612,
896291008,0.07523245564,0.02232319419,
896491028,0.07638557202,0.02131993758,
896691047,0.07711170972,0.0200077693,
896891067,0.07788132608,0.01774238796,
897091087,0.07885745588,0.01675176625,
897291107,0.07882268079,0.01440294156,
897491126,0.07959362889,0.01304182866,
897691146,0.07932563794,0.01092614412,
897891166,0.07961638803,0.009552216762,
898091186,0.07931808874,0.00749451136,
898291205,0.07920005144,0.006066626593,
898491225,0.07889154648,0.004406497975,
898691245,0.0780146293,0.003365932055,
898891265,0.07776443895,0.001512611623,
899091284,0.07730670023,0.0004197405614,
899291304,0.07663298824,-0.001203269487,
899491324,0.0755195477,-0.002916657857,
899691344,0.07513382223,-0.003648954657,
899891363,0.07356833254,-0.005429282052,
900091383,0.07281562554,-0.006794130887,
900291403,0.0716327324,-0.007798409184,
900491423,0.06984480476,-0.009103285134,
900691442,0.06839487351,-0.009771613988,
900891462,0.06695632999,-0.01008242028,
901091482,0.06508045182,-0.01051874332,
901291502,0.06353402943,-0.0110829443,
901491521,0.06236731256,-0.01122721547,
901691541,0.06070278724,-0.01086616928,
901891561,0.05946825322,-0.01024257482,
902091581,0.0578523826,-0.01036235195,
902291600,0.05712122059,-0.009290726203,
902491620,0.05631214289,-0.008528227053,
902691640,0.05525352694,-0.008607654353,
902891660,0.05457126282,-0.007690620898,
903091679,0.0540454618,-0.007606256077,
903291699,0.05356026472,-0.006906883746,
903491719,0.05317701535,-0.006364744088,
903691739,0.05279268366,-0.00536458407,
903891758,0.05244575013,-0.005196194124,
904091778,0.05228894811,-0.005010358845,
904291798,0.05215195481,-0.004418969561,
904491818,0.05208283079,-0.004407551396,
904691837,0.05173237972,-0.004409889572,
904891857,0.05186057582,-0.004146066316,
905091877,0.05153799496,-0.003883402049,
905291897,0.05117673951,-0.003864646997,
905491916,0.05051517025,-0.003661830147,
905691936,0.04985054001,-0.003368358814,
905891956,0.04946538962,-0.003794525014,
906091976,0.04884011062,-0.00315225466,
906291995,0.04864459565,-0.002378145287,
906492015,0.04806814095,-0.001685460943,
906692035,0.04739436946,-0.001122344919,
906892055,0.04760026728,-0.000366477436,
907092075,0.04760929292,2.308337297e-05,
907292094,0.04692607678,0.0004673857104,
907492114,0.0470781846,0.001130217557,
907692134,0.04691813032,0.001648183956,
907892154,0.04728496934,0.00224549395,
908092173,0.0471747676,0.002692035876,
908292193,0.047374091,0.003288794588,
908492213,0.0475037348,0.00465615652,
908692233,0.04786912558,0.005356517356,
908892252,0.04804329475,0.005676697726,
909092272,0.04884420392,0.006291446906,
909292292,0.0494732301,0.007098437901,
909492312,0.04986381886,0.007315027967,
909692331,0.05054766362,0.00750792393,
909892351,0.05170752349,0.00794053927,
910092371,0.05207121599,0.007627135161,
910292391,0.05300300262,0.007806097109,
910492410,0.05341608922,0.007413040112,
910692430,0.05415960125,0.007432941346,
910892450,0.05439861951,0.007264820894,
911092470,0.05446756804,0.006977316692,
911292489,0.05506731241,0.006439116581,
911492509,0.05579072057,0.006338054691,
911692529,0.05593150985,0.005813657396,
911892549,0.05625855232,0.005575561512,
912092568,0.05621747093,0.005304736779,
912292588,0.05675116522,0.005321741071,
912492608,0.0569020961,0.004734814908,
912692628,0.05714643513,0.004659441929,
912892647,0.05719973839,0.004384507786,
913092667,0.05680886728,0.003910878938,
913292687,0.05680489711,0.003309744096,
913492707,0.05708902805,0.003624896842,
913692726,0.05674738456,0.003487076343,
913892746,0.05684025976,0.003164636291,
914092766,0.05684242619,0.00368549368,
914292786,0.05671415103,0.003149900884,
914492805,0.05682947319,0.003194417118,
914692825,0.0571652243,0.003454741883,
914892845,0.05745609611,0.003240844363,
915092865,0.05817408392,0.003412713916,
915292884,0.05840166643,0.003354272328,
915492904,0.0589058494,0.003181329933,
915692924,0.05962634895,0.002612202495,
915892944,0.05974180826,0.002196223762,
916092963,0.0603124967,0.002405591059,
916292983,0.06082969825,0.001443886451,
916493003,0.06134837058,0.0005392932138,
916693023,0.0613696988,5.937738132e-05,
916893042,0.06205172735,-0.0004994105527,
917093062,0.06185763594,-0.001720048481,
917293082,0.06226646715,-0.002775351788,
917493102,0.06224537425,-0.00328301676,
917693121,0.06182956572,-0.004287250154,
917893141,0.06141421988,-0.005362211886,
918093161,0.06075075965,-0.006533075315,
918293181,0.06026405649,-0.007150635417,
918493200,0.05928382699,-0.007889136104,
918693220,0.05842757226,-0.008363680622,
918893240,0.05773804562,-0.008997968693,
919093260,0.05737057743,-0.008889967888,
919293279,0.05616377796,-0.009181279702,
919493299,0.05557390631,-0.009547137721,
919693319,0.05465850616,-0.009485152279,
919893339,0.05416899608,-0.009142725152,
920093358,0.05382026085,-0.009383627222,
920293378,0.05312398473,-0.008994257039,
920493398,0.05217137896,-0.009425375049,
920693418,0.05196217973,-0.008789529058,
920893437,0.05122943829,-0.00870254044,
921093457,0.05069072242,-0.008827159997,
921293477,0.05006147684,-0.008481313546,
921493497,0.04970785804,-0.00858049353,
921693516,0.04954565618,-0.007986605976,
921893536,0.04910233689,-0.007873233567,
922093556,0.04855715329,-0.007243028408,
922293576,0.04860332163,-0.007121958863,
922493595,0.0475191209,-0.006679160542,
922693615,0.04744613082,-0.006467548086,
922893635,0.04701425467,-0.006282809742,
923093655,0.04664661893,-0.005215548531,
923293674,0.04633170644,-0.005195899397,
923493694,0.04567081651,-0.004581100068,
923693714,0.04529787084,-0.004072613373,
923893734,0.04551354546,-0.00308757112,
924093753,0.04503062291,-0.002436296122,
924293773,0.04567681105,-0.00164106757,
924493793,0.04558420889,-0.0007382311784,
924693813,0.04585308447,-0.0005258448423,
924893832,0.04619073851,0.000194002368,
925093852,0.0468910584,0.001184700871,
925293872,0.04767605485,0.001990066101,
925493892,0.04809297398,0.001686802172,
925693911,0.04871820781,0.00226156195,
925893931,0.04937087329,0.002363024727,
926093951,0.05015248838,0.002394155334,
926293971,0.05083405149,0.00228886481,
926493990,0.05139118041,0.002659461299,
926694010,0.05225554589,0.002013835279,
926894030,0.05309516344,0.00223492736,
927094050,0.05331353923,0.001723316085,
927294069,0.05441352707,0.001223578816,
927494089,0.05487659637,0.000216767734,
927694109,0.05494500921,9.306325068e-05,
927894129,0.05506976719,-0.0006913194085,
928094148,0.05526398718,-0.001513128123,
928294168,0.05524028972,-0.00214395424,
928494188,0.0555134268,-0.002063072093,
928694208,0.05499492404,-0.00326520561,
928894227,0.05488891194,-0.003390333781,
929094247,0.05489383953,-0.003617894324,
929294267,0.0541903219,-0.003937608678,
929494287,0.05431681986,-0.004693256718,
929694306,0.05386727156,-0.004466245014,
929894326,0.0536607998,-0.004497013796,
930094346,0.05327875101,-0.004699392414,
930294366,0.05302031567,-0.005381172354,
930494385,0.05305505606,-0.005165838992,
930694405,0.05284024036,-0.00535973172,
930894425,0.05244360546,-0.005569804486,
931094445,0.05226090154,-0.005681626669,
931294464,0.05180277231,-0.005495840126,
931494484,0.05146414268,-0.005698294697,
931694504,0.05170454961,-0.005762838526,
931894524,0.05152962846,-0.005771614602,
932094543,0.05120855276,-0.006266992492,
932294563,0.05169465599,-0.005609386656,
932494583,0.05132133218,-0.006183854388,
932694603,0.05106237337,-0.006631940077,
932894622,0.05095353775,-0.006276683207,
933094642,0.05084937471,-0.006467307798,
933294662,0.05035829646,-0.006294461487,
933494682,0.0500240614,-0.006486048428,
933694702,0.0496143861,-0.006624876547,
933894721,0.04920799176,-0.006696212837,
934094741,0.0492724565,-0.006220630479,
934294761,0.04894581863,-0.006767664024,
934494781,0.04855582012,-0.006223073473,
934694800,0.04887584756,-0.006015210855,
934894820,0.04847847125,-0.00638121317,
935094840,0.04804909708,-0.006022135708,
935294860,0.0482210854,-0.005804455472,
935494879,0.0481301971,-0.006050975541,
935694899,0.04782776734,-0.005363475739,
935894919,0.04758307392,-0.005627362958,
936094939,0.04745410786,-0.005808150298,
936294958,0.04758077311,-0.005514929977,
936494978,0.04713248962,-0.005307763589,
936694998,0.04661697975,-0.005022791162,
936895018,0.04677007278,-0.004887534989,
937095037,0.04647316939,-0.004760203235,
937295057,0.04671329378,-0.004818847339,
937495077,0.04672217988,-0.004728935597,
937695097,0.04635300148,-0.004358336749,
937895116,0.04622272034,-0.004275220515,
938095136,0.04613369463,-0.004038981662,
938295156,0.04604807391,-0.003952945293,
938495176,0.04583566275,-0.003402025585,
938695195,0.0457239816,-0.003173470308,
938895215,0.04571577117,-0.003159162734,
939095235,0.04548231262,-0.002510580318,
939295255,0.04509382077,-0.002429069126,
939495274,0.0454781454,-0.002027742794,
939695294,0.04526631105,-0.001733156705,
939895314,0.04536207728,-0.001217545069,
940095334,0.04558892719,-0.001116051269,
940295353,0.04557369419,-0.0008544983038,
940495373,0.04581655573,-0.0007357019178,
940695393,0.04605037,-0.0003877289647,
940895413,0.04627151068,-0.0002696358355,
941095432,0.04615789453,0.00020523348,
941295452,0.04669703581,0.0006935855598,
941495472,0.04657231662,0.0008744749109,
941695492,0.04720268778,0.001167184491,
941895511,0.04707580223,0.001130386334,
942095531,0.04747420406,0.001570006576,
942295551,0.04821138664,0.001507979588,
942495571,0.04823508425,0.001801256503,
942695590,0.04815274346,0.001486763456,
942895610,0.04877708406,0.00161323543,
943095630,0.04862421655,0.001853081084,
943295650,0.04846162537,0.001578171216,
943495669,0.04849810236,0.001602373032,
943695689,0.04853111377,0.001539092007,
943895709,0.04832859783,0.001773923169,
944095729,0.04852193463,0.002050459794,
944295748,0.04863162968,0.001942565195,
944495768,0.04871406323,0.002375941999,
944695788,0.04868823758,0.002850150719,
944895808,0.04862447503,0.002680149001,
945095827,0.04909941675,0.003477081939,
945295847,0.04902059645,0.003613209955,
945495867,0.04971820597,0.003779829254,
945695887,0.04948033079,0.004368004833,
945895906,0.04952556136,0.00460347575,
946095926,0.05026459391,0.005434406634,
946295946,0.05050897452,0.005833592993,
946495966,0.05058255969,0.006029240787,
946695985,0.0518158559,0.006540948774,
946896005,0.052186846,0.006822489577,
947096025,0.05293892575,0.00781532099,
947296045,0.05387373181,0.008282714278,
947496064,0.05476151513,0.007671868301,
947696084,0.05535425945,0.007899844654,
947896104,0.05682202603,0.008185693707,
948096124,0.05759249459,0.007851473415,
948296143,0.05855530295,0.007593838947,
948496163,0.05892608519,0.007133166182,
948696183,0.05978068687,0.006622699557,
948896203,0.06086552027,0.006207360238,
949096222,0.06118674772,0.005822778431,
949296242,0.0617108121,0.005499606512,
949496262,0.06242841092,0.004616583184,
949696282,0.06322164532,0.004788317788,
949896301,0.06336294135,0.003682876524,
950096321,0.06405900804,0.003053245038,
950296341,0.06433865372,0.002739643118,
950496361,0.06526589451,0.001829239896,
950696380,0.06548781752,0.00213537457,
950896400,0.06580671952,0.001101481122,
951096420,0.06603856387,0.000513213658,
951296440,0.06661347801,-0.0002611092296,
951496459,0.06700164386,-0.001127896429,
951696479,0.0676896586,-0.001392553584,
951896499,0.06756715479,-0.002679885731,
952096519,0.0680888879,-0.002967515141,
952296538,0.06806276472,-0.003555501441,
952496558,0.06845076349,-0.004313396314,
952696578,0.06875342835,-0.005276916108,
952896598,0.06882180044,-0.006434876878,
953096617,0.06860857413,-0.007111430946,
953296637,0.06906750543,-0.008543056799,
953496657,0.06881534949,-0.009340869133,
953696677,0.06838735774,-0.009721411974,
953896696,0.0686056799,-0.0107575226,
954096716,0.06799088502,-0.0111829364,
954296736,0.06759121186,-0.01174395958,
954496756,0.06777627879,-0.01286611743,
954696775,0.06761527888,-0.01361651744,
954896795,0.06727105078,-0.01370187758,
955096815,0.06649023168,-0.0147543847,
955296835,0.06665446756,-0.01469031694,
955496854,0.06636344192,-0.01557016749,
955696874,0.06594010192,-0.01643409383,
955896894,0.06506569563,-0.01675109809,
956096914,0.06500011803,-0.01742767735,
956296933,0.06449110786,-0.0178751333,
956496953,0.06412376521,-0.01838553354,
956696973,0.06403240856,-0.01914538775,
956896993,0.06349678953,-0.02014552781,
957097012,0.06279411362,-0.02009493537,
957297032,0.06260256312,-0.02022846527,
957497052,0.0619485515,-0.02070386357,
957697072,0.0614432664,-0.02188579478,
957897091,0.06105261533,-0.021798361,
958097111,0.06028125758,-0.02226739527,
958297131,0.05971917409,-0.02227770679,
958497151,0.05923328218,-0.02310673126,
958697170,0.05855718735,-0.02354629565,
958897190,0.05757477101,-0.02356324992,
959097210,0.057093574,-0.02364577189,
959297230,0.05657288934,-0.02398697117,
959497249,0.05596069466,-0.02376067917,
959697269,0.05583438983,-0.0243693501,
959897289,0.05518593301,-0.02454916486,
960097309,0.05483869671,-0.02459398908,
960297329,0.05434326943,-0.02489789483,
960497348,0.05342278529,-0.02467081623,
960697368,0.05288449653,-0.02458877921,
960897388,0.05213707641,-0.02494307943,
961097408,0.05164143396,-0.02478145237,
961297427,0.0509172943,-0.0253906335,
961497447,0.05011926774,-0.02521574263,
961697467,0.04963422983,-0.02535503855,
961897487,0.04876986646,-0.02491777554,
962097506,0.04836684435,-0.02539293316,
962297526,0.04776857044,-0.02513070035,
962497546,0.04692481792,-0.02513665434,
962697566,0.04608185311,-0.024797739,
962897585,0.04577522254,-0.02451025957,
963097605,0.044654024,-0.02389742684,
963297625,0.04411419797,-0.02380599727,
963497645,0.04327555565,-0.02333042476,
963697664,0.04266062968,-0.02275784336,
963897684,0.04195788026,-0.02221199347,
964097704,0.04143699435,-0.02120610727,
964297724,0.04061875744,-0.02135363239,
964497743,0.04051982576,-0.02003383494,
964697763,0.04002617688,-0.0189603022,
964897783,0.04009902073,-0.01858291178,
965097803,0.03928424307,-0.01743527096,
965297822,0.0390397797,-0.01676678752,
965497842,0.03957546845,-0.01619759869,
965697862,0.03919710709,-0.01518036622,
965897882,0.0396011307,-0.01458814765,
966097901,0.03993876247,-0.01331268031,
966297921,0.04021213317,-0.01265969438,
966497941,0.04046353382,-0.01199512023,
966697961,0.0406952612,-0.0112218988,
966897980,0.04182751631,-0.0106435332,
967098000,0.04251915108,-0.01025346343,
967298020,0.04311475347,-0.0100860685,
967498040,0.04350378959,-0.009582454641,
967698059,0.04412324281,-0.009350389282,
967898079,0.04514111704,-0.008958336836,
968098099,0.04566113448,-0.00928658338,
968298119,0.04624167372,-0.00975605452,
968498138,0.04677283545,-0.009513915808,
968698158,0.04701885571,-0.01020347697,
968898178,0.04705998957,-0.0105141829,
969098198,0.0473596901,-0.01102974304,
969298217,0.04784893528,-0.01138182289,
969498237,0.04784297986,-0.01170561114,
969698257,0.04825374448,-0.01127541598,
969898277,0.0479465251,-0.01219080001,
970098296,0.04768131396,-0.01225616099,
970298316,0.04798791619,-0.01203034272,
970498336,0.04765206186,-0.01244005669,
970698356,0.04772359081,-0.01219648232,
970898375,0.04778669517,-0.01281378206,
971098395,0.04726171929,-0.0127201864,
971298415,0.04744608873,-0.01241226816,
971498435,0.04775774319,-0.01269086961,
971698454,0.04771444068,-0.0123825736,
971898474,0.04778302273,-0.01201509954,
972098494,0.04796002454,-0.01167481269,
972298514,0.04814195775,-0.01200143964,
972498533,0.04793921308,-0.01177767804,
972698553,0.0483714839,-0.01166108012,
972898573,0.04895472594,-0.01188231449,
973098593,0.04908357069,-0.01190605699,
973298612,0.04978705184,-0.01208223757,
973498632,0.04981379597,-0.01216226427,
973698652,0.05007040295,-0.01251850614,
973898672,0.05084855165,-0.01269518342,
974098691,0.05107124609,-0.01305707276,
974298711,0.05088045375,-0.01334108657,
974498731,0.05135027607,-0.01362739877,
974698751,0.05159060383,-0.01393407591,
974898770,0.05159061387,-0.01444831474,
975098790,0.0518932124,-0.01538627453,
975298810,0.05187866444,-0.0160274812,
975498830,0.05184856479,-0.01666116435,
975698849,0.0515877798,-0.01737783528,
975898869,0.05129405939,-0.01781752769,
976098889,0.05133829759,-0.01843546706,
976298909,0.05078161042,-0.01861620008,
976498928,0.05012879992,-0.01900260822,
976698948,0.04948505058,-0.02007355404,
976898968,0.04934240655,-0.02045599582,
977098988,0.04860453746,-0.02052354521,
977299007,0.04789044486,-0.02095505638,
977499027,0.04692467876,-0.02104429556,
977699047,0.04651852613,-0.0212651252,
977899067,0.0462351236,-0.02129886088,
978099086,0.04526072812,-0.02089565843,
978299106,0.0447990197,-0.02083864003,
978499126,0.04415020607,-0.01966080287,
978699146,0.04403595329,-0.02045998657,
978899165,0.04360452205,-0.01955586582,
979099185,0.04270847412,-0.01992150962,
979299205,0.04267201452,-0.01904082929,
979499225,0.04254183412,-0.01855760657,
979699244,0.04237516365,-0.01807928795,
979899264,0.04248111656,-0.01773912223,
980099284,0.04242484486,-0.01698576955,
980299304,0.04234139699,-0.01689147263,
980499323,0.04238305733,-0.01678706376,
980699343,0.04232891239,-0.01625898514,
980899363,0.04248303798,-0.01626181919,
981099383,0.04289785545,-0.01612629666,
981299402,0.04270037749,-0.01591368797,
981499422,0.04309152643,-0.01517958775,
981699442,0.04299423525,-0.01594919311,
981899462,0.04329967149,-0.01573937677,
982099481,0.04376160651,-0.01518591608,
982299501,0.04404095358,-0.01532684851,
982499521,0.04403262467,-0.01546205192,
982699541,0.04444112267,-0.01506982626,
982899560,0.0442007889,-0.01554093972,
983099580,0.04507388178,-0.01532414116,
983299600,0.04478730494,-0.01578118407,
983499620,0.04496461716,-0.01583530616,
983699639,0.04526796172,-0.01592209821,
983899659,0.04548061049,-0.01604838138,
984099679,0.0454533609,-0.01653919163,
984299699,0.0455362871,-0.0163762881,
984499718,0.04551122402,-0.01661141163,
984699738,0.04510138695,-0.01711239832,
984899758,0.0455717591,-0.01732508213,
985099778,0.0459938853,-0.01718029255,
985299797,0.04540551902,-0.01757229803,
985499817,0.04554240959,-0.01771053934,
985699837,0.04576001696,-0.0181045954,
985899857,0.04579921858,-0.01865177992,
986099876,0.04552220381,-0.01906044647,
986299896,0.04562033076,-0.01931939881,
986499916,0.04504481792,-0.01934207636,
986699936,0.04497776838,-0.01946266547,
986899956,0.04491864115,-0.02029138838,
987099975,0.04431680084,-0.02016839028,
987299995,0.04413285445,-0.02027333681,
987500015,0.04363690474,-0.02049171554,
987700035,0.04304963734,-0.02031518132,
987900054,0.04283898656,-0.019988331,
988100074,0.04244052975,-0.02063549511,
988300094,0.04256928939,-0.02021758683,
988500114,0.04229771457,-0.02035331611,
988700133,0.04141275445,-0.02043482702,
988900153,0.04146432611,-0.02072269201,
989100173,0.04137544138,-0.02019800169,
989300193,0.04139029568,-0.02045991309,
989500212,0.04105123348,-0.01957337722,
989700232,0.04073693312,-0.0197699079,
989900252,0.04092360608,-0.02013679513,
990100272,0.04121617394,-0.01892313004,
990300291,0.04147352383,-0.01897676704,
990500311,0.04142626966,-0.0194900918,
990700331,0.04167424196,-0.01986465748,
990900351,0.04151890211,-0.01994562378,
991100370,0.04183049384,-0.02002012055,
991300390,0.04162751215,-0.01997479185,
991500410,0.04176411826,-0.02022576585,
991700430,0.04197915504,-0.02065295754,
991900449,0.04150980087,-0.02105639915,
992100469,0.04148404412,-0.02105043215,
992300489,0.0418324876,-0.02199876912,
992500509,0.04123531379,-0.02189169415,
992700528,0.04098478411,-0.02234514695,
992900548,0.04092110949,-0.02298935918,
993100568,0.0403688632,-0.02364279713,
993300588,0.04011864181,-0.02391065408,
993500607,0.03978906521,-0.02398906544,
993700627,0.0393313724,-0.02456959351,
993900647,0.03853559677,-0.02444329389,
994100667,0.03794350292,-0.02488762976,
994300686,0.03748868053,-0.02560479898,
994500706,0.03644636524,-0.0253714221,
994700726,0.03561864353,-0.02523275002,
994900746,0.03498223373,-0.02559663908,
995100765,0.03471366073,-0.02533067426,
995300785,0.03379106098,-0.02510091487,
995500805,0.03292428561,-0.02498164037,
995700825,0.0323572122,-0.02429231581,
995900844,0.03124126921,-0.02429731341,
996100864,0.03090563637,-0.02348847144,
996300884,0.03027270765,-0.02249238969,
996500904,0.02988043063,-0.02241483428,
996700923,0.02945295673,-0.02147189925,
996900943,0.0288530382,-0.02087040522,
997100963,0.0288886129,-0.01997523214,
997300983,0.02905780694,-0.01925166692,
997501002,0.02844547006,-0.01875775049,
997701022,0.02902904098,-0.01759070939,
997901042,0.02911705133,-0.01687166981,
998101062,0.02922247785,-0.01604616171,
998301081,0.0295550436,-0.01559777437,
998501101,0.03011912113,-0.01521859705,
998701121,0.03069867688,-0.01512739427,
998901141,0.0308705174,-0.014343201,
999101160,0.03161482219,-0.01404398655,
999301180,0.03176849178,-0.01417836222,
999501200,0.03262930985,-0.01406572285,
999701220,0.03275643739,-0.0147379677,
999901239,0.03341665423,-0.01459161385,
1000101259,0.03423350238,-0.01506829633,
1000301279,0.03439479982,-0.01522776771,
1000501299,0.03478802364,-0.01612706808,
1000701318,0.03452765302,-0.01628483503,
1000901338,0.03474230346,-0.0169917131,
1001101358,0.03451890384,-0.01760471765,
1001301378,0.03481436929,-0.01808698982,
1001501397,0.03468135742,-0.01892394405,
1001701417,0.03422187443,-0.01978759087,
1001901437,0.03350523261,-0.01972817235,
1002101457,0.0326764655,-0.02054887913,
1002301476,0.03230468606,-0.02102889454,
1002501496,0.03186963533,-0.02114724852,
1002701516,0.03103018453,-0.02135120936,
1002901536,0.03051174272,-0.02153847498,
1003101555,0.02960703888,-0.0218295539,
1003301575,0.02872595009,-0.02181223426,
1003501595,0.02805900529,-0.02137460461,
1003701615,0.02774054106,-0.02164052868,
1003901634,0.02680630885,-0.02170238059,
1004101654,0.02613534141,-0.02150755165,
1004301674,0.02547771186,-0.02058884137,
1004501694,0.02509016237,-0.02055512221,
1004701713,0.02428224335,-0.02006643184,
1004901733,0.02388311822,-0.01948634443,
1005101753,0.02344451689,-0.01858018203,
1005301773,0.02295392553,-0.01877288554,
1005501792,0.02270904314,-0.01838871497,
1005701812,0.0220864817,-0.01781509516,
1005901832,0.02186625729,-0.01767660612,
1006101852,0.02142059632,-0.01700493442,
1006301871,0.02152509181,-0.01714374368,
1006501891,0.02129714211,-0.01598831581,
1006701911,0.02060752656,-0.01594239375,
1006901931,0.02040084736,-0.01515946411,
1007101950,0.02010786271,-0.0150776173,
1007301970,0.02014950506,-0.01481954061,
1007501990,0.01996624315,-0.01414390488,
1007702010,0.01975350057,-0.01367256091,
1007902029,0.01953274145,-0.01343081407,
1008102049,0.01926291279,-0.01279971995,
1008302069,0.01912396779,-0.01317324606,
1008502089,0.01845323346,-0.01246816484,
1008702108,0.01866565981,-0.01199167043,
1008902128,0.01790213391,-0.01210683288,
1009102148,0.01795729796,-0.01176285183,
1009302168,0.01741854432,-0.01143883931,
1009502187,0.01695818469,-0.01066995137,
1009702207,0.01685563866,-0.0103502633,
1009902227,0.0164474841,-0.01026137397,
1010102247,0.01588388885,-0.009540672045,
1010302266,0.01554756165,-0.008735113562,
1010502286,0.01550099159,-0.008614540609,
1010702306,0.01509954198,-0.007844146239,
1010902326,0.01470427085,-0.007172949923,
1011102345,0.01458547657,-0.006545479352,
1011302365,0.01405411281,-0.006028614621,
1011502385,0.01390141915,-0.005538366286,
1011702405,0.01366543163,-0.004618530671,
1011902424,0.01355086021,-0.004206201091,
1012102444,0.01361036603,-0.002891477316,
1012302464,0.01311559082,-0.002713438515,
1012502484,0.01349160605,-0.001637450542,
1012702503,0.01316400421,-0.0008380385078,
1012902523,0.01312377222,3.894760746e-05,
1013102543,0.01296601917,0.0004531944309,
1013302563,0.01345747555,0.001485623408,
1013502582,0.01331625529,0.002137125594,
1013702602,0.01345082042,0.002582414608,
1013902622,0.01372490076,0.003511982563,
1014102642,0.01357431721,0.003903104453,
1014302662,0.01413752043,0.004488948274,
1014502681,0.01442299406,0.004926196928,
1014702701,0.01429898263,0.005468227864,
1014902721,0.01461742605,0.006052317919,
1015102741,0.01481896729,0.006856087474,
1015302760,0.01478880698,0.006770123198,
1015502780,0.01494924475,0.007756068673,
1015702800,0.01476685107,0.008866389133,
1015902820,0.01521147326,0.009347444908,
1016102839,0.01511826849,0.009625493303,
1016302859,0.01555185818,0.01034818836,
1016502879,0.01534437741,0.0109029165,
1016702899,0.01533199382,0.01160399732,
1016902918,0.01546197741,0.01212292291,
1017102938,0.01575454546,0.01325635449,
1017302958,0.01602413456,0.01395037027,
1017502978,0.01624550075,0.01456306311,
1017702997,0.01708861704,0.01535954626,
1017903017,0.01733401411,0.01602554183,
1018103037,0.01760617304,0.01680106497,
1018303057,0.01792276206,0.0174809301,
1018503076,0.01834951512,0.01814695719,
1018703096,0.01895838356,0.01807971724,
1018903116,0.0194963944,0.01904175578,
1019103136,0.02000427868,0.02010093729,
1019303155,0.0202993399,0.02065225194,
1019503175,0.0211538877,0.02091162342,
1019703195,0.02129164067,0.02210151707,
1019903215,0.02184283029,0.02194486062,
1020103234,0.02271913374,0.02282742505,
1020303254,0.02345316975,0.02341527905,
1020503274,0.02404194063,0.02380425103,
1020703294,0.02453195995,0.02472886761,
1020903313,0.02543180721,0.02471701485,
1021103333,0.02603623066,0.02561708399,
1021303353,0.02725783068,0.02545987167,
1021503373,0.02771272646,0.02661247537,
1021703392,0.02833260786,0.02684457191,
1021903412,0.0295411566,0.02715061993,
1022103432,0.03037344058,0.02749112043,
1022303452,0.03148186395,0.02758417474,
1022503471,0.03226143622,0.02823929439,
1022703491,0.0329441675,0.0279614708,
1022903511,0.03401290453,0.02814448874,
1023103531,0.0352506352,0.02877436941,
1023303550,0.03603046119,0.02874797417,
1023503570,0.03700517439,0.02854925652,
1023703590,0.03774261164,0.02860636824,
1023903610,0.03878399961,0.02862956582,
1024103629,0.03990692067,0.02799580847,
1024303649,0.04082869295,0.02797527707,
1024503669,0.04209706188,0.02805572865,
1024703689,0.0426598458,0.02704688077,
1024903708,0.04315122324,0.02731856819,
1025103728,0.04447902034,0.02660075566,
1025303748,0.04543035417,0.02663756531,
1025503768,0.04602442226,0.0255971121,
1025703787,0.04696281666,0.02561444978,
1025903807,0.04748128334,0.02521472686,
1026103827,0.04845638211,0.02454659311,
1026303847,0.04873511337,0.02397345006,
1026503866,0.0492008697,0.02310177087,
1026703886,0.04987115516,0.02276590325,
1026903906,0.0505503572,0.02145294279,
1027103926,0.0503977217,0.02101886961,
1027303945,0.05112928659,0.02091993718,
1027503965,0.05141278621,0.02054740179,
1027703985,0.05173127578,0.01907895298,
1027904005,0.05203664578,0.01879942517,
1028104024,0.05191282619,0.01840636677,
1028304044,0.05226292562,0.01774563754,
1028504064,0.0528324539,0.01738642325,
1028704084,0.05292051223,0.01747184385,
1028904103,0.05276770833,0.01664800416,
1029104123,0.0531509038,0.01515031452,
1029304143,0.05324789231,0.01509447031,
1029504163,0.05361658305,0.01483736003,
1029704182,0.05407714451,0.01408143256,
1029904202,0.05400273084,0.01362519272,
1030104222,0.0539224517,0.01326887703,
1030304242,0.05387535936,0.01258053608,
1030504261,0.05411082712,0.01223000349,
1030704281,0.05447173166,0.01112749027,
1030904301,0.05424698137,0.01091737318,
1031104321,0.0544304149,0.009956688736,
1031304340,0.05445591997,0.009639503056,
1031504360,0.05435913298,0.008968807442,
1031704380,0.05423671322,0.008180812185,
1031904400,0.05367399478,0.007614438777,
1032104419,0.05353142879,0.007054771728,
1032304439,0.05352712837,0.006480809725,
1032504459,0.05325342279,0.005883981583,
1032704479,0.05287943455,0.004946409652,
1032904498,0.05216105333,0.004426194205,
1033104518,0.0515951908,0.004080524096,
1033304538,0.05129696996,0.003837612168,
1033504558,0.05103594783,0.003281469609,
1033704577,0.05011916957,0.002515886317,
1033904597,0.04983729173,0.002593989848,
1034104617,0.04892031301,0.002148611416,
1034304637,0.04804141246,0.001146416054,
1034504656,0.04769368556,0.001769337898,
1034704676,0.04705729229,0.001559394734,
1034904696,0.04601732151,0.001309903559,
1035104716,0.04522662497,0.001448532121,
1035304735,0.04462895164,0.001576057838,
1035504755,0.04356549493,0.001753630972,
1035704775,0.04349127854,0.001493357867,
1035904795,0.04265625138,0.001844896818,
1036104814,0.04168643708,0.002044229522,
1036304834,0.0410665342,0.002635440582,
1036504854,0.04040404796,0.003262349384,
1036704874,0.03973836143,0.003200680372,
1036904893,0.03905884691,0.0037660251,
1037104913,0.03829154256,0.004405870105,
1037304933,0.03825937131,0.0049633422,
1037504953,0.03746086127,0.005801783163,
1037704972,0.03689386513,0.005935475881,
1037904992,0.03666578679,0.00644727813,
1038105012,0.03566714467,0.007612712935,
1038305032,0.03579256142,0.008157194352,
1038505051,0.03548338736,0.008772890573,
1038705071,0.03487608558,0.009371236014,
1038905091,0.03445098283,0.0105289845,
1039105111,0.03401907188,0.01152671085,
1039305130,0.0340359359,0.01236092596,
1039505150,0.03403586005,0.01391416939,
1039705170,0.03374054268,0.01458218323,
1039905190,0.0338599775,0.01511729029,
1040105209,0.03432811507,0.01620225912,
1040305229,0.03466147619,0.01706616749,
1040505249,0.03460109744,0.0179453416,
1040705269,0.03487402296,0.01903455518,
1040905289,0.03511566106,0.02028767407,
1041105308,0.035636092,0.02140274434,
1041305328,0.03601724822,0.02237340962,
1041505348,0.03675192981,0.02317442879,
1041705368,0.03737005339,0.02365638858,
1041905387,0.03873947331,0.02470773537,
1042105407,0.03966348307,0.02546435138,
1042305427,0.0402599519,0.02583258731,
1042505447,0.0413905182,0.02565877886,
1042705466,0.04245146912,0.02621989502,
1042905486,0.04302191538,0.02713825095,
1043105506,0.04366256184,0.02697775283,
1043305526,0.04521992342,0.02714862679,
1043505545,0.04565471393,0.02745910644,
1043705565,0.04669744347,0.02702260004,
1043905585,0.04721081333,0.02663715746,
1044105605,0.04802208594,0.02693719462,
1044305624,0.04857452206,0.026870947,
1044505644,0.04847007178,0.0264771299,
1044705664,0.04919005886,0.02667471472,
1044905684,0.04953261772,0.02649035122,
1045105703,0.05009993794,0.02638869891,
1045305723,0.05029216966,0.02630961808,
1045505743,0.05057218526,0.02634483779,
1045705763,0.05083625466,0.02662157791,
1045905782,0.05095471237,0.02631650913,
1046105802,0.05109104735,0.02672662388,
1046305822,0.05154438208,0.02598706206,
1046505842,0.0514864725,0.02675568299,
1046705861,0.05229687536,0.02685315537,
1046905881,0.05275165738,0.02716677274,
1047105901,0.05292786066,0.02745916861,
1047305921,0.05327174079,0.02791483611,
1047505940,0.05358486215,0.02866140889,
1047705960,0.0539619451,0.02814075457,
1047905980,0.05460331552,0.02863389674,
1048106000,0.05517550933,0.02820611591,
1048306019,0.05553361022,0.02892322382,
1048506039,0.05657247403,0.02902854954,
1048706059,0.05720617762,0.02884392734,
1048906079,0.05784006618,0.02975832848,
1049106098,0.05824560165,0.02889257607,
1049306118,0.0589244532,0.02911468321,
1049506138,0.05993608469,0.02894627649,
1049706158,0.06065540492,0.02938758838,
1049906177,0.06064965399,0.02921790081,
1050106197,0.06147412501,0.028905141,
1050306217,0.06187607112,0.02856163949,
1050506237,0.06223376897,0.02819667103,
1050706256,0.06289660408,0.0284971186,
1050906276,0.0634037194,0.02803625761,
1051106296,0.06390188591,0.02785594129,
1051306316,0.06425114029,0.02807382266,
1051506335,0.0646423619,0.02788652106,
1051706355,0.06514430896,0.02746194267,
1051906375,0.06520368355,0.02729226389,
1052106395,0.06537731315,0.02738127008,
1052306414,0.06624751373,0.02704176746,
1052506434,0.06674990461,0.02702002992,
1052706454,0.06691681655,0.02673733984,
1052906474,0.06693529132,0.02738642048,
1053106493,0.06743652553,0.02731756923,
1053306513,0.06773365133,0.02715648498,
1053506533,0.06834203033,0.02706748938,
1053706553,0.06849780055,0.02703279696,
1053906572,0.06926609742,0.0273466613,
1054106592,0.06932404912,0.02719886876,
1054306612,0.07036189002,0.02764842528,
1054506632,0.07083858149,0.02674751165,
1054706651,0.07122082093,0.02723780123,
1054906671,0.07169783194,0.02730446003,
1055106691,0.07210597433,0.02701714773,
1055306711,0.07303251995,0.02738183244,
1055506730,0.07363379749,0.02715765556,
1055706750,0.07426807533,0.02740631297,
1055906770,0.07530149224,0.02681949635,
1056106790,0.07600510111,0.02709067874,
1056306809,0.0766873747,0.02690547023,
1056506829,0.07729348663,0.02675589226,
1056706849,0.07824340476,0.02632197523,
1056906869,0.07897047334,0.0265667758,
1057106888,0.08014446345,0.0257263479,
1057306908,0.0810568304,0.02516642891,
1057506928,0.08177694397,0.02434501799,
1057706948,0.08224733726,0.0246001839,
1057906967,0.08276209918,0.02379974233,
1058106987,0.08363162382,0.02308904464,
1058307007,0.08403221304,0.02189430116,
1058507027,0.084348562,0.02140696005,
1058707046,0.08488768144,0.02047566186,
1058907066,0.08524933753,0.01944636304,
1059107086,0.08592865851,0.01891500378,
1059307106,0.08603368811,0.01787386453,
1059507125,0.08627543205,0.01731515166,
1059707145,0.08648594667,0.01661403281,
1059907165,0.08645080319,0.01569976133,
1060107185,0.086530157,0.01502086355,
1060307204,0.0864834234,0.01488308327,
1060507224,0.08635547005,0.01404455351,
1060707244,0.08649828914,0.01361233553,
1060907264,0.08636622658,0.01331329337,
1061107283,0.08628143496,0.0120003823,
1061307303,0.08620979263,0.01188414472,
1061507323,0.08594467116,0.01164208782,
1061707343,0.08561517325,0.01103563083,
1061907362,0.08612127904,0.01076030977,
1062107382,0.08576546905,0.01073800806,
1062307402,0.08520599171,0.01062163028,
1062507422,0.08560207117,0.01043035059,
1062707441,0.0851571142,0.01049381813,
1062907461,0.08505003361,0.009875206592,
1063107481,0.08546080465,0.0102778838,
1063307501,0.08513924608,0.009811525905,
1063507520,0.08547531235,0.009942551404,
1063707540,0.08537083478,0.01022557369,
1063907560,0.08546383933,0.01000897395,
1064107580,0.08575593334,0.01034393994,
1064307599,0.08551253156,0.01062199363,
1064507619,0.0862608538,0.01099076496,
1064707639,0.08652364307,0.01085607893,
1064907659,0.08656469957,0.01084772716,
1065107678,0.08707392965,0.01115094996,
1065307698,0.08757912156,0.01130072652,
1065507718,0.08844197242,0.01132673099,
1065707738,0.08887657268,0.01143641317,
1065907757,0.08946861374,0.01164074538,
1066107777,0.09026031517,0.01187681555,
1066307797,0.09101843288,0.01094875885,
1066507817,0.09189211243,0.01175258514,
1066707836,0.0926854181,0.01082180217,
1066907856,0.09355613476,0.01109660831,
1067107876,0.09441036978,0.01090295264,
1067307896,0.09536652367,0.01058091658,
1067507916,0.09642177545,0.009713320296,
1067707935,0.09696675745,0.00925663717,
1067907955,0.09824978614,0.008542081372,
1068107975,0.09933116494,0.008019085267,
1068307995,0.1007307729,0.007485232014,
1068508014,0.1015039843,0.006982164779,
1068708034,0.1020631244,0.005765148344,
1068908054,0.1029666186,0.003874743106,
1069108074,0.1035734651,0.003265948422,
1069308093,0.1043340133,0.001914319182,
1069508113,0.1055642602,0.0009635961065,
1069708133,0.1063549608,-0.0007072359992,
1069908153,0.106862858,-0.002160248793,
1070108172,0.1071760659,-0.00322456642,
1070308192,0.1068113669,-0.004791547368,
1070508212,0.1071471203,-0.005699039421,
1070708232,0.1073434066,-0.007625261353,
1070908251,0.1076542257,-0.008683280553,
1071108271,0.1072104186,-0.01070148242,
1071308291,0.1075465609,-0.0117829169,
1071508311,0.1067350887,-0.0131388675,
1071708330,0.1073291688,-0.01497198242,
1071908350,0.106328753,-0.01574845777,
1072108370,0.1061209104,-0.01735995584,
1072308390,0.1058240864,-0.01828079026,
1072508409,0.1048399477,-0.0196962674,
1072708429,0.1040619325,-0.02073145432,
1072908449,0.1040201784,-0.02242491929,
1073108469,0.1033194523,-0.02286999504,
1073308488,0.102813577,-0.02372086597,
1073508508,0.1017541007,-0.02443439809,
1073708528,0.1011815094,-0.02568463374,
1073908548,0.1005783188,-0.02610671969,
1074108567,0.09995431229,-0.0263390548,
1074308587,0.09970816701,-0.02742149091,
1074508607,0.09902988332,-0.02847744172,
1074708627,0.0984034439,-0.02885983421,
1074908646,0.09784141107,-0.03012540294,
1075108666,0.09707347609,-0.03007695356,
1075308686,0.09627299299,-0.0308774957,
1075508706,0.09672842965,-0.03177798819,
1075708725,0.09526196589,-0.03217805471,
1075908745,0.09479964097,-0.03280202412,
1076108765,0.09406867505,-0.03352396499,
1076308785,0.0938070965,-0.03402184494,
1076508804,0.09345163409,-0.03461144841,
1076708824,0.09236550346,-0.03591282869,
1076908844,0.09187420614,-0.03616497999,
1077108864,0.09158981013,-0.03735505317,
1077308883,0.09092143464,-0.03768822071,
1077508903,0.09055373742,-0.03823919473,
1077708923,0.08933157043,-0.03906375691,
1077908943,0.0888726625,-0.03929422216,
1078108962,0.08764644894,-0.04072897826,
1078308982,0.08681023521,-0.04092405361,
1078509002,0.08654465889,-0.04099655653,
1078709022,0.08562045429,-0.04193081595,
1078909041,0.08448171026,-0.04292500976,
1079109061,0.08333646073,-0.04354003035,
1079309081,0.08254094691,-0.04426717487,
1079509101,0.08139794695,-0.04435458419,
1079709120,0.08032764301,-0.04499782608,
1079909140,0.07853819587,-0.04572613342,
1080109160,0.07751806747,-0.04587387717,
1080309180,0.07653038348,-0.04669970731,
1080509199,0.07478958609,-0.04667416562,
1080709219,0.07430434198,-0.04667930268,
1080909239,0.0724100905,-0.04685137553,
1081109259,0.0713853624,-0.04702377495,
1081309278,0.07045124175,-0.04672392169,
1081509298,0.06834895478,-0.0464257515,
1081709318,0.06736721482,-0.04595912578,
1081909338,0.06632816567,-0.045383846,
1082109357,0.06498835004,-0.04536290952,
1082309377,0.06408512955,-0.04477856235,
1082509397,0.06244331632,-0.04483030538,
1082709417,0.06148754408,-0.04374995742,
1082909436,0.06105296248,-0.0434392383,
1083109456,0.0596306398,-0.04272148463,
1083309476,0.05931821323,-0.04221494076,
1083509496,0.05794810009,-0.04157071954,
1083709515,0.05771704901,-0.04036461641,
1083909535,0.05683785785,-0.0399213111,
1084109555,0.05629647138,-0.03944003161,
1084309575,0.05546820343,-0.03830683048,
1084509594,0.05446394904,-0.03842010546,
1084709614,0.05397630957,-0.03739774707,
1084909634,0.05347832278,-0.03644641038,
1085109654,0.05283170315,-0.03582851453,
1085309673,0.05221536697,-0.03525093105,
1085509693,0.05255251521,-0.03454463613,
1085709713,0.05201454169,-0.03396942065,
1085909733,0.05097043369,-0.03283961116,
1086109752,0.05077550326,-0.03276571972,
1086309772,0.05074828282,-0.03125074792,
1086509792,0.05019922001,-0.0308602717,
1086709812,0.05002831005,-0.02989350789,
1086909831,0.04979773214,-0.02902932024,
1087109851,0.04925533811,-0.02821126054,
1087309871,0.04958014663,-0.0273722451,
1087509891,0.04901909011,-0.02696148108,
1087709910,0.04891200003,-0.02632112389,
1087909930,0.04859766287,-0.02609545548,
1088109950,0.04852871377,-0.02502562782,
1088309970,0.04826435496,-0.02407854342,
1088509989,0.04837139458,-0.02346101369,
1088710009,0.04783464747,-0.02301188213,
1088910029,0.04820720185,-0.02198117591,
1089110049,0.0479282286,-0.02145303272,
1089310068,0.04806312035,-0.02103480217,
1089510088,0.0477655264,-0.02027964414,
1089710108,0.04745855011,-0.01927335909,
1089910128,0.04784784106,-0.01851474881,
1090110147,0.04744985683,-0.01695031713,
1090310167,0.04716660122,-0.0165903998,
1090510187,0.04727510705,-0.01554584369,
1090710207,0.04711445376,-0.01458382687,
1090910226,0.04732693188,-0.01393106992,
1091110246,0.04750513157,-0.01333758152,
1091310266,0.04777945983,-0.01193202701,
1091510286,0.04799073204,-0.0106852264,
1091710305,0.0483923488,-0.01038097295,
1091910325,0.04864545447,-0.009026882285,
1092110345,0.04922561448,-0.00753580224,
1092310365,0.04904772465,-0.006592688086,
1092510384,0.04999605324,-0.006024283248,
1092710404,0.05025677387,-0.005031516928,
1092910424,0.05098404797,-0.003957274781,
1093110444,0.05187505561,-0.002664271649,
1093310463,0.05277480868,-0.001959252391,
1093510483,0.05389347148,-0.001637218348,
1093710503,0.05465754418,-0.0004488449676,
1093910523,0.05622576642,0.00026566953,
1094110543,0.05712500307,0.001310750433,
1094310562,0.05840049986,0.001742250001,
1094510582,0.05974226852,0.001787330113,
1094710602,0.06064072968,0.002316490139,
1094910622,0.06225119313,0.00250018149,
1095110641,0.0632330789,0.00338505381,
1095310661,0.06456567429,0.003570419259,
1095510681,0.06578108394,0.003408348264,
1095710701,0.06731452303,0.003154446487,
1095910720,0.06851045031,0.003093915996,
1096110740,0.07025723169,0.002505535111,
1096310760,0.07160977121,0.002315032006,
1096510780,0.07252773612,0.002493843702,
1096710799,0.07361135445,0.002361568143,
1096910819,0.0750377314,0.001271677641,
1097110839,0.07625449706,0.00071025569,
1097310859,0.07684478945,0.0003701123376,
1097510878,0.07834706481,-0.0005768438127,
1097710898,0.07939743095,-0.001427450804,
1097910918,0.07965107201,-0.00243558014,
1098110938,0.08105927207,-0.002835755833,
1098310957,0.08179241464,-0.004023900278,
1098510977,0.08223841852,-0.005305851736,
1098710997,0.08291249348,-0.005524965581,
1098911017,0.08290045558,-0.006848717955,
1099111036,0.08383052247,-0.00726122903,
1099311056,0.08416545578,-0.008741022702,
1099511076,0.08487776428,-0.009579024048,
1099711096,0.08460443737,-0.01083690542,
1099911115,0.08467681523,-0.01172754653,
1100111135,0.08561901542,-0.01250818486,
1100311155,0.08576288502,-0.01348169774,
1100511175,0.08510972502,-0.01465417152,
1100711194,0.08547352496,-0.01491063232,
1100911214,0.08489730961,-0.0162090046,
1101111234,0.08516490891,-0.01613932079,
1101311254,0.08496332211,-0.01695841924,
1101511273,0.08452253979,-0.01799265642,
1101711293,0.08509930802,-0.01866661362,
1101911313,0.08482665604,-0.01898539983,
1102111333,0.08428973666,-0.01948327136,
1102311352,0.08430960822,-0.02019393541,
1102511372,0.08391470114,-0.02047604691,
1102711392,0.08400902206,-0.02082977651,
1102911412,0.084235632,-0.02138009434,
1103111431,0.08405029205,-0.0214428241,
1103311451,0.08387548534,-0.02150769956,
1103511471,0.08426732047,-0.02180468699,
1103711491,0.08409997309,-0.02210011687,
1103911510,0.08408465478,-0.02245395923,
1104111530,0.08472397491,-0.02277091965,
1104311550,0.08472341187,-0.02252373085,
1104511570,0.08514327029,-0.02349053815,
1104711589,0.08566697626,-0.02376421759,
1104911609,0.08612302877,-0.02394564728,
1105111629,0.08633688227,-0.02439154761,
1105311649,0.0868205456,-0.02520809854,
1105511668,0.08719294351,-0.02598388087,
1105711688,0.08765062963,-0.02669643353,
1105911708,0.08872156517,-0.02752115494,
1106111728,0.08846227785,-0.02813059928,
1106311747,0.08903799243,-0.02915407318,
1106511767,0.08975196861,-0.03033896128,
1106711787,0.09001204074,-0.03130715419,
1106911807,0.08953377421,-0.03235380337,
1107111826,0.08978536061,-0.03404560169,
1107311846,0.09016423545,-0.03497974887,
1107511866,0.09017220191,-0.03646895654,
1107711886,0.08943954237,-0.03824296258,
1107911905,0.08913078987,-0.03958936597,
1108111925,0.08935408317,-0.04104156987,
1108311945,0.08868390253,-0.04249711911,
1108511965,0.08793851246,-0.04376803953,
1108711984,0.08720972227,-0.04521077184,
1108912004,0.08641084704,-0.04630370457,
1109112024,0.08525067877,-0.04832086523,
1109312044,0.08484768468,-0.04923945073,
1109512063,0.08348878807,-0.05050297914,
1109712083,0.08204209881,-0.05203666005,
1109912103,0.08074759343,-0.05295865607,
1110112123,0.0793398934,-0.0539132839,
1110312142,0.07794363522,-0.05509798082,
1110512162,0.07576165458,-0.05539556422,
1110712182,0.07451879936,-0.05601247375,
1110912202,0.07344381835,-0.05688237398,
1111112221,0.07131018468,-0.05748815173,
1111312241,0.07004651443,-0.05842209249,
1111512261,0.0678346318,-0.05744017211,
1111712281,0.0661734979,-0.05806384255,
1111912300,0.06430224676,-0.05829600637,
1112112320,0.06261720888,-0.05794633169,
1112312340,0.0611592362,-0.05805577656,
1112512360,0.05939347064,-0.05748847355,
1112712379,0.05805108137,-0.05734123127,
1112912399,0.05670736183,-0.05614428249,
1113112419,0.05517695663,-0.05503142987,
1113312439,0.05389172244,-0.05486905835,
1113512458,0.05269556751,-0.05397129182,
1113712478,0.05229549,-0.05301305396,
1113912498,0.05050141313,-0.05194627945,
1114112518,0.05025234902,-0.05080550748,
1114312537,0.04949640664,-0.04960484266,
1114512557,0.04856585097,-0.04916237526,
1114712577,0.04788065968,-0.04831515294,
1114912597,0.04784548902,-0.04729769268,
1115112616,0.04709067917,-0.04682927663,
1115312636,0.04688242894,-0.04547565256,
1115512656,0.04668958788,-0.04497718402,
1115712676,0.04613797194,-0.04413796768,
1115912695,0.04625964262,-0.04383847629,
1116112715,0.04574845041,-0.04235299134,
1116312735,0.04551327463,-0.04201796033,
1116512755,0.04568929083,-0.04193803359,
1116712774,0.04534290621,-0.04118088298,
1116912794,0.04502547106,-0.0406593651,
1117112814,0.04533105158,-0.04055604618,
1117312834,0.04479863876,-0.04002291763,
1117512853,0.04452320734,-0.04002973549,
1117712873,0.0443473566,-0.03994144387,
1117912893,0.04375344958,-0.03945188867,
1118112913,0.04337485497,-0.03934162664,
1118312932,0.0430666651,-0.03873128935,
1118512952,0.04190695128,-0.03891435171,
1118712972,0.04194201013,-0.0379846015,
1118912992,0.04100340247,-0.03763122566,
1119113011,0.04033640115,-0.03688958133,
1119313031,0.03972712768,-0.03691007042,
1119513051,0.03893125466,-0.03584256967,
1119713071,0.03831470949,-0.03510487524,
1119913090,0.03798836442,-0.03434919413,
1120113110,0.03724511699,-0.03393216443,
1120313130,0.03664257714,-0.03271311203,
1120513150,0.03598058718,-0.0316105199,
1120713170,0.03600422887,-0.03044208772,
1120913189,0.03580054993,-0.02933052027,
1121113209,0.03532917679,-0.02830542619,
1121313229,0.03475056844,-0.02697414504,
1121513249,0.03449256365,-0.02578540009,
1121713268,0.03446494665,-0.02443055483,
1121913288,0.03425906184,-0.02317857873,
1122113308,0.03393510838,-0.02187362288,
1122313328,0.03426556866,-0.02052210759,
1122513347,0.03451068712,-0.01939290217,
1122713367,0.0349194329,-0.01816224947,
1122913387,0.03521954528,-0.01612039534,
1123113407,0.0358512894,-0.0153735112,
1123313426,0.03619500721,-0.01384294383,
1123513446,0.03733074314,-0.01310252875,
1123713466,0.0380110736,-0.01140849834,
1123913486,0.03892238219,-0.01098629356,
1124113505,0.03962544661,-0.009481140604,
1124313525,0.04058219714,-0.008886688005,
1124513545,0.04181103058,-0.007888361889,
1124713565,0.04256865182,-0.00767270416,
1124913584,0.04386351755,-0.006488918179,
1125113604,0.04507168538,-0.005981544254,
1125313624,0.04619615791,-0.005414796192,
1125513644,0.04712547289,-0.005241070687,
1125713663,0.04812006378,-0.004762051702,
1125913683,0.04932580876,-0.004901057093,
1126113703,0.0498958182,-0.004476835606,
1126313723,0.05135573878,-0.004452749805,
1126513742,0.05200340396,-0.004596607165,
1126713762,0.05295516293,-0.004707933077,
1126913782,0.05421023783,-0.004508005303,
1127113802,0.05517644871,-0.004626222215,
1127313821,0.05628605125,-0.004222512095,
1127513841,0.05703833428,-0.004716964548,
1127713861,0.05821953647,-0.005777294625,
1127913881,0.0588861904,-0.005486733121,
1128113900,0.05992704269,-0.005982389529,
1128313920,0.060612311,-0.006741248219,
1128513940,0.0612064248,-0.006946560153,
1128713960,0.06192837914,-0.007063015148,
1128913979,0.06241405311,-0.007758931665,
1129113999,0.06342299647,-0.008392564705,
1129314019,0.06350277147,-0.008854998214,
1129514039,0.06456766067,-0.009579708387,
1129714058,0.06475146022,-0.01039716955,
1129914078,0.06470961676,-0.01098138314,
1130114098,0.06545699872,-0.01149177577,
1130314118,0.06554349136,-0.01193743906,
1130514137,0.06565679309,-0.01254163583,
1130714157,0.06601726224,-0.01300610505,
1130914177,0.06603054322,-0.01440852692,
1131114197,0.06637203204,-0.01525249191,
1131314216,0.06614252711,-0.01504782913,
1131514236,0.06567608876,-0.01569275499,
1131714256,0.0660606327,-0.01656368866,
1131914276,0.06600883042,-0.01607615295,
1132114295,0.06570221467,-0.01742552119,
1132314315,0.06546336222,-0.01738249829,
1132514335,0.0650908769,-0.01766739678,
1132714355,0.06488352871,-0.01781741237,
1132914374,0.06504720318,-0.01795376594,
1133114394,0.06447007409,-0.0186833,
1133314414,0.06453578874,-0.01840366918,
1133514434,0.06449621938,-0.01863313221,
1133714453,0.06402971107,-0.01870095737,
1133914473,0.06396904615,-0.01849410154,
1134114493,0.06380763864,-0.01813610118,
1134314513,0.06413150438,-0.01850758619,
1134514532,0.06373157335,-0.01793291255,
1134714552,0.06367416157,-0.01796296591,
1134914572,0.06414474115,-0.0181706395,
1135114592,0.06445191645,-0.01832063153,
1135314611,0.06469281656,-0.01842109191,
1135514631,0.06464064046,-0.01810751438,
1135714651,0.06458482493,-0.01864531416,
1135914671,0.06451607999,-0.01820495243,
1136114690,0.06533377977,-0.01822044777,
1136314710,0.06536973934,-0.01847736939,
1136514730,0.06580782941,-0.01878571508,
1136714750,0.06615764334,-0.01916101158,
1136914769,0.06592589648,-0.01886856652,
1137114789,0.06599637582,-0.01953300646,
1137314809,0.06629605451,-0.02024598914,
1137514829,0.06555345994,-0.020120863,
1137714848,0.06610656683,-0.02058284231,
1137914868,0.06622203705,-0.02111403908,
1138114888,0.06590889938,-0.02127169231,
1138314908,0.06575546714,-0.0214125654,
1138514927,0.06541424009,-0.02155421529,
1138714947,0.06538807643,-0.02129241092,
1138914967,0.06499819813,-0.02224130067,
1139114987,0.06412056484,-0.02188436386,
1139315006,0.06409771833,-0.02206478587,
1139515026,0.0641455537,-0.02193211299,
1139715046,0.06373061368,-0.02166720467,
1139915066,0.06373587576,-0.02148074123,
1140115085,0.06331633756,-0.02155204638,
1140315105,0.06358477707,-0.02135460066,
1140515125,0.06358721224,-0.02108648052,
1140715145,0.06332485155,-0.0206315205,
1140915164,0.06383378513,-0.02050743679,
1141115184,0.06363020635,-0.02050010581,
1141315204,0.06402511005,-0.02035669612,
1141515224,0.06384073192,-0.0197501481,
1141715243,0.0640647483,-0.01951097284,
1141915263,0.0644858164,-0.01961597416,
1142115283,0.06468381111,-0.01925749056,
1142315303,0.06557666945,-0.01919548511,
1142515322,0.06551028974,-0.01925290078,
1142715342,0.06579638391,-0.01952525772,
1142915362,0.06620613784,-0.01922107094,
1143115382,0.06709275929,-0.01991760735,
1143315401,0.06711201252,-0.01977631868,
1143515421,0.06805576939,-0.02003898159,
1143715441,0.06854396354,-0.02090414728,
1143915461,0.06844394426,-0.02099468483,
1144115480,0.06911600243,-0.02162785107,
1144315500,0.06931236329,-0.02211704613,
1144515520,0.0696135824,-0.0225022257,
1144715540,0.0699036546,-0.02326958477,
1144915559,0.0697825164,-0.02350367601,
1145115579,0.06977741697,-0.02445787882,
1145315599,0.06982554864,-0.02471293059,
1145515619,0.06964292802,-0.02519427771,
1145715638,0.06943945407,-0.02577054885,
1145915658,0.06893880382,-0.0265991591,
1146115678,0.06888164564,-0.02725248706,
1146315698,0.067740395,-0.02756959003,
1146515717,0.06772825467,-0.02804074529,
1146715737,0.06693916707,-0.02806642203,
1146915757,0.06684231596,-0.02867139813,
1147115777,0.06632563966,-0.02903395871,
1147315797,0.06526696261,-0.0287914418,
1147515816,0.06460631585,-0.02881495803,
1147715836,0.06436265976,-0.02916351027,
1147915856,0.06359817633,-0.028908784,
1148115876,0.0627635152,-0.02861098423,
1148315895,0.06230175867,-0.02845132839,
1148515915,0.06185447162,-0.02841035822,
1148715935,0.06182209911,-0.02811441915,
1148915955,0.06157587485,-0.02715680764,
1149115974,0.06124847261,-0.02698537954,
1149315994,0.06083407466,-0.02673226767,
1149516014,0.06086647382,-0.02632390648,
1149716034,0.06064939661,-0.02571277536,
1149916053,0.06020418093,-0.02521399803,
1150116073,0.06071889105,-0.02467479063,
1150316093,0.06066869894,-0.0247672839,
1150516113,0.06029026569,-0.02428823939,
1150716132,0.06118666878,-0.02412317994,
1150916152,0.06066119322,-0.02337443039,
1151116172,0.06099523222,-0.0229712111,
1151316192,0.06160661327,-0.02283888082,
1151516211,0.06190479595,-0.02276134435,
1151716231,0.06228321321,-0.02242528967,
1151916251,0.06245030321,-0.02227448956,
1152116271,0.06274718428,-0.0227524289,
1152316290,0.06323874527,-0.02195599609,
1152516310,0.06332552324,-0.0221019301,
1152716330,0.06341270214,-0.02295678908,
1152916350,0.06372055828,-0.02206479435,
1153116369,0.06439017315,-0.02243792251,
1153316389,0.06389970852,-0.02258944454,
1153516409,0.06402880829,-0.02273131594,
1153716429,0.063963809,-0.02279940445,
1153916448,0.06459563397,-0.02296010139,
1154116468,0.06413011605,-0.02307471094,
1154316488,0.06443736804,-0.02285250525,
1154516508,0.06433351981,-0.02349757851,
1154716527,0.06428489459,-0.0231671422,
1154916547,0.06449426969,-0.02317639462,
1155116567,0.06448972352,-0.02352857633,
1155316587,0.06432103799,-0.02261638623,
1155516606,0.06400695588,-0.02287285041,
1155716626,0.06376880621,-0.02294141833,
1155916646,0.06449766603,-0.02298896575,
1156116666,0.06477223825,-0.02277403012,
1156316685,0.06463642135,-0.02247537704,
1156516705,0.06441374132,-0.02203153276,
1156716725,0.06420452321,-0.02202584925,
1156916745,0.06515592543,-0.02155029613,
1157116764,0.06473738137,-0.02198633874,
1157316784,0.06520180421,-0.0209117597,
1157516804,0.06555140983,-0.02075624966,
1157716824,0.06548441236,-0.02056547572,
1157916843,0.06597687504,-0.02031942284,
1158116863,0.06644831914,-0.02081865834,
1158316883,0.06665777215,-0.02073027494,
1158516903,0.06692142336,-0.02046975376,
1158716922,0.06740274053,-0.01993200002,
1158916942,0.06801309256,-0.02064642962,
1159116962,0.06858639617,-0.02071254301,
1159316982,0.06882099061,-0.02079195775,
1159517001,0.06957235629,-0.02121056178,
1159717021,0.06965027506,-0.02108504593,
1159917041,0.07023525491,-0.02092580316,
1160117061,0.07078033669,-0.02162678367,
1160317080,0.07077103062,-0.02211600926,
1160517100,0.07137879181,-0.02129431375,
1160717120,0.07138703589,-0.0222829503,
1160917140,0.07244854118,-0.02233460819,
1161117159,0.07259166046,-0.02290094508,
1161317179,0.07221357867,-0.02348672659,
1161517199,0.07285798313,-0.02402641187,
1161717219,0.07308098774,-0.02406904029,
1161917238,0.07347180726,-0.02454978752,
1162117258,0.07356042328,-0.02478720017,
1162317278,0.07386936917,-0.02508794668,
1162517298,0.07418114275,-0.02604009885,
1162717317,0.07415177422,-0.0263891362,
1162917337,0.07454223834,-0.0268659926,
1163117357,0.07387696283,-0.02693826315,
1163317377,0.07432318702,-0.02723949148,
1163517396,0.07392437407,-0.02768552323,
1163717416,0.07467666878,-0.02826881321,
1163917436,0.07475876301,-0.02813071611,
1164117456,0.07415131695,-0.02886792357,
1164317475,0.0748423849,-0.02905945939,
1164517495,0.07434241386,-0.02946305088,
1164717515,0.07435619487,-0.02981354868,
1164917535,0.07451072902,-0.03006242215,
1165117554,0.07465970344,-0.03018003613,
1165317574,0.07481166078,-0.0307653873,
1165517594,0.0746626198,-0.03151986698,
1165717614,0.07466444076,-0.03124873705,
1165917633,0.07486163339,-0.03196083367,
1166117653,0.07498264892,-0.03196169022,
1166317673,0.07514740809,-0.03303556421,
1166517693,0.07506491418,-0.03341933851,
1166717712,0.07533618003,-0.03341374455,
1166917732,0.07522039835,-0.03392942975,
1167117752,0.07480508574,-0.03460755543,
1167317772,0.07479138587,-0.0349728837,
1167517791,0.07486035596,-0.03529816725,
1167717811,0.07549131551,-0.03593386141,
1167917831,0.07440974787,-0.03681087654,
1168117851,0.07477993593,-0.03725459599,
1168317870,0.07441268489,-0.03758148727,
1168517890,0.07402044852,-0.03749771607,
1168717910,0.07385134002,-0.03829722394,
1168917930,0.07362538486,-0.03865615302,
1169117949,0.07343790895,-0.0387030232,
1169317969,0.07309586393,-0.03916055814,
1169517989,0.07308386463,-0.03961742782,
1169718009,0.0728189782,-0.03995466853,
1169918028,0.07254204612,-0.03991434691,
1170118048,0.07238502927,-0.03993864868,
1170318068,0.0720034713,-0.04102661079,
1170518088,0.07235243752,-0.04128073276,
1170718107,0.07226328449,-0.04121197134,
1170918127,0.07149727044,-0.04204405134,
1171118147,0.07176062265,-0.04245793665,
1171318167,0.07147986191,-0.04243752677,
1171518186,0.07168197376,-0.04300002936,
1171718206,0.07074529986,-0.04351085396,
1171918226,0.07037104639,-0.04486283705,
1172118246,0.0707064562,-0.04444653013,
1172318265,0.07038267128,-0.04581348839,
1172518285,0.0694918678,-0.04596317995,
1172718305,0.06972837028,-0.04683611414,
1172918325,0.06909311426,-0.04719639244,
1173118344,0.06810498251,-0.04803034237,
1173318364,0.06807311102,-0.0491375198,
1173518384,0.06715610928,-0.0489037124,
1173718404,0.06636506487,-0.04960126333,
1173918424,0.06568779718,-0.05044842905,
1174118443,0.06449099657,-0.05053205248,
1174318463,0.06381528704,-0.05077383718,
1174518483,0.06242318428,-0.05094007048,
1174718503,0.06177185832,-0.05127512562,
1174918522,0.06013024399,-0.05162590764,
1175118542,0.05950636565,-0.05118838945,
1175318562,0.05839179793,-0.05109122623,
1175518582,0.05751995112,-0.05102074074,
1175718601,0.05625746181,-0.05042828358,
1175918621,0.05533226904,-0.05013870252,
1176118641,0.05483011827,-0.04985267672,
1176318661,0.05379564523,-0.04855537097,
1176518680,0.05253502723,-0.04832042617,
1176718700,0.05206431273,-0.04745313288,
1176918720,0.05164431397,-0.04658463611,
1177118740,0.05115596493,-0.04540003045,
1177318759,0.05039151056,-0.04477794102,
1177518779,0.05041424849,-0.04383666888,
1177718799,0.04953059206,-0.04282988916,
1177918819,0.04966405894,-0.04130257923,
1178118838,0.04968602297,-0.04038532986,
1178318858,0.05033954868,-0.03949417277,
1178518878,0.04993707401,-0.03895329273,
1178718898,0.05049689871,-0.0377767594,
1178918917,0.05068460252,-0.03726794411,
1179118937,0.05175783599,-0.03616056521,
1179318957,0.05162807187,-0.03560758909,
1179518977,0.05246244859,-0.0347388739,
1179718996,0.05280197811,-0.03471605753,
1179919016,0.05352378304,-0.03409921003,
1180119036,0.05482255366,-0.03358845937,
1180319056,0.05478499992,-0.03342841221,
1180519075,0.05569749359,-0.03325778611,
1180719095,0.05678372547,-0.03303447045,
1180919115,0.05754098813,-0.03315671429,
1181119135,0.05813418613,-0.03338717208,
1181319154,0.05819717088,-0.03333862706,
1181519174,0.05863607145,-0.03384410892,
1181719194,0.05985136127,-0.03443914095,
1181919214,0.06023799943,-0.03502942432,
1182119233,0.06077241187,-0.03484786192,
1182319253,0.06107732692,-0.03569157309,
1182519273,0.0612620979,-0.03617342653,
1182719293,0.06161529911,-0.03668978709,
1182919312,0.06220144919,-0.03709200406,
1183119332,0.06240501024,-0.03819400255,
1183319352,0.06201157551,-0.03860674159,
1183519372,0.06226598275,-0.0394431128,
1183719391,0.06216233713,-0.03981102619,
1183919411,0.06225251174,-0.04080007903,
1184119431,0.06192123547,-0.04128017802,
1184319451,0.06199596123,-0.04191826684,
1184519470,0.06142497015,-0.04210336027,
1184719490,0.06194152363,-0.04355782635,
1184919510,0.06108849628,-0.04403622753,
1185119530,0.06087621189,-0.04453346766,
1185319549,0.0606652963,-0.04495962053,
1185519569,0.0596690924,-0.04554204873,
1185719589,0.05969036431,-0.04572777655,
1185919609,0.05888245934,-0.04629884937,
1186119628,0.05862517403,-0.04673952468,
1186319648,0.05834939599,-0.0470666281,
1186519668,0.05713249366,-0.04734306992,
1186719688,0.05665402838,-0.04715822415,
1186919707,0.05607631888,-0.04797630294,
1187119727,0.05660140168,-0.04791706757,
1187319747,0.05555849799,-0.04781804894,
1187519767,0.05508560738,-0.04782490737,
1187719786,0.05452357174,-0.04804674632,
1187919806,0.0532669119,-0.04839395486,
1188119826,0.05308505779,-0.04799370962,
1188319846,0.05341637432,-0.04801071453,
1188519865,0.05215418647,-0.0482007148,
1188719885,0.05203935904,-0.04878244264,
1188919905,0.05127728028,-0.0485674446,
1189119925,0.05082883936,-0.04821718673,
1189319944,0.05068920857,-0.04827876291,
1189519964,0.05030580141,-0.04797333327,
1189719984,0.05008090895,-0.04841869945,
1189920004,0.04923712846,-0.04823383511,
1190120023,0.04898160516,-0.04850515587,
1190320043,0.04892580381,-0.04762372345,
1190520063,0.04872821363,-0.04814351451,
1190720083,0.04830909694,-0.04806358004,
1190920102,0.04845848606,-0.04841532158,
1191120122,0.04794382355,-0.04870747344,
1191320142,0.04758234339,-0.04816749537,
1191520162,0.04766151178,-0.048911054,
1191720181,0.04739947888,-0.04847381038,
1191920201,0.04638555534,-0.04904485291,
1192120221,0.04601027925,-0.04920824255,
1192320241,0.04573995026,-0.04961711506,
1192520260,0.04467414088,-0.04975214247,
1192720280,0.04470774878,-0.05020768259,
1192920300,0.04420353798,-0.05032208144,
1193120320,0.04301451618,-0.0508162309,
1193320339,0.04223154594,-0.05061256562,
1193520359,0.04152367902,-0.05054216397,
1193720379,0.04037245861,-0.05111555907,
1193920399,0.03930187444,-0.05083533443,
1194120418,0.038554415,-0.05040976064,
1194320438,0.03731943406,-0.05066529722,
1194520458,0.03708868362,-0.05021563544,
1194720478,0.03591544249,-0.0499563084,
1194920497,0.03456363963,-0.05004325627,
1195120517,0.03431691175,-0.04866148431,
1195320537,0.03296925799,-0.04859861214,
1195520557,0.03226624081,-0.04793867078,
1195720576,0.03149298201,-0.04729456901,
1195920596,0.03021138033,-0.04647894892,
1196120616,0.02941577005,-0.04629489791,
1196320636,0.02884663951,-0.04482888227,
1196520655,0.0285781871,-0.04467950942,
1196720675,0.02750944541,-0.04348717121,
1196920695,0.02687412887,-0.04293925638,
1197120715,0.02660531739,-0.04221505433,
1197320734,0.02597282063,-0.04132758777,
1197520754,0.02546359604,-0.04042026799,
1197720774,0.02524656074,-0.03939876633,
1197920794,0.02446467795,-0.03830275661,
1198120813,0.02442495457,-0.03783222895,
1198320833,0.02379306294,-0.03653798858,
1198520853,0.02347297195,-0.03583616446,
1198720873,0.02365747026,-0.03468274768,
1198920892,0.02319521056,-0.03387650766,
1199120912,0.02254513646,-0.03336960203,
1199320932,0.02255402937,-0.0320477242,
1199520952,0.02249040308,-0.03148438838,
1199720971,0.02269176185,-0.03087917531,
1199920991,0.02220731585,-0.02979895942,
1200121011,0.02234465397,-0.0290463541,
1200321031,0.02218044938,-0.02820924736,
1200521051,0.02214287416,-0.02734543432,
1200721070,0.02209993158,-0.02666138704,
1200921090,0.02195527817,-0.02548897207,
1201121110,0.02240906977,-0.02447521896,
1201321130,0.02197907946,-0.02361103862,
1201521149,0.02191246357,-0.02294209685,
1201721169,0.0219281729,-0.02202739876,
1201921189,0.02194949513,-0.02132366726,
1202121209,0.02251786537,-0.0205540817,
1202321228,0.02265198963,-0.01958148692,
1202521248,0.02241096791,-0.01851151231,
1202721268,0.02257095704,-0.01750651309,
1202921288,0.02250584929,-0.01672658796,
1203121307,0.02272800763,-0.0159709312,
1203321327,0.02307288691,-0.01500494483,
1203521347,0.02340919941,-0.01458055464,
1203721367,0.0236211761,-0.01356189804,
1203921386,0.02398520173,-0.01229838721,
1204121406,0.02467942791,-0.01178595891,
1204321426,0.02489366394,-0.01118579537,
1204521446,0.0252147846,-0.01030604612,
1204721465,0.02581313814,-0.009908910157,
1204921485,0.02603496839,-0.00881846547,
1205121505,0.02701703462,-0.008315964087,
1205321525,0.02695337864,-0.007634974102,
1205521544,0.02792151982,-0.007420841313,
1205721564,0.02860262063,-0.006494184317,
1205921584,0.02892397372,-0.006641941831,
1206121604,0.0298033692,-0.005499539297,
1206321623,0.03009671083,-0.005085701891,
1206521643,0.03058409828,-0.005142960948,
1206721663,0.03168112142,-0.004880563181,
1206921683,0.03185059445,-0.004767810647,
1207121702,0.03212120413,-0.004511963928,
1207321722,0.03264113825,-0.004035808884,
1207521742,0.03267121676,-0.002964318722,
1207721762,0.03300374288,-0.002900161449,
1207921781,0.03335011017,-0.002712278935,
1208121801,0.03380906337,-0.002464934488,
1208321821,0.03412899544,-0.002485948731,
1208521841,0.03417065204,-0.00161540554,
1208721860,0.03414866742,-0.001288494306,
1208921880,0.03483725876,-0.001271490863,
1209121900,0.03480982463,-0.0002566971777,
1209321920,0.0353143708,6.094635557e-05,
1209521939,0.03525419159,0.0008276608118,
1209721959,0.03559533793,0.001153798309,
1209921979,0.0359101235,0.00197601973,
1210121999,0.03627671529,0.002607818786,
1210322018,0.03699622578,0.003889327404,
1210522038,0.03739949587,0.003778895227,
1210722058,0.03853234396,0.004422571304,
1210922078,0.03877669926,0.005532807769,
1211122097,0.03910005902,0.006322579392,
1211322117,0.0397447089,0.006561868221,
1211522137,0.04083366254,0.007130464941,
1211722157,0.04189159754,0.00797639936,
1211922176,0.04223221775,0.008544948322,
1212122196,0.043598168,0.009040265582,
1212322216,0.04439043585,0.00937524493,
1212522236,0.04532599063,0.00999647277,
1212722255,0.0466971674,0.01060353333,
1212922275,0.04763581125,0.01034427515,
1213122295,0.04854447201,0.01105550563,
1213322315,0.0494692547,0.01111571782,
1213522334,0.05098492882,0.0108656221,
1213722354,0.05210841784,0.01094798537,
1213922374,0.0533250512,0.01123854746,
1214122394,0.0545544057,0.01101276966,
1214322413,0.05572478208,0.01125389227,
1214522433,0.05674041565,0.01107596957,
1214722453,0.05796502294,0.01111525271,
1214922473,0.05893764662,0.01006733444,
1215122492,0.06003782461,0.009601483204,
1215322512,0.06133492896,0.009425654803,
1215522532,0.06235029476,0.009462186559,
1215722552,0.06292229054,0.008733739687,
1215922571,0.06374253043,0.00844936975,
1216122591,0.06469720304,0.007280897396,
1216322611,0.06534188813,0.007102494284,
1216522631,0.06637373816,0.006831961777,
1216722650,0.06750533462,0.00575438865,
1216922670,0.06820786206,0.004626689164,
1217122690,0.06839964163,0.004609883093,
1217322710,0.06976648225,0.003587819023,
1217522729,0.07001938377,0.003115633452,
1217722749,0.07062043102,0.001667101388,
1217922769,0.07113106018,0.001484906152,
1218122789,0.07145700758,8.345249118e-05,
1218322808,0.07168845512,-0.0006604947691,
1218522828,0.07213089502,-0.001034488765,
1218722848,0.07225098744,-0.001737619111,
1218922868,0.07250692041,-0.003272319964,
1219122887,0.07271959902,-0.003401308452,
1219322907,0.07294362688,-0.004010088597,
1219522927,0.07242963501,-0.005576966822,
1219722947,0.0733845469,-0.005871361487,
1219922966,0.07341975145,-0.006508658276,
1220122986,0.07272574579,-0.00687030808,
1220323006,0.07296784612,-0.008243436026,
1220523026,0.07320434924,-0.008586471064,
1220723045,0.07314742998,-0.009129803074,
1220923065,0.07262362428,-0.009105560892,
1221123085,0.07217932806,-0.009996247696,
1221323105,0.07241126679,-0.01099779449,
1221523124,0.07232489026,-0.01120463681,
1221723144,0.07186626257,-0.01127901869,
1221923164,0.07218985588,-0.01140541213,
1222123184,0.07199298047,-0.01177074824,
1222323203,0.07211632577,-0.01198352432,
1222523223,0.07180784994,-0.01257247878,
1222723243,0.071909843,-0.012696654,
1222923263,0.07105485018,-0.01282031942,
1223123282,0.07174988727,-0.01297757675,
1223323302,0.07078794462,-0.01338829859,
1223523322,0.07093800944,-0.01352421368,
1223723342,0.07149981241,-0.01420833064,
1223923361,0.07128151711,-0.01426575739,
1224123381,0.07190064895,-0.01492296436,
1224323401,0.07141330396,-0.01502320318,
1224523421,0.07125572556,-0.01534434176,
1224723440,0.07132505411,-0.01615841852,
1224923460,0.07112877673,-0.01614170255,
1225123480,0.07120590948,-0.0163618619,
1225323500,0.07065666089,-0.01712675344,
1225523519,0.07061289804,-0.01676461351,
1225723539,0.07033661467,-0.01794418061,
1225923559,0.07025280726,-0.01764723046,
1226123579,0.07093474402,-0.01870810893,
1226323598,0.07028032102,-0.01924886305,
1226523618,0.06977153834,-0.01931342486,
1226723638,0.06961407072,-0.01976374604,
1226923658,0.0693946535,-0.01965949871,
1227123678,0.06883946809,-0.01986434766,
1227323697,0.06820761806,-0.01976586222,
1227523717,0.06828640231,-0.02005339452,
1227723737,0.06803124563,-0.02003960415,
1227923757,0.06731688406,-0.02027570614,
1228123776,0.06695790693,-0.02030875025,
1228323796,0.0664259307,-0.0211536485,
1228523816,0.0668648765,-0.0201994765,
1228723836,0.06595553077,-0.02062598355,
1228923855,0.06590451024,-0.02071750109,
1229123875,0.06588691055,-0.02024867016,
1229323895,0.06480491709,-0.02031471949,
1229523915,0.06516862773,-0.02047469148,
1229723934,0.0652630835,-0.02056497473,
1229923954,0.06425806596,-0.0196146301,
1230123974,0.06443051499,-0.01990546481,
1230323994,0.06455054526,-0.01974756565,
1230524013,0.06420074315,-0.01927435729,
1230724033,0.06426872351,-0.01942097611,
1230924053,0.06378195117,-0.01949398318,
1231124073,0.06389439541,-0.01954104492,
1231324092,0.0638483563,-0.01898654859,
1231524112,0.06384017484,-0.01916406033,
1231724132,0.0632952897,-0.01899359984,
1231924152,0.06339650824,-0.01930292244,
1232124171,0.06319589084,-0.01876799121,
1232324191,0.06327685539,-0.0191758663,
1232524211,0.06314675722,-0.01921489137,
1232724231,0.06313560554,-0.01850622046,
1232924250,0.06241730757,-0.01846230879,
1233124270,0.06237104473,-0.01838766324,
1233324290,0.0622866738,-0.01782334915,
1233524310,0.0616015995,-0.01805718096,
1233724329,0.06204077782,-0.01811971984,
1233924349,0.06152055494,-0.01738771316,
1234124369,0.06141119299,-0.01727193178,
1234324389,0.06149352793,-0.01706407317,
1234524408,0.06114903686,-0.01679308157,
1234724428,0.06101729818,-0.01662302245,
1234924448,0.06087128725,-0.01626688406,
1235124468,0.06063130038,-0.01527853602,
1235324487,0.06087693958,-0.01432038153,
1235524507,0.06054598115,-0.01419444485,
1235724527,0.06078245798,-0.01337994802,
1235924547,0.06096059614,-0.01422543173,
1236124566,0.06114322171,-0.01296119751,
1236324586,0.06112887231,-0.01265203437,
1236524606,0.06177746221,-0.01223216401,
1236724626,0.06184648999,-0.01195294736,
1236924645,0.06187929419,-0.0115114157,
1237124665,0.06284860675,-0.01100077596,
1237324685,0.06253108237,-0.01097045836,
1237524705,0.06363548699,-0.01108426313,
1237724724,0.06382225479,-0.01050809981,
1237924744,0.06427273216,-0.009866441383,
1238124764,0.06476750993,-0.009943199452,
1238324784,0.06437348976,-0.01009329545,
1238524803,0.06515404853,-0.009771471889,
1238724823,0.06575374217,-0.008950123616,
1238924843,0.06638349178,-0.009360721813,
1239124863,0.06638026717,-0.008679144323,
1239324882,0.06665835173,-0.008798179756,
1239524902,0.06714823931,-0.009135973031,
1239724922,0.06732244058,-0.00881107094,
1239924942,0.06757206485,-0.009085360827,
1240124961,0.06832481908,-0.008690690436,
1240324981,0.06780025812,-0.00883421054,
1240525001,0.06853837694,-0.0085584891,
1240725021,0.06933960233,-0.007958733445,
1240925040,0.06990734471,-0.00819379121,
1241125060,0.06930309277,-0.00831396115,
1241325080,0.07045147066,-0.008043818258,
1241525100,0.07055158943,-0.007621096754,
1241725119,0.07134977287,-0.007366376942,
1241925139,0.07179394459,-0.007527650324,
1242125159,0.07239885626,-0.007800176543,
1242325179,0.07331813426,-0.007247294495,
1242525198,0.07333207163,-0.007036838241,
1242725218,0.0746318082,-0.007712861128,
1242925238,0.07546845423,-0.007758130867,
1243125258,0.07600274531,-0.007661664406,
1243325277,0.07709555728,-0.008045554583,
1243525297,0.07766958442,-0.008604462269,
1243725317,0.07858428073,-0.008652116743,
1243925337,0.07962028639,-0.009164067801,
1244125356,0.08030394841,-0.00964173407,
1244325376,0.08079767373,-0.009829436072,
1244525396,0.08131434933,-0.01076469502,
1244725416,0.08237143991,-0.01220064479,
1244925435,0.08313526387,-0.01286831463,
1245125455,0.083223631,-0.01357629956,
1245325475,0.08350522293,-0.01483060346,
1245525495,0.08336749535,-0.01576546412,
1245725514,0.08438350655,-0.01648853088,
1245925534,0.08429937837,-0.0176953808,
1246125554,0.08418050369,-0.01920167788,
1246325574,0.08403545808,-0.01968582277,
1246525593,0.08365807011,-0.02061756289,
1246725613,0.08318482792,-0.0218876035,
1246925633,0.08253264168,-0.02251231814,
1247125653,0.08299180954,-0.02341683537,
1247325672,0.08183578198,-0.02356265751,
1247525692,0.0813898555,-0.02443183559,
1247725712,0.08098485202,-0.02525924084,
1247925732,0.08047358493,-0.02531234136,
1248125751,0.08053661321,-0.026080967,
1248325771,0.07987450837,-0.02597004401,
1248525791,0.07876109539,-0.02684338472,
1248725811,0.07834871304,-0.02677546847,
1248925830,0.07763439187,-0.0268033128,
1249125850,0.07750406829,-0.02618198123,
1249325870,0.07673499003,-0.02616989424,
1249525890,0.07697255487,-0.02644763354,
1249725909,0.07623526474,-0.02667376029,
1249925929,0.07578436303,-0.0261677585,
1250125949,0.07588430409,-0.02522737749,
1250325969,0.07556434291,-0.02578421982,
1250525988,0.07554733765,-0.0247405391,
1250726008,0.07585252222,-0.02543262588,
1250926028,0.07514856348,-0.02537378189,
1251126048,0.07534354083,-0.02479004361,
1251326067,0.07545016222,-0.02538104688,
1251526087,0.07573139375,-0.02529397935,
1251726107,0.07575331544,-0.02478945025,
1251926127,0.07599360726,-0.02539411641,
1252126146,0.07601761151,-0.024947961,
1252326166,0.07668926756,-0.0254828812,
1252526186,0.07633263287,-0.0253265437,
1252726206,0.07611522475,-0.02572559715,
1252926225,0.0762818415,-0.0263251854,
1253126245,0.07677301679,-0.02627047871,
1253326265,0.0766413902,-0.02683454419,
1253526285,0.07684228563,-0.02662906237,
1253726305,0.07684796723,-0.02717087885,
1253926324,0.07684864363,-0.02731823774,
1254126344,0.07631907141,-0.02765239122,
1254326364,0.07616863689,-0.02773582238,
1254526384,0.07627362536,-0.02896223065,
1254726403,0.07559122986,-0.02867706288,
1254926423,0.07550601157,-0.02935239538,
1255126443,0.0758785534,-0.02993900963,
1255326463,0.07506914277,-0.02956504189,
1255526482,0.07475015418,-0.03011978254,
1255726502,0.07474401384,-0.0301255542,
1255926522,0.07414822612,-0.0302582116,
1256126542,0.07321496444,-0.03024806003,
1256326561,0.07283916398,-0.03032852974,
1256526581,0.07262116801,-0.03077216069,
1256726601,0.07242897146,-0.03019115789,
1256926621,0.07234035427,-0.02980165064,
1257126640,0.07193350802,-0.02973463027,
1257326660,0.07166008391,-0.02994547325,
1257526680,0.07075086195,-0.02941071201,
1257726700,0.07081625886,-0.02954853402,
1257926719,0.07051577279,-0.02935657591,
1258126739,0.07055744086,-0.02833883771,
1258326759,0.07029620805,-0.02880015519,
1258526779,0.0704001102,-0.02789078914,
1258726798,0.07003676156,-0.02779494394,
1258926818,0.07012724909,-0.02793205669,
1259126838,0.07009764443,-0.0276601796,
1259326858,0.07053666004,-0.02713830981,
1259526877,0.07072856465,-0.02654999694,
1259726897,0.07070148085,-0.02691790546,
1259926917,0.07084309145,-0.02661551128,
1260126937,0.07129357112,-0.02621837617,
1260326956,0.07160726778,-0.02652735907,
1260526976,0.07137797448,-0.02603799384,
1260726996,0.07145398632,-0.02576551643,
1260927016,0.07181786864,-0.02548290104,
1261127035,0.07189538929,-0.02480165618,
1261327055,0.07221975315,-0.0253739872,
1261527075,0.07281493536,-0.02532651487,
1261727095,0.07292182327,-0.02545803547,
1261927114,0.07376908813,-0.02501024028,
1262127134,0.07381930253,-0.02537690206,
1262327154,0.0743996773,-0.02518848517,
1262527174,0.07450051474,-0.02524027243,
1262727193,0.07490408877,-0.0256478158,
1262927213,0.07545981365,-0.02563404477,
1263127233,0.07556921802,-0.02608293082,
1263327253,0.07655079012,-0.02589792797,
1263527272,0.07647908238,-0.02665642193,
1263727292,0.07779971211,-0.02687022983,
1263927312,0.07746212437,-0.0272274993,
1264127332,0.07764681351,-0.02752279886,
1264327351,0.07796126509,-0.02855561678,
1264527371,0.07758671632,-0.02867958849,
1264727391,0.07850503622,-0.02942398947,
1264927411,0.07891993194,-0.03015088574,
1265127430,0.07849153882,-0.03021909137,
1265327450,0.07902319143,-0.03118073384,
1265527470,0.07939407808,-0.03150156534,
1265727490,0.07885173752,-0.03225316798,
1265927509,0.07877378012,-0.03339355721,
1266127529,0.07803836864,-0.03369584325,
1266327549,0.07785183722,-0.03492670743,
1266527569,0.0778719981,-0.03515950308,
1266727588,0.07791346984,-0.03592634134,
1266927608,0.0778354553,-0.03691215067,
1267127628,0.07745627531,-0.03804832913,
1267327648,0.07663518733,-0.03791000904,
1267527667,0.07607122925,-0.03919142736,
1267727687,0.07590682016,-0.03912826365,
1267927707,0.07531115889,-0.03972840156,
1268127727,0.07466093115,-0.03973068315,
1268327746,0.0739067719,-0.04099664603,
1268527766,0.07315189958,-0.04142626342,
1268727786,0.07224268959,-0.04145390259,
1268927806,0.07105899506,-0.04111466054,
1269127825,0.0702869627,-0.04186485797,
1269327845,0.06946040198,-0.04263095775,
1269527865,0.06880235133,-0.04209997472,
1269727885,0.06804426449,-0.04206503008,
1269927904,0.06729843063,-0.04180785131,
1270127924,0.06634318691,-0.04234264349,
1270327944,0.06553753951,-0.04167280936,
1270527964,0.06474157607,-0.04188386609,
1270727983,0.06511424785,-0.04060216538,
1270928003,0.06372884285,-0.04114625544,
1271128023,0.06283188841,-0.04044364684,
1271328043,0.06292514408,-0.03999947145,
1271528062,0.06242335452,-0.03956420764,
1271728082,0.06195560009,-0.03903404905,
1271928102,0.06112421255,-0.03912286508,
1272128122,0.06189944249,-0.03797773841,
1272328141,0.06122388365,-0.03745532854,
1272528161,0.06024028951,-0.03756125478,
1272728181,0.06037699719,-0.03656789178,
1272928201,0.06004209527,-0.03683816731,
1273128220,0.06015796275,-0.03652012769,
1273328240,0.06049964919,-0.03593277708,
1273528260,0.06027019561,-0.03573190487,
1273728280,0.05999526211,-0.03572117592,
1273928299,0.05943907707,-0.03560792674,
1274128319,0.05974301336,-0.03437311787,
1274328339,0.05914916466,-0.03452021796,
1274528359,0.05957129628,-0.03362957773,
1274728378,0.05904619746,-0.03399090164,
1274928398,0.05915451752,-0.03442155605,
1275128418,0.05904843498,-0.0340703031,
1275328438,0.05870451774,-0.0343748035,
1275528457,0.05821268543,-0.03357730472,
1275728477,0.05807362047,-0.03358150712,
1275928497,0.05762263545,-0.03332655813,
1276128517,0.05737217576,-0.03311503386,
1276328536,0.0570847251,-0.03240318547,
1276528556,0.05670747122,-0.03237455582,
1276728576,0.05675842735,-0.03158668366,
1276928596,0.05625037423,-0.03143249538,
1277128615,0.05577863836,-0.03075827859,
1277328635,0.05617350822,-0.03075191056,
1277528655,0.05581023254,-0.030316902,
1277728675,0.05526520413,-0.02984247016,
1277928694,0.0550590346,-0.02952630086,
1278128714,0.05512528441,-0.02840000999,
1278328734,0.05522038951,-0.02810844539,
1278528754,0.05500461079,-0.02709441202,
1278728773,0.05453035744,-0.02695041025,
1278928793,0.05503631691,-0.02700826513,
1279128813,0.05505266274,-0.026346526,
1279328833,0.05531421942,-0.02572947879,
1279528852,0.05495994955,-0.02523641942,
1279728872,0.05571145348,-0.02463587303,
1279928892,0.05578915647,-0.023751702,
1280128912,0.05567428558,-0.02378169439,
1280328932,0.05580107981,-0.02301580541,
1280528951,0.05635194876,-0.02296564942,
1280728971,0.05684882019,-0.02278797695,
1280928991,0.05692534369,-0.02179387543,
1281129011,0.05736516246,-0.02146773015,
1281329030,0.05798368385,-0.02190991187,
1281529050,0.05763135796,-0.02165727013,
1281729070,0.058375926,-0.02114377251,
1281929090,0.05815960595,-0.02141848861,
1282129109,0.05889444325,-0.0211690084,
1282329129,0.05933648667,-0.02084213997,
1282529149,0.05978665535,-0.02092651161,
1282729169,0.05948607718,-0.02097336882,
1282929188,0.05961996313,-0.02112034673,
1283129208,0.0596798241,-0.02126646657,
1283329228,0.0599326622,-0.02130513907,
1283529248,0.06015409693,-0.02155388795,
1283729267,0.06026609532,-0.02178811598,
1283929287,0.06016870768,-0.02190580051,
1284129307,0.06009167955,-0.02226901472,
1284329327,0.05961080258,-0.0218149196,
1284529346,0.05990947007,-0.02161292933,
1284729366,0.05944211761,-0.02163004199,
1284929386,0.05896371693,-0.02186880121,
1285129406,0.05928956677,-0.02246228742,
1285329425,0.05863843268,-0.02190498172,
1285529445,0.05777214095,-0.02130854334,
1285729465,0.05743365107,-0.02137220997,
1285929485,0.05732839771,-0.0205389014,
1286129504,0.05610652227,-0.02057426504,
1286329524,0.05680065571,-0.01981674712,
1286529544,0.05598230584,-0.01912725588,
1286729564,0.05590959501,-0.01868710988,
1286929583,0.05515521379,-0.01738697651,
1287129603,0.05537103084,-0.01633503966,
1287329623,0.0549471779,-0.01551653735,
1287529643,0.0555881273,-0.01462249362,
1287729662,0.05534718313,-0.01390931186,
1287929682,0.05543000328,-0.01281513406,
1288129702,0.05593635805,-0.01171047666,
1288329722,0.05621917162,-0.01017631321,
1288529741,0.05702867478,-0.009188639709,
1288729761,0.05702997677,-0.008569340565,
1288929781,0.05800232738,-0.00733411402,
1289129801,0.0594574599,-0.005922914004,
1289329820,0.05999810802,-0.005340519312,
1289529840,0.06073109518,-0.003904716478,
1289729860,0.06283335257,-0.004295951272,
1289929880,0.06371177803,-0.003085120747,
1290129899,0.06491595001,-0.003059388197,
1290329919,0.0665688531,-0.00241632992,
1290529939,0.06789728157,-0.002441721693,
1290729959,0.06935152727,-0.002269469327,
1290929978,0.07148003466,-0.002284291969,
1291129998,0.07249411521,-0.003191528982,
1291330018,0.073863412,-0.002835032657,
1291530038,0.07496806779,-0.003353170868,
1291730057,0.0762298724,-0.004256863771,
1291930077,0.07799002661,-0.004701746217,
1292130097,0.0788720572,-0.005860426927,
1292330117,0.08036948105,-0.006732244978,
1292530136,0.08096553633,-0.007443169323,
1292730156,0.08169093126,-0.009352766748,
1292930176,0.08259307349,-0.01027207946,
1293130196,0.08305118055,-0.01075809757,
1293330215,0.08375902957,-0.01311206839,
1293530235,0.08415138531,-0.01435266096,
1293730255,0.08437470795,-0.01567184524,
1293930275,0.08465350885,-0.01653395252,
1294130294,0.08498430341,-0.01774479969,
1294330314,0.0846618798,-0.01877486356,
1294530334,0.08468533941,-0.02051912707,
1294730354,0.08425987575,-0.02145444526,
1294930373,0.08413178721,-0.02310657011,
1295130393,0.08389669816,-0.02360722728,
1295330413,0.08287456534,-0.02505958874,
1295530433,0.08235158153,-0.02594300776,
1295730452,0.08209322184,-0.02675784855,
1295930472,0.08123722132,-0.02796894769,
1296130492,0.08076927918,-0.02818297642,
1296330512,0.0795359432,-0.02935686513,
1296530531,0.07886992636,-0.03008723403,
1296730551,0.07783085437,-0.02984395286,
1296930571,0.077330382,-0.0311166796,
1297130591,0.07610019759,-0.03093421978,
1297330610,0.07578999386,-0.03165746935,
1297530630,0.07464932239,-0.03137221764,
1297730650,0.07367145417,-0.0310512506,
1297930670,0.07252595347,-0.0314587396,
1298130689,0.07171110044,-0.03071395023,
1298330709,0.07073038877,-0.03068330447,
1298530729,0.06991548638,-0.03029807534,
1298730749,0.06958596799,-0.02963322793,
1298930768,0.06863519781,-0.02945835462,
1299130788,0.06818279015,-0.02888363367,
1299330808,0.0676855336,-0.02824906941,
1299530828,0.06752510569,-0.02782693817,
1299730847,0.06698322557,-0.02704528874,
1299930867,0.06693633871,-0.0266412845,
1300130887,0.06660108877,-0.02598980906,
1300330907,0.06682380494,-0.02548787381,
1300530926,0.06722144277,-0.02477408998,
1300730946,0.06705780122,-0.02417504512,
1300930966,0.06741768304,-0.02395099621,
1301130986,0.06718019862,-0.0235637485,
1301331005,0.06757957879,-0.02359342688,
1301531025,0.06791616464,-0.02366715639,
1301731045,0.06784557266,-0.02319714473,
1301931065,0.06780026434,-0.02344536502,
1302131084,0.06835845424,-0.02400060454,
1302331104,0.06824196345,-0.02379817594,
1302531124,0.06826809465,-0.02421131561,
1302731144,0.06848764976,-0.02407533312,
1302931163,0.06835978534,-0.02399877834,
1303131183,0.06781311173,-0.02428528137,
1303331203,0.06760242939,-0.02478304441,
1303531223,0.0680402734,-0.02478752498,
1303731242,0.06714550185,-0.02505759345,
1303931262,0.06669542696,-0.02533943572,
1304131282,0.06639821816,-0.02486350743,
1304331302,0.06587482202,-0.02565214351,
1304531321,0.06526356772,-0.02589165606,
1304731341,0.06487745128,-0.02588798843,
1304931361,0.06439055534,-0.02597372407,
1305131381,0.06311634799,-0.02555330971,
1305331400,0.06284079839,-0.02553679154,
1305531420,0.06227454906,-0.02491253919,
1305731440,0.06117301522,-0.02452519166,
1305931460,0.06102519984,-0.02429024856,
1306131479,0.06005087469,-0.02364659214,
1306331499,0.05932801374,-0.02325423948,
1306531519,0.05877373856,-0.02276279206,
1306731539,0.05818932725,-0.02249395613,
1306931559,0.05751060123,-0.02168566352,
1307131578,0.05660949854,-0.02044325442,
1307331598,0.05633405334,-0.01903600693,
1307531618,0.05577614051,-0.01788670492,
1307731638,0.05491730946,-0.01685574073,
1307931657,0.0549535718,-0.01605445202,
1308131677,0.0541152294,-0.01444689245,
1308331697,0.05408540772,-0.01349349343,
1308531717,0.05368574368,-0.01201893593,
1308731736,0.05347158218,-0.01043397449,
1308931756,0.0533701501,-0.008992383527,
1309131776,0.05394350574,-0.007227811812,
1309331796,0.05436232324,-0.005721835977,
1309531815,0.05445352547,-0.004615892239,
1309731835,0.05515423779,-0.002889151225,
1309931855,0.05575359289,-0.001628990628,
1310131875,0.05614356838,7.483161783e-05,
1310331894,0.05744959774,0.001405273161,
1310531914,0.05831063325,0.001867588701,
1310731934,0.05944456981,0.003587699743,
1310931954,0.06036980008,0.004621611807,
1311131973,0.06131736307,0.005848122501,
1311331993,0.06300827419,0.006740755714,
1311532013,0.06446029477,0.007141158163,
1311732033,0.06568122462,0.008235945912,
1311932052,0.06753504377,0.008610539289,
1312132072,0.06866184097,0.009802991169,
1312332092,0.07088217248,0.009864488474,
1312532112,0.07247486115,0.01055980707,
1312732131,0.07319686895,0.01010342249,
1312932151,0.07531927093,0.01089016339,
1313132171,0.07694102713,0.01150014053,
1313332191,0.07836735408,0.01105551848,
1313532210,0.08005875411,0.01016978553,
1313732230,0.08159909322,0.01049222952,
1313932250,0.08236538069,0.01020005915,
1314132270,0.08386692781,0.009369374394,
1314332289,0.0855037738,0.009448455029,
1314532309,0.08727239744,0.00840675158,
1314732329,0.08799808037,0.007509692574,
1314932349,0.08895086967,0.006910115876,
1315132368,0.09010018072,0.006140450347,
1315332388,0.09076459032,0.006118775876,
1315532408,0.09216064939,0.004763822495,
1315732428,0.09339433388,0.003458843508,
1315932447,0.09340550347,0.003574827095,
1316132467,0.09540956134,0.002371780816,
1316332487,0.09518148255,0.001597315845,
1316532507,0.09526445042,0.0003382584402,
1316732526,0.09642952824,-0.000418450382,
1316932546,0.09646475927,-0.001088316834,
1317132566,0.09735006807,-0.001676301671,
1317332586,0.09776948941,-0.002153887991,
1317532605,0.09766595013,-0.003802679727,
1317732625,0.09829997514,-0.004177308705,
1317932645,0.09766199363,-0.004984628406,
1318132665,0.09824042697,-0.004735606231,
1318332684,0.09902522076,-0.006011945606,
1318532704,0.09896127781,-0.006157414465,
1318732724,0.09965669578,-0.006249833067,
1318932744,0.1001035967,-0.006590331341,
1319132763,0.1001266775,-0.007338603882,
1319332783,0.1004207713,-0.008014433834,
1319532803,0.1010465289,-0.00836571557,
1319732823,0.1014253048,-0.00886129904,
1319932842,0.1023940531,-0.008851542555,
1320132862,0.1026989697,-0.009757162884,
1320332882,0.1029397184,-0.009414504958,
1320532902,0.103618264,-0.01062452911,
1320732921,0.1038067828,-0.01124282247,
1320932941,0.1049501675,-0.01224537258,
1321132961,0.1053135266,-0.0123670453,
1321332981,0.1059429223,-0.01360903663,
1321533000,0.1059041371,-0.01449165138,
1321733020,0.1064430987,-0.01507818894,
1321933040,0.1077697818,-0.01708183098,
1322133060,0.1077105714,-0.01781706089,
1322333079,0.1081058551,-0.01883643554,
1322533099,0.1089923789,-0.01992522113,
1322733119,0.1083752709,-0.0222524255,
1322933139,0.1087558538,-0.0232173143,
1323133158,0.1083959328,-0.02475378176,
1323333178,0.1081479675,-0.02630134778,
1323533198,0.1080734143,-0.02692914545,
1323733218,0.1080700352,-0.02922628989,
1323933237,0.1071034517,-0.03064035015,
1324133257,0.1063189408,-0.0322853308,
1324333277,0.1056606902,-0.03256693373,
1324533297,0.1046344199,-0.03455654183,
1324733316,0.1038656525,-0.03527444375,
1324933336,0.1016727584,-0.03625612514,
1325133356,0.1011721569,-0.03689830542,
1325333376,0.09936693557,-0.03791440848,
1325533395,0.098435101,-0.0384430706,
1325733415,0.09697119312,-0.03891143828,
1325933435,0.09514470435,-0.03916999658,
1326133455,0.09414444433,-0.03962771206,
1326333474,0.09242756603,-0.0392197366,
1326533494,0.09120754166,-0.03931049216,
1326733514,0.08993867733,-0.0392014159,
1326933534,0.08819088525,-0.03820809061,
1327133553,0.0870398208,-0.03774228626,
1327333573,0.08582400606,-0.03791821393,
1327533593,0.08454179069,-0.03662824285,
1327733613,0.08416260248,-0.03605253134,
1327933632,0.08309199828,-0.03508201275,
1328133652,0.08221071199,-0.03447071619,
1328333672,0.08169577387,-0.03295657226,
1328533692,0.08103842458,-0.03199545966,
1328733711,0.0811590102,-0.03101053511,
1328933731,0.08110930935,-0.0301526209,
1329133751,0.08079917796,-0.02851246912,
1329333771,0.08095622573,-0.02793271092,
1329533790,0.08027864579,-0.02712896268,
1329733810,0.08025951306,-0.02544903727,
1329933830,0.08083874536,-0.02524659055,
1330133850,0.08080407695,-0.02431842847,
1330333869,0.08185007074,-0.02279623116,
1330533889,0.0819165717,-0.02198945613,
1330733909,0.08241195152,-0.02099162751,
1330933929,0.08279002694,-0.02036378995,
1331133948,0.08355819441,-0.01964657456,
1331333968,0.08398707344,-0.01881336536,
1331533988,0.08466289143,-0.01823226645,
1331734008,0.08612274604,-0.01741505203,
1331934027,0.08685117198,-0.01741252522,
1332134047,0.08657780051,-0.01692540196,
1332334067,0.08829914602,-0.01645828111,
1332534087,0.08925149686,-0.01639775433,
1332734106,0.08974449037,-0.01632669443,
1332934126,0.0908256638,-0.01653978876,
1333134146,0.09181151035,-0.01681538524,
1333334166,0.09212146691,-0.01547299688,
1333534186,0.0936038461,-0.01612083241,
1333734206,0.0945136815,-0.01590720927,
1333934225,0.09519604548,-0.01611636922,
1334134245,0.0961916334,-0.01703251719,
1334334265,0.09653898446,-0.01663164197,
1334534285,0.09749393414,-0.0172080489,
1334734304,0.09817930806,-0.01816813002,
1334934324,0.09916789982,-0.01830998272,
1335134344,0.09927144883,-0.01921774181,
1335334364,0.1001435524,-0.01971559435,
1335534383,0.09976131931,-0.0202420133,
1335734403,0.1011606979,-0.02044078952,
1335934423,0.1013368702,-0.02057214158,
1336134443,0.1014651245,-0.02116794258,
1336334462,0.102021433,-0.02261599919,
1336534482,0.1026623679,-0.02249819965,
1336734502,0.1027640319,-0.02339872782,
1336934522,0.1027266272,-0.02360899895,
1337134541,0.1037700926,-0.02467807107,
1337334561,0.1032626146,-0.02497157819,
1337534581,0.1032086281,-0.02523920471,
1337734601,0.1042176178,-0.02593037406,
1337934620,0.1046732611,-0.02639901098,
1338134640,0.1044112174,-0.02722204032,
1338334660,0.1049464795,-0.02809484899,
1338534680,0.1049179994,-0.02899978766,
1338734699,0.1039745371,-0.02870040507,
1338934719,0.1045015447,-0.03014293319,
1339134739,0.1044996837,-0.03074511957,
1339334759,0.1051196803,-0.03086632539,
1339534778,0.1049207277,-0.03177234116,
1339734798,0.104601252,-0.03239879494,
1339934818,0.1046558026,-0.03251120415,
1340134838,0.1045420801,-0.03257681275,
1340334857,0.1051540239,-0.03350185018,
1340534877,0.1046512902,-0.0340912816,
1340734897,0.1040470492,-0.03429950915,
1340934917,0.1051662971,-0.03546216189,
1341134936,0.1045523583,-0.03552309512,
1341334956,0.1041923159,-0.03613655787,
1341534976,0.1050496635,-0.03700558887,
1341734996,0.1032732112,-0.03754197737,
1341935015,0.1037971263,-0.03768612135,
1342135035,0.1034694239,-0.03775912786,
1342335055,0.1042226488,-0.03833179797,
1342535075,0.1035278601,-0.03871942254,
1342735094,0.1039491166,-0.03959241058,
1342935114,0.1033555967,-0.03984433388,
1343135134,0.102969994,-0.0406806398,
1343335154,0.103022145,-0.04125188418,
1343535173,0.1020203203,-0.04194666348,
1343735193,0.1024015452,-0.04212019379,
1343935213,0.10182735,-0.04240662811,
1344135233,0.1021128431,-0.04331245496,
1344335252,0.1017248329,-0.04405887528,
1344535272,0.1014385715,-0.04369498244,
1344735292,0.1011887246,-0.04473335103,
1344935312,0.100980814,-0.04521370738,
1345135331,0.1007429879,-0.04577884523,
1345335351,0.1004552784,-0.04683298203,
1345535371,0.100289562,-0.04764643102,
1345735391,0.09972172861,-0.04709670488,
1345935410,0.09898609386,-0.04816395572,
1346135430,0.09826795804,-0.04799140206,
1346335450,0.09760699836,-0.04866248996,
1346535470,0.09667160168,-0.04951474589,
1346735489,0.09593664455,-0.04949302145,
1346935509,0.09528236028,-0.04959319547,
1347135529,0.0952742384,-0.05027371977,
1347335549,0.09479462149,-0.05006879947,
1347535568,0.09391976557,-0.05048490645,
1347735588,0.09302024107,-0.05001682319,
1347935608,0.09242935624,-0.05025652889,
1348135628,0.09072054108,-0.05098353407,
1348335647,0.09094176788,-0.04960175624,
1348535667,0.08978721294,-0.04982629649,
1348735687,0.08859876534,-0.04949931106,
1348935707,0.08866981767,-0.04976769876,
1349135726,0.08728088711,-0.04881291008,
1349335746,0.08756348946,-0.04830848324,
1349535766,0.08652161542,-0.04797848531,
1349735786,0.0857312002,-0.04789284943,
1349935805,0.085393386,-0.04728425186,
1350135825,0.08516593725,-0.04679249822,
1350335845,0.08474216098,-0.0466586568,
1350535865,0.08502928763,-0.04609075426,
1350735884,0.08429819463,-0.04539001407,
1350935904,0.08434390933,-0.04468859749,
1351135924,0.08423689614,-0.04461504405,
1351335944,0.08427498193,-0.0435352697,
1351535963,0.08401756317,-0.04320602024,
1351735983,0.08362656648,-0.04182246511,
1351936003,0.08403726626,-0.04200226145,
1352136023,0.08349076198,-0.04182708181,
1352336042,0.0835261195,-0.0406715416,
1352536062,0.08410416085,-0.03996671998,
1352736082,0.0845294322,-0.03983003971,
1352936102,0.08469442774,-0.03911470463,
1353136121,0.08490767754,-0.03853297341,
1353336141,0.08455884512,-0.0385887842,
1353536161,0.08552778649,-0.0382741233,
1353736181,0.0860942148,-0.03772864861,
1353936200,0.0873224522,-0.03684269684,
1354136220,0.08696448804,-0.03703964979,
1354336240,0.0876276176,-0.03646600245,
1354536260,0.08810307211,-0.03702772084,
1354736279,0.08906073994,-0.03672270752,
1354936299,0.08981841914,-0.03643693271,
1355136319,0.09019380406,-0.03695055661,
1355336339,0.09138036164,-0.03775823193,
1355536358,0.09176089587,-0.03792445625,
1355736378,0.09238202333,-0.03767020319,
1355936398,0.09282044941,-0.03809775365,
1356136418,0.09327544151,-0.0397082097,
1356336437,0.09298941569,-0.04000072727,
1356536457,0.09375595408,-0.04027260136,
1356736477,0.09361434472,-0.04152451555,
1356936497,0.09454330058,-0.04201668861,
1357136516,0.09422282372,-0.04255222722,
1357336536,0.09430485408,-0.04320355357,
1357536556,0.09421002948,-0.04440233272,
1357736576,0.09364348107,-0.04539696701,
1357936595,0.09306992442,-0.04613094868,
1358136615,0.09234369117,-0.04706910644,
1358336635,0.0930378051,-0.04778500308,
1358536655,0.09215269801,-0.04793057217,
1358736675,0.0909735572,-0.04908123931,
1358936694,0.09014303313,-0.04872661307,
1359136714,0.08948310579,-0.04941288797,
1359336734,0.08866028074,-0.04982341248,
1359536754,0.08738783475,-0.04989447065,
1359736773,0.08680401788,-0.04964603726,
1359936793,0.08692043353,-0.04977426462,
1360136813,0.08559735245,-0.04992929312,
1360336833,0.08465462537,-0.05044739248,
1360536852,0.08472562159,-0.04976970831,
1360736872,0.08352648757,-0.04984207109,
1360936892,0.08231236439,-0.04959843657,
1361136912,0.08192951243,-0.04893378416,
1361336931,0.08096953226,-0.04852971767,
1361536951,0.07959191787,-0.04787784001,
1361736971,0.07961315584,-0.04799183893,
1361936991,0.0785466507,-0.04665817675,
1362137010,0.07845021622,-0.04571937397,
1362337030,0.07795708273,-0.04604076296,
1362537050,0.07688166758,-0.04458756758,
1362737070,0.0768198346,-0.04330153484,
1362937089,0.07618758377,-0.04313845368,
1363137109,0.07605196062,-0.04162827237,
1363337129,0.07588120434,-0.04049876174,
1363537149,0.07628398577,-0.03976370083,
1363737168,0.07595305514,-0.03807565593,
1363937188,0.07606207514,-0.03685480889,
1364137208,0.07617176715,-0.03570170662,
1364337228,0.07631461453,-0.03406316238,
1364537247,0.07730424056,-0.03358430416,
1364737267,0.07733005398,-0.03243479372,
1364937287,0.07809462987,-0.03114562507,
1365137307,0.07874443266,-0.03022080731,
1365337326,0.0808665262,-0.02921060382,
1365537346,0.08079686355,-0.02848366483,
1365737366,0.08193998991,-0.02793530388,
1365937386,0.08272380905,-0.02700935785,
1366137405,0.08448117576,-0.02694976275,
1366337425,0.08542447386,-0.02585153496,
1366537445,0.0870040454,-0.02597807279,
1366737465,0.087908068,-0.02568355994,
1366937484,0.08924171165,-0.02560555078,
1367137504,0.09011489979,-0.02574382196,
1367337524,0.09137402165,-0.02600903441,
1367537544,0.09293863898,-0.02583397148,
1367737563,0.09355933282,-0.02689623085,
1367937583,0.09583307947,-0.02790818455,
1368137603,0.09654412341,-0.02808570653,
1368337623,0.09744565457,-0.02910495661,
1368537642,0.09842691791,-0.02967195059,
1368737662,0.09866225779,-0.02989860778,
1368937682,0.09954752738,-0.03132741493,
1369137702,0.1003071001,-0.0323427088,
1369337721,0.1009096539,-0.03273876019,
1369537741,0.1013691819,-0.03365378649,
1369737761,0.101658084,-0.03472455654,
1369937781,0.1022835367,-0.03589423478,
1370137800,0.1026708764,-0.0370342695,
1370337820,0.1027168845,-0.03765814203,
1370537840,0.103203715,-0.03879065972,
1370737860,0.1026537019,-0.03913653788,
1370937879,0.1029756918,-0.03983156534,
1371137899,0.1035129142,-0.04104994992,
1371337919,0.1035872099,-0.04190176257,
1371537939,0.1025139847,-0.0429296607,
1371737958,0.1029432749,-0.04394331673,
1371937978,0.103188415,-0.04436476824,
1372137998,0.1027806407,-0.04502612675,
1372338018,0.1028194948,-0.04436506326,
1372538037,0.1027687718,-0.04545215448,
1372738057,0.1017165805,-0.04624369468,
1372938077,0.1022140778,-0.04731583594,
1373138097,0.1019942842,-0.04736265082,
1373338116,0.1017148206,-0.047849444,
1373538136,0.1021485806,-0.04776501554,
1373738156,0.1022340714,-0.04888066314,
1373938176,0.1018155653,-0.04974309116,
1374138195,0.1021673441,-0.05015456718,
1374338215,0.1019912965,-0.05107488653,
1374538235,0.1012804721,-0.05096633444,
1374738255,0.1019798736,-0.05220633017,
1374938274,0.1009994015,-0.05304556288,
1375138294,0.1013125935,-0.05362778608,
1375338314,0.1014073181,-0.0548258697,
1375538334,0.1009963812,-0.05561715459,
1375738353,0.1003614874,-0.05536603336,
1375938373,0.1002623749,-0.05610159498,
1376138393,0.09909667776,-0.05763552094,
1376338413,0.09907551243,-0.05738560237,
1376538432,0.09814574296,-0.05806060517,
1376738452,0.09742332816,-0.05962620668,
1376938472,0.09782557961,-0.05994292034,
1377138492,0.09725780667,-0.06034575708,
1377338511,0.09650080934,-0.06123388477,
1377538531,0.09588138479,-0.06205005675,
1377738551,0.09485090414,-0.06231561775,
1377938571,0.0941832727,-0.06292900943,
1378138590,0.09390831679,-0.06323919909,
1378338610,0.09340140911,-0.06383274954,
1378538630,0.09339325861,-0.0642473037,
1378738650,0.09202988641,-0.06506099111,
1378938669,0.09133949767,-0.06527616463,
1379138689,0.08971310627,-0.06651065032,
1379338709,0.08954500988,-0.06629828806,
1379538729,0.08875576182,-0.06762979547,
1379738748,0.08842279476,-0.06736436783,
1379938768,0.0871428214,-0.06822111844,
1380138788,0.08614910057,-0.06823222246,
1380338808,0.08450499114,-0.06809773921,
1380538827,0.08343823284,-0.06966525865,
1380738847,0.08239871488,-0.06968543691,
1380938867,0.08111215361,-0.06902465105,
1381138887,0.07948521908,-0.06904921082,
1381338906,0.07903536036,-0.06917197512,
1381538926,0.07868292215,-0.06887580234,
1381738946,0.07558573576,-0.069008694,
1381938966,0.07562051494,-0.06886162615,
1382138985,0.07407518569,-0.06736693644,
1382339005,0.07311476504,-0.06728856265,
1382539025,0.0725881794,-0.0672056554,
1382739045,0.07024317674,-0.06609773997,
1382939064,0.06942178447,-0.06541495227,
1383139084,0.06895613206,-0.06400605211,
1383339104,0.06732806942,-0.06371859029,
1383539124,0.0665155798,-0.0631503203,
1383739144,0.06605271833,-0.06190458975,
1383939163,0.06483314288,-0.06089751007,
1384139183,0.06478265962,-0.05918429303,
1384339203,0.06395221188,-0.05861874713,
1384539223,0.06337586642,-0.05711332021,
1384739242,0.06329390552,-0.0564677455,
1384939262,0.06326374518,-0.0542512388,
1385139282,0.06260595163,-0.05312143305,
1385339302,0.06342547864,-0.05223265792,
1385539321,0.0632267038,-0.05116145742,
1385739341,0.06269486018,-0.05062717187,
1385939361,0.06326127914,-0.04850300276,
1386139381,0.06366191335,-0.04811868828,
1386339400,0.06397468009,-0.04678660782,
1386539420,0.06487686816,-0.04584593277,
1386739440,0.06480251481,-0.04502853561,
1386939460,0.06564405922,-0.04428887831,
1387139479,0.06621212648,-0.04364831691,
1387339499,0.06693576263,-0.04315335798,
1387539519,0.06712392049,-0.04260698131,
1387739539,0.06716072893,-0.04182916056,
1387939558,0.06803670338,-0.04126395611,
1388139578,0.06928465397,-0.04098158915,
1388339598,0.06970585186,-0.04075988541,
1388539618,0.07003130105,-0.04030252496,
1388739637,0.07084085965,-0.04007229422,
1388939657,0.07040023236,-0.03946554888,
1389139677,0.07144365093,-0.03955088637,
1389339697,0.07150784895,-0.03973681244,
1389539716,0.07299756943,-0.03969420499,
1389739736,0.07297401666,-0.03962194695,
1389939756,0.07303719429,-0.03956607327,
1390139776,0.07391925358,-0.03909106498,
1390339795,0.0743820538,-0.03907417093,
1390539815,0.07511747051,-0.03961106216,
1390739835,0.07490808023,-0.03963340929,
1390939855,0.07616226884,-0.03987439265,
1391139874,0.07597226134,-0.03975844518,
1391339894,0.07612342409,-0.03909151507,
1391539914,0.07742202572,-0.03937673616,
1391739934,0.07705876382,-0.0403087362,
1391939953,0.076881898,-0.0403520294,
1392139973,0.0775453827,-0.04084517682,
1392339993,0.07778603583,-0.04063794594,
1392540013,0.07803236307,-0.04158333432,
1392740032,0.07789219379,-0.04107446756,
1392940052,0.0777761443,-0.04151007826,
1393140072,0.07863614205,-0.04167839265,
1393340092,0.07828888542,-0.04172470544,
1393540111,0.07768289182,-0.04212400407,
1393740131,0.07904045058,-0.04279441503,
1393940151,0.07843906044,-0.04316520061,
1394140171,0.07864440173,-0.04268433092,
1394340190,0.07782359929,-0.04320475662,
1394540210,0.07832707165,-0.04357262015,
1394740230,0.07804161433,-0.04342814508,
1394940250,0.07826673397,-0.04310795839,
1395140269,0.07764810722,-0.04362148394,
1395340289,0.07848266393,-0.04330848292,
1395540309,0.07754655738,-0.04382627828,
1395740329,0.07776281448,-0.04420363036,
1395940348,0.07723137082,-0.0441043605,
1396140368,0.0776365677,-0.04447525239,
1396340388,0.07775625745,-0.04361453003,
1396540408,0.07762713146,-0.04380242789,
1396740427,0.07715541447,-0.04384170852,
1396940447,0.07621948912,-0.04467324854,
1397140467,0.07665471096,-0.04453585351,
1397340487,0.07738900779,-0.04454572474,
1397540506,0.07668666413,-0.04436734822,
1397740526,0.07665610313,-0.04448342179,
1397940546,0.07648784805,-0.04491947783,
1398140566,0.07577992421,-0.0447274494,
1398340585,0.07576402172,-0.04447798566,
1398540605,0.07512965765,-0.04464601436,
1398740625,0.07534077623,-0.04475547088,
1398940645,0.07496643274,-0.04462502934,
1399140664,0.07458736144,-0.04505100274,
1399340684,0.07446769206,-0.04476171349,
1399540704,0.07365773662,-0.04481978542,
1399740724,0.07386189392,-0.04448900446,
1399940743,0.07341287084,-0.04424463208,
1400140763,0.07285204595,-0.0433424032,
1400340783,0.07358713606,-0.04356619521,
1400540803,0.07304575786,-0.0426913261,
1400740822,0.07217052601,-0.04274109555,
1400940842,0.07188683337,-0.0423444574,
1401140862,0.07207452831,-0.04244696348,
1401340882,0.07231129533,-0.04226160249,
1401540901,0.0722302003,-0.04146999499,
1401740921,0.07213626039,-0.04124244544,
1401940941,0.07244001416,-0.04081028779,
1402140961,0.07181371681,-0.04000188067,
1402340980,0.07256397907,-0.04041836113,
1402541000,0.07249002361,-0.03989940701,
1402741020,0.07187246518,-0.03997483159,
1402941040,0.07211405631,-0.03948191998,
1403141059,0.07198341775,-0.03894279326,
1403341079,0.07176032583,-0.03837031056,
1403541099,0.0719729074,-0.03823360778,
1403741119,0.07194055806,-0.03880644128,
1403941138,0.07198176333,-0.03738199554,
1404141158,0.07231441828,-0.0371533697,
1404341178,0.07213930017,-0.03648414884,
1404541198,0.07272178617,-0.03690710391,
1404741217,0.07281014581,-0.03607406092,
1404941237,0.07312454357,-0.03623880195,
1405141257,0.07302131002,-0.03519107794,
1405341277,0.07367098046,-0.03582779799,
1405541296,0.0745576889,-0.03509914924,
1405741316,0.07447418192,-0.03476181576,
1405941336,0.07469089099,-0.03499010475,
1406141356,0.07456094436,-0.03486800451,
1406341375,0.07496556078,-0.03478811838,
1406541395,0.07522994284,-0.03525982407,
1406741415,0.07585667295,-0.03417829975,
1406941435,0.07574249589,-0.03501094472,
1407141454,0.07609846352,-0.03455791256,
1407341474,0.07608411207,-0.03448636951,
1407541494,0.07692531022,-0.03488632784,
1407741514,0.0761740624,-0.03488479789,
1407941534,0.07712390649,-0.03445613622,
1408141553,0.07695946844,-0.03459813258,
1408341573,0.0767662983,-0.0348672851,
1408541593,0.07652415294,-0.03460430721,
1408741613,0.07721325401,-0.0351299786,
1408941632,0.0771116569,-0.03524421893,
1409141652,0.07708498518,-0.03472178293,
1409341672,0.07708914865,-0.03491871858,
1409541692,0.07737190033,-0.03495525052,
1409741711,0.07754729958,-0.0354110972,
1409941731,0.07810536591,-0.03509102714,
1410141751,0.07710285856,-0.03516732198,
1410341771,0.07786237797,-0.03440664659,
1410541790,0.07782558591,-0.03482662838,
1410741810,0.07815269162,-0.03471442355,
1410941830,0.07761996263,-0.03561956664,
1411141850,0.07817346493,-0.03528239121,
1411341869,0.07768087779,-0.03494480046,
1411541889,0.07791462121,-0.03460542255,
1411741909,0.07708925789,-0.03460722421,
1411941929,0.07729419178,-0.03470459221,
1412141948,0.07819913901,-0.03495078278,
1412341968,0.07779939873,-0.03424899427,
1412541988,0.07848656482,-0.03483853132,
1412742008,0.07804288173,-0.03455424022,
1412942027,0.07793502688,-0.03438877983,
1413142047,0.07773417756,-0.03424102719,
1413342067,0.07817684404,-0.03418951383,
1413542087,0.07885649821,-0.03371624746,
1413742106,0.07844206888,-0.03433630998,
1413942126,0.07942821404,-0.03456068487,
1414142146,0.07896362362,-0.03442550461,
1414342166,0.0785690147,-0.03473942265,
1414542185,0.07908773948,-0.03379128854,
1414742205,0.07958802276,-0.03497380871,
1414942225,0.07942868696,-0.03366335609,
1415142245,0.07916500883,-0.03443556042,
1415342264,0.07870236533,-0.03503534184,
1415542284,0.07900233979,-0.03517997207,
1415742304,0.07962835606,-0.03528385593,
1415942324,0.07969391882,-0.0354450932,
1416142343,0.07938911135,-0.0348785447,
1416342363,0.07957107626,-0.03488437677,
1416542383,0.07960461881,-0.03542177899,
1416742403,0.07977768468,-0.03447510104,
1416942422,0.07904822378,-0.03472762587,
1417142442,0.07904959176,-0.03480399157,
1417342462,0.07976954125,-0.03448563782,
1417542482,0.07896130441,-0.03445064329,
1417742501,0.0799323124,-0.0345950565,
1417942521,0.07952844272,-0.03454914994,
1418142541,0.07917302345,-0.03491885331,
1418342561,0.07994101771,-0.03464071803,
1418542580,0.07985043677,-0.03547182186,
1418742600,0.0800626811,-0.03547381865,
1418942620,0.079787781,-0.03572640127,
1419142640,0.07971920939,-0.03629448883,
1419342659,0.07989405949,-0.0358637859,
1419542679,0.08001400349,-0.03624022991,
1419742699,0.07887983618,-0.03640824623,
1419942719,0.07909676855,-0.03611560726,
1420142738,0.07897359541,-0.03629552312,
1420342758,0.07821513209,-0.03725211239,
1420542778,0.07855767019,-0.0377105883,
1420742798,0.07736040661,-0.03810580285,
1420942817,0.07642745978,-0.0376013127,
1421142837,0.07629862691,-0.03773528629,
1421342857,0.07548308697,-0.03785333981,
1421542877,0.07517457612,-0.03742721131,
1421742896,0.07403452096,-0.03760889464,
1421942916,0.07335495846,-0.03661107396,
1422142936,0.07223632404,-0.03652267936,
1422342956,0.0723639027,-0.03618791456,
1422542975,0.0714308037,-0.03526889306,
1422742995,0.07085363828,-0.03451767705,
1422943015,0.07004564297,-0.03422751363,
1423143035,0.0697874756,-0.03268420583,
1423343054,0.06961833225,-0.0321719276,
1423543074,0.06877558937,-0.03122789113,
1423743094,0.06885798908,-0.03014633617,
1423943114,0.06863589545,-0.02881747339,
1424143133,0.06849589715,-0.02754634025,
1424343153,0.06846162088,-0.02623006322,
1424543173,0.06984576213,-0.02521509911,
1424743193,0.06920234075,-0.02413549498,
1424943212,0.07028600781,-0.02253671082,
1425143232,0.07051986702,-0.02163172479,
1425343252,0.07049100114,-0.02123949209,
1425543272,0.07154294604,-0.01990358005,
1425743291,0.07220099085,-0.01996499391,
1425943311,0.07353001106,-0.01875662234,
1426143331,0.07363815634,-0.01799723351,
1426343351,0.07561274779,-0.01738786785,
1426543370,0.0758560426,-0.0167273102,
1426743390,0.07703304396,-0.01620625233,
1426943410,0.07793136854,-0.01606819193,
1427143430,0.07885639465,-0.01594695314,
1427343449,0.08018847091,-0.01539803825,
1427543469,0.08133164259,-0.01564168356,
1427743489,0.08184559683,-0.01573437548,
1427943509,0.08306614356,-0.01564445336,
1428143528,0.08407318264,-0.01569323133,
1428343548,0.08513360077,-0.01635595422,
1428543568,0.08610653602,-0.01675650852,
1428743588,0.08721434124,-0.01721478725,
1428943607,0.08682445729,-0.0175811578,
1429143627,0.08755355651,-0.01736351594,
1429343647,0.08815030455,-0.01857575026,
1429543667,0.08903249645,-0.01865480334,
1429743686,0.08936519909,-0.01963104388,
1429943706,0.09034663448,-0.01971251197,
1430143726,0.09078218704,-0.0199198993,
1430343746,0.09032786154,-0.02031263598,
1430543765,0.09034199914,-0.02118869753,
1430743785,0.0911630466,-0.02255215296,
1430943805,0.09123696728,-0.02262824013,
1431143825,0.0907581805,-0.02289772774,
1431343844,0.09113756137,-0.02306020915,
1431543864,0.09139553646,-0.02347823395,
1431743884,0.09090437185,-0.02346297845,
1431943904,0.09114665595,-0.02411711854,
1432143923,0.09043779922,-0.02525845284,
1432343943,0.09040110961,-0.02474585842,
1432543963,0.09091758609,-0.02500025191,
1432743983,0.090658826,-0.02553236443,
1432944003,0.09038616079,-0.02506333505,
1433144022,0.08967792524,-0.02575429229,
1433344042,0.0901750609,-0.02590130838,
1433544062,0.08989572508,-0.02530225606,
1433744082,0.08973573702,-0.02591074767,
1433944101,0.09010565744,-0.02584311025,
1434144121,0.08894212443,-0.02556699399,
1434344141,0.08975007128,-0.02590296288,
1434544161,0.08954055371,-0.02501458262,
1434744180,0.08913184173,-0.02556451219,
1434944200,0.08929824717,-0.02447195766,
1435144220,0.08965088475,-0.02463089684,
1435344240,0.0893468068,-0.02368607574,
1435544259,0.08960568236,-0.02431663119,
1435744279,0.09011644084,-0.02417142488,
1435944299,0.09020767128,-0.02425985674,
1436144319,0.09046215619,-0.02414916929,
1436344338,0.09033079043,-0.02336844653,
1436544358,0.09051549538,-0.02414973043,
1436744378,0.09071362033,-0.02359055509,
1436944398,0.09140930446,-0.02344867074,
1437144417,0.09125248399,-0.02457245963,
1437344437,0.09170257945,-0.0249301907,
1437544457,0.09130662842,-0.02368146293,
1437744477,0.09235242902,-0.02443919427,
1437944496,0.09221712067,-0.02479022318,
1438144516,0.09193617043,-0.02527563087,
1438344536,0.09181737161,-0.02526689621,
1438544556,0.09196540243,-0.02488713568,
1438744575,0.09142466497,-0.02493906177,
1438944595,0.0915496907,-0.02468300268,
1439144615,0.09160174701,-0.02527699576,
1439344635,0.09128916516,-0.02410883803,
1439544654,0.09086187284,-0.02432155649,
1439744674,0.09118438224,-0.02365659825,
1439944694,0.09081309402,-0.02352076929,
1440144714,0.09062325422,-0.02290431466,
1440344733,0.09122324662,-0.02303878823,
1440544753,0.09157740335,-0.02211808364,
1440744773,0.09198452495,-0.02171481752,
1440944793,0.09123441183,-0.02210377072,
1441144812,0.09183648344,-0.02132458127,
1441344832,0.0923533587,-0.02068844522,
1441544852,0.09229390584,-0.02109305854,
1441744872,0.09280687587,-0.01979722572,
1441944891,0.09372662424,-0.01975109006,
1442144911,0.093731811,-0.02003533821,
1442344931,0.09425403442,-0.01944546834,
1442544951,0.09502492744,-0.01911718431,
1442744970,0.09544790401,-0.01937779835,
1442944990,0.09623788044,-0.01943438321,
1443145010,0.09722412692,-0.01921961237,
1443345030,0.09757150222,-0.01934204313,
1443545049,0.09809470772,-0.02016536081,
1443745069,0.09789346084,-0.02002365873,
1443945089,0.09930486316,-0.02024281728,
1444145109,0.09954005273,-0.02046280344,
1444345128,0.09982911491,-0.02030574063,
1444545148,0.1007097634,-0.02074548574,
1444745168,0.1000450624,-0.02083132733,
1444945188,0.1012742873,-0.02122775664,
1445145207,0.1009257924,-0.02123661483,
1445345227,0.1015343099,-0.02106586313,
1445545247,0.1014741995,-0.02210019076,
1445745267,0.1020733846,-0.02384696603,
1445945286,0.1016058904,-0.02250737906,
1446145306,0.1030186004,-0.02224795084,
1446345326,0.1020592439,-0.02382067918,
1446545346,0.102719188,-0.0232913777,
1446745365,0.1024704483,-0.02293373671,
1446945385,0.1026576451,-0.02372510448,
1447145405,0.1033574723,-0.02335811867,
1447345425,0.1028932033,-0.02373574193,
1447545444,0.1032243829,-0.02329969153,
1447745464,0.1031080143,-0.02335593055,
1447945484,0.1040536929,-0.02271432758,
1448145504,0.1036959984,-0.02356804403,
1448345523,0.1043132281,-0.02418235969,
1448545543,0.1039095224,-0.02447722118,
1448745563,0.1046254918,-0.02364803258,
1448945583,0.1042072316,-0.02464550174,
1449145602,0.1047896244,-0.02317062816,
1449345622,0.1047410292,-0.02457281437,
1449545642,0.1050910124,-0.02312319119,
1449745662,0.105187982,-0.02387779405,
1449945681,0.1049007446,-0.02338020498,
1450145701,0.1059565187,-0.02358408073,
1450345721,0.1054702876,-0.02322681652,
1450545741,0.1062328886,-0.02295034449,
1450745760,0.1070074276,-0.02385851062,
1450945780,0.1068395747,-0.02376222513,
1451145800,0.1079876422,-0.0242789816,
1451345820,0.1084184616,-0.02362226994,
1451545839,0.1089871949,-0.02376021583,
1451745859,0.1089049471,-0.02251855734,
1451945879,0.1096481392,-0.02388707436,
1452145899,0.110593709,-0.02455018024,
1452345918,0.1111588186,-0.02337407655,
1452545938,0.1110785997,-0.02467427325,
1452745958,0.1120622423,-0.02515455284,
1452945978,0.1135337101,-0.02516138608,
1453145997,0.1139821651,-0.0250176923,
1453346017,0.114310286,-0.02605861481,
1453546037,0.1150825063,-0.02651157361,
1453746057,0.1154497121,-0.02697249783,
1453946076,0.1161842832,-0.02763362835,
1454146096,0.1170045301,-0.02873988108,
1454346116,0.1175105731,-0.02902260624,
1454546136,0.1173168572,-0.03064073974,
1454746155,0.1180329102,-0.03102983541,
1454946175,0.1177923914,-0.0323811724,
1455146195,0.1183109949,-0.03309288799,
1455346215,0.1186037088,-0.03446653682,
1455546234,0.1193724452,-0.03520109126,
1455746254,0.118549916,-0.03736059146,
1455946274,0.1190756819,-0.03755926903,
1456146294,0.1186993057,-0.03919978177,
1456346313,0.1179494402,-0.039774077,
1456546333,0.1179551004,-0.04092479863,
1456746353,0.1174117082,-0.04211359126,
1456946373,0.1161431487,-0.04325427941,
1457146393,0.1157769324,-0.04357144513,
1457346412,0.1149097298,-0.04434031367,
1457546432,0.1151528357,-0.0450041054,
1457746452,0.1140085236,-0.04601193417,
1457946472,0.1120133593,-0.04666935994,
1458146491,0.1111718214,-0.04758384409,
1458346511,0.1110024784,-0.04622320343,
1458546531,0.109803514,-0.0477372148,
1458746551,0.1092582598,-0.04712690889,
1458946570,0.1081624837,-0.04703758046,
1459146590,0.1075544583,-0.04698833747,
1459346610,0.1056693665,-0.04755500927,
1459546630,0.1055095582,-0.04629776114,
1459746649,0.1050491933,-0.04673298395,
1459946669,0.1042672379,-0.04602377536,
1460146689,0.1036225285,-0.04580346968,
1460346709,0.1038599406,-0.04503267034,
1460546728,0.1040099241,-0.04487517415,
1460746748,0.1037348167,-0.04506785459,
1460946768,0.1034861983,-0.04407993204,
1461146788,0.1033144903,-0.0439949683,
1461346807,0.1033268844,-0.04338963051,
1461546827,0.1032456641,-0.04332758248,
1461746847,0.1027747741,-0.04341168752,
1461946867,0.1029330815,-0.04295544222,
1462146886,0.102812036,-0.04287064881,
1462346906,0.1026377413,-0.04252628323,
1462546926,0.1036161074,-0.0428111168,
1462746946,0.1036088727,-0.04280489839,
1462946965,0.1029291797,-0.04262523184,
1463146985,0.1028703149,-0.04198068826,
1463347005,0.1028313047,-0.04296203095,
1463547025,0.1017731063,-0.04268999628,
1463747044,0.102706933,-0.04195016691,
1463947064,0.1023526237,-0.04249492571,
1464147084,0.1016565601,-0.04213537934,
1464347104,0.1018663331,-0.04200196365,
1464547123,0.1011870482,-0.04226844301,
1464747143,0.1014560842,-0.04224659349,
1464947163,0.1002425891,-0.04227919254,
1465147183,0.1018069984,-0.04151913571,
1465347202,0.1005976189,-0.04191491247,
1465547222,0.1009028325,-0.04106216401,
1465747242,0.10070472,-0.04088974607,
1465947262,0.1004671603,-0.04049452642,
1466147281,0.1006718281,-0.03962634145,
1466347301,0.1006547725,-0.04020585786,
1466547321,0.09991604993,-0.03897011858,
1466747341,0.1004265643,-0.03935426459,
1466947360,0.1005823617,-0.03867885058,
1467147380,0.1003389283,-0.03844417536,
1467347400,0.1011738117,-0.03836620942,
1467547420,0.101309862,-0.03777406855,
1467747439,0.1015619415,-0.03780443631,
1467947459,0.1019009106,-0.03745950803,
1468147479,0.1023979632,-0.03731831889,
1468347499,0.1033855279,-0.03685876827,
1468547518,0.1038690709,-0.03731252247,
1468747538,0.1024875642,-0.03680753756,
1468947558,0.1028013317,-0.03733431931,
1469147578,0.1037384227,-0.03680825573,
1469347597,0.1039459715,-0.03707457202,
1469547617,0.1043251855,-0.03800656168,
1469747637,0.1046707957,-0.03814612113,
1469947657,0.1045680357,-0.03766550725,
1470147676,0.105280275,-0.03834648163,
1470347696,0.104066552,-0.03816852995,
1470547716,0.1044001094,-0.03822836391,
1470747736,0.1044058565,-0.03821565392,
1470947755,0.1056311768,-0.039312895,
1471147775,0.1054082638,-0.03935586333,
1471347795,0.1052401293,-0.03834987539,
1471547815,0.1050789322,-0.03928121623,
1471747834,0.1052341008,-0.03884388709,
1471947854,0.1042416711,-0.03925883119,
1472147874,0.1046911681,-0.039383566,
1472347894,0.1047250415,-0.03983650081,
1472547913,0.1042691616,-0.04007773922,
1472747933,0.105416398,-0.03923924668,
1472947953,0.1047929623,-0.04002727157,
1473147973,0.1047283966,-0.04014458166,
1473347992,0.1038858051,-0.03928768648,
1473548012,0.104298984,-0.0406114784,
1473748032,0.1041807257,-0.04030363771,
1473948052,0.104401219,-0.03999050169,
1474148071,0.103588094,-0.03967394081,
1474348091,0.1037834798,-0.04001427375,
1474548111,0.1037075478,-0.04001626693,
1474748131,0.1035321234,-0.03933715915,
1474948150,0.1040758896,-0.03834390559,
1475148170,0.1029674786,-0.03850546466,
1475348190,0.1033667473,-0.03809678066,
1475548210,0.1042898337,-0.03838373086,
1475748229,0.1043303838,-0.03800471194,
1475948249,0.1041850196,-0.03784376183,
1476148269,0.1041407767,-0.03752798297,
1476348289,0.1038660784,-0.03789612629,
1476548308,0.1044854188,-0.03809232211,
1476748328,0.1043977815,-0.03742697468,
1476948348,0.1044640092,-0.03768803665,
1477148368,0.1050784876,-0.03754751313,
1477348387,0.1049312057,-0.03715979247,
1477548407,0.1049946393,-0.03729078637,
1477748427,0.1051676225,-0.03732130916,
1477948447,0.1057116057,-0.03799966932,
1478148466,0.1055353244,-0.03736309755,
1478348486,0.106529241,-0.03795417112,
1478548506,0.1061835241,-0.03751289145,
1478748526,0.105663487,-0.03802625795,
1478948545,0.1060300483,-0.03785211979,
1479148565,0.1062107483,-0.03839492148,
1479348585,0.1066952104,-0.03779305896,
1479548605,0.1059032699,-0.03818009282,
1479748624,0.1062727175,-0.03778809339,
1479948644,0.1060282667,-0.037913433,
1480148664,0.1059079766,-0.03753850934,
1480348684,0.1058929229,-0.03842505787,
1480548703,0.1059626684,-0.03784645634,
1480748723,0.1062422141,-0.03735399271,
1480948743,0.1058380817,-0.03783219793,
1481148763,0.1067759368,-0.03763628523,
1481348782,0.1060922698,-0.0374206928,
1481548802,0.10627521,-0.03768738966,
1481748822,0.105868869,-0.0366090677,
1481948842,0.1063780531,-0.03773183226,
1482148862,0.1075432908,-0.03739233887,
1482348881,0.1062856971,-0.037407271,
1482548901,0.1070973341,-0.03726985158,
1482748921,0.1061610747,-0.03689272988,
1482948941,0.1063707214,-0.03682453855,
1483148960,0.1065966405,-0.03640350478,
1483348980,0.1071353852,-0.03645055478,
1483549000,0.1067849801,-0.03669703839,
1483749020,0.106949997,-0.03701124498,
1483949039,0.1066336846,-0.03619347952,
1484149059,0.1066538313,-0.03581395209,
1484349079,0.106262817,-0.03595905671,
1484549099,0.107263885,-0.03617094815,
1484749118,0.1072754062,-0.03560057154,
1484949138,0.1069450531,-0.03561762852,
1485149158,0.1072023478,-0.03536359341,
1485349178,0.1071641659,-0.03502194526,
1485549197,0.1071261623,-0.03509205727,
1485749217,0.1071112364,-0.0348851239,
1485949237,0.1074275614,-0.03426455624,
1486149257,0.1076243754,-0.03434887082,
1486349276,0.107553446,-0.03380788588,
1486549296,0.1085572966,-0.03329437017,
1486749316,0.1081973005,-0.03284971702,
1486949336,0.1087900914,-0.03246598,
1487149355,0.1091635317,-0.03229058986,
1487349375,0.1098333808,-0.03251928316,
1487549395,0.1092586676,-0.03171340672,
1487749415,0.1099349932,-0.03051467022,
1487949434,0.1099656384,-0.03067444115,
1488149454,0.1116575301,-0.03055540986,
1488349474,0.1114985678,-0.03027083528,
1488549494,0.1123278266,-0.02953666555,
1488749513,0.1133825327,-0.02964928936,
1488949533,0.1137342344,-0.02944779405,
1489149553,0.1147157361,-0.02980265999,
1489349573,0.1148034583,-0.02940657828,
1489549592,0.1158857048,-0.03006051656,
1489749612,0.1174205308,-0.02924041311,
1489949632,0.117755109,-0.03008147813,
1490149652,0.1194639988,-0.03029140942,
1490349671,0.1194891832,-0.0295215412,
1490549691,0.1204529711,-0.03018374214,
1490749711,0.1215039397,-0.03086246825,
1490949731,0.1220954771,-0.03092588347,
1491149750,0.1229745963,-0.03169278326,
1491349770,0.1233212593,-0.03261045526,
1491549790,0.1241008398,-0.03345443405,
1491749810,0.125358256,-0.03318677031,
1491949829,0.1248522516,-0.03484663218,
1492149849,0.1258084721,-0.03400639948,
1492349869,0.1254134561,-0.03562049938,
1492549889,0.1265428179,-0.03550373987,
1492749908,0.1277288772,-0.03717851857,
1492949928,0.1276747693,-0.03757534189,
1493149948,0.1283370456,-0.03812881775,
1493349968,0.1282094674,-0.03911963022,
1493549987,0.1278249618,-0.04098560492,
1493750007,0.1281358082,-0.04088662455,
1493950027,0.1279972931,-0.04193597488,
1494150047,0.1285231717,-0.04247011011,
1494350066,0.1292270371,-0.04383299396,
1494550086,0.1288367688,-0.04506738104,
1494750106,0.128791317,-0.04550987947,
1494950126,0.12820554,-0.04571405232,
1495150145,0.1289673076,-0.04688688115,
1495350165,0.1279838448,-0.04811987674,
1495550185,0.1287546992,-0.04884964577,
1495750205,0.1275915507,-0.04884590302,
1495950224,0.1276658926,-0.04973640474,
1496150244,0.1274567188,-0.05140280775,
1496350264,0.1272651976,-0.05222141138,
1496550284,0.1260591931,-0.05183142337,
1496750303,0.1258667688,-0.05279386427,
1496950323,0.1241462376,-0.0534638811,
1497150343,0.1246560911,-0.05450560525,
1497350363,0.1231022501,-0.05443012611,
1497550382,0.1229745506,-0.05390394276,
1497750402,0.1206397608,-0.05575144737,
1497950422,0.1219360855,-0.05454161533,
1498150442,0.1213298802,-0.05445119529,
1498350461,0.1203291963,-0.05494943715,
1498550481,0.1201381193,-0.05484151177,
1498750501,0.1202298622,-0.05462360684,
1498950521,0.119649506,-0.05473620421,
1499150540,0.1195905194,-0.05414797604,
1499350560,0.1181713515,-0.05376913254,
1499550580,0.1182426751,-0.05393690741,
1499750600,0.1181430493,-0.05356286838,
1499950619,0.1175154579,-0.05336037461,
1500150639,0.1183162468,-0.05256637075,
1500350659,0.1185521717,-0.05254827833,
1500550679,0.1181835579,-0.05323954621,
1500750698,0.1185405647,-0.05239743624,
1500950718,0.1182379588,-0.05272987999,
1501150738,0.1186272611,-0.05239379254,
1501350758,0.1183134111,-0.0524647899,
1501550777,0.1187845238,-0.05297657598,
1501750797,0.1189796967,-0.05322348303,
1501950817,0.1185480427,-0.05269335696,
1502150837,0.1198988656,-0.05309688582,
1502350856,0.1186800833,-0.05308090361,
1502550876,0.1187123191,-0.0531933668,
1502750896,0.1194496494,-0.05342672637,
1502950916,0.1196066198,-0.05318171407,
1503150935,0.120292357,-0.05436193387,
1503350955,0.1202068374,-0.05429454848,
1503550975,0.1198091261,-0.0546609318,
1503750995,0.1196682808,-0.05481438669,
1503951014,0.11944275,-0.05523020949,
1504151034,0.1200423173,-0.05572283954,
1504351054,0.1201768243,-0.05584294145,
1504551074,0.1197434673,-0.05649967551,
1504751093,0.1198046637,-0.05602943462,
1504951113,0.1203407231,-0.05672793053,
1505151133,0.1191629027,-0.05689042,
1505351153,0.1191259326,-0.05735148863,
1505551172,0.1193016178,-0.05803297244,
1505751192,0.1187654592,-0.05862100763,
1505951212,0.118025025,-0.05851994605,
1506151232,0.1179719177,-0.05841156283,
1506351251,0.1176906592,-0.05861320405,
1506551271,0.1176251459,-0.05870500301,
1506751291,0.1174413417,-0.05923007426,
1506951311,0.1172914745,-0.05994962231,
1507151331,0.1173022117,-0.05903983428,
1507351350,0.1167749858,-0.0592600024,
1507551370,0.1175383847,-0.05946600932,
1507751390,0.1171027783,-0.0629551611,
1507951410,0.1174476284,-0.05939345103,
1508151429,0.1166944355,-0.05939945989,
1508351449,0.1176737405,-0.05929938162,
1508551469,0.1162548476,-0.0600811782,
1508751489,0.1166502444,-0.05989373964,
1508951508,0.1167692812,-0.06066604005,
1509151528,0.1167856955,-0.06075300757,
1509351548,0.1167228473,-0.06100679448,
1509551568,0.1166225604,-0.06101735082,
1509751587,0.1168666049,-0.06067613255,
1509951607,0.1171159992,-0.06168326632,
1510151627,0.1166471252,-0.06233981926,
1510351647,0.1171049265,-0.06234557591,
1510551666,0.1169619572,-0.06266333627,
1510751686,0.1171628252,-0.06300025334,
1510951706,0.1168186055,-0.06350733382,
1511151726,0.1165437199,-0.06338269639,
1511351745,0.1156773861,-0.0644488362,
1511551765,0.1163021982,-0.06497046073,
1511751785,0.1160360012,-0.06563933507,
1511951805,0.1153210339,-0.0658862441,
1512151824,0.1157070302,-0.06677715802,
1512351844,0.1147377607,-0.06794329714,
1512551864,0.1138732718,-0.0671215048,
1512751884,0.1125133332,-0.06839673322,
1512951903,0.1139212348,-0.0686323822,
1513151923,0.1129152844,-0.0684470279,
1513351943,0.1123567285,-0.07000967437,
1513551963,0.1118869019,-0.07103340724,
1513751982,0.1103389498,-0.07035288607,
1513952002,0.1103711268,-0.0706007771,
1514152022,0.1093070739,-0.07099445701,
1514352042,0.1079851063,-0.07152831204,
1514552061,0.1065957609,-0.07185655026,
1514752081,0.1057752555,-0.07262183587,
1514952101,0.1045436538,-0.07258183186,
1515152121,0.1044812282,-0.07264017535,
1515352140,0.1027225602,-0.07226123989,
1515552160,0.10231472,-0.07188627612,
1515752180,0.1012702955,-0.07123772947,
1515952200,0.1004944204,-0.07139819719,
1516152219,0.09915471511,-0.07075411579,
1516352239,0.09946082111,-0.07089285854,
1516552259,0.09799116434,-0.07011833095,
1516752279,0.09750361085,-0.06921106289,
1516952298,0.09612587379,-0.069177323,
1517152318,0.09553659502,-0.06893794506,
1517352338,0.09560880354,-0.06763273081,
1517552358,0.09557637963,-0.06736038162,
1517752377,0.09466007733,-0.06621089214,
1517952397,0.09447777291,-0.06662950169,
1518152417,0.0939109988,-0.06460410808,
1518352437,0.09320602409,-0.06499746336,
1518552456,0.09305241625,-0.0639244113,
1518752476,0.09342599404,-0.06349868871,
1518952496,0.09224439574,-0.06377526471,
1519152516,0.09251679075,-0.0632983256,
1519352535,0.09196408963,-0.06265383332,
1519552555,0.09137786095,-0.06106465883,
1519752575,0.09166078615,-0.06065905065,
1519952595,0.09091449702,-0.06040942878,
1520152614,0.09128370281,-0.05981664148,
1520352634,0.09092752098,-0.05943242111,
1520552654,0.09051480923,-0.05882300591,
1520752674,0.0909933205,-0.05789208792,
1520952693,0.091395813,-0.05734128998,
1521152713,0.09131862457,-0.05693499195,
1521352733,0.09164067064,-0.05673760646,
1521552753,0.09124011088,-0.05610130989,
1521752772,0.09181587217,-0.05612548717,
1521952792,0.09093837507,-0.05517011975,
1522152812,0.09150390574,-0.05477313606,
1522352832,0.09065906254,-0.054658501,
1522552851,0.09116699421,-0.05450614735,
1522752871,0.09136214788,-0.05457206841,
1522952891,0.09159929338,-0.05400925125,
1523152911,0.09125689395,-0.05307145153,
1523352930,0.09123296114,-0.05275981277,
1523552950,0.09147340463,-0.05294008734,
1523752970,0.0908632521,-0.05292708715,
1523952990,0.09158022825,-0.05271575503,
1524153009,0.09066445422,-0.05225649163,
1524353029,0.09045046324,-0.05183588283,
1524553049,0.08988617756,-0.05207213539,
1524753069,0.09030131097,-0.05098717315,
1524953088,0.09018062588,-0.05064285579,
1525153108,0.09004872146,-0.05009570753,
1525353128,0.08982744194,-0.04970134149,
1525553148,0.08952439652,-0.04861325831,
1525753167,0.08959337961,-0.04880744901,
1525953187,0.08917240766,-0.04789318015,
1526153207,0.08942383832,-0.04664082522,
1526353227,0.08946346368,-0.04722630279,
1526553246,0.08932012303,-0.04630453777,
1526753266,0.0887583539,-0.0457054588,
1526953286,0.08917470153,-0.04486560031,
1527153306,0.08909129089,-0.04492701453,
1527353325,0.08987626188,-0.04359178012,
1527553345,0.08898062117,-0.04331697227,
1527753365,0.08991352833,-0.04227104555,
1527953385,0.09002312447,-0.04117223565,
1528153404,0.09060338184,-0.04093251907,
1528353424,0.09041164098,-0.03966997656,
1528553444,0.09137820625,-0.03899096856,
1528753464,0.09145726741,-0.03840477506,
1528953483,0.09117586443,-0.0376592144,
1529153503,0.09217176992,-0.03723770064,
1529353523,0.0925135673,-0.03658499923,
1529553543,0.09317165667,-0.03582726461,
1529753562,0.09416839375,-0.03531339116,
1529953582,0.09461410811,-0.03521626183,
1530153602,0.09542498412,-0.03445689512,
1530353622,0.09563624989,-0.03400924208,
1530553641,0.09689505945,-0.03405621261,
1530753661,0.09780172061,-0.03383600874,
1530953681,0.09845311533,-0.03463535328,
1531153701,0.09991829266,-0.03376949466,
1531353721,0.09992098025,-0.03451608479,
1531553740,0.1004785516,-0.03362359833,
1531753760,0.10080664,-0.03441128839,
1531953780,0.1014628623,-0.0344996509,
1532153800,0.1013194686,-0.03509849179,
1532353819,0.1020385742,-0.03446447902,
1532553839,0.1020710849,-0.03478595489,
1532753859,0.1029107733,-0.03517589932,
1532953879,0.1024938085,-0.03561820119,
1533153898,0.1033500158,-0.03481515494,
1533353918,0.1032750759,-0.03538935972,
1533553938,0.103160734,-0.0355844954,
1533753958,0.1037122296,-0.03510875643,
1533953977,0.1026825476,-0.0356947435,
1534153997,0.1031843142,-0.03627518278,
1534354017,0.1039856965,-0.03586549063,
1534554037,0.1028015273,-0.036051963,
1534754056,0.1038237011,-0.03545333666,
1534954076,0.1039133664,-0.03587282768,
1535154096,0.1031727141,-0.03596297973,
1535354116,0.1036942368,-0.03618968741,
1535554135,0.1033624806,-0.0364825828,
1535754155,0.104758858,-0.03550730808,
1535954175,0.1040823513,-0.03590853351,
1536154195,0.1036083306,-0.03580801185,
1536354214,0.1036636904,-0.03600150934,
1536554234,0.1035610975,-0.03554207104,
1536754254,0.1031869486,-0.03523940407,
1536954274,0.1027234687,-0.03484760388,
1537154293,0.1028140615,-0.03537755499,
1537354313,0.1027477207,-0.03462893125,
1537554333,0.1024470611,-0.03486625057,
1537754353,0.1020341027,-0.03352746122,
1537954372,0.1027233612,-0.03288032653,
1538154392,0.1024617923,-0.03221619942,
1538354412,0.1025246039,-0.03197654393,
1538554432,0.1028592045,-0.03149363922,
1538754451,0.1029651132,-0.03081232837,
1538954471,0.1039576561,-0.02973103555,
1539154491,0.1033934455,-0.02960833875,
1539354511,0.1043741086,-0.02952718838,
1539554530,0.1050290754,-0.0282639487,
1539754550,0.1051854244,-0.02821102217,
1539954570,0.10601969,-0.02755386808,
1540154590,0.106184962,-0.02703411242,
1540354609,0.1070146455,-0.02682384874,
1540554629,0.1069462925,-0.02656878717,
1540754649,0.1079669472,-0.02639472182,
1540954669,0.1093786471,-0.02563535639,
1541154688,0.109664081,-0.02523022603,
1541354708,0.1106034427,-0.02544175907,
1541554728,0.1104852965,-0.02473144702,
1541754748,0.1116783316,-0.02493469451,
1541954767,0.1123962162,-0.02470885581,
1542154787,0.1126969297,-0.0251112343,
1542354807,0.1136526912,-0.02474084995,
1542554827,0.113982409,-0.02447398404,
1542754846,0.1149011757,-0.02443492079,
1542954866,0.1155990938,-0.02467890913,
1543154886,0.1156022152,-0.02552947175,
1543354906,0.1165215689,-0.02556191533,
1543554925,0.1170735881,-0.02528326508,
1543754945,0.1178639026,-0.02533360848,
1543954965,0.1182172996,-0.02648370836,
1544154985,0.118425139,-0.02637458425,
1544355004,0.1189294657,-0.02602590892,
1544555024,0.1191031618,-0.02596582271,
1544755044,0.1193624506,-0.02618216856,
1544955064,0.1204767036,-0.02724291152,
1545155083,0.1212962325,-0.02736790361,
1545355103,0.1214556987,-0.02644196822,
1545555123,0.1217820239,-0.02687538121,
1545755143,0.1227631478,-0.02749657121,
1545955162,0.1224765605,-0.02791367912,
1546155182,0.1231260474,-0.02786614851,
1546355202,0.1237222246,-0.02857755681,
1546555222,0.1245616714,-0.02981588377,
1546755241,0.1246893639,-0.0302278386,
1546955261,0.1259279017,-0.03077067076,
1547155281,0.1254532006,-0.03145089668,
1547355301,0.1256118289,-0.03241591409,
1547555320,0.1261877302,-0.0328183987,
1547755340,0.1254258412,-0.03359607129,
1547955360,0.1253925384,-0.03420481864,
1548155380,0.1258130393,-0.03453528653,
1548355399,0.1246973008,-0.03484395333,
1548555419,0.1251088939,-0.03643529018,
1548755439,0.1248033087,-0.03647418419,
1548955459,0.1236048501,-0.03680920169,
1549155478,0.1236281892,-0.03732644732,
1549355498,0.1228521205,-0.03740052895,
1549555518,0.1225343834,-0.03800642605,
1549755538,0.1215545933,-0.03807063887,
1549955557,0.1208754803,-0.03829443744,
1550155577,0.1200376482,-0.03808617634,
1550355597,0.1202333008,-0.03762460815,
1550555617,0.1198435178,-0.03641944784,
1550755636,0.1189059523,-0.03636231906,
1550955656,0.1182302182,-0.03647588192,
1551155676,0.1186208009,-0.03623130618,
1551355696,0.1180574952,-0.03491369678,
1551555715,0.1173812554,-0.03481933234,
1551755735,0.1174577823,-0.03395494794,
1551955755,0.1175936126,-0.03282027417,
1552155775,0.1170010229,-0.03291948746,
1552355794,0.1175210455,-0.03210569014,
1552555814,0.1175648267,-0.03145247226,
1552755834,0.1184046214,-0.03019742067,
1552955854,0.1188533528,-0.02948126301,
1553155873,0.1182359984,-0.02855113429,
1553355893,0.1186186496,-0.02838443842,
1553555913,0.1203097916,-0.02796960444,
1553755933,0.1203623759,-0.02758965003,
1553955952,0.1208867469,-0.02673504676,
1554155972,0.1206581137,-0.02716251446,
1554355992,0.121124844,-0.02628754863,
1554556012,0.1217538507,-0.02578348649,
1554756031,0.1217375847,-0.02485087276,
1554956051,0.1222202762,-0.02451619628,
1555156071,0.1233183991,-0.02499036271,
1555356091,0.1234409204,-0.02355582444,
1555556110,0.1239652632,-0.02281455299,
1555756130,0.1246383547,-0.02276037632,
1555956150,0.1252517287,-0.02204740654,
1556156170,0.1261238713,-0.0212333398,
1556356190,0.1275538845,-0.02152049263,
1556556209,0.1282821734,-0.02036660204,
1556756229,0.1293124982,-0.02084821764,
1556956249,0.1297320487,-0.02003135053,
1557156269,0.1311485023,-0.0201244821,
1557356288,0.1316264958,-0.01953618772,
1557556308,0.1332075034,-0.02042447353,
1557756328,0.1347784909,-0.020127151,
1557956348,0.1359947774,-0.01882568096,
1558156367,0.1361665517,-0.01931979074,
1558356387,0.1376362084,-0.01901297153,
1558556407,0.13870918,-0.01936519476,
1558756427,0.1409042055,-0.01956510256,
1558956446,0.1421344826,-0.02076835658,
1559156466,0.1438693701,-0.0205389461,
1559356486,0.145029787,-0.02193640997,
1559556506,0.1470652936,-0.02146200836,
1559756525,0.1478953726,-0.0226211385,
1559956545,0.1494447982,-0.02373271495,
1560156565,0.1508505437,-0.02556002493,
1560356585,0.1520689358,-0.02628172414,
1560556604,0.1533504183,-0.02769612438,
1560756624,0.1537575859,-0.02931884527,
1560956644,0.1544417027,-0.03070800455,
1561156664,0.1552760981,-0.03294721602,
1561356683,0.1551684111,-0.0349702198,
1561556703,0.1556597832,-0.0368775746,
1561756723,0.1555262104,-0.0383728587,
1561956743,0.1546558749,-0.04099742076,
1562156762,0.1548891709,-0.04272797914,
1562356782,0.1537401335,-0.04422952039,
1562556802,0.152928832,-0.04483219981,
1562756822,0.1530418579,-0.04700284188,
1562956841,0.1513887108,-0.04753749954,
1563156861,0.1497010832,-0.04849960866,
1563356881,0.1488351829,-0.05033217451,
1563556901,0.1474429962,-0.04973215278,
1563756920,0.1465650181,-0.0511978083,
1563956940,0.1447378229,-0.05129434316,
1564156960,0.1437973543,-0.0509616122,
1564356980,0.1432568317,-0.05181167579,
1564556999,0.141169245,-0.05170628147,
1564757019,0.1410438717,-0.05141782107,
1564957039,0.139287877,-0.05057419408,
1565157059,0.1395238567,-0.0510444714,
1565357078,0.1383145454,-0.0502812575,
1565557098,0.1381638226,-0.04850614473,
1565757118,0.1367731224,-0.04876501617,
1565957138,0.136528373,-0.04835092976,
1566157157,0.1364332136,-0.04726638321,
1566357177,0.1357671689,-0.04629860808,
1566557197,0.1362905862,-0.04562886026,
1566757217,0.1355343019,-0.04590054378,
1566957236,0.1358513081,-0.04438843322,
1567157256,0.1365001425,-0.04398474218,
1567357276,0.1370672097,-0.04295855688,
1567557296,0.1376849646,-0.04274426201,
1567757315,0.1371299058,-0.04175440238,
1567957335,0.1385908003,-0.04148228146,
1568157355,0.1385900695,-0.04142750332,
1568357375,0.1396764319,-0.04117025932,
1568557394,0.1404814459,-0.04131927461,
1568757414,0.1415052087,-0.0407496661,
1568957434,0.1421264439,-0.04094399997,
1569157454,0.1429996855,-0.04186911243,
1569357473,0.1432971034,-0.04111584918,
1569557493,0.144136302,-0.04204577712,
1569757513,0.1450288122,-0.04171202028,
1569957533,0.1458049057,-0.04165970295,
1570157552,0.1457607303,-0.04290361862,
1570357572,0.1458893194,-0.04344169787,
1570557592,0.1468425108,-0.04452434654,
1570757612,0.1473246567,-0.04404171282,
1570957631,0.1473917976,-0.04623607324,
1571157651,0.1467187449,-0.0459980227,
1571357671,0.1471397344,-0.04707158649,
1571557691,0.1477031622,-0.04751795871,
1571757710,0.1468742152,-0.04790245294,
1571957730,0.1469110752,-0.04841236852,
1572157750,0.1468224745,-0.04870421012,
1572357770,0.1465111914,-0.04986908227,
1572557789,0.146150792,-0.05019689337,
1572757809,0.1461671342,-0.05088634242,
1572957829,0.1460125906,-0.05051149669,
1573157849,0.1453693095,-0.05128052114,
1573357868,0.1457711929,-0.05145318319,
1573557888,0.145395057,-0.05167640883,
1573757908,0.1448165309,-0.05161217873,
1573957928,0.1449034606,-0.05188449189,
1574157947,0.1444918552,-0.0523719438,
1574357967,0.1440482728,-0.05118160647,
1574557987,0.1440116451,-0.05172723053,
1574758007,0.1442781324,-0.05219485747,
1574958026,0.145099922,-0.05250197742,
1575158046,0.1443242764,-0.05192929014,
1575358066,0.1444927285,-0.05282029674,
1575558086,0.1437757143,-0.05214456605,
1575758105,0.144312859,-0.05220247059,
1575958125,0.1445620991,-0.05278033358,
1576158145,0.1440677601,-0.05300308511,
1576358165,0.1447018402,-0.05348067684,
1576558184,0.1445632968,-0.05430795802,
1576758204,0.1446284347,-0.05445813191,
1576958224,0.1438003737,-0.05489399967,
1577158244,0.1440502629,-0.054739587,
1577358263,0.1438470912,-0.05520463591,
1577558283,0.1435824129,-0.0559450033,
1577758303,0.1424011693,-0.05581368863,
1577958323,0.1433957448,-0.0556180739,
1578158342,0.1427406565,-0.05569940877,
1578358362,0.1414181297,-0.05561367943,
1578558382,0.1411870499,-0.05672469574,
1578758402,0.1398882907,-0.05659833991,
1578958421,0.1403138072,-0.0562851155,
1579158441,0.1398515507,-0.05617493603,
1579358461,0.1388467869,-0.05583666037,
1579558481,0.1397040823,-0.05477326079,
1579758500,0.1379212868,-0.05538882218,
1579958520,0.1381756797,-0.05464355584,
1580158540,0.1387739654,-0.05395623556,
1580358560,0.1374905221,-0.05421892869,
1580558580,0.1382660667,-0.05302632188,
1580758599,0.1374216345,-0.05257278348,
1580958619,0.1374336696,-0.05166033427,
1581158639,0.1381208001,-0.05137700382,
1581358659,0.1386243809,-0.0519481988,
1581558678,0.138653587,-0.05016457181,
1581758698,0.13875942,-0.04986734411,
1581958718,0.1398647296,-0.05020833455,
1582158738,0.1403611899,-0.04919022133,
1582358757,0.1408665424,-0.04854216407,
1582558777,0.1409945469,-0.04973883664,
1582758797,0.1421654704,-0.04821942741,
1582958817,0.142351024,-0.04863572059,
1583158836,0.1435977236,-0.04915162681,
1583358856,0.1447737883,-0.04906441641,
1583558876,0.1444786499,-0.04884756862,
1583758896,0.1450892549,-0.04916303413,
1583958915,0.1458546015,-0.0498866961,
1584158935,0.1465070016,-0.05011619323,
1584358955,0.1464366853,-0.05115203406,
1584558975,0.1471510758,-0.05175828049,
1584758994,0.1474674111,-0.05237279709,
1584959014,0.1472023299,-0.05198439566,
1585159034,0.1472750247,-0.05257462498,
1585359054,0.1476298268,-0.05452830064,
1585559073,0.1469366713,-0.05437797879,
1585759093,0.1477421545,-0.05494885209,
1585959113,0.14801869,-0.05544414283,
1586159133,0.1465594751,-0.05675306506,
1586359152,0.1462065057,-0.05617617765,
1586559172,0.1465182135,-0.05775219308,
1586759192,0.1452874275,-0.05754818553,
1586959212,0.1451620311,-0.05839539307,
1587159231,0.1448979821,-0.05807454122,
1587359251,0.1448928044,-0.05857116591,
1587559271,0.1440460349,-0.05792851741,
1587759291,0.1431079923,-0.05838010364,
1587959310,0.1427931671,-0.05785511575,
1588159330,0.141961077,-0.05858261192,
1588359350,0.1418767752,-0.05809530347,
1588559370,0.1417000097,-0.05780412277,
1588759389,0.1409725805,-0.05808873903,
1588959409,0.1414468952,-0.05770181551,
1589159429,0.1408267519,-0.0570207551,
1589359449,0.1396631675,-0.05714268293,
1589559468,0.1396317684,-0.05667646043,
1589759488,0.1395144858,-0.05623051068,
1589959508,0.1397782608,-0.05573513807,
1590159528,0.1400101269,-0.0548430594,
1590359547,0.1390980492,-0.05457051109,
1590559567,0.140179551,-0.05469041907,
1590759587,0.1398276786,-0.05427682846,
1590959607,0.140336107,-0.05387988755,
1591159626,0.1408354926,-0.05371102671,
1591359646,0.1406153741,-0.05316305068,
1591559666,0.1408489089,-0.05271813051,
1591759686,0.140975513,-0.05173849703,
1591959705,0.1422076166,-0.05187197222,
1592159725,0.142459155,-0.05232242079,
1592359745,0.1414226837,-0.05165926188,
1592559765,0.1417821003,-0.05142083419,
1592759784,0.1432249788,-0.0510013381,
1592959804,0.1430984739,-0.05179508281,
1593159824,0.1430777605,-0.0509420414,
1593359844,0.1446218587,-0.05110999827,
1593559863,0.144664246,-0.05133656468,
1593759883,0.1454270126,-0.05096836234,
1593959903,0.1449887505,-0.05117366161,
1594159923,0.145000627,-0.05080395434,
1594359942,0.1455292182,-0.05125172665,
1594559962,0.1460583805,-0.0516344139,
1594759982,0.1459579521,-0.05181264856,
1594960002,0.1462580188,-0.0510731417,
1595160021,0.1473792353,-0.0510556764,
1595360041,0.1472478586,-0.05080798641,
1595560061,0.1473785694,-0.05149563486,
1595760081,0.1475951593,-0.05135318644,
1595960100,0.1477411213,-0.05220465935,
1596160120,0.1485735693,-0.0520809539,
1596360140,0.1485755373,-0.05232439744,
1596560160,0.1487293435,-0.05192188393,
1596760179,0.1491594356,-0.05280944788,
1596960199,0.14964078,-0.05294039983,
1597160219,0.1500766935,-0.05226303048,
1597360239,0.1503633291,-0.05397194619,
1597560258,0.1500319838,-0.05336853449,
1597760278,0.1498742696,-0.05502929468,
1597960298,0.149812476,-0.05501497924,
1598160318,0.1503460444,-0.05453768163,
1598360337,0.1504726442,-0.05556426848,
1598560357,0.1496876544,-0.0553939682,
1598760377,0.149871572,-0.05496224814,
1598960397,0.1508812549,-0.05598031461,
1599160416,0.1505522762,-0.05616194338,
1599360436,0.1496152027,-0.05610778873,
1599560456,0.149643896,-0.05741081823,
1599760476,0.1497828282,-0.05699996408,
1599960495,0.149074031,-0.05739488638,
1600160515,0.1495031249,-0.05793112704,
1600360535,0.1479740734,-0.05706785525,
1600560555,0.1483348271,-0.05799637396,
1600760574,0.1480298225,-0.0571248225,
1600960594,0.1485420131,-0.0574362035,
1601160614,0.1482548979,-0.05697024641,
1601360634,0.1476847325,-0.05710571318,
1601560653,0.1479785,-0.05677608694,
1601760673,0.1480709737,-0.05659513661,
1601960693,0.1478899736,-0.05657102995,
1602160713,0.1474308541,-0.05716649736,
1602360732,0.1467376928,-0.05679873076,
1602560752,0.1465693535,-0.05604805765,
1602760772,0.1467698368,-0.05551874347,
1602960792,0.1473750728,-0.05579179263,
1603160811,0.1467493958,-0.05549752274,
1603360831,0.146936935,-0.05513110745,
1603560851,0.1474953827,-0.05547721846,
1603760871,0.1472497448,-0.05398559143,
1603960890,0.1480730232,-0.05452538111,
1604160910,0.1485043672,-0.05402603408,
1604360930,0.1478549963,-0.05435512393,
1604560950,0.1485666975,-0.05408374382,
1604760969,0.1491292642,-0.05367871111,
1604960989,0.1488270702,-0.05319828492,
1605161009,0.1486899591,-0.05332187586,
1605361029,0.1490886548,-0.053127996,
1605561049,0.1499658628,-0.05300832725,
1605761068,0.1494748588,-0.05325975799,
1605961088,0.1499498218,-0.0528793514,
1606161108,0.1500422814,-0.05311860834,
1606361128,0.1499986777,-0.05245932269,
1606561147,0.1506605085,-0.05301173251,
1606761167,0.150922874,-0.05261928017,
1606961187,0.1514866406,-0.05323121301,
1607161207,0.1517100658,-0.05241652861,
1607361226,0.1508874301,-0.05301706138,
1607561246,0.151818768,-0.05162217344,
1607761266,0.1509943562,-0.05222259484,
1607961286,0.1515293569,-0.05136159086,
1608161305,0.1523001425,-0.05094027635,
1608361325,0.1525742778,-0.05119384171,
1608561345,0.1530054685,-0.05037039401,
1608761365,0.1537119077,-0.0506411796,
1608961384,0.154051899,-0.05013948428,
1609161404,0.1547759864,-0.05014112364,
1609361424,0.1552490867,-0.04960313287,
1609561444,0.1549972036,-0.04913539072,
1609761463,0.1562108124,-0.04950448647,
1609961483,0.1570875542,-0.04928339276,
1610161503,0.1568513546,-0.0488000024,
1610361523,0.1584452677,-0.04875051015,
1610561542,0.1588678542,-0.04917919949,
1610761562,0.1594014039,-0.04945102189,
1610961582,0.1598198981,-0.04871558423,
1611161602,0.1603245511,-0.0495959311,
1611361621,0.1619913513,-0.04964353083,
1611561641,0.163123916,-0.05019183732,
1611761661,0.1640447811,-0.05098619571,
1611961681,0.1647951327,-0.05086592511,
1612161700,0.1645901349,-0.05161259494,
1612361720,0.165253963,-0.05251004857,
1612561740,0.1659688988,-0.0538294655,
1612761760,0.166241158,-0.05380567839,
1612961779,0.167479674,-0.05384709149,
1613161799,0.1667887477,-0.05453726587,
1613361819,0.1672274684,-0.05549207577,
1613561839,0.1677516707,-0.05568802753,
1613761858,0.1684083406,-0.05692473211,
1613961878,0.1678674568,-0.05760297103,
1614161898,0.1688177525,-0.05817499954,
1614361918,0.1685922718,-0.05834497557,
1614561937,0.1678981858,-0.05902616332,
1614761957,0.1679830286,-0.05989565848,
1614961977,0.1687512199,-0.05971259101,
1615161997,0.1689008258,-0.06130125248,
1615362016,0.1688235097,-0.06016900408,
1615562036,0.1687267532,-0.06053451057,
1615762056,0.1691693421,-0.06124222609,
1615962076,0.1684980132,-0.06163776607,
1616162095,0.169120451,-0.06144366609,
1616362115,0.1690007582,-0.0624398452,
1616562135,0.1700231316,-0.06211208903,
1616762155,0.1697421488,-0.06249160433,
1616962174,0.1702230484,-0.06293361326,
1617162194,0.1707566529,-0.06341014031,
1617362214,0.1704231706,-0.06415800944,
1617562234,0.1707129686,-0.06455065423,
1617762253,0.1710970045,-0.06510634151,
1617962273,0.1711361317,-0.06562653157,
1618162293,0.1727179715,-0.06604009108,
1618362313,0.172361224,-0.0667450926,
1618562332,0.1725565457,-0.06771817993,
1618762352,0.1730094434,-0.06841881744,
1618962372,0.1732875582,-0.07008006214,
1619162392,0.1733670671,-0.06962446362,
1619362411,0.1734628484,-0.07074662993,
1619562431,0.1733972737,-0.07134331137,
1619762451,0.1727906548,-0.07234139167,
1619962471,0.1717411351,-0.07418694542,
1620162490,0.1723028079,-0.07352167272,
1620362510,0.1717446421,-0.07527467001,
1620562530,0.17088989,-0.07541910395,
1620762550,0.1706706139,-0.07629795912,
1620962569,0.1707107322,-0.07671280634,
1621162589,0.1701416965,-0.0773662193,
1621362609,0.168875296,-0.07862039133,
1621562629,0.168970577,-0.07909068863,
1621762648,0.1684574096,-0.07976850872,
1621962668,0.1669516084,-0.08001717496,
1622162688,0.1672390423,-0.08117249601,
1622362708,0.167100263,-0.08065017584,
1622562727,0.1654602104,-0.08133467009,
1622762747,0.1650511015,-0.08055817001,
1622962767,0.1641995591,-0.08185693641,
1623162787,0.1642471545,-0.08106602064,
1623362806,0.1637471007,-0.08158060156,
1623562826,0.162712136,-0.08167798937,
1623762846,0.1617999112,-0.08139401472,
1623962866,0.1612435787,-0.08093851668,
1624162885,0.1603655461,-0.08154845754,
1624362905,0.1605033035,-0.08117164217,
1624562925,0.1602819583,-0.08228764751,
1624762945,0.1602419543,-0.08123199213,
1624962964,0.1592383125,-0.08156437223,
1625162984,0.158184851,-0.08087265424,
1625363004,0.1591571463,-0.08096407043,
1625563024,0.1581204166,-0.08081258432,
1625763043,0.156947032,-0.08065211201,
1625963063,0.1572975998,-0.08017092331,
1626163083,0.1579461959,-0.07950591321,
1626363103,0.1574179722,-0.07972199515,
1626563122,0.1570538583,-0.07915195009,
1626763142,0.1583066114,-0.07970865728,
1626963162,0.157206425,-0.07969588603,
1627163182,0.1567264049,-0.07908213759,
1627363201,0.1579659978,-0.079185532,
1627563221,0.157828675,-0.07892506232,
1627763241,0.1574305129,-0.07920692375,
1627963261,0.157637851,-0.07876583635,
1628163280,0.1576425503,-0.07868447911,
1628363300,0.1567556618,-0.07875100988,
1628563320,0.1573210593,-0.07910269825,
1628763340,0.1573782479,-0.07930274128,
1628963359,0.1573317509,-0.07921479984,
1629163379,0.1578768092,-0.07969157082,
1629363399,0.1573801913,-0.07961147355,
1629563419,0.1572228953,-0.08011489904,
1629763438,0.1557367563,-0.0801503052,
1629963458,0.1554777077,-0.08057527811,
1630163478,0.155583011,-0.07996434438,
1630363498,0.1549084168,-0.08036120541,
1630563518,0.1541246201,-0.07959022354,
1630763537,0.1548553463,-0.08052317279,
1630963557,0.1547592983,-0.07993998042,
1631163577,0.1538214252,-0.080174827,
1631363597,0.1538984458,-0.07986641009,
1631563616,0.1530663037,-0.08018891832,
1631763636,0.1536486359,-0.07915316614,
1631963656,0.1529091689,-0.07873674665,
1632163676,0.1529207843,-0.07880753064,
1632363695,0.1518527787,-0.07912586558,
1632563715,0.1513946668,-0.07749925219,
1632763735,0.1516002824,-0.07772502778,
1632963755,0.1504027079,-0.07699665038,
1633163774,0.1516572249,-0.07627374628,
1633363794,0.1509590129,-0.07607507308,
1633563814,0.1511020157,-0.0755633055,
1633763834,0.1509215022,-0.07509576833,
1633963853,0.1515572386,-0.07477269057,
1634163873,0.1509940962,-0.07428635883,
1634363893,0.1510628014,-0.0734328734,
1634563913,0.1525640584,-0.07288991443,
1634763932,0.1532595255,-0.07292751671,
1634963952,0.1529189563,-0.07253057894,
1635163972,0.1533503672,-0.07239484323,
1635363992,0.1541410286,-0.07212535039,
1635564011,0.1549067876,-0.07195013762,
1635764031,0.1545428886,-0.07140818559,
1635964051,0.1552852675,-0.07186752074,
1636164071,0.1562365775,-0.07151607285,
1636364090,0.1571142384,-0.07166400581,
1636564110,0.1573296878,-0.07172906948,
1636764130,0.1581234576,-0.07208674592,
1636964150,0.1582740532,-0.07238371066,
1637164169,0.1590119908,-0.07319928045,
1637364189,0.1593963386,-0.07297661131,
1637564209,0.1595715853,-0.07347403417,
1637764229,0.1590904676,-0.07365146433,
1637964248,0.1590800683,-0.07455902326,
1638164268,0.1594732539,-0.07544517927,
1638364288,0.159476131,-0.07603614646,
1638564308,0.1599956043,-0.07641113753,
1638764327,0.1592377156,-0.07715986564,
1638964347,0.1596330172,-0.0780399551,
1639164367,0.1588990919,-0.07835317578,
1639364387,0.1598748862,-0.07889499691,
1639564406,0.1589323291,-0.07920825306,
1639764426,0.1584405057,-0.07965785589,
1639964446,0.1573007323,-0.08066669639,
1640164466,0.1574985875,-0.08057708915,
1640364485,0.1562487274,-0.08111440601,
1640564505,0.155555456,-0.08134854699,
1640764525,0.1547623441,-0.08169415475,
1640964545,0.1533650664,-0.08156094526,
1641164564,0.1536777334,-0.08182897483,
1641364584,0.1519262445,-0.08106405301,
1641564604,0.1512672499,-0.08127543421,
1641764624,0.1508316715,-0.08127905385,
1641964643,0.1496554825,-0.08060114006,
1642164663,0.1496938775,-0.07935389072,
1642364683,0.147838295,-0.07901134364,
1642564703,0.1472044158,-0.07850780787,
1642764722,0.147334282,-0.07775678405,
1642964742,0.146524296,-0.07703602596,
1643164762,0.1461677894,-0.07513464803,
1643364782,0.1457401898,-0.07460375038,
1643564801,0.1458976756,-0.07320384258,
1643764821,0.1461254525,-0.07231623472,
1643964841,0.1463430635,-0.07215816821,
1644164861,0.1460159385,-0.07027229716,
1644364880,0.1462883596,-0.06934021797,
1644564900,0.1470660231,-0.0689680325,
1644764920,0.1471658869,-0.06809382977,
1644964940,0.147629888,-0.06684485121,
1645164959,0.148441529,-0.06667820435,
1645364979,0.1487446165,-0.06559015684,
1645564999,0.1496039922,-0.06466232445,
1645765019,0.1497669216,-0.06421917672,
1645965038,0.1502934374,-0.06376249392,
1646165058,0.1518657165,-0.06299608156,
1646365078,0.1529091653,-0.06315208738,
1646565098,0.1535347074,-0.06249095079,
1646765117,0.1544190149,-0.06194270874,
1646965137,0.1547455683,-0.06246168618,
1647165157,0.1558162479,-0.06231802866,
1647365177,0.1571121018,-0.06210590194,
1647565196,0.1573645648,-0.06197703731,
1647765216,0.1578518908,-0.06110797555,
1647965236,0.159744352,-0.06188935483,
1648165256,0.1597325745,-0.06238565602,
1648365275,0.1600439803,-0.06199581944,
1648565295,0.1608465925,-0.06277790839,
1648765315,0.1619449435,-0.06177112633,
1648965335,0.1625636015,-0.06291813547,
1649165354,0.1631280961,-0.06346818123,
1649365374,0.1639312566,-0.06312675389,
1649565394,0.1638018822,-0.06308282061,
1649765414,0.1647475971,-0.06431568899,
1649965433,0.1652836192,-0.06408111766,
1650165453,0.1654284678,-0.06504839273,
1650365473,0.1658838118,-0.06570481143,
1650565493,0.1660437835,-0.06539406631,
1650765512,0.1672994579,-0.06588457883,
1650965532,0.1669759039,-0.06670008133,
1651165552,0.1669586311,-0.06694308021,
1651365572,0.1668564701,-0.06731245391,
1651565591,0.167094856,-0.06826375546,
1651765611,0.1685743692,-0.0685372643,
1651965631,0.1683540344,-0.06910341257,
1652165651,0.1678960861,-0.06904170103,
1652365670,0.1682194498,-0.06963712415,
1652565690,0.1678061154,-0.07025853039,
1652765710,0.1677803669,-0.07010296705,
1652965730,0.1680336998,-0.07067003525,
1653165749,0.1670775997,-0.07090809502,
1653365769,0.1674929917,-0.07071309114,
1653565789,0.168002995,-0.0709793166,
1653765809,0.1678570489,-0.07059190015,
1653965828,0.1675741973,-0.07070635551,
1654165848,0.1671674127,-0.07102114782,
1654365868,0.1676885252,-0.07061380401,
1654565888,0.1677810073,-0.07118706672,
1654765908,0.1680974988,-0.07117454367,
1654965927,0.1679533784,-0.07174819973,
1655165947,0.1684179133,-0.07198163436,
1655365967,0.1685515592,-0.07088979863,
1655565987,0.1681110237,-0.07107315115,
1655766006,0.1680408,-0.07238586572,
1655966026,0.1687380947,-0.07176591508,
1656166046,0.1688923597,-0.07160205586,
1656366066,0.1691826277,-0.07213217736,
1656566085,0.1687871176,-0.07261434885,
1656766105,0.1696925276,-0.07172041588,
1656966125,0.1692262028,-0.0726916003,
1657166145,0.1695431197,-0.07230211341,
1657366164,0.1692214741,-0.07257210772,
1657566184,0.1696862605,-0.07347641912,
1657766204,0.1697912408,-0.07293555989,
1657966224,0.1696485524,-0.07351858761,
1658166243,0.1693792848,-0.0734475971,
1658366263,0.1698145721,-0.07354494731,
1658566283,0.1692693392,-0.07340715273,
1658766303,0.1694388425,-0.07327946121,
1658966322,0.1698923948,-0.07383872817,
1659166342,0.1697108678,-0.07412986568,
1659366362,0.1696444115,-0.074171056,
1659566382,0.1695371123,-0.07381969251,
1659766401,0.170035409,-0.07384254295,
1659966421,0.1698141855,-0.0742175296,
1660166441,0.1693985456,-0.07383090352,
1660366461,0.168842747,-0.07430381083,
1660566480,0.1690581898,-0.07373329202,
1660766500,0.1697231303,-0.07402714559,
1660966520,0.170163553,-0.07331120892,
1661166540,0.1704154683,-0.07293149091,
1661366559,0.1699525042,-0.07318653985,
1661566579,0.171157544,-0.0728395789,
1661766599,0.1716760452,-0.07326263973,
1661966619,0.1710330994,-0.07281212079,
1662166638,0.1714820941,-0.07297199016,
1662366658,0.172018072,-0.07406260907,
1662566678,0.1726224011,-0.07337278971,
1662766698,0.1731138838,-0.07378325643,
1662966717,0.1733622184,-0.07393207873,
1663166737,0.1738908974,-0.07402158429,
1663366757,0.1738780857,-0.07383603412,
1663566777,0.1746329425,-0.0747238778,
1663766796,0.1743341529,-0.07559212975,
1663966816,0.1747012474,-0.07574370243,
1664166836,0.1749539405,-0.07598031917,
1664366856,0.1751344587,-0.07639603354,
1664566875,0.1744102256,-0.07718729128,
1664766895,0.1746659416,-0.07819642692,
1664966915,0.1742776801,-0.07868419563,
1665166935,0.1747700795,-0.07840223971,
1665366954,0.1745812373,-0.07932348567,
1665566974,0.1742382779,-0.07882586244,
1665766994,0.1736069303,-0.07983362896,
1665967014,0.1733854969,-0.08058834674,
1666167033,0.1731858212,-0.08035339284,
1666367053,0.1733930259,-0.08040467904,
1666567073,0.1731198161,-0.08062167401,
1666767093,0.1728424872,-0.08090828692,
1666967112,0.1718167162,-0.08146026549,
1667167132,0.1711862924,-0.08119672246,
1667367152,0.1708015051,-0.08113831551,
1667567172,0.1704426223,-0.08164087471,
1667767191,0.1706321544,-0.08126404129,
1667967211,0.1697626989,-0.08142171577,
1668167231,0.1700736241,-0.08144297944,
1668367251,0.1684558014,-0.0809844149,
1668567270,0.1693707204,-0.08099221838,
1668767290,0.1690901434,-0.08022270301,
1668967310,0.1682927292,-0.07978133044,
1669167330,0.1677548029,-0.07954913355,
1669367349,0.1681439782,-0.07958064155,
1669567369,0.1679543384,-0.07841276211,
1669767389,0.1682523157,-0.0785500207,
1669967409,0.1679847657,-0.0781475025,
1670167428,0.1670623219,-0.07711551113,
1670367448,0.1675329872,-0.07671159873,
1670567468,0.1674128823,-0.07623168791,
1670767488,0.1677979801,-0.07573201706,
1670967507,0.1680308561,-0.07455883292,
1671167527,0.1686280902,-0.07382297046,
1671367547,0.1689741373,-0.07401068171,
1671567567,0.1698469501,-0.07369640836,
1671767586,0.1700224084,-0.07267463696,
1671967606,0.1703815347,-0.07202347104,
1672167626,0.1706713357,-0.07195784025,
1672367646,0.1715324489,-0.0720216676,
1672567665,0.1717556746,-0.07190657593,
1672767685,0.1727067256,-0.07192741849,
1672967705,0.1735896562,-0.07076362831,
1673167725,0.1735801024,-0.07114948644,
1673367744,0.174560542,-0.07069812566,
1673567764,0.1753562083,-0.07104343301,
1673767784,0.1755376744,-0.07158359155,
1673967804,0.1767183023,-0.07096078667,
1674167823,0.1771622666,-0.07104200908,
1674367843,0.17722352,-0.0713761034,
1674567863,0.1786510489,-0.07155032661,
1674767883,0.1791517339,-0.07137339638,
1674967902,0.1795634747,-0.0724893861,
1675167922,0.1796210911,-0.0722237594,
1675367942,0.1806539758,-0.07208574004,
1675567962,0.1811670484,-0.07273489017,
1675767981,0.1819031891,-0.0725847855,
1675968001,0.1828712346,-0.07335523296,
1676168021,0.1836611973,-0.07427613628,
1676368041,0.1836264887,-0.07460860387,
1676568060,0.1839872949,-0.07520786933,
1676768080,0.1853099299,-0.07547424016,
1676968100,0.1845978962,-0.07660318852,
1677168120,0.1852763763,-0.07716916088,
1677368139,0.18590698,-0.07787914513,
1677568159,0.1865621821,-0.07860697296,
1677768179,0.1858870656,-0.07957580114,
1677968199,0.186234603,-0.07966315352,
1678168218,0.185814542,-0.0807402824,
1678368238,0.186067785,-0.08176639384,
1678568258,0.1861063387,-0.08237506321,
1678768278,0.1865263766,-0.08274947844,
1678968297,0.1856919058,-0.08468642784,
1679168317,0.1861583911,-0.08448366164,
1679368337,0.1855294987,-0.08554915112,
1679568357,0.1843783411,-0.08596981502,
1679768377,0.1851842421,-0.0867274382,
1679968396,0.1837835247,-0.08699487358,
1680168416,0.1839622117,-0.08836064446,
1680368436,0.1819998473,-0.08866709136,
1680568456,0.1813698859,-0.08889887528,
1680768475,0.180925159,-0.08884272708,
1680968495,0.1807605209,-0.08896736703,
1681168515,0.1801852509,-0.08921007756,
1681368535,0.1789621664,-0.08953052336,
1681568554,0.1780850863,-0.0889263503,
1681768574,0.1775288186,-0.08937791621,
1681968594,0.1772007373,-0.08894967188,
1682168614,0.1762881186,-0.0893435586,
1682368633,0.1756292296,-0.08932219645,
1682568653,0.1752931783,-0.08876992614,
1682768673,0.1741112181,-0.08767157823,
1682968693,0.1735692392,-0.08699559437,
1683168712,0.1734675037,-0.08617995417,
1683368732,0.1727505996,-0.08552250791,
1683568752,0.1733994418,-0.08519707144,
1683768772,0.1731769369,-0.08435702878,
1683968791,0.1728846544,-0.08379390114,
1684168811,0.1728697344,-0.08357024164,
1684368831,0.1729182019,-0.08301711426,
1684568851,0.1734107987,-0.0819925404,
1684768870,0.1729487425,-0.08138748961,
1684968890,0.1730330533,-0.0819271217,
1685168910,0.1738656092,-0.08170724736,
1685368930,0.1742634777,-0.08102100149,
1685568949,0.1739805339,-0.07958709263,
1685768969,0.174699752,-0.08028049708,
1685968989,0.175727573,-0.07974611956,
1686169009,0.1751270873,-0.07926385523,
1686369028,0.1759009246,-0.07917092507,
1686569048,0.1764181448,-0.0788629692,
1686769068,0.1764426993,-0.07871287928,
1686969088,0.1764770142,-0.07873990044,
1687169107,0.1769334133,-0.07864865825,
1687369127,0.1763101874,-0.07867428623,
1687569147,0.1770909245,-0.07866055732,
1687769167,0.1777036011,-0.07816841803,
1687969186,0.1776410242,-0.07858077242,
1688169206,0.1775016205,-0.07795879796,
1688369226,0.1780953623,-0.07846224551,
1688569246,0.1772602892,-0.07816924657,
1688769265,0.1775613612,-0.07792111174,
1688969285,0.1777572468,-0.07706880702,
1689169305,0.1781678928,-0.07666247535,
1689369325,0.1776805588,-0.07699522311,
1689569344,0.1782795137,-0.07677432481,
1689769364,0.1790456961,-0.07634621997,
1689969384,0.1787507735,-0.07680377036,
1690169404,0.1794835034,-0.07633270469,
1690369423,0.1794331702,-0.07599827841,
1690569443,0.1798465834,-0.07568621154,
1690769463,0.180035073,-0.07497302305,
1690969483,0.1807599181,-0.07547595624,
1691169502,0.1800611797,-0.07506188557,
1691369522,0.180991118,-0.07452637459,
1691569542,0.1816706563,-0.07398661971,
1691769562,0.1826352247,-0.07419105112,
1691969581,0.1824043044,-0.07416416708,
1692169601,0.1827787322,-0.07378472248,
1692369621,0.1835878185,-0.07342268224,
1692569641,0.1840168164,-0.07361637561,
1692769660,0.1853297845,-0.07399756585,
1692969680,0.1849543609,-0.07444627621,
1693169700,0.1851965436,-0.07357839358,
1693369720,0.1854959231,-0.0738965075,
1693569739,0.1866608957,-0.07402002496,
1693769759,0.1869005284,-0.07341562506,
1693969779,0.1872656367,-0.07353989142,
1694169799,0.1875810317,-0.07420383877,
1694369818,0.1873890834,-0.07420259806,
1694569838,0.1883390674,-0.07500915718,
1694769858,0.1874033307,-0.07470574073,
1694969878,0.1886236838,-0.07457105405,
1695169897,0.1878512144,-0.07483341977,
1695369917,0.1881913646,-0.07499128751,
1695569937,0.1886934021,-0.07402001524,
1695769957,0.1892806433,-0.07400056208,
1695969976,0.1888155768,-0.07428524414,
1696169996,0.1900349036,-0.07402232541,
1696370016,0.1900384071,-0.07386200861,
1696570036,0.1904157993,-0.073506077,
1696770055,0.191796187,-0.07375850594,
1696970075,0.1920488582,-0.07350911651,
1697170095,0.1924963268,-0.07332179083,
1697370115,0.1934181861,-0.07347972388,
1697570134,0.1935510489,-0.07271365472,
1697770154,0.1930150744,-0.07338862162,
1697970174,0.1946301232,-0.07343123148,
1698170194,0.1950934955,-0.07378494579,
1698370213,0.1960290039,-0.07401450336,
1698570233,0.1954913837,-0.0744774189,
1698770253,0.1972492595,-0.07450306045,
1698970273,0.1970180065,-0.07485645089,
1699170292,0.1981873888,-0.07446977777,
1699370312,0.1987431952,-0.0755741215,
1699570332,0.1986750823,-0.07569748725,
1699770352,0.1994555242,-0.07631756461,
1699970371,0.2001057279,-0.07631801717,
1700170391,0.1998620036,-0.07696341952,
1700370411,0.2001871462,-0.07746409706,
1700570431,0.1999967167,-0.07856628097,
1700770450,0.2011850931,-0.07850657306,
1700970470,0.200893474,-0.07832102983,
1701170490,0.2002969727,-0.07865760048,
1701370510,0.2005465167,-0.07997763291,
1701570529,0.2004120967,-0.07983834496,
1701770549,0.2006888402,-0.08006580242,
1701970569,0.2005783704,-0.08050315196,
1702170589,0.2005916373,-0.07989421477,
1702370608,0.2000122871,-0.08039240248,
1702570628,0.2001976501,-0.08059286293,
1702770648,0.2006108837,-0.08106303038,
1702970668,0.1999272496,-0.08046447718,
1703170687,0.200369866,-0.07994669278,
1703370707,0.1998104381,-0.08026253714,
1703570727,0.2004938868,-0.07942446747,
1703770747,0.1995212107,-0.07944283584,
1703970767,0.201489109,-0.0792026844,
1704170786,0.2011218386,-0.07964202739,
1704370806,0.2021633582,-0.07908672722,
1704570826,0.2018746093,-0.0782062658,
1704770846,0.2028821015,-0.0784550751,
1704970865,0.2027086758,-0.07896814065,
1705170885,0.2034989168,-0.07845701046,
1705370905,0.2041291271,-0.07828342131,
1705570925,0.2045298422,-0.07860487472,
1705770944,0.2052837453,-0.07918263377,
1705970964,0.2066126321,-0.07854137382,
1706170984,0.2071311515,-0.07871195421,
1706371004,0.2078068087,-0.07909557716,
1706571023,0.2073814358,-0.0792011749,
1706771043,0.2081728396,-0.07996542505,
1706971063,0.2090824206,-0.08042915276,
1707171083,0.210245215,-0.08041107291,
1707371102,0.2097297364,-0.08120763676,
1707571122,0.2104785045,-0.08171557019,
1707771142,0.2101199835,-0.08211382709,
1707971162,0.2109517175,-0.08222652744,
1708171181,0.2110439899,-0.08271724726,
1708371201,0.2114993322,-0.08317094958,
1708571221,0.2117924172,-0.08311272125,
1708771241,0.2117099196,-0.08379240136,
1708971260,0.2121312687,-0.08336075162,
1709171280,0.2125478125,-0.0844286097,
1709371300,0.2126618329,-0.08402831646,
1709571320,0.2125548735,-0.08422585695,
1709771339,0.2126211588,-0.0843213035,
1709971359,0.2135097708,-0.08515755629,
1710171379,0.2134997417,-0.08541198321,
1710371399,0.2139764909,-0.08495751153,
1710571418,0.2138507301,-0.08592742143,
1710771438,0.2146576842,-0.08509362486,
1710971458,0.2152657207,-0.08609727654,
1711171478,0.2152425299,-0.08692142105,
1711371497,0.2161700805,-0.08681724197,
1711571517,0.2159438524,-0.08688429966,
1711771537,0.215958525,-0.0873171124,
1711971557,0.2167596072,-0.08787880799,
1712171576,0.2169698791,-0.08871847821,
1712371596,0.2174256337,-0.08888889901,
1712571616,0.2176379929,-0.08934426928,
1712771636,0.2181205071,-0.08930163694,
1712971655,0.2181082187,-0.08968238022,
1713171675,0.2181372049,-0.09034286742,
1713371695,0.2186929515,-0.0912391534,
1713571715,0.2183489103,-0.09165042651,
1713771734,0.2186444982,-0.09175025288,
1713971754,0.2188142781,-0.09244298085,
1714171774,0.2187489135,-0.09330366624,
1714371794,0.2185723494,-0.09327785528,
1714571813,0.2191566836,-0.09367660269,
1714771833,0.2191356047,-0.0939689602,
1714971853,0.2188401739,-0.09384532573,
1715171873,0.2185387448,-0.09477836258,
1715371892,0.2185526667,-0.09496766114,
1715571912,0.218652891,-0.09567594001,
1715771932,0.2192641472,-0.09549957564,
1715971952,0.219553788,-0.09572020304,
1716171971,0.2190648174,-0.0966951007,
1716371991,0.2189638158,-0.09659484601,
1716572011,0.2180815876,-0.09654656787,
1716772031,0.2193913117,-0.09618530428,
1716972050,0.2182783177,-0.09708151725,
1717172070,0.2188218425,-0.09644242553,
1717372090,0.2193550342,-0.09628044173,
1717572110,0.2185239708,-0.09661747271,
1717772129,0.2193061887,-0.09746684288,
1717972149,0.2192998002,-0.0974238749,
1718172169,0.2189382708,-0.09704481879,
1718372189,0.2191422066,-0.09677736178,
1718572208,0.2196874154,-0.0968217916,
1718772228,0.2198635625,-0.09724280292,
1718972248,0.2198157075,-0.09732480542,
1719172268,0.2211511242,-0.09745877637,
1719372287,0.2215651914,-0.09772027854,
1719572307,0.2217071711,-0.09763327359,
1719772327,0.2215177277,-0.09856242875,
1719972347,0.2222513932,-0.09864857941,
1720172366,0.2223227849,-0.09878533057,
1720372386,0.2224962022,-0.09913985047,
1720572406,0.2230646804,-0.09969177476,
1720772426,0.2229091748,-0.0998927824,
1720972445,0.2229298078,-0.1001202998,
1721172465,0.2236912726,-0.1004441338,
1721372485,0.2230999983,-0.1004400492,
1721572505,0.2243807103,-0.1014847184,
1721772524,0.2246434502,-0.1014153302,
1721972544,0.224300557,-0.1023476403,
1722172564,0.2246596996,-0.102958538,
1722372584,0.2250067698,-0.1025505273,
1722572603,0.224572487,-0.1032749689,
1722772623,0.2249615861,-0.1035849348,
1722972643,0.2247230515,-0.1042455766,
1723172663,0.2250131212,-0.1037733824,
1723372682,0.2254122824,-0.1049653927,
1723572702,0.2254700645,-0.1043416501,
1723772722,0.2252728443,-0.1054410827,
1723972742,0.225378859,-0.105627823,
1724172761,0.2255458338,-0.1059072282,
1724372781,0.2257525464,-0.106489852,
1724572801,0.2255273471,-0.1078201068,
1724772821,0.226275181,-0.1077263081,
1724972840,0.2260355224,-0.1080561227,
1725172860,0.2254062638,-0.1090971211,
1725372880,0.2251777001,-0.1092404667,
1725572900,0.2254076847,-0.1099517974,
1725772919,0.2242478911,-0.1107278027,
1725972939,0.2251573081,-0.1110757335,
1726172959,0.2251453129,-0.1111234006,
1726372979,0.2246042398,-0.1124842685,
1726572998,0.2240935365,-0.1123796611,
1726773018,0.2230956352,-0.1125649671,
1726973038,0.2228368405,-0.1122567394,
1727173058,0.2224065042,-0.1131466298,
1727373077,0.2225322827,-0.1141407142,
1727573097,0.2223718389,-0.1138807329,
1727773117,0.2222598664,-0.1134079941,
1727973137,0.2218337221,-0.1135679881,
1728173156,0.2202093628,-0.1138862405,
1728373176,0.2204502705,-0.1134244898,
1728573196,0.2198680638,-0.112905113,
1728773216,0.2204356054,-0.1132367937,
1728973236,0.2196180009,-0.113320114,
1729173255,0.2197605897,-0.1130911525,
1729373275,0.2196792062,-0.1136448926,
1729573295,0.2183284077,-0.1124683642,
1729773315,0.2187170796,-0.1124551141,
1729973334,0.2185984597,-0.1123338219,
1730173354,0.2185067727,-0.1118619828,
1730373374,0.2180837201,-0.1116658032,
1730573394,0.2179325878,-0.1118214141,
1730773413,0.2178438373,-0.1113634929,
1730973433,0.2165593073,-0.1108159419,
1731173453,0.2170965106,-0.1108060606,
1731373473,0.2164857382,-0.1102044605,
1731573492,0.2174988541,-0.1093863084,
1731773512,0.2178394052,-0.1090831436,
1731973532,0.21782748,-0.108306657,
1732173552,0.2181046371,-0.1077026753,
1732373571,0.2181018493,-0.108249954,
1732573591,0.218803525,-0.1082272432,
1732773611,0.218709559,-0.1070572755,
1732973631,0.2186831091,-0.1067260041,
1733173650,0.219804658,-0.1069208743,
1733373670,0.2206079378,-0.1063092348,
1733573690,0.2203824509,-0.1059703364,
1733773710,0.2208238256,-0.1059099544,
1733973729,0.2208105011,-0.1059390745,
1734173749,0.2215405804,-0.1054179602,
1734373769,0.2213220119,-0.1055499891,
1734573789,0.222114509,-0.1050874396,
1734773808,0.2228262156,-0.1053088039,
1734973828,0.2230083579,-0.1049201239,
1735173848,0.2236146511,-0.1045871383,
1735373868,0.224044306,-0.1047743126,
1735573887,0.2248036023,-0.1045849638,
1735773907,0.2252163778,-0.104494517,
1735973927,0.225121585,-0.1042310283,
1736173947,0.2260157998,-0.1034422166,
1736373966,0.2264621382,-0.1030097669,
1736573986,0.2267806773,-0.1031862432,
1736774006,0.2278107208,-0.1030359581,
1736974026,0.2292870085,-0.1028008612,
1737174045,0.2294829588,-0.1023200198,
1737374065,0.2301084763,-0.1027820303,
1737574085,0.2307249759,-0.1022780427,
1737774105,0.2321591343,-0.1031571536,
1737974124,0.2325339068,-0.1034047778,
1738174144,0.2330700451,-0.1027461776,
1738374164,0.2345173806,-0.1028471172,
1738574184,0.2346855116,-0.1039779995,
1738774203,0.2360502195,-0.1042026234,
1738974223,0.2370578559,-0.1043840851,
1739174243,0.2374745151,-0.1052187041,
1739374263,0.2381847679,-0.1051414094,
1739574282,0.2391969055,-0.1064785929,
1739774302,0.2402580568,-0.1063848688,
1739974322,0.2401814012,-0.1073262026,
1740174342,0.2410704953,-0.108038617,
1740374361,0.2412907852,-0.1080319911,
1740574381,0.2414618291,-0.1093499928,
1740774401,0.2417621134,-0.1098294689,
1740974421,0.2426442783,-0.1106410612,
1741174440,0.2426257527,-0.1110815619,
1741374460,0.2438276037,-0.1115756556,
1741574480,0.2432507975,-0.1125108871,
1741774500,0.2435582505,-0.1124983965,
1741974519,0.2442260662,-0.1134559744,
1742174539,0.2447805659,-0.1136966837,
1742374559,0.2449028716,-0.1146517773,
1742574579,0.2442786062,-0.1158044269,
1742774598,0.2453231451,-0.1157903317,
1742974618,0.2449432185,-0.1160750565,
1743174638,0.2453861236,-0.1173097251,
1743374658,0.2456058923,-0.1171284951,
1743574677,0.2454711387,-0.1182720734,
1743774697,0.2458825691,-0.1184232168,
1743974717,0.2460312995,-0.1191550714,
1744174737,0.2457164423,-0.1196916309,
1744374756,0.2463982044,-0.1204134114,
1744574776,0.2468274097,-0.12054735,
1744774796,0.2463260375,-0.1213707775,
1744974816,0.2467275198,-0.1215777127,
1745174835,0.246211349,-0.1227782259,
1745374855,0.2466621893,-0.1228712237,
1745574875,0.2463831551,-0.1231563844,
1745774895,0.2464930085,-0.1241800037,
1745974914,0.2460060911,-0.1249467265,
1746174934,0.2465911506,-0.1244449995,
1746374954,0.2462444235,-0.1248784409,
1746574974,0.2457304479,-0.1249958996,
1746774993,0.2455715837,-0.1260097087,
1746975013,0.2455842324,-0.1263442613,
1747175033,0.245245564,-0.1258585901,
1747375053,0.2450809689,-0.1268559346,
1747575072,0.245146186,-0.1269158964,
1747775092,0.2448573742,-0.1269166948,
1747975112,0.2447533302,-0.1264724133,
1748175132,0.2450891371,-0.1272100556,
1748375151,0.2441610901,-0.1269298324,
1748575171,0.2445776271,-0.1267921106,
1748775191,0.2450554412,-0.1275387969,
1748975211,0.2450423068,-0.1269437815,
1749175230,0.2445977976,-0.1268391306,
1749375250,0.2449829096,-0.1270428254,
1749575270,0.2455111106,-0.1274958649,
1749775290,0.2452858983,-0.1273159431,
1749975309,0.2449536873,-0.1280945953,
1750175329,0.2460982228,-0.1273735008,
1750375349,0.2459604456,-0.127202943,
1750575369,0.245821598,-0.1276395244,
1750775388,0.2461152756,-0.1272267897,
1750975408,0.2465980286,-0.1275705001,
1751175428,0.2466153759,-0.1274508393,
1751375448,0.2472286015,-0.1272204358,
1751575467,0.2478292356,-0.1275358677,
1751775487,0.2473922187,-0.1271328503,
1751975507,0.2480866667,-0.126674538,
1752175527,0.2491005862,-0.127727589,
1752375546,0.2491055196,-0.1282046923,
1752575566,0.2492643289,-0.1278463852,
1752775586,0.2498517706,-0.1281873,
1752975606,0.2500471339,-0.1281358089,
1753175625,0.2509312821,-0.1282090749,
1753375645,0.2507556502,-0.128107893,
1753575665,0.2521537617,-0.1291528837,
1753775685,0.2523426119,-0.1291793595,
1753975705,0.2530626752,-0.1292363634,
1754175724,0.2541110937,-0.1296774632,
1754375744,0.2545215655,-0.1299246165,
1754575764,0.254573576,-0.1305675856,
1754775784,0.2560750242,-0.1306358347,
1754975803,0.2566187081,-0.1309781659,
1755175823,0.2571604859,-0.1316830126,
1755375843,0.2576993587,-0.1320011801,
1755575863,0.2579626045,-0.1333850465,
1755775882,0.2587576398,-0.1341503099,
1755975902,0.2587300391,-0.1345450394,
1756175922,0.2596185121,-0.1353733028,
1756375942,0.2600608403,-0.1358669725,
1756575961,0.2606605258,-0.137187853,
1756775981,0.2609700946,-0.1374435468,
1756976001,0.2607859739,-0.1386146416,
1757176021,0.2614446778,-0.1393008731,
1757376040,0.2615419145,-0.1405281903,
1757576060,0.261226331,-0.1414859106,
1757776080,0.2615184513,-0.1422104244,
1757976100,0.26248996,-0.1430269676,
1758176119,0.2619771769,-0.1438298109,
1758376139,0.2618735768,-0.1451187434,
1758576159,0.2616585636,-0.1453604845,
1758776179,0.2620993194,-0.1463223518,
1758976198,0.2617529444,-0.1467685564,
1759176218,0.2614087446,-0.1478104009,
1759376238,0.2610934722,-0.1485564961,
1759576258,0.2616478319,-0.1497679735,
1759776277,0.2611541562,-0.1502176716,
1759976297,0.2607109211,-0.1504572347,
1760176317,0.2610961208,-0.1514888609,
1760376337,0.2604670275,-0.1520888141,
1760576356,0.260217046,-0.1527455692,
1760776376,0.2599147648,-0.1528619319,
1760976396,0.2597725093,-0.1534027771,
1761176416,0.2594660991,-0.1540434652,
1761376435,0.2593255745,-0.1548908015,
1761576455,0.258736289,-0.1551881374,
1761776475,0.2591675894,-0.1559484191,
1761976495,0.2591476735,-0.1556475223,
1762176514,0.2584548301,-0.1566493608,
1762376534,0.2584901928,-0.1578579125,
1762576554,0.2585951253,-0.1579594139,
1762776574,0.258473182,-0.1584497704,
1762976593,0.2583067864,-0.1595552022,
1763176613,0.2574798244,-0.1597124223,
1763376633,0.2574468887,-0.1605323094,
1763576653,0.2571617865,-0.1606787065,
1763776672,0.2564476624,-0.1614248073,
1763976692,0.2562318381,-0.1625935883,
1764176712,0.2557788499,-0.1626383201,
1764376732,0.2553884349,-0.1631673938,
1764576751,0.2548156935,-0.1640240032,
1764776771,0.254017008,-0.1645526806,
1764976791,0.2540553087,-0.1651437101,
1765176811,0.2526822504,-0.1653375035,
1765376830,0.2519119761,-0.1657987825,
1765576850,0.2520716472,-0.1659390683,
1765776870,0.2506512236,-0.1664421654,
1765976890,0.2499369503,-0.166740434,
1766176909,0.2488723745,-0.1668501374,
1766376929,0.2488867963,-0.1666667439,
1766576949,0.2475398155,-0.1666290035,
1766776969,0.2474356132,-0.1666552222,
1766976988,0.2465856722,-0.1662164707,
1767177008,0.2465673346,-0.1666843531,
1767377028,0.2454476671,-0.1666468182,
1767577048,0.2450794375,-0.1661906873,
1767777067,0.2448343312,-0.1650396816,
1767977087,0.2439326661,-0.1654175567,
1768177107,0.2439612997,-0.1649974321,
1768377127,0.2434996546,-0.1645055522,
1768577146,0.2436635158,-0.1645376572,
1768777166,0.2429577622,-0.1632900316,
1768977186,0.2426928064,-0.1632449659,
1769177206,0.2429083236,-0.1632865466,
1769377225,0.2428365993,-0.1625717188,
1769577245,0.2429231974,-0.1624086391,
1769777265,0.2431272997,-0.1615612558,
1769977285,0.2428857858,-0.1610703258,
1770177304,0.2432089248,-0.1616334158,
1770377324,0.2432731907,-0.1612363366,
1770577344,0.2438397876,-0.160559798,
1770777364,0.243394705,-0.1603792767,
1770977383,0.2432271379,-0.1602674224,
1771177403,0.2439099478,-0.1591459324,
1771377423,0.2441085308,-0.1587944945,
1771577443,0.2444793067,-0.1582664109,
1771777462,0.2443855519,-0.1582446071,
1771977482,0.2446779276,-0.1587958051,
1772177502,0.2455058047,-0.1582459329,
1772377522,0.2462888648,-0.1582151898,
1772577541,0.2474171491,-0.1585085952,
1772777561,0.247951713,-0.1576886962,
1772977581,0.2478596511,-0.1583468365,
1773177601,0.2486479121,-0.1580597921,
1773377620,0.2491722006,-0.1586540853,
1773577640,0.2494486783,-0.1586655877,
1773777660,0.2499382162,-0.1587939625,
1773977680,0.2510408688,-0.1589519499,
1774177699,0.2510440911,-0.159767041,
1774377719,0.2517596738,-0.1602236532,
1774577739,0.2519416249,-0.1607525182,
1774777759,0.2527390051,-0.160831328,
1774977778,0.2531453308,-0.1620581049,
1775177798,0.2530671509,-0.1626812093,
1775377818,0.2534265198,-0.1631325531,
1775577838,0.2534728553,-0.1637068775,
1775777857,0.2529753221,-0.163712578,
1775977877,0.253132519,-0.1646087728,
1776177897,0.2531258213,-0.1656351223,
1776377917,0.2530103026,-0.1656507717,
1776577936,0.2532499601,-0.1660640341,
1776777956,0.2526345815,-0.1670517176,
1776977976,0.252306847,-0.1673743841,
1777177996,0.2514056641,-0.1675665668,
1777378015,0.2520731595,-0.1677764482,
1777578035,0.2515053221,-0.1680188714,
1777778055,0.2509517949,-0.1686230946,
1777978075,0.2505062557,-0.1684685713,
1778178095,0.2501520845,-0.1685123436,
1778378114,0.2496598672,-0.1685762858,
1778578134,0.2497830782,-0.16857718,
1778778154,0.2493790446,-0.1687225439,
1778978174,0.2491118372,-0.1685788303,
1779178193,0.248777349,-0.1683477746,
1779378213,0.2485940253,-0.168627655,
1779578233,0.2479439435,-0.167964072,
1779778253,0.2481659548,-0.1678918224,
1779978272,0.2481590704,-0.1672596699,
1780178292,0.2478277176,-0.1674639432,
1780378312,0.247638786,-0.16675718,
1780578332,0.2477555888,-0.1664179399,
1780778351,0.247612448,-0.1664639827,
1780978371,0.2477969448,-0.1653399678,
1781178391,0.2477268063,-0.1653425844,
1781378411,0.2481293327,-0.1651809626,
1781578430,0.2483653232,-0.1641148594,
1781778450,0.2484355044,-0.1639328149,
1781978470,0.2485824683,-0.1635193327,
1782178490,0.2492755881,-0.1633675459,
1782378509,0.2498782284,-0.1629275677,
1782578529,0.2500634407,-0.1623327616,
1782778549,0.2509927676,-0.1617755604,
1782978569,0.2515698803,-0.1620789525,
1783178588,0.2526058523,-0.1617102122,
1783378608,0.2535163601,-0.1615577963,
1783578628,0.2538720702,-0.161429287,
1783778648,0.254889168,-0.1615557422,
1783978667,0.255807361,-0.1617780544,
1784178687,0.2560809476,-0.1616617158,
1784378707,0.2569716858,-0.162026311,
1784578727,0.2580939641,-0.1624788815,
1784778746,0.2588496045,-0.1628057246,
1784978766,0.2600001189,-0.1632377867,
1785178786,0.2600624261,-0.1637473192,
1785378806,0.2607419006,-0.164129868,
1785578825,0.2609371326,-0.1645842885,
1785778845,0.2618040242,-0.1651098152,
1785978865,0.2619409793,-0.165217276,
1786178885,0.2624313141,-0.1662647777,
1786378904,0.2632626386,-0.1665408258,
1786578924,0.2635562549,-0.1672619543,
1786778944,0.2637455162,-0.1675904181,
1786978964,0.2647118687,-0.1680217351,
1787178983,0.264606425,-0.1684990558,
1787379003,0.2649030552,-0.1692697825,
1787579023,0.2652589014,-0.1694614359,
1787779043,0.2656467099,-0.1703021597,
1787979062,0.266315583,-0.1701464443,
1788179082,0.2665280537,-0.1712397101,
1788379102,0.2672627073,-0.1709415551,
1788579122,0.2672382272,-0.1715361967,
1788779141,0.2671175228,-0.1724288416,
1788979161,0.2678080388,-0.1732279395,
1789179181,0.2683342782,-0.1730637142,
1789379201,0.2686817239,-0.1738914118,
1789579220,0.2692735973,-0.1747410365,
1789779240,0.2690954215,-0.1757413187,
1789979260,0.269597366,-0.1758577038,
1790179280,0.2697241978,-0.1767469574,
1790379299,0.2699749785,-0.1779603565,
1790579319,0.2702539045,-0.1777859309,
1790779339,0.2697045309,-0.1787604347,
1790979359,0.2699704588,-0.1788590806,
1791179378,0.2704019244,-0.1799786684,
1791379398,0.2698678683,-0.1800740344,
1791579418,0.2694538106,-0.180962163,
1791779438,0.2695764051,-0.181140195,
1791979457,0.2695431136,-0.1816121439,
1792179477,0.2700981225,-0.1823620119,
1792379497,0.2698810859,-0.1827160463,
1792579517,0.2702127484,-0.1836884273,
1792779536,0.2700494365,-0.1832601865,
1792979556,0.2693519021,-0.1840485,
1793179576,0.2691049849,-0.1843957885,
1793379596,0.2695385984,-0.1848134384,
1793579615,0.2692751326,-0.1849432578,
1793779635,0.2697022036,-0.1850189879,
1793979655,0.2693230948,-0.1855062545,
1794179675,0.2699699454,-0.1861047672,
1794379694,0.2697312332,-0.1865470859,
1794579714,0.2695471515,-0.1861963567,
1794779734,0.2699458073,-0.1870947906,
1794979754,0.2692588329,-0.1873007096,
1795179773,0.2700912406,-0.187143919,
1795379793,0.2698433522,-0.1876227427,
1795579813,0.2700137611,-0.1879942958,
1795779833,0.2700225406,-0.1882576719,
1795979852,0.2699761075,-0.1879337624,
1796179872,0.2705080025,-0.1887038339,
1796379892,0.2704409752,-0.1885945593,
1796579912,0.270562198,-0.1888876353,
1796779931,0.2705350552,-0.1896548514,
1796979951,0.2707089141,-0.1897072701,
1797179971,0.2714193857,-0.1897247968,
1797379991,0.2713542004,-0.1901817074,
1797580010,0.2713356344,-0.190427902,
1797780030,0.2716309257,-0.1909753848,
1797980050,0.2724291576,-0.1914031845,
1798180070,0.2723129127,-0.1920747092,
1798380089,0.2728858665,-0.1928785422,
1798580109,0.2727111512,-0.1932750481,
1798780129,0.2734251862,-0.1939562944,
1798980149,0.2728916872,-0.1941182753,
1799180168,0.2734006582,-0.195445474,
1799380188,0.2732264842,-0.195816011,
1799580208,0.2734862151,-0.1964986974,
1799780228,0.2730771661,-0.1966972816,
1799980247,0.2733340126,-0.1974803974,
1800180267,0.2728012991,-0.1976191128,
1800380287,0.2728084649,-0.1983430884,
1800580307,0.2722213062,-0.199782363,
1800780326,0.2722119617,-0.1993507764,
1800980346,0.2719638984,-0.1999790714,
1801180366,0.2714760735,-0.2000957304,
1801380386,0.2714890174,-0.200677916,
1801580405,0.2712227856,-0.2013201977,
1801780425,0.2702425565,-0.2014653585,
1801980445,0.2700346174,-0.2016288832,
1802180465,0.2696921304,-0.20222493,
1802380484,0.2694874853,-0.2026328891,
1802580504,0.269230273,-0.2024134024,
1802780524,0.2692329309,-0.2023677696,
1802980544,0.2685716119,-0.2027288984,
1803180564,0.2686729297,-0.2025969073,
1803380583,0.2683100896,-0.2022637521,
1803580603,0.2680348926,-0.2020060879,
1803780623,0.2679901002,-0.2022344665,
1803980643,0.267934449,-0.2015207658,
1804180662,0.2682353891,-0.2011726084,
1804380682,0.2678388119,-0.2007615323,
1804580702,0.2680623071,-0.2008865356,
1804780722,0.2684696955,-0.2003706366,
1804980741,0.2692430219,-0.2002515558,
1805180761,0.2695250268,-0.200338069,
1805380781,0.2695718671,-0.200270304,
1805580801,0.2704432976,-0.2004944868,
1805780820,0.2707443585,-0.2004378943,
1805980840,0.2706781882,-0.2008570048,
1806180860,0.2714320307,-0.2004074795,
1806380880,0.2719883524,-0.2004439888,
1806580899,0.272377916,-0.2008278052,
1806780919,0.2731708037,-0.2012480382,
1806980939,0.2737199323,-0.2014621641,
1807180959,0.2741639158,-0.2014100765,
1807380978,0.2740706622,-0.2021464748,
1807580998,0.2748191143,-0.2022850169,
1807781018,0.2758244078,-0.2024147208,
1807981038,0.2757878609,-0.203079206,
1808181057,0.2760017676,-0.2033560514,
1808381077,0.2758827598,-0.2036545007,
1808581097,0.2767403792,-0.2045182273,
1808781117,0.276864287,-0.204568261,
1808981136,0.2769131963,-0.205393854,
1809181156,0.277632655,-0.2057161066,
1809381176,0.2778793536,-0.2063967396,
1809581196,0.2784367101,-0.2072986602,
1809781215,0.2782645967,-0.2070836492,
1809981235,0.2790062502,-0.2076989705,
1810181255,0.2789690775,-0.2082498142,
1810381275,0.2789202917,-0.2086631764,
1810581294,0.2790830949,-0.2099514194,
1810781314,0.2790832358,-0.2100204205,
1810981334,0.2798576315,-0.210113814,
1811181354,0.279583313,-0.2106660944,
1811381373,0.2799324366,-0.2108917963,
1811581393,0.2796231509,-0.2116700068,
1811781413,0.2807116362,-0.21196612,
1811981433,0.2799520829,-0.2122825307,
1812181452,0.2811654358,-0.2124565527,
1812381472,0.2802065337,-0.2136160974,
1812581492,0.2811205336,-0.213407777,
1812781512,0.2807366583,-0.2142264692,
1812981531,0.2810858202,-0.2147844165,
1813181551,0.2816874631,-0.2150997588,
1813381571,0.2821417898,-0.2155308211,
1813581591,0.2822318638,-0.215395984,
1813781610,0.2816710596,-0.2164195427,
1813981630,0.2817578436,-0.2166342069,
1814181650,0.281626722,-0.21710442,
1814381670,0.2818313074,-0.2174863204,
1814581689,0.2826916532,-0.2177701596,
1814781709,0.2822289845,-0.2178329354,
1814981729,0.2822072391,-0.2188671237,
1815181749,0.2827626803,-0.2189717712,
1815381768,0.2828050792,-0.2193880053,
1815581788,0.283313787,-0.220216261,
1815781808,0.2835182129,-0.2209467718,
1815981828,0.2828956494,-0.2206485963,
1816181847,0.283535078,-0.2213061127,
1816381867,0.2833890801,-0.2214655801,
1816581887,0.2842519755,-0.2220453801,
1816781907,0.2837978171,-0.2225589961,
1816981926,0.2841744323,-0.2233838289,
1817181946,0.2840795438,-0.2240293808,
1817381966,0.2846220833,-0.2239599814,
1817581986,0.2848418489,-0.2242283085,
1817782005,0.285138149,-0.2250365533,
1817982025,0.2859829718,-0.225375005,
1818182045,0.2849931254,-0.2260986682,
1818382065,0.2860542243,-0.2266340292,
1818582084,0.2863372762,-0.2272724762,
1818782104,0.2860865901,-0.2278151285,
1818982124,0.2859912383,-0.2280880558,
1819182144,0.2861386896,-0.2288531921,
1819382163,0.2872205992,-0.2288368337,
1819582183,0.2868719917,-0.2304085667,
1819782203,0.2869751233,-0.230713285,
1819982223,0.2871370583,-0.2310801445,
1820182242,0.2871619479,-0.2320263631,
1820382262,0.2868821957,-0.2327361007,
1820582282,0.2872433524,-0.2331752421,
1820782302,0.2874625408,-0.2341654683,
1820982321,0.2875185472,-0.2346837598,
1821182341,0.2874185407,-0.235807951,
1821382361,0.2867580992,-0.2362313741,
1821582381,0.2867275272,-0.2369947706,
1821782400,0.2865703346,-0.2370405611,
1821982420,0.2872686571,-0.23852522,
1822182440,0.286492767,-0.2385159948,
1822382460,0.285889964,-0.2387268789,
1822582479,0.2864501593,-0.2397393207,
1822782499,0.2858721785,-0.239787045,
1822982519,0.2852609362,-0.2406895975,
1823182539,0.2857713109,-0.2406134577,
1823382558,0.2850213644,-0.2409441877,
1823582578,0.284445658,-0.2410395474,
1823782598,0.2848459216,-0.2418212948,
1823982618,0.2840621113,-0.2418003647,
1824182637,0.2844157851,-0.2421245864,
1824382657,0.2843144153,-0.2423481935,
1824582677,0.2843324902,-0.242759732,
1824782697,0.2849649834,-0.2431893906,
1824982716,0.2852718249,-0.2436465276,
1825182736,0.2845637007,-0.2440288341,
1825382756,0.2848439628,-0.2444166623,
1825582776,0.2845691066,-0.2452290843,
1825782795,0.2850315851,-0.2454706833,
1825982815,0.284909764,-0.2462330647,
1826182835,0.2844905849,-0.2468691116,
1826382855,0.2852148577,-0.2475281527,
1826582874,0.2855927204,-0.2477118643,
1826782894,0.2851758335,-0.2484691076,
1826982914,0.2853315652,-0.2487732288,
1827182934,0.2847731642,-0.2495720076,
1827382954,0.2853308351,-0.2499412862,
1827582973,0.2844683005,-0.250173132,
1827782993,0.2844982277,-0.2504087916,
1827983013,0.2840245349,-0.2510710022,
1828183033,0.2844974754,-0.2518025459,
1828383052,0.2839950084,-0.2522505528,
1828583072,0.284372057,-0.2526411711,
1828783092,0.2834967956,-0.2529546085,
1828983112,0.2835422921,-0.2533962213,
1829183131,0.2835262375,-0.2536785441,
1829383151,0.2833372567,-0.2544327493,
1829583171,0.2835970747,-0.2545481148,
1829783191,0.2836408814,-0.2550635396,
1829983210,0.2841348678,-0.2551960351,
1830183230,0.2840330812,-0.2556296022,
1830383250,0.2833567378,-0.2558366752,
1830583270,0.2838299145,-0.2568210321,
1830783289,0.2837822156,-0.2571535306,
1830983309,0.28336387,-0.2574160352,
1831183329,0.2826939671,-0.2586407152,
1831383349,0.2830398378,-0.2583330391,
1831583368,0.2827209738,-0.2589022452,
1831783388,0.2829022027,-0.2599577143,
1831983408,0.2833187658,-0.2599658216,
1832183428,0.2822009503,-0.2605306284,
1832383447,0.2823074674,-0.261172091,
1832583467,0.2819415506,-0.2615686491,
1832783487,0.2816699418,-0.2621434163,
1832983507,0.2817833377,-0.26242743,
1833183526,0.2818175739,-0.2629655694,
1833383546,0.280793395,-0.2634082414,
1833583566,0.2809754039,-0.263904768,
1833783586,0.28046608,-0.2638805734,
1833983605,0.2803255607,-0.2642554286,
1834183625,0.2807587721,-0.2648476018,
1834383645,0.2800074235,-0.2651573015,
1834583665,0.2805135585,-0.265219935,
1834783684,0.2793887389,-0.265262872,
1834983704,0.2800845452,-0.2655499574,
1835183724,0.2796237476,-0.2651402721,
1835383744,0.2799930134,-0.2657475797,
1835583763,0.2793853759,-0.2662956298,
1835783783,0.2794317429,-0.2666855276,
1835983803,0.2797174885,-0.2665086586,
1836183823,0.2792235468,-0.2668665745,
1836383842,0.2793313296,-0.2665769193,
1836583862,0.279251026,-0.2675219831,
1836783882,0.2786885749,-0.2678609715,
1836983902,0.2788223421,-0.2670367658,
1837183921,0.2791071865,-0.2678137242,
1837383941,0.2794030168,-0.2682409691,
1837583961,0.2793681676,-0.2683229019,
1837783981,0.2795206067,-0.2684618298,
1837984000,0.2798493881,-0.2692109427,
1838184020,0.2795369411,-0.2693046517,
1838384040,0.2793337882,-0.2694230406,
1838584060,0.2793054566,-0.2697524881,
1838784079,0.2800702182,-0.2703274509,
1838984099,0.2793307147,-0.2707893537,
1839184119,0.2800950771,-0.2708107407,
1839384139,0.2802840575,-0.2719730107,
1839584158,0.2803006542,-0.2715528393,
1839784178,0.2802397937,-0.2728539303,
1839984198,0.2803601511,-0.273160257,
1840184218,0.2800731667,-0.2738818031,
1840384237,0.2801152351,-0.2745717776,
1840584257,0.280144403,-0.2748997992,
1840784277,0.2804236947,-0.2757713856,
1840984297,0.2802274374,-0.2762112923,
1841184316,0.2804173394,-0.2767839327,
1841384336,0.279650661,-0.2768733951,
1841584356,0.2789896294,-0.2776316631,
1841784376,0.2793474578,-0.2779554279,
1841984395,0.2790979681,-0.2784681351,
1842184415,0.2792568727,-0.2785732138,
1842384435,0.2788572912,-0.2792338023,
1842584455,0.278162391,-0.2794026928,
1842784474,0.2783499284,-0.2803373936,
1842984494,0.2782310843,-0.280916125,
1843184514,0.2777525937,-0.2808740512,
1843384534,0.277148569,-0.2815966756,
1843584553,0.2767814254,-0.2813075583,
1843784573,0.2759637611,-0.2822368167,
1843984593,0.2762862179,-0.2816624704,
1844184613,0.2751635894,-0.2815219995,
1844384632,0.2755736317,-0.2818752412,
1844584652,0.2749735892,-0.2820032349,
1844784672,0.2740782753,-0.2816460052,
1844984692,0.2744317054,-0.2816091372,
1845184711,0.2749484893,-0.2815673412,
1845384731,0.2742332657,-0.2816543772,
1845584751,0.2740664664,-0.2813968854,
1845784771,0.2743388499,-0.2813700659,
1845984790,0.2740772718,-0.2812819268,
1846184810,0.2741168139,-0.2811946941,
1846384830,0.2747871851,-0.2811144384,
1846584850,0.2753395318,-0.281076851,
1846784869,0.2747358878,-0.2811218555,
1846984889,0.2756958146,-0.2809692551,
1847184909,0.2761121678,-0.2812402687,
1847384929,0.2771516321,-0.2815676199,
1847584948,0.2770523376,-0.2819886428,
1847784968,0.2771888408,-0.2822385696,
1847984988,0.2777470336,-0.2822857102,
1848185008,0.2779084901,-0.2830729621,
1848385027,0.2784205551,-0.2828635995,
1848585047,0.2789438435,-0.2824502873,
1848785067,0.2786168471,-0.2836229424,
1848985087,0.2785800802,-0.2837560863,
1849185106,0.2791365095,-0.2844660176,
1849385126,0.2798826462,-0.2851647146,
1849585146,0.2801018906,-0.285714855,
1849785166,0.2807332327,-0.2860914249,
1849985185,0.2811089108,-0.2866783405,
1850185205,0.2809751217,-0.2874415764,
1850385225,0.2808924444,-0.2877735169,
1850585245,0.2813016825,-0.2876419288,
1850785264,0.2819753915,-0.2888490024,
1850985284,0.2818653551,-0.2897133,
1851185304,0.2814633664,-0.2896971669,
1851385324,0.2818478005,-0.2906537547,
1851585343,0.2819377864,-0.2914337775,
1851785363,0.2819974161,-0.2913801997,
1851985383,0.282343382,-0.291889282,
1852185403,0.282267528,-0.292646707,
1852385423,0.2825195632,-0.293262089,
1852585442,0.283211939,-0.2931737816,
1852785462,0.2825632017,-0.2948729244,
1852985482,0.2830789226,-0.2946912775,
1853185502,0.2839085453,-0.2954231749,
1853385521,0.2833414851,-0.296458357,
1853585541,0.2830753361,-0.2973437433,
1853785561,0.2831343806,-0.2977057939,
1853985581,0.2832495162,-0.2983439895,
1854185600,0.2835296694,-0.2995532138,
1854385620,0.2837417358,-0.2983812901,
1854585640,0.2839237952,-0.2994224804,
1854785660,0.2833637942,-0.2999077445,
1854985679,0.2836965418,-0.3015143314,
1855185699,0.2831699015,-0.3019737495,
1855385719,0.2830197141,-0.302231512,
1855585739,0.2830936929,-0.3028997357,
1855785758,0.2826563828,-0.3032858,
1855985778,0.2832370036,-0.3045838647,
1856185798,0.2833936191,-0.3048151972,
1856385818,0.2829783534,-0.3053879395,
1856585837,0.2825807359,-0.3065389743,
1856785857,0.2828996856,-0.3062259786,
1856985877,0.2817590908,-0.3067646825,
1857185897,0.2829912633,-0.3070095232,
1857385916,0.2818527361,-0.3075387359,
1857585936,0.2820355204,-0.3078421832,
1857785956,0.2826320621,-0.3091848254,
1857985976,0.2815734949,-0.3099742701,
1858185995,0.2823943078,-0.3092676385,
1858386015,0.2819566505,-0.3104418191,
1858586035,0.2821033097,-0.3105290431,
1858786055,0.2820357908,-0.3114359576,
1858986074,0.282706509,-0.3118058567,
1859186094,0.2826576523,-0.3122635587,
1859386114,0.2818511943,-0.3130556905,
1859586134,0.2826323765,-0.3142094708,
1859786153,0.2823929148,-0.3145065554,
1859986173,0.2828361738,-0.3147991167,
1860186193,0.2821268158,-0.3152555454,
1860386213,0.2824622906,-0.3162058622,
1860586232,0.2825974611,-0.3171760677,
1860786252,0.2828740499,-0.3176319795,
1860986272,0.2824242387,-0.3180905835,
1861186292,0.2824831221,-0.3194072944,
1861386311,0.282347212,-0.3195081887,
1861586331,0.2821420233,-0.3198905269,
1861786351,0.2819453929,-0.3206358445,
1861986371,0.2822287578,-0.3218341855,
1862186390,0.2815680836,-0.3223793755,
1862386410,0.2820825077,-0.3235039616,
1862586430,0.2815261166,-0.3241382976,
1862786450,0.2815214174,-0.3252548667,
1862986469,0.281298843,-0.3250405724,
1863186489,0.2809742533,-0.3266847689,
1863386509,0.2808226439,-0.3266294314,
1863586529,0.2811867414,-0.3273504628,
1863786548,0.2797992818,-0.3281320659,
1863986568,0.2803044678,-0.3284561208,
1864186588,0.2796755089,-0.3282981839,
1864386608,0.2787403691,-0.3298314904,
1864586627,0.2784727865,-0.3306333416,
1864786647,0.2784726686,-0.3304560243,
1864986667,0.2782797395,-0.3306446591,
1865186687,0.2775299251,-0.3320173429,
1865386706,0.2767451683,-0.331713675,
1865586726,0.2768563988,-0.3323979973,
1865786746,0.2764514418,-0.3330300596,
1865986766,0.2763595128,-0.3331080385,
1866186785,0.2764974595,-0.3328284342,
1866386805,0.2760569798,-0.3332479877,
1866586825,0.2754721389,-0.3339516207,
1866786845,0.2750307085,-0.3342629493,
1866986864,0.2755249122,-0.334622872,
1867186884,0.2749730198,-0.3350194864,
1867386904,0.2756871753,-0.3345799962,
1867586924,0.2746284246,-0.3355325107,
1867786943,0.2749775147,-0.3355663027,
1867986963,0.2746913516,-0.3355112991,
1868186983,0.2750690548,-0.3363880045,
1868387003,0.2752304236,-0.336613061,
1868587022,0.2750581386,-0.3378418157,
1868787042,0.2754180474,-0.3377292012,
1868987062,0.2754583033,-0.337767895,
1869187082,0.2751508392,-0.3381801365,
1869387101,0.2746286906,-0.3392205829,
1869587121,0.2745673267,-0.3395414267,
1869787141,0.2746264454,-0.3399440979,
1869987161,0.2749990096,-0.3403809749,
1870187180,0.2750524968,-0.3412736732,
1870387200,0.2751148164,-0.3420901974,
1870587220,0.2751277026,-0.3425649671,
1870787240,0.2750808593,-0.3430681575,
1870987259,0.2740716466,-0.3443698081,
1871187279,0.2747137719,-0.3444889977,
1871387299,0.2740258361,-0.3451910259,
1871587319,0.2741855897,-0.3454136549,
1871787338,0.2741467388,-0.3469598349,
1871987358,0.2744571859,-0.3470472262,
1872187378,0.2735105753,-0.3476947349,
1872387398,0.2736722894,-0.347814351,
1872587417,0.2737925623,-0.3485527606,
1872787437,0.2732738436,-0.3491338996,
1872987457,0.2733184667,-0.3500126071,
1873187477,0.2727720492,-0.3502383957,
1873387496,0.2728824231,-0.3511045092,
1873587516,0.2724022434,-0.3516966899,
1873787536,0.2725859001,-0.3522704852,
1873987556,0.2724443337,-0.3526331603,
1874187575,0.2719583058,-0.3537709182,
1874387595,0.2712250999,-0.3541198565,
1874587615,0.270482949,-0.3547738167,
1874787635,0.2701756159,-0.3555303928,
1874987654,0.2704115148,-0.3555549855,
1875187674,0.2705712164,-0.3565389767,
1875387694,0.2701671124,-0.355940215,
1875587714,0.269690701,-0.3570275342,
1875787733,0.2698562293,-0.3575071177,
1875987753,0.2686312251,-0.3579925755,
1876187773,0.2693000732,-0.3584801473,
1876387793,0.2685552878,-0.3591205111,
1876587812,0.2680563994,-0.3594847426,
1876787832,0.2691129918,-0.3601285283,
1876987852,0.2684362887,-0.3598748352,
1877187872,0.2686778,-0.3606478647,
1877387892,0.2676944707,-0.3616347891,
1877587911,0.2669195743,-0.3622243518,
1877787931,0.2677309102,-0.3627103126,
1877987951,0.2675234669,-0.3635161122,
1878187971,0.2673191869,-0.3628918481,
1878387990,0.2671139431,-0.363208518,
1878588010,0.2664863569,-0.3648243779,
1878788030,0.2668547783,-0.3659887714,
1878988050,0.2661572313,-0.365126991,
1879188069,0.266385544,-0.3667970483,
1879388089,0.2666212238,-0.366917523,
1879588109,0.2651753765,-0.3678913549,
1879788129,0.2666133262,-0.3686611397,
1879988148,0.2652808568,-0.368706938,
1880188168,0.2651113735,-0.3700411064,
1880388188,0.2650006038,-0.369803496,
1880588208,0.2646939956,-0.3715744333,
1880788227,0.2649001305,-0.3717315012,
1880988247,0.2647288979,-0.3724926546,
1881188267,0.2636248675,-0.3724691218,
1881388287,0.2629949143,-0.3729267422,
1881588306,0.2628919623,-0.3742458061,
1881788326,0.2629340054,-0.374469992,
1881988346,0.2622406009,-0.3745869827,
1882188366,0.2620454143,-0.3750761104,
1882388385,0.2615374242,-0.3754341693,
1882588405,0.2610977616,-0.3765979656,
1882788425,0.2615508526,-0.3767159703,
1882988445,0.2610184905,-0.3770376627,
1883188464,0.2610165742,-0.3778910512,
1883388484,0.2602358746,-0.3780176221,
1883588504,0.260433723,-0.3790428842,
1883788524,0.2594964606,-0.3800904345,
1883988543,0.2586745618,-0.3796791108,
1884188563,0.2584853048,-0.3808692431,
1884388583,0.2584473018,-0.3806064985,
1884588603,0.2590292199,-0.3816320294,
1884788622,0.2578811356,-0.3817001854,
1884988642,0.2583095108,-0.3821648823,
1885188662,0.2573154436,-0.3819234358,
1885388682,0.2560476899,-0.383797956,
1885588701,0.2573743087,-0.3834035306,
1885788721,0.2565369197,-0.3842562178,
1885988741,0.2556635551,-0.3851136453,
1886188761,0.2557502106,-0.3845790166,
1886388780,0.255861625,-0.3858703971,
1886588800,0.2555769148,-0.3853819711,
1886788820,0.2545904209,-0.3861898036,
1886988840,0.2551646019,-0.3866104306,
1887188859,0.2543645725,-0.3868767514,
1887388879,0.2544922162,-0.387075648,
1887588899,0.2545851104,-0.3878994459,
1887788919,0.2544570429,-0.3883113754,
1887988938,0.2538445208,-0.388366998,
1888188958,0.25479755,-0.3892611078,
1888388978,0.2541528772,-0.3896217174,
1888588998,0.2536907202,-0.3909589305,
1888789017,0.2541504755,-0.3907079754,
1888989037,0.2536001207,-0.3917242782,
1889189057,0.2540884138,-0.3919646865,
1889389077,0.2537401697,-0.3933635222,
1889589096,0.2537990838,-0.3939030505,
1889789116,0.253653891,-0.3937403787,
1889989136,0.2533954765,-0.3953629075,
1890189156,0.25233644,-0.3961709273,
1890389175,0.2529692652,-0.3974776611,
1890589195,0.2533294229,-0.3978333366,
1890789215,0.2525311027,-0.3996799142,
1890989235,0.252358296,-0.3997812448,
1891189254,0.2524490716,-0.4002289647,
1891389274,0.2519054675,-0.4013736294,
1891589294,0.2509747959,-0.4022636202,
1891789314,0.2510047496,-0.4038615596,
1891989333,0.2500337517,-0.4032001554,
1892189353,0.2496117969,-0.4052231457,
1892389373,0.2493951387,-0.4057203296,
1892589393,0.2483396473,-0.4064640123,
1892789412,0.247750252,-0.4083886899,
1892989432,0.2470154993,-0.4091139295,
1893189452,0.2472161044,-0.4089108732,
1893389472,0.2465772285,-0.4097729871,
1893589491,0.2465534741,-0.4112603736,
1893789511,0.2445891799,-0.4127280771,
1893989531,0.2442156045,-0.412716742,
1894189551,0.2430280981,-0.4137750566,
1894389570,0.2423100688,-0.4139768615,
1894589590,0.2413072611,-0.4147803266,
1894789610,0.2410010729,-0.4158991164,
1894989630,0.240322943,-0.4157963788,
1895189649,0.2387925639,-0.4165375085,
1895389669,0.2383589624,-0.4168275415,
1895589689,0.2376559949,-0.418222258,
1895789709,0.2363366817,-0.4190383657,
1895989728,0.2358694188,-0.4192271103,
1896189748,0.2351114538,-0.4194075964,
1896389768,0.2335803584,-0.4196960104,
1896589788,0.2329869178,-0.4205180018,
1896789807,0.2325328943,-0.4209074077,
1896989827,0.2308253604,-0.4202191489,
1897189847,0.2307272707,-0.4209803323,
1897389867,0.2291328495,-0.4207555105,
1897589886,0.2276185948,-0.4214790861,
1897789906,0.2275264929,-0.4215541425,
1897989926,0.2266046355,-0.4224894186,
1898189946,0.2254646571,-0.4229989185,
1898389965,0.2250944241,-0.4224480877,
1898589985,0.2240974305,-0.4213854567,
1898790005,0.2237667204,-0.4226783481,
1898990025,0.2228315281,-0.4222521967,
1899190044,0.2222247847,-0.4232844625,
1899390064,0.220401903,-0.4231302924,
1899590084,0.2200799895,-0.4231037706,
1899790104,0.2188976502,-0.4237314972,
1899990123,0.2184569798,-0.4225461088,
1900190143,0.2178578588,-0.4236735658,
1900390163,0.2179495339,-0.4240771004,
1900590183,0.2172217867,-0.4238197435,
1900790202,0.2175579306,-0.422812719,
1900990222,0.2155670779,-0.4233301519,
1901190242,0.2145061539,-0.4225084916,
1901390262,0.2149630905,-0.4227563379,
1901590282,0.2138872989,-0.4232288953,
1901790301,0.214209174,-0.4226069767,
1901990321,0.2129673493,-0.4228330885,
1902190341,0.2127227674,-0.4226767575,
1902390361,0.2120421359,-0.4226909701,
1902590380,0.2115150159,-0.4231503209,
1902790400,0.211811591,-0.423717224,
1902990420,0.2105414334,-0.423781529,
1903190440,0.2106197399,-0.4227372791,
1903390459,0.2101070399,-0.4231936976,
1903590479,0.209944488,-0.4236192045,
1903790499,0.2087400272,-0.42264705,
1903990519,0.2085557691,-0.4234751631,
1904190538,0.2082989511,-0.4228986207,
1904390558,0.2079929281,-0.4241098907,
1904590578,0.2078778187,-0.4231897952,
1904790598,0.207218819,-0.423496325,
1904990617,0.2072015939,-0.4231251774,
1905190637,0.207758111,-0.4232996167,
1905390657,0.2072111051,-0.4224879369,
1905590677,0.2075096741,-0.4234504245,
1905790696,0.2063520001,-0.422384362,
1905990716,0.2071428908,-0.4236884454,
1906190736,0.2062122465,-0.4235402198,
1906390756,0.2058823437,-0.4241580729,
1906590775,0.2057748567,-0.4239002315,
1906790795,0.2053748136,-0.4232284795,
1906990815,0.2048623668,-0.4240972316,
1907190835,0.2062039996,-0.4233060251,
1907390854,0.2063187315,-0.4239806523,
1907590874,0.2051725765,-0.425027178,
1907790894,0.2041024101,-0.4254900366,
1907990914,0.205441743,-0.4259619557,
1908190933,0.2039388084,-0.4263162414,
1908390953,0.2039971799,-0.4258149138,
1908590973,0.2031423097,-0.4252537708,
1908790993,0.2035972626,-0.4260270758,
1908991012,0.2026564417,-0.4267306713,
1909191032,0.2025255092,-0.4273090078,
1909391052,0.2037059374,-0.4266400556,
1909591072,0.2031576277,-0.4283343183,
1909791091,0.2023981568,-0.4284607057,
1909991111,0.2016106415,-0.4275889516,
1910191131,0.202028448,-0.4284597738,
1910391151,0.201404833,-0.4294948653,
1910591170,0.2019767358,-0.4282651739,
1910791190,0.2011887758,-0.4289659285,
1910991210,0.2010950966,-0.429237082,
1911191230,0.2013629707,-0.4290940351,
1911391249,0.20136741,-0.4292628489,
1911591269,0.1995338364,-0.4303799286,
1911791289,0.2010493373,-0.4303475344,
1911991309,0.1996960184,-0.4299832331,
1912191328,0.199199321,-0.4316372887,
1912391348,0.198826434,-0.431653379,
1912591368,0.1994350288,-0.4308941644,
1912791388,0.1994317138,-0.4313572319,
1912991407,0.1990515204,-0.432646034,
1913191427,0.1982448804,-0.4325971658,
1913391447,0.1992079915,-0.4316734135,
1913591467,0.1985447382,-0.4329310942,
1913791486,0.1983303958,-0.4332275309,
1913991506,0.1977064771,-0.4336339264,
1914191526,0.1975479746,-0.4343361146,
1914391546,0.1974954231,-0.4347476931,
1914591565,0.1981212047,-0.4338444502,
1914791585,0.1970549468,-0.4346921021,
1914991605,0.1972391498,-0.4347162701,
1915191625,0.1967088055,-0.436753055,
1915391644,0.1953543858,-0.4365926556,
1915591664,0.1957201566,-0.4367612072,
1915791684,0.1961411147,-0.4371885591,
1915991704,0.1952440636,-0.4375740901,
1916191723,0.1956451317,-0.4372936701,
1916391743,0.1960987267,-0.43914198,
1916591763,0.1957025374,-0.4398402203,
1916791783,0.1960427408,-0.4402653145,
1916991802,0.1963784132,-0.439915483,
1917191822,0.1952556191,-0.4401425187,
1917391842,0.1944634132,-0.4415756205,
1917591862,0.1937470112,-0.4425652099,
1917791881,0.1944027124,-0.4426095187,
1917991901,0.193983608,-0.442219701,
1918191921,0.1940475654,-0.4429366557,
1918391941,0.1930098259,-0.4440411569,
1918591960,0.1927057601,-0.4448518979,
1918791980,0.1924814807,-0.4437507126,
1918992000,0.1923151266,-0.4461456392,
1919192020,0.1934840518,-0.4452353658,
1919392039,0.1916611857,-0.4459558788,
1919592059,0.1918588331,-0.4469883077,
1919792079,0.1906710753,-0.4480238491,
1919992099,0.1904243528,-0.4481962394,
1920192118,0.1906034057,-0.4482667185,
1920392138,0.1893409286,-0.4485160073,
1920592158,0.1899737971,-0.4498793534,
1920792178,0.1885554008,-0.4495188832,
1920992197,0.1892319822,-0.4501051835,
1921192217,0.1880632926,-0.4518313409,
1921392237,0.1877466925,-0.4527623291,
1921592257,0.1870849191,-0.4529296291,
1921792276,0.1867765419,-0.4537117229,
1921992296,0.1859771144,-0.4540781,
1922192316,0.1861761054,-0.4541279786,
1922392336,0.1856153833,-0.4538094831,
1922592355,0.1837435323,-0.4551790274,
1922792375,0.1845162645,-0.4554765808,
1922992395,0.1844926408,-0.4561305071,
1923192415,0.1834968251,-0.4565018035,
1923392434,0.1822146806,-0.4575726407,
1923592454,0.1827983725,-0.4578875979,
1923792474,0.1809756789,-0.4576624634,
1923992494,0.1813187137,-0.4586448801,
1924192513,0.1806677387,-0.4589967405,
1924392533,0.180139156,-0.4597211072,
1924592553,0.1793763274,-0.4593488208,
1924792573,0.1793787586,-0.4598661458,
1924992592,0.1789332306,-0.4608499782,
1925192612,0.178222687,-0.4614428163,
1925392632,0.1777621496,-0.4610896083,
1925592652,0.1774366941,-0.4614155035,
1925792671,0.1759726408,-0.4619769534,
1925992691,0.1758034037,-0.4626467615,
1926192711,0.1760180551,-0.4641435071,
1926392731,0.1764081328,-0.4633156347,
1926592751,0.1742488548,-0.4654686438,
1926792770,0.174327741,-0.4647867811,
1926992790,0.1742338503,-0.4650306525,
1927192810,0.1718666328,-0.4653551095,
1927392830,0.1713672426,-0.4654069474,
1927592849,0.1719158592,-0.465565197,
1927792869,0.1710649803,-0.4670666363,
1927992889,0.1706175519,-0.4663170308,
1928192909,0.1708428965,-0.4673823577,
1928392928,0.1677859577,-0.4691857961,
1928592948,0.168286876,-0.4688538766,
1928792968,0.1678668746,-0.4690248206,
1928992988,0.1662233357,-0.4687234017,
1929193007,0.1666162776,-0.4701925686,
1929393027,0.1659679504,-0.4708846766,
1929593047,0.16474069,-0.4710722167,
1929793067,0.1648625999,-0.4714049597,
1929993086,0.1645199644,-0.4716106911,
1930193106,0.1625113748,-0.4710210833,
1930393126,0.1628904005,-0.4721442324,
1930593146,0.1605425051,-0.4733904837,
1930793165,0.1602678048,-0.4743660885,
1930993185,0.1599982123,-0.4737027338,
1931193205,0.1598973497,-0.4737778912,
1931393225,0.1579169341,-0.474635322,
1931593244,0.1584843072,-0.4728932006,
1931793264,0.1579863064,-0.4744763819,
1931993284,0.1555098881,-0.4747362106,
1932193304,0.1549042516,-0.4755555053,
1932393323,0.1541756957,-0.4739032097,
1932593343,0.1529999786,-0.4758077918,
1932793363,0.1526550687,-0.4747733795,
1932993383,0.1526959709,-0.4757589026,
1933193402,0.1520509897,-0.4761161152,
1933393422,0.1511113917,-0.4750446618,
1933593442,0.1506341828,-0.4762694314,
1933793462,0.1502061002,-0.4760072318,
1933993481,0.149322393,-0.4765070808,
1934193501,0.1480366846,-0.4763781817,
1934393521,0.1466951287,-0.4771773057,
1934593541,0.1455107663,-0.4757916002,
1934793560,0.1457583443,-0.475652935,
1934993580,0.1444701786,-0.477147416,
1935193600,0.1440944937,-0.4757915574,
1935393620,0.1426089915,-0.477009368,
1935593639,0.141636198,-0.4768282052,
1935793659,0.1420732948,-0.4775249266,
1935993679,0.1412842366,-0.4768712448,
1936193699,0.1405323474,-0.4774063612,
1936393718,0.1397278281,-0.4773785703,
1936593738,0.1404643789,-0.4768248317,
1936793758,0.1403074438,-0.4760865377,
1936993778,0.1395649746,-0.4766414774,
1937193797,0.1370955396,-0.4767051042,
1937393817,0.1375461309,-0.4763926194,
1937593837,0.1372581802,-0.4778721846,
1937793857,0.1365989458,-0.4758801916,
1937993876,0.1367318552,-0.4759447544,
1938193896,0.1366357582,-0.4760057899,
1938393916,0.1364942327,-0.475892209,
1938593936,0.1349314921,-0.4765646688,
1938793955,0.1351750811,-0.4768684318,
1938993975,0.1350022291,-0.4759223631,
1939193995,0.1340870604,-0.4767922604,
1939394015,0.1340840895,-0.4765363654,
1939594034,0.132988296,-0.4768143337,
1939794054,0.1335299277,-0.4780988254,
1939994074,0.1326593577,-0.4768981369,
1940194094,0.1332025739,-0.4768956687,
1940394113,0.1326875148,-0.4786926015,
1940594133,0.1318775529,-0.4785782142,
1940794153,0.133487623,-0.4782249442,
1940994173,0.1323643592,-0.478345716,
1941194192,0.1323210078,-0.4796379878,
1941394212,0.13186625,-0.4786952605,
1941594232,0.1310454445,-0.4793616807,
1941794252,0.1310553407,-0.4798032262,
1941994271,0.1299541592,-0.4809768639,
1942194291,0.1285506288,-0.4813333873,
1942394311,0.1292679997,-0.4824372333,
1942594331,0.1282691386,-0.4819984815,
1942794350,0.1278790968,-0.4824556373,
1942994370,0.1271262829,-0.4834654829,
1943194390,0.1269405322,-0.4846255295,
1943394410,0.1257610314,-0.4834989315,
1943594429,0.1255053328,-0.4836210301,
1943794449,0.1240444071,-0.4845812879,
1943994469,0.1239995574,-0.4851965822,
1944194489,0.123885607,-0.4856392954,
1944394508,0.1216379561,-0.4852787247,
1944594528,0.1209089945,-0.4858607424,
1944794548,0.1206569557,-0.4857629235,
1944994568,0.1204527305,-0.4859710265,
1945194587,0.1177175055,-0.4869764219,
1945394607,0.1183858076,-0.486602731,
1945594627,0.1184483252,-0.4869714399,
1945794647,0.1179060763,-0.4870893373,
1945994666,0.1159502711,-0.4857633381,
1946194686,0.1159793138,-0.4869581514,
1946394706,0.1151824594,-0.4868854552,
1946594726,0.1142700139,-0.4872078423,
1946794745,0.1142924104,-0.4873564264,
1946994765,0.112829482,-0.4874638935,
1947194785,0.1125140711,-0.4879170925,
1947394805,0.110894135,-0.4875968026,
1947594824,0.1117824943,-0.4877800543,
1947794844,0.1106212578,-0.4878688357,
1947994864,0.1107444145,-0.4874938275,
1948194884,0.1100678108,-0.4870730396,
1948394903,0.1104789186,-0.4878263365,
1948594923,0.109087422,-0.4869425114,
1948794943,0.1073964236,-0.488554452,
1948994963,0.1080016574,-0.487744991,
1949194982,0.1082183741,-0.4882070266,
1949395002,0.1067157005,-0.4899490667,
1949595022,0.1056040883,-0.4892160875,
1949795042,0.1050234127,-0.4895009831,
1949995061,0.103397034,-0.4913953651,
1950195081,0.1026723482,-0.4891827477,
1950395101,0.1031502739,-0.4906513691,
1950595121,0.1008527279,-0.4892270779,
1950795141,0.101512452,-0.4900169882,
1950995160,0.09954489882,-0.4907846798,
1951195180,0.1001515119,-0.490963971,
1951395200,0.09775848626,-0.4899297125,
1951595220,0.09815421986,-0.4911073004,
1951795239,0.09889946506,-0.4908317923,
1951995259,0.09730651459,-0.4891206413,
1952195279,0.09586373414,-0.4896353142,
1952395299,0.0963477355,-0.4888253525,
1952595318,0.09537233226,-0.4897645442,
1952795338,0.09555570801,-0.4894392986,
1952995358,0.09297782378,-0.4888309532,
1953195378,0.09369129999,-0.4883071635,
1953395397,0.09355137183,-0.4905836649,
1953595417,0.09323055546,-0.4889979181,
1953795437,0.09312880945,-0.4884139063,
1953995457,0.09216254736,-0.4883717386,
1954195476,0.09192682461,-0.4886166565,
1954395496,0.09192257824,-0.4905925211,
1954595516,0.09200822131,-0.4897740085,
1954795536,0.09070489171,-0.4902536994,
1954995555,0.09119790417,-0.4908767434,
1955195575,0.0911239882,-0.4903978587,
1955395595,0.08951660217,-0.49124106,
1955595615,0.08872018353,-0.4911528216,
1955795634,0.08992537003,-0.4914792466,
1955995654,0.08787855517,-0.4918682762,
1956195674,0.08695228276,-0.4935255654,
1956395694,0.086921457,-0.4919919665,
1956595713,0.0876823603,-0.4923360421,
1956795733,0.0852652372,-0.4924082938,
1956995753,0.08525669611,-0.4927994998,
1957195773,0.08445776912,-0.4942217376,
1957395792,0.08342159541,-0.494381331,
1957595812,0.08350878563,-0.493879452,
1957795832,0.08236146962,-0.4942587364,
1957995852,0.08166565846,-0.4955271251,
1958195871,0.07922583296,-0.4939949011,
1958395891,0.07941967823,-0.4941302746,
1958595911,0.07958026555,-0.496022068,
1958795931,0.07653766258,-0.4942534287,
1958995950,0.07773300397,-0.4949378627,
1959195970,0.07662350987,-0.4964150368,
1959395990,0.07568821174,-0.4953226186,
1959596010,0.07489770957,-0.4951671049,
1959796029,0.07361909128,-0.4957667333,
1959996049,0.07350948576,-0.4957760127,
1960196069,0.07083250849,-0.4958140521,
1960396089,0.0718343763,-0.4954025227,
1960596108,0.07095349645,-0.494875614,
1960796128,0.07099003287,-0.4956240635,
1960996148,0.0684017156,-0.4948777362,
1961196168,0.06880779869,-0.4944011694,
1961396187,0.06738505311,-0.4957831122,
1961596207,0.0674470056,-0.4941097483,
1961796227,0.06544710486,-0.4952402624,
1961996247,0.06388470257,-0.4944063777,
1962196266,0.06504272043,-0.4940438903,
1962396286,0.06381716674,-0.4934842924,
1962596306,0.06317466917,-0.4941594265,
1962796326,0.06195366847,-0.494062567,
1962996345,0.0618542655,-0.4941609441,
1963196365,0.06044951339,-0.4929704911,
1963396385,0.0598165519,-0.4928718113,
1963596405,0.05942404639,-0.4919983495,
1963796424,0.05984815504,-0.4926712448,
1963996444,0.05783975626,-0.4922293116,
1964196464,0.05872363284,-0.4925219042,
1964396484,0.05835579234,-0.4923513763,
1964596503,0.05612117936,-0.4912034062,
1964796523,0.05735492123,-0.4917438051,
1964996543,0.05650868669,-0.4928432237,
1965196563,0.05678863843,-0.4932388203,
1965396582,0.05393326867,-0.4920359436,
1965596602,0.05358697656,-0.4912190769,
1965796622,0.0537706304,-0.4912977313,
1965996642,0.05306122646,-0.4917332638,
1966196661,0.05351640523,-0.4914018635,
1966396681,0.05089620201,-0.4916432934,
1966596701,0.05159899261,-0.4905560923,
1966796721,0.05001212134,-0.4907640424,
1966996740,0.04902059955,-0.4916950725,
1967196760,0.04916190522,-0.49051776,
1967396780,0.04936857722,-0.4916106342,
1967596800,0.04719698915,-0.4916748925,
1967796819,0.04834167617,-0.4911103071,
1967996839,0.04734591929,-0.4915561259,
1968196859,0.04589056582,-0.4904880991,
1968396879,0.04458451172,-0.491665738,
1968596898,0.04458329517,-0.4913479388,
1968796918,0.04273996587,-0.489698581,
1968996938,0.04316121692,-0.4895441069,
1969196958,0.04192304235,-0.48903136,
1969396977,0.04303879893,-0.4888765319,
1969596997,0.04230305056,-0.4892508298,
1969797017,0.04069317206,-0.4874218669,
1969997037,0.04041216978,-0.4880516423,
1970197056,0.04023877844,-0.4884224067,
1970397076,0.04137048987,-0.4883007588,
1970597096,0.03984415705,-0.4867159703,
1970797116,0.0376546887,-0.4868255932,
1970997135,0.03938891551,-0.4877743538,
1971197155,0.03875665051,-0.4874361473,
1971397175,0.03910585369,-0.4870607819,
1971597195,0.03700984013,-0.4868479053,
1971797214,0.03862991536,-0.4862129556,
1971997234,0.03821030915,-0.4857467838,
1972197254,0.0369579963,-0.4871762326,
1972397274,0.03610756267,-0.4856037491,
1972597293,0.03589602116,-0.4866623455,
1972797313,0.03705614756,-0.4866058714,
1972997333,0.03536796534,-0.4853174947,
1973197353,0.0348578939,-0.4843349892,
1973397372,0.0347390612,-0.4858712942,
1973597392,0.03438017719,-0.4836375821,
1973797412,0.03352348317,-0.4849605103,
1973997432,0.03276048769,-0.4842034223,
1974197451,0.03395785041,-0.485144025,
1974397471,0.03406796848,-0.4843946573,
1974597491,0.03262908205,-0.4858450314,
1974797511,0.03144015494,-0.4845415933,
1974997530,0.03167124435,-0.485129148,
1975197550,0.03110001224,-0.4851432717,
1975397570,0.03050057045,-0.4845943067,
1975597590,0.03025374465,-0.4846086604,
1975797610,0.0297653659,-0.4850877735,
1975997629,0.02964069713,-0.4830055316,
1976197649,0.03057630809,-0.4842233428,
1976397669,0.02882000092,-0.4845443859,
1976597689,0.02743412189,-0.4861921511,
1976797708,0.02956480092,-0.4852939202,
1976997728,0.02707923924,-0.4857627677,
1977197748,0.02825913692,-0.4842473688,
1977397768,0.02697210428,-0.4841312496,
1977597787,0.02544560743,-0.4855910355,
1977797807,0.02581424929,-0.4852613244,
1977997827,0.02494813034,-0.4865257934,
1978197847,0.02438535582,-0.4873039724,
1978397866,0.02409268368,-0.4861892312,
1978597886,0.02347078693,-0.485425611,
1978797906,0.02505810229,-0.4845969549,
1978997926,0.02305186816,-0.484476365,
1979197945,0.0226418922,-0.4857806918,
1979397965,0.02258936461,-0.485227434,
1979597985,0.01973256901,-0.4855794045,
1979798005,0.02005464775,-0.4860460317,
1979998024,0.0202370754,-0.4862349144,
1980198044,0.01941796286,-0.4856722439,
1980398064,0.01813903471,-0.484762004,
1980598084,0.01795691929,-0.485429389,
1980798103,0.01688582069,-0.4845666513,
1980998123,0.0182685874,-0.4849591413,
1981198143,0.01557127905,-0.4842425988,
1981398163,0.0153525968,-0.4848140223,
1981598182,0.01619105862,-0.4839267495,
1981798202,0.01589029174,-0.4842528515,
1981998222,0.01514114756,-0.4843342455,
1982198242,0.01518524731,-0.4848781144,
1982398261,0.01347751144,-0.4855059527,
1982598281,0.01255736137,-0.4830949868,
1982798301,0.01182447859,-0.4832079325,
1982998321,0.01148597354,-0.4828170804,
1983198340,0.01187806007,-0.4834845682,
1983398360,0.009572728574,-0.4816557419,
1983598380,0.01190859415,-0.4817506171,
1983798400,0.008880580351,-0.483899283,
1983998419,0.008974494268,-0.4835539872,
1984198439,0.008335502896,-0.481815933,
1984398459,0.008153943798,-0.4821496738,
1984598479,0.007453967312,-0.4828935256,
1984798498,0.006489230188,-0.4828811258,
1984998518,0.006972458455,-0.4806097506,
1985198538,0.006760139896,-0.4797423424,
1985398558,0.00452288224,-0.4809550727,
1985598577,0.004104993616,-0.4796875086,
1985798597,0.004030143517,-0.4799567197,
1985998617,0.003797587573,-0.4809263307,
1986198637,0.00195457574,-0.4807415021,
1986398656,0.001470871576,-0.4801292864,
1986598676,0.001128019542,-0.4802317418,
1986798696,0.00259130196,-0.4812455798,
1986998716,0.0003141400387,-0.4799167609,
1987198735,1.346962978e-05,-0.478429519,
1987398755,0.0004311711961,-0.4798507246,
1987598775,-0.001297182627,-0.4784326414,
1987798795,-0.0007827078824,-0.4783205709,
1987998814,-0.0001989177154,-0.4790804081,
1988198834,-0.0006681180592,-0.4778507202,
1988398854,-0.0009341553256,-0.4782769064,
1988598874,-0.002243899151,-0.4781843063,
1988798893,-0.002686170965,-0.4778047824,
1988998913,-0.003584748288,-0.4758774453,
1989198933,-0.003450252394,-0.4756922535,
1989398953,-0.001863020995,-0.4765912183,
1989598972,-0.00485014921,-0.4766554508,
1989798992,-0.00360371699,-0.4762678287,
1989999012,-0.004667142206,-0.4754683827,
1990199032,-0.005943181442,-0.4764746942,
1990399051,-0.006074378515,-0.4758290994,
1990599071,-0.005085400816,-0.4764467004,
1990799091,-0.006460967367,-0.4764661671,
1990999111,-0.00539416188,-0.4764994897,
1991199130,-0.006233169163,-0.474676448,
1991399150,-0.006492973437,-0.4765297678,
1991599170,-0.008119727501,-0.4754848511,
1991799190,-0.008222880466,-0.4758522298,
1991999209,-0.009697308745,-0.4759172496,
1992199229,-0.01041943678,-0.4763638188,
1992399249,-0.01111904581,-0.4763020788,
1992599269,-0.01048596288,-0.4763041231,
1992799288,-0.01137840225,-0.4761570036,
1992999308,-0.01147574034,-0.4744048555,
1993199328,-0.01258750306,-0.4738518053,
1993399348,-0.01298179741,-0.4743191966,
1993599367,-0.01384322182,-0.4755283337,
1993799387,-0.01370436368,-0.4734655553,
1993999407,-0.01490446641,-0.4738919941,
1994199427,-0.01541254772,-0.4736439612,
1994399446,-0.01662988486,-0.4734500586,
1994599466,-0.01523124426,-0.4727986366,
1994799486,-0.01641373105,-0.4727198786,
1994999506,-0.01853178742,-0.4726266993,
1995199525,-0.01767377775,-0.4727811313,
1995399545,-0.01771301314,-0.4720998199,
1995599565,-0.0182069708,-0.4719605545,
1995799585,-0.01786243636,-0.4712910067,
1995999604,-0.01978010793,-0.4692469228,
1996199624,-0.01897282424,-0.469965664,
1996399644,-0.0187863274,-0.4684876545,
1996599664,-0.01841592561,-0.469194168,
1996799683,-0.02023000858,-0.4688905272,
1996999703,-0.02110816075,-0.4691700853,
1997199723,-0.02281600937,-0.4677293795,
1997399743,-0.02026825858,-0.4682913464,
1997599762,-0.02146727746,-0.4676987378,
1997799782,-0.02181731198,-0.4679350624,
1997999802,-0.02160147392,-0.467805881,
1998199822,-0.02241133197,-0.4667504129,
1998399841,-0.0222558823,-0.4671931837,
1998599861,-0.02183035404,-0.4673492586,
1998799881,-0.02305031593,-0.4649689422,
1998999901,-0.02301312623,-0.4684570652,
1999199920,-0.02345465074,-0.4659823315,
1999399940,-0.02337974942,-0.467279351,
1999599960,-0.02435406555,-0.4658808167,
1999799980,-0.02445799796,-0.4661009095,
2000000000,-0.02431318876,-0.4654863968,
